created_at,Temperature,Humidity,PM2.5,PM10,CO,CO2
2025-06-21 07:00:15+07:00,24.8,84.3,52.7,72.5,0.5986,403.34171
2025-06-21 07:01:04+07:00,24.8,84.1,50.4,66.7,0.56109,403.40472
2025-06-21 07:01:53+07:00,24.8,84.0,51.7,74.0,0.54466,403.36261
2025-06-21 07:02:43+07:00,24.9,83.6,49.7,65.9,0.55447,403.3002
2025-06-21 07:03:32+07:00,24.9,83.3,51.6,72.7,0.57113,403.29333
2025-06-21 07:04:22+07:00,24.9,83.3,48.3,67.9,0.56609,403.29333
2025-06-21 07:05:11+07:00,24.9,83.0,48.7,65.8,0.55612,403.29333
2025-06-21 07:06:03+07:00,24.9,83.0,50.2,67.4,0.55119,403.32782
2025-06-21 07:06:53+07:00,24.9,82.9,52.0,69.8,0.53338,403.2117
2025-06-21 07:07:42+07:00,24.9,82.6,50.2,70.5,0.56109,403.24551
2025-06-21 07:08:32+07:00,25.0,82.5,49.5,67.8,0.53658,403.19156
2025-06-21 07:09:21+07:00,25.0,82.4,54.5,74.4,0.58302,403.24551
2025-06-21 07:10:10+07:00,25.1,82.0,56.7,78.2,0.55119,403.22519
2025-06-21 07:11:00+07:00,25.1,81.6,55.2,71.7,0.55612,403.32089
2025-06-21 07:11:49+07:00,25.1,81.6,55.7,75.3,0.52228,403.28647
2025-06-21 07:12:39+07:00,25.1,81.5,55.0,72.6,0.53658,403.3696
2025-06-21 07:13:28+07:00,25.1,81.8,54.4,71.4,0.55777,403.34866
2025-06-21 07:14:20+07:00,25.0,82.2,52.5,68.2,0.55119,403.36261
2025-06-21 07:15:10+07:00,25.0,82.4,54.4,71.4,0.56109,403.36261
2025-06-21 07:15:59+07:00,25.1,82.0,54.6,73.7,0.58131,403.41177
2025-06-21 07:16:49+07:00,25.1,81.5,53.5,68.4,0.58131,403.39062
2025-06-21 07:17:39+07:00,25.2,81.3,53.3,72.9,0.54792,403.25232
2025-06-21 07:18:28+07:00,25.2,81.4,52.9,70.4,0.55943,403.15155
2025-06-21 07:19:18+07:00,25.1,81.9,53.6,67.6,0.51915,403.36261
2025-06-21 07:20:07+07:00,25.1,82.0,57.9,77.3,0.55447,403.24551
2025-06-21 07:20:57+07:00,25.2,82.0,58.2,75.8,0.57961,403.41177
2025-06-21 07:21:46+07:00,25.2,82.0,59.4,78.6,0.56609,403.42593
2025-06-21 07:22:35+07:00,25.2,81.9,58.3,78.9,0.56276,403.2117
2025-06-21 07:23:25+07:00,25.2,81.9,58.4,76.5,0.53658,403.39062
2025-06-21 07:24:14+07:00,25.2,81.6,60.3,76.9,0.56609,403.38361
2025-06-21 07:25:04+07:00,25.2,81.5,60.4,78.0,0.56945,403.43304
2025-06-21 07:25:53+07:00,25.2,81.2,61.5,78.3,0.55119,403.39767
2025-06-21 07:26:43+07:00,25.3,81.0,66.7,84.9,0.57113,403.42593
2025-06-21 07:27:32+07:00,25.4,81.2,67.5,93.4,0.54142,403.40472
2025-06-21 07:28:22+07:00,25.4,81.4,69.7,94.1,0.56777,403.42593
2025-06-21 07:29:11+07:00,25.3,81.6,67.6,87.2,0.57621,403.49744
2025-06-21 07:30:00+07:00,25.2,81.8,72.3,96.0,0.54955,403.46152
2025-06-21 07:30:53+07:00,25.2,82.0,71.7,90.8,0.58991,403.58478
2025-06-21 07:31:43+07:00,25.2,82.2,69.2,91.3,0.57961,403.54089
2025-06-21 07:33:24+07:00,25.2,82.4,75.0,101.6,0.58131,403.65146
2025-06-21 07:34:14+07:00,25.1,82.3,76.5,103.6,0.50215,403.54819
2025-06-21 07:35:03+07:00,25.2,82.2,79.0,106.3,0.57282,403.57745
2025-06-21 07:35:53+07:00,25.3,82.0,81.8,109.9,0.58131,403.62912
2025-06-21 07:36:43+07:00,25.2,82.2,76.0,99.8,0.58474,403.61429
2025-06-21 07:37:32+07:00,25.2,82.2,79.1,109.6,0.57791,403.63657
2025-06-21 07:38:21+07:00,25.4,81.9,80.5,114.0,0.58818,403.50464
2025-06-21 07:39:11+07:00,25.5,81.8,81.1,107.7,0.6021,403.59952
2025-06-21 07:40:00+07:00,25.5,81.7,84.5,116.9,0.58991,403.51187
2025-06-21 07:40:50+07:00,25.4,81.8,87.5,114.9,0.60562,403.62912
2025-06-21 07:41:39+07:00,25.5,81.8,87.9,119.6,0.61093,403.65894
2025-06-21 07:42:29+07:00,25.5,81.9,90.3,122.6,0.62707,403.58478
2025-06-21 07:43:18+07:00,25.4,82.2,89.5,119.0,0.63071,403.6889
2025-06-21 07:44:07+07:00,25.4,82.1,87.6,114.0,0.6021,403.83411
2025-06-21 07:44:59+07:00,25.4,82.2,85.4,114.3,0.61449,403.70398
2025-06-21 07:45:49+07:00,25.5,81.6,93.8,121.6,0.65472,403.69644
2025-06-21 07:46:41+07:00,25.4,82.1,88.6,118.2,0.63802,403.83411
2025-06-21 07:47:30+07:00,25.4,82.4,86.6,111.6,0.57791,404.00793
2025-06-21 07:48:20+07:00,25.4,82.4,90.0,120.5,0.58818,403.76477
2025-06-21 07:49:09+07:00,25.4,82.3,88.2,117.7,0.62526,403.72668
2025-06-21 07:49:59+07:00,25.3,82.5,90.5,115.9,0.61449,403.73428
2025-06-21 07:50:48+07:00,25.2,82.8,90.1,114.4,0.61986,403.69644
2025-06-21 07:51:37+07:00,25.2,82.9,86.6,114.7,0.59337,403.74951
2025-06-21 07:52:28+07:00,25.1,83.1,86.5,112.3,0.6021,403.65894
2025-06-21 07:53:17+07:00,25.0,83.4,87.5,117.9,0.61093,403.78009
2025-06-21 07:54:06+07:00,25.1,82.9,84.6,106.2,0.59685,403.78009
2025-06-21 07:55:01+07:00,25.2,82.8,87.1,113.1,0.60915,403.70398
2025-06-21 07:57:44+07:00,25.3,82.7,87.4,113.9,0.6021,403.6814
2025-06-21 07:58:34+07:00,25.3,82.7,87.5,115.3,0.54955,403.57745
2025-06-21 07:59:23+07:00,25.4,82.5,92.9,120.5,0.60386,403.6814
2025-06-21 08:00:12+07:00,25.4,82.5,90.6,119.2,0.65098,403.81088
2025-06-21 08:01:02+07:00,25.5,82.0,94.0,117.9,0.59685,403.67389
2025-06-21 08:01:51+07:00,25.5,82.3,94.0,120.0,0.64911,403.92816
2025-06-21 08:02:41+07:00,25.5,82.3,90.2,124.4,0.6021,403.6889
2025-06-21 08:03:30+07:00,25.6,82.1,95.4,124.4,0.66036,403.76477
2025-06-21 08:04:20+07:00,25.5,82.0,94.4,122.3,0.59337,403.73428
2025-06-21 08:05:09+07:00,25.6,81.8,95.2,124.0,0.55283,403.74951
2025-06-21 08:05:59+07:00,25.7,81.7,99.9,129.60001,0.60562,403.74951
2025-06-21 08:06:48+07:00,25.6,82.0,97.6,129.89999,0.61806,403.85745
2025-06-21 08:07:37+07:00,25.6,82.0,96.7,129.0,0.58818,403.74188
2025-06-21 08:08:28+07:00,25.5,82.1,97.5,126.9,0.6021,403.83411
2025-06-21 08:09:18+07:00,25.5,82.3,95.4,123.3,0.59685,403.84967
2025-06-21 08:10:07+07:00,25.4,82.4,97.9,121.2,0.59164,403.80316
2025-06-21 08:10:58+07:00,25.4,82.4,98.7,125.5,0.59685,403.87308
2025-06-21 08:11:47+07:00,25.4,82.7,93.8,123.5,0.60562,403.81088
2025-06-21 08:12:37+07:00,25.4,82.8,93.9,122.6,0.60386,403.74951
2025-06-21 08:13:29+07:00,25.5,82.9,95.1,121.3,0.65098,403.88092
2025-06-21 08:14:18+07:00,25.4,82.9,93.8,122.5,0.60915,403.55548
2025-06-21 08:15:08+07:00,25.5,82.7,91.8,119.7,0.61806,403.80316
2025-06-21 08:15:58+07:00,25.6,82.5,90.4,117.4,0.60562,403.66641
2025-06-21 08:16:47+07:00,25.5,82.6,88.5,115.8,0.62889,403.84967
2025-06-21 08:17:38+07:00,25.6,82.5,91.5,118.1,0.6021,403.70398
2025-06-21 08:19:19+07:00,25.6,82.2,85.0,111.7,0.62526,403.8186
2025-06-21 08:20:09+07:00,25.7,82.0,86.9,114.0,0.61986,403.79547
2025-06-21 08:21:00+07:00,25.7,82.1,87.5,114.0,0.58991,403.8186
2025-06-21 08:21:49+07:00,25.7,82.0,88.5,116.6,0.63619,403.84189
2025-06-21 08:22:39+07:00,25.7,82.2,86.7,118.4,0.60915,403.65146
2025-06-21 08:23:28+07:00,25.6,82.3,85.7,118.7,0.60386,403.64401
2025-06-21 08:24:18+07:00,25.6,82.4,84.9,116.5,0.61093,403.52637
2025-06-21 08:25:08+07:00,25.5,82.3,86.3,113.8,0.62166,403.78778
2025-06-21 08:25:57+07:00,25.6,82.3,88.9,116.8,0.55283,403.69644
2025-06-21 08:26:47+07:00,25.7,82.2,89.0,117.1,0.59511,403.74951
2025-06-21 08:27:36+07:00,25.7,82.3,82.3,109.0,0.60562,403.80316
2025-06-21 08:28:26+07:00,25.8,81.9,85.4,111.3,0.60386,403.70398
2025-06-21 08:29:16+07:00,25.9,81.7,85.3,109.2,0.60738,403.66641
2025-06-21 08:30:10+07:00,26.0,81.4,85.5,107.2,0.61627,403.74951
2025-06-21 08:31:01+07:00,26.0,81.3,88.7,115.4,0.58646,403.72668
2025-06-21 08:31:51+07:00,26.0,81.4,87.2,117.7,0.58646,403.69644
2025-06-21 08:32:41+07:00,26.0,81.3,87.0,122.2,0.6021,403.63657
2025-06-21 08:33:37+07:00,26.1,81.2,88.9,118.5,0.5986,403.70398
2025-06-21 08:34:27+07:00,26.0,81.4,87.0,114.6,0.60035,403.77243
2025-06-21 08:35:18+07:00,26.1,81.4,85.6,110.3,0.61806,403.83411
2025-06-21 08:36:08+07:00,26.2,81.0,90.8,116.1,0.61627,403.8186
2025-06-21 08:36:57+07:00,26.1,80.9,90.6,115.8,0.65659,403.62912
2025-06-21 08:37:54+07:00,26.2,81.0,97.1,126.7,0.63071,403.83411
2025-06-21 08:38:43+07:00,26.2,80.6,109.1,138.89999,0.63435,403.74188
2025-06-21 08:39:34+07:00,26.2,80.9,111.1,139.2,0.61627,403.73428
2025-06-21 08:40:24+07:00,26.3,80.8,116.8,152.8,0.63435,403.70398
2025-06-21 08:44:47+07:00,26.2,80.6,110.4,152.10001,0.61627,403.78778
2025-06-21 08:45:37+07:00,26.3,80.7,102.1,135.7,0.62166,403.76477
2025-06-21 08:46:27+07:00,26.3,80.6,103.5,129.39999,0.6417,403.84967
2025-06-21 08:48:10+07:00,26.4,80.4,97.5,125.5,0.63253,403.77243
2025-06-21 08:49:00+07:00,26.6,79.7,100.5,128.3,0.59164,403.71912
2025-06-21 08:49:50+07:00,26.6,79.6,101.2,128.2,0.58474,403.83411
2025-06-21 08:50:40+07:00,26.6,79.8,99.5,127.5,0.62526,403.71155
2025-06-21 08:51:29+07:00,26.6,79.9,106.8,139.60001,0.61627,403.77243
2025-06-21 08:52:19+07:00,26.5,80.0,103.5,138.0,0.63986,403.74188
2025-06-21 08:53:09+07:00,26.5,79.8,100.4,136.60001,0.62707,403.75714
2025-06-21 08:53:59+07:00,26.6,79.9,97.6,130.89999,0.62346,403.74188
2025-06-21 08:54:49+07:00,26.5,79.7,95.1,128.0,0.61986,403.69644
2025-06-21 08:55:38+07:00,26.6,79.6,93.5,125.6,0.62707,403.77243
2025-06-21 08:56:28+07:00,26.6,79.3,96.0,133.10001,0.60035,403.77243
2025-06-21 08:57:21+07:00,26.6,79.2,92.4,122.3,0.62166,403.66641
2025-06-21 08:58:11+07:00,26.7,78.9,96.5,129.0,0.58991,403.70398
2025-06-21 08:59:01+07:00,26.7,78.8,94.9,125.1,0.57113,403.67389
2025-06-21 08:59:50+07:00,26.8,79.0,94.5,129.2,0.60915,403.63657
2025-06-21 09:00:40+07:00,26.9,78.8,91.4,121.8,0.63435,403.57745
2025-06-21 09:01:32+07:00,26.8,78.9,93.2,122.1,0.58991,403.6217
2025-06-21 09:02:25+07:00,26.9,78.5,89.9,118.0,0.62526,403.5701
2025-06-21 09:03:17+07:00,26.9,78.4,91.1,117.9,0.57791,403.53363
2025-06-21 09:04:07+07:00,26.8,78.5,91.8,115.7,0.59164,403.5701
2025-06-21 09:04:58+07:00,26.8,78.2,86.3,112.7,0.60035,403.56277
2025-06-21 09:05:48+07:00,26.8,77.8,86.2,115.1,0.61093,403.46869
2025-06-21 09:06:39+07:00,26.8,78.1,80.7,106.7,0.59337,403.65146
2025-06-21 09:07:30+07:00,27.0,77.4,90.8,118.2,0.60915,403.54819
2025-06-21 09:08:19+07:00,27.1,77.5,87.4,119.7,0.60738,403.50464
2025-06-21 09:09:09+07:00,27.1,77.6,89.2,117.8,0.58646,403.63657
2025-06-21 09:09:59+07:00,27.1,77.4,89.8,117.0,0.58818,403.59213
2025-06-21 09:10:48+07:00,27.0,77.3,84.0,107.9,0.58302,403.51187
2025-06-21 09:11:38+07:00,27.1,77.4,81.2,104.1,0.60035,403.46152
2025-06-21 09:12:27+07:00,27.1,77.0,79.0,102.7,0.57621,403.52637
2025-06-21 09:14:10+07:00,27.2,76.5,84.4,109.6,0.56276,403.41885
2025-06-21 09:15:02+07:00,27.2,76.3,81.7,109.0,0.58991,403.49023
2025-06-21 09:15:52+07:00,27.2,75.2,83.4,108.5,0.58474,403.49744
2025-06-21 09:16:41+07:00,27.3,75.9,77.7,99.3,0.58646,403.3696
2025-06-21 09:18:25+07:00,27.4,74.9,86.8,119.8,0.55119,403.48303
2025-06-21 09:19:19+07:00,27.4,75.8,84.6,110.7,0.57791,403.49744
2025-06-21 09:20:13+07:00,27.3,76.2,87.1,112.9,0.54142,403.39062
2025-06-21 09:21:02+07:00,27.3,76.4,92.4,118.7,0.58302,403.29333
2025-06-21 09:21:53+07:00,27.3,76.6,86.8,114.1,0.57791,403.43304
2025-06-21 09:22:43+07:00,27.4,76.2,93.3,122.7,0.57621,403.50464
2025-06-21 09:23:33+07:00,27.3,76.4,91.4,115.4,0.58302,403.39767
2025-06-21 09:24:23+07:00,27.3,76.4,93.8,123.4,0.56109,403.32782
2025-06-21 09:25:14+07:00,27.4,76.4,88.2,115.8,0.58131,403.35562
2025-06-21 09:26:04+07:00,27.5,76.0,93.0,123.8,0.58131,403.46869
2025-06-21 09:26:55+07:00,27.6,75.8,87.6,115.0,0.54629,403.35562
2025-06-21 09:27:44+07:00,27.6,75.2,88.0,117.3,0.53819,403.35562
2025-06-21 09:28:33+07:00,27.5,75.5,90.2,124.2,0.52544,403.71155
2025-06-21 09:29:31+07:00,27.5,75.5,83.2,113.0,0.54792,403.44727
2025-06-21 09:30:20+07:00,27.7,74.7,87.5,116.4,0.57621,403.5701
2025-06-21 09:31:16+07:00,27.8,74.8,82.2,113.0,0.56109,403.49744
2025-06-21 09:32:05+07:00,27.7,74.9,92.4,121.1,0.58131,403.51187
2025-06-21 09:32:55+07:00,27.7,75.3,87.7,115.5,0.53019,403.41885
2025-06-21 09:33:44+07:00,27.7,75.3,84.9,117.9,0.55777,403.46152
2025-06-21 09:34:34+07:00,27.7,75.0,72.5,95.3,0.54142,403.34866
2025-06-21 09:35:23+07:00,27.8,74.4,76.0,100.6,0.53498,403.44727
2025-06-21 09:36:13+07:00,27.8,74.1,79.0,105.5,0.53178,403.27277
2025-06-21 09:37:03+07:00,27.9,74.0,82.0,110.9,0.53338,403.36261
2025-06-21 09:37:54+07:00,27.8,74.1,78.0,103.2,0.50982,403.41885
2025-06-21 09:38:44+07:00,27.8,74.1,84.8,111.6,0.54955,403.44727
2025-06-21 09:39:33+07:00,27.8,74.5,78.2,100.2,0.52228,403.3696
2025-06-21 09:40:23+07:00,27.9,74.3,74.3,99.3,0.56442,403.39062
2025-06-21 09:42:06+07:00,27.8,74.2,64.7,84.4,0.52228,403.3071
2025-06-21 09:42:59+07:00,28.0,73.4,63.9,83.6,0.56945,403.34171
2025-06-21 09:43:50+07:00,28.1,73.6,61.6,85.1,0.55283,403.17819
2025-06-21 09:44:39+07:00,28.1,72.9,59.3,83.6,0.55943,403.23196
2025-06-21 09:45:29+07:00,28.1,72.9,54.1,71.1,0.50062,403.47586
2025-06-21 09:47:14+07:00,28.0,72.4,56.4,76.2,0.55777,403.26593
2025-06-21 09:48:09+07:00,28.0,72.1,55.4,73.2,0.50215,403.21844
2025-06-21 09:49:04+07:00,28.0,72.3,54.7,72.8,0.52228,403.11197
2025-06-21 09:49:55+07:00,28.0,72.3,51.0,66.9,0.53658,403.26593
2025-06-21 09:50:55+07:00,27.9,71.9,49.3,62.1,0.59337,403.2117
2025-06-21 09:51:45+07:00,27.9,71.8,48.9,63.7,0.52386,403.07278
2025-06-21 09:52:35+07:00,27.9,72.0,48.2,62.7,0.50674,403.19156
2025-06-21 09:53:24+07:00,28.0,71.9,56.1,74.2,0.4991,403.07928
2025-06-21 09:54:14+07:00,28.0,72.1,56.0,76.2,0.47967,403.23196
2025-06-21 09:55:04+07:00,28.0,72.0,51.2,67.5,0.5286,403.15155
2025-06-21 09:55:53+07:00,28.0,72.0,49.7,62.7,0.51758,403.00192
2025-06-21 09:56:43+07:00,28.0,71.7,44.8,57.5,0.52544,403.05978
2025-06-21 09:57:32+07:00,27.9,71.5,42.8,56.1,0.52071,403.17819
2025-06-21 09:58:22+07:00,28.0,71.9,42.7,54.2,0.50674,403.11853
2025-06-21 09:59:13+07:00,28.0,71.8,42.5,52.6,0.50982,403.01471
2025-06-21 10:00:02+07:00,27.9,71.4,40.5,50.2,0.53178,403.09232
2025-06-21 10:00:53+07:00,27.9,71.2,39.5,46.0,0.50215,403.01471
2025-06-21 10:01:43+07:00,28.0,71.4,39.3,49.2,0.49156,403.13834
2025-06-21 10:02:37+07:00,28.0,71.1,38.8,50.1,0.47235,403.13171
2025-06-21 10:03:26+07:00,28.0,71.0,41.9,51.2,0.468,403.03397
2025-06-21 10:04:19+07:00,28.0,71.2,41.5,52.3,0.49006,403.03397
2025-06-21 10:05:09+07:00,28.1,71.0,52.5,65.7,0.49156,403.07928
2025-06-21 10:05:58+07:00,28.0,70.9,51.8,65.7,0.50368,403.05978
2025-06-21 10:06:48+07:00,28.0,71.1,47.3,59.2,0.49608,403.04041
2025-06-21 10:07:38+07:00,28.1,70.9,43.3,55.7,0.51447,403.16486
2025-06-21 10:08:28+07:00,28.2,70.8,47.4,59.9,0.48707,402.95752
2025-06-21 10:09:24+07:00,28.2,71.1,47.2,58.7,0.43704,403.09885
2025-06-21 10:10:17+07:00,28.1,71.4,49.5,60.4,0.50982,403.17151
2025-06-21 10:11:06+07:00,28.0,71.7,48.8,64.6,0.47967,403.05331
2025-06-21 10:12:00+07:00,28.0,71.7,47.3,64.2,0.50521,403.00833
2025-06-21 10:12:49+07:00,28.1,71.5,54.3,67.3,0.4841,403.00833
2025-06-21 10:13:39+07:00,28.1,71.9,54.3,66.8,0.44951,403.04684
2025-06-21 10:14:30+07:00,28.0,71.7,50.1,64.7,0.46368,403.06628
2025-06-21 10:15:22+07:00,27.9,71.7,49.8,60.8,0.47527,402.91989
2025-06-21 10:16:13+07:00,28.0,72.1,49.6,63.4,0.47381,403.23196
2025-06-21 10:17:03+07:00,28.0,72.0,48.2,62.3,0.50982,403.04041
2025-06-21 10:17:52+07:00,28.0,72.4,49.9,65.5,0.48262,403.00833
2025-06-21 10:18:44+07:00,28.2,72.4,50.0,65.5,0.50062,403.19156
2025-06-21 10:19:33+07:00,28.2,72.2,50.6,63.9,0.47235,403.17151
2025-06-21 10:20:23+07:00,28.2,71.5,48.5,66.4,0.47527,403.13834
2025-06-21 10:21:13+07:00,28.2,71.8,51.2,65.4,0.48856,403.15155
2025-06-21 10:22:04+07:00,28.2,72.0,49.2,64.9,0.50982,403.19156
2025-06-21 10:23:48+07:00,28.3,72.1,49.8,66.4,0.46512,403.06628
2025-06-21 10:24:41+07:00,28.3,71.7,49.6,66.5,0.47673,403.2117
2025-06-21 10:25:30+07:00,28.3,71.0,51.7,66.1,0.4782,403.23874
2025-06-21 10:26:20+07:00,28.2,71.8,52.0,67.4,0.4991,403.15155
2025-06-21 10:27:09+07:00,28.2,72.0,54.7,69.4,0.47527,403.07928
2025-06-21 10:27:58+07:00,28.2,71.8,51.8,66.5,0.44671,403.23196
2025-06-21 10:28:48+07:00,28.3,72.0,49.4,63.4,0.50215,403.16486
2025-06-21 10:29:42+07:00,28.3,71.7,48.8,62.4,0.49608,403.15155
2025-06-21 10:30:31+07:00,28.3,71.5,47.7,60.3,0.4991,403.17151
2025-06-21 10:31:24+07:00,28.4,72.0,47.0,57.8,0.49006,403.24551
2025-06-21 10:32:19+07:00,28.4,71.4,45.7,57.6,0.51447,403.07278
2025-06-21 10:33:12+07:00,28.5,71.0,46.9,61.4,0.48856,403.34866
2025-06-21 10:34:05+07:00,28.5,71.1,49.7,61.9,0.53178,402.91367
2025-06-21 10:34:55+07:00,28.6,70.7,44.2,54.4,0.47673,403.36261
2025-06-21 10:35:44+07:00,28.6,69.8,36.1,43.6,0.51136,403.3002
2025-06-21 10:36:34+07:00,28.5,68.8,30.0,36.3,0.50828,403.19156
2025-06-21 10:37:24+07:00,28.5,68.4,31.7,37.8,0.45939,403.13834
2025-06-21 10:38:13+07:00,28.5,68.6,36.4,45.6,0.47527,403.19827
2025-06-21 10:39:04+07:00,28.5,69.3,33.1,39.0,0.50521,403.07278
2025-06-21 10:39:54+07:00,28.6,69.2,37.2,45.9,0.48856,403.17151
2025-06-21 10:40:46+07:00,28.7,69.0,39.2,47.8,0.47967,403.16486
2025-06-21 10:41:36+07:00,28.7,68.9,40.4,48.9,0.51136,403.27277
2025-06-21 10:42:29+07:00,28.7,69.0,36.0,42.0,0.48707,403.18488
2025-06-21 10:43:18+07:00,28.7,68.1,36.5,44.7,0.48856,403.09885
2025-06-21 10:44:08+07:00,28.8,68.1,30.7,35.6,0.47527,403.03397
2025-06-21 10:44:57+07:00,28.9,68.0,28.1,33.4,0.47527,403.19156
2025-06-21 10:45:51+07:00,28.8,67.7,27.8,31.1,0.49306,403.02112
2025-06-21 10:46:41+07:00,28.6,67.1,25.1,28.2,0.47673,403.12512
2025-06-21 10:47:30+07:00,28.6,67.2,35.3,41.3,0.4782,402.9892
2025-06-21 10:48:24+07:00,28.6,68.9,36.2,43.3,0.48558,403.03397
2025-06-21 10:49:17+07:00,28.6,69.1,36.5,45.7,0.48856,403.03397
2025-06-21 10:50:11+07:00,28.5,69.5,35.6,42.8,0.468,403.07278
2025-06-21 10:51:00+07:00,28.6,69.6,37.3,44.7,0.4841,402.98285
2025-06-21 10:51:52+07:00,28.7,69.6,38.5,45.1,0.4841,402.90744
2025-06-21 10:52:47+07:00,28.7,69.5,37.5,45.3,0.48114,403.04041
2025-06-21 10:53:37+07:00,28.6,69.8,35.7,41.9,0.47967,403.04041
2025-06-21 10:54:27+07:00,28.6,69.9,33.5,38.7,0.45655,403.05978
2025-06-21 10:55:16+07:00,28.7,69.4,31.8,36.5,0.48707,402.98285
2025-06-21 10:56:07+07:00,28.6,68.9,32.9,37.6,0.4841,403.07278
2025-06-21 10:56:58+07:00,28.6,69.6,35.2,40.2,0.46368,402.96384
2025-06-21 10:57:48+07:00,28.7,69.4,32.8,39.3,0.47381,403.09885
2025-06-21 10:58:39+07:00,28.7,69.3,33.5,39.2,0.47673,403.04684
2025-06-21 10:59:34+07:00,28.7,69.6,33.9,39.7,0.44393,403.17151
2025-06-21 11:00:25+07:00,28.7,69.7,35.1,41.0,0.48558,403.11197
2025-06-21 11:01:20+07:00,28.8,70.0,35.1,43.3,0.47967,402.89502
2025-06-21 11:02:10+07:00,28.8,69.6,37.4,47.3,0.48114,403.17819
2025-06-21 11:02:59+07:00,28.7,69.4,38.0,46.5,0.48856,402.97015
2025-06-21 11:03:49+07:00,28.7,69.6,32.7,38.0,0.46225,402.98285
2025-06-21 11:04:43+07:00,28.7,69.7,34.0,41.4,0.46944,403.03397
2025-06-21 11:05:32+07:00,28.7,69.7,35.8,41.2,0.47673,403.14493
2025-06-21 11:06:22+07:00,28.7,69.8,34.2,40.7,0.45939,402.97015
2025-06-21 11:07:16+07:00,28.8,70.0,36.8,48.8,0.4841,403.02112
2025-06-21 11:08:06+07:00,28.9,69.5,35.2,43.9,0.42483,403.11853
2025-06-21 11:08:56+07:00,29.0,69.0,31.4,38.0,0.49306,402.98285
2025-06-21 11:09:48+07:00,29.1,69.1,30.2,35.9,0.47967,403.11853
2025-06-21 11:10:41+07:00,29.0,69.3,27.4,31.1,0.47967,403.13171
2025-06-21 11:11:31+07:00,29.0,68.8,27.1,31.1,0.49608,403.11197
2025-06-21 11:12:21+07:00,28.9,68.3,30.8,35.2,0.52386,403.3696
2025-06-21 11:13:10+07:00,28.9,68.6,27.3,32.4,0.56609,403.29333
2025-06-21 11:14:03+07:00,28.9,68.6,28.2,31.6,0.52071,403.37659
2025-06-21 11:14:53+07:00,28.9,68.8,27.9,31.9,0.52544,403.33475
2025-06-21 11:15:45+07:00,29.0,68.8,27.5,31.8,0.53019,403.26593
2025-06-21 11:16:35+07:00,29.0,68.5,27.7,34.5,0.55283,403.37659
2025-06-21 11:17:25+07:00,29.0,68.7,27.6,31.0,0.51602,403.3002
2025-06-21 11:19:08+07:00,29.2,68.4,30.8,36.6,0.53819,403.314
2025-06-21 11:19:58+07:00,29.2,68.2,28.7,32.2,0.49306,403.19156
2025-06-21 11:20:47+07:00,29.3,67.9,27.0,31.0,0.49457,403.3002
2025-06-21 11:21:37+07:00,29.2,67.5,28.4,35.3,0.48114,403.14493
2025-06-21 11:22:26+07:00,29.2,67.7,31.4,37.0,0.52544,403.20499
2025-06-21 11:23:20+07:00,29.3,67.7,27.1,30.4,0.50521,403.35562
2025-06-21 11:24:10+07:00,29.3,67.8,28.5,34.4,0.4841,403.28647
2025-06-21 11:25:00+07:00,29.3,68.3,32.5,38.7,0.51758,403.10541
2025-06-21 11:25:50+07:00,29.3,68.1,31.3,36.9,0.49006,403.1582
2025-06-21 11:26:40+07:00,29.4,67.9,28.3,33.1,0.51291,403.19156
2025-06-21 11:27:30+07:00,29.4,67.6,26.6,33.4,0.52071,403.34866
2025-06-21 11:28:19+07:00,29.4,67.1,29.4,36.1,0.4782,403.17151
2025-06-21 11:29:09+07:00,29.3,66.7,30.2,39.2,0.468,403.28647
2025-06-21 11:30:01+07:00,29.3,67.0,28.7,34.8,0.47967,403.22519
2025-06-21 11:30:55+07:00,29.2,67.4,29.5,35.1,0.50982,403.3002
2025-06-21 11:31:45+07:00,29.3,67.4,29.6,34.5,0.45513,403.14493
2025-06-21 11:32:42+07:00,29.3,68.0,28.2,36.8,0.49759,402.9765
2025-06-21 11:33:32+07:00,29.3,67.7,27.6,31.1,0.44811,402.97015
2025-06-21 11:34:21+07:00,29.3,67.7,28.0,36.0,0.49156,403.06628
2025-06-21 11:35:10+07:00,29.4,67.5,27.8,33.7,0.44116,403.10541
2025-06-21 11:36:00+07:00,29.4,67.4,27.7,33.3,0.45797,402.9892
2025-06-21 11:36:52+07:00,29.2,67.4,26.6,31.4,0.47967,403.05331
2025-06-21 11:37:42+07:00,29.1,67.0,24.0,27.8,0.47673,403.04684
2025-06-21 11:38:32+07:00,29.1,67.0,22.8,27.1,0.44116,402.99554
2025-06-21 11:39:26+07:00,29.0,66.3,22.5,25.7,0.45939,403.02753
2025-06-21 11:40:18+07:00,29.1,65.7,22.9,27.1,0.50215,402.9892
2025-06-21 11:41:07+07:00,29.1,66.0,22.6,25.4,0.47527,402.9765
2025-06-21 11:41:57+07:00,29.1,66.5,22.2,25.2,0.48707,403.04041
2025-06-21 11:42:47+07:00,29.1,66.6,24.0,30.2,0.46512,403.02112
2025-06-21 11:43:37+07:00,29.1,66.2,23.3,26.2,0.45231,403.11197
2025-06-21 11:44:31+07:00,29.1,67.2,25.5,28.6,0.47673,402.98285
2025-06-21 11:45:21+07:00,29.1,66.8,26.3,30.9,0.45655,402.88882
2025-06-21 11:46:11+07:00,29.0,67.1,23.4,26.2,0.468,403.00833
2025-06-21 11:47:01+07:00,29.0,67.4,25.6,29.5,0.4343,403.00192
2025-06-21 11:47:52+07:00,29.0,67.5,27.5,30.9,0.46082,402.98285
2025-06-21 11:48:46+07:00,29.0,67.7,23.4,29.2,0.47235,403.13834
2025-06-21 11:49:42+07:00,29.0,66.3,24.6,28.0,0.47089,402.95123
2025-06-21 11:50:32+07:00,28.9,65.7,22.2,27.2,0.45655,402.9892
2025-06-21 11:51:22+07:00,28.9,67.0,22.3,27.1,0.47089,402.90121
2025-06-21 11:52:15+07:00,28.9,67.1,23.0,26.4,0.46368,402.94495
2025-06-21 11:53:05+07:00,29.0,66.7,22.2,25.7,0.43704,403.02112
2025-06-21 11:53:55+07:00,28.9,66.4,19.8,24.7,0.45372,402.97015
2025-06-21 11:54:47+07:00,28.9,67.3,22.1,25.6,0.44811,403.00833
2025-06-21 11:55:37+07:00,28.9,66.7,20.5,23.0,0.44951,402.9892
2025-06-21 11:56:27+07:00,28.9,66.3,18.9,21.6,0.44811,403.00192
2025-06-21 11:57:16+07:00,28.9,66.0,23.3,27.0,0.45372,402.9765
2025-06-21 11:58:06+07:00,29.0,67.0,24.4,30.2,0.46512,402.90121
2025-06-21 11:58:56+07:00,28.9,66.7,24.7,28.7,0.45797,402.8703
2025-06-21 11:59:46+07:00,28.9,67.5,26.2,30.2,0.47673,403.02753
2025-06-21 12:00:36+07:00,28.9,68.4,28.5,33.0,0.46368,403.16486
2025-06-21 12:01:26+07:00,28.9,68.6,27.8,33.2,0.4235,403.06628
2025-06-21 12:02:16+07:00,29.0,68.1,26.0,30.7,0.45513,403.06628
2025-06-21 12:03:05+07:00,28.9,68.0,26.9,31.6,0.47381,403.09232
2025-06-21 12:03:56+07:00,28.9,68.0,30.9,35.9,0.44811,403.11197
2025-06-21 12:04:46+07:00,29.0,67.5,45.6,56.2,0.43294,403.05331
2025-06-21 12:05:36+07:00,29.1,67.1,30.3,36.1,0.46082,403.13834
2025-06-21 12:06:25+07:00,29.1,67.4,24.6,28.2,0.47235,403.15155
2025-06-21 12:07:15+07:00,29.2,68.2,26.2,33.9,0.46225,403.05978
2025-06-21 12:08:04+07:00,29.2,68.5,26.6,32.0,0.46368,402.95123
2025-06-21 12:08:54+07:00,29.3,68.9,25.1,29.7,0.4235,403.09232
2025-06-21 12:09:43+07:00,29.3,68.4,25.0,28.1,0.46082,403.09232
2025-06-21 12:10:33+07:00,29.3,67.2,26.4,30.0,0.46368,402.95123
2025-06-21 12:11:23+07:00,29.4,67.8,28.1,32.9,0.44254,402.9765
2025-06-21 12:12:13+07:00,29.4,67.9,26.9,31.7,0.46082,403.05331
2025-06-21 12:13:02+07:00,29.4,67.8,25.4,30.5,0.46225,402.95752
2025-06-21 12:13:52+07:00,29.3,67.3,26.1,30.7,0.46512,402.99554
2025-06-21 12:14:42+07:00,29.3,67.6,26.9,30.0,0.44671,402.98285
2025-06-21 12:15:32+07:00,29.3,67.5,27.0,31.6,0.4782,402.99554
2025-06-21 12:16:21+07:00,29.3,67.1,28.0,32.3,0.468,403.00192
2025-06-21 12:17:11+07:00,29.2,67.5,27.3,31.7,0.43567,402.95123
2025-06-21 12:18:00+07:00,29.2,68.0,27.6,35.4,0.46225,402.92615
2025-06-21 12:18:50+07:00,29.2,68.8,28.2,32.4,0.4343,403.04041
2025-06-21 12:19:39+07:00,29.2,68.9,27.9,35.5,0.46512,402.98285
2025-06-21 12:20:28+07:00,29.3,69.5,29.2,33.9,0.45091,403.04041
2025-06-21 12:21:19+07:00,29.2,68.9,28.4,36.2,0.47673,402.9324
2025-06-21 12:22:09+07:00,29.2,68.6,28.4,34.6,0.44671,403.05978
2025-06-21 12:23:50+07:00,29.1,69.0,26.4,32.9,0.44116,402.95123
2025-06-21 12:24:40+07:00,29.1,68.2,25.7,33.3,0.46082,403.06628
2025-06-21 12:25:30+07:00,29.2,69.0,26.0,29.8,0.44951,403.02753
2025-06-21 12:26:20+07:00,29.2,69.4,28.1,31.7,0.468,403.11197
2025-06-21 12:27:10+07:00,29.3,69.5,26.7,32.9,0.45655,403.03397
2025-06-21 12:28:02+07:00,29.3,69.4,24.5,29.9,0.41817,403.00192
2025-06-21 12:28:51+07:00,29.2,68.9,23.8,27.5,0.4343,403.00833
2025-06-21 12:29:41+07:00,29.2,67.9,22.5,25.5,0.45231,403.05978
2025-06-21 12:30:30+07:00,29.1,67.8,23.0,25.7,0.43158,403.09232
2025-06-21 12:31:21+07:00,29.1,67.5,22.2,25.2,0.45513,403.05331
2025-06-21 12:32:11+07:00,29.1,67.7,21.7,24.3,0.44116,402.96384
2025-06-21 12:33:00+07:00,29.2,68.2,22.5,27.0,0.48262,402.91367
2025-06-21 12:33:51+07:00,29.2,67.6,22.2,26.2,0.46944,402.85187
2025-06-21 12:34:42+07:00,29.3,67.0,22.9,26.8,0.45797,402.95752
2025-06-21 12:35:31+07:00,29.3,67.5,21.7,26.3,0.45513,403.00833
2025-06-21 12:36:21+07:00,29.4,67.0,20.7,24.6,0.45231,403.17151
2025-06-21 12:37:16+07:00,29.4,66.0,21.2,24.3,0.45231,402.9765
2025-06-21 12:38:06+07:00,29.3,66.9,20.8,25.8,0.40122,402.91989
2025-06-21 12:38:58+07:00,29.3,67.0,19.9,23.5,0.42083,403.02112
2025-06-21 12:39:51+07:00,29.3,67.7,20.2,23.1,0.44951,402.9892
2025-06-21 12:40:42+07:00,29.3,67.1,20.5,23.1,0.46512,403.17151
2025-06-21 12:41:31+07:00,29.3,66.6,20.8,24.2,0.41685,403.00192
2025-06-21 12:42:21+07:00,29.3,66.5,20.7,25.7,0.43704,402.98285
2025-06-21 12:43:10+07:00,29.3,67.1,20.7,25.3,0.42752,402.95123
2025-06-21 12:44:00+07:00,29.2,66.5,19.0,23.2,0.468,402.99554
2025-06-21 12:44:50+07:00,29.3,66.7,19.1,21.4,0.47381,402.87646
2025-06-21 12:45:40+07:00,29.2,66.6,19.4,22.5,0.43022,402.89502
2025-06-21 12:46:29+07:00,29.3,67.5,20.1,22.6,0.42083,403.03397
2025-06-21 12:47:20+07:00,29.4,67.5,19.0,21.3,0.42752,402.97015
2025-06-21 12:48:09+07:00,29.3,66.1,18.7,21.7,0.41553,402.97015
2025-06-21 12:48:59+07:00,29.3,65.8,19.6,22.2,0.45091,402.82745
2025-06-21 12:49:48+07:00,29.3,66.1,20.4,22.9,0.43567,402.9324
2025-06-21 12:50:38+07:00,29.4,66.3,19.1,22.1,0.39994,402.96384
2025-06-21 12:51:28+07:00,29.4,66.7,18.1,21.5,0.39738,402.88882
2025-06-21 12:52:17+07:00,29.5,67.3,19.8,22.8,0.43978,403.12512
2025-06-21 12:53:07+07:00,29.6,66.6,19.2,22.6,0.43841,402.8703
2025-06-21 12:53:57+07:00,29.6,66.1,20.4,23.0,0.44671,402.96384
2025-06-21 12:54:47+07:00,29.6,66.0,20.7,25.0,0.4235,402.83963
2025-06-21 12:55:36+07:00,29.5,66.4,22.3,27.4,0.4195,402.80927
2025-06-21 12:56:26+07:00,29.4,67.0,23.1,29.3,0.3701,402.75519
2025-06-21 12:57:15+07:00,29.4,66.9,19.6,23.6,0.38232,402.858
2025-06-21 12:58:04+07:00,29.3,67.1,19.6,23.7,0.42618,402.91367
2025-06-21 12:58:54+07:00,29.3,67.1,19.8,22.4,0.4235,402.79718
2025-06-21 12:59:43+07:00,29.4,66.6,19.2,22.9,0.40379,402.95752
2025-06-21 13:00:33+07:00,29.3,66.3,18.5,20.7,0.4195,402.9765
2025-06-21 13:01:22+07:00,29.2,66.3,19.3,21.7,0.44393,402.83963
2025-06-21 13:02:12+07:00,29.2,66.7,21.1,23.7,0.43294,402.96384
2025-06-21 13:03:01+07:00,29.2,67.3,24.2,27.0,0.42752,402.90121
2025-06-21 13:03:51+07:00,29.2,67.7,22.8,25.7,0.4025,402.90121
2025-06-21 13:04:40+07:00,29.3,67.6,20.5,23.0,0.42618,402.98285
2025-06-21 13:05:30+07:00,29.4,67.4,21.1,23.6,0.40638,402.93866
2025-06-21 13:06:23+07:00,29.4,67.0,19.7,22.6,0.42216,402.9765
2025-06-21 13:07:12+07:00,29.4,66.5,19.0,21.9,0.45797,402.87646
2025-06-21 13:08:03+07:00,29.4,66.2,21.0,25.7,0.44951,402.92615
2025-06-21 13:08:53+07:00,29.2,66.1,21.7,28.6,0.43704,402.96384
2025-06-21 13:09:43+07:00,29.2,66.3,22.7,26.9,0.44116,402.98285
2025-06-21 13:10:33+07:00,29.2,66.5,22.1,25.9,0.41553,402.90121
2025-06-21 13:11:22+07:00,29.2,67.9,20.5,24.7,0.40638,402.858
2025-06-21 13:12:12+07:00,29.3,67.7,18.4,23.8,0.42216,402.92615
2025-06-21 13:13:02+07:00,29.3,67.5,19.3,21.7,0.43022,402.83356
2025-06-21 13:13:56+07:00,29.3,66.7,19.7,24.2,0.41421,402.9765
2025-06-21 13:14:45+07:00,29.3,67.4,19.6,22.2,0.4343,402.94495
2025-06-21 13:15:35+07:00,29.3,67.2,19.4,21.7,0.43022,402.95752
2025-06-21 13:16:25+07:00,29.3,67.1,18.7,20.8,0.4195,402.96384
2025-06-21 13:17:14+07:00,29.4,67.5,20.7,23.2,0.43158,402.82745
2025-06-21 13:18:04+07:00,29.5,67.8,20.3,22.7,0.44671,403.02753
2025-06-21 13:18:54+07:00,29.5,67.7,20.1,24.6,0.4235,402.82138
2025-06-21 13:19:43+07:00,29.4,67.6,20.2,22.9,0.44532,402.99554
2025-06-21 13:20:33+07:00,29.4,67.7,19.5,21.9,0.43294,403.11197
2025-06-21 13:21:23+07:00,29.4,67.7,20.8,24.2,0.44671,403.19156
2025-06-21 13:22:13+07:00,29.5,67.4,51.4,67.7,0.42083,403.17151
2025-06-21 13:23:03+07:00,29.5,69.4,60.6,75.1,0.44671,403.29333
2025-06-21 13:23:52+07:00,29.4,70.3,66.0,84.4,0.43294,403.42593
2025-06-21 13:24:42+07:00,29.3,71.3,69.9,93.3,0.40379,403.26593
2025-06-21 13:25:31+07:00,29.3,71.7,71.1,94.3,0.44393,403.39767
2025-06-21 13:26:21+07:00,29.2,72.4,74.1,98.7,0.47967,403.48303
2025-06-21 13:27:12+07:00,29.1,72.6,72.2,94.6,0.49457,403.44727
2025-06-21 13:28:02+07:00,29.1,73.1,74.4,93.1,0.48262,403.5191
2025-06-21 13:28:51+07:00,29.1,72.9,70.1,93.2,0.48856,403.56277
2025-06-21 13:29:41+07:00,29.1,73.0,72.0,96.8,0.49457,403.46869
2025-06-21 13:30:30+07:00,29.0,73.3,74.6,96.6,0.48856,403.44012
2025-06-21 13:31:20+07:00,29.0,73.8,73.6,97.0,0.48707,403.8186
2025-06-21 13:32:09+07:00,29.0,73.5,73.8,96.8,0.47673,403.50464
2025-06-21 13:33:53+07:00,29.0,73.8,74.2,94.9,0.49759,403.6217
2025-06-21 13:34:42+07:00,29.0,74.0,66.8,88.9,0.51447,403.42593
2025-06-21 13:35:32+07:00,28.9,73.7,67.2,88.7,0.53338,403.44727
2025-06-21 13:36:21+07:00,28.9,73.7,65.1,83.8,0.46368,403.44727
2025-06-21 13:37:11+07:00,28.9,73.7,65.2,83.0,0.52386,403.6217
2025-06-21 13:38:00+07:00,28.9,73.5,63.0,83.9,0.52544,403.57745
2025-06-21 13:38:50+07:00,29.0,73.5,63.0,83.9,0.50982,403.63657
2025-06-21 13:39:40+07:00,29.0,73.5,62.1,79.6,0.52228,403.46869
2025-06-21 13:40:30+07:00,29.0,73.6,61.2,79.9,0.53658,403.46152
2025-06-21 13:42:22+07:00,29.0,73.4,62.7,83.4,0.54792,403.57745
2025-06-21 13:43:12+07:00,29.0,73.5,64.2,84.8,0.5286,403.54089
2025-06-21 13:44:02+07:00,29.0,73.4,59.9,76.1,0.54466,403.69644
2025-06-21 13:44:51+07:00,28.9,73.3,58.7,76.9,0.53338,403.56277
2025-06-21 13:45:42+07:00,28.9,72.8,56.5,75.0,0.53819,403.52637
2025-06-21 13:46:32+07:00,28.9,73.2,59.1,77.2,0.54142,403.41177
2025-06-21 13:47:23+07:00,28.9,73.3,56.2,75.0,0.53498,403.59213
2025-06-21 13:48:15+07:00,29.0,73.3,56.9,72.1,0.55612,403.49023
2025-06-21 13:49:05+07:00,29.0,73.5,54.4,74.1,0.55612,403.51187
2025-06-21 13:49:54+07:00,28.9,73.4,54.0,70.2,0.55612,403.54819
2025-06-21 13:50:44+07:00,28.8,74.0,55.3,69.8,0.53498,403.6217
2025-06-21 13:51:34+07:00,28.8,73.8,55.6,68.1,0.50368,403.5701
2025-06-21 13:52:23+07:00,28.8,72.7,57.4,73.3,0.55119,403.41177
2025-06-21 13:53:14+07:00,28.6,73.0,56.9,72.9,0.53819,403.51187
2025-06-21 13:54:04+07:00,28.6,73.3,55.3,69.1,0.60035,403.36261
2025-06-21 13:54:53+07:00,28.6,73.8,55.8,70.6,0.48856,403.49744
2025-06-21 13:55:43+07:00,28.7,73.4,53.1,68.2,0.54955,403.43304
2025-06-21 13:56:34+07:00,28.7,73.3,52.7,67.1,0.53819,403.41885
2025-06-21 13:57:24+07:00,28.6,73.3,51.5,65.1,0.55447,403.41885
2025-06-21 13:58:14+07:00,28.6,73.6,53.7,65.4,0.5398,403.35562
2025-06-21 13:59:03+07:00,28.6,73.5,50.6,61.3,0.48707,403.53363
2025-06-21 13:59:53+07:00,28.5,74.1,50.8,64.9,0.50828,403.57745
2025-06-21 14:00:42+07:00,28.5,74.0,50.9,61.0,0.55447,403.50464
2025-06-21 14:01:32+07:00,28.4,74.0,51.1,62.3,0.51915,403.51187
2025-06-21 14:02:21+07:00,28.5,74.2,51.0,65.3,0.4841,403.46152
2025-06-21 14:03:11+07:00,28.4,74.3,50.4,61.0,0.50828,403.34171
2025-06-21 14:04:53+07:00,28.4,74.7,52.1,61.7,0.54792,403.51187
2025-06-21 14:05:42+07:00,28.5,74.6,55.0,68.5,0.54955,403.49023
2025-06-21 14:06:32+07:00,28.4,74.9,54.6,70.8,0.56609,403.3696
2025-06-21 14:07:21+07:00,28.4,75.0,51.8,67.7,0.5398,403.52637
2025-06-21 14:08:11+07:00,28.4,74.5,49.7,61.8,0.53498,403.46152
2025-06-21 14:09:02+07:00,28.4,74.5,52.4,66.0,0.54629,403.39767
2025-06-21 14:09:56+07:00,28.5,74.7,51.8,65.2,0.52702,403.50464
2025-06-21 14:10:48+07:00,28.4,74.9,54.7,69.0,0.52386,403.66641
2025-06-21 14:11:37+07:00,28.4,75.7,54.4,66.9,0.55943,403.71155
2025-06-21 14:12:27+07:00,28.4,75.5,55.0,68.3,0.55777,403.67389
2025-06-21 14:13:18+07:00,28.4,75.9,51.4,64.3,0.53819,403.61429
2025-06-21 14:14:11+07:00,28.3,75.7,52.6,65.5,0.54466,403.56277
2025-06-21 14:15:05+07:00,28.3,75.8,52.5,66.6,0.54629,403.54089
2025-06-21 14:15:55+07:00,28.2,75.8,52.7,67.7,0.56945,403.54089
2025-06-21 14:16:44+07:00,28.2,75.4,53.0,68.3,0.56442,403.50464
2025-06-21 14:17:34+07:00,28.1,75.9,52.9,66.9,0.55447,403.44012
2025-06-21 14:18:24+07:00,28.0,76.2,54.9,66.2,0.51136,403.35562
2025-06-21 14:19:14+07:00,27.9,76.3,54.3,66.3,0.54955,403.52637
2025-06-21 14:20:03+07:00,27.9,76.7,51.3,64.5,0.50062,403.41177
2025-06-21 14:20:53+07:00,27.9,76.4,53.4,63.5,0.52544,403.46869
2025-06-21 14:21:42+07:00,27.9,76.5,53.1,66.4,0.49156,403.46152
2025-06-21 14:22:34+07:00,27.9,76.7,53.5,66.3,0.55777,403.40472
2025-06-21 14:23:23+07:00,27.9,76.9,52.8,65.1,0.50368,403.63657
2025-06-21 14:24:12+07:00,27.9,77.0,52.6,66.7,0.50215,403.49744
2025-06-21 14:25:02+07:00,27.9,76.7,52.0,66.3,0.57113,403.5701
2025-06-21 14:25:51+07:00,27.9,76.7,53.1,65.2,0.53019,403.53363
2025-06-21 14:26:41+07:00,27.9,76.7,53.3,65.5,0.55119,403.5701
2025-06-21 14:27:30+07:00,27.9,76.8,54.9,71.5,0.54792,403.57745
2025-06-21 14:28:20+07:00,28.0,77.2,57.8,74.3,0.54142,403.49023
2025-06-21 14:29:10+07:00,28.1,77.0,59.5,71.0,0.52544,403.41177
2025-06-21 14:29:59+07:00,28.1,76.7,58.0,74.2,0.52228,403.6217
2025-06-21 14:30:49+07:00,28.2,76.6,56.8,70.8,0.55283,403.46152
2025-06-21 14:31:38+07:00,28.2,76.3,55.5,68.2,0.56609,403.65894
2025-06-21 14:32:28+07:00,28.2,76.4,54.7,66.7,0.56777,403.67389
2025-06-21 14:33:17+07:00,28.1,76.7,54.6,67.9,0.55119,403.52637
2025-06-21 14:34:06+07:00,28.1,76.7,53.9,67.3,0.5286,403.41885
2025-06-21 14:34:56+07:00,28.1,76.7,53.8,64.6,0.50521,403.55548
2025-06-21 14:35:45+07:00,28.1,76.8,54.3,67.1,0.48856,403.51187
2025-06-21 14:36:35+07:00,28.1,76.9,52.6,63.2,0.55943,403.49744
2025-06-21 14:37:24+07:00,28.1,76.8,54.2,67.0,0.56276,403.46869
2025-06-21 14:38:14+07:00,28.1,77.1,53.4,64.9,0.53498,403.47586
2025-06-21 14:39:03+07:00,28.1,77.1,52.8,67.9,0.53658,403.33475
2025-06-21 14:39:52+07:00,28.1,77.2,56.6,70.1,0.57113,403.41885
2025-06-21 14:40:42+07:00,28.2,77.2,57.0,79.0,0.56276,403.54819
2025-06-21 14:41:31+07:00,28.2,77.2,56.5,72.0,0.56777,403.52637
2025-06-21 14:42:21+07:00,28.2,77.1,58.7,74.1,0.53819,403.63657
2025-06-21 14:43:10+07:00,28.2,76.7,61.4,78.5,0.54955,403.90448
2025-06-21 14:44:00+07:00,28.2,76.6,57.3,75.2,0.54142,403.85745
2025-06-21 14:44:49+07:00,28.2,76.6,55.2,77.0,0.58474,403.70398
2025-06-21 14:45:39+07:00,28.1,76.6,56.1,72.5,0.56609,403.75714
2025-06-21 14:46:28+07:00,28.1,76.9,56.5,71.0,0.52386,403.6889
2025-06-21 14:47:18+07:00,28.1,77.0,59.6,76.1,0.55777,403.72668
2025-06-21 14:48:07+07:00,28.2,77.3,59.9,78.5,0.57791,403.6217
2025-06-21 14:48:57+07:00,28.2,77.4,55.9,75.1,0.57451,403.65146
2025-06-21 14:49:46+07:00,28.1,77.3,56.9,74.5,0.57113,403.5191
2025-06-21 14:50:35+07:00,28.2,77.3,58.6,76.1,0.56609,403.6889
2025-06-21 14:51:25+07:00,28.2,77.2,61.1,82.7,0.54792,403.65146
2025-06-21 14:52:14+07:00,28.2,77.3,57.3,72.8,0.57113,403.41885
2025-06-21 14:53:04+07:00,28.1,77.2,58.9,75.6,0.57961,403.6069
2025-06-21 14:53:53+07:00,28.2,77.2,57.0,77.2,0.57961,403.54819
2025-06-21 14:54:43+07:00,28.2,77.1,58.9,74.3,0.55283,403.53363
2025-06-21 14:55:32+07:00,28.2,77.3,58.0,73.8,0.57791,403.53363
2025-06-21 14:56:21+07:00,28.1,77.4,57.0,72.8,0.55119,403.59952
2025-06-21 14:57:11+07:00,28.2,77.3,58.4,77.4,0.55777,403.47586
2025-06-21 14:58:00+07:00,28.2,77.3,59.9,75.5,0.56276,403.43304
2025-06-21 14:58:51+07:00,28.2,77.3,58.0,76.6,0.56276,403.5191
2025-06-21 14:59:40+07:00,28.2,77.3,59.7,73.2,0.55447,403.39062
2025-06-21 15:00:30+07:00,28.2,77.3,58.1,78.5,0.55612,403.6217
2025-06-21 15:01:19+07:00,28.3,77.3,58.6,79.7,0.54792,403.42593
2025-06-21 15:02:13+07:00,28.4,77.1,61.0,78.7,0.57621,403.63657
2025-06-21 15:03:03+07:00,28.3,77.2,57.6,73.3,0.53019,403.41177
2025-06-21 15:03:52+07:00,28.2,77.0,56.5,70.8,0.53019,403.53363
2025-06-21 15:04:42+07:00,28.2,77.1,55.9,70.9,0.53658,403.48303
2025-06-21 15:05:31+07:00,28.2,77.1,57.0,72.6,0.52228,403.6217
2025-06-21 15:06:21+07:00,28.2,77.0,54.5,70.5,0.55612,403.42593
2025-06-21 15:07:11+07:00,28.2,76.8,53.9,72.2,0.56276,403.44012
2025-06-21 15:08:01+07:00,28.2,76.7,53.7,72.6,0.56109,403.39767
2025-06-21 15:08:50+07:00,28.2,76.9,52.6,68.5,0.54466,403.37659
2025-06-21 15:09:40+07:00,28.1,76.6,52.4,66.0,0.56109,403.37659
2025-06-21 15:10:30+07:00,28.1,76.5,51.5,64.6,0.49156,403.50464
2025-06-21 15:11:20+07:00,28.2,76.6,54.2,69.0,0.54792,403.36261
2025-06-21 15:12:09+07:00,28.2,76.6,53.7,81.1,0.54304,403.44727
2025-06-21 15:12:59+07:00,28.3,76.3,52.4,68.5,0.54304,403.64401
2025-06-21 15:13:48+07:00,28.2,76.5,51.8,67.0,0.54955,403.43304
2025-06-21 15:14:37+07:00,28.2,76.7,51.6,63.6,0.56442,403.5191
2025-06-21 15:15:27+07:00,28.0,77.0,50.9,63.7,0.55283,403.44727
2025-06-21 15:16:16+07:00,28.0,77.1,52.0,65.7,0.57282,403.49023
2025-06-21 15:17:06+07:00,28.0,77.3,52.0,68.4,0.55612,403.41177
2025-06-21 15:17:56+07:00,28.1,77.2,55.5,75.9,0.55283,403.40472
2025-06-21 15:18:45+07:00,28.2,77.3,54.2,70.8,0.56609,403.35562
2025-06-21 15:19:34+07:00,28.1,77.3,54.1,69.0,0.55447,403.33475
2025-06-21 15:20:24+07:00,28.1,77.4,56.3,73.2,0.52702,403.44012
2025-06-21 15:21:14+07:00,28.0,77.5,51.3,68.6,0.53658,403.51187
2025-06-21 15:22:03+07:00,28.0,77.7,53.5,70.5,0.48707,403.36261
2025-06-21 15:22:55+07:00,28.1,77.5,50.9,63.4,0.57113,403.42593
2025-06-21 15:23:45+07:00,28.1,77.3,52.3,68.2,0.55283,403.28647
2025-06-21 15:24:38+07:00,28.1,77.2,52.5,68.3,0.53658,403.48303
2025-06-21 15:25:27+07:00,28.1,77.3,52.1,67.7,0.54142,403.66641
2025-06-21 15:26:19+07:00,28.2,77.2,52.8,69.3,0.56945,403.38361
2025-06-21 15:27:08+07:00,28.1,77.3,49.7,62.1,0.52228,403.55548
2025-06-21 15:28:01+07:00,28.1,77.1,47.2,63.8,0.53819,403.34866
2025-06-21 15:28:51+07:00,28.1,76.8,49.5,62.9,0.54466,403.41177
2025-06-21 15:29:40+07:00,28.1,76.6,49.6,67.4,0.55119,403.41177
2025-06-21 15:30:29+07:00,28.0,76.8,48.7,62.7,0.54142,403.41177
2025-06-21 15:31:19+07:00,28.0,76.8,49.2,65.3,0.56609,403.3696
2025-06-21 15:33:00+07:00,28.0,76.8,45.7,60.2,0.53338,403.43304
2025-06-21 15:33:50+07:00,28.0,76.3,47.8,64.4,0.53178,403.40472
2025-06-21 15:34:39+07:00,27.9,76.4,45.9,63.0,0.54142,403.44727
2025-06-21 15:35:29+07:00,28.0,76.6,46.3,60.4,0.52386,403.26593
2025-06-21 15:36:18+07:00,28.0,76.8,47.1,57.9,0.51915,403.34866
2025-06-21 15:37:08+07:00,28.0,76.8,46.6,59.3,0.51136,403.62912
2025-06-21 15:38:01+07:00,28.1,76.7,46.7,62.7,0.51291,403.41885
2025-06-21 15:38:54+07:00,28.1,76.4,44.5,58.2,0.5398,403.43304
2025-06-21 15:39:43+07:00,28.2,76.2,43.9,57.8,0.54792,403.32782
2025-06-21 15:40:33+07:00,28.2,76.0,44.6,57.3,0.54629,403.43304
2025-06-21 15:41:22+07:00,28.1,76.0,46.4,62.7,0.50215,403.43304
2025-06-21 15:42:12+07:00,28.1,76.1,49.0,66.7,0.5398,403.33475
2025-06-21 15:43:01+07:00,28.1,76.3,50.4,64.7,0.54466,403.3071
2025-06-21 15:43:50+07:00,28.1,76.3,50.7,67.1,0.50521,403.44012
2025-06-21 15:44:43+07:00,28.2,76.3,48.5,63.0,0.54304,403.51187
2025-06-21 15:45:33+07:00,28.1,76.2,47.9,57.2,0.48707,403.29333
2025-06-21 15:46:23+07:00,28.0,76.4,47.8,57.2,0.50215,403.27277
2025-06-21 15:47:12+07:00,27.9,76.6,47.6,59.6,0.50368,403.43304
2025-06-21 15:48:02+07:00,27.8,76.8,47.3,57.4,0.53658,403.37659
2025-06-21 15:48:51+07:00,27.8,77.0,49.3,58.2,0.50982,403.36261
2025-06-21 15:49:42+07:00,27.8,77.1,50.1,62.0,0.51136,403.48303
2025-06-21 15:50:31+07:00,27.7,77.3,53.2,66.7,0.56609,403.5191
2025-06-21 15:51:20+07:00,27.7,77.6,53.6,68.8,0.55119,403.57745
2025-06-21 15:52:10+07:00,27.8,77.8,54.9,68.7,0.52702,403.3696
2025-06-21 15:53:00+07:00,27.7,78.0,54.1,67.0,0.54466,403.43304
2025-06-21 15:53:52+07:00,27.7,78.2,54.2,66.4,0.55612,403.35562
2025-06-21 15:54:42+07:00,27.8,78.2,55.2,69.0,0.54466,403.32089
2025-06-21 15:55:36+07:00,27.8,77.9,57.3,70.7,0.54142,403.41885
2025-06-21 15:56:25+07:00,27.8,78.0,60.3,78.9,0.51291,403.3002
2025-06-21 15:57:15+07:00,27.8,78.1,60.3,76.0,0.5286,403.314
2025-06-21 15:58:04+07:00,27.8,78.2,57.4,73.4,0.53658,403.36261
2025-06-21 15:58:58+07:00,27.8,78.1,57.3,69.5,0.53338,403.44727
2025-06-21 15:59:49+07:00,27.9,77.9,55.2,66.9,0.54304,403.35562
2025-06-21 16:00:39+07:00,27.9,77.7,54.9,68.0,0.52544,403.38361
2025-06-21 16:01:29+07:00,28.0,77.6,56.5,68.3,0.53819,403.50464
2025-06-21 16:02:20+07:00,28.0,77.6,57.6,67.8,0.52702,403.47586
2025-06-21 16:03:13+07:00,28.0,77.4,58.3,72.3,0.54142,403.41885
2025-06-21 16:04:04+07:00,28.0,77.3,59.5,71.7,0.51758,403.36261
2025-06-21 16:04:54+07:00,28.0,77.4,63.6,76.0,0.5398,403.59952
2025-06-21 16:05:43+07:00,28.0,77.4,63.2,74.9,0.46512,403.48303
2025-06-21 16:06:33+07:00,27.9,77.7,61.2,72.2,0.5286,403.47586
2025-06-21 16:07:22+07:00,27.8,77.8,65.3,75.5,0.46512,403.46869
2025-06-21 16:08:15+07:00,27.7,78.0,68.2,79.4,0.54142,403.45438
2025-06-21 16:09:05+07:00,27.7,78.3,64.2,74.1,0.50828,403.48303
2025-06-21 16:09:54+07:00,27.7,78.2,70.8,79.8,0.49156,403.40472
2025-06-21 16:10:48+07:00,27.8,78.1,77.7,90.4,0.50521,403.46152
2025-06-21 16:11:37+07:00,27.8,78.1,73.4,83.0,0.53658,403.39062
2025-06-21 16:12:28+07:00,27.8,78.2,79.8,89.6,0.51915,403.44727
2025-06-21 16:14:07+07:00,27.7,78.3,68.5,78.0,0.46944,403.44727
2025-06-21 16:14:57+07:00,27.7,78.2,65.4,77.8,0.51602,403.49023
2025-06-21 16:15:47+07:00,27.8,78.0,59.8,71.8,0.52228,403.46152
2025-06-21 16:16:36+07:00,27.9,77.8,58.6,72.5,0.52544,403.40472
2025-06-21 16:17:26+07:00,28.0,77.6,59.0,72.6,0.50982,403.5191
2025-06-21 16:18:15+07:00,27.9,77.3,58.5,68.0,0.51602,403.62912
2025-06-21 16:19:04+07:00,27.8,77.8,60.1,76.4,0.47381,403.5191
2025-06-21 16:19:54+07:00,27.7,77.9,62.5,74.4,0.52228,403.45438
2025-06-21 16:20:45+07:00,27.7,78.0,60.8,74.1,0.53338,403.49023
2025-06-21 16:21:34+07:00,27.7,78.0,58.7,74.0,0.55447,403.53363
2025-06-21 16:22:26+07:00,27.7,78.0,57.9,74.5,0.50828,403.55548
2025-06-21 16:23:25+07:00,27.7,78.9,54.8,78.9,0.52228,403.33475
2025-06-21 16:34:13+07:00,27.6,82.1,64.5,84.1,0.56276,403.8186
2025-06-21 16:35:02+07:00,27.5,81.7,67.6,85.7,0.57961,403.54819
2025-06-21 16:35:52+07:00,27.5,83.8,69.2,93.1,0.57451,403.67389
2025-06-21 16:36:41+07:00,27.5,84.1,68.9,89.8,0.56276,403.43304
2025-06-21 16:37:31+07:00,27.4,85.3,71.7,92.1,0.54142,403.46869
2025-06-21 16:38:20+07:00,27.3,85.5,65.4,86.6,0.53178,403.48303
2025-06-21 16:39:12+07:00,27.3,85.2,68.3,84.3,0.55612,403.48303
2025-06-21 16:40:03+07:00,27.3,85.2,67.2,85.0,0.56945,403.5191
2025-06-21 16:40:52+07:00,27.3,84.6,68.7,88.9,0.52228,403.48303
2025-06-21 16:41:42+07:00,27.2,85.7,65.3,83.8,0.55612,403.34866
2025-06-21 16:42:32+07:00,27.2,84.9,69.6,92.6,0.57113,403.48303
2025-06-21 16:43:22+07:00,27.2,85.5,68.9,91.4,0.56276,403.49023
2025-06-21 16:44:12+07:00,27.2,84.8,67.1,87.2,0.55119,403.314
2025-06-21 16:45:01+07:00,27.2,85.1,69.4,88.2,0.53819,403.48303
2025-06-21 16:45:50+07:00,27.2,85.0,67.7,85.4,0.50982,403.41177
2025-06-21 16:46:40+07:00,27.2,84.4,68.4,86.5,0.5286,403.49023
2025-06-21 16:47:29+07:00,27.2,84.3,67.6,85.3,0.55283,403.39767
2025-06-21 16:48:19+07:00,27.1,84.6,68.2,86.3,0.52386,403.41885
2025-06-21 16:49:12+07:00,27.2,84.4,69.2,84.0,0.55447,403.32089
2025-06-21 16:50:03+07:00,27.2,84.6,74.8,94.5,0.54466,403.37659
2025-06-21 16:51:49+07:00,27.2,85.7,74.5,93.3,0.55612,403.42593
2025-06-21 16:52:38+07:00,27.2,85.2,70.4,89.8,0.54629,403.42593
2025-06-21 16:53:29+07:00,27.2,85.2,65.8,85.8,0.55283,403.41885
2025-06-21 16:54:19+07:00,27.2,85.5,71.3,93.1,0.55447,403.41177
2025-06-21 16:55:09+07:00,27.2,85.9,72.4,90.7,0.59164,403.54819
2025-06-21 16:55:58+07:00,27.1,85.6,70.1,90.0,0.55447,403.53363
2025-06-21 16:56:48+07:00,27.1,85.1,69.3,89.3,0.50982,403.50464
2025-06-21 16:57:38+07:00,27.1,85.8,69.1,86.9,0.51602,403.48303
2025-06-21 16:58:28+07:00,27.0,86.4,65.9,84.1,0.55283,403.57745
2025-06-21 16:59:19+07:00,27.0,85.9,67.9,87.6,0.56945,403.59952
2025-06-21 17:00:08+07:00,27.0,87.1,68.6,88.8,0.55943,403.45438
2025-06-21 17:00:58+07:00,27.0,86.9,70.0,89.9,0.56109,403.5701
2025-06-21 17:01:48+07:00,26.9,87.9,68.1,84.0,0.51915,403.52637
2025-06-21 17:02:37+07:00,27.0,87.2,67.0,82.7,0.56777,403.51187
2025-06-21 17:03:27+07:00,27.1,86.9,60.3,74.5,0.53658,403.45438
2025-06-21 17:04:17+07:00,27.1,86.6,84.8,107.4,0.54466,403.56277
2025-06-21 17:05:07+07:00,26.9,86.5,94.6,110.5,0.53819,403.44012
2025-06-21 17:07:36+07:00,26.8,87.2,103.6,124.0,0.55612,403.52637
2025-06-21 17:08:25+07:00,26.7,87.0,87.0,108.5,0.57961,403.43304
2025-06-21 17:09:15+07:00,26.7,87.4,77.3,93.3,0.54466,403.42593
2025-06-21 17:10:04+07:00,26.8,87.3,71.5,87.2,0.54955,403.59213
2025-06-21 17:10:59+07:00,26.8,87.1,70.9,87.9,0.5398,403.38361
2025-06-21 17:11:48+07:00,26.8,87.5,75.3,91.0,0.55943,403.46152
2025-06-21 17:12:38+07:00,26.8,87.7,75.5,90.8,0.54955,403.38361
2025-06-21 17:13:27+07:00,26.8,87.3,77.5,95.7,0.56109,403.51187
2025-06-21 17:14:17+07:00,26.7,87.3,77.5,93.6,0.55119,403.34866
2025-06-21 17:15:07+07:00,26.7,88.1,74.5,91.9,0.57791,403.47586
2025-06-21 17:15:57+07:00,26.9,86.8,72.5,90.5,0.57451,403.55548
2025-06-21 17:16:46+07:00,27.0,86.9,75.5,91.5,0.54466,403.53363
2025-06-21 17:17:35+07:00,26.9,86.9,72.5,87.6,0.56109,403.43304
2025-06-21 17:18:25+07:00,26.8,86.6,69.0,83.3,0.52386,403.51187
2025-06-21 17:19:14+07:00,26.8,86.5,67.8,84.4,0.56276,403.41885
2025-06-21 17:20:03+07:00,26.8,86.8,68.6,82.1,0.54792,403.43304
2025-06-21 17:20:53+07:00,26.8,86.7,68.1,83.2,0.5398,403.46152
2025-06-21 17:21:42+07:00,26.8,86.7,69.4,80.5,0.52702,403.46869
2025-06-21 17:22:32+07:00,26.9,86.3,68.5,82.0,0.53658,403.33475
2025-06-21 17:23:21+07:00,27.0,85.7,70.7,84.4,0.55119,403.44012
2025-06-21 17:24:11+07:00,27.1,85.7,71.2,82.4,0.53178,403.46152
2025-06-21 17:25:00+07:00,27.1,85.1,69.1,83.0,0.54142,403.6069
2025-06-21 17:25:50+07:00,27.1,84.7,71.0,87.4,0.51136,403.48303
2025-06-21 17:26:40+07:00,27.1,85.3,72.2,86.0,0.53658,403.63657
2025-06-21 17:27:29+07:00,27.0,86.2,71.0,87.4,0.57791,403.6889
2025-06-21 17:28:20+07:00,27.0,87.0,73.8,87.6,0.56609,403.61429
2025-06-21 17:29:10+07:00,27.0,86.1,69.3,82.3,0.56276,403.8186
2025-06-21 17:29:59+07:00,27.1,86.4,71.6,86.5,0.60386,403.87308
2025-06-21 17:30:48+07:00,27.1,86.0,70.7,82.9,0.58991,403.8186
2025-06-21 17:31:38+07:00,27.1,86.3,72.1,86.1,0.57621,403.80316
2025-06-21 17:32:28+07:00,27.1,86.4,71.2,88.4,0.58991,403.76477
2025-06-21 17:33:18+07:00,27.0,86.4,72.4,87.5,0.58991,403.59213
2025-06-21 17:34:07+07:00,27.0,86.1,74.4,88.3,0.57621,403.74188
2025-06-21 17:34:57+07:00,27.0,86.1,71.1,83.3,0.58131,403.71912
2025-06-21 17:35:46+07:00,27.0,86.3,69.9,86.3,0.55943,403.71912
2025-06-21 17:36:36+07:00,26.9,86.0,69.6,84.3,0.57451,403.6217
2025-06-21 17:37:25+07:00,26.8,86.7,71.2,84.1,0.56442,403.63657
2025-06-21 17:38:15+07:00,26.8,86.6,76.6,89.8,0.58474,403.61429
2025-06-21 17:39:05+07:00,26.8,86.4,78.1,91.3,0.57621,403.49023
2025-06-21 17:39:54+07:00,26.8,86.5,83.4,95.9,0.53338,403.57745
2025-06-21 17:40:44+07:00,26.8,87.0,82.8,98.3,0.59337,403.64401
2025-06-21 17:41:33+07:00,26.8,86.6,93.3,114.0,0.56442,403.8186
2025-06-21 17:42:23+07:00,26.8,86.3,102.2,123.9,0.56777,403.76477
2025-06-21 17:43:12+07:00,26.7,86.3,102.3,121.1,0.56609,403.97589
2025-06-21 17:44:01+07:00,26.7,86.6,87.7,102.3,0.53498,403.79547
2025-06-21 17:44:51+07:00,26.8,86.2,88.9,105.4,0.58302,403.78778
2025-06-21 17:45:42+07:00,26.8,86.3,89.4,105.8,0.53819,403.81088
2025-06-21 17:46:33+07:00,26.8,87.0,77.8,95.8,0.58302,403.79547
2025-06-21 17:47:22+07:00,26.7,85.4,73.2,94.6,0.59164,403.73428
2025-06-21 17:48:11+07:00,26.8,84.4,76.8,94.3,0.63986,403.66641
2025-06-21 17:49:01+07:00,26.7,85.1,77.1,92.8,0.59164,403.59952
2025-06-21 17:49:50+07:00,26.7,85.5,83.7,97.9,0.54304,403.74951
2025-06-21 17:50:41+07:00,26.7,85.5,87.3,103.4,0.5986,403.49023
2025-06-21 17:51:32+07:00,26.8,85.2,86.1,101.0,0.54142,403.44012
2025-06-21 17:52:25+07:00,26.8,85.2,82.5,98.3,0.58646,403.65146
2025-06-21 17:53:14+07:00,26.8,85.6,81.1,98.5,0.54792,403.65894
2025-06-21 17:54:08+07:00,26.7,85.6,79.6,97.6,0.58302,403.54819
2025-06-21 17:54:57+07:00,26.8,85.6,75.5,94.7,0.60035,403.59213
2025-06-21 17:55:47+07:00,26.9,85.1,74.4,95.9,0.57961,403.8186
2025-06-21 17:56:40+07:00,26.9,84.7,70.1,88.5,0.55612,403.67389
2025-06-21 17:57:29+07:00,27.0,84.2,70.6,84.2,0.58646,403.6889
2025-06-21 17:58:19+07:00,27.0,84.1,68.7,88.9,0.57791,403.66641
2025-06-21 17:59:12+07:00,26.9,83.6,70.1,89.2,0.56609,403.6814
2025-06-21 18:00:02+07:00,26.9,83.3,70.3,88.6,0.57961,403.63657
2025-06-21 18:00:55+07:00,26.8,83.7,69.3,87.4,0.54629,403.34171
2025-06-21 18:01:49+07:00,26.8,84.7,72.8,90.7,0.56945,403.44012
2025-06-21 18:02:38+07:00,26.8,85.0,73.4,91.3,0.57791,403.46869
2025-06-21 18:03:27+07:00,26.8,85.0,78.4,97.1,0.59164,403.39767
2025-06-21 18:04:17+07:00,26.9,85.0,75.4,93.9,0.55612,403.65146
2025-06-21 18:05:07+07:00,26.9,85.1,74.2,93.4,0.57961,403.59952
2025-06-21 18:05:57+07:00,26.9,85.1,72.0,92.2,0.57961,403.61429
2025-06-21 18:06:47+07:00,26.9,84.7,74.6,96.4,0.55612,403.73428
2025-06-21 18:07:36+07:00,26.9,84.5,70.5,89.5,0.57961,403.70398
2025-06-21 18:08:27+07:00,26.9,84.6,72.5,90.8,0.54629,403.67389
2025-06-21 18:09:16+07:00,26.9,84.6,76.0,95.4,0.59511,403.59952
2025-06-21 18:10:09+07:00,26.9,84.9,78.2,98.2,0.59337,403.63657
2025-06-21 18:10:58+07:00,26.9,85.1,75.5,94.8,0.56945,403.8186
2025-06-21 18:11:48+07:00,26.8,85.3,77.2,100.6,0.57113,403.66641
2025-06-21 18:12:40+07:00,26.8,85.7,78.8,97.2,0.58474,403.76477
2025-06-21 18:13:30+07:00,26.7,85.5,73.6,95.3,0.58474,403.82635
2025-06-21 18:14:20+07:00,26.8,85.5,77.2,99.6,0.60386,403.64401
2025-06-21 18:15:09+07:00,26.8,84.9,77.1,94.3,0.58131,403.74188
2025-06-21 18:15:58+07:00,26.9,85.0,78.7,98.2,0.53658,403.67389
2025-06-21 18:16:48+07:00,26.8,85.5,79.8,102.4,0.58991,403.74188
2025-06-21 18:17:39+07:00,26.8,85.4,81.6,102.2,0.57961,403.76477
2025-06-21 18:18:29+07:00,26.9,86.1,80.6,106.6,0.56109,403.87308
2025-06-21 18:19:19+07:00,26.8,85.9,82.8,104.4,0.58991,403.84967
2025-06-21 18:20:09+07:00,26.7,86.3,80.4,100.3,0.5986,403.66641
2025-06-21 18:20:58+07:00,26.7,85.7,80.1,102.7,0.55612,403.74951
2025-06-21 18:21:48+07:00,26.8,85.7,82.0,103.8,0.60386,403.76477
2025-06-21 18:22:37+07:00,26.7,85.8,79.0,99.4,0.55612,403.84189
2025-06-21 18:23:27+07:00,26.7,85.8,82.9,100.9,0.63253,403.71912
2025-06-21 18:24:16+07:00,26.7,86.0,82.0,101.0,0.58302,404.04022
2025-06-21 18:25:06+07:00,26.6,86.2,79.3,102.2,0.63802,403.84189
2025-06-21 18:25:55+07:00,26.7,85.6,77.6,96.1,0.58991,403.81088
2025-06-21 18:26:44+07:00,26.7,85.2,77.2,92.0,0.59511,403.75714
2025-06-21 18:27:34+07:00,26.7,85.2,76.0,95.2,0.58646,403.5701
2025-06-21 18:28:23+07:00,26.7,85.2,76.6,96.2,0.58991,403.65146
2025-06-21 18:29:12+07:00,26.7,85.2,76.5,96.5,0.56442,403.70398
2025-06-21 18:30:02+07:00,26.7,85.4,78.7,101.2,0.58818,403.6217
2025-06-21 18:30:51+07:00,26.6,86.0,77.6,95.7,0.55119,403.6217
2025-06-21 18:31:41+07:00,26.6,86.2,79.3,100.5,0.56945,403.6814
2025-06-21 18:32:31+07:00,26.6,86.6,78.5,96.6,0.57961,403.64401
2025-06-21 18:33:21+07:00,26.6,86.9,81.3,101.2,0.58474,403.70398
2025-06-21 18:34:10+07:00,26.5,87.0,80.0,98.9,0.58131,403.50464
2025-06-21 18:35:00+07:00,26.5,86.9,79.6,95.4,0.58131,403.65894
2025-06-21 18:35:50+07:00,26.5,86.5,77.1,93.9,0.57961,403.6889
2025-06-21 18:36:40+07:00,26.5,86.7,76.7,95.3,0.58646,403.59213
2025-06-21 18:37:29+07:00,26.5,87.0,81.5,102.3,0.53498,403.73428
2025-06-21 18:38:19+07:00,26.5,87.3,79.6,95.4,0.54466,403.59952
2025-06-21 18:39:08+07:00,26.5,87.3,81.3,98.1,0.59164,403.62912
2025-06-21 18:39:58+07:00,26.4,87.2,79.8,98.0,0.55119,403.54819
2025-06-21 18:40:47+07:00,26.5,87.3,80.3,97.1,0.57451,403.62912
2025-06-21 18:41:37+07:00,26.5,87.1,80.9,100.7,0.58131,403.58478
2025-06-21 18:42:26+07:00,26.5,86.6,76.1,93.6,0.54629,403.58478
2025-06-21 18:43:18+07:00,26.5,86.6,81.1,95.7,0.55447,403.34866
2025-06-21 18:44:10+07:00,26.5,87.3,79.9,95.9,0.57621,403.54089
2025-06-21 18:45:00+07:00,26.5,87.0,76.0,94.2,0.56609,403.6069
2025-06-21 18:45:51+07:00,26.5,87.3,77.6,97.3,0.55447,403.71912
2025-06-21 18:46:44+07:00,26.5,87.2,78.9,96.3,0.56777,403.69644
2025-06-21 18:47:34+07:00,26.5,86.7,76.6,93.9,0.56945,403.71912
2025-06-21 18:48:24+07:00,26.6,86.5,77.2,98.2,0.55447,403.57745
2025-06-21 18:49:13+07:00,26.7,85.8,78.4,94.1,0.53019,403.62912
2025-06-21 18:50:03+07:00,26.7,85.7,77.6,96.5,0.58302,403.55548
2025-06-21 18:50:52+07:00,26.7,86.0,80.8,96.8,0.56609,403.49023
2025-06-21 18:51:43+07:00,26.6,86.4,78.1,97.6,0.54792,403.59952
2025-06-21 18:52:32+07:00,26.5,86.6,77.9,95.6,0.56109,403.65894
2025-06-21 18:53:22+07:00,26.5,86.7,80.6,100.8,0.57621,403.67389
2025-06-21 18:54:13+07:00,26.5,86.3,76.0,97.2,0.51915,403.62912
2025-06-21 18:55:03+07:00,26.5,86.0,79.0,98.9,0.57451,403.89661
2025-06-21 18:55:59+07:00,26.6,85.6,74.9,96.5,0.58302,403.81088
2025-06-21 18:56:49+07:00,26.6,85.5,73.3,91.5,0.59685,403.91235
2025-06-21 18:57:38+07:00,26.6,85.1,77.3,94.0,0.59337,403.73428
2025-06-21 18:58:28+07:00,26.7,85.9,83.5,107.5,0.58646,403.62912
2025-06-21 18:59:17+07:00,26.6,86.0,96.2,139.3,0.57961,403.78778
2025-06-21 19:00:07+07:00,26.7,85.8,97.1,137.7,0.58646,403.6889
2025-06-21 19:00:56+07:00,26.8,86.0,100.3,143.39999,0.57113,404.03214
2025-06-21 19:01:46+07:00,26.9,86.4,101.6,144.7,0.57113,404.14658
2025-06-21 19:02:37+07:00,26.9,86.1,97.1,136.3,0.57621,404.08087
2025-06-21 19:03:26+07:00,26.8,86.6,98.3,146.89999,0.63253,403.88092
2025-06-21 19:04:16+07:00,26.8,86.4,84.4,117.2,0.63253,403.91235
2025-06-21 19:05:05+07:00,26.8,86.4,83.2,114.6,0.57621,403.99188
2025-06-21 19:05:55+07:00,26.9,86.2,75.1,99.9,0.65847,403.92026
2025-06-21 19:06:44+07:00,26.9,86.0,73.0,96.2,0.61093,403.91235
2025-06-21 19:07:34+07:00,26.9,85.5,75.2,99.5,0.62346,403.75714
2025-06-21 19:08:23+07:00,26.9,85.9,74.5,95.6,0.66604,403.88873
2025-06-21 19:09:13+07:00,26.9,85.4,74.1,96.9,0.58131,403.77243
2025-06-21 19:10:03+07:00,26.7,85.6,73.2,96.2,0.5986,403.84189
2025-06-21 19:10:52+07:00,26.7,85.9,71.8,92.7,0.61093,403.6889
2025-06-21 19:11:42+07:00,26.7,86.1,70.4,87.6,0.56276,403.78009
2025-06-21 19:12:31+07:00,26.7,86.2,72.2,92.1,0.60915,403.87308
2025-06-21 19:13:20+07:00,26.7,86.0,71.8,93.0,0.6021,403.72668
2025-06-21 19:14:10+07:00,26.7,86.0,68.6,85.2,0.56945,403.84189
2025-06-21 19:14:59+07:00,26.8,85.7,69.5,88.2,0.62346,403.86526
2025-06-21 19:15:49+07:00,26.8,85.9,70.4,86.2,0.60386,403.88873
2025-06-21 19:16:40+07:00,26.8,85.7,69.7,86.9,0.57621,403.88092
2025-06-21 19:17:30+07:00,26.7,85.4,68.2,86.1,0.61271,403.98389
2025-06-21 19:18:19+07:00,26.7,85.7,71.2,94.2,0.60562,403.89661
2025-06-21 19:19:19+07:00,26.7,85.6,70.4,88.3,0.58131,403.83411
2025-06-21 19:20:08+07:00,26.7,85.6,68.2,86.9,0.56442,403.90448
2025-06-21 19:20:58+07:00,26.8,85.7,70.7,91.7,0.57621,403.84967
2025-06-21 19:21:47+07:00,26.8,85.6,70.7,88.6,0.58646,403.92816
2025-06-21 19:22:36+07:00,26.8,85.6,72.8,88.5,0.6021,403.92816
2025-06-21 19:23:27+07:00,26.8,85.7,73.2,93.3,0.63071,403.95197
2025-06-21 19:24:18+07:00,26.8,85.7,72.7,89.8,0.5986,403.95197
2025-06-21 19:25:07+07:00,26.8,85.3,75.1,94.2,0.61806,403.77243
2025-06-21 19:26:50+07:00,26.8,85.1,76.4,95.1,0.61627,403.8186
2025-06-21 19:27:40+07:00,26.8,85.1,79.8,98.2,0.62346,403.92026
2025-06-21 19:28:31+07:00,26.8,85.1,79.2,95.6,0.58646,403.91235
2025-06-21 19:29:23+07:00,26.8,85.0,83.1,102.8,0.61449,404.06458
2025-06-21 19:30:12+07:00,26.7,85.2,81.9,101.6,0.61986,403.95993
2025-06-21 19:31:03+07:00,26.7,85.6,81.0,100.7,0.59164,404.08087
2025-06-21 19:31:55+07:00,26.7,85.6,80.0,104.9,0.62707,403.944
2025-06-21 19:32:45+07:00,26.7,85.7,82.7,106.7,0.63253,404.02405
2025-06-21 19:33:35+07:00,26.8,85.4,84.9,103.6,0.61986,404.08905
2025-06-21 19:34:24+07:00,26.8,85.6,90.8,114.8,0.65098,403.87308
2025-06-21 19:35:14+07:00,26.8,85.8,102.2,131.3,0.61093,403.95993
2025-06-21 19:36:03+07:00,26.8,85.8,107.4,137.8,0.61449,403.82635
2025-06-21 19:36:53+07:00,26.8,86.1,104.9,133.89999,0.62166,403.95993
2025-06-21 19:37:42+07:00,26.8,86.1,104.9,134.39999,0.6417,404.01599
2025-06-21 19:38:32+07:00,26.8,86.1,108.7,138.89999,0.62346,404.02405
2025-06-21 19:39:21+07:00,26.8,86.0,108.3,138.89999,0.65659,404.17145
2025-06-21 19:40:10+07:00,26.8,86.0,106.9,139.10001,0.58818,404.24677
2025-06-21 19:41:00+07:00,26.8,86.0,106.6,139.10001,0.64911,404.05646
2025-06-21 19:41:49+07:00,26.7,86.0,104.6,140.39999,0.64355,404.17978
2025-06-21 19:42:39+07:00,26.7,86.1,107.7,143.39999,0.63435,404.16315
2025-06-21 19:43:29+07:00,26.6,86.5,103.5,135.0,0.63253,404.02405
2025-06-21 19:44:19+07:00,26.6,86.4,111.2,141.5,0.63071,404.17978
2025-06-21 19:45:08+07:00,26.7,86.1,104.1,134.7,0.61806,404.11362
2025-06-21 19:45:58+07:00,26.7,85.8,102.5,135.10001,0.65285,404.06458
2025-06-21 19:46:47+07:00,26.7,85.9,99.7,131.89999,0.65098,404.2048
2025-06-21 19:47:36+07:00,26.6,86.3,101.4,135.7,0.61806,404.17145
2025-06-21 19:48:26+07:00,26.6,86.3,100.9,130.39999,0.60915,404.22153
2025-06-21 19:49:15+07:00,26.7,85.8,101.3,132.10001,0.6454,404.15485
2025-06-21 19:50:05+07:00,26.6,86.0,101.5,132.5,0.67176,404.16315
2025-06-21 19:50:54+07:00,26.7,85.8,103.2,133.7,0.65659,404.09723
2025-06-21 19:51:44+07:00,26.6,85.6,106.0,139.2,0.66036,404.24677
2025-06-21 19:52:33+07:00,26.7,85.6,104.7,134.89999,0.71486,404.40939
2025-06-21 19:53:23+07:00,26.7,85.4,103.1,134.5,0.65285,404.32318
2025-06-21 19:54:13+07:00,26.7,85.5,103.3,136.3,0.70092,404.23834
2025-06-21 19:55:03+07:00,26.7,85.8,104.8,132.10001,0.67367,404.22153
2025-06-21 19:55:53+07:00,26.6,85.9,102.4,137.0,0.63986,404.22992
2025-06-21 19:56:42+07:00,26.6,85.9,100.4,133.89999,0.66414,404.35748
2025-06-21 19:57:32+07:00,26.5,86.1,104.5,142.5,0.63802,404.17978
2025-06-21 19:58:21+07:00,26.5,86.1,99.9,136.0,0.67944,404.24677
2025-06-21 19:59:11+07:00,26.5,86.0,99.1,132.7,0.65847,404.30609
2025-06-21 20:00:00+07:00,26.5,86.1,99.2,130.10001,0.66985,404.13007
2025-06-21 20:00:50+07:00,26.5,86.3,102.3,131.10001,0.63435,404.18808
2025-06-21 20:01:39+07:00,26.4,86.5,101.3,133.2,0.64726,404.21317
2025-06-21 20:02:28+07:00,26.4,86.8,103.9,138.0,0.65472,404.19644
2025-06-21 20:03:18+07:00,26.3,87.0,103.6,137.10001,0.61986,404.07272
2025-06-21 20:04:08+07:00,26.3,87.3,104.3,134.0,0.63253,404.2048
2025-06-21 20:04:58+07:00,26.3,87.5,102.2,134.8,0.66036,404.08087
2025-06-21 20:05:47+07:00,26.3,87.4,102.3,136.2,0.61986,404.09723
2025-06-21 20:06:37+07:00,26.3,87.1,100.9,136.10001,0.64355,403.90448
2025-06-21 20:07:26+07:00,26.3,87.3,105.1,137.5,0.60386,404.06458
2025-06-21 20:08:15+07:00,26.3,87.5,104.2,135.3,0.6021,404.07272
2025-06-21 20:09:05+07:00,26.3,87.5,102.6,139.7,0.6454,404.21317
2025-06-21 20:09:55+07:00,26.4,87.1,100.9,131.3,0.63986,404.26364
2025-06-21 20:10:44+07:00,26.4,86.8,103.9,132.60001,0.63253,404.02405
2025-06-21 20:11:34+07:00,26.4,86.6,101.0,131.2,0.65098,404.16315
2025-06-21 20:12:23+07:00,26.5,86.2,104.6,135.39999,0.64911,404.10541
2025-06-21 20:13:12+07:00,26.5,86.1,100.8,132.39999,0.65098,403.9679
2025-06-21 20:14:02+07:00,26.5,85.7,102.9,133.39999,0.63435,404.17145
2025-06-21 20:14:52+07:00,26.6,85.7,104.0,129.7,0.62889,404.13834
2025-06-21 20:15:41+07:00,26.6,85.7,102.3,135.89999,0.64726,404.13007
2025-06-21 20:16:33+07:00,26.6,85.8,101.1,133.10001,0.59164,404.26364
2025-06-21 20:17:22+07:00,26.6,85.7,97.1,126.9,0.64726,404.08087
2025-06-21 20:18:11+07:00,26.6,85.7,102.7,130.3,0.61986,403.944
2025-06-21 20:19:04+07:00,26.6,85.7,98.9,125.0,0.61806,404.17145
2025-06-21 20:19:53+07:00,26.6,85.7,96.9,124.5,0.61806,404.08905
2025-06-21 20:20:45+07:00,26.6,85.4,94.9,123.3,0.63619,403.89661
2025-06-21 20:21:35+07:00,26.6,85.7,99.7,130.89999,0.61093,404.00793
2025-06-21 20:22:25+07:00,26.5,85.9,96.1,125.1,0.60562,404.02405
2025-06-21 20:23:14+07:00,26.5,86.1,94.4,122.4,0.60562,403.88873
2025-06-21 20:24:04+07:00,26.5,86.2,94.6,120.2,0.63802,404.09723
2025-06-21 20:24:56+07:00,26.4,86.4,94.6,119.8,0.62889,404.04022
2025-06-21 20:25:45+07:00,26.4,86.5,96.2,123.6,0.60386,404.28058
2025-06-21 20:27:39+07:00,26.3,87.0,100.0,126.1,0.63802,404.33173
2025-06-21 20:28:33+07:00,26.3,86.9,98.4,129.0,0.67559,404.29758
2025-06-21 20:29:33+07:00,26.3,87.0,97.9,126.5,0.6833,404.4007
2025-06-21 20:30:26+07:00,26.3,87.4,97.5,124.4,0.65472,404.25519
2025-06-21 20:31:26+07:00,26.3,87.7,97.3,123.5,0.66036,404.31464
2025-06-21 20:32:18+07:00,26.3,87.5,99.4,123.9,0.68137,404.34891
2025-06-21 20:33:10+07:00,26.4,86.8,101.7,126.5,0.63986,404.08905
2025-06-21 20:34:00+07:00,26.5,86.2,98.9,129.60001,0.60738,404.10541
2025-06-21 20:34:53+07:00,26.4,86.4,99.6,131.5,0.67751,404.01599
2025-06-21 20:35:47+07:00,26.4,86.6,99.8,128.10001,0.69697,404.13007
2025-06-21 20:36:36+07:00,26.5,86.4,104.5,130.7,0.63435,404.02405
2025-06-21 20:37:26+07:00,26.4,86.4,98.6,127.9,0.62526,404.17978
2025-06-21 20:38:16+07:00,26.4,86.3,99.3,129.2,0.63253,404.10541
2025-06-21 20:39:06+07:00,26.4,86.4,101.4,132.3,0.60035,404.15485
2025-06-21 20:39:55+07:00,26.3,86.7,102.6,133.8,0.64726,404.10541
2025-06-21 20:40:44+07:00,26.3,86.7,92.7,122.4,0.62889,403.95197
2025-06-21 20:41:34+07:00,26.3,86.8,99.7,129.89999,0.60915,404.04022
2025-06-21 20:42:23+07:00,26.2,87.0,99.4,128.3,0.63071,403.99991
2025-06-21 20:43:13+07:00,26.2,87.2,100.7,125.8,0.59511,403.99188
2025-06-21 20:44:04+07:00,26.1,87.3,102.5,130.3,0.61806,404.03214
2025-06-21 20:44:56+07:00,26.2,86.9,100.1,125.2,0.63986,404.00793
2025-06-21 20:45:46+07:00,26.2,87.3,108.9,137.5,0.59337,404.06458
2025-06-21 20:46:35+07:00,26.2,87.6,108.3,140.39999,0.61806,403.92816
2025-06-21 20:47:25+07:00,26.2,87.8,103.4,132.3,0.6021,404.07272
2025-06-21 20:48:14+07:00,26.2,87.9,106.1,139.3,0.56109,404.06458
2025-06-21 20:49:04+07:00,26.2,87.8,110.8,137.7,0.63802,404.12186
2025-06-21 20:49:53+07:00,26.2,87.7,118.7,151.5,0.63071,404.06458
2025-06-21 20:50:43+07:00,26.3,87.7,108.9,140.10001,0.63071,404.14658
2025-06-21 20:51:33+07:00,26.3,87.6,123.3,155.2,0.62889,404.17978
2025-06-21 20:52:22+07:00,26.3,87.6,112.7,142.60001,0.61271,403.944
2025-06-21 20:53:11+07:00,26.2,87.7,145.2,183.60001,0.60738,404.15485
2025-06-21 20:54:01+07:00,26.3,87.6,137.5,174.10001,0.64726,404.21317
2025-06-21 20:54:50+07:00,26.4,87.2,129.7,171.89999,0.64911,404.09723
2025-06-21 20:55:40+07:00,26.4,87.0,123.4,164.39999,0.60738,404.09723
2025-06-21 20:56:30+07:00,26.4,86.9,121.0,158.3,0.62166,404.28909
2025-06-21 20:57:19+07:00,26.4,87.1,114.9,150.5,0.63435,404.22153
2025-06-21 20:58:08+07:00,26.4,87.1,114.1,150.89999,0.65659,404.10541
2025-06-21 20:58:58+07:00,26.4,87.1,113.4,150.39999,0.63986,404.19644
2025-06-21 20:59:47+07:00,26.5,87.0,113.0,147.0,0.67559,404.17978
2025-06-21 21:00:37+07:00,26.5,87.0,120.4,159.3,0.65472,404.05646
2025-06-21 21:01:26+07:00,26.5,86.8,122.5,156.2,0.70488,404.13007
2025-06-21 21:02:15+07:00,26.5,86.8,119.5,158.60001,0.5986,404.15485
2025-06-21 21:03:05+07:00,26.5,86.7,123.4,161.2,0.62889,404.19644
2025-06-21 21:03:54+07:00,26.5,86.6,123.9,162.60001,0.62166,404.01599
2025-06-21 21:04:44+07:00,26.4,86.8,120.8,163.5,0.62889,404.3403
2025-06-21 21:05:33+07:00,26.4,87.0,122.8,160.3,0.62707,404.16315
2025-06-21 21:06:23+07:00,26.4,87.0,124.3,166.0,0.64726,404.08905
2025-06-21 21:07:12+07:00,26.4,87.1,122.1,156.10001,0.59511,403.87308
2025-06-21 21:08:01+07:00,26.4,87.3,126.6,167.5,0.63253,404.3403
2025-06-21 21:08:51+07:00,26.4,87.3,126.5,164.7,0.64911,404.4007
2025-06-21 21:09:40+07:00,26.3,87.4,129.2,168.3,0.64726,404.17145
2025-06-21 21:10:30+07:00,26.3,87.4,133.10001,172.3,0.61627,404.39203
2025-06-21 21:11:19+07:00,26.3,87.6,130.60001,170.7,0.6454,404.35748
2025-06-21 21:12:09+07:00,26.3,87.5,127.3,162.89999,0.63071,404.28058
2025-06-21 21:12:59+07:00,26.3,87.5,131.2,168.2,0.64726,403.86526
2025-06-21 21:13:48+07:00,26.4,87.4,128.0,163.8,0.65659,404.24677
2025-06-21 21:14:37+07:00,26.4,87.6,130.2,166.60001,0.6833,404.28909
2025-06-21 21:15:27+07:00,26.3,87.5,129.7,170.3,0.63986,404.32318
2025-06-21 21:16:16+07:00,26.3,87.6,122.8,159.5,0.6454,404.23834
2025-06-21 21:17:06+07:00,26.4,87.3,125.2,161.0,0.63071,404.28909
2025-06-21 21:17:55+07:00,26.4,87.3,121.9,162.7,0.66794,404.19644
2025-06-21 21:18:45+07:00,26.4,87.1,121.5,166.7,0.63435,404.31464
2025-06-21 21:19:34+07:00,26.4,87.2,118.0,154.39999,0.68137,404.32318
2025-06-21 21:20:23+07:00,26.4,86.9,118.6,157.8,0.64726,404.16315
2025-06-21 21:21:13+07:00,26.4,87.0,118.4,150.7,0.61806,404.25519
2025-06-21 21:22:02+07:00,26.4,87.2,119.4,157.60001,0.61271,404.07272
2025-06-21 21:22:52+07:00,26.4,87.0,115.6,151.3,0.6454,404.17145
2025-06-21 21:23:41+07:00,26.3,86.9,112.5,147.10001,0.6454,404.04834
2025-06-21 21:24:31+07:00,26.3,87.0,115.5,148.5,0.65098,404.22153
2025-06-21 21:25:20+07:00,26.4,86.9,113.1,148.3,0.59685,404.11362
2025-06-21 21:26:09+07:00,26.3,87.1,111.4,142.8,0.60915,404.08905
2025-06-21 21:26:59+07:00,26.3,87.4,110.4,141.0,0.64355,404.00793
2025-06-21 21:27:48+07:00,26.2,87.4,105.9,137.2,0.63802,404.02405
2025-06-21 21:28:37+07:00,26.3,87.4,107.6,140.39999,0.58991,404.08905
2025-06-21 21:29:27+07:00,26.2,87.4,109.5,141.60001,0.61271,404.12186
2025-06-21 21:30:16+07:00,26.2,87.3,104.3,131.89999,0.63253,403.944
2025-06-21 21:31:06+07:00,26.1,87.6,101.4,127.6,0.61986,404.05646
2025-06-21 21:31:55+07:00,26.1,87.6,107.5,137.89999,0.59511,404.08087
2025-06-21 21:32:45+07:00,26.1,87.7,101.8,128.8,0.59685,404.00793
2025-06-21 21:33:34+07:00,26.1,87.5,99.9,128.39999,0.60386,404.03214
2025-06-21 21:34:23+07:00,26.1,87.5,102.7,129.7,0.63071,403.88092
2025-06-21 21:35:13+07:00,26.1,87.6,103.3,134.39999,0.5986,403.9679
2025-06-21 21:36:02+07:00,26.1,87.4,98.2,122.5,0.60738,403.90448
2025-06-21 21:36:52+07:00,26.2,87.0,97.9,125.1,0.60915,403.95197
2025-06-21 21:37:44+07:00,26.2,87.0,99.4,126.7,0.66225,403.92026
2025-06-21 21:38:34+07:00,26.2,86.8,103.8,131.5,0.60915,403.91235
2025-06-21 21:39:23+07:00,26.3,86.7,102.8,126.6,0.6021,403.944
2025-06-21 21:40:12+07:00,26.3,86.3,101.9,129.2,0.65659,403.77243
2025-06-21 21:41:02+07:00,26.3,86.5,100.4,131.7,0.58131,403.86526
2025-06-21 21:41:51+07:00,26.2,86.7,101.5,130.10001,0.5986,403.71912
2025-06-21 21:42:40+07:00,26.2,86.8,98.6,128.10001,0.57113,403.92816
2025-06-21 21:43:30+07:00,26.2,87.0,98.9,128.39999,0.61627,403.90448
2025-06-21 21:44:19+07:00,26.1,87.0,105.1,131.7,0.58474,403.89661
2025-06-21 21:45:09+07:00,26.1,87.1,101.5,131.8,0.61093,403.83411
2025-06-21 21:45:58+07:00,26.2,87.0,102.8,133.10001,0.61449,403.93607
2025-06-21 21:46:47+07:00,26.2,86.9,101.8,130.60001,0.58131,403.95993
2025-06-21 21:47:37+07:00,26.2,86.6,105.2,134.10001,0.58991,403.77243
2025-06-21 21:48:26+07:00,26.2,86.6,106.4,134.10001,0.60738,403.80316
2025-06-21 21:49:16+07:00,26.2,86.6,109.7,138.8,0.58991,404.04834
2025-06-21 21:50:05+07:00,26.3,86.1,113.1,145.5,0.57961,403.78778
2025-06-21 21:50:55+07:00,26.3,86.0,109.3,140.89999,0.58646,403.84189
2025-06-21 21:51:44+07:00,26.2,86.2,108.4,137.7,0.57621,403.8186
2025-06-21 21:52:33+07:00,26.3,86.3,106.4,142.7,0.61271,403.84967
2025-06-21 21:53:28+07:00,26.3,86.3,111.5,141.89999,0.57961,404.04834
2025-06-21 21:54:18+07:00,26.3,86.3,113.5,143.5,0.58474,403.93607
2025-06-21 21:55:07+07:00,26.2,86.5,108.2,141.7,0.58131,403.73428
2025-06-21 21:55:57+07:00,26.3,86.5,108.6,135.8,0.56945,403.84189
2025-06-21 21:56:46+07:00,26.3,86.6,112.1,143.3,0.58474,404.02405
2025-06-21 21:57:35+07:00,26.3,86.6,108.8,140.2,0.59511,403.89661
2025-06-21 21:58:25+07:00,26.3,86.6,114.7,145.2,0.59164,403.93607
2025-06-21 21:59:14+07:00,26.3,86.6,112.2,144.39999,0.61986,404.07272
2025-06-21 22:00:05+07:00,26.4,86.1,113.4,147.0,0.59685,404.08905
2025-06-21 22:00:54+07:00,26.4,86.2,116.0,153.10001,0.57282,404.01599
2025-06-21 22:01:43+07:00,26.4,86.2,113.0,146.0,0.5986,404.04022
2025-06-21 22:02:33+07:00,26.4,86.3,114.2,148.10001,0.5986,403.86526
2025-06-21 22:03:25+07:00,26.4,86.4,117.7,151.39999,0.58818,404.13007
2025-06-21 22:04:14+07:00,26.4,86.3,118.5,152.0,0.58131,403.90448
2025-06-21 22:05:04+07:00,26.4,86.2,117.3,152.3,0.60035,404.10541
2025-06-21 22:05:53+07:00,26.4,86.2,116.6,155.0,0.57961,403.84189
2025-06-21 22:06:43+07:00,26.4,86.4,119.5,155.8,0.60915,403.944
2025-06-21 22:07:32+07:00,26.4,86.6,120.5,156.5,0.59337,403.88092
2025-06-21 22:08:22+07:00,26.4,86.5,117.6,155.39999,0.5986,404.04022
2025-06-21 22:09:12+07:00,26.3,86.5,123.0,162.10001,0.6021,404.12186
2025-06-21 22:10:55+07:00,26.4,86.7,122.4,153.60001,0.62526,403.98389
2025-06-21 22:11:49+07:00,26.4,86.8,121.9,153.8,0.60035,404.04022
2025-06-21 22:12:39+07:00,26.3,87.0,115.8,149.2,0.58991,404.09723
2025-06-21 22:13:28+07:00,26.3,87.0,119.4,152.60001,0.62526,403.944
2025-06-21 22:14:17+07:00,26.3,87.1,117.9,152.8,0.60738,404.01599
2025-06-21 22:15:09+07:00,26.3,87.0,124.0,161.2,0.59164,404.06458
2025-06-21 22:16:01+07:00,26.3,87.2,131.3,170.60001,0.59685,404.01599
2025-06-21 22:16:51+07:00,26.3,87.3,131.7,173.3,0.62346,404.01599
2025-06-21 22:17:40+07:00,26.2,87.4,131.7,179.5,0.60386,404.09723
2025-06-21 22:18:30+07:00,26.3,87.4,135.10001,179.8,0.61449,404.00793
2025-06-21 22:19:19+07:00,26.3,87.5,134.8,184.0,0.62526,403.97589
2025-06-21 22:20:08+07:00,26.3,87.2,131.7,180.10001,0.61986,404.08905
2025-06-21 22:20:58+07:00,26.3,86.9,136.39999,188.3,0.59164,404.04834
2025-06-21 22:21:48+07:00,26.3,87.3,138.89999,187.2,0.58302,404.24677
2025-06-21 22:22:38+07:00,26.3,87.4,144.39999,199.2,0.60386,403.99188
2025-06-21 22:23:28+07:00,26.2,87.4,140.3,193.3,0.59337,404.08905
2025-06-21 22:24:17+07:00,26.3,87.2,140.8,198.2,0.60562,404.10541
2025-06-21 22:25:06+07:00,26.3,87.2,138.8,193.0,0.60386,404.25519
2025-06-21 22:25:56+07:00,26.3,87.2,137.10001,184.0,0.61449,404.06458
2025-06-21 22:26:47+07:00,26.3,87.2,137.39999,184.3,0.66036,404.15485
2025-06-21 22:27:41+07:00,26.3,87.3,137.0,185.60001,0.61449,404.02405
2025-06-21 22:28:31+07:00,26.2,87.2,144.7,190.10001,0.62889,404.04834
2025-06-21 22:29:20+07:00,26.3,87.3,140.5,189.89999,0.61449,404.36612
2025-06-21 22:30:10+07:00,26.3,87.3,137.39999,185.2,0.62707,404.08087
2025-06-21 22:30:59+07:00,26.3,87.5,137.10001,188.60001,0.61806,404.06458
2025-06-21 22:31:49+07:00,26.3,87.3,136.0,189.2,0.63253,404.13834
2025-06-21 22:32:38+07:00,26.3,87.3,140.10001,194.10001,0.60562,404.21317
2025-06-21 22:33:30+07:00,26.3,87.6,140.39999,196.7,0.61093,403.92026
2025-06-21 22:34:19+07:00,26.2,87.7,138.5,188.60001,0.62707,404.08087
2025-06-21 22:35:09+07:00,26.2,87.7,141.5,193.89999,0.60562,404.13007
2025-06-21 22:35:58+07:00,26.2,87.7,141.5,194.5,0.61627,404.39203
2025-06-21 22:36:48+07:00,26.2,87.8,139.89999,195.60001,0.60562,404.07272
2025-06-21 22:37:37+07:00,26.1,88.1,136.10001,190.39999,0.64355,404.10541
2025-06-21 22:38:26+07:00,26.2,87.8,142.0,195.7,0.63071,404.13007
2025-06-21 22:39:16+07:00,26.2,87.9,138.60001,192.10001,0.66036,404.16315
2025-06-21 22:40:05+07:00,26.1,88.0,137.60001,198.2,0.61806,404.27213
2025-06-21 22:40:55+07:00,26.1,88.1,128.0,182.2,0.60915,404.24677
2025-06-21 22:41:44+07:00,26.2,88.0,132.0,185.10001,0.60915,404.28058
2025-06-21 22:42:34+07:00,26.2,87.8,132.89999,180.0,0.60386,404.14658
2025-06-21 22:43:23+07:00,26.2,87.8,128.10001,181.60001,0.61271,404.17145
2025-06-21 22:44:12+07:00,26.1,87.7,123.6,167.5,0.6454,403.99991
2025-06-21 22:45:02+07:00,26.1,87.9,122.7,167.89999,0.60386,404.00793
2025-06-21 22:45:51+07:00,26.1,87.9,122.2,168.0,0.65285,404.10541
2025-06-21 22:46:41+07:00,26.1,87.7,116.1,154.10001,0.62889,404.10541
2025-06-21 22:47:30+07:00,26.1,87.9,114.6,153.5,0.60386,403.98389
2025-06-21 22:48:22+07:00,26.0,88.1,115.0,154.10001,0.63802,403.92816
2025-06-21 22:49:11+07:00,26.0,88.2,116.3,150.89999,0.60035,403.84967
2025-06-21 22:50:00+07:00,26.0,88.3,111.8,149.10001,0.56945,403.88092
2025-06-21 22:50:50+07:00,26.0,87.9,120.0,158.7,0.62166,403.88873
2025-06-21 22:51:39+07:00,26.1,88.0,116.7,152.0,0.58818,403.93607
2025-06-21 22:52:29+07:00,26.0,88.0,109.7,141.2,0.60035,403.944
2025-06-21 22:53:18+07:00,26.0,87.8,115.1,153.5,0.59337,404.05646
2025-06-21 22:54:11+07:00,26.0,88.4,115.7,148.0,0.59337,403.82635
2025-06-21 22:55:01+07:00,26.0,88.2,112.5,145.60001,0.59511,403.92026
2025-06-21 22:55:53+07:00,26.0,88.3,114.9,154.39999,0.60562,403.78778
2025-06-21 22:56:42+07:00,26.0,88.0,114.2,150.39999,0.58646,403.82635
2025-06-21 22:57:32+07:00,26.0,88.1,115.1,155.5,0.55777,403.93607
2025-06-21 22:58:21+07:00,26.0,88.1,115.4,149.8,0.58991,403.78009
2025-06-21 22:59:14+07:00,26.0,88.0,113.3,152.7,0.56945,403.86526
2025-06-21 23:00:07+07:00,26.0,88.0,116.0,152.3,0.54955,403.88092
2025-06-21 23:01:01+07:00,26.0,87.7,114.2,152.3,0.57961,403.86526
2025-06-21 23:01:54+07:00,26.0,88.0,117.4,157.89999,0.55119,403.74188
2025-06-21 23:02:50+07:00,26.1,87.8,121.9,162.8,0.58646,403.82635
2025-06-21 23:03:39+07:00,26.1,87.6,122.8,159.7,0.57961,403.87308
2025-06-21 23:04:29+07:00,26.1,87.6,124.7,164.2,0.56276,403.76477
2025-06-21 23:05:18+07:00,26.1,87.7,120.6,158.2,0.58131,403.78778
2025-06-21 23:06:08+07:00,26.0,88.0,120.8,158.39999,0.57282,403.87308
2025-06-21 23:06:58+07:00,26.0,88.3,119.8,159.8,0.56945,403.82635
2025-06-21 23:07:47+07:00,25.9,88.6,116.1,151.10001,0.58302,403.88092
2025-06-21 23:08:39+07:00,25.9,88.7,125.4,162.8,0.57113,403.70398
2025-06-21 23:09:29+07:00,25.9,89.1,120.2,155.2,0.57621,403.9679
2025-06-21 23:10:21+07:00,25.9,89.0,117.7,154.10001,0.56609,403.78009
2025-06-21 23:11:11+07:00,25.9,89.1,120.9,156.7,0.56442,403.75714
2025-06-21 23:12:00+07:00,25.9,88.8,124.2,162.89999,0.57282,403.89661
2025-06-21 23:12:53+07:00,26.0,88.3,122.0,158.8,0.59337,403.84189
2025-06-21 23:13:42+07:00,26.1,88.4,122.5,162.5,0.54304,403.82635
2025-06-21 23:14:32+07:00,26.1,88.1,120.1,158.2,0.55612,403.74951
2025-06-21 23:15:21+07:00,26.1,87.8,118.5,157.39999,0.57113,403.88873
2025-06-21 23:16:11+07:00,26.1,87.7,120.2,159.8,0.58302,403.8186
2025-06-21 23:17:04+07:00,26.0,87.9,121.5,156.8,0.5986,403.87308
2025-06-21 23:17:53+07:00,26.1,87.7,119.5,161.2,0.56777,403.78009
2025-06-21 23:18:45+07:00,26.1,87.8,121.5,159.5,0.57791,403.93607
2025-06-21 23:19:46+07:00,26.1,87.6,119.9,159.2,0.56109,403.84189
2025-06-21 23:20:38+07:00,26.1,87.3,121.4,160.39999,0.55612,403.92026
2025-06-21 23:21:31+07:00,26.1,87.4,124.2,165.2,0.58131,403.84189
2025-06-21 23:22:20+07:00,26.0,87.8,124.3,162.5,0.55612,403.98389
2025-06-21 23:23:09+07:00,26.0,88.1,122.0,162.3,0.59337,403.90448
2025-06-21 23:23:59+07:00,26.0,88.3,124.3,169.2,0.60386,403.79547
2025-06-21 23:24:48+07:00,26.0,88.6,130.2,172.0,0.57621,403.95993
2025-06-21 23:25:38+07:00,25.9,88.7,121.9,165.2,0.56276,403.88092
2025-06-21 23:26:27+07:00,25.9,88.7,124.9,167.7,0.55612,403.77243
2025-06-21 23:27:17+07:00,25.9,88.7,124.0,168.2,0.61271,403.88092
2025-06-21 23:28:06+07:00,25.9,88.7,122.1,162.60001,0.55119,403.84189
2025-06-21 23:28:56+07:00,25.8,88.6,119.7,155.89999,0.57621,403.84189
2025-06-21 23:29:45+07:00,25.8,88.4,112.5,148.3,0.58474,403.80316
2025-06-21 23:30:35+07:00,25.9,87.9,108.9,146.89999,0.58131,403.86526
2025-06-21 23:32:20+07:00,26.0,87.3,119.0,148.7,0.54955,403.80316
2025-06-21 23:33:09+07:00,26.0,87.2,109.3,142.7,0.58991,403.67389
2025-06-21 23:33:59+07:00,25.9,87.2,106.1,137.60001,0.57961,403.85745
2025-06-21 23:34:48+07:00,25.9,87.1,107.4,134.39999,0.54955,403.78009
2025-06-21 23:35:38+07:00,25.9,86.9,104.2,136.0,0.50982,403.76477
2025-06-21 23:36:27+07:00,25.9,86.8,109.0,138.10001,0.55612,403.6889
2025-06-21 23:37:17+07:00,25.9,86.9,109.8,138.60001,0.57961,403.72668
2025-06-21 23:38:06+07:00,25.8,87.2,101.7,129.10001,0.5398,403.74951
2025-06-21 23:38:55+07:00,25.9,87.0,102.8,133.39999,0.55943,403.92026
2025-06-21 23:39:45+07:00,25.8,87.2,106.7,132.3,0.54629,403.66641
2025-06-21 23:40:34+07:00,25.7,87.2,99.5,125.5,0.4991,403.6217
2025-06-21 23:41:24+07:00,25.7,87.3,99.8,124.2,0.52386,403.70398
2025-06-21 23:42:13+07:00,25.8,87.4,100.0,124.6,0.54955,403.64401
2025-06-21 23:43:02+07:00,25.8,87.3,105.4,131.3,0.53338,403.65894
2025-06-21 23:43:52+07:00,25.8,87.5,102.8,128.0,0.54955,403.62912
2025-06-21 23:44:41+07:00,25.8,87.6,96.8,124.8,0.54142,403.67389
2025-06-21 23:45:31+07:00,25.8,87.4,94.9,119.0,0.54142,403.61429
2025-06-21 23:46:20+07:00,25.8,87.2,98.9,128.5,0.54629,403.74951
2025-06-21 23:47:10+07:00,25.8,87.6,98.2,127.9,0.55943,403.5701
2025-06-21 23:47:59+07:00,25.8,87.5,100.2,126.6,0.56276,403.57745
2025-06-21 23:48:49+07:00,25.8,87.3,93.4,121.0,0.55943,403.71912
2025-06-21 23:49:38+07:00,25.8,87.2,97.7,126.0,0.56609,403.6069
2025-06-21 23:50:27+07:00,25.8,86.8,94.2,117.6,0.55777,403.66641
2025-06-21 23:51:20+07:00,25.8,86.8,92.4,123.9,0.56276,403.64401
2025-06-21 23:52:09+07:00,25.8,86.7,92.8,116.3,0.51136,403.70398
2025-06-21 23:52:59+07:00,25.8,86.9,93.0,118.5,0.51136,403.6889
2025-06-21 23:53:48+07:00,25.8,86.9,95.5,118.7,0.58131,403.65894
2025-06-21 23:54:38+07:00,25.8,86.8,106.9,142.3,0.50521,403.5701
2025-06-21 23:55:27+07:00,25.9,86.7,99.1,131.60001,0.55943,403.70398
2025-06-21 23:56:17+07:00,26.0,86.6,103.1,135.7,0.52228,403.6814
2025-06-21 23:57:11+07:00,26.0,86.5,103.6,135.60001,0.51291,403.65894
2025-06-21 23:58:03+07:00,26.0,86.3,94.1,124.9,0.51136,403.71155
2025-06-21 23:58:53+07:00,26.0,86.2,94.8,122.2,0.54142,403.6814
2025-06-21 23:59:42+07:00,26.0,86.0,99.0,129.60001,0.54466,403.50464
2025-06-22 00:00:32+07:00,26.0,86.1,98.1,122.0,0.54629,403.57745
2025-06-22 00:01:22+07:00,26.0,86.0,94.0,116.8,0.54304,403.45438
2025-06-22 00:02:11+07:00,26.0,86.0,94.3,123.0,0.53178,403.54089
2025-06-22 00:03:01+07:00,26.0,85.9,95.4,118.6,0.54792,403.58478
2025-06-22 00:03:50+07:00,26.0,85.6,96.5,122.5,0.5286,403.57745
2025-06-22 00:04:40+07:00,25.9,85.7,93.2,120.2,0.54792,403.46869
2025-06-22 00:05:29+07:00,25.9,85.8,93.0,119.8,0.55612,403.52637
2025-06-22 00:06:19+07:00,25.9,86.0,95.2,120.0,0.52544,403.71155
2025-06-22 00:07:09+07:00,25.9,86.1,96.6,119.9,0.51447,403.51187
2025-06-22 00:07:58+07:00,25.9,86.6,92.4,116.3,0.55447,403.61429
2025-06-22 00:08:47+07:00,25.9,86.5,97.8,128.10001,0.51136,403.64401
2025-06-22 00:09:37+07:00,25.8,86.8,96.5,124.1,0.53338,403.64401
2025-06-22 00:10:26+07:00,25.9,86.8,100.3,134.3,0.50674,403.5191
2025-06-22 00:11:16+07:00,25.8,86.9,99.4,126.5,0.52702,403.56277
2025-06-22 00:12:05+07:00,25.8,86.8,101.4,129.0,0.51602,403.5701
2025-06-22 00:12:54+07:00,25.8,86.8,100.5,127.6,0.50521,403.47586
2025-06-22 00:13:44+07:00,25.8,86.7,95.9,124.5,0.54629,403.54089
2025-06-22 00:14:33+07:00,25.8,87.2,100.0,127.1,0.55447,403.65894
2025-06-22 00:15:23+07:00,25.8,86.9,101.2,125.9,0.54466,403.67389
2025-06-22 00:16:12+07:00,25.8,87.0,96.8,125.7,0.5398,403.70398
2025-06-22 00:17:02+07:00,25.8,86.7,98.3,121.8,0.53498,403.61429
2025-06-22 00:17:54+07:00,25.8,87.0,100.9,130.3,0.51447,403.57745
2025-06-22 00:18:43+07:00,25.8,87.2,102.4,131.2,0.5286,403.56277
2025-06-22 00:19:33+07:00,25.8,86.9,97.5,123.6,0.50674,403.6814
2025-06-22 00:20:23+07:00,25.7,87.2,99.3,126.1,0.52071,403.65894
2025-06-22 00:21:12+07:00,25.8,87.5,102.4,128.0,0.54142,403.65894
2025-06-22 00:22:02+07:00,25.8,87.4,102.9,131.0,0.4991,403.6889
2025-06-22 00:22:52+07:00,25.8,87.4,101.9,130.0,0.51291,403.67389
2025-06-22 00:23:46+07:00,25.9,87.3,100.5,128.60001,0.54466,403.63657
2025-06-22 00:24:37+07:00,25.9,87.3,101.4,127.5,0.50062,403.64401
2025-06-22 00:25:29+07:00,25.9,87.3,105.4,135.39999,0.51758,403.58478
2025-06-22 00:26:19+07:00,25.9,87.6,107.3,139.5,0.53498,403.6069
2025-06-22 00:27:08+07:00,25.9,87.6,103.8,133.0,0.55119,403.64401
2025-06-22 00:27:58+07:00,26.0,87.6,103.6,131.5,0.52386,403.6889
2025-06-22 00:28:47+07:00,25.9,87.5,104.1,135.5,0.52071,403.59952
2025-06-22 00:29:37+07:00,25.9,87.7,104.9,129.39999,0.4991,403.64401
2025-06-22 00:30:26+07:00,25.9,87.6,103.0,130.0,0.54304,403.63657
2025-06-22 00:31:16+07:00,25.9,87.5,100.6,127.8,0.53019,403.57745
2025-06-22 00:32:08+07:00,25.9,87.4,102.8,130.0,0.51602,403.6814
2025-06-22 00:32:58+07:00,25.9,87.5,99.8,127.7,0.52702,403.64401
2025-06-22 00:33:48+07:00,25.9,87.6,97.7,125.0,0.48856,403.70398
2025-06-22 00:34:37+07:00,25.8,87.8,101.7,132.0,0.54629,403.6069
2025-06-22 00:35:27+07:00,25.9,87.8,103.2,132.3,0.5398,403.5701
2025-06-22 00:39:02+07:00,25.8,88.0,101.3,128.3,0.5398,403.59213
2025-06-22 00:39:52+07:00,25.9,88.2,104.3,131.39999,0.51291,403.59213
2025-06-22 00:40:41+07:00,25.8,88.2,115.6,149.89999,0.5286,403.62912
2025-06-22 00:41:31+07:00,25.8,88.0,115.1,148.10001,0.53498,403.63657
2025-06-22 00:42:20+07:00,25.8,88.5,112.7,145.5,0.53338,403.6217
2025-06-22 00:43:10+07:00,25.9,88.4,115.3,151.60001,0.54955,403.6814
2025-06-22 00:43:59+07:00,25.9,88.3,111.3,142.7,0.51447,403.69644
2025-06-22 00:44:48+07:00,25.8,88.4,112.1,148.5,0.54955,403.69644
2025-06-22 00:45:38+07:00,25.8,88.4,113.2,145.2,0.55943,403.63657
2025-06-22 00:46:27+07:00,25.8,88.5,115.6,152.3,0.51291,403.70398
2025-06-22 00:47:18+07:00,25.8,88.6,113.8,150.39999,0.54304,403.70398
2025-06-22 00:48:07+07:00,25.8,88.5,113.1,145.60001,0.55777,403.74951
2025-06-22 00:48:56+07:00,25.8,88.8,110.8,142.8,0.51758,403.70398
2025-06-22 00:49:46+07:00,25.7,88.9,114.0,147.3,0.5398,403.74951
2025-06-22 00:50:35+07:00,25.7,88.9,113.4,145.10001,0.52386,403.71155
2025-06-22 00:51:25+07:00,25.8,88.8,114.3,147.39999,0.52386,403.6889
2025-06-22 00:52:15+07:00,25.8,88.6,110.7,146.10001,0.55612,403.69644
2025-06-22 00:53:04+07:00,25.8,88.5,116.9,153.10001,0.53819,403.76477
2025-06-22 00:53:54+07:00,25.9,88.4,114.0,148.60001,0.55447,403.78009
2025-06-22 00:54:43+07:00,25.9,88.6,115.2,152.0,0.55612,403.65894
2025-06-22 00:55:33+07:00,25.9,88.3,117.2,151.3,0.5398,403.74188
2025-06-22 00:56:23+07:00,25.8,88.4,116.2,151.0,0.53019,403.6814
2025-06-22 00:57:13+07:00,25.8,88.4,116.7,150.10001,0.55447,403.67389
2025-06-22 00:58:02+07:00,25.8,88.2,120.8,157.39999,0.54304,403.71155
2025-06-22 00:58:52+07:00,25.8,88.2,117.0,150.60001,0.54304,403.72668
2025-06-22 00:59:41+07:00,25.7,88.5,122.5,155.5,0.55612,403.78009
2025-06-22 01:00:30+07:00,25.7,88.8,119.6,155.7,0.53498,403.62912
2025-06-22 01:01:20+07:00,25.7,88.9,119.3,159.10001,0.56777,403.6217
2025-06-22 01:02:09+07:00,25.7,88.6,121.9,161.39999,0.53658,403.69644
2025-06-22 01:02:59+07:00,25.7,88.5,117.5,154.2,0.55119,403.69644
2025-06-22 01:03:48+07:00,25.7,88.8,117.9,155.0,0.53178,403.56277
2025-06-22 01:04:38+07:00,25.7,89.2,119.9,154.60001,0.56609,403.71155
2025-06-22 01:05:27+07:00,25.6,89.3,123.6,159.7,0.54142,403.71912
2025-06-22 01:06:17+07:00,25.7,89.2,118.5,153.2,0.54304,403.72668
2025-06-22 01:07:06+07:00,25.6,89.3,115.1,150.8,0.51915,403.69644
2025-06-22 01:07:56+07:00,25.6,89.4,116.8,153.0,0.50521,403.75714
2025-06-22 01:08:45+07:00,25.6,89.6,119.8,155.39999,0.5398,403.75714
2025-06-22 01:09:35+07:00,25.5,89.9,118.5,151.3,0.56945,403.54089
2025-06-22 01:10:24+07:00,25.6,89.7,121.0,159.39999,0.54955,403.6814
2025-06-22 01:11:14+07:00,25.6,89.6,115.7,151.7,0.53019,403.70398
2025-06-22 01:12:03+07:00,25.7,89.4,120.4,153.10001,0.53819,403.65894
2025-06-22 01:12:53+07:00,25.8,88.9,116.3,146.8,0.55447,403.62912
2025-06-22 01:13:42+07:00,25.8,89.2,116.6,155.8,0.5286,403.70398
2025-06-22 01:14:31+07:00,25.8,89.1,117.1,150.5,0.53498,403.59952
2025-06-22 01:15:21+07:00,25.8,89.0,119.2,155.7,0.54466,403.74188
2025-06-22 01:16:10+07:00,25.8,89.0,117.7,158.10001,0.51447,403.6069
2025-06-22 01:17:00+07:00,25.8,88.8,121.8,160.8,0.54792,403.89661
2025-06-22 01:17:49+07:00,25.9,88.5,125.4,163.89999,0.52386,403.59952
2025-06-22 01:18:38+07:00,25.8,88.7,127.9,170.89999,0.54304,403.92816
2025-06-22 01:19:28+07:00,25.8,88.8,126.3,165.8,0.52702,403.75714
2025-06-22 01:20:17+07:00,25.7,89.1,130.5,175.10001,0.5286,403.77243
2025-06-22 01:21:09+07:00,25.7,89.2,129.8,173.60001,0.5398,403.77243
2025-06-22 01:21:59+07:00,25.7,89.4,133.60001,181.3,0.55447,403.67389
2025-06-22 01:22:48+07:00,25.6,89.6,130.39999,174.10001,0.54629,403.77243
2025-06-22 01:23:40+07:00,25.6,89.8,130.10001,171.8,0.56609,403.6814
2025-06-22 01:24:30+07:00,25.6,90.2,134.2,179.7,0.52544,403.69644
2025-06-22 01:25:19+07:00,25.5,90.2,129.7,173.8,0.56442,403.74188
2025-06-22 01:26:08+07:00,25.6,89.9,133.0,179.10001,0.51136,403.58478
2025-06-22 01:26:58+07:00,25.7,89.7,128.60001,173.2,0.55283,403.76477
2025-06-22 01:27:47+07:00,25.7,89.4,129.0,170.7,0.53658,403.6814
2025-06-22 01:28:36+07:00,25.8,89.1,127.5,171.3,0.53498,403.78778
2025-06-22 01:29:26+07:00,25.7,89.2,129.60001,174.89999,0.52544,403.65894
2025-06-22 01:30:15+07:00,25.7,89.3,128.0,174.8,0.54304,403.67389
2025-06-22 01:31:05+07:00,25.7,89.6,128.3,174.39999,0.54142,403.78778
2025-06-22 01:31:54+07:00,25.7,89.5,128.10001,170.8,0.53338,403.76477
2025-06-22 01:32:43+07:00,25.7,89.7,129.5,173.10001,0.54629,403.80316
2025-06-22 01:33:33+07:00,25.7,89.7,129.89999,172.8,0.52544,403.71912
2025-06-22 01:34:22+07:00,25.7,89.7,135.3,181.0,0.53658,403.71155
2025-06-22 01:35:11+07:00,25.8,89.7,130.3,177.7,0.54955,403.72668
2025-06-22 01:36:01+07:00,25.8,89.7,135.0,176.5,0.55283,403.70398
2025-06-22 01:36:50+07:00,25.8,89.8,133.0,176.60001,0.59685,403.84189
2025-06-22 01:37:40+07:00,25.8,89.6,131.3,177.5,0.54792,403.90448
2025-06-22 01:38:29+07:00,25.7,89.8,134.0,177.8,0.54955,403.78778
2025-06-22 01:39:18+07:00,25.7,89.9,132.39999,175.89999,0.57451,403.73428
2025-06-22 01:40:08+07:00,25.7,89.7,129.8,176.7,0.55612,403.75714
2025-06-22 01:40:57+07:00,25.7,89.7,129.7,171.89999,0.55119,403.81088
2025-06-22 01:41:46+07:00,25.7,89.6,128.3,172.8,0.55283,403.79547
2025-06-22 01:42:36+07:00,25.7,89.8,128.0,173.2,0.56609,403.89661
2025-06-22 01:43:25+07:00,25.6,89.9,125.6,168.0,0.57282,403.66641
2025-06-22 01:44:15+07:00,25.6,90.1,127.2,175.3,0.54629,403.62912
2025-06-22 01:45:05+07:00,25.6,89.9,124.2,171.7,0.54629,403.74188
2025-06-22 01:45:55+07:00,25.6,89.8,121.9,166.7,0.57113,403.72668
2025-06-22 01:46:45+07:00,25.6,89.4,122.0,164.8,0.53019,403.78778
2025-06-22 01:47:35+07:00,25.6,89.5,121.0,165.39999,0.57282,403.64401
2025-06-22 01:48:27+07:00,25.6,89.7,124.9,168.89999,0.56109,403.92026
2025-06-22 01:49:16+07:00,25.6,89.7,126.9,170.39999,0.56109,403.74188
2025-06-22 01:50:06+07:00,25.7,89.4,124.3,168.10001,0.56442,403.79547
2025-06-22 01:50:58+07:00,25.7,89.2,128.39999,171.89999,0.52386,403.67389
2025-06-22 01:51:48+07:00,25.8,89.1,127.8,174.39999,0.57451,403.8186
2025-06-22 01:52:39+07:00,25.8,89.0,126.5,175.7,0.54142,403.67389
2025-06-22 01:53:29+07:00,25.7,88.9,127.8,176.60001,0.53498,403.81088
2025-06-22 01:54:19+07:00,25.7,89.1,133.60001,183.7,0.5398,403.6889
2025-06-22 01:55:08+07:00,25.6,89.1,130.60001,182.7,0.56777,403.74951
2025-06-22 01:55:59+07:00,25.7,89.2,135.2,188.10001,0.54792,403.74951
2025-06-22 01:56:49+07:00,25.7,89.1,134.10001,190.2,0.55447,403.73428
2025-06-22 01:57:38+07:00,25.6,89.2,138.39999,192.3,0.55777,403.51187
2025-06-22 01:58:32+07:00,25.6,89.2,138.10001,193.3,0.53819,403.62912
2025-06-22 01:59:22+07:00,25.7,89.2,138.89999,190.2,0.56609,403.78778
2025-06-22 02:00:11+07:00,25.7,89.3,135.60001,188.2,0.54304,403.88873
2025-06-22 02:01:01+07:00,25.7,89.1,139.3,196.10001,0.55943,403.59213
2025-06-22 02:01:50+07:00,25.7,89.2,138.0,195.10001,0.58131,404.14658
2025-06-22 02:02:40+07:00,25.7,89.2,139.60001,200.2,0.53819,403.75714
2025-06-22 02:03:29+07:00,25.7,89.2,140.10001,199.10001,0.56609,403.77243
2025-06-22 02:04:19+07:00,25.7,89.3,136.5,191.7,0.52702,403.79547
2025-06-22 02:05:08+07:00,25.7,89.1,139.2,199.8,0.56109,403.95197
2025-06-22 02:05:58+07:00,25.7,89.2,139.8,199.3,0.52228,403.74951
2025-06-22 02:06:47+07:00,25.7,89.1,138.7,194.5,0.54629,403.67389
2025-06-22 02:07:36+07:00,25.6,89.4,134.10001,189.0,0.56945,403.78009
2025-06-22 02:08:26+07:00,25.6,89.7,140.60001,195.7,0.56442,403.70398
2025-06-22 02:09:15+07:00,25.5,89.8,132.8,187.89999,0.55447,403.6069
2025-06-22 02:10:04+07:00,25.6,89.6,134.8,189.0,0.53498,403.81088
2025-06-22 02:10:54+07:00,25.5,90.1,134.89999,190.2,0.57961,403.78778
2025-06-22 02:11:43+07:00,25.5,90.4,140.7,194.0,0.53658,403.74951
2025-06-22 02:12:33+07:00,25.4,90.6,141.89999,200.60001,0.55283,403.88873
2025-06-22 02:13:22+07:00,25.4,90.8,141.8,203.39999,0.55943,403.74951
2025-06-22 02:14:11+07:00,25.4,90.7,137.0,196.8,0.56442,403.73428
2025-06-22 02:15:01+07:00,25.4,90.7,137.3,191.2,0.54955,403.71155
2025-06-22 02:15:51+07:00,25.5,90.5,140.3,204.10001,0.54304,403.71155
2025-06-22 02:16:40+07:00,25.5,90.2,142.2,201.39999,0.51291,403.89661
2025-06-22 02:17:29+07:00,25.6,90.2,139.60001,195.39999,0.55447,403.80316
2025-06-22 02:18:19+07:00,25.6,90.0,144.2,207.8,0.54466,403.5191
2025-06-22 02:19:08+07:00,25.6,89.8,142.3,205.10001,0.57282,403.78009
2025-06-22 02:19:57+07:00,25.6,89.8,144.0,209.39999,0.57621,403.69644
2025-06-22 02:20:47+07:00,25.6,89.9,149.89999,216.7,0.56442,403.75714
2025-06-22 02:21:36+07:00,25.6,89.9,146.60001,209.10001,0.55612,403.69644
2025-06-22 02:22:26+07:00,25.6,90.0,149.60001,213.3,0.57621,403.83411
2025-06-22 02:23:15+07:00,25.6,90.1,149.10001,214.5,0.55612,403.78009
2025-06-22 02:24:04+07:00,25.5,90.2,147.7,213.8,0.54466,403.88873
2025-06-22 02:24:54+07:00,25.6,90.0,143.10001,204.89999,0.57451,403.59213
2025-06-22 02:25:43+07:00,25.6,89.7,141.3,200.89999,0.56109,403.65146
2025-06-22 02:26:33+07:00,25.6,89.5,140.5,202.5,0.58131,403.67389
2025-06-22 02:27:22+07:00,25.6,89.4,140.8,203.39999,0.56609,403.70398
2025-06-22 02:28:12+07:00,25.6,89.6,137.8,200.7,0.55283,403.79547
2025-06-22 02:29:01+07:00,25.5,89.6,134.8,192.8,0.52702,403.66641
2025-06-22 02:29:50+07:00,25.5,89.6,142.60001,204.60001,0.55283,403.71912
2025-06-22 02:30:40+07:00,25.6,89.5,141.0,204.7,0.53338,403.67389
2025-06-22 02:31:29+07:00,25.5,89.5,137.5,202.5,0.54304,403.66641
2025-06-22 02:32:19+07:00,25.6,89.4,143.5,213.10001,0.54466,403.71155
2025-06-22 02:33:08+07:00,25.5,89.7,142.2,208.39999,0.51602,403.64401
2025-06-22 02:33:57+07:00,25.4,89.9,139.3,202.0,0.55612,403.71912
2025-06-22 02:34:47+07:00,25.4,90.0,139.7,204.0,0.5286,403.77243
2025-06-22 02:35:36+07:00,25.4,90.1,138.7,202.2,0.55119,403.66641
2025-06-22 02:36:25+07:00,25.5,89.9,145.0,206.5,0.55943,403.59213
2025-06-22 02:37:15+07:00,25.5,89.7,144.3,207.5,0.53019,403.74188
2025-06-22 02:38:04+07:00,25.6,89.5,142.5,203.10001,0.52702,403.83411
2025-06-22 02:38:54+07:00,25.6,89.7,142.5,208.0,0.54629,403.64401
2025-06-22 02:39:43+07:00,25.6,89.5,141.5,202.39999,0.50674,403.63657
2025-06-22 02:40:32+07:00,25.6,89.4,139.89999,201.89999,0.5286,403.65146
2025-06-22 02:41:22+07:00,25.6,89.4,139.3,203.5,0.54792,403.62912
2025-06-22 02:42:11+07:00,25.6,89.5,142.10001,201.7,0.55283,403.67389
2025-06-22 02:43:01+07:00,25.5,89.6,137.7,193.2,0.57791,403.71912
2025-06-22 02:43:50+07:00,25.6,89.8,137.89999,195.60001,0.56109,403.71155
2025-06-22 02:44:39+07:00,25.6,89.7,137.89999,195.2,0.51915,403.62912
2025-06-22 02:45:29+07:00,25.6,89.7,133.2,190.2,0.55283,403.78009
2025-06-22 02:46:18+07:00,25.6,89.7,136.3,193.5,0.54304,403.70398
2025-06-22 02:47:08+07:00,25.6,89.5,134.3,193.7,0.54304,403.6814
2025-06-22 02:47:57+07:00,25.6,89.5,136.89999,193.0,0.53498,403.71155
2025-06-22 02:48:46+07:00,25.6,89.3,133.60001,191.0,0.56777,403.89661
2025-06-22 02:49:36+07:00,25.6,89.2,135.39999,189.5,0.52702,403.71155
2025-06-22 02:50:26+07:00,25.5,89.3,132.7,185.2,0.55447,403.66641
2025-06-22 02:51:15+07:00,25.6,89.2,135.39999,189.3,0.56609,403.76477
2025-06-22 02:52:08+07:00,25.6,89.3,135.7,189.7,0.53498,403.70398
2025-06-22 02:52:57+07:00,25.5,89.5,136.89999,194.89999,0.51447,403.71912
2025-06-22 02:53:46+07:00,25.4,89.8,137.2,192.0,0.51915,403.70398
2025-06-22 02:54:36+07:00,25.4,90.1,135.60001,187.2,0.54629,403.74951
2025-06-22 02:55:25+07:00,25.3,90.5,132.60001,185.0,0.5398,403.6889
2025-06-22 02:56:14+07:00,25.3,90.9,130.39999,184.5,0.54142,403.82635
2025-06-22 02:57:04+07:00,25.3,91.1,128.8,180.5,0.4991,403.69644
2025-06-22 02:57:53+07:00,25.3,90.7,132.2,187.8,0.52071,403.74951
2025-06-22 02:58:43+07:00,25.4,90.5,138.89999,199.8,0.50368,403.69644
2025-06-22 02:59:32+07:00,25.3,90.5,135.8,195.8,0.5398,403.70398
2025-06-22 03:00:21+07:00,25.3,90.7,135.39999,196.89999,0.5398,403.8186
2025-06-22 03:01:11+07:00,25.3,90.7,137.3,201.7,0.57451,403.75714
2025-06-22 03:02:00+07:00,25.2,90.8,142.39999,203.7,0.53178,403.6814
2025-06-22 03:02:52+07:00,25.3,90.9,138.8,198.10001,0.55119,403.79547
2025-06-22 03:03:42+07:00,25.2,91.0,134.39999,197.3,0.5286,403.6889
2025-06-22 03:04:31+07:00,25.2,90.9,137.10001,199.39999,0.52544,403.65894
2025-06-22 03:05:21+07:00,25.2,90.9,136.5,194.10001,0.5286,403.5701
2025-06-22 03:06:10+07:00,25.3,91.1,140.0,206.10001,0.51136,403.71912
2025-06-22 03:07:00+07:00,25.2,91.2,139.2,204.7,0.54304,403.80316
2025-06-22 03:07:49+07:00,25.2,91.3,143.89999,213.3,0.53658,403.72668
2025-06-22 03:08:41+07:00,25.2,91.4,138.10001,203.0,0.54792,403.6217
2025-06-22 03:09:31+07:00,25.3,91.5,140.7,208.89999,0.53178,403.65146
2025-06-22 03:10:25+07:00,25.3,91.4,140.8,205.60001,0.50982,403.66641
2025-06-22 03:11:15+07:00,25.3,91.3,142.39999,207.8,0.5398,403.71912
2025-06-22 03:12:04+07:00,25.3,91.2,136.89999,202.8,0.53498,403.75714
2025-06-22 03:12:54+07:00,25.3,91.1,139.0,202.7,0.52702,403.8186
2025-06-22 03:13:45+07:00,25.3,90.7,133.0,196.8,0.54629,403.6814
2025-06-22 03:14:34+07:00,25.3,90.6,138.7,200.7,0.54955,403.57745
2025-06-22 03:15:24+07:00,25.3,90.6,135.7,198.39999,0.52071,403.5701
2025-06-22 03:16:13+07:00,25.3,90.5,136.0,201.60001,0.52386,403.6814
2025-06-22 03:17:02+07:00,25.3,90.5,137.60001,205.3,0.54304,403.63657
2025-06-22 03:17:52+07:00,25.3,90.4,143.10001,208.5,0.52228,403.63657
2025-06-22 03:18:44+07:00,25.4,90.3,137.2,205.39999,0.51758,403.71912
2025-06-22 03:19:34+07:00,25.4,90.0,139.89999,209.3,0.53658,403.54819
2025-06-22 03:20:23+07:00,25.3,90.2,135.10001,199.10001,0.51758,403.69644
2025-06-22 03:21:13+07:00,25.3,90.4,137.2,200.60001,0.55612,403.62912
2025-06-22 03:22:02+07:00,25.3,90.7,137.5,200.60001,0.54142,403.64401
2025-06-22 03:22:52+07:00,25.3,90.9,139.39999,203.5,0.51291,403.57745
2025-06-22 03:23:41+07:00,25.2,90.9,140.0,205.7,0.5398,403.59952
2025-06-22 03:24:30+07:00,25.2,91.1,138.2,197.7,0.53658,403.63657
2025-06-22 03:25:20+07:00,25.2,91.2,134.3,200.2,0.53178,403.62912
2025-06-22 03:26:16+07:00,25.3,91.3,134.39999,200.5,0.49608,403.58478
2025-06-22 03:27:08+07:00,25.2,91.2,136.5,200.0,0.52544,403.59213
2025-06-22 03:27:58+07:00,25.2,91.1,134.39999,193.3,0.52071,403.54089
2025-06-22 03:28:47+07:00,25.3,90.7,134.8,197.3,0.54142,403.61429
2025-06-22 03:29:37+07:00,25.3,90.7,131.10001,193.39999,0.52386,403.59213
2025-06-22 03:30:28+07:00,25.4,90.4,135.5,195.5,0.49759,403.71912
2025-06-22 03:31:18+07:00,25.3,90.6,137.89999,200.2,0.53819,403.54089
2025-06-22 03:32:07+07:00,25.4,90.5,135.0,197.60001,0.48707,403.6069
2025-06-22 03:32:56+07:00,25.4,90.4,133.89999,191.5,0.54142,403.6814
2025-06-22 03:33:46+07:00,25.4,90.2,133.8,191.39999,0.54304,403.63657
2025-06-22 03:34:35+07:00,25.5,90.0,131.89999,195.3,0.50674,403.59952
2025-06-22 03:35:25+07:00,25.4,89.9,132.60001,200.39999,0.51602,403.63657
2025-06-22 03:36:14+07:00,25.5,90.1,134.8,196.8,0.54629,403.63657
2025-06-22 03:37:03+07:00,25.4,89.9,134.5,191.2,0.51136,403.65894
2025-06-22 03:37:53+07:00,25.4,90.0,129.8,188.3,0.49306,403.51187
2025-06-22 03:38:42+07:00,25.4,89.8,130.39999,184.5,0.55777,403.6217
2025-06-22 03:39:31+07:00,25.5,89.6,127.2,185.60001,0.52228,403.6069
2025-06-22 03:40:21+07:00,25.5,89.5,130.89999,187.2,0.55447,403.54089
2025-06-22 03:41:10+07:00,25.5,89.4,128.10001,186.2,0.49608,403.56277
2025-06-22 03:41:59+07:00,25.5,89.4,128.10001,182.8,0.49759,403.65894
2025-06-22 03:42:49+07:00,25.5,89.4,129.39999,180.89999,0.50521,403.6217
2025-06-22 03:43:42+07:00,25.6,89.2,129.0,186.8,0.50982,403.64401
2025-06-22 03:44:31+07:00,25.6,89.1,128.60001,184.39999,0.53819,403.62912
2025-06-22 03:45:21+07:00,25.5,89.2,128.39999,185.3,0.57791,403.65146
2025-06-22 03:46:10+07:00,25.5,89.3,128.7,186.0,0.54304,403.59952
2025-06-22 03:46:59+07:00,25.4,89.6,125.0,177.3,0.50215,403.5191
2025-06-22 03:47:52+07:00,25.4,89.6,130.8,187.60001,0.52386,403.52637
2025-06-22 03:48:41+07:00,25.5,89.5,128.60001,185.7,0.51447,403.6217
2025-06-22 03:49:31+07:00,25.5,89.5,124.1,180.89999,0.50215,403.58478
2025-06-22 03:50:20+07:00,25.5,89.6,123.2,173.2,0.52228,403.54089
2025-06-22 03:51:09+07:00,25.5,89.6,122.8,169.5,0.50521,403.56277
2025-06-22 03:51:59+07:00,25.5,89.4,119.6,172.8,0.49608,403.6217
2025-06-22 03:52:48+07:00,25.5,89.3,119.3,166.3,0.48558,403.64401
2025-06-22 03:53:38+07:00,25.5,89.4,122.3,171.3,0.51136,403.64401
2025-06-22 03:54:27+07:00,25.5,89.6,121.3,170.0,0.50674,403.53363
2025-06-22 03:55:21+07:00,25.5,89.4,123.8,167.5,0.53819,403.5701
2025-06-22 03:56:14+07:00,25.4,89.7,127.1,175.89999,0.50982,403.52637
2025-06-22 03:57:09+07:00,25.4,90.0,123.2,176.39999,0.4991,403.41177
2025-06-22 03:57:59+07:00,25.4,90.0,123.0,173.39999,0.51291,403.65146
2025-06-22 03:58:49+07:00,25.4,89.7,123.9,173.7,0.52071,403.70398
2025-06-22 03:59:38+07:00,25.4,90.0,122.4,174.10001,0.55612,403.57745
2025-06-22 04:00:28+07:00,25.4,90.0,124.5,181.8,0.52071,403.63657
2025-06-22 04:01:18+07:00,25.5,89.9,127.9,179.2,0.53178,403.63657
2025-06-22 04:02:07+07:00,25.5,89.7,125.0,178.8,0.58302,403.61429
2025-06-22 04:02:57+07:00,25.4,89.9,126.0,176.8,0.51447,403.54089
2025-06-22 04:03:47+07:00,25.4,89.9,123.8,179.10001,0.49306,404.05646
2025-06-22 04:04:37+07:00,25.3,90.0,124.6,176.10001,0.53338,403.54819
2025-06-22 04:06:23+07:00,25.3,89.9,130.8,184.7,0.52544,403.66641
2025-06-22 04:07:12+07:00,25.3,89.8,122.1,177.2,0.54466,403.61429
2025-06-22 04:08:02+07:00,25.3,90.0,123.3,174.60001,0.49608,403.74188
2025-06-22 04:08:54+07:00,25.3,90.1,119.4,170.7,0.54466,403.56277
2025-06-22 04:09:44+07:00,25.3,90.2,116.8,165.3,0.5398,403.67389
2025-06-22 04:10:33+07:00,25.2,90.5,118.8,164.8,0.51915,403.57745
2025-06-22 04:11:23+07:00,25.2,90.3,120.4,170.60001,0.54792,403.5701
2025-06-22 04:12:13+07:00,25.2,90.4,116.9,170.10001,0.49457,403.64401
2025-06-22 04:13:03+07:00,25.2,90.4,124.0,177.5,0.53338,403.62912
2025-06-22 04:13:53+07:00,25.2,90.7,117.3,162.10001,0.50828,403.63657
2025-06-22 04:14:42+07:00,25.1,90.8,119.5,165.0,0.53178,403.6889
2025-06-22 04:15:32+07:00,25.2,90.8,121.2,168.39999,0.53498,403.6217
2025-06-22 04:16:26+07:00,25.1,90.9,123.1,169.3,0.50828,403.70398
2025-06-22 04:17:20+07:00,25.1,91.1,121.2,167.8,0.51447,403.74951
2025-06-22 04:18:10+07:00,25.1,91.2,121.2,172.39999,0.4991,403.71155
2025-06-22 04:19:00+07:00,25.1,91.2,124.4,175.89999,0.53819,403.52637
2025-06-22 04:19:50+07:00,25.1,91.3,117.0,163.8,0.51602,403.57745
2025-06-22 04:20:44+07:00,25.1,91.3,122.8,175.5,0.51915,403.62912
2025-06-22 04:21:34+07:00,25.1,91.0,124.4,178.0,0.5286,403.5701
2025-06-22 04:23:30+07:00,25.2,90.7,124.6,177.5,0.53338,403.55548
2025-06-22 04:25:28+07:00,25.2,91.1,127.1,174.60001,0.5286,403.47586
2025-06-22 04:26:20+07:00,25.2,91.0,119.0,169.7,0.49608,403.6217
2025-06-22 04:27:13+07:00,25.2,91.0,117.8,167.3,0.53498,403.65146
2025-06-22 04:28:05+07:00,25.2,90.8,113.1,154.39999,0.54304,403.65146
2025-06-22 04:28:54+07:00,25.2,91.0,111.2,156.39999,0.54792,403.59213
2025-06-22 04:29:44+07:00,25.3,90.0,103.0,139.2,0.50368,403.61429
2025-06-22 04:30:34+07:00,25.3,89.4,102.8,142.3,0.55612,403.71912
2025-06-22 04:31:23+07:00,25.3,89.9,99.6,132.7,0.51602,403.67389
2025-06-22 04:32:22+07:00,25.3,90.2,90.1,121.9,0.53338,403.49023
2025-06-22 04:33:15+07:00,25.2,89.9,86.8,115.3,0.51291,403.59952
2025-06-22 04:34:05+07:00,25.2,89.5,88.5,116.0,0.51602,403.49744
2025-06-22 04:34:54+07:00,25.3,89.2,84.8,112.7,0.52071,403.49744
2025-06-22 04:35:44+07:00,25.3,88.6,87.1,115.2,0.49457,403.5701
2025-06-22 04:36:33+07:00,25.3,89.1,82.5,108.6,0.50828,403.5191
2025-06-22 04:37:23+07:00,25.3,89.1,84.7,111.6,0.51915,403.59213
2025-06-22 04:38:12+07:00,25.3,89.2,85.9,114.5,0.52544,403.43304
2025-06-22 04:39:02+07:00,25.2,89.6,87.9,116.1,0.50368,403.58478
2025-06-22 04:39:51+07:00,25.2,89.8,85.3,110.3,0.47527,403.56277
2025-06-22 04:40:40+07:00,25.2,89.2,86.8,116.9,0.50521,403.53363
2025-06-22 04:41:30+07:00,25.2,89.8,87.1,116.6,0.51136,403.56277
2025-06-22 04:42:19+07:00,25.2,89.3,86.8,111.2,0.48262,403.44012
2025-06-22 04:43:08+07:00,25.2,89.0,83.4,108.6,0.50982,403.51187
2025-06-22 04:43:58+07:00,25.3,89.1,78.9,104.0,0.49457,403.59213
2025-06-22 04:44:47+07:00,25.3,88.0,83.1,107.8,0.49759,403.6814
2025-06-22 04:45:36+07:00,25.3,89.0,83.8,108.6,0.50674,403.55548
2025-06-22 04:46:26+07:00,25.3,89.3,81.7,102.3,0.48707,403.46869
2025-06-22 04:47:15+07:00,25.3,88.3,81.0,109.4,0.54304,403.6814
2025-06-22 04:48:05+07:00,25.4,88.6,83.8,111.4,0.50215,403.62912
2025-06-22 04:48:54+07:00,25.3,89.3,83.7,110.3,0.51602,403.53363
2025-06-22 04:49:43+07:00,25.3,88.4,85.1,119.0,0.49306,403.62912
2025-06-22 04:50:33+07:00,25.3,88.6,86.8,116.1,0.51291,403.65894
2025-06-22 04:51:22+07:00,25.3,89.0,86.6,119.7,0.50062,403.54819
2025-06-22 04:52:12+07:00,25.3,89.3,87.5,120.2,0.50062,403.53363
2025-06-22 04:53:01+07:00,25.2,89.5,91.1,137.10001,0.50062,403.59213
2025-06-22 04:53:50+07:00,25.3,89.4,88.2,125.9,0.50215,403.5191
2025-06-22 04:54:40+07:00,25.3,89.3,86.3,122.2,0.49457,403.54089
2025-06-22 04:55:32+07:00,25.3,89.2,85.9,120.2,0.55612,403.55548
2025-06-22 04:56:22+07:00,25.3,89.6,85.6,115.2,0.49457,403.43304
2025-06-22 04:57:11+07:00,25.3,89.4,86.1,116.6,0.53498,403.43304
2025-06-22 04:58:01+07:00,25.2,89.6,82.9,115.6,0.51447,403.51187
2025-06-22 04:58:50+07:00,25.2,89.5,81.8,118.4,0.4991,403.58478
2025-06-22 04:59:43+07:00,25.3,89.4,86.0,118.3,0.50368,403.53363
2025-06-22 05:00:34+07:00,25.2,89.7,83.9,115.0,0.4991,403.41885
2025-06-22 05:01:24+07:00,25.2,90.0,83.8,114.4,0.5286,403.40472
2025-06-22 05:02:13+07:00,25.2,90.0,83.3,117.6,0.49457,403.5191
2025-06-22 05:03:02+07:00,25.1,90.2,85.0,117.8,0.50062,403.55548
2025-06-22 05:03:52+07:00,25.1,90.1,84.1,110.3,0.49006,403.49744
2025-06-22 05:04:41+07:00,25.2,89.5,83.0,116.9,0.49759,403.50464
2025-06-22 05:05:30+07:00,25.2,89.9,85.0,115.6,0.4991,403.53363
2025-06-22 05:06:20+07:00,25.2,89.9,83.9,112.4,0.49759,403.49023
2025-06-22 05:07:10+07:00,25.2,89.8,87.3,118.4,0.48114,403.51187
2025-06-22 05:07:59+07:00,25.2,89.8,84.2,115.3,0.50368,403.54819
2025-06-22 05:08:48+07:00,25.2,90.0,84.4,114.5,0.52386,403.57745
2025-06-22 05:09:38+07:00,25.2,89.9,86.9,116.5,0.50521,403.5701
2025-06-22 05:10:27+07:00,25.1,90.1,87.0,121.9,0.5286,403.45438
2025-06-22 05:11:16+07:00,25.1,90.3,87.0,119.0,0.51291,403.44727
2025-06-22 05:12:06+07:00,25.0,90.5,80.1,105.9,0.50215,403.43304
2025-06-22 05:12:56+07:00,25.0,90.5,83.1,117.9,0.51758,403.50464
2025-06-22 05:13:45+07:00,25.0,90.7,86.8,115.5,0.47967,403.59213
2025-06-22 05:14:35+07:00,25.0,90.9,86.5,112.0,0.49006,403.49744
2025-06-22 05:15:24+07:00,25.0,90.9,85.1,113.1,0.49156,403.41177
2025-06-22 05:16:14+07:00,25.0,90.9,87.4,113.1,0.49759,403.74951
2025-06-22 05:17:03+07:00,25.0,91.2,87.9,113.6,0.49006,403.46869
2025-06-22 05:17:52+07:00,24.9,91.5,84.6,119.3,0.48262,403.55548
2025-06-22 05:18:42+07:00,24.9,91.6,89.4,115.4,0.50982,403.59213
2025-06-22 05:19:33+07:00,24.9,91.6,88.3,116.1,0.49006,403.44727
2025-06-22 05:20:22+07:00,25.0,91.2,86.7,115.0,0.51758,403.47586
2025-06-22 05:21:12+07:00,25.0,91.0,89.5,116.1,0.50828,403.45438
2025-06-22 05:22:01+07:00,25.0,91.0,86.2,109.0,0.49306,403.6889
2025-06-22 05:22:51+07:00,24.9,91.1,87.8,113.4,0.48707,403.6217
2025-06-22 05:23:40+07:00,24.9,91.1,86.9,114.3,0.48262,403.51187
2025-06-22 05:24:30+07:00,24.9,91.2,84.2,112.6,0.50062,403.6217
2025-06-22 05:25:22+07:00,25.0,91.1,87.5,114.5,0.48856,403.49023
2025-06-22 05:26:12+07:00,25.0,91.1,82.8,109.3,0.51291,403.54089
2025-06-22 05:27:01+07:00,25.0,91.2,86.0,115.4,0.4991,403.58478
2025-06-22 05:27:54+07:00,25.0,91.2,87.9,113.6,0.49759,403.51187
2025-06-22 05:28:43+07:00,25.0,91.0,86.2,112.9,0.47967,403.45438
2025-06-22 05:29:33+07:00,25.1,91.0,88.4,118.3,0.48856,403.70398
2025-06-22 05:30:22+07:00,25.1,90.9,86.7,118.8,0.51291,403.49744
2025-06-22 05:31:12+07:00,25.2,90.4,89.2,117.6,0.49759,403.5701
2025-06-22 05:32:01+07:00,25.1,90.4,87.0,116.6,0.49608,403.59952
2025-06-22 05:32:51+07:00,25.1,90.3,87.2,114.3,0.51915,403.57745
2025-06-22 05:33:43+07:00,25.1,90.4,90.3,120.3,0.49306,403.5191
2025-06-22 05:34:33+07:00,25.2,90.3,87.4,113.2,0.48856,403.55548
2025-06-22 05:35:22+07:00,25.2,90.0,87.1,118.4,0.54792,403.65146
2025-06-22 05:36:11+07:00,25.3,90.0,95.0,126.0,0.51136,403.70398
2025-06-22 05:37:01+07:00,25.3,89.5,93.8,120.8,0.50062,403.52637
2025-06-22 05:37:50+07:00,25.2,89.4,89.4,115.7,0.49156,403.56277
2025-06-22 05:38:40+07:00,25.2,89.7,93.6,123.3,0.50982,403.59952
2025-06-22 05:39:32+07:00,25.1,89.6,95.0,121.2,0.53178,403.5191
2025-06-22 05:40:22+07:00,25.1,89.8,90.8,119.4,0.49006,403.54089
2025-06-22 05:41:16+07:00,25.1,89.7,90.9,116.9,0.50982,403.61429
2025-06-22 05:42:05+07:00,25.1,89.9,95.1,121.3,0.50368,403.52637
2025-06-22 05:42:55+07:00,25.0,90.1,93.6,117.2,0.51758,403.59213
2025-06-22 05:43:44+07:00,24.9,90.3,94.3,122.1,0.50521,403.44727
2025-06-22 05:44:33+07:00,25.0,90.3,89.8,118.8,0.468,403.49744
2025-06-22 05:45:23+07:00,25.0,90.2,92.4,119.2,0.53338,403.52637
2025-06-22 05:46:12+07:00,25.0,90.1,93.5,119.7,0.50521,403.6069
2025-06-22 05:47:02+07:00,25.1,90.0,92.9,120.1,0.51602,403.59213
2025-06-22 05:47:51+07:00,25.1,89.8,93.5,122.2,0.49306,403.5701
2025-06-22 05:48:41+07:00,25.1,90.0,95.0,123.1,0.51602,403.43304
2025-06-22 05:49:30+07:00,25.1,90.0,94.3,128.3,0.49457,403.59952
2025-06-22 05:50:20+07:00,25.1,89.9,89.7,117.7,0.51291,403.57745
2025-06-22 05:51:09+07:00,25.1,90.0,87.2,116.4,0.4991,403.53363
2025-06-22 05:51:58+07:00,25.1,90.2,88.9,118.9,0.50828,403.51187
2025-06-22 05:52:48+07:00,25.1,90.3,86.2,118.8,0.47381,403.62912
2025-06-22 05:53:37+07:00,25.1,90.3,89.7,119.9,0.49306,403.63657
2025-06-22 05:54:27+07:00,25.1,90.1,90.0,114.0,0.49608,403.56277
2025-06-22 05:55:16+07:00,25.1,90.1,85.9,113.4,0.51915,403.63657
2025-06-22 05:56:05+07:00,25.2,90.1,87.7,118.3,0.50521,403.59952
2025-06-22 05:56:55+07:00,25.2,89.7,90.1,118.9,0.50215,403.54819
2025-06-22 05:57:44+07:00,25.2,89.8,87.0,119.7,0.52544,403.61429
2025-06-22 05:58:34+07:00,25.3,89.7,88.5,119.7,0.52071,403.69644
2025-06-22 05:59:23+07:00,25.2,90.0,89.4,120.4,0.51447,403.71155
2025-06-22 06:00:12+07:00,25.2,89.9,87.4,114.9,0.52071,403.6217
2025-06-22 06:01:02+07:00,25.2,89.9,90.3,117.8,0.49608,403.63657
2025-06-22 06:01:51+07:00,25.2,89.7,89.2,117.3,0.51136,403.66641
2025-06-22 06:02:40+07:00,25.2,89.7,87.3,114.5,0.54629,403.65894
2025-06-22 06:03:30+07:00,25.2,89.7,90.1,118.5,0.52386,403.43304
2025-06-22 06:04:19+07:00,25.2,89.7,91.5,116.4,0.54955,403.6814
2025-06-22 06:05:09+07:00,25.2,89.6,90.1,117.1,0.50062,403.56277
2025-06-22 06:05:58+07:00,25.1,89.8,90.9,120.8,0.48707,403.6069
2025-06-22 06:06:47+07:00,25.1,89.8,88.3,116.8,0.52386,403.63657
2025-06-22 06:07:37+07:00,25.1,90.0,86.2,118.1,0.51291,403.66641
2025-06-22 06:08:26+07:00,25.1,89.8,87.6,114.5,0.51291,403.42593
2025-06-22 06:09:15+07:00,25.0,90.2,88.2,118.9,0.52544,403.74188
2025-06-22 06:10:05+07:00,25.0,90.1,86.9,112.5,0.51136,403.61429
2025-06-22 06:10:54+07:00,25.0,90.2,85.3,116.6,0.51291,403.66641
2025-06-22 06:11:43+07:00,25.1,89.9,83.5,111.2,0.53019,403.63657
2025-06-22 06:12:33+07:00,25.1,89.7,85.4,112.8,0.52544,403.69644
2025-06-22 06:13:22+07:00,25.1,89.6,85.1,110.8,0.52071,403.69644
2025-06-22 06:14:12+07:00,25.1,89.7,82.9,111.3,0.53178,403.67389
2025-06-22 06:15:01+07:00,25.1,89.7,82.9,110.6,0.53498,403.67389
2025-06-22 06:15:51+07:00,25.1,89.4,79.4,104.8,0.53338,403.72668
2025-06-22 06:16:40+07:00,25.1,89.4,83.3,108.7,0.51136,403.72668
2025-06-22 06:17:29+07:00,25.1,89.3,83.4,113.2,0.52544,403.73428
2025-06-22 06:18:19+07:00,25.1,89.3,83.3,110.5,0.52544,403.98389
2025-06-22 06:19:08+07:00,25.1,89.1,80.6,108.6,0.53658,403.66641
2025-06-22 06:19:58+07:00,25.1,89.2,80.8,107.7,0.53338,403.78009
2025-06-22 06:20:47+07:00,25.1,89.0,83.7,114.7,0.50062,403.66641
2025-06-22 06:21:36+07:00,25.1,89.2,80.7,109.2,0.51915,403.73428
2025-06-22 06:22:26+07:00,25.1,89.1,83.2,113.9,0.5398,403.74951
2025-06-22 06:23:15+07:00,25.1,89.1,82.7,112.5,0.53819,403.81088
2025-06-22 06:24:05+07:00,25.1,89.0,82.4,113.9,0.51758,403.84967
2025-06-22 06:24:54+07:00,25.2,88.9,84.2,118.3,0.52071,403.87308
2025-06-22 06:25:45+07:00,25.2,88.8,86.1,125.2,0.5286,403.83411
2025-06-22 06:26:35+07:00,25.1,88.9,87.5,122.1,0.50982,403.76477
2025-06-22 06:27:24+07:00,25.1,89.0,85.3,121.1,0.5398,403.81088
2025-06-22 06:28:13+07:00,25.0,89.3,86.6,124.0,0.52228,403.88873
2025-06-22 06:29:03+07:00,25.0,89.2,84.7,119.2,0.55283,403.6069
2025-06-22 06:29:52+07:00,25.0,89.5,84.4,116.2,0.52228,403.86526
2025-06-22 06:30:41+07:00,25.0,89.6,84.2,116.0,0.56777,403.70398
2025-06-22 06:31:31+07:00,25.1,89.3,84.7,115.8,0.56777,403.88873
2025-06-22 06:32:20+07:00,25.0,89.6,85.7,118.6,0.57621,403.88092
2025-06-22 06:33:10+07:00,25.0,89.8,86.9,118.6,0.55447,403.86526
2025-06-22 06:33:59+07:00,25.0,90.0,85.3,118.2,0.55777,403.78009
2025-06-22 06:34:49+07:00,25.0,89.7,85.5,117.3,0.56442,403.78778
2025-06-22 06:35:38+07:00,25.0,89.5,87.7,117.9,0.55612,403.84967
2025-06-22 06:36:27+07:00,25.0,89.7,84.6,114.2,0.4991,403.88873
2025-06-22 06:37:17+07:00,25.0,90.0,86.1,121.4,0.55612,403.75714
2025-06-22 06:38:06+07:00,25.0,90.0,83.9,114.9,0.55119,403.88873
2025-06-22 06:38:55+07:00,25.0,89.7,84.6,113.3,0.56945,403.95197
2025-06-22 06:39:45+07:00,25.1,89.4,88.2,119.8,0.53338,403.8186
2025-06-22 06:40:34+07:00,25.1,89.2,86.6,121.4,0.57451,403.78778
2025-06-22 06:41:24+07:00,25.1,89.2,87.2,116.7,0.5286,403.89661
2025-06-22 06:42:13+07:00,25.1,89.1,89.4,124.4,0.55612,403.85745
2025-06-22 06:43:03+07:00,25.2,89.0,79.0,112.4,0.54629,403.88092
2025-06-22 06:43:52+07:00,25.1,89.1,83.9,115.6,0.5398,403.81088
2025-06-22 06:44:41+07:00,25.1,89.3,84.2,114.5,0.53658,403.87308
2025-06-22 06:45:31+07:00,25.0,89.4,82.7,114.5,0.56109,404.03214
2025-06-22 06:46:20+07:00,25.0,89.7,83.8,111.1,0.53178,403.78009
2025-06-22 06:47:10+07:00,24.9,89.8,83.2,107.3,0.58131,403.78009
2025-06-22 06:47:59+07:00,24.9,90.1,81.5,107.0,0.57113,403.88092
2025-06-22 06:48:49+07:00,24.9,90.0,82.3,114.3,0.54629,403.84967
2025-06-22 06:49:38+07:00,24.9,90.2,81.8,109.5,0.53819,403.82635
2025-06-22 06:50:28+07:00,24.9,90.4,80.9,108.8,0.57961,403.77243
2025-06-22 06:51:17+07:00,24.9,90.3,82.9,110.3,0.52386,403.944
2025-06-22 06:52:07+07:00,25.0,89.9,83.1,111.7,0.52071,403.98389
2025-06-22 06:52:56+07:00,25.1,89.9,83.6,109.7,0.54792,403.89661
2025-06-22 06:53:46+07:00,25.1,90.0,84.8,114.4,0.57791,404.14658
2025-06-22 06:54:35+07:00,25.0,90.2,85.8,117.0,0.55777,404.31464
2025-06-22 06:55:25+07:00,25.0,90.3,80.2,105.7,0.58818,404.24677
2025-06-22 06:56:14+07:00,25.1,90.0,73.4,100.3,0.53338,404.14658
2025-06-22 06:57:03+07:00,25.2,88.9,79.7,111.2,0.55777,404.04834
2025-06-22 06:57:53+07:00,25.2,88.5,84.1,115.3,0.55777,403.86526
2025-06-22 06:58:42+07:00,25.2,88.5,82.1,111.2,0.58302,403.80316
2025-06-22 06:59:32+07:00,25.2,88.7,79.1,111.5,0.55612,403.77243
2025-06-22 07:00:21+07:00,25.2,88.5,80.4,109.7,0.56276,403.74951
2025-06-22 07:01:11+07:00,25.2,88.3,79.7,106.1,0.56609,403.84967
2025-06-22 07:02:00+07:00,25.2,87.8,77.6,106.5,0.55283,403.71155
2025-06-22 07:02:50+07:00,25.2,87.8,79.2,112.4,0.58646,403.79547
2025-06-22 07:03:39+07:00,25.2,87.7,72.1,100.0,0.52386,403.84189
2025-06-22 07:04:29+07:00,25.3,87.7,65.6,89.0,0.57621,403.76477
2025-06-22 07:05:18+07:00,25.3,87.1,60.8,85.4,0.53658,403.74188
2025-06-22 07:06:08+07:00,25.3,86.5,62.5,85.4,0.55119,403.71912
2025-06-22 07:06:57+07:00,25.3,86.1,60.1,79.2,0.54304,403.6889
2025-06-22 07:07:47+07:00,25.3,86.6,62.2,84.7,0.54142,403.81088
2025-06-22 07:08:36+07:00,25.3,86.2,59.0,77.6,0.50674,403.67389
2025-06-22 07:09:25+07:00,25.4,85.7,57.2,75.4,0.53019,403.72668
2025-06-22 07:10:15+07:00,25.4,85.7,59.2,78.2,0.50982,403.72668
2025-06-22 07:11:04+07:00,25.4,86.0,57.7,80.0,0.54466,403.59952
2025-06-22 07:11:54+07:00,25.4,85.9,58.2,76.8,0.48856,403.62912
2025-06-22 07:12:43+07:00,25.4,86.1,60.4,80.1,0.5398,403.64401
2025-06-22 07:13:33+07:00,25.3,86.5,60.2,81.3,0.51602,403.59952
2025-06-22 07:14:23+07:00,25.3,86.3,57.7,75.4,0.49608,403.55548
2025-06-22 07:15:13+07:00,25.3,86.3,57.4,74.7,0.48707,403.5701
2025-06-22 07:16:08+07:00,25.3,85.7,59.8,81.3,0.50828,403.65146
2025-06-22 07:16:58+07:00,25.3,85.2,57.9,77.9,0.54142,403.51187
2025-06-22 07:17:47+07:00,25.4,85.6,60.0,84.2,0.50215,403.66641
2025-06-22 07:18:36+07:00,25.3,86.3,61.6,84.7,0.50521,403.59213
2025-06-22 07:19:26+07:00,25.3,86.0,59.8,81.3,0.48856,403.80316
2025-06-22 07:20:15+07:00,25.2,86.3,63.7,88.5,0.51915,403.54819
2025-06-22 07:21:05+07:00,25.2,86.3,61.1,84.8,0.50982,403.56277
2025-06-22 07:21:54+07:00,25.2,86.6,63.9,86.0,0.49156,403.65146
2025-06-22 07:22:43+07:00,25.2,86.4,65.3,88.3,0.50828,403.62912
2025-06-22 07:23:33+07:00,25.2,87.0,66.9,90.4,0.48707,403.61429
2025-06-22 07:24:22+07:00,25.3,86.9,66.4,87.5,0.4841,403.6889
2025-06-22 07:25:12+07:00,25.2,86.4,71.0,94.1,0.51291,403.70398
2025-06-22 07:26:01+07:00,25.3,86.9,72.0,96.5,0.49006,403.6217
2025-06-22 07:26:51+07:00,25.3,86.5,80.2,108.4,0.50521,403.6814
2025-06-22 07:27:40+07:00,25.3,86.3,96.3,128.39999,0.50062,403.59213
2025-06-22 07:29:19+07:00,25.3,86.9,95.7,126.4,0.52544,403.65894
2025-06-22 07:30:09+07:00,25.3,84.5,88.6,119.3,0.48114,403.84967
2025-06-22 07:30:58+07:00,25.4,85.7,87.8,120.3,0.4991,403.71912
2025-06-22 07:31:48+07:00,25.4,86.3,80.3,110.4,0.50521,403.79547
2025-06-22 07:32:37+07:00,25.4,85.4,80.3,105.7,0.49457,403.73428
2025-06-22 07:33:27+07:00,25.5,85.4,77.1,103.9,0.51136,403.84967
2025-06-22 07:34:16+07:00,25.5,85.3,85.3,116.2,0.52071,403.67389
2025-06-22 07:35:05+07:00,25.5,85.5,74.3,99.8,0.50062,403.99188
2025-06-22 07:35:58+07:00,25.5,85.1,98.9,143.39999,0.50828,403.66641
2025-06-22 07:36:48+07:00,25.6,84.8,99.2,142.5,0.4991,403.65894
2025-06-22 07:37:38+07:00,25.6,84.8,97.9,137.0,0.53658,403.83411
2025-06-22 07:38:28+07:00,25.6,85.4,100.0,141.60001,0.4991,403.78778
2025-06-22 07:39:17+07:00,25.6,85.7,88.9,119.9,0.54466,403.67389
2025-06-22 07:40:07+07:00,25.5,84.1,89.8,125.1,0.51602,403.78778
2025-06-22 07:40:57+07:00,25.6,84.8,84.4,114.7,0.53338,403.79547
2025-06-22 07:41:46+07:00,25.6,85.1,82.4,107.3,0.49306,403.75714
2025-06-22 07:42:36+07:00,25.6,84.7,71.1,99.4,0.51291,403.71912
2025-06-22 07:43:26+07:00,25.6,84.8,67.3,91.9,0.51447,403.63657
2025-06-22 07:44:16+07:00,25.5,84.9,66.6,90.7,0.50674,403.69644
2025-06-22 07:45:06+07:00,25.4,85.2,63.2,87.3,0.5286,403.66641
2025-06-22 07:45:56+07:00,25.4,85.0,61.3,85.9,0.51758,403.72668
2025-06-22 07:46:49+07:00,25.4,84.9,62.1,86.6,0.4991,403.59952
2025-06-22 07:47:38+07:00,25.5,85.5,59.9,79.5,0.49006,403.63657
2025-06-22 07:48:28+07:00,25.5,84.5,62.0,86.5,0.51291,403.65894
2025-06-22 07:49:21+07:00,25.5,84.9,59.6,82.2,0.50215,403.62912
2025-06-22 07:50:10+07:00,25.5,84.3,67.3,93.3,0.51758,403.75714
2025-06-22 07:51:00+07:00,25.4,85.5,62.9,87.0,0.4991,403.67389
2025-06-22 07:52:47+07:00,25.5,84.7,62.8,84.6,0.51291,403.6814
2025-06-22 07:53:38+07:00,25.5,84.1,67.0,90.2,0.5286,403.75714
2025-06-22 07:54:31+07:00,25.6,82.7,69.4,95.5,0.50368,403.72668
2025-06-22 07:55:22+07:00,25.6,84.9,70.2,93.8,0.52386,403.59952
2025-06-22 07:56:15+07:00,25.6,83.2,76.8,107.6,0.49006,403.78778
2025-06-22 07:57:05+07:00,25.7,85.1,68.6,95.0,0.52386,403.80316
2025-06-22 07:57:55+07:00,25.6,85.3,69.8,93.0,0.51447,403.65894
2025-06-22 07:58:48+07:00,25.5,85.3,70.5,98.5,0.51758,403.74951
2025-06-22 07:59:38+07:00,25.5,85.6,68.6,91.9,0.50215,403.65894
2025-06-22 08:00:28+07:00,25.5,85.9,74.0,98.4,0.53819,403.73428
2025-06-22 08:01:18+07:00,25.4,86.2,71.8,95.0,0.50982,403.70398
2025-06-22 08:02:07+07:00,25.4,86.5,73.4,101.2,0.51136,403.67389
2025-06-22 08:02:57+07:00,25.4,86.6,73.0,99.3,0.54142,403.73428
2025-06-22 08:03:47+07:00,25.4,86.6,77.3,104.1,0.51447,403.66641
2025-06-22 08:04:41+07:00,25.5,86.5,75.4,103.0,0.53819,403.6889
2025-06-22 08:05:34+07:00,25.5,86.5,77.8,103.3,0.50215,403.55548
2025-06-22 08:06:27+07:00,25.5,86.3,80.4,107.1,0.50368,403.74951
2025-06-22 08:07:20+07:00,25.5,86.5,80.9,109.3,0.51291,403.6069
2025-06-22 08:08:09+07:00,25.5,86.8,82.4,114.7,0.51758,403.66641
2025-06-22 08:08:58+07:00,25.5,86.8,80.6,109.0,0.5286,403.71155
2025-06-22 08:09:48+07:00,25.5,86.8,81.3,107.1,0.53338,403.64401
2025-06-22 08:10:37+07:00,25.5,86.6,78.0,106.1,0.52228,403.71912
2025-06-22 08:11:27+07:00,25.5,86.4,79.0,106.6,0.51291,403.70398
2025-06-22 08:12:19+07:00,25.6,86.3,71.7,101.7,0.50674,403.63657
2025-06-22 08:13:08+07:00,25.5,85.9,68.8,94.5,0.4991,403.63657
2025-06-22 08:14:06+07:00,25.5,85.9,67.7,94.3,0.50368,403.66641
2025-06-22 08:14:55+07:00,25.5,86.1,71.7,100.2,0.50828,403.65146
2025-06-22 08:15:45+07:00,25.5,86.4,72.1,103.4,0.51447,403.59952
2025-06-22 08:16:35+07:00,25.5,86.3,76.3,108.5,0.49006,403.52637
2025-06-22 08:17:29+07:00,25.5,86.3,74.1,105.4,0.49306,403.55548
2025-06-22 08:18:19+07:00,25.6,86.4,72.3,97.6,0.55283,403.64401
2025-06-22 08:19:08+07:00,25.6,85.9,74.2,107.1,0.48558,403.53363
2025-06-22 08:19:58+07:00,25.6,85.2,73.5,104.8,0.53338,403.65894
2025-06-22 08:20:47+07:00,25.6,85.4,78.2,110.1,0.54792,403.74951
2025-06-22 08:21:36+07:00,25.6,85.0,69.7,94.2,0.53498,403.77243
2025-06-22 08:22:26+07:00,25.6,83.8,74.6,99.7,0.52702,403.59952
2025-06-22 08:23:15+07:00,25.8,83.9,82.3,115.7,0.49457,403.8186
2025-06-22 08:24:05+07:00,25.7,85.0,78.3,108.7,0.53819,403.91235
2025-06-22 08:24:54+07:00,25.7,85.2,75.5,99.5,0.50062,403.75714
2025-06-22 08:25:43+07:00,25.7,85.2,75.0,102.4,0.51291,403.74188
2025-06-22 08:26:33+07:00,25.8,85.3,73.5,101.3,0.49006,403.63657
2025-06-22 08:27:22+07:00,25.9,85.1,71.9,102.2,0.52228,403.6814
2025-06-22 08:28:12+07:00,25.8,84.2,75.6,104.4,0.5286,403.6217
2025-06-22 08:29:01+07:00,25.8,84.7,73.6,102.3,0.50368,403.49744
2025-06-22 08:29:51+07:00,25.8,84.7,71.1,99.8,0.5398,403.62912
2025-06-22 08:30:40+07:00,25.8,84.7,73.7,99.2,0.51915,403.70398
2025-06-22 08:31:29+07:00,25.8,84.8,74.6,104.3,0.52544,403.74951
2025-06-22 08:32:19+07:00,25.9,84.8,78.3,106.8,0.51291,403.69644
2025-06-22 08:33:08+07:00,25.9,84.7,75.2,102.9,0.50674,403.71155
2025-06-22 08:33:57+07:00,25.9,83.9,75.7,107.1,0.52702,403.71912
2025-06-22 08:34:47+07:00,26.0,84.2,76.2,106.5,0.54955,403.71912
2025-06-22 08:35:36+07:00,26.0,83.8,78.8,107.1,0.50521,403.78009
2025-06-22 08:36:26+07:00,26.0,83.9,79.6,114.0,0.50215,403.6217
2025-06-22 08:37:15+07:00,26.0,84.0,78.1,106.5,0.53819,403.944
2025-06-22 08:38:04+07:00,26.0,84.1,78.7,114.1,0.51291,403.76477
2025-06-22 08:38:54+07:00,26.1,84.1,78.3,109.6,0.52071,403.53363
2025-06-22 08:39:43+07:00,26.0,84.0,78.8,106.3,0.53178,403.8186
2025-06-22 08:40:32+07:00,26.0,84.3,75.8,103.6,0.54142,403.57745
2025-06-22 08:41:22+07:00,26.1,83.6,77.9,105.0,0.52544,403.73428
2025-06-22 08:42:11+07:00,26.2,84.0,78.5,106.2,0.54629,403.79547
2025-06-22 08:43:01+07:00,26.3,83.5,79.1,110.9,0.53658,403.86526
2025-06-22 08:43:50+07:00,26.3,83.8,81.2,111.4,0.49306,403.86526
2025-06-22 08:44:39+07:00,26.3,83.9,76.5,105.5,0.51291,403.82635
2025-06-22 08:45:29+07:00,26.3,83.5,73.9,98.2,0.51915,403.8186
2025-06-22 08:46:18+07:00,26.4,83.1,73.6,102.0,0.54955,403.81088
2025-06-22 08:47:07+07:00,26.5,83.0,71.5,97.3,0.52071,403.87308
2025-06-22 08:47:57+07:00,26.5,82.9,67.9,96.4,0.45372,403.71912
2025-06-22 08:48:46+07:00,26.5,83.4,61.6,85.5,0.49759,403.69644
2025-06-22 08:49:35+07:00,26.5,82.4,55.6,75.3,0.51447,403.64401
2025-06-22 08:50:25+07:00,26.5,81.6,51.9,70.1,0.49306,403.39062
2025-06-22 08:51:14+07:00,26.5,81.3,52.9,71.1,0.55447,403.70398
2025-06-22 08:52:04+07:00,26.5,81.3,50.9,69.0,0.51291,403.65894
2025-06-22 08:52:53+07:00,26.4,81.4,51.7,69.2,0.46944,403.43304
2025-06-22 08:53:43+07:00,26.4,81.4,53.9,73.1,0.51447,403.67389
2025-06-22 08:54:32+07:00,26.5,80.7,55.3,71.4,0.50674,403.49023
2025-06-22 08:55:22+07:00,26.6,80.9,55.8,73.1,0.50828,403.54819
2025-06-22 08:56:11+07:00,26.7,80.7,54.5,75.6,0.48856,403.62912
2025-06-22 08:57:00+07:00,26.7,81.6,46.3,62.1,0.50982,403.57745
2025-06-22 08:57:50+07:00,26.7,80.8,42.0,56.0,0.52544,403.67389
2025-06-22 08:58:39+07:00,26.6,80.8,43.0,54.6,0.57282,403.52637
2025-06-22 08:59:29+07:00,26.7,80.6,47.8,65.0,0.50368,403.41885
2025-06-22 09:00:18+07:00,26.7,80.3,45.4,59.9,0.51447,403.50464
2025-06-22 09:01:07+07:00,26.7,80.0,47.9,62.7,0.48262,403.46152
2025-06-22 09:01:57+07:00,26.7,80.7,46.3,60.9,0.46082,403.44727
2025-06-22 09:02:46+07:00,26.6,81.2,46.3,61.0,0.48558,403.49744
2025-06-22 09:03:36+07:00,26.6,80.9,44.9,57.4,0.47089,403.6069
2025-06-22 09:04:25+07:00,26.6,79.5,45.1,59.5,0.47235,403.6069
2025-06-22 09:05:15+07:00,26.7,80.4,46.2,61.9,0.51136,403.54819
2025-06-22 09:06:05+07:00,26.7,80.8,44.4,58.9,0.51291,403.6069
2025-06-22 09:06:59+07:00,26.6,81.0,44.8,58.1,0.45797,403.54819
2025-06-22 09:07:48+07:00,26.6,81.0,42.8,57.4,0.48707,403.64401
2025-06-22 09:08:37+07:00,26.6,81.2,44.5,59.2,0.50521,403.42593
2025-06-22 09:09:27+07:00,26.6,81.0,43.8,58.1,0.49759,403.50464
2025-06-22 09:10:16+07:00,26.5,81.4,44.0,57.1,0.48856,403.51187
2025-06-22 09:11:05+07:00,26.5,80.2,46.0,62.0,0.47089,403.41885
2025-06-22 09:11:55+07:00,26.5,81.2,45.6,58.0,0.47381,403.5701
2025-06-22 09:12:44+07:00,26.5,80.3,45.4,60.3,0.49608,403.5191
2025-06-22 09:13:33+07:00,26.6,80.8,46.6,62.5,0.50521,403.6069
2025-06-22 09:14:23+07:00,26.5,80.2,45.5,57.5,0.49608,403.5701
2025-06-22 09:15:12+07:00,26.5,80.0,45.0,59.6,0.47967,403.53363
2025-06-22 09:16:02+07:00,26.5,80.4,45.9,61.0,0.50521,403.58478
2025-06-22 09:16:51+07:00,26.5,80.9,43.3,56.3,0.50062,403.44727
2025-06-22 09:17:42+07:00,26.5,80.9,44.0,58.5,0.49608,403.52637
2025-06-22 09:18:31+07:00,26.5,80.9,43.1,54.6,0.46512,403.47586
2025-06-22 09:19:20+07:00,26.5,79.6,41.6,55.1,0.4841,403.61429
2025-06-22 09:20:10+07:00,26.6,80.5,38.6,48.9,0.49156,403.43304
2025-06-22 09:20:59+07:00,26.5,79.9,39.5,52.3,0.48707,403.5191
2025-06-22 09:21:49+07:00,26.5,80.2,39.4,51.0,0.46368,403.46869
2025-06-22 09:22:38+07:00,26.5,78.8,38.9,49.7,0.49306,403.54089
2025-06-22 09:23:28+07:00,26.6,79.4,38.3,54.4,0.48114,403.41885
2025-06-22 09:24:17+07:00,26.6,79.0,37.8,48.6,0.45655,403.39062
2025-06-22 09:25:06+07:00,26.6,79.3,37.6,49.6,0.47673,403.49744
2025-06-22 09:25:56+07:00,26.6,78.5,37.8,48.6,0.46082,403.47586
2025-06-22 09:26:45+07:00,26.6,79.1,39.2,48.8,0.47673,403.59213
2025-06-22 09:27:35+07:00,26.6,79.3,37.3,49.1,0.46512,403.71155
2025-06-22 09:28:24+07:00,26.6,79.5,38.6,50.9,0.45372,403.47586
2025-06-22 09:29:13+07:00,26.5,79.0,38.4,49.6,0.46082,403.44727
2025-06-22 09:30:03+07:00,26.5,79.7,38.5,50.0,0.47381,403.41885
2025-06-22 09:30:52+07:00,26.5,79.5,39.0,51.4,0.48262,403.45438
2025-06-22 09:31:42+07:00,26.6,79.8,39.9,51.9,0.48707,403.49023
2025-06-22 09:32:31+07:00,26.6,79.7,39.2,50.7,0.46512,403.41885
2025-06-22 09:33:20+07:00,26.5,79.7,38.4,50.0,0.46944,403.40472
2025-06-22 09:34:10+07:00,26.5,79.9,37.5,47.6,0.47967,403.6069
2025-06-22 09:34:59+07:00,26.5,80.3,38.9,51.9,0.47673,403.314
2025-06-22 09:35:49+07:00,26.5,80.3,39.4,50.0,0.47381,403.37659
2025-06-22 09:36:39+07:00,26.6,80.0,38.0,49.6,0.47089,403.47586
2025-06-22 09:37:28+07:00,26.6,79.4,38.0,49.6,0.48707,403.44012
2025-06-22 09:38:17+07:00,26.6,79.3,36.9,48.4,0.4343,403.40472
2025-06-22 09:39:07+07:00,26.5,79.6,37.1,48.0,0.45231,403.48303
2025-06-22 09:39:56+07:00,26.5,80.0,35.9,45.4,0.47089,403.39062
2025-06-22 09:40:46+07:00,26.4,79.8,35.4,43.5,0.45513,403.39767
2025-06-22 09:41:36+07:00,26.4,79.7,34.4,44.8,0.44671,403.33475
2025-06-22 09:42:25+07:00,26.4,80.1,35.3,46.0,0.46944,403.41177
2025-06-22 09:43:14+07:00,26.4,80.1,33.1,40.3,0.46512,403.2796
2025-06-22 09:44:04+07:00,26.4,79.8,31.6,40.5,0.44393,403.2796
2025-06-22 09:44:53+07:00,26.4,79.6,32.2,39.5,0.43567,403.33475
2025-06-22 09:45:42+07:00,26.4,79.6,31.3,40.3,0.41685,403.34171
2025-06-22 09:46:32+07:00,26.4,79.3,32.3,40.9,0.45372,403.25912
2025-06-22 09:47:21+07:00,26.4,79.1,32.9,40.3,0.44254,403.25912
2025-06-22 09:48:10+07:00,26.4,79.1,30.3,37.4,0.43294,403.35562
2025-06-22 09:49:00+07:00,26.4,78.8,28.7,34.8,0.41421,403.21844
2025-06-22 09:49:49+07:00,26.5,78.6,29.9,37.3,0.47527,403.35562
2025-06-22 09:50:39+07:00,26.5,78.5,30.3,35.4,0.45091,403.35562
2025-06-22 09:51:28+07:00,26.5,78.1,31.1,39.0,0.468,403.3002
2025-06-22 09:52:17+07:00,26.6,78.5,30.0,38.3,0.46082,403.32782
2025-06-22 09:53:07+07:00,26.7,77.9,28.3,34.9,0.468,403.2117
2025-06-22 09:53:57+07:00,26.7,78.0,28.7,35.3,0.44116,403.34866
2025-06-22 09:54:46+07:00,26.7,77.7,27.9,33.7,0.45372,403.3002
2025-06-22 09:55:36+07:00,26.7,77.7,27.4,35.1,0.44811,403.18488
2025-06-22 09:56:25+07:00,26.8,78.0,27.7,34.8,0.45655,403.35562
2025-06-22 09:57:15+07:00,26.9,77.6,27.9,32.8,0.45797,403.27277
2025-06-22 09:58:04+07:00,26.9,77.7,26.7,33.8,0.43294,403.314
2025-06-22 09:58:53+07:00,26.8,77.5,27.6,32.7,0.44532,403.24551
2025-06-22 09:59:43+07:00,26.8,77.7,28.4,33.5,0.45091,403.28647
2025-06-22 10:00:32+07:00,27.0,77.5,28.7,37.1,0.41817,403.3071
2025-06-22 10:01:21+07:00,27.1,76.5,27.6,33.2,0.46082,403.2796
2025-06-22 10:02:11+07:00,27.1,76.4,26.9,33.4,0.44811,403.07928
2025-06-22 10:03:00+07:00,27.2,75.9,25.8,30.5,0.4343,403.26593
2025-06-22 10:03:49+07:00,27.2,75.5,26.0,31.6,0.45091,403.2117
2025-06-22 10:04:39+07:00,27.3,75.1,27.2,33.4,0.43567,403.20499
2025-06-22 10:05:28+07:00,27.3,75.0,27.0,30.9,0.4343,403.23874
2025-06-22 10:06:17+07:00,27.3,74.9,25.8,30.7,0.44116,403.22519
2025-06-22 10:07:07+07:00,27.3,74.9,26.3,31.2,0.43567,403.1582
2025-06-22 10:07:56+07:00,27.3,74.7,25.9,29.4,0.43158,403.27277
2025-06-22 10:08:46+07:00,27.4,74.6,26.1,30.5,0.44811,403.07928
2025-06-22 10:09:36+07:00,27.4,74.9,27.4,33.7,0.44254,403.11853
2025-06-22 10:10:25+07:00,27.5,75.1,26.6,31.6,0.44393,403.19156
2025-06-22 10:11:15+07:00,27.6,75.0,26.6,32.8,0.40379,403.04684
2025-06-22 10:12:04+07:00,27.5,74.8,27.2,34.0,0.41553,403.2796
2025-06-22 10:12:53+07:00,27.6,74.4,27.6,34.7,0.4343,403.19827
2025-06-22 10:13:43+07:00,27.6,74.3,27.7,33.3,0.42618,403.18488
2025-06-22 10:14:32+07:00,27.6,75.6,27.4,33.3,0.42618,403.2117
2025-06-22 10:15:22+07:00,27.7,76.1,29.9,36.0,0.43294,403.20499
2025-06-22 10:16:11+07:00,27.7,75.7,30.2,35.4,0.42216,403.25232
2025-06-22 10:17:00+07:00,27.7,74.9,29.2,37.8,0.43158,403.2117
2025-06-22 10:17:50+07:00,27.7,75.1,30.5,38.1,0.42618,403.2117
2025-06-22 10:18:39+07:00,27.7,74.5,30.4,37.2,0.43158,403.46152
2025-06-22 10:19:29+07:00,27.7,74.8,30.6,37.4,0.43022,403.29333
2025-06-22 10:20:18+07:00,27.7,75.8,30.6,37.9,0.41685,403.08578
2025-06-22 10:21:08+07:00,27.8,75.6,30.0,37.5,0.39866,403.2796
2025-06-22 10:21:57+07:00,27.8,75.7,30.2,36.4,0.41685,403.3002
2025-06-22 10:22:46+07:00,27.8,74.9,30.0,37.2,0.41028,403.21844
2025-06-22 10:23:36+07:00,27.8,74.2,27.9,33.6,0.41159,403.2117
2025-06-22 10:24:25+07:00,27.7,74.2,29.4,35.9,0.43704,403.20499
2025-06-22 10:25:15+07:00,27.7,74.3,27.9,35.6,0.40122,403.21844
2025-06-22 10:26:04+07:00,27.7,73.8,29.6,35.6,0.39866,403.12512
2025-06-22 10:26:53+07:00,27.7,74.3,28.6,34.9,0.40508,403.13834
2025-06-22 10:27:43+07:00,27.8,74.8,28.0,34.9,0.39994,403.2796
2025-06-22 10:28:32+07:00,27.8,74.6,27.7,33.8,0.44116,403.09885
2025-06-22 10:29:22+07:00,27.8,74.4,27.3,33.8,0.41817,403.25912
2025-06-22 10:30:11+07:00,27.9,74.7,27.6,34.2,0.4235,403.25232
2025-06-22 10:31:01+07:00,27.9,74.5,26.4,33.9,0.40897,403.25912
2025-06-22 10:31:50+07:00,28.0,73.1,27.2,31.5,0.4129,403.11197
2025-06-22 10:32:40+07:00,28.0,72.9,27.2,31.3,0.43022,403.15155
2025-06-22 10:33:30+07:00,28.0,73.0,26.6,33.4,0.41817,403.2796
2025-06-22 10:34:19+07:00,28.1,73.7,27.5,33.3,0.46082,403.22519
2025-06-22 10:35:09+07:00,28.1,73.3,27.5,33.9,0.40638,403.23874
2025-06-22 10:35:59+07:00,28.1,73.5,27.2,31.2,0.40897,403.11197
2025-06-22 10:36:49+07:00,28.1,73.1,27.8,34.0,0.40638,403.28647
2025-06-22 10:37:38+07:00,28.0,72.8,27.9,32.3,0.40508,403.18488
2025-06-22 10:38:28+07:00,28.0,73.7,26.9,32.8,0.43704,403.2117
2025-06-22 10:39:18+07:00,28.1,73.7,27.8,33.5,0.4129,403.17819
2025-06-22 10:40:08+07:00,28.1,74.2,28.3,36.2,0.42752,403.11853
2025-06-22 10:41:01+07:00,28.1,73.3,27.8,33.0,0.39357,403.12512
2025-06-22 10:41:51+07:00,28.1,73.2,28.1,33.4,0.41421,403.40472
2025-06-22 10:42:41+07:00,28.1,73.3,28.7,33.6,0.40379,403.16486
2025-06-22 10:43:31+07:00,28.1,73.1,27.1,34.1,0.40897,403.09232
2025-06-22 10:44:20+07:00,28.2,73.3,27.8,34.9,0.44116,403.23196
2025-06-22 10:45:10+07:00,28.2,74.3,29.2,34.8,0.39357,403.36261
2025-06-22 10:46:00+07:00,28.2,73.5,28.1,35.0,0.42752,403.19827
2025-06-22 10:46:49+07:00,28.2,73.5,29.1,35.5,0.42752,403.16486
2025-06-22 10:47:38+07:00,28.3,73.1,28.7,36.8,0.42216,403.10541
2025-06-22 10:48:28+07:00,28.3,72.2,28.2,34.2,0.43978,403.17151
2025-06-22 10:49:21+07:00,28.3,72.4,27.6,33.5,0.4195,403.05331
2025-06-22 10:50:10+07:00,28.3,72.9,28.6,34.1,0.41421,403.17819
2025-06-22 10:51:00+07:00,28.4,73.3,26.4,31.2,0.40508,403.09885
2025-06-22 10:51:49+07:00,28.4,72.4,27.1,32.8,0.42083,403.2117
2025-06-22 10:52:39+07:00,28.4,72.1,28.5,35.2,0.42618,403.2117
2025-06-22 10:53:28+07:00,28.5,72.2,27.6,33.5,0.39611,403.314
2025-06-22 10:54:17+07:00,28.6,71.9,27.8,34.1,0.40122,403.16486
2025-06-22 10:55:07+07:00,28.5,71.6,28.0,34.1,0.42083,403.29333
2025-06-22 10:55:59+07:00,28.5,72.1,27.7,34.4,0.42618,403.18488
2025-06-22 10:56:48+07:00,28.5,72.5,27.5,33.1,0.43158,403.23874
2025-06-22 10:57:38+07:00,28.5,72.6,27.4,33.7,0.40122,403.21844
2025-06-22 10:58:27+07:00,28.6,72.8,27.3,33.5,0.43294,403.15155
2025-06-22 10:59:17+07:00,28.6,72.3,25.0,29.5,0.41421,403.22519
2025-06-22 11:00:08+07:00,28.6,71.8,26.3,31.1,0.43567,403.23874
2025-06-22 11:00:57+07:00,28.6,72.7,23.5,26.8,0.40767,403.09885
2025-06-22 11:01:47+07:00,28.6,71.7,24.1,29.4,0.4129,403.08578
2025-06-22 11:02:36+07:00,28.6,71.1,25.3,28.3,0.4343,403.2117
2025-06-22 11:03:26+07:00,28.6,71.9,25.5,31.1,0.4343,403.17151
2025-06-22 11:04:19+07:00,28.7,72.1,25.1,31.1,0.39231,403.20499
2025-06-22 11:05:09+07:00,28.6,71.8,25.3,32.2,0.42618,403.05331
2025-06-22 11:05:58+07:00,28.5,71.1,24.4,27.7,0.42483,403.14493
2025-06-22 11:06:47+07:00,28.4,71.5,24.3,27.8,0.41685,403.13171
2025-06-22 11:07:37+07:00,28.5,71.4,25.6,29.1,0.40122,403.14493
2025-06-22 11:08:30+07:00,28.5,71.9,25.4,28.8,0.42216,403.32782
2025-06-22 11:09:20+07:00,28.6,72.2,26.4,32.0,0.39994,403.16486
2025-06-22 11:10:10+07:00,28.7,72.5,26.1,31.4,0.39484,403.11853
2025-06-22 11:10:59+07:00,28.6,72.5,25.7,30.8,0.40638,403.08578
2025-06-22 11:11:54+07:00,28.6,72.0,25.8,30.1,0.40638,403.04041
2025-06-22 11:12:44+07:00,28.6,71.8,25.8,30.8,0.42483,403.03397
2025-06-22 11:13:33+07:00,28.6,71.6,24.4,27.5,0.42483,403.04684
2025-06-22 11:14:23+07:00,28.6,71.1,24.6,28.6,0.42483,403.15155
2025-06-22 11:15:14+07:00,28.7,72.0,25.8,29.5,0.40767,403.02112
2025-06-22 11:16:04+07:00,28.6,71.3,27.0,30.9,0.41421,403.12512
2025-06-22 11:16:53+07:00,28.6,71.4,27.2,32.1,0.38108,403.07928
2025-06-22 11:17:43+07:00,28.6,71.4,26.4,30.5,0.39484,403.00192
2025-06-22 11:18:35+07:00,28.6,71.2,25.6,29.8,0.42083,403.21844
2025-06-22 11:19:28+07:00,28.6,71.7,26.9,31.4,0.39611,403.01471
2025-06-22 11:20:22+07:00,28.7,72.0,27.3,32.4,0.40897,403.11197
2025-06-22 11:21:11+07:00,28.7,71.6,24.6,28.4,0.41553,403.08578
2025-06-22 11:22:03+07:00,28.7,70.5,25.5,30.4,0.38729,403.10541
2025-06-22 11:22:53+07:00,28.7,71.0,25.9,29.9,0.4025,402.90121
2025-06-22 11:23:42+07:00,28.8,71.7,26.4,32.2,0.4235,402.9324
2025-06-22 11:24:32+07:00,28.8,72.4,25.3,29.9,0.40508,403.05331
2025-06-22 11:25:28+07:00,28.8,72.4,26.2,33.1,0.41685,403.04684
2025-06-22 11:26:22+07:00,28.8,72.6,25.8,32.9,0.39738,403.21844
2025-06-22 11:27:11+07:00,28.8,71.0,25.9,29.1,0.39866,403.14493
2025-06-22 11:28:01+07:00,28.7,71.9,25.9,29.1,0.41553,403.3071
2025-06-22 11:28:50+07:00,28.7,70.9,26.9,30.7,0.39866,403.17819
2025-06-22 11:29:40+07:00,28.7,71.4,27.0,31.1,0.40897,403.2117
2025-06-22 11:30:29+07:00,28.8,72.2,27.4,33.0,0.40638,403.19156
2025-06-22 11:31:18+07:00,28.8,71.6,27.3,32.7,0.41028,403.03397
2025-06-22 11:32:08+07:00,28.8,71.5,25.9,30.2,0.39357,403.15155
2025-06-22 11:32:57+07:00,28.8,71.6,26.4,31.4,0.39105,403.19156
2025-06-22 11:33:46+07:00,28.7,71.1,25.0,28.8,0.42216,403.17819
2025-06-22 11:34:36+07:00,28.7,70.3,26.3,30.7,0.39994,403.19156
2025-06-22 11:35:26+07:00,28.7,70.1,24.9,29.5,0.3701,403.04684
2025-06-22 11:36:16+07:00,28.8,69.9,24.4,28.2,0.40897,403.11197
2025-06-22 11:37:06+07:00,28.8,70.6,25.7,29.2,0.41028,403.17151
2025-06-22 11:37:58+07:00,28.9,71.0,24.6,28.1,0.38108,403.20499
2025-06-22 11:38:48+07:00,28.9,69.9,25.8,32.1,0.39611,403.20499
2025-06-22 11:39:38+07:00,28.9,71.0,26.5,32.1,0.42083,403.24551
2025-06-22 11:40:27+07:00,29.0,71.1,26.3,29.5,0.4195,403.27277
2025-06-22 11:41:17+07:00,28.9,70.0,26.5,30.5,0.41421,403.06628
2025-06-22 11:42:06+07:00,28.8,69.0,23.9,28.6,0.42083,403.314
2025-06-22 11:43:04+07:00,28.8,68.8,23.7,27.0,0.39611,403.07928
2025-06-22 11:43:53+07:00,28.8,70.0,23.7,28.2,0.41685,403.21844
2025-06-22 11:44:43+07:00,28.8,69.5,22.7,26.7,0.43158,403.04684
2025-06-22 11:45:32+07:00,28.8,69.1,24.7,28.5,0.39231,403.24551
2025-06-22 11:46:26+07:00,28.8,68.6,25.2,30.0,0.42083,403.19156
2025-06-22 11:47:16+07:00,28.8,69.5,24.9,29.3,0.41553,403.18488
2025-06-22 11:48:05+07:00,28.8,70.1,26.1,30.5,0.42618,403.25232
2025-06-22 11:48:54+07:00,28.8,70.5,25.7,32.3,0.41553,403.2117
2025-06-22 11:49:46+07:00,28.8,71.2,27.0,32.0,0.38108,403.17819
2025-06-22 11:50:36+07:00,28.9,70.7,26.8,33.7,0.37739,403.23874
2025-06-22 11:51:25+07:00,28.9,70.2,28.5,32.5,0.42752,403.41177
2025-06-22 11:52:23+07:00,28.8,70.3,33.7,39.4,0.39866,403.17819
2025-06-22 11:53:12+07:00,28.9,70.8,34.6,42.4,0.39611,403.13834
2025-06-22 11:54:01+07:00,28.9,70.4,32.0,39.5,0.42618,403.39062
2025-06-22 11:54:51+07:00,29.0,70.8,26.7,33.3,0.41421,403.32782
2025-06-22 11:55:40+07:00,29.1,69.8,35.1,43.4,0.42083,403.32782
2025-06-22 11:56:30+07:00,29.1,69.0,29.4,34.8,0.40508,403.25912
2025-06-22 11:57:22+07:00,29.1,69.9,42.0,52.8,0.41028,403.17151
2025-06-22 11:58:11+07:00,29.1,68.7,48.0,56.9,0.40122,403.25912
2025-06-22 11:59:01+07:00,29.2,68.7,40.2,47.3,0.39231,403.13834
2025-06-22 11:59:50+07:00,29.2,68.1,28.0,32.2,0.43158,403.24551
2025-06-22 12:00:41+07:00,29.1,67.4,25.1,28.1,0.41028,403.28647
2025-06-22 12:01:35+07:00,29.1,68.5,25.5,29.8,0.4195,403.23874
2025-06-22 12:02:25+07:00,29.1,68.7,24.2,27.4,0.39231,403.29333
2025-06-22 12:03:15+07:00,29.1,68.4,24.5,27.5,0.39231,403.19827
2025-06-22 12:04:10+07:00,29.1,68.3,25.0,28.2,0.40638,403.26593
2025-06-22 12:05:03+07:00,29.1,69.0,26.5,30.8,0.39105,403.25912
2025-06-22 12:06:01+07:00,29.1,69.7,29.1,33.4,0.4235,403.15155
2025-06-22 12:06:52+07:00,29.1,69.9,27.3,31.1,0.40638,403.3071
2025-06-22 12:07:42+07:00,29.1,70.8,28.9,33.4,0.4025,403.21844
2025-06-22 12:08:32+07:00,29.2,70.8,29.0,33.7,0.38232,403.23196
2025-06-22 12:09:21+07:00,29.2,70.6,26.9,33.2,0.39738,403.16486
2025-06-22 12:10:14+07:00,29.2,69.5,24.9,27.9,0.41817,403.314
2025-06-22 12:11:03+07:00,29.1,67.7,24.7,29.4,0.38979,403.3002
2025-06-22 12:11:53+07:00,29.1,66.6,27.0,30.8,0.38979,403.19156
2025-06-22 12:13:37+07:00,29.1,68.3,27.0,35.9,0.38232,403.20499
2025-06-22 12:14:28+07:00,29.2,68.8,27.4,32.9,0.42216,403.24551
2025-06-22 12:15:19+07:00,29.1,68.5,25.8,29.4,0.38854,403.27277
2025-06-22 12:16:09+07:00,29.1,68.2,20.1,23.5,0.38232,403.16486
2025-06-22 12:16:59+07:00,29.1,66.5,22.4,25.5,0.4195,403.21844
2025-06-22 12:17:49+07:00,29.1,66.7,25.1,29.6,0.4129,403.20499
2025-06-22 12:18:38+07:00,29.2,67.0,24.6,28.3,0.42216,403.14493
2025-06-22 12:19:28+07:00,29.2,67.1,28.7,32.4,0.39866,403.08578
2025-06-22 12:20:18+07:00,29.2,67.2,24.6,27.8,0.39231,403.18488
2025-06-22 12:21:10+07:00,29.2,67.2,22.6,25.3,0.38729,403.20499
2025-06-22 12:21:59+07:00,29.3,66.5,24.1,27.1,0.38979,403.19827
2025-06-22 12:22:49+07:00,29.2,66.7,23.5,27.5,0.38604,403.2117
2025-06-22 12:23:39+07:00,29.2,68.1,23.3,27.9,0.42083,403.07278
2025-06-22 12:24:29+07:00,29.2,67.6,27.0,30.2,0.4235,403.01471
2025-06-22 12:25:19+07:00,29.2,67.5,26.4,31.7,0.41421,403.17819
2025-06-22 12:26:09+07:00,29.2,67.8,24.9,28.0,0.40897,402.9765
2025-06-22 12:26:59+07:00,29.2,67.5,27.1,32.9,0.39105,403.23196
2025-06-22 12:27:48+07:00,29.2,68.0,25.0,28.4,0.40122,403.21844
2025-06-22 12:28:38+07:00,29.2,67.0,23.8,27.6,0.38108,403.21844
2025-06-22 12:29:28+07:00,29.2,66.6,21.1,25.4,0.40638,403.05331
2025-06-22 12:30:18+07:00,29.2,66.2,25.4,30.1,0.40122,403.08578
2025-06-22 12:31:08+07:00,29.2,68.1,28.4,32.7,0.4025,403.09232
2025-06-22 12:31:57+07:00,29.3,68.3,29.1,33.5,0.39484,403.07278
2025-06-22 12:32:47+07:00,29.4,68.6,23.3,26.8,0.39611,403.13171
2025-06-22 12:33:37+07:00,29.4,65.9,22.9,27.2,0.4129,403.17151
2025-06-22 12:34:27+07:00,29.4,66.5,22.8,26.0,0.4025,402.9892
2025-06-22 12:35:16+07:00,29.3,66.6,30.5,34.3,0.39231,403.29333
2025-06-22 12:36:09+07:00,29.3,66.9,38.2,42.9,0.40122,403.06628
2025-06-22 12:37:53+07:00,29.4,68.1,26.0,29.9,0.39994,403.13834
2025-06-22 12:39:42+07:00,29.4,68.7,24.4,27.6,0.39105,403.19156
2025-06-22 12:40:32+07:00,29.4,68.5,25.5,29.8,0.38232,403.19156
2025-06-22 12:41:25+07:00,29.4,67.5,23.9,27.7,0.40122,403.34866
2025-06-22 12:42:14+07:00,29.4,67.4,24.1,26.9,0.37862,403.04684
2025-06-22 12:43:04+07:00,29.4,67.1,24.4,28.1,0.35467,403.20499
2025-06-22 12:43:53+07:00,29.3,67.4,25.2,28.2,0.38356,403.15155
2025-06-22 12:44:43+07:00,29.3,67.5,24.6,27.7,0.4025,403.12512
2025-06-22 12:45:32+07:00,29.3,66.8,25.9,29.3,0.38604,403.09232
2025-06-22 12:46:21+07:00,29.3,67.6,25.3,29.1,0.41817,403.28647
2025-06-22 12:47:15+07:00,29.4,67.3,24.9,27.9,0.39611,403.10541
2025-06-22 12:49:09+07:00,29.4,68.5,26.3,31.0,0.40638,403.23196
2025-06-22 12:50:57+07:00,29.4,69.2,25.1,28.1,0.38604,403.04041
2025-06-22 12:51:53+07:00,29.4,67.8,24.5,27.5,0.43158,403.11853
2025-06-22 12:52:42+07:00,29.4,67.3,24.8,28.3,0.40638,403.05331
2025-06-22 12:53:32+07:00,29.4,68.1,24.4,27.7,0.34086,403.10541
2025-06-22 12:55:19+07:00,29.4,68.8,23.9,27.0,0.39994,403.04684
2025-06-22 12:56:16+07:00,29.3,67.8,39.4,46.2,0.40897,403.05331
2025-06-22 12:57:10+07:00,29.3,68.5,28.9,33.7,0.39994,403.16486
2025-06-22 12:58:06+07:00,29.3,69.1,35.3,41.7,0.40638,403.25232
2025-06-22 12:58:56+07:00,29.4,69.2,29.0,33.9,0.43022,403.17819
2025-06-22 12:59:46+07:00,29.4,68.5,27.7,32.1,0.42618,403.05331
2025-06-22 13:00:39+07:00,29.3,69.4,31.1,35.4,0.37373,403.16486
2025-06-22 13:01:29+07:00,29.3,69.2,33.6,37.7,0.37862,403.2796
2025-06-22 13:02:18+07:00,29.3,69.8,32.6,39.2,0.40638,403.3696
2025-06-22 13:03:08+07:00,29.3,69.6,27.6,31.1,0.42887,403.26593
2025-06-22 13:03:57+07:00,29.2,69.5,28.1,33.5,0.39994,403.23196
2025-06-22 13:04:46+07:00,29.2,70.2,29.6,34.5,0.40122,403.25232
2025-06-22 13:05:36+07:00,29.2,69.8,30.6,35.1,0.38604,403.21844
2025-06-22 13:06:25+07:00,29.2,70.6,59.6,70.8,0.41685,403.27277
2025-06-22 13:07:15+07:00,29.3,70.9,43.8,52.3,0.39231,403.32782
2025-06-22 13:08:04+07:00,29.3,71.7,38.2,46.2,0.40379,403.45438
2025-06-22 13:08:53+07:00,29.3,71.6,31.6,38.4,0.43294,403.43304
2025-06-22 13:09:43+07:00,29.3,71.7,35.3,42.3,0.39231,403.3696
2025-06-22 13:10:32+07:00,29.2,71.2,32.6,39.0,0.42752,403.34171
2025-06-22 13:11:21+07:00,29.2,71.7,32.8,37.2,0.39484,403.34866
2025-06-22 13:12:11+07:00,29.2,71.6,37.3,46.3,0.40508,403.34866
2025-06-22 13:13:00+07:00,29.2,72.0,34.0,40.3,0.41553,403.28647
2025-06-22 13:13:49+07:00,29.1,71.2,33.9,38.4,0.4129,403.1582
2025-06-22 13:14:39+07:00,29.1,71.1,40.8,47.9,0.40638,403.09885
2025-06-22 13:15:28+07:00,29.1,69.7,29.3,33.9,0.43567,403.25912
2025-06-22 13:16:18+07:00,29.0,69.9,29.8,33.6,0.4129,403.04684
2025-06-22 13:17:07+07:00,29.0,70.9,31.0,34.8,0.39484,403.26593
2025-06-22 13:17:56+07:00,29.0,71.2,33.5,40.1,0.41159,403.2117
2025-06-22 13:18:46+07:00,29.0,70.6,32.9,40.0,0.40379,403.16486
2025-06-22 13:19:35+07:00,28.9,69.8,27.8,33.4,0.4195,403.2117
2025-06-22 13:20:25+07:00,28.9,70.0,30.6,35.2,0.36649,403.23196
2025-06-22 13:21:14+07:00,28.9,70.5,30.9,34.7,0.39611,403.3002
2025-06-22 13:22:03+07:00,29.0,70.7,32.5,36.5,0.40897,403.27277
2025-06-22 13:22:53+07:00,29.0,70.6,37.0,42.2,0.42752,403.17819
2025-06-22 13:23:42+07:00,29.0,70.8,31.9,36.0,0.4129,403.22519
2025-06-22 13:24:31+07:00,29.0,70.5,31.4,35.3,0.40122,403.26593
2025-06-22 13:25:21+07:00,29.0,69.7,26.3,29.6,0.41685,403.17819
2025-06-22 13:26:10+07:00,29.1,69.2,28.4,34.0,0.39357,403.13834
2025-06-22 13:27:02+07:00,29.1,69.9,29.6,34.3,0.41159,403.3002
2025-06-22 13:27:52+07:00,29.1,70.2,45.4,51.7,0.41159,403.15155
2025-06-22 13:28:41+07:00,29.1,69.7,74.1,85.6,0.38854,403.11197
2025-06-22 13:32:00+07:00,28.8,72.2,45.7,53.9,0.42618,403.54819
2025-06-22 13:32:49+07:00,28.8,70.9,43.7,50.8,0.39994,403.2796
2025-06-22 13:33:47+07:00,28.8,70.1,49.6,57.3,0.40897,403.3696
2025-06-22 13:34:37+07:00,28.8,70.8,54.6,67.4,0.39611,403.43304
2025-06-22 13:36:21+07:00,28.9,71.2,61.9,80.9,0.4235,403.40472
2025-06-22 13:37:10+07:00,28.9,70.8,72.1,96.2,0.39866,403.3002
2025-06-22 13:38:00+07:00,28.9,71.0,57.9,76.6,0.42618,403.41885
2025-06-22 13:38:49+07:00,29.0,71.0,31.5,38.6,0.42618,403.44012
2025-06-22 13:39:38+07:00,29.0,70.6,28.9,34.7,0.43294,403.43304
2025-06-22 13:40:28+07:00,29.0,70.3,41.5,52.5,0.39611,403.41177
2025-06-22 13:41:21+07:00,29.0,69.8,49.5,63.2,0.42752,403.2117
2025-06-22 13:42:10+07:00,29.0,69.5,62.4,81.5,0.43567,403.37659
2025-06-22 13:43:00+07:00,29.1,70.6,37.1,43.3,0.42618,403.3002
2025-06-22 13:43:49+07:00,29.1,70.7,30.4,34.3,0.42618,403.19827
2025-06-22 13:44:39+07:00,29.2,69.8,45.3,59.5,0.41553,403.2796
2025-06-22 13:45:28+07:00,29.2,70.4,43.7,62.3,0.39994,403.32782
2025-06-22 13:46:18+07:00,29.2,71.5,47.1,69.4,0.41553,403.3696
2025-06-22 13:47:07+07:00,29.2,70.1,53.4,74.3,0.40767,403.34866
2025-06-22 13:47:56+07:00,29.1,70.6,58.8,85.4,0.42618,403.32782
2025-06-22 13:48:46+07:00,29.1,69.6,55.7,82.6,0.42752,403.2796
2025-06-22 13:49:35+07:00,29.2,70.2,38.1,51.0,0.4235,403.3071
2025-06-22 13:50:24+07:00,29.2,70.1,36.6,44.4,0.42752,403.16486
2025-06-22 13:51:14+07:00,29.2,69.3,44.6,61.4,0.4343,403.24551
2025-06-22 13:52:03+07:00,29.2,69.3,43.8,57.7,0.46082,403.41885
2025-06-22 13:52:53+07:00,29.3,69.4,37.5,48.4,0.42752,403.23874
2025-06-22 13:53:42+07:00,29.3,70.4,31.6,40.6,0.42483,403.1582
2025-06-22 13:54:31+07:00,29.2,70.7,30.4,37.9,0.42618,403.11197
2025-06-22 13:55:21+07:00,29.2,70.6,40.3,53.9,0.42752,403.16486
2025-06-22 13:56:10+07:00,29.2,70.6,32.8,39.2,0.39231,403.22519
2025-06-22 13:57:00+07:00,29.2,70.3,38.5,53.6,0.40638,403.2796
2025-06-22 13:57:49+07:00,29.3,70.9,46.1,64.8,0.40508,403.28647
2025-06-22 13:58:38+07:00,29.3,70.4,36.4,45.5,0.42216,403.24551
2025-06-22 13:59:28+07:00,29.2,70.5,34.8,42.8,0.3848,403.34171
2025-06-22 14:00:17+07:00,29.1,71.7,35.1,44.7,0.43022,403.09232
2025-06-22 14:01:07+07:00,29.1,71.3,34.4,40.6,0.41159,403.25912
2025-06-22 14:01:56+07:00,29.1,71.5,33.0,38.3,0.40122,403.08578
2025-06-22 14:02:45+07:00,29.1,71.3,32.1,38.3,0.43704,403.12512
2025-06-22 14:03:35+07:00,29.1,71.8,32.9,37.1,0.40379,403.11197
2025-06-22 14:04:24+07:00,29.1,71.9,30.0,34.3,0.41685,403.22519
2025-06-22 14:05:13+07:00,29.2,72.0,30.7,35.3,0.39611,403.314
2025-06-22 14:06:03+07:00,29.3,72.2,28.5,36.1,0.35467,403.17819
2025-06-22 14:06:52+07:00,29.3,70.8,26.2,31.8,0.42752,403.21844
2025-06-22 14:07:42+07:00,29.3,70.8,28.4,33.4,0.4025,403.314
2025-06-22 14:08:31+07:00,29.3,70.9,31.6,37.2,0.4195,403.19156
2025-06-22 14:09:20+07:00,29.3,71.7,32.5,39.3,0.4025,403.22519
2025-06-22 14:10:10+07:00,29.4,71.6,29.0,32.6,0.40638,403.23196
2025-06-22 14:10:59+07:00,29.4,70.6,49.0,63.5,0.3689,403.39062
2025-06-22 14:11:49+07:00,29.4,69.9,36.6,43.2,0.39994,403.32782
2025-06-22 14:12:38+07:00,29.4,70.6,35.7,46.6,0.42887,403.3071
2025-06-22 14:13:27+07:00,29.4,69.3,36.7,45.8,0.43567,403.14493
2025-06-22 14:14:17+07:00,29.3,70.1,37.8,46.3,0.44671,403.39062
2025-06-22 14:15:08+07:00,29.3,70.5,30.7,38.5,0.37862,403.42593
2025-06-22 14:15:57+07:00,29.3,70.1,27.5,31.7,0.41421,403.34866
2025-06-22 14:16:47+07:00,29.3,69.4,45.6,62.9,0.39105,403.12512
2025-06-22 14:17:43+07:00,29.3,69.5,51.3,69.6,0.38604,403.26593
2025-06-22 14:18:33+07:00,29.3,70.3,76.0,104.1,0.40638,403.08578
2025-06-22 14:19:23+07:00,29.4,69.4,67.2,85.4,0.3848,403.35562
2025-06-22 14:20:15+07:00,29.3,70.7,29.6,34.9,0.40897,403.29333
2025-06-22 14:21:05+07:00,29.3,69.0,27.6,33.4,0.41685,403.22519
2025-06-22 14:21:55+07:00,29.2,69.4,49.1,68.3,0.38854,403.2796
2025-06-22 14:23:43+07:00,29.1,70.7,31.6,38.9,0.39994,403.17151
2025-06-22 14:24:36+07:00,29.2,70.6,37.6,45.5,0.39611,403.10541
2025-06-22 14:25:30+07:00,29.2,71.2,31.5,35.7,0.40508,403.23196
2025-06-22 14:26:22+07:00,29.3,70.9,37.0,46.6,0.40379,403.24551
2025-06-22 14:27:16+07:00,29.3,71.1,33.0,40.3,0.39484,403.1582
2025-06-22 14:28:08+07:00,29.4,71.4,36.2,44.0,0.41421,403.22519
2025-06-22 14:28:58+07:00,29.4,72.4,39.6,53.7,0.4195,403.19156
2025-06-22 14:29:47+07:00,29.4,71.4,42.6,59.2,0.39231,403.13834
2025-06-22 14:30:37+07:00,29.3,71.3,45.0,61.9,0.40897,403.17151
2025-06-22 14:31:26+07:00,29.2,71.9,48.3,63.4,0.40379,403.18488
2025-06-22 14:32:19+07:00,29.3,72.2,41.8,54.0,0.39611,403.3002
2025-06-22 14:33:09+07:00,29.3,72.0,40.6,51.6,0.39105,403.17819
2025-06-22 14:33:58+07:00,29.3,71.1,39.2,50.7,0.39357,403.19156
2025-06-22 14:34:57+07:00,29.3,71.1,29.1,36.0,0.40767,403.20499
2025-06-22 14:35:46+07:00,29.3,69.1,28.6,33.8,0.40379,403.25232
2025-06-22 14:36:35+07:00,29.2,68.0,29.4,35.8,0.38854,403.17151
2025-06-22 14:37:29+07:00,29.2,68.8,32.2,40.6,0.42083,403.22519
2025-06-22 14:38:19+07:00,29.2,69.2,31.6,38.2,0.41817,403.23874
2025-06-22 14:39:08+07:00,29.2,70.5,32.7,40.9,0.38854,403.19827
2025-06-22 14:39:57+07:00,29.2,70.4,29.0,33.8,0.39738,403.16486
2025-06-22 14:40:47+07:00,29.2,70.6,36.0,50.8,0.38108,403.23874
2025-06-22 14:41:36+07:00,29.2,71.4,37.9,57.8,0.38729,403.25912
2025-06-22 14:42:26+07:00,29.2,71.5,41.7,58.6,0.41421,403.32782
2025-06-22 14:43:15+07:00,29.1,71.4,38.0,49.7,0.40508,403.3002
2025-06-22 14:44:04+07:00,29.1,71.9,36.9,46.6,0.39105,403.22519
2025-06-22 14:44:54+07:00,29.1,72.0,40.5,55.4,0.40638,403.25912
2025-06-22 14:45:43+07:00,29.1,72.4,37.1,46.8,0.40767,403.32782
2025-06-22 14:46:33+07:00,29.1,73.0,35.5,40.7,0.39994,403.40472
2025-06-22 14:47:22+07:00,29.1,73.5,33.2,39.0,0.42083,403.44012
2025-06-22 14:48:11+07:00,29.0,73.7,35.2,41.2,0.39231,403.3071
2025-06-22 14:49:01+07:00,29.0,73.1,35.3,41.5,0.41685,403.41885
2025-06-22 14:49:50+07:00,29.0,73.1,35.5,43.8,0.40897,403.44727
2025-06-22 14:50:39+07:00,29.0,73.2,37.0,44.3,0.39105,403.17819
2025-06-22 14:51:29+07:00,29.0,73.7,32.9,40.0,0.39231,403.2117
2025-06-22 14:52:18+07:00,29.0,72.7,36.4,44.5,0.4235,403.23196
2025-06-22 14:53:08+07:00,29.0,72.5,34.5,43.5,0.42887,403.21844
2025-06-22 14:53:57+07:00,28.9,72.5,37.7,46.4,0.39611,403.314
2025-06-22 14:54:46+07:00,28.9,72.5,35.2,42.6,0.41685,403.28647
2025-06-22 14:55:36+07:00,28.9,72.1,32.2,37.8,0.39738,403.13834
2025-06-22 14:56:25+07:00,28.9,72.2,35.6,43.5,0.40379,403.2117
2025-06-22 14:57:14+07:00,28.9,72.8,35.5,45.1,0.41159,403.22519
2025-06-22 14:58:04+07:00,28.9,73.1,34.7,41.9,0.38979,403.19827
2025-06-22 14:58:53+07:00,28.9,72.5,33.6,37.7,0.39738,403.17819
2025-06-22 14:59:43+07:00,28.9,72.6,33.5,41.8,0.4129,403.25912
2025-06-22 15:00:32+07:00,28.9,72.5,33.2,40.2,0.35584,403.32782
2025-06-22 15:01:22+07:00,28.9,72.3,33.9,39.1,0.40897,403.24551
2025-06-22 15:02:11+07:00,28.9,72.7,34.4,42.1,0.39994,403.09885
2025-06-22 15:03:00+07:00,28.8,73.7,36.7,44.8,0.42618,403.22519
2025-06-22 15:03:50+07:00,28.8,74.2,38.8,46.8,0.39105,403.3002
2025-06-22 15:04:43+07:00,28.8,74.4,37.0,43.0,0.41159,403.18488
2025-06-22 15:05:32+07:00,28.7,74.0,35.4,41.4,0.39105,403.09232
2025-06-22 15:06:21+07:00,28.7,74.5,36.7,45.6,0.42216,403.2796
2025-06-22 15:07:11+07:00,28.6,74.7,33.4,39.6,0.41817,403.2796
2025-06-22 15:08:03+07:00,28.6,73.8,33.0,38.0,0.40638,403.05331
2025-06-22 15:08:52+07:00,28.7,73.4,33.6,40.7,0.41685,403.23196
2025-06-22 15:09:42+07:00,28.7,74.0,33.2,39.3,0.40379,403.05978
2025-06-22 15:10:34+07:00,28.7,72.6,35.4,44.6,0.39231,403.20499
2025-06-22 15:11:32+07:00,28.7,73.0,35.5,41.0,0.4025,403.36261
2025-06-22 15:12:26+07:00,28.7,73.1,35.8,40.4,0.39105,403.13171
2025-06-22 15:13:15+07:00,28.7,73.2,35.2,39.5,0.33748,403.12512
2025-06-22 15:14:11+07:00,28.7,73.1,40.0,48.6,0.39738,403.24551
2025-06-22 15:15:01+07:00,28.7,73.4,36.2,44.1,0.4129,403.20499
2025-06-22 15:15:50+07:00,28.8,73.5,35.3,41.0,0.40767,403.18488
2025-06-22 15:16:43+07:00,28.8,73.2,35.7,41.6,0.40638,403.09885
2025-06-22 15:17:36+07:00,28.7,73.7,37.2,42.2,0.40122,403.25232
2025-06-22 15:18:30+07:00,28.7,73.6,49.6,59.7,0.40379,403.21844
2025-06-22 15:19:20+07:00,28.6,74.2,46.9,53.5,0.37617,403.13834
2025-06-22 15:22:00+07:00,28.6,75.3,48.2,58.5,0.40897,403.28647
2025-06-22 15:22:49+07:00,28.6,76.1,37.7,43.8,0.40897,403.40472
2025-06-22 15:23:39+07:00,28.6,75.2,37.1,44.1,0.41159,403.29333
2025-06-22 15:24:28+07:00,28.6,75.1,32.7,38.7,0.42752,403.41177
2025-06-22 15:25:18+07:00,28.5,74.1,31.4,36.3,0.42618,403.37659
2025-06-22 15:26:11+07:00,28.5,73.8,35.8,42.8,0.42483,403.18488
2025-06-22 15:27:00+07:00,28.5,74.0,34.0,40.2,0.42752,403.3002
2025-06-22 15:27:50+07:00,28.6,74.7,34.9,41.1,0.42618,403.37659
2025-06-22 15:28:40+07:00,28.6,74.4,28.7,32.9,0.42083,403.41177
2025-06-22 15:29:29+07:00,28.6,74.1,28.3,32.2,0.4235,403.2117
2025-06-22 15:30:19+07:00,28.5,73.3,27.2,31.1,0.41817,403.41177
2025-06-22 15:31:08+07:00,28.5,72.5,25.4,29.9,0.39231,403.2796
2025-06-22 15:31:57+07:00,28.5,71.9,25.6,29.2,0.39994,403.314
2025-06-22 15:32:47+07:00,28.5,72.2,25.3,29.4,0.38979,403.36261
2025-06-22 15:33:36+07:00,28.5,71.6,25.8,29.5,0.43158,403.04041
2025-06-22 15:34:26+07:00,28.5,71.2,28.6,32.4,0.39231,403.1582
2025-06-22 15:35:15+07:00,28.5,72.5,44.6,51.3,0.43841,403.35562
2025-06-22 15:36:04+07:00,28.5,72.5,41.9,48.7,0.40897,403.3071
2025-06-22 15:36:54+07:00,28.4,72.8,41.8,46.9,0.38232,403.38361
2025-06-22 15:37:43+07:00,28.4,73.5,42.2,48.8,0.42752,403.27277
2025-06-22 15:38:33+07:00,28.4,73.2,35.8,40.1,0.4235,403.19827
2025-06-22 15:39:22+07:00,28.4,73.0,39.3,45.9,0.39105,403.34866
2025-06-22 15:40:11+07:00,28.4,73.7,39.8,48.2,0.39994,403.12512
2025-06-22 15:41:01+07:00,28.5,73.1,32.3,37.4,0.40767,403.22519
2025-06-22 15:41:50+07:00,28.5,73.2,31.9,38.0,0.39105,403.25232
2025-06-22 15:42:40+07:00,28.5,72.8,31.0,36.1,0.42216,403.26593
2025-06-22 15:43:29+07:00,28.4,72.4,32.4,36.3,0.39738,403.27277
2025-06-22 15:44:18+07:00,28.4,72.9,42.0,49.3,0.42216,403.23874
2025-06-22 15:45:08+07:00,28.3,72.4,50.5,60.2,0.41685,403.1582
2025-06-22 15:45:57+07:00,28.3,73.1,38.6,43.5,0.43294,403.23874
2025-06-22 15:46:46+07:00,28.3,72.8,29.6,34.8,0.41685,403.34171
2025-06-22 15:47:36+07:00,28.2,71.9,33.5,38.9,0.40897,403.01471
2025-06-22 15:48:25+07:00,28.3,72.2,32.6,36.6,0.40122,403.09232
2025-06-22 15:49:15+07:00,28.2,71.3,31.0,35.5,0.39994,403.24551
2025-06-22 15:50:04+07:00,28.1,71.9,29.4,37.3,0.39994,403.1582
2025-06-22 15:50:53+07:00,28.1,72.1,37.4,41.8,0.42216,403.24551
2025-06-22 15:51:43+07:00,28.2,72.7,35.9,40.6,0.40508,403.14493
2025-06-22 15:52:32+07:00,28.2,72.9,32.1,38.8,0.39994,403.23874
2025-06-22 15:53:22+07:00,28.1,72.2,29.9,34.3,0.3689,403.12512
2025-06-22 15:54:11+07:00,28.1,72.4,31.5,37.9,0.38604,403.09232
2025-06-22 15:55:00+07:00,28.1,72.9,41.9,47.0,0.41028,403.04684
2025-06-22 15:55:50+07:00,28.1,72.7,34.7,40.9,0.36649,403.21844
2025-06-22 15:56:39+07:00,28.0,72.7,33.9,39.4,0.39105,403.17819
2025-06-22 15:57:29+07:00,28.0,73.3,36.4,41.7,0.39611,403.14493
2025-06-22 15:58:18+07:00,28.1,73.9,37.6,44.4,0.35701,403.22519
2025-06-22 15:59:08+07:00,28.2,73.9,36.4,42.5,0.39738,403.00192
2025-06-22 15:59:57+07:00,28.2,73.1,32.1,38.4,0.39357,403.21844
2025-06-22 16:00:46+07:00,28.1,73.5,41.6,46.8,0.37495,403.23874
2025-06-22 16:01:36+07:00,28.2,73.7,44.5,50.0,0.38232,403.33475
2025-06-22 16:02:25+07:00,28.2,74.0,45.7,54.5,0.40122,403.25232
2025-06-22 16:03:15+07:00,28.1,73.8,41.6,46.7,0.40897,403.27277
2025-06-22 16:04:05+07:00,28.1,74.0,33.1,38.0,0.39484,403.22519
2025-06-22 16:04:54+07:00,28.0,72.9,41.1,47.0,0.39866,403.15155
2025-06-22 16:05:44+07:00,28.0,73.5,36.6,42.4,0.39866,403.27277
2025-06-22 16:06:36+07:00,28.0,73.1,47.5,54.2,0.40767,403.1582
2025-06-22 16:07:25+07:00,28.0,73.0,68.4,76.9,0.40379,403.09232
2025-06-22 16:08:15+07:00,28.0,73.9,47.6,53.3,0.38108,402.98285
2025-06-22 16:09:10+07:00,28.0,73.4,34.8,38.9,0.41028,403.17151
2025-06-22 16:09:59+07:00,28.1,73.2,43.3,48.5,0.39866,403.33475
2025-06-22 16:10:49+07:00,28.0,73.2,38.8,43.5,0.3689,403.15155
2025-06-22 16:11:38+07:00,28.1,73.0,47.8,53.6,0.38854,403.13171
2025-06-22 16:12:28+07:00,28.1,73.2,57.2,64.0,0.4129,403.15155
2025-06-22 16:13:18+07:00,28.1,72.7,44.5,50.3,0.40122,403.39062
2025-06-22 16:14:08+07:00,28.0,73.1,41.1,46.1,0.40508,403.33475
2025-06-22 16:14:57+07:00,28.0,72.8,46.4,54.2,0.40122,403.40472
2025-06-22 16:15:47+07:00,27.9,73.0,59.5,66.4,0.4129,403.37659
2025-06-22 16:16:37+07:00,28.0,73.9,74.0,83.0,0.42752,403.36261
2025-06-22 16:18:16+07:00,27.9,74.1,68.9,83.7,0.38854,403.24551
2025-06-22 16:19:08+07:00,27.9,74.1,53.6,63.6,0.41028,403.37659
2025-06-22 16:20:00+07:00,28.0,73.7,49.9,58.6,0.4025,403.38361
2025-06-22 16:20:58+07:00,28.0,73.3,64.0,77.6,0.39231,403.13834
2025-06-22 16:21:48+07:00,27.9,73.7,60.0,71.8,0.39866,403.23874
2025-06-22 16:22:37+07:00,27.9,74.7,47.1,54.6,0.42216,403.3071
2025-06-22 16:24:16+07:00,28.0,74.8,74.6,90.0,0.35819,403.314
2025-06-22 16:25:05+07:00,28.1,75.2,54.9,65.1,0.39357,403.3696
2025-06-22 16:25:55+07:00,28.1,74.4,49.3,56.7,0.39231,403.19827
2025-06-22 16:26:44+07:00,28.0,74.6,56.4,63.4,0.41159,403.32089
2025-06-22 16:27:34+07:00,27.9,75.5,46.9,52.6,0.42216,403.34866
2025-06-22 16:28:24+07:00,27.9,75.7,62.7,70.1,0.43022,403.25912
2025-06-22 16:29:13+07:00,27.9,75.5,65.0,72.7,0.41685,403.41177
2025-06-22 16:30:05+07:00,27.9,75.3,53.7,60.0,0.41553,403.40472
2025-06-22 16:30:58+07:00,27.8,75.1,54.0,60.4,0.43158,403.25912
2025-06-22 16:31:54+07:00,27.8,75.2,42.7,48.0,0.39484,403.23874
2025-06-22 16:32:43+07:00,27.8,75.4,51.5,58.2,0.43704,403.37659
2025-06-22 16:33:33+07:00,27.8,75.4,52.4,58.8,0.42752,403.45438
2025-06-22 16:34:25+07:00,27.8,75.6,54.7,61.3,0.40122,403.41885
2025-06-22 16:35:18+07:00,27.9,75.6,49.9,55.9,0.39994,403.34171
2025-06-22 16:36:13+07:00,27.8,74.8,51.6,57.8,0.43158,403.55548
2025-06-22 16:37:06+07:00,27.7,75.2,55.2,62.0,0.41028,403.44727
2025-06-22 16:37:55+07:00,27.7,75.7,53.0,59.5,0.43158,403.41885
2025-06-22 16:38:45+07:00,27.7,75.7,50.3,56.5,0.4235,403.85745
2025-06-22 16:39:38+07:00,27.7,76.1,51.2,57.9,0.43294,403.59952
2025-06-22 16:40:33+07:00,27.8,76.2,45.0,50.4,0.44811,403.44012
2025-06-22 16:41:23+07:00,27.7,75.1,44.0,50.1,0.43022,403.46869
2025-06-22 16:42:12+07:00,27.6,75.5,40.6,49.0,0.38108,403.54089
2025-06-22 16:43:02+07:00,27.7,75.6,39.1,45.4,0.43704,403.44727
2025-06-22 16:43:52+07:00,27.7,75.8,41.3,50.0,0.43978,403.23196
2025-06-22 16:44:41+07:00,27.7,75.5,42.1,47.9,0.41685,403.34866
2025-06-22 16:45:30+07:00,27.7,75.7,42.9,50.3,0.41817,403.34866
2025-06-22 16:46:20+07:00,27.7,75.7,41.3,48.8,0.43158,403.39767
2025-06-22 16:47:09+07:00,27.6,75.6,40.2,45.2,0.41817,403.39062
2025-06-22 16:47:59+07:00,27.6,75.7,41.1,49.7,0.40638,403.24551
2025-06-22 16:48:48+07:00,27.7,76.1,40.8,50.1,0.43567,403.3696
2025-06-22 16:49:38+07:00,27.7,75.7,40.1,46.5,0.42887,403.32089
2025-06-22 16:50:27+07:00,27.7,75.2,46.6,53.9,0.4129,403.40472
2025-06-22 16:51:21+07:00,27.7,75.8,42.9,52.0,0.43022,403.36261
2025-06-22 16:52:10+07:00,27.8,76.1,39.4,45.9,0.41159,403.39062
2025-06-22 16:53:00+07:00,27.7,75.5,40.1,45.9,0.42887,403.17151
2025-06-22 16:53:49+07:00,27.7,75.7,39.5,47.0,0.42618,403.22519
2025-06-22 16:54:38+07:00,27.7,75.4,37.0,43.5,0.42483,403.39062
2025-06-22 16:55:28+07:00,27.6,75.0,38.2,44.2,0.41817,403.29333
2025-06-22 16:56:17+07:00,27.6,75.1,39.6,48.4,0.39611,403.20499
2025-06-22 16:57:07+07:00,27.5,75.5,41.5,47.1,0.4129,403.3071
2025-06-22 16:57:56+07:00,27.5,75.4,38.3,44.2,0.42752,403.32782
2025-06-22 16:58:45+07:00,27.6,75.0,37.9,43.0,0.42887,403.38361
2025-06-22 16:59:35+07:00,27.6,75.2,40.3,48.6,0.4195,403.3071
2025-06-22 17:00:24+07:00,27.6,75.3,38.0,45.2,0.41421,403.01471
2025-06-22 17:01:13+07:00,27.5,75.2,37.9,42.9,0.41685,403.32089
2025-06-22 17:02:03+07:00,27.5,75.4,38.9,48.2,0.40638,403.33475
2025-06-22 17:02:52+07:00,27.5,75.8,36.9,43.9,0.39357,403.39767
2025-06-22 17:03:41+07:00,27.4,75.4,36.8,45.3,0.4129,403.32782
2025-06-22 17:04:31+07:00,27.4,75.9,40.4,46.0,0.41817,403.39767
2025-06-22 17:05:20+07:00,27.4,76.1,39.7,44.9,0.40638,403.34866
2025-06-22 17:06:10+07:00,27.3,76.3,39.6,45.8,0.41421,403.37659
2025-06-22 17:06:59+07:00,27.4,76.1,40.7,46.4,0.39357,403.18488
2025-06-22 17:07:52+07:00,27.4,76.0,39.2,47.2,0.41817,403.44012
2025-06-22 17:09:35+07:00,27.3,76.6,42.0,48.9,0.39357,403.39767
2025-06-22 17:10:25+07:00,27.3,76.7,42.5,49.0,0.40897,403.17819
2025-06-22 17:11:17+07:00,27.3,76.7,41.8,49.5,0.43158,403.36261
2025-06-22 17:12:06+07:00,27.3,76.9,42.8,51.5,0.39231,403.39062
2025-06-22 17:12:56+07:00,27.3,77.2,43.6,50.8,0.40379,403.314
2025-06-22 17:13:46+07:00,27.3,77.3,45.6,53.3,0.42752,403.314
2025-06-22 17:14:36+07:00,27.3,77.5,44.8,52.9,0.39611,403.2796
2025-06-22 17:15:26+07:00,27.3,77.3,44.3,51.7,0.39738,403.34171
2025-06-22 17:16:15+07:00,27.3,76.8,43.6,53.3,0.41817,403.28647
2025-06-22 17:17:04+07:00,27.3,77.0,45.3,55.7,0.42216,403.23196
2025-06-22 17:17:54+07:00,27.3,77.1,43.7,51.6,0.42083,403.3696
2025-06-22 17:18:43+07:00,27.2,77.1,46.9,57.7,0.3701,403.25912
2025-06-22 17:19:35+07:00,27.2,76.7,45.7,59.1,0.40508,403.27277
2025-06-22 17:20:25+07:00,27.2,76.7,45.6,53.0,0.4129,403.19156
2025-06-22 17:21:14+07:00,27.2,76.8,45.1,55.6,0.43978,403.24551
2025-06-22 17:22:04+07:00,27.2,76.5,46.9,56.7,0.39357,403.28647
2025-06-22 17:22:53+07:00,27.2,76.9,46.3,60.4,0.40897,403.39062
2025-06-22 17:23:42+07:00,27.2,77.1,46.7,56.9,0.41553,403.35562
2025-06-22 17:24:32+07:00,27.2,77.2,51.3,65.6,0.40508,403.41177
2025-06-22 17:25:21+07:00,27.3,77.3,49.5,63.2,0.42083,403.26593
2025-06-22 17:26:10+07:00,27.2,77.3,47.9,58.8,0.4235,403.39062
2025-06-22 17:27:02+07:00,27.2,77.0,45.1,54.7,0.41817,403.20499
2025-06-22 17:27:52+07:00,27.2,76.7,46.8,57.5,0.4025,403.23196
2025-06-22 17:28:41+07:00,27.2,77.0,51.4,65.5,0.4195,403.3002
2025-06-22 17:29:31+07:00,27.2,77.4,52.2,67.3,0.42752,403.2117
2025-06-22 17:30:20+07:00,27.2,77.1,51.7,68.2,0.43022,403.37659
2025-06-22 17:31:10+07:00,27.2,77.2,56.5,74.0,0.4235,403.42593
2025-06-22 17:32:02+07:00,27.3,77.3,53.1,67.5,0.4129,403.36261
2025-06-22 17:32:55+07:00,27.2,77.1,50.1,69.9,0.40897,403.37659
2025-06-22 17:33:45+07:00,27.2,77.2,53.6,73.4,0.42618,403.36261
2025-06-22 17:35:33+07:00,27.2,77.2,55.4,76.3,0.41553,403.34866
2025-06-22 17:36:25+07:00,27.2,76.9,56.8,77.0,0.40508,403.41177
2025-06-22 17:37:14+07:00,27.2,77.1,53.7,73.9,0.43294,403.44727
2025-06-22 17:38:04+07:00,27.2,76.8,53.6,72.6,0.44116,403.41177
2025-06-22 17:38:54+07:00,27.2,77.0,53.3,72.5,0.42216,403.49023
2025-06-22 17:39:43+07:00,27.2,76.8,55.7,79.8,0.39994,403.3002
2025-06-22 17:41:22+07:00,27.3,77.0,58.7,79.2,0.43158,403.23196
2025-06-22 17:42:12+07:00,27.3,77.0,61.9,74.4,0.42483,403.36261
2025-06-22 17:43:01+07:00,27.3,76.9,55.4,66.7,0.4343,403.39062
2025-06-22 17:43:50+07:00,27.3,76.6,54.2,69.6,0.43567,403.41885
2025-06-22 17:44:40+07:00,27.3,76.5,53.6,67.7,0.4195,403.44012
2025-06-22 17:45:29+07:00,27.3,76.8,49.2,60.8,0.468,403.33475
2025-06-22 17:46:19+07:00,27.3,76.7,50.5,61.5,0.4195,403.44012
2025-06-22 17:47:08+07:00,27.2,76.7,49.9,59.3,0.45797,403.41177
2025-06-22 17:47:58+07:00,27.2,77.2,53.8,65.1,0.41421,403.34171
2025-06-22 17:48:47+07:00,27.2,77.5,50.6,65.7,0.42618,403.314
2025-06-22 17:49:36+07:00,27.2,77.4,49.6,61.7,0.4235,403.36261
2025-06-22 17:50:26+07:00,27.1,77.7,54.9,75.0,0.41028,403.33475
2025-06-22 17:51:15+07:00,27.2,77.7,56.6,79.6,0.37862,403.34866
2025-06-22 17:52:04+07:00,27.2,77.7,51.6,67.9,0.43978,403.38361
2025-06-22 17:53:01+07:00,27.1,78.0,50.8,66.3,0.41553,403.28647
2025-06-22 17:53:51+07:00,27.1,77.9,50.7,64.4,0.42216,403.32782
2025-06-22 17:54:40+07:00,27.0,78.0,49.2,59.7,0.42083,403.40472
2025-06-22 17:55:29+07:00,27.1,78.1,50.1,63.6,0.4195,403.34171
2025-06-22 17:56:19+07:00,27.1,78.2,49.8,61.0,0.40897,403.32782
2025-06-22 17:57:11+07:00,27.1,78.2,52.1,61.3,0.41553,403.41177
2025-06-22 17:58:02+07:00,27.0,78.2,51.8,64.5,0.43294,403.32782
2025-06-22 17:58:51+07:00,27.0,78.5,51.1,61.4,0.42083,403.41177
2025-06-22 17:59:42+07:00,27.0,78.5,52.0,63.3,0.41817,403.41177
2025-06-22 18:00:36+07:00,27.0,78.8,51.4,61.1,0.42752,403.37659
2025-06-22 18:01:25+07:00,26.9,78.9,53.0,63.8,0.4235,403.37659
2025-06-22 18:02:18+07:00,26.9,79.0,55.8,72.3,0.43294,403.40472
2025-06-22 18:03:11+07:00,27.0,79.1,53.1,67.5,0.43158,403.40472
2025-06-22 18:04:00+07:00,27.0,79.0,57.3,67.9,0.4129,403.39767
2025-06-22 18:04:50+07:00,27.0,78.9,53.3,66.0,0.43294,403.37659
2025-06-22 18:05:39+07:00,27.0,79.0,54.6,68.0,0.41159,403.2796
2025-06-22 18:06:29+07:00,26.9,79.0,54.3,66.4,0.48558,403.46152
2025-06-22 18:07:18+07:00,27.0,79.3,55.8,68.1,0.39611,403.39062
2025-06-22 18:08:07+07:00,27.0,79.2,55.3,68.5,0.43704,403.39767
2025-06-22 18:08:57+07:00,27.1,79.2,55.6,70.4,0.40508,403.33475
2025-06-22 18:09:46+07:00,27.1,79.1,54.7,68.0,0.4343,403.34866
2025-06-22 18:10:36+07:00,27.0,79.1,57.3,69.0,0.39866,403.27277
2025-06-22 18:11:25+07:00,27.0,79.2,54.8,66.8,0.41421,403.314
2025-06-22 18:12:15+07:00,26.9,79.6,56.6,70.2,0.39231,403.36261
2025-06-22 18:13:04+07:00,26.9,79.6,55.8,69.1,0.39231,403.40472
2025-06-22 18:13:53+07:00,26.9,79.6,60.0,73.6,0.41553,403.3071
2025-06-22 18:14:43+07:00,26.9,80.0,60.1,76.0,0.41159,403.41177
2025-06-22 18:15:32+07:00,27.0,80.1,60.4,75.9,0.44116,403.25912
2025-06-22 18:16:22+07:00,26.9,80.1,60.7,76.5,0.40897,403.44727
2025-06-22 18:17:14+07:00,26.9,79.9,59.8,74.2,0.41421,403.41177
2025-06-22 18:18:03+07:00,26.9,80.0,57.9,68.7,0.42887,403.45438
2025-06-22 18:18:52+07:00,26.9,79.9,59.4,72.2,0.42216,403.41177
2025-06-22 18:19:42+07:00,27.0,79.9,60.4,73.1,0.43841,403.35562
2025-06-22 18:20:31+07:00,27.0,80.2,58.7,74.9,0.43158,403.40472
2025-06-22 18:21:21+07:00,26.9,80.1,58.8,70.9,0.40379,403.64401
2025-06-22 18:22:13+07:00,26.9,80.3,59.6,75.4,0.40638,403.35562
2025-06-22 18:23:03+07:00,26.9,80.2,58.2,71.2,0.47527,403.71155
2025-06-22 18:23:52+07:00,26.9,80.3,57.7,71.7,0.42483,403.42593
2025-06-22 18:24:41+07:00,26.8,80.4,57.6,72.2,0.42752,403.3071
2025-06-22 18:25:31+07:00,26.9,80.8,60.4,76.8,0.42483,403.3071
2025-06-22 18:26:20+07:00,26.9,80.9,60.3,77.0,0.42083,403.3071
2025-06-22 18:27:10+07:00,26.9,81.0,62.6,77.1,0.41159,403.41885
2025-06-22 18:27:59+07:00,26.9,81.3,61.2,74.6,0.41817,403.41177
2025-06-22 18:28:48+07:00,26.9,81.2,59.8,75.6,0.43294,403.39767
2025-06-22 18:29:38+07:00,26.8,81.4,62.7,80.8,0.39738,403.40472
2025-06-22 18:30:27+07:00,26.8,81.7,65.2,79.5,0.43294,403.32782
2025-06-22 18:31:17+07:00,26.8,81.6,63.7,77.7,0.44951,403.47586
2025-06-22 18:32:07+07:00,26.8,81.8,64.1,79.2,0.45513,403.41885
2025-06-22 18:32:56+07:00,26.8,81.7,62.5,79.2,0.40897,403.34171
2025-06-22 18:33:46+07:00,26.7,81.6,65.1,78.3,0.41553,403.40472
2025-06-22 18:34:35+07:00,26.7,81.9,66.6,81.3,0.40767,403.3696
2025-06-22 18:35:24+07:00,26.6,82.3,66.2,83.1,0.4343,403.44012
2025-06-22 18:36:14+07:00,26.6,82.3,68.6,85.1,0.42216,403.28647
2025-06-22 18:37:03+07:00,26.7,82.4,68.6,86.4,0.42216,403.3696
2025-06-22 18:37:54+07:00,26.7,82.2,69.5,89.6,0.41028,403.40472
2025-06-22 18:38:43+07:00,26.7,82.2,69.4,86.7,0.42618,403.40472
2025-06-22 18:39:33+07:00,26.7,82.2,69.1,86.0,0.41817,403.47586
2025-06-22 18:40:28+07:00,26.7,82.4,69.2,92.2,0.41421,403.45438
2025-06-22 18:42:24+07:00,26.7,82.9,68.5,86.3,0.40897,403.3696
2025-06-22 18:43:14+07:00,26.6,82.9,71.9,91.5,0.42483,403.39767
2025-06-22 18:44:04+07:00,26.6,82.9,70.6,91.1,0.4129,403.50464
2025-06-22 18:44:53+07:00,26.6,82.8,72.5,93.1,0.41159,403.41177
2025-06-22 18:45:42+07:00,26.6,82.9,71.3,91.1,0.40767,403.314
2025-06-22 18:46:32+07:00,26.6,82.9,73.4,89.1,0.42887,403.46152
2025-06-22 18:47:23+07:00,26.6,82.9,74.3,95.3,0.43158,403.6069
2025-06-22 18:48:13+07:00,26.6,83.0,71.8,90.8,0.41553,403.47586
2025-06-22 18:49:02+07:00,26.7,82.8,70.5,91.0,0.42887,403.41177
2025-06-22 18:49:51+07:00,26.6,83.1,72.0,94.8,0.42483,403.45438
2025-06-22 18:50:49+07:00,26.7,83.4,70.5,87.7,0.43158,403.46869
2025-06-22 18:51:38+07:00,26.6,83.4,73.9,97.2,0.43158,403.34171
2025-06-22 18:52:28+07:00,26.6,83.6,71.6,90.6,0.41817,403.43304
2025-06-22 18:53:17+07:00,26.6,83.7,71.4,92.8,0.42216,403.38361
2025-06-22 18:54:09+07:00,26.7,83.7,75.0,95.4,0.43704,403.34866
2025-06-22 18:55:01+07:00,26.7,83.4,70.4,90.8,0.4343,403.6069
2025-06-22 18:55:51+07:00,26.7,83.5,74.2,99.8,0.42083,403.32782
2025-06-22 18:56:42+07:00,26.6,83.5,73.0,92.7,0.41028,403.314
2025-06-22 18:57:32+07:00,26.5,83.7,73.6,93.9,0.43158,403.35562
2025-06-22 18:58:21+07:00,26.6,84.1,75.2,98.0,0.41159,403.37659
2025-06-22 18:59:12+07:00,26.6,83.8,72.6,95.0,0.41159,403.34866
2025-06-22 19:00:01+07:00,26.6,83.8,75.6,95.5,0.41159,403.48303
2025-06-22 19:00:51+07:00,26.6,83.9,73.8,96.1,0.42083,403.38361
2025-06-22 19:01:41+07:00,26.5,84.1,72.6,93.3,0.41553,403.39767
2025-06-22 19:02:30+07:00,26.5,84.4,73.6,94.7,0.42483,403.36261
2025-06-22 19:03:19+07:00,26.5,84.5,77.1,100.9,0.41685,403.23874
2025-06-22 19:04:09+07:00,26.5,84.6,74.6,96.3,0.41421,403.41885
2025-06-22 19:04:58+07:00,26.5,84.5,77.5,99.5,0.4195,403.34866
2025-06-22 19:05:48+07:00,26.6,84.4,78.7,100.6,0.42618,403.34171
2025-06-22 19:06:37+07:00,26.5,84.4,79.7,102.1,0.40379,403.38361
2025-06-22 19:07:26+07:00,26.5,84.4,80.0,101.1,0.42483,403.46869
2025-06-22 19:08:16+07:00,26.5,84.4,77.6,98.9,0.40638,403.41177
2025-06-22 19:09:05+07:00,26.5,84.5,81.9,103.6,0.41685,403.40472
2025-06-22 19:09:54+07:00,26.4,84.6,80.8,107.4,0.42483,403.3696
2025-06-22 19:10:44+07:00,26.4,84.8,80.7,105.0,0.42887,403.46152
2025-06-22 19:11:33+07:00,26.3,84.8,79.2,101.9,0.42216,403.39767
2025-06-22 19:12:23+07:00,26.3,84.8,79.4,103.0,0.43567,403.5701
2025-06-22 19:13:12+07:00,26.3,85.0,80.6,106.2,0.44116,403.39062
2025-06-22 19:14:01+07:00,26.3,85.0,81.2,107.3,0.44393,403.46869
2025-06-22 19:14:51+07:00,26.3,85.0,80.1,108.8,0.41685,403.39767
2025-06-22 19:15:40+07:00,26.3,85.2,80.2,105.4,0.40767,403.38361
2025-06-22 19:16:29+07:00,26.4,85.3,81.6,103.7,0.42483,403.35562
2025-06-22 19:17:19+07:00,26.4,85.2,81.4,109.1,0.42483,403.41177
2025-06-22 19:18:08+07:00,26.3,85.2,81.5,106.1,0.41421,403.44727
2025-06-22 19:18:58+07:00,26.3,85.1,82.7,106.4,0.42483,403.42593
2025-06-22 19:19:47+07:00,26.4,85.1,80.6,101.0,0.42618,403.44727
2025-06-22 19:20:36+07:00,26.4,84.8,84.3,110.0,0.39484,403.66641
2025-06-22 19:21:26+07:00,26.4,85.0,81.6,103.6,0.42483,403.38361
2025-06-22 19:22:15+07:00,26.3,84.9,82.5,105.0,0.41553,403.35562
2025-06-22 19:23:04+07:00,26.4,84.7,83.1,109.7,0.40897,403.34866
2025-06-22 19:23:54+07:00,26.4,84.5,88.8,114.3,0.43978,403.3071
2025-06-22 19:24:43+07:00,26.4,84.6,86.6,111.2,0.43841,403.48303
2025-06-22 19:25:32+07:00,26.5,84.5,85.7,114.4,0.43978,403.37659
2025-06-22 19:26:22+07:00,26.5,84.7,85.3,112.7,0.40122,403.52637
2025-06-22 19:27:11+07:00,26.5,84.8,87.3,114.8,0.44393,403.41177
2025-06-22 19:28:01+07:00,26.5,84.7,89.0,117.0,0.42216,403.43304
2025-06-22 19:28:50+07:00,26.5,84.6,91.0,118.4,0.39994,403.46152
2025-06-22 19:29:39+07:00,26.5,84.7,86.5,111.7,0.4343,403.42593
2025-06-22 19:30:29+07:00,26.5,84.7,83.4,103.6,0.44532,403.37659
2025-06-22 19:31:18+07:00,26.5,84.6,86.6,109.2,0.45372,403.46152
2025-06-22 19:32:08+07:00,26.4,84.7,91.5,115.7,0.41817,403.41177
2025-06-22 19:32:57+07:00,26.4,85.0,88.3,114.2,0.4235,403.37659
2025-06-22 19:33:47+07:00,26.5,85.0,85.4,107.7,0.4235,403.35562
2025-06-22 19:34:37+07:00,26.4,84.7,86.9,111.4,0.42483,403.33475
2025-06-22 19:35:26+07:00,26.5,84.6,89.5,116.7,0.42083,403.39767
2025-06-22 19:36:16+07:00,26.4,84.8,83.2,105.2,0.41421,403.40472
2025-06-22 19:37:05+07:00,26.4,84.6,80.5,104.4,0.43841,403.44727
2025-06-22 19:37:55+07:00,26.4,84.7,85.1,107.7,0.43567,403.3696
2025-06-22 19:38:45+07:00,26.3,85.1,81.9,106.5,0.4343,403.48303
2025-06-22 19:39:34+07:00,26.3,85.2,84.2,107.5,0.4195,403.41177
2025-06-22 19:40:24+07:00,26.3,85.4,84.8,109.0,0.4195,403.42593
2025-06-22 19:41:17+07:00,26.3,85.3,85.7,108.6,0.42887,403.22519
2025-06-22 19:42:07+07:00,26.3,85.4,85.3,107.4,0.41553,403.34866
2025-06-22 19:42:58+07:00,26.3,85.5,89.0,112.2,0.4343,403.44727
2025-06-22 19:43:47+07:00,26.3,85.7,86.7,110.5,0.4195,403.46152
2025-06-22 19:44:40+07:00,26.2,86.1,85.4,109.1,0.4343,403.37659
2025-06-22 19:45:30+07:00,26.2,86.2,85.7,110.5,0.4235,403.2117
2025-06-22 19:46:19+07:00,26.2,86.4,84.3,110.8,0.45231,403.34866
2025-06-22 19:47:09+07:00,26.2,86.5,84.7,109.8,0.41159,403.13171
2025-06-22 19:47:58+07:00,26.1,86.7,82.8,108.8,0.45231,403.49744
2025-06-22 19:48:47+07:00,26.2,86.6,82.2,104.5,0.44532,403.42593
2025-06-22 19:49:37+07:00,26.2,86.9,81.7,105.6,0.38854,403.41885
2025-06-22 19:50:27+07:00,26.1,86.9,82.0,107.6,0.42483,403.35562
2025-06-22 19:51:18+07:00,26.2,86.7,81.0,101.4,0.40897,403.41885
2025-06-22 19:52:07+07:00,26.3,86.5,81.3,104.8,0.43841,403.3696
2025-06-22 19:52:57+07:00,26.3,86.4,83.5,105.6,0.42752,403.36261
2025-06-22 19:53:46+07:00,26.3,86.4,75.3,96.2,0.43567,403.41177
2025-06-22 19:54:36+07:00,26.3,85.9,77.6,100.1,0.42887,403.37659
2025-06-22 19:55:25+07:00,26.2,86.2,76.0,99.5,0.42483,403.39767
2025-06-22 19:56:15+07:00,26.2,86.2,69.4,87.1,0.42483,403.44727
2025-06-22 19:57:04+07:00,26.2,85.6,68.8,86.6,0.4235,403.33475
2025-06-22 19:57:54+07:00,26.2,85.4,69.1,86.4,0.4195,403.41177
2025-06-22 19:58:44+07:00,26.2,85.5,66.2,83.2,0.4235,403.44727
2025-06-22 19:59:34+07:00,26.2,84.8,63.0,79.6,0.39994,403.45438
2025-06-22 20:00:23+07:00,26.2,84.5,60.6,77.4,0.42083,403.42593
2025-06-22 20:01:12+07:00,26.2,84.8,60.7,79.8,0.43022,403.41177
2025-06-22 20:02:02+07:00,26.2,84.7,62.7,79.9,0.43841,403.34171
2025-06-22 20:02:51+07:00,26.2,84.9,61.4,77.0,0.41553,403.16486
2025-06-22 20:03:41+07:00,26.2,84.7,54.8,72.6,0.4235,403.28647
2025-06-22 20:04:30+07:00,26.1,84.6,58.9,73.6,0.41817,403.36261
2025-06-22 20:05:19+07:00,26.2,84.5,53.1,67.5,0.47527,403.41177
2025-06-22 20:06:09+07:00,26.2,84.1,56.9,70.0,0.43978,403.32089
2025-06-22 20:06:58+07:00,26.1,84.1,59.0,75.1,0.40379,403.42593
2025-06-22 20:07:48+07:00,26.2,83.8,58.3,73.0,0.41421,403.19827
2025-06-22 20:08:38+07:00,26.2,83.8,59.1,78.4,0.43294,403.32782
2025-06-22 20:09:28+07:00,26.2,83.9,59.6,77.5,0.42618,403.3696
2025-06-22 20:10:17+07:00,26.2,83.9,59.8,75.6,0.42752,403.43304
2025-06-22 20:11:06+07:00,26.2,83.7,62.6,78.2,0.41421,403.39767
2025-06-22 20:11:56+07:00,26.2,83.9,64.0,80.1,0.37617,403.32089
2025-06-22 20:12:45+07:00,26.2,84.1,64.9,82.6,0.41159,403.41177
2025-06-22 20:13:35+07:00,26.3,84.1,63.4,83.3,0.4235,403.42593
2025-06-22 20:14:27+07:00,26.3,84.0,67.3,87.4,0.42887,403.47586
2025-06-22 20:15:17+07:00,26.3,84.1,69.8,89.8,0.41159,403.45438
2025-06-22 20:16:06+07:00,26.3,84.1,73.5,96.8,0.43704,403.34866
2025-06-22 20:16:56+07:00,26.3,84.1,73.5,94.7,0.4343,403.46152
2025-06-22 20:17:45+07:00,26.3,84.1,63.4,82.7,0.4025,403.42593
2025-06-22 20:18:35+07:00,26.3,83.8,64.1,84.0,0.43567,403.41885
2025-06-22 20:19:24+07:00,26.3,83.8,62.3,80.4,0.43158,403.41177
2025-06-22 20:20:14+07:00,26.3,83.7,62.5,80.2,0.43158,403.37659
2025-06-22 20:21:03+07:00,26.3,83.7,72.1,91.0,0.4195,403.42593
2025-06-22 20:21:53+07:00,26.4,83.5,68.9,86.6,0.43158,403.40472
2025-06-22 20:22:42+07:00,26.4,83.6,66.4,84.4,0.41685,403.42593
2025-06-22 20:23:32+07:00,26.3,83.4,63.4,81.8,0.42483,403.33475
2025-06-22 20:24:21+07:00,26.3,83.4,60.0,75.1,0.4195,403.27277
2025-06-22 20:25:10+07:00,26.3,83.4,59.1,78.4,0.43158,403.37659
2025-06-22 20:26:00+07:00,26.2,83.8,65.1,81.1,0.4129,403.27277
2025-06-22 20:26:49+07:00,26.2,83.8,62.4,80.3,0.41685,403.44727
2025-06-22 20:27:39+07:00,26.3,83.6,64.3,84.0,0.39866,403.41177
2025-06-22 20:28:28+07:00,26.2,83.7,63.5,79.9,0.4235,403.39767
2025-06-22 20:29:18+07:00,26.2,83.6,67.0,83.8,0.45091,403.34171
2025-06-22 20:30:07+07:00,26.3,83.6,75.4,93.6,0.4129,403.41885
2025-06-22 20:30:57+07:00,26.3,83.7,83.1,101.5,0.42752,403.42593
2025-06-22 20:31:46+07:00,26.3,83.7,83.5,105.6,0.42752,403.3696
2025-06-22 20:32:36+07:00,26.3,83.7,66.1,85.9,0.4343,403.45438
2025-06-22 20:33:25+07:00,26.2,83.6,64.6,82.5,0.43022,403.52637
2025-06-22 20:34:14+07:00,26.2,83.7,72.5,91.9,0.43841,403.56277
2025-06-22 20:35:53+07:00,26.2,83.9,78.4,98.0,0.41685,403.38361
2025-06-22 20:36:43+07:00,26.1,84.0,69.1,84.6,0.43704,403.38361
2025-06-22 20:37:32+07:00,26.1,84.3,76.1,93.1,0.40508,403.41885
2025-06-22 20:38:22+07:00,26.0,84.5,66.0,84.5,0.38604,403.36261
2025-06-22 20:39:11+07:00,26.0,84.3,61.9,76.5,0.43567,403.08578
2025-06-22 20:40:01+07:00,26.0,84.3,60.1,77.0,0.42216,403.5191
2025-06-22 20:40:50+07:00,26.0,84.3,68.2,85.4,0.42083,403.39062
2025-06-22 20:41:40+07:00,26.0,84.4,63.6,81.4,0.41028,403.39062
2025-06-22 20:42:29+07:00,26.0,84.3,57.5,75.0,0.41421,403.39767
2025-06-22 20:43:19+07:00,26.0,84.4,59.3,76.1,0.43978,403.40472
2025-06-22 20:44:08+07:00,26.0,84.3,62.7,80.5,0.43158,403.32089
2025-06-22 20:45:01+07:00,26.2,83.9,55.0,71.4,0.41685,403.38361
2025-06-22 20:45:52+07:00,26.2,83.8,52.1,65.4,0.40767,403.34171
2025-06-22 20:46:41+07:00,26.1,83.9,55.2,73.2,0.43567,403.42593
2025-06-22 20:47:30+07:00,26.1,84.1,51.8,67.0,0.42887,403.41177
2025-06-22 20:48:20+07:00,26.0,84.0,53.4,68.7,0.42483,403.3696
2025-06-22 20:49:09+07:00,26.0,84.1,52.3,66.4,0.4129,403.42593
2025-06-22 20:49:59+07:00,26.1,84.1,48.9,63.7,0.4129,403.42593
2025-06-22 20:50:51+07:00,26.1,84.1,48.7,65.0,0.42216,403.39767
2025-06-22 20:51:40+07:00,26.1,84.2,47.2,62.6,0.40767,403.41177
2025-06-22 20:52:30+07:00,26.0,84.3,47.0,59.7,0.41817,403.32782
2025-06-22 20:54:14+07:00,26.0,84.1,44.9,56.7,0.41685,403.19156
2025-06-22 20:55:04+07:00,26.0,83.9,45.6,55.6,0.42216,403.36261
2025-06-22 20:55:53+07:00,25.9,84.0,47.0,58.5,0.41159,403.25232
2025-06-22 20:56:43+07:00,26.0,83.8,48.2,56.5,0.40897,403.18488
2025-06-22 20:57:33+07:00,26.0,83.8,47.7,59.4,0.39357,403.24551
2025-06-22 20:58:25+07:00,26.0,83.9,48.0,57.5,0.4195,403.22519
2025-06-22 20:59:14+07:00,25.9,83.9,45.8,55.2,0.39105,403.38361
2025-06-22 21:00:10+07:00,25.9,83.8,45.9,55.2,0.39738,403.27277
2025-06-22 21:01:00+07:00,25.9,83.7,47.3,60.4,0.40122,403.34866
2025-06-22 21:01:49+07:00,25.8,84.0,47.3,56.2,0.39231,403.37659
2025-06-22 21:02:39+07:00,25.8,84.2,48.6,59.4,0.40638,403.29333
2025-06-22 21:03:29+07:00,25.8,84.1,50.2,59.6,0.42216,403.23874
2025-06-22 21:04:19+07:00,25.8,84.0,48.7,60.2,0.40379,403.29333
2025-06-22 21:05:09+07:00,25.9,83.9,49.7,60.8,0.41553,403.41177
2025-06-22 21:06:01+07:00,25.9,83.8,50.0,61.4,0.40122,403.32782
2025-06-22 21:06:51+07:00,26.0,83.6,49.7,61.4,0.42618,403.48303
2025-06-22 21:07:44+07:00,26.0,83.4,47.9,58.2,0.39738,403.39767
2025-06-22 21:08:33+07:00,26.0,83.2,48.5,60.8,0.3848,403.24551
2025-06-22 21:09:23+07:00,25.9,83.5,48.7,59.2,0.39105,403.35562
2025-06-22 21:10:12+07:00,25.9,83.7,50.8,63.2,0.42483,403.2796
2025-06-22 21:11:06+07:00,26.0,83.5,50.9,63.2,0.4025,403.3071
2025-06-22 21:11:55+07:00,25.9,83.2,48.3,60.3,0.41553,403.23874
2025-06-22 21:12:45+07:00,26.0,83.0,50.9,60.9,0.38356,403.34171
2025-06-22 21:13:34+07:00,25.9,83.4,49.9,62.6,0.39738,403.33475
2025-06-22 21:14:23+07:00,26.0,83.1,52.9,65.4,0.39994,403.19827
2025-06-22 21:15:14+07:00,26.0,83.0,51.1,65.3,0.40897,403.37659
2025-06-22 21:16:04+07:00,26.0,82.9,51.7,63.0,0.37617,403.28647
2025-06-22 21:16:54+07:00,26.1,82.8,50.5,61.9,0.37985,403.19156
2025-06-22 21:17:43+07:00,26.1,82.7,52.1,64.5,0.39231,403.1582
2025-06-22 21:18:32+07:00,26.1,82.7,54.0,65.4,0.41159,403.32089
2025-06-22 21:19:22+07:00,26.1,82.6,52.8,66.9,0.38854,403.3071
2025-06-22 21:20:11+07:00,26.1,83.0,56.2,69.0,0.38729,403.314
2025-06-22 21:21:00+07:00,26.1,82.7,58.2,72.2,0.39994,403.33475
2025-06-22 21:21:50+07:00,26.2,82.9,54.3,67.4,0.38729,403.41885
2025-06-22 21:22:40+07:00,26.2,82.6,56.6,70.4,0.41553,403.39767
2025-06-22 21:23:30+07:00,26.1,82.8,55.3,69.5,0.40379,403.34171
2025-06-22 21:24:19+07:00,26.1,83.0,55.0,70.2,0.42083,403.42593
2025-06-22 21:25:09+07:00,26.1,83.0,54.5,71.2,0.4025,403.52637
2025-06-22 21:25:58+07:00,26.2,83.1,55.5,71.9,0.43158,403.40472
2025-06-22 21:26:47+07:00,26.2,83.2,55.4,71.7,0.3848,403.58478
2025-06-22 21:27:37+07:00,26.4,82.9,59.2,78.4,0.44671,403.65894
2025-06-22 21:28:26+07:00,26.4,82.5,58.1,73.7,0.45797,403.77243
2025-06-22 21:29:16+07:00,26.5,82.5,57.1,75.3,0.45797,403.85745
2025-06-22 21:30:05+07:00,26.5,82.1,56.6,71.5,0.45231,403.67389
2025-06-22 21:30:54+07:00,26.4,82.1,56.7,72.1,0.46368,403.39062
2025-06-22 21:31:44+07:00,26.5,82.2,56.8,72.6,0.42483,403.73428
2025-06-22 21:32:33+07:00,26.5,82.1,56.5,73.0,0.46944,403.86526
2025-06-22 21:33:23+07:00,26.5,81.8,55.7,72.6,0.47089,403.59213
2025-06-22 21:34:12+07:00,26.4,82.1,57.7,79.4,0.43841,403.79547
2025-06-22 21:35:02+07:00,26.4,82.2,58.0,79.6,0.45655,403.70398
2025-06-22 21:35:51+07:00,26.4,82.3,56.9,76.0,0.46225,403.67389
2025-06-22 21:36:41+07:00,26.4,82.3,54.6,71.5,0.45655,403.34171
2025-06-22 21:37:30+07:00,26.3,82.4,54.2,71.8,0.44393,403.44012
2025-06-22 21:38:19+07:00,26.3,82.2,55.5,71.0,0.44254,403.59952
2025-06-22 21:39:09+07:00,26.2,82.4,55.4,72.1,0.43567,403.49744
2025-06-22 21:39:58+07:00,26.2,82.7,55.0,70.7,0.44811,403.51187
2025-06-22 21:40:47+07:00,26.2,83.1,56.9,70.6,0.45655,403.6217
2025-06-22 21:41:37+07:00,26.3,82.7,55.0,70.3,0.45655,403.62912
2025-06-22 21:42:26+07:00,26.3,82.3,55.7,71.7,0.46368,403.59952
2025-06-22 21:43:16+07:00,26.3,82.6,56.8,73.1,0.46368,403.6069
2025-06-22 21:44:05+07:00,26.3,82.4,55.4,67.9,0.48558,403.64401
2025-06-22 21:44:54+07:00,26.4,82.3,58.6,73.0,0.46225,403.6217
2025-06-22 21:45:44+07:00,26.3,82.2,56.7,73.1,0.43567,403.59952
2025-06-22 21:47:25+07:00,26.2,82.8,61.8,81.8,0.45513,403.5191
2025-06-22 21:48:14+07:00,26.1,83.0,61.9,80.5,0.45797,403.50464
2025-06-22 21:49:04+07:00,26.1,83.1,64.0,84.0,0.43294,403.48303
2025-06-22 21:49:56+07:00,26.1,83.3,64.8,87.2,0.44811,403.45438
2025-06-22 21:50:45+07:00,26.1,83.4,63.4,82.4,0.4129,403.38361
2025-06-22 21:51:35+07:00,26.1,83.4,62.3,80.0,0.43022,403.42593
2025-06-22 21:52:24+07:00,26.1,83.5,57.8,75.5,0.44393,403.34171
2025-06-22 21:53:13+07:00,26.1,83.5,59.7,76.6,0.468,403.59213
2025-06-22 21:54:03+07:00,26.1,83.4,58.4,76.2,0.43704,403.39767
2025-06-22 21:54:52+07:00,26.1,83.7,55.2,71.5,0.43841,403.47586
2025-06-22 21:55:42+07:00,26.1,83.4,57.8,72.8,0.42752,403.49744
2025-06-22 21:56:31+07:00,26.1,83.3,57.5,72.0,0.44254,403.38361
2025-06-22 21:57:20+07:00,26.1,83.5,55.8,73.1,0.43567,403.23874
2025-06-22 21:58:10+07:00,26.1,83.5,55.2,69.2,0.44254,403.41885
2025-06-22 21:58:59+07:00,26.1,83.4,55.4,68.5,0.44254,403.46152
2025-06-22 21:59:48+07:00,26.2,83.3,56.2,70.6,0.45231,403.49023
2025-06-22 22:00:38+07:00,26.2,83.1,53.2,66.7,0.46225,403.52637
2025-06-22 22:01:27+07:00,26.2,83.2,57.5,73.0,0.46656,403.5191
2025-06-22 22:02:17+07:00,26.3,82.8,57.2,75.7,0.44393,403.66641
2025-06-22 22:03:06+07:00,26.3,82.7,58.0,76.0,0.44811,403.63657
2025-06-22 22:03:55+07:00,26.4,82.6,58.7,75.8,0.4343,403.71155
2025-06-22 22:04:45+07:00,26.4,82.4,56.9,73.8,0.47089,403.6814
2025-06-22 22:05:34+07:00,26.4,82.5,57.3,75.0,0.43022,403.61429
2025-06-22 22:06:25+07:00,26.4,82.6,57.8,76.9,0.45091,403.56277
2025-06-22 22:07:15+07:00,26.3,82.8,59.2,75.1,0.42752,403.55548
2025-06-22 22:08:04+07:00,26.3,82.9,59.0,77.6,0.45797,403.65146
2025-06-22 22:08:54+07:00,26.3,83.1,57.3,73.2,0.45513,403.66641
2025-06-22 22:09:46+07:00,26.4,83.1,57.7,76.9,0.4782,403.53363
2025-06-22 22:10:36+07:00,26.3,83.1,56.4,73.9,0.468,403.54819
2025-06-22 22:11:25+07:00,26.3,83.2,58.3,76.8,0.45939,403.44727
2025-06-22 22:12:14+07:00,26.2,83.5,56.1,74.3,0.46225,403.63657
2025-06-22 22:13:04+07:00,26.2,83.5,58.0,73.5,0.45513,403.53363
2025-06-22 22:13:53+07:00,26.2,83.5,57.1,71.5,0.44254,403.39767
2025-06-22 22:14:43+07:00,26.1,83.6,55.0,71.6,0.48262,403.62912
2025-06-22 22:15:33+07:00,26.2,83.6,54.4,72.3,0.45939,403.46152
2025-06-22 22:16:22+07:00,26.3,83.3,58.2,76.2,0.46656,403.65894
2025-06-22 22:17:12+07:00,26.3,83.1,57.2,72.1,0.52071,403.6217
2025-06-22 22:18:02+07:00,26.4,82.9,55.8,71.3,0.45091,403.75714
2025-06-22 22:18:52+07:00,26.4,82.6,57.5,72.9,0.46082,403.6889
2025-06-22 22:19:41+07:00,26.5,82.5,59.6,77.3,0.46944,403.80316
2025-06-22 22:20:30+07:00,26.5,82.1,58.3,82.3,0.4782,403.59952
2025-06-22 22:21:20+07:00,26.4,82.4,59.7,77.8,0.46225,403.74188
2025-06-22 22:22:12+07:00,26.4,82.4,56.0,75.0,0.44532,403.89661
2025-06-22 22:23:02+07:00,26.5,82.3,57.0,73.6,0.47381,403.6814
2025-06-22 22:23:56+07:00,26.5,82.1,56.8,74.4,0.47967,403.74188
2025-06-22 22:24:46+07:00,26.4,82.4,57.0,75.8,0.48856,403.66641
2025-06-22 22:25:35+07:00,26.4,82.5,56.7,73.0,0.46225,403.84189
2025-06-22 22:26:25+07:00,26.4,82.7,58.7,74.7,0.47381,403.49744
2025-06-22 22:27:19+07:00,26.4,82.7,59.4,74.4,0.43978,403.50464
2025-06-22 22:28:11+07:00,26.3,82.9,61.1,76.8,0.44811,403.57745
2025-06-22 22:29:00+07:00,26.2,83.2,60.1,77.3,0.44532,403.40472
2025-06-22 22:29:49+07:00,26.2,83.3,60.9,77.0,0.44951,403.43304
2025-06-22 22:30:39+07:00,26.2,83.3,58.6,73.1,0.47089,403.44727
2025-06-22 22:31:29+07:00,26.2,83.2,59.9,74.1,0.43022,403.49744
2025-06-22 22:32:19+07:00,26.3,83.1,60.9,77.8,0.44254,403.42593
2025-06-22 22:33:09+07:00,26.3,83.1,59.5,75.0,0.44116,403.25232
2025-06-22 22:33:59+07:00,26.3,82.9,59.8,72.9,0.44393,403.41177
2025-06-22 22:34:48+07:00,26.3,82.7,57.2,72.0,0.43567,403.46869
2025-06-22 22:35:38+07:00,26.3,82.8,57.3,73.6,0.44951,403.53363
2025-06-22 22:36:28+07:00,26.3,82.6,60.9,76.4,0.43841,403.46869
2025-06-22 22:37:17+07:00,26.3,82.7,59.5,76.1,0.42752,403.36261
2025-06-22 22:38:07+07:00,26.3,82.9,58.2,76.1,0.43704,403.46869
2025-06-22 22:38:56+07:00,26.3,82.9,61.0,76.1,0.43158,403.41885
2025-06-22 22:39:46+07:00,26.2,82.9,59.7,76.9,0.40508,403.41177
2025-06-22 22:40:35+07:00,26.1,83.2,58.6,76.9,0.43978,403.6217
2025-06-22 22:41:25+07:00,26.1,83.4,60.3,75.9,0.46225,403.47586
2025-06-22 22:42:15+07:00,26.1,83.3,60.1,76.8,0.43294,403.43304
2025-06-22 22:43:04+07:00,26.2,83.2,59.1,77.4,0.44116,403.37659
2025-06-22 22:43:54+07:00,26.2,83.1,61.3,76.7,0.44811,403.46869
2025-06-22 22:44:43+07:00,26.3,82.9,61.2,80.4,0.44393,403.46869
2025-06-22 22:45:33+07:00,26.2,83.0,62.3,80.8,0.41817,403.46869
2025-06-22 22:46:22+07:00,26.2,83.1,63.8,83.3,0.45091,403.49023
2025-06-22 22:47:12+07:00,26.2,83.1,60.4,80.7,0.42618,403.37659
2025-06-22 22:48:01+07:00,26.2,83.2,62.7,82.8,0.42752,403.48303
2025-06-22 22:48:51+07:00,26.2,83.1,62.9,83.5,0.4343,403.52637
2025-06-22 22:49:40+07:00,26.2,83.0,66.0,85.8,0.45091,403.33475
2025-06-22 22:50:29+07:00,26.2,83.0,65.7,88.5,0.42887,403.71912
2025-06-22 22:51:19+07:00,26.2,83.0,66.2,88.4,0.42083,403.28647
2025-06-22 22:52:09+07:00,26.2,83.1,65.4,84.3,0.41685,403.41885
2025-06-22 22:52:58+07:00,26.2,83.1,66.3,86.3,0.43294,403.42593
2025-06-22 22:53:47+07:00,26.1,83.2,64.7,85.7,0.45797,403.41885
2025-06-22 22:54:37+07:00,26.1,83.1,62.0,80.8,0.40122,403.41885
2025-06-22 22:55:29+07:00,26.1,83.3,66.9,87.5,0.43978,403.6217
2025-06-22 22:56:18+07:00,26.1,83.5,65.5,84.9,0.46656,403.59213
2025-06-22 22:57:08+07:00,26.0,83.8,60.4,82.6,0.4235,403.44012
2025-06-22 22:57:57+07:00,26.0,83.7,63.5,82.6,0.42752,403.49023
2025-06-22 22:58:47+07:00,26.1,83.5,62.6,82.1,0.43158,403.63657
2025-06-22 22:59:36+07:00,26.2,82.9,62.5,81.4,0.44811,403.56277
2025-06-22 23:00:25+07:00,26.3,82.6,64.3,84.8,0.47527,403.88873
2025-06-22 23:01:15+07:00,26.3,82.6,63.7,81.9,0.45231,403.74188
2025-06-22 23:02:05+07:00,26.2,82.9,63.4,82.7,0.45372,403.71155
2025-06-22 23:02:55+07:00,26.2,83.0,65.4,88.8,0.45939,403.57745
2025-06-22 23:03:47+07:00,26.2,83.0,65.3,85.6,0.45231,403.51187
2025-06-22 23:04:37+07:00,26.2,83.1,65.7,88.0,0.44116,403.61429
2025-06-22 23:05:29+07:00,26.1,83.2,64.2,84.9,0.45231,403.6217
2025-06-22 23:06:22+07:00,26.1,83.2,63.0,84.8,0.44811,403.6069
2025-06-22 23:07:16+07:00,26.1,83.1,65.2,85.4,0.45372,403.65146
2025-06-22 23:08:10+07:00,26.1,83.1,63.1,84.1,0.45655,403.61429
2025-06-22 23:09:00+07:00,26.2,83.0,66.1,85.6,0.43978,403.65894
2025-06-22 23:09:49+07:00,26.2,83.2,65.5,85.6,0.43978,403.78009
2025-06-22 23:10:39+07:00,26.2,83.3,65.7,86.6,0.45797,403.61429
2025-06-22 23:11:28+07:00,26.1,83.4,64.9,83.1,0.46368,403.62912
2025-06-22 23:13:12+07:00,26.1,83.4,64.4,84.5,0.44951,403.62912
2025-06-22 23:14:02+07:00,26.2,83.1,65.2,87.5,0.46368,403.51187
2025-06-22 23:14:51+07:00,26.2,82.8,65.0,85.0,0.41685,403.64401
2025-06-22 23:15:41+07:00,26.2,82.8,63.2,82.7,0.43841,403.59213
2025-06-22 23:16:30+07:00,26.1,83.0,62.0,82.3,0.42483,403.65146
2025-06-22 23:17:19+07:00,26.2,83.0,63.0,82.9,0.44116,403.61429
2025-06-22 23:18:09+07:00,26.2,82.7,64.4,84.0,0.45655,403.57745
2025-06-22 23:18:58+07:00,26.2,82.7,64.0,85.9,0.46225,403.6217
2025-06-22 23:19:47+07:00,26.2,82.4,63.1,82.0,0.41817,403.65146
2025-06-22 23:20:37+07:00,26.2,82.4,63.3,83.0,0.47235,403.72668
2025-06-22 23:21:26+07:00,26.2,82.5,65.0,84.1,0.43841,403.53363
2025-06-22 23:22:15+07:00,26.2,82.4,62.0,80.9,0.44393,403.54819
2025-06-22 23:23:08+07:00,26.2,82.4,63.9,83.1,0.44532,403.55548
2025-06-22 23:23:57+07:00,26.2,82.3,62.9,81.9,0.46225,403.57745
2025-06-22 23:24:49+07:00,26.2,82.4,66.7,87.8,0.43978,403.6217
2025-06-22 23:25:39+07:00,26.1,82.4,63.4,83.6,0.44671,403.53363
2025-06-22 23:26:28+07:00,26.1,82.4,63.3,83.9,0.4129,403.52637
2025-06-22 23:27:18+07:00,26.2,82.1,63.1,84.3,0.4343,403.54819
2025-06-22 23:28:07+07:00,26.1,82.2,63.2,84.2,0.43567,403.46869
2025-06-22 23:28:56+07:00,26.1,82.3,63.8,86.1,0.45939,403.44012
2025-06-22 23:29:46+07:00,26.1,82.2,61.8,81.9,0.43841,403.48303
2025-06-22 23:30:35+07:00,26.0,82.3,63.9,84.1,0.42618,403.50464
2025-06-22 23:32:16+07:00,26.0,82.6,64.1,85.7,0.44254,403.38361
2025-06-22 23:33:05+07:00,26.0,82.6,63.9,82.9,0.42752,403.47586
2025-06-22 23:33:55+07:00,26.0,82.6,67.2,90.1,0.44393,403.51187
2025-06-22 23:34:44+07:00,26.0,82.6,64.5,88.5,0.44393,403.53363
2025-06-22 23:35:34+07:00,25.9,82.7,67.0,89.4,0.43704,403.37659
2025-06-22 23:36:23+07:00,25.9,82.7,67.5,88.5,0.4343,403.5191
2025-06-22 23:37:13+07:00,25.9,82.7,71.2,96.2,0.45091,403.59952
2025-06-22 23:38:02+07:00,25.9,82.8,69.5,90.8,0.4195,403.65146
2025-06-22 23:38:51+07:00,25.9,83.0,68.2,92.8,0.43841,403.45438
2025-06-22 23:39:41+07:00,25.9,82.9,70.8,93.0,0.43567,403.44012
2025-06-22 23:40:30+07:00,25.9,83.1,66.4,90.4,0.43158,403.44727
2025-06-22 23:41:20+07:00,25.9,83.4,62.5,84.0,0.42887,403.49023
2025-06-22 23:42:09+07:00,25.9,83.2,70.2,96.7,0.43294,403.54819
2025-06-22 23:42:59+07:00,25.9,83.1,69.9,94.3,0.41685,403.6069
2025-06-22 23:43:49+07:00,26.0,83.1,69.3,93.9,0.468,403.6889
2025-06-22 23:44:38+07:00,26.0,83.2,68.8,93.2,0.43704,403.66641
2025-06-22 23:45:28+07:00,26.0,83.0,70.2,94.7,0.44393,403.78009
2025-06-22 23:46:17+07:00,26.1,83.0,72.7,98.1,0.45939,403.71155
2025-06-22 23:47:07+07:00,26.1,83.0,74.1,98.9,0.43158,403.62912
2025-06-22 23:47:57+07:00,26.0,83.1,70.7,94.3,0.44254,403.55548
2025-06-22 23:48:46+07:00,26.0,83.2,71.4,94.9,0.43704,403.54819
2025-06-22 23:49:35+07:00,26.0,83.2,72.1,95.3,0.44116,403.50464
2025-06-22 23:50:25+07:00,26.0,83.4,69.9,96.1,0.44254,403.49023
2025-06-22 23:51:14+07:00,25.9,83.5,67.3,92.1,0.44951,403.53363
2025-06-22 23:52:04+07:00,26.0,83.4,72.8,99.7,0.44671,403.52637
2025-06-22 23:52:53+07:00,26.0,83.6,71.8,96.9,0.44532,403.61429
2025-06-22 23:53:43+07:00,26.0,83.5,69.1,92.3,0.44811,403.50464
2025-06-22 23:54:32+07:00,26.0,83.5,70.1,94.6,0.43978,403.59213
2025-06-22 23:55:21+07:00,26.0,83.5,69.3,93.0,0.45231,403.65894
2025-06-22 23:56:11+07:00,26.0,83.4,68.2,92.7,0.45091,403.51187
2025-06-22 23:57:00+07:00,26.0,83.4,70.7,93.1,0.45091,403.50464
2025-06-22 23:57:49+07:00,26.0,83.4,68.1,91.2,0.44254,403.49744
2025-06-22 23:58:39+07:00,26.0,83.3,64.5,85.7,0.44951,403.40472
2025-06-22 23:59:28+07:00,26.0,83.0,68.3,91.6,0.50062,403.40472
2025-06-23 00:00:17+07:00,26.0,82.9,67.0,90.0,0.44393,403.49023
2025-06-23 00:01:07+07:00,26.0,82.9,64.4,84.8,0.40638,403.56277
2025-06-23 00:01:56+07:00,25.9,83.1,66.0,83.7,0.4235,403.40472
2025-06-23 00:02:46+07:00,25.8,83.3,64.9,87.3,0.43978,403.46152
2025-06-23 00:03:35+07:00,25.8,83.5,63.2,84.5,0.44116,403.42593
2025-06-23 00:04:25+07:00,25.8,83.5,61.6,82.0,0.44811,403.43304
2025-06-23 00:05:14+07:00,25.8,83.5,65.8,87.8,0.46512,403.67389
2025-06-23 00:06:04+07:00,25.7,83.6,63.7,83.1,0.45091,403.44012
2025-06-23 00:06:53+07:00,25.7,83.7,63.4,81.8,0.4195,403.42593
2025-06-23 00:07:43+07:00,25.7,83.6,62.9,81.9,0.42216,403.44727
2025-06-23 00:08:33+07:00,25.8,83.3,62.6,84.0,0.43022,403.41177
2025-06-23 00:09:22+07:00,25.8,83.3,61.6,80.0,0.44393,403.44012
2025-06-23 00:10:12+07:00,25.8,83.2,60.8,77.9,0.43704,403.42593
2025-06-23 00:11:01+07:00,25.8,83.1,61.9,81.6,0.4343,403.41177
2025-06-23 00:11:51+07:00,25.8,83.1,63.5,82.5,0.44116,403.43304
2025-06-23 00:12:40+07:00,25.8,83.0,61.3,80.7,0.44393,403.43304
2025-06-23 00:13:29+07:00,25.7,83.2,64.2,85.7,0.40897,403.36261
2025-06-23 00:14:19+07:00,25.7,83.3,62.8,83.5,0.42887,403.41177
2025-06-23 00:15:08+07:00,25.7,83.4,61.7,80.2,0.42887,403.41177
2025-06-23 00:15:57+07:00,25.6,83.7,61.9,81.4,0.42887,403.29333
2025-06-23 00:16:47+07:00,25.7,83.7,59.0,76.1,0.41817,403.3696
2025-06-23 00:17:36+07:00,25.7,83.5,60.8,76.7,0.43294,403.32089
2025-06-23 00:18:26+07:00,25.8,83.4,60.0,79.6,0.43022,403.35562
2025-06-23 00:19:15+07:00,25.8,83.5,60.4,78.0,0.42618,403.46869
2025-06-23 00:20:04+07:00,25.7,83.6,59.6,74.7,0.40122,403.40472
2025-06-23 00:20:54+07:00,25.7,83.7,60.5,78.7,0.46368,403.35562
2025-06-23 00:21:43+07:00,25.8,83.5,58.0,74.7,0.41553,403.36261
2025-06-23 00:22:33+07:00,25.7,83.7,56.9,74.2,0.43158,403.37659
2025-06-23 00:23:22+07:00,25.8,83.7,58.3,76.8,0.42083,403.17151
2025-06-23 00:24:11+07:00,25.8,83.6,58.8,77.6,0.41685,403.39062
2025-06-23 00:25:01+07:00,25.8,83.5,57.6,75.1,0.42618,403.43304
2025-06-23 00:25:50+07:00,25.8,83.5,58.3,73.0,0.41159,403.54089
2025-06-23 00:26:39+07:00,25.8,83.4,60.6,79.0,0.43022,403.57745
2025-06-23 00:27:29+07:00,25.8,83.3,58.6,74.4,0.41817,403.49744
2025-06-23 00:28:18+07:00,25.8,83.3,57.5,75.9,0.44393,403.62912
2025-06-23 00:29:07+07:00,25.8,83.1,59.1,78.8,0.4195,403.53363
2025-06-23 00:29:57+07:00,25.8,83.2,60.6,79.6,0.4195,403.51187
2025-06-23 00:30:46+07:00,25.8,83.3,58.9,77.7,0.42618,403.41177
2025-06-23 00:31:36+07:00,25.8,83.3,58.8,75.4,0.43567,403.39062
2025-06-23 00:32:25+07:00,25.8,83.5,58.1,78.7,0.42887,403.49744
2025-06-23 00:33:14+07:00,25.7,83.5,58.7,77.5,0.45513,403.41885
2025-06-23 00:34:04+07:00,25.7,83.4,57.4,77.1,0.4195,403.46869
2025-06-23 00:34:53+07:00,25.8,83.1,58.9,75.9,0.44116,403.37659
2025-06-23 00:35:43+07:00,25.8,82.8,61.0,80.4,0.40897,403.34866
2025-06-23 00:36:32+07:00,25.8,83.0,59.9,80.6,0.41159,403.41885
2025-06-23 00:37:21+07:00,25.7,83.1,61.0,83.5,0.41421,403.34171
2025-06-23 00:38:11+07:00,25.7,83.1,60.9,82.0,0.41817,403.3071
2025-06-23 00:39:00+07:00,25.7,83.2,62.9,85.1,0.43022,403.29333
2025-06-23 00:39:50+07:00,25.7,83.3,60.6,80.1,0.42483,403.36261
2025-06-23 00:40:39+07:00,25.6,83.5,60.4,77.2,0.42618,403.34171
2025-06-23 00:41:32+07:00,25.6,83.5,57.7,76.4,0.38108,403.46152
2025-06-23 00:43:18+07:00,25.9,82.7,59.7,78.0,0.43022,403.65894
2025-06-23 00:44:10+07:00,26.0,82.2,59.0,77.3,0.41553,403.66641
2025-06-23 00:44:59+07:00,26.0,82.1,57.2,74.6,0.42887,403.5191
2025-06-23 00:45:51+07:00,25.9,82.2,60.7,81.6,0.41159,403.65894
2025-06-23 00:46:40+07:00,26.0,82.1,60.3,79.6,0.4235,403.49023
2025-06-23 00:47:29+07:00,25.9,82.2,62.4,85.5,0.44116,403.35562
2025-06-23 00:48:19+07:00,25.9,82.2,64.7,87.0,0.45231,403.35562
2025-06-23 00:49:08+07:00,25.8,82.4,63.7,89.6,0.4195,403.44012
2025-06-23 00:50:00+07:00,25.7,82.4,62.1,84.5,0.4129,403.61429
2025-06-23 00:50:53+07:00,25.7,82.6,63.9,86.6,0.40122,403.25232
2025-06-23 00:51:43+07:00,25.7,82.6,63.5,93.3,0.38979,403.3071
2025-06-23 00:52:33+07:00,25.7,82.6,64.4,89.7,0.42216,403.32089
2025-06-23 00:53:22+07:00,25.7,82.7,63.0,85.7,0.43978,403.44012
2025-06-23 00:54:12+07:00,25.6,82.9,66.4,90.9,0.41685,403.41177
2025-06-23 00:55:04+07:00,25.7,82.8,67.6,93.0,0.43567,403.37659
2025-06-23 00:55:54+07:00,25.6,83.2,66.7,95.4,0.43294,403.39767
2025-06-23 00:56:43+07:00,25.6,83.3,66.6,94.2,0.41553,403.33475
2025-06-23 00:57:33+07:00,25.5,83.6,68.8,92.7,0.41421,403.53363
2025-06-23 00:58:22+07:00,25.5,83.7,69.5,99.3,0.4129,403.314
2025-06-23 00:59:12+07:00,25.5,83.8,69.3,95.3,0.41421,403.42593
2025-06-23 01:00:01+07:00,25.5,83.9,73.6,101.8,0.42216,403.32782
2025-06-23 01:00:51+07:00,25.5,83.9,69.7,100.9,0.42887,403.59213
2025-06-23 01:01:41+07:00,25.5,84.0,67.3,93.1,0.41553,403.42593
2025-06-23 01:02:30+07:00,25.5,84.0,71.6,100.3,0.44671,403.42593
2025-06-23 01:03:20+07:00,25.5,84.0,74.2,103.5,0.42618,403.39767
2025-06-23 01:04:10+07:00,25.5,84.0,74.8,106.0,0.43022,403.44012
2025-06-23 01:05:00+07:00,25.5,84.2,75.4,107.1,0.42887,403.41885
2025-06-23 01:05:50+07:00,25.4,84.4,78.8,109.2,0.43158,403.43304
2025-06-23 01:06:42+07:00,25.4,84.4,76.9,106.7,0.41685,403.45438
2025-06-23 01:07:32+07:00,25.4,84.5,76.9,108.9,0.43704,403.36261
2025-06-23 01:08:22+07:00,25.4,84.7,75.6,106.9,0.43294,403.3071
2025-06-23 01:09:16+07:00,25.4,84.7,76.4,106.3,0.42483,403.35562
2025-06-23 01:10:05+07:00,25.4,84.7,76.6,109.2,0.4195,403.44727
2025-06-23 01:10:55+07:00,25.4,84.8,75.5,108.5,0.40897,403.44012
2025-06-23 01:11:45+07:00,25.4,84.7,81.5,119.5,0.42216,403.34171
2025-06-23 01:12:34+07:00,25.4,84.6,76.3,111.4,0.41421,403.39062
2025-06-23 01:13:27+07:00,25.4,84.9,78.8,117.2,0.41159,403.39062
2025-06-23 01:14:22+07:00,25.4,85.0,82.0,116.7,0.42483,403.35562
2025-06-23 01:15:15+07:00,25.3,85.1,78.8,113.9,0.43294,403.49023
2025-06-23 01:16:08+07:00,25.4,85.1,79.2,116.2,0.41159,403.44012
2025-06-23 01:17:57+07:00,25.4,85.1,76.0,110.6,0.41421,403.43304
2025-06-23 01:18:50+07:00,25.5,84.7,78.7,117.5,0.43841,403.55548
2025-06-23 01:19:40+07:00,25.6,84.7,77.6,113.1,0.44116,403.42593
2025-06-23 01:20:29+07:00,25.5,84.6,80.3,117.8,0.43158,403.69644
2025-06-23 01:21:18+07:00,25.6,84.3,79.1,115.3,0.43022,403.5191
2025-06-23 01:22:11+07:00,25.6,84.2,79.3,114.7,0.4343,403.44012
2025-06-23 01:23:03+07:00,25.7,83.9,77.1,112.7,0.43294,403.54819
2025-06-23 01:23:53+07:00,25.7,83.7,81.6,118.8,0.43704,403.65894
2025-06-23 01:24:42+07:00,25.7,83.9,80.2,117.6,0.45939,403.76477
2025-06-23 01:25:32+07:00,25.7,84.0,82.6,119.5,0.44811,403.72668
2025-06-23 01:26:21+07:00,25.7,84.1,82.9,119.7,0.45513,403.69644
2025-06-23 01:27:11+07:00,25.7,84.0,81.6,115.7,0.44811,403.59213
2025-06-23 01:28:03+07:00,25.7,84.1,79.1,116.4,0.43022,403.5701
2025-06-23 01:28:53+07:00,25.7,84.2,81.7,118.2,0.45939,403.42593
2025-06-23 01:29:42+07:00,25.6,84.3,76.8,109.6,0.42752,403.55548
2025-06-23 01:30:32+07:00,25.6,84.1,81.6,123.4,0.43158,403.5701
2025-06-23 01:31:21+07:00,25.7,84.1,81.6,119.7,0.44393,403.6217
2025-06-23 01:32:11+07:00,25.6,84.1,79.1,114.5,0.44811,403.63657
2025-06-23 01:33:00+07:00,25.6,84.2,77.9,115.2,0.46082,403.6069
2025-06-23 01:33:50+07:00,25.6,84.1,79.7,117.3,0.45513,403.6889
2025-06-23 01:34:40+07:00,25.6,84.3,75.5,110.0,0.45797,403.61429
2025-06-23 01:35:29+07:00,25.6,84.4,80.7,116.3,0.45797,403.63657
2025-06-23 01:36:19+07:00,25.5,84.5,80.2,113.8,0.43978,403.5191
2025-06-23 01:37:09+07:00,25.5,84.5,83.0,123.8,0.42083,403.53363
2025-06-23 01:37:58+07:00,25.5,84.7,81.3,116.4,0.4195,403.55548
2025-06-23 01:38:47+07:00,25.4,85.1,78.5,117.1,0.43022,403.48303
2025-06-23 01:39:37+07:00,25.4,85.2,82.8,121.0,0.46225,403.38361
2025-06-23 01:40:27+07:00,25.4,85.2,80.9,120.4,0.45231,403.50464
2025-06-23 01:41:19+07:00,25.4,85.1,83.2,122.6,0.45655,403.52637
2025-06-23 01:42:09+07:00,25.4,85.2,83.6,122.1,0.43158,403.67389
2025-06-23 01:42:58+07:00,25.4,85.5,81.7,122.0,0.42618,403.44012
2025-06-23 01:43:48+07:00,25.4,85.5,81.3,119.9,0.4343,403.49744
2025-06-23 01:44:38+07:00,25.5,85.2,82.5,123.4,0.44532,403.55548
2025-06-23 01:45:27+07:00,25.5,85.0,82.1,120.3,0.42618,403.57745
2025-06-23 01:46:20+07:00,25.4,85.1,81.5,119.8,0.4343,403.53363
2025-06-23 01:47:10+07:00,25.4,85.4,79.1,117.1,0.44254,403.49023
2025-06-23 01:48:00+07:00,25.4,85.7,80.7,117.7,0.39994,403.47586
2025-06-23 01:48:50+07:00,25.4,85.6,80.7,117.0,0.41421,403.5701
2025-06-23 01:49:39+07:00,25.4,85.4,84.0,122.5,0.42483,403.5701
2025-06-23 01:50:29+07:00,25.3,85.3,81.1,123.8,0.4195,403.54819
2025-06-23 01:51:22+07:00,25.3,85.2,76.1,112.9,0.45939,403.5191
2025-06-23 01:52:12+07:00,25.4,85.0,82.5,125.3,0.42618,403.62912
2025-06-23 01:53:03+07:00,25.3,85.2,80.3,120.0,0.44393,403.58478
2025-06-23 01:53:52+07:00,25.3,85.3,83.6,126.5,0.44671,403.61429
2025-06-23 01:54:42+07:00,25.3,85.4,86.8,129.3,0.43567,403.56277
2025-06-23 01:55:31+07:00,25.3,85.3,85.3,123.0,0.42618,403.67389
2025-06-23 01:56:21+07:00,25.3,85.0,82.4,121.5,0.44951,403.53363
2025-06-23 01:57:10+07:00,25.3,85.1,78.0,114.0,0.43978,403.57745
2025-06-23 01:58:00+07:00,25.4,85.0,78.0,116.3,0.44951,403.67389
2025-06-23 01:58:50+07:00,25.4,84.6,78.8,120.0,0.43294,403.6889
2025-06-23 01:59:39+07:00,25.4,84.6,75.9,112.6,0.44671,403.63657
2025-06-23 02:00:29+07:00,25.4,84.5,76.5,115.7,0.43567,403.5191
2025-06-23 02:01:18+07:00,25.4,84.3,76.2,113.6,0.44254,403.70398
2025-06-23 02:02:08+07:00,25.5,84.1,74.0,105.2,0.46944,403.70398
2025-06-23 02:02:57+07:00,25.5,84.0,75.9,108.9,0.46368,403.74951
2025-06-23 02:03:47+07:00,25.6,83.9,82.4,122.3,0.46656,403.88873
2025-06-23 02:04:37+07:00,25.6,84.3,75.4,107.9,0.4343,403.6069
2025-06-23 02:05:27+07:00,25.7,83.8,79.4,113.5,0.49457,403.84967
2025-06-23 02:06:19+07:00,25.7,83.5,78.9,115.1,0.45372,403.6889
2025-06-23 02:07:09+07:00,25.7,83.6,82.4,122.0,0.47673,403.77243
2025-06-23 02:07:59+07:00,25.7,83.8,81.4,121.6,0.50062,403.72668
2025-06-23 02:08:52+07:00,25.6,83.9,81.6,117.7,0.45655,403.74188
2025-06-23 02:09:42+07:00,25.6,83.7,81.0,119.7,0.46944,403.72668
2025-06-23 02:10:32+07:00,25.6,83.9,81.6,119.7,0.45655,403.74188
2025-06-23 02:11:29+07:00,25.5,84.0,77.4,114.3,0.46512,403.74188
2025-06-23 02:12:19+07:00,25.5,83.9,82.6,122.8,0.4782,403.75714
2025-06-23 02:13:14+07:00,25.5,83.9,78.6,117.8,0.45091,403.69644
2025-06-23 02:14:11+07:00,25.6,83.9,83.2,125.3,0.47527,403.71912
2025-06-23 02:15:00+07:00,25.6,83.9,80.1,116.9,0.43841,403.75714
2025-06-23 02:15:53+07:00,25.6,83.9,78.4,114.7,0.45655,403.87308
2025-06-23 02:16:42+07:00,25.6,84.0,81.1,119.4,0.46368,403.73428
2025-06-23 02:17:31+07:00,25.6,84.0,82.0,128.5,0.46512,403.82635
2025-06-23 02:18:21+07:00,25.7,83.7,82.0,119.6,0.46512,403.73428
2025-06-23 02:19:11+07:00,25.7,83.9,84.0,129.5,0.47235,403.81088
2025-06-23 02:20:00+07:00,25.5,84.2,82.4,121.9,0.47673,403.45438
2025-06-23 02:20:50+07:00,25.6,84.1,81.1,121.3,0.46944,403.67389
2025-06-23 02:21:39+07:00,25.5,84.0,80.4,117.0,0.46368,403.67389
2025-06-23 02:22:29+07:00,25.5,84.2,77.1,112.5,0.45939,403.83411
2025-06-23 02:23:19+07:00,25.4,84.5,82.4,121.8,0.46225,403.62912
2025-06-23 02:24:09+07:00,25.4,84.7,72.6,105.7,0.44671,403.65894
2025-06-23 02:24:58+07:00,25.5,84.3,77.8,114.2,0.47089,403.58478
2025-06-23 02:25:48+07:00,25.5,84.3,82.8,123.0,0.47527,403.79547
2025-06-23 02:26:37+07:00,25.5,84.5,82.7,123.6,0.46225,403.87308
2025-06-23 02:27:27+07:00,25.5,84.4,83.7,125.2,0.45655,403.77243
2025-06-23 02:28:16+07:00,25.5,84.5,81.1,118.8,0.45797,403.73428
2025-06-23 02:29:06+07:00,25.5,84.7,88.6,132.2,0.47235,403.70398
2025-06-23 02:29:55+07:00,25.4,84.9,83.6,126.2,0.47235,403.6889
2025-06-23 02:30:45+07:00,25.4,85.1,85.1,124.0,0.46944,403.70398
2025-06-23 02:31:34+07:00,25.3,85.3,86.1,131.5,0.47527,403.6814
2025-06-23 02:32:23+07:00,25.3,85.5,87.5,132.8,0.47089,403.63657
2025-06-23 02:33:13+07:00,25.2,85.5,88.0,133.2,0.43841,403.57745
2025-06-23 02:34:02+07:00,25.3,85.6,88.6,129.10001,0.45797,403.49744
2025-06-23 02:34:52+07:00,25.3,85.7,90.5,137.8,0.45939,403.5701
2025-06-23 02:35:41+07:00,25.3,85.7,90.1,134.0,0.42483,403.65146
2025-06-23 02:36:31+07:00,25.2,85.7,92.1,136.2,0.47235,403.71155
2025-06-23 02:37:20+07:00,25.3,85.7,88.1,131.60001,0.45091,403.65894
2025-06-23 02:38:09+07:00,25.4,85.2,85.0,124.8,0.44951,403.66641
2025-06-23 02:38:59+07:00,25.4,85.2,90.1,137.3,0.46512,403.71912
2025-06-23 02:39:48+07:00,25.4,85.2,93.1,138.7,0.48114,403.78009
2025-06-23 02:40:38+07:00,25.3,85.5,88.6,127.8,0.45797,403.69644
2025-06-23 02:41:27+07:00,25.3,85.3,89.9,132.39999,0.45655,403.78778
2025-06-23 02:42:17+07:00,25.3,85.4,90.7,133.60001,0.47967,403.64401
2025-06-23 02:43:06+07:00,25.3,85.4,80.7,116.8,0.45939,403.69644
2025-06-23 02:43:56+07:00,25.4,84.8,73.5,104.7,0.4782,403.64401
2025-06-23 02:44:45+07:00,25.5,84.4,82.3,122.3,0.45939,403.64401
2025-06-23 02:45:40+07:00,25.5,84.3,80.1,117.5,0.45372,403.53363
2025-06-23 02:46:29+07:00,25.4,84.5,83.0,114.7,0.45939,403.67389
2025-06-23 02:47:18+07:00,25.3,84.7,81.3,115.2,0.44116,403.61429
2025-06-23 02:48:08+07:00,25.3,84.6,83.2,122.1,0.50062,403.53363
2025-06-23 02:48:57+07:00,25.3,84.7,81.4,116.4,0.46656,403.49744
2025-06-23 02:49:47+07:00,25.4,84.6,79.4,116.1,0.45939,403.69644
2025-06-23 02:50:36+07:00,25.3,84.9,75.0,106.6,0.44671,403.45438
2025-06-23 02:51:26+07:00,25.2,85.0,76.7,108.9,0.46944,403.49744
2025-06-23 02:52:15+07:00,25.3,84.9,77.7,114.1,0.44393,403.52637
2025-06-23 02:53:05+07:00,25.2,85.1,71.9,102.8,0.45655,403.57745
2025-06-23 02:53:54+07:00,25.1,85.4,75.8,109.8,0.43022,403.65146
2025-06-23 02:54:44+07:00,25.1,85.5,79.7,114.9,0.45939,403.57745
2025-06-23 02:55:33+07:00,25.1,85.6,83.8,117.6,0.44393,403.61429
2025-06-23 02:56:22+07:00,25.1,85.7,78.5,116.9,0.468,403.67389
2025-06-23 02:57:12+07:00,25.2,85.3,77.2,111.6,0.47381,403.53363
2025-06-23 02:58:01+07:00,25.3,85.0,80.6,112.3,0.47381,403.58478
2025-06-23 02:58:51+07:00,25.3,85.1,79.7,117.4,0.44532,403.48303
2025-06-23 02:59:40+07:00,25.3,85.0,73.5,106.3,0.44951,403.61429
2025-06-23 03:00:29+07:00,25.2,85.3,73.5,105.9,0.41028,403.59952
2025-06-23 03:01:19+07:00,25.2,85.6,71.1,99.0,0.44671,403.50464
2025-06-23 03:02:08+07:00,25.2,85.4,68.5,98.8,0.45513,403.27277
2025-06-23 03:02:58+07:00,25.2,85.4,67.8,96.5,0.43567,403.41885
2025-06-23 03:03:47+07:00,25.3,84.8,68.3,98.5,0.48558,403.53363
2025-06-23 03:04:37+07:00,25.3,84.7,69.8,97.3,0.44254,403.66641
2025-06-23 03:05:26+07:00,25.3,84.9,69.2,98.5,0.44532,403.57745
2025-06-23 03:06:16+07:00,25.3,85.1,71.5,101.5,0.46656,403.71155
2025-06-23 03:07:05+07:00,25.2,85.1,74.4,105.1,0.42887,403.56277
2025-06-23 03:07:54+07:00,25.3,84.8,78.1,111.0,0.42618,403.79547
2025-06-23 03:08:44+07:00,25.4,85.1,85.1,124.9,0.43567,403.59952
2025-06-23 03:09:33+07:00,25.3,85.4,86.7,122.2,0.43704,403.77243
2025-06-23 03:10:23+07:00,25.3,85.4,88.5,128.5,0.44671,403.73428
2025-06-23 03:11:12+07:00,25.3,85.6,93.5,136.39999,0.43841,403.65894
2025-06-23 03:12:01+07:00,25.3,86.0,93.4,138.7,0.43841,403.59952
2025-06-23 03:12:51+07:00,25.2,86.0,85.7,127.6,0.44116,403.6217
2025-06-23 03:13:40+07:00,25.3,85.6,91.6,132.5,0.43978,403.70398
2025-06-23 03:14:29+07:00,25.3,85.6,79.9,113.1,0.44116,403.57745
2025-06-23 03:15:19+07:00,25.3,85.3,84.8,122.3,0.468,404.10541
2025-06-23 03:16:08+07:00,25.4,84.8,80.9,120.7,0.45231,403.76477
2025-06-23 03:16:57+07:00,25.4,84.7,86.9,127.6,0.47235,403.78778
2025-06-23 03:17:47+07:00,25.5,84.3,87.6,130.2,0.468,403.72668
2025-06-23 03:18:36+07:00,25.5,84.8,86.0,127.5,0.47089,403.63657
2025-06-23 03:19:25+07:00,25.4,85.0,84.8,127.8,0.4343,403.6814
2025-06-23 03:20:15+07:00,25.3,85.3,87.2,124.8,0.47967,403.65146
2025-06-23 03:21:04+07:00,25.3,85.4,84.0,123.6,0.46225,403.74951
2025-06-23 03:21:54+07:00,25.4,85.3,84.3,126.4,0.468,403.64401
2025-06-23 03:22:43+07:00,25.3,85.0,84.3,125.6,0.46082,403.61429
2025-06-23 03:23:32+07:00,25.3,85.2,82.7,124.0,0.46082,403.69644
2025-06-23 03:24:22+07:00,25.3,85.3,81.7,121.6,0.46944,403.58478
2025-06-23 03:25:11+07:00,25.3,85.5,82.3,124.5,0.46082,403.65146
2025-06-23 03:26:00+07:00,25.2,85.8,81.6,123.5,0.45797,403.5701
2025-06-23 03:26:50+07:00,25.2,85.8,77.6,114.4,0.45797,403.84189
2025-06-23 03:27:39+07:00,25.3,85.4,78.1,117.7,0.45513,403.63657
2025-06-23 03:28:29+07:00,25.3,85.2,73.9,107.5,0.44671,403.59213
2025-06-23 03:29:18+07:00,25.4,84.9,77.9,109.9,0.46512,403.5701
2025-06-23 03:30:08+07:00,25.4,84.9,76.2,111.1,0.468,403.6889
2025-06-23 03:30:57+07:00,25.3,85.0,77.6,111.3,0.4782,403.66641
2025-06-23 03:31:46+07:00,25.3,85.0,80.9,120.0,0.42752,403.75714
2025-06-23 03:32:36+07:00,25.3,85.0,78.9,113.8,0.46656,403.72668
2025-06-23 03:33:25+07:00,25.3,85.0,79.7,112.5,0.47089,403.53363
2025-06-23 03:34:15+07:00,25.3,85.1,70.4,101.1,0.45939,403.50464
2025-06-23 03:35:04+07:00,25.2,84.9,70.9,100.9,0.44532,403.5701
2025-06-23 03:35:53+07:00,25.3,84.8,73.2,106.3,0.45513,403.63657
2025-06-23 03:36:43+07:00,25.2,85.1,72.5,101.0,0.46656,403.5701
2025-06-23 03:37:33+07:00,25.1,85.3,64.7,93.2,0.44393,403.57745
2025-06-23 03:38:22+07:00,25.1,85.2,72.1,104.8,0.44811,403.62912
2025-06-23 03:39:11+07:00,25.2,85.2,69.7,98.8,0.44393,403.52637
2025-06-23 03:40:02+07:00,25.2,85.0,66.7,96.5,0.44254,403.5191
2025-06-23 03:40:54+07:00,25.2,84.8,71.7,104.2,0.42216,403.58478
2025-06-23 03:41:44+07:00,25.3,85.1,72.3,101.4,0.46512,403.5701
2025-06-23 03:42:34+07:00,25.2,85.1,73.2,104.1,0.42618,403.55548
2025-06-23 03:43:23+07:00,25.2,85.2,75.1,107.1,0.44532,403.46869
2025-06-23 03:44:13+07:00,25.2,85.2,74.1,104.4,0.44393,403.314
2025-06-23 03:45:02+07:00,25.2,85.2,73.1,107.4,0.42618,403.51187
2025-06-23 03:45:55+07:00,25.2,85.4,72.2,103.6,0.44811,403.46152
2025-06-23 03:46:45+07:00,25.2,85.4,72.0,109.5,0.43294,403.57745
2025-06-23 03:47:35+07:00,25.2,85.2,74.1,104.7,0.43704,403.5191
2025-06-23 03:48:24+07:00,25.3,85.1,74.9,110.3,0.43978,403.43304
2025-06-23 03:49:14+07:00,25.2,85.4,75.6,109.7,0.43978,403.59213
2025-06-23 03:50:04+07:00,25.1,85.7,72.6,105.6,0.44532,403.56277
2025-06-23 03:50:54+07:00,25.1,85.5,74.2,105.5,0.43841,403.62912
2025-06-23 03:51:44+07:00,25.3,85.1,72.1,100.7,0.43567,403.58478
2025-06-23 03:52:34+07:00,25.3,85.2,71.6,104.3,0.44116,403.58478
2025-06-23 03:53:23+07:00,25.4,84.5,73.6,108.2,0.44254,403.67389
2025-06-23 03:55:07+07:00,25.4,84.7,76.5,113.3,0.45231,403.8186
2025-06-23 03:55:56+07:00,25.3,85.1,66.9,93.1,0.45091,403.5701
2025-06-23 03:56:46+07:00,25.3,84.1,77.8,111.6,0.4343,403.75714
2025-06-23 03:57:35+07:00,25.4,84.7,76.3,111.2,0.45797,403.6889
2025-06-23 03:58:25+07:00,25.4,85.1,76.8,108.8,0.44116,403.61429
2025-06-23 03:59:14+07:00,25.3,85.5,72.7,104.2,0.46225,403.64401
2025-06-23 04:00:03+07:00,25.2,85.7,73.3,103.6,0.42083,403.5701
2025-06-23 04:00:53+07:00,25.2,85.7,70.8,103.4,0.44811,403.6217
2025-06-23 04:01:42+07:00,25.2,85.7,71.7,103.0,0.43704,403.46152
2025-06-23 04:02:31+07:00,25.2,85.8,75.6,111.5,0.4195,403.40472
2025-06-23 04:03:21+07:00,25.2,85.9,74.8,108.1,0.43294,403.46869
2025-06-23 04:04:10+07:00,25.1,86.2,75.6,108.7,0.47673,403.45438
2025-06-23 04:05:00+07:00,25.1,86.4,72.8,105.8,0.44393,403.42593
2025-06-23 04:05:49+07:00,25.0,86.7,72.2,104.4,0.41159,403.45438
2025-06-23 04:06:39+07:00,25.1,86.2,71.0,101.1,0.44951,403.52637
2025-06-23 04:07:32+07:00,25.2,85.7,68.3,98.5,0.45091,403.53363
2025-06-23 04:08:24+07:00,25.3,85.2,74.3,105.5,0.45939,403.54089
2025-06-23 04:09:13+07:00,25.3,85.4,68.6,95.7,0.43841,403.58478
2025-06-23 04:10:02+07:00,25.3,85.3,64.8,93.0,0.44116,403.52637
2025-06-23 04:10:55+07:00,25.4,84.8,69.4,98.3,0.45091,403.57745
2025-06-23 04:11:44+07:00,25.4,84.5,74.9,108.8,0.44951,403.5701
2025-06-23 04:12:34+07:00,25.5,84.9,71.5,106.3,0.44811,403.57745
2025-06-23 04:13:23+07:00,25.5,84.5,72.0,106.3,0.43978,403.59213
2025-06-23 04:14:12+07:00,25.5,84.4,69.1,100.2,0.45655,403.57745
2025-06-23 04:15:02+07:00,25.5,84.4,71.2,104.0,0.46944,403.65894
2025-06-23 04:15:51+07:00,25.5,84.3,69.2,101.3,0.44116,403.5701
2025-06-23 04:16:41+07:00,25.5,84.4,69.0,102.3,0.44254,403.62912
2025-06-23 04:17:30+07:00,25.5,83.9,73.0,105.5,0.44116,403.73428
2025-06-23 04:18:20+07:00,25.5,84.9,71.9,103.8,0.47527,403.64401
2025-06-23 04:19:09+07:00,25.5,84.8,71.2,101.4,0.42618,403.5701
2025-06-23 04:19:58+07:00,25.4,84.5,73.2,105.0,0.45231,403.6069
2025-06-23 04:20:48+07:00,25.4,84.8,68.4,96.0,0.44671,403.44012
2025-06-23 04:21:37+07:00,25.4,84.8,67.7,95.7,0.45091,403.51187
2025-06-23 04:22:27+07:00,25.3,84.9,64.2,90.7,0.43294,403.50464
2025-06-23 04:23:16+07:00,25.3,84.5,64.7,92.6,0.43841,403.61429
2025-06-23 04:24:09+07:00,25.3,85.0,64.9,92.0,0.45091,403.52637
2025-06-23 04:24:58+07:00,25.4,84.8,66.8,96.0,0.43567,403.47586
2025-06-23 04:25:48+07:00,25.4,85.0,67.6,101.2,0.4129,403.49744
2025-06-23 04:26:37+07:00,25.3,84.8,65.8,92.6,0.43841,403.67389
2025-06-23 04:27:27+07:00,25.3,84.8,64.2,89.8,0.4235,403.55548
2025-06-23 04:28:16+07:00,25.4,84.6,61.9,91.3,0.45091,403.53363
2025-06-23 04:29:05+07:00,25.3,84.5,65.1,93.1,0.43022,403.54089
2025-06-23 04:29:55+07:00,25.3,84.4,62.7,89.9,0.44951,403.55548
2025-06-23 04:30:44+07:00,25.3,84.4,59.6,86.1,0.44254,403.61429
2025-06-23 04:31:33+07:00,25.4,84.2,58.3,78.1,0.44951,403.52637
2025-06-23 04:32:23+07:00,25.4,84.2,57.2,79.7,0.44393,403.52637
2025-06-23 04:33:12+07:00,25.4,84.1,56.3,80.3,0.49006,403.50464
2025-06-23 04:34:02+07:00,25.3,84.3,56.5,75.7,0.44254,403.46152
2025-06-23 04:34:51+07:00,25.3,84.3,57.0,79.1,0.42618,403.48303
2025-06-23 04:35:40+07:00,25.3,84.2,56.7,80.4,0.44671,403.43304
2025-06-23 04:36:30+07:00,25.3,84.0,58.1,79.7,0.43704,403.42593
2025-06-23 04:37:19+07:00,25.3,84.4,56.3,78.8,0.42216,403.46152
2025-06-23 04:38:08+07:00,25.3,84.5,57.2,77.7,0.43022,403.47586
2025-06-23 04:38:58+07:00,25.3,84.4,59.8,81.2,0.4235,403.44727
2025-06-23 04:39:47+07:00,25.3,84.5,55.6,76.7,0.43704,403.40472
2025-06-23 04:40:37+07:00,25.2,84.7,58.4,80.4,0.43978,403.41177
2025-06-23 04:41:26+07:00,25.2,84.9,56.8,81.1,0.43294,403.38361
2025-06-23 04:42:15+07:00,25.2,85.1,59.5,82.7,0.39357,403.38361
2025-06-23 04:43:05+07:00,25.1,85.2,56.0,80.2,0.42483,403.33475
2025-06-23 04:43:54+07:00,25.1,85.5,56.9,78.2,0.43022,403.3696
2025-06-23 04:44:43+07:00,25.1,85.4,55.3,78.1,0.42083,403.41177
2025-06-23 04:45:33+07:00,25.1,85.5,59.0,83.9,0.43294,403.3696
2025-06-23 04:46:22+07:00,25.1,85.6,55.9,76.8,0.39738,403.38361
2025-06-23 04:47:12+07:00,25.1,85.4,56.7,77.3,0.40638,403.36261
2025-06-23 04:48:01+07:00,25.1,85.4,54.9,75.2,0.41817,403.64401
2025-06-23 04:48:50+07:00,25.1,85.5,55.7,77.1,0.4025,403.314
2025-06-23 04:49:40+07:00,25.1,85.4,56.0,76.7,0.41421,403.33475
2025-06-23 04:50:29+07:00,25.0,85.5,53.9,74.4,0.40638,403.3002
2025-06-23 04:51:18+07:00,25.1,85.6,53.0,77.4,0.40767,403.41885
2025-06-23 04:52:08+07:00,25.1,85.1,53.2,76.8,0.42216,403.37659
2025-06-23 04:52:57+07:00,25.1,85.4,52.6,71.9,0.40508,403.39062
2025-06-23 04:53:47+07:00,25.1,85.3,52.6,74.3,0.43841,403.34171
2025-06-23 04:54:36+07:00,25.2,85.0,53.5,79.5,0.43022,403.44727
2025-06-23 04:55:25+07:00,25.1,85.4,53.3,74.5,0.40122,403.5701
2025-06-23 04:56:15+07:00,25.0,85.6,53.3,76.9,0.42618,403.24551
2025-06-23 04:57:04+07:00,25.0,85.7,57.1,79.9,0.40638,403.32782
2025-06-23 04:57:53+07:00,25.0,85.8,56.0,76.0,0.44254,403.40472
2025-06-23 04:58:43+07:00,25.1,85.5,55.6,74.9,0.40379,403.46152
2025-06-23 04:59:32+07:00,25.1,85.1,52.9,70.9,0.40767,403.50464
2025-06-23 05:00:22+07:00,25.2,84.5,54.7,72.8,0.42083,403.47586
2025-06-23 05:01:11+07:00,25.2,84.9,55.2,77.9,0.43704,403.45438
2025-06-23 05:02:00+07:00,25.2,84.8,56.8,77.7,0.42083,403.66641
2025-06-23 05:02:50+07:00,25.2,84.8,55.7,77.8,0.44671,403.59952
2025-06-23 05:03:42+07:00,25.2,84.6,62.5,87.1,0.4195,403.46152
2025-06-23 05:04:31+07:00,25.2,85.1,62.2,90.3,0.4129,403.41885
2025-06-23 05:05:21+07:00,25.2,85.2,61.6,89.8,0.4235,403.50464
2025-06-23 05:06:10+07:00,25.2,85.0,60.0,86.7,0.42887,403.54819
2025-06-23 05:06:59+07:00,25.3,84.5,60.3,85.9,0.42083,403.53363
2025-06-23 05:07:49+07:00,25.2,84.7,60.1,86.1,0.43978,403.54089
2025-06-23 05:08:38+07:00,25.2,85.0,60.1,82.6,0.43158,403.48303
2025-06-23 05:09:28+07:00,25.1,85.0,61.2,85.7,0.42483,403.54089
2025-06-23 05:10:17+07:00,25.1,85.2,58.4,81.1,0.41685,403.40472
2025-06-23 05:11:06+07:00,25.1,84.8,54.5,75.2,0.40379,403.47586
2025-06-23 05:11:56+07:00,25.1,84.4,57.1,78.7,0.40379,403.52637
2025-06-23 05:12:45+07:00,25.1,84.6,56.3,76.9,0.43022,403.40472
2025-06-23 05:13:34+07:00,25.1,84.7,56.6,78.9,0.43704,403.34866
2025-06-23 05:14:24+07:00,25.0,85.1,51.7,71.1,0.4343,403.41177
2025-06-23 05:15:13+07:00,25.0,84.9,52.6,77.8,0.40122,403.45438
2025-06-23 05:16:03+07:00,25.0,85.0,52.8,72.5,0.40508,403.38361
2025-06-23 05:16:52+07:00,25.0,85.1,51.5,70.9,0.41159,403.34866
2025-06-23 05:17:41+07:00,25.0,85.0,50.1,66.8,0.41553,403.41177
2025-06-23 05:18:31+07:00,25.0,84.9,50.6,67.0,0.38979,403.27277
2025-06-23 05:19:20+07:00,24.9,85.2,50.2,69.5,0.39357,403.27277
2025-06-23 05:20:09+07:00,24.9,85.2,49.7,67.6,0.37985,403.3002
2025-06-23 05:20:59+07:00,24.9,85.2,50.4,67.3,0.37862,403.21844
2025-06-23 05:21:48+07:00,24.9,85.3,50.2,65.1,0.38604,403.28647
2025-06-23 05:22:37+07:00,24.9,85.4,49.9,69.4,0.38729,403.2796
2025-06-23 05:23:27+07:00,24.8,85.4,48.6,65.3,0.37985,403.26593
2025-06-23 05:24:16+07:00,24.9,85.5,50.2,68.3,0.40638,403.3002
2025-06-23 05:25:06+07:00,24.9,85.4,48.4,65.6,0.42083,403.34171
2025-06-23 05:25:55+07:00,25.0,84.9,50.4,68.5,0.39738,403.41885
2025-06-23 05:26:45+07:00,25.1,84.9,49.4,65.8,0.44254,403.39767
2025-06-23 05:27:34+07:00,25.1,84.8,52.1,70.9,0.39866,403.3071
2025-06-23 05:28:23+07:00,25.1,84.7,52.0,73.2,0.41553,403.49023
2025-06-23 05:29:13+07:00,25.1,84.7,50.8,69.6,0.40122,403.43304
2025-06-23 05:30:02+07:00,25.1,84.4,52.0,70.6,0.41159,403.52637
2025-06-23 05:30:52+07:00,25.2,84.5,52.2,71.3,0.37739,403.39767
2025-06-23 05:31:41+07:00,25.2,84.0,58.6,79.0,0.4129,403.57745
2025-06-23 05:32:30+07:00,25.4,83.9,60.9,84.1,0.42887,403.62912
2025-06-23 05:33:20+07:00,25.2,84.0,63.4,90.2,0.41159,403.51187
2025-06-23 05:34:09+07:00,25.2,84.6,65.2,88.6,0.40767,403.58478
2025-06-23 05:34:59+07:00,25.2,84.0,75.7,98.9,0.41028,403.62912
2025-06-23 05:35:48+07:00,25.3,84.5,78.2,102.0,0.44116,403.58478
2025-06-23 05:36:38+07:00,25.2,84.7,66.8,90.0,0.41421,403.6814
2025-06-23 05:37:27+07:00,25.3,84.5,66.4,89.6,0.43704,403.59952
2025-06-23 05:38:17+07:00,25.3,84.1,60.0,83.3,0.42216,403.52637
2025-06-23 05:39:06+07:00,25.4,83.8,62.1,87.7,0.44393,403.6069
2025-06-23 05:39:56+07:00,25.4,84.2,59.1,81.2,0.44116,403.70398
2025-06-23 05:40:45+07:00,25.4,83.9,61.6,85.6,0.45091,403.66641
2025-06-23 05:41:35+07:00,25.4,83.8,66.8,91.7,0.41685,403.65146
2025-06-23 05:42:24+07:00,25.4,84.0,62.6,86.1,0.41817,403.57745
2025-06-23 05:43:13+07:00,25.4,83.9,65.3,90.9,0.4195,403.65146
2025-06-23 05:44:03+07:00,25.3,84.4,61.5,87.1,0.41817,403.57745
2025-06-23 05:44:52+07:00,25.2,84.6,62.5,87.2,0.44254,403.54089
2025-06-23 05:45:41+07:00,25.1,84.8,61.4,85.0,0.42483,403.54819
2025-06-23 05:46:31+07:00,25.1,85.1,61.3,84.2,0.43841,403.61429
2025-06-23 05:47:21+07:00,25.1,85.0,59.3,82.0,0.43978,403.59213
2025-06-23 05:48:10+07:00,25.1,85.1,56.7,78.5,0.41421,403.76477
2025-06-23 05:49:00+07:00,25.0,85.2,58.0,80.8,0.43978,403.62912
2025-06-23 05:49:49+07:00,25.0,85.3,58.6,83.2,0.43978,403.6889
2025-06-23 05:50:38+07:00,24.9,85.4,55.0,76.8,0.42752,403.63657
2025-06-23 05:51:28+07:00,25.0,85.2,55.8,79.7,0.41421,403.65146
2025-06-23 05:52:17+07:00,25.0,85.2,56.0,80.7,0.43294,403.56277
2025-06-23 05:53:07+07:00,25.0,85.2,60.4,89.5,0.43158,403.69644
2025-06-23 05:53:56+07:00,24.9,85.5,54.1,75.3,0.43704,403.70398
2025-06-23 05:54:45+07:00,24.9,85.4,58.5,81.7,0.41685,403.65894
2025-06-23 05:55:35+07:00,24.9,85.9,58.5,84.4,0.45231,403.6889
2025-06-23 05:56:24+07:00,24.9,85.7,58.1,83.5,0.44811,403.66641
2025-06-23 05:57:14+07:00,24.8,86.1,61.9,87.6,0.47089,403.65894
2025-06-23 05:58:03+07:00,24.8,86.4,59.3,83.1,0.43978,403.65894
2025-06-23 05:58:52+07:00,24.9,85.9,60.3,83.9,0.468,403.63657
2025-06-23 05:59:42+07:00,24.9,86.1,57.9,83.7,0.43158,403.72668
2025-06-23 06:00:32+07:00,24.9,85.9,58.6,80.8,0.44671,403.74951
2025-06-23 06:01:21+07:00,24.9,86.2,57.0,78.7,0.468,403.65894
2025-06-23 06:02:11+07:00,24.9,86.0,54.8,76.8,0.41421,403.65146
2025-06-23 06:03:00+07:00,24.9,85.7,55.4,76.6,0.46368,403.64401
2025-06-23 06:03:50+07:00,25.0,85.4,55.0,73.2,0.44671,403.64401
2025-06-23 06:04:39+07:00,25.0,85.3,51.7,73.3,0.45513,403.57745
2025-06-23 06:05:28+07:00,25.0,85.1,53.0,75.8,0.45513,403.64401
2025-06-23 06:06:18+07:00,25.0,85.0,52.1,69.5,0.42752,403.88092
2025-06-23 06:07:07+07:00,25.1,84.7,54.2,72.6,0.4782,403.61429
2025-06-23 06:07:57+07:00,25.1,84.8,54.6,75.4,0.45372,403.83411
2025-06-23 06:08:46+07:00,25.1,84.8,53.2,73.1,0.44393,403.75714
2025-06-23 06:09:35+07:00,25.1,84.8,51.7,68.3,0.45372,403.74188
2025-06-23 06:10:25+07:00,25.1,84.8,51.1,67.4,0.45091,403.8186
2025-06-23 06:11:14+07:00,25.0,84.8,50.8,69.1,0.46656,403.59213
2025-06-23 06:12:04+07:00,25.0,84.9,49.5,67.0,0.47381,403.66641
2025-06-23 06:12:53+07:00,24.9,84.9,49.1,66.1,0.45513,403.66641
2025-06-23 06:13:43+07:00,24.9,85.0,48.6,66.7,0.44393,403.6889
2025-06-23 06:14:32+07:00,24.9,85.0,50.2,66.7,0.44393,403.62912
2025-06-23 06:15:21+07:00,24.9,85.1,51.2,68.3,0.42216,403.63657
2025-06-23 06:16:11+07:00,24.9,85.2,49.4,66.8,0.43704,403.61429
2025-06-23 06:17:00+07:00,25.0,85.1,51.0,72.4,0.46082,403.6814
2025-06-23 06:17:50+07:00,24.9,85.3,52.7,71.7,0.46368,403.57745
2025-06-23 06:18:39+07:00,24.9,85.7,51.6,67.4,0.47089,403.59213
2025-06-23 06:19:28+07:00,24.9,85.6,52.2,71.8,0.41421,403.57745
2025-06-23 06:20:18+07:00,24.9,85.4,51.3,70.3,0.40638,403.6069
2025-06-23 06:21:07+07:00,24.9,85.5,53.2,72.1,0.4195,403.59952
2025-06-23 06:21:59+07:00,25.0,85.5,54.0,77.6,0.43704,403.65894
2025-06-23 06:22:49+07:00,25.0,85.2,57.1,82.8,0.45372,403.74188
2025-06-23 06:23:38+07:00,25.1,85.3,56.7,82.4,0.43022,403.69644
2025-06-23 06:24:27+07:00,25.1,85.2,56.4,81.7,0.44116,403.67389
2025-06-23 06:25:17+07:00,25.1,85.4,57.2,82.3,0.45231,403.77243
2025-06-23 06:26:07+07:00,25.0,85.2,56.7,78.4,0.44951,403.69644
2025-06-23 06:26:56+07:00,25.1,85.4,55.9,79.2,0.45231,403.62912
2025-06-23 06:27:45+07:00,25.1,85.4,57.6,80.2,0.44951,403.67389
2025-06-23 06:28:36+07:00,25.0,85.6,56.6,79.2,0.47089,403.6069
2025-06-23 06:29:26+07:00,25.0,85.8,60.3,86.2,0.45655,403.6069
2025-06-23 06:30:15+07:00,24.9,86.0,57.7,83.1,0.43841,403.71155
2025-06-23 06:31:05+07:00,24.9,86.2,56.4,80.9,0.43841,403.6814
2025-06-23 06:31:54+07:00,24.8,86.3,56.0,78.5,0.45091,403.65146
2025-06-23 06:32:44+07:00,24.9,86.1,58.0,79.7,0.45513,403.58478
2025-06-23 06:33:33+07:00,24.9,85.8,57.0,78.7,0.44811,403.71912
2025-06-23 06:34:23+07:00,25.0,85.5,58.2,80.3,0.46944,403.77243
2025-06-23 06:35:12+07:00,25.0,85.5,58.3,84.1,0.44254,403.67389
2025-06-23 06:36:02+07:00,25.1,85.6,55.7,76.5,0.4343,403.70398
2025-06-23 06:36:51+07:00,25.0,85.8,56.8,78.9,0.46082,403.70398
2025-06-23 06:37:41+07:00,25.1,85.6,59.6,84.0,0.44393,403.6217
2025-06-23 06:38:30+07:00,25.0,85.7,51.9,70.2,0.44951,403.78009
2025-06-23 06:39:20+07:00,25.0,85.4,53.8,75.5,0.43978,403.82635
2025-06-23 06:40:10+07:00,25.1,85.3,57.3,83.3,0.44116,403.78778
2025-06-23 06:40:59+07:00,25.1,85.5,55.5,76.9,0.4782,403.6889
2025-06-23 06:41:49+07:00,25.1,85.4,58.3,80.9,0.49457,403.8186
2025-06-23 06:42:38+07:00,25.1,85.6,59.0,84.3,0.46368,403.72668
2025-06-23 06:43:27+07:00,25.0,85.8,62.0,85.0,0.45513,403.66641
2025-06-23 06:44:17+07:00,25.0,85.9,58.3,83.0,0.47235,403.84189
2025-06-23 06:45:06+07:00,25.0,85.9,61.7,87.9,0.44951,403.77243
2025-06-23 06:45:56+07:00,25.0,86.1,59.1,86.5,0.45655,403.89661
2025-06-23 06:46:45+07:00,25.0,85.9,59.2,84.6,0.41421,403.71912
2025-06-23 06:47:35+07:00,25.1,85.8,61.7,85.9,0.47527,403.82635
2025-06-23 06:48:24+07:00,25.1,85.6,65.2,91.8,0.45655,403.79547
2025-06-23 06:49:13+07:00,25.1,85.8,64.2,95.4,0.46944,403.76477
2025-06-23 06:50:54+07:00,25.0,86.1,64.0,91.7,0.44951,403.88092
2025-06-23 06:51:44+07:00,25.0,86.0,68.3,99.9,0.46225,403.79547
2025-06-23 06:52:33+07:00,25.0,86.3,65.6,93.9,0.46656,403.8186
2025-06-23 06:53:23+07:00,25.0,86.1,61.2,85.9,0.46944,403.88873
2025-06-23 06:54:12+07:00,25.0,85.8,63.4,91.5,0.468,403.89661
2025-06-23 06:55:02+07:00,25.1,85.7,61.8,90.3,0.52702,403.78778
2025-06-23 06:55:51+07:00,25.0,85.7,62.6,90.7,0.47673,403.79547
2025-06-23 06:56:41+07:00,25.0,85.6,65.2,95.5,0.46368,403.87308
2025-06-23 06:57:30+07:00,25.0,85.7,63.8,92.1,0.48114,403.78778
2025-06-23 06:58:19+07:00,25.0,85.7,64.2,95.8,0.44393,403.78778
2025-06-23 06:59:09+07:00,25.0,85.8,62.6,89.4,0.45091,403.84189
2025-06-23 06:59:58+07:00,24.9,86.0,62.1,89.5,0.46656,403.71155
2025-06-23 07:00:47+07:00,25.0,85.9,61.4,91.4,0.43704,403.80316
2025-06-23 07:01:37+07:00,25.0,85.6,61.8,87.9,0.51447,403.80316
2025-06-23 07:02:26+07:00,25.0,85.7,60.3,86.0,0.45091,403.84189
2025-06-23 07:03:16+07:00,24.9,86.0,60.3,89.3,0.47089,403.97589
2025-06-23 07:04:05+07:00,25.0,85.8,63.7,92.7,0.49156,403.6217
2025-06-23 07:04:55+07:00,25.1,85.5,62.6,89.3,0.49006,403.83411
2025-06-23 07:05:44+07:00,25.1,85.7,66.7,97.0,0.43567,403.92026
2025-06-23 07:06:34+07:00,25.1,85.6,75.7,112.7,0.48262,403.9679
2025-06-23 07:07:23+07:00,25.1,85.5,79.1,118.0,0.49306,404.03214
2025-06-23 07:08:13+07:00,25.2,85.5,80.6,122.6,0.49759,404.00793
2025-06-23 07:09:02+07:00,25.1,85.8,77.2,120.2,0.49006,404.13834
2025-06-23 07:09:52+07:00,25.2,85.6,73.0,110.1,0.48114,404.04834
2025-06-23 07:10:41+07:00,25.2,85.3,74.9,113.7,0.48114,404.02405
2025-06-23 07:11:31+07:00,25.3,85.0,75.5,112.9,0.50062,403.98389
2025-06-23 07:12:20+07:00,25.3,85.0,74.9,110.5,0.50062,403.95993
2025-06-23 07:13:10+07:00,25.3,85.0,81.2,114.5,0.48558,403.95993
2025-06-23 07:13:59+07:00,25.3,85.2,74.8,112.5,0.50062,403.89661
2025-06-23 07:14:48+07:00,25.2,85.5,78.1,113.9,0.46512,403.95197
2025-06-23 07:15:38+07:00,25.1,85.7,74.7,112.6,0.52702,403.88092
2025-06-23 07:16:27+07:00,25.2,85.7,72.7,106.9,0.48114,403.9679
2025-06-23 07:17:16+07:00,25.2,85.6,75.9,112.4,0.50674,403.91235
2025-06-23 07:18:06+07:00,25.2,85.7,75.3,110.1,0.46656,403.88873
2025-06-23 07:18:55+07:00,25.2,85.4,70.2,102.8,0.48114,403.98389
2025-06-23 07:19:45+07:00,25.3,85.0,74.2,109.5,0.4841,403.99188
2025-06-23 07:20:34+07:00,25.4,84.9,72.8,105.5,0.49306,404.08087
2025-06-23 07:21:24+07:00,25.3,85.0,72.9,103.2,0.48707,404.02405
2025-06-23 07:22:13+07:00,25.4,84.6,76.6,109.6,0.48262,404.04834
2025-06-23 07:23:03+07:00,25.4,84.5,74.5,112.6,0.47381,404.09723
2025-06-23 07:23:52+07:00,25.4,84.7,79.6,120.0,0.51136,404.06458
2025-06-23 07:24:41+07:00,25.3,85.0,72.6,103.9,0.45513,403.944
2025-06-23 07:25:31+07:00,25.3,84.9,81.4,119.6,0.48114,404.01599
2025-06-23 07:26:20+07:00,25.4,85.1,75.2,108.9,0.50215,403.95197
2025-06-23 07:27:10+07:00,25.4,84.8,79.1,116.7,0.51915,404.00793
2025-06-23 07:27:59+07:00,25.5,84.6,76.7,115.1,0.50215,404.00793
2025-06-23 07:28:49+07:00,25.4,84.7,71.9,107.1,0.53019,404.10541
2025-06-23 07:29:38+07:00,25.5,84.7,74.2,110.8,0.49608,403.9679
2025-06-23 07:30:27+07:00,25.4,84.8,73.8,110.5,0.4841,403.9679
2025-06-23 07:31:20+07:00,25.4,84.9,75.1,110.0,0.49759,403.99188
2025-06-23 07:32:10+07:00,25.4,85.1,69.9,101.1,0.49306,404.08905
2025-06-23 07:32:59+07:00,25.4,84.8,76.3,120.7,0.47967,404.10541
2025-06-23 07:33:49+07:00,25.4,84.8,72.6,110.4,0.50674,404.11362
2025-06-23 07:34:38+07:00,25.4,84.8,69.3,100.8,0.52071,403.944
2025-06-23 07:35:27+07:00,25.4,84.4,73.5,113.4,0.4782,404.09723
2025-06-23 07:36:17+07:00,25.5,84.5,68.1,103.7,0.50062,404.11362
2025-06-23 07:37:06+07:00,25.6,84.2,66.7,99.4,0.50674,404.06458
2025-06-23 07:37:56+07:00,25.6,84.0,64.6,95.9,0.43978,404.04834
2025-06-23 07:38:45+07:00,25.6,83.9,67.8,100.1,0.52386,403.97589
2025-06-23 07:39:34+07:00,25.6,83.9,71.2,106.2,0.52702,404.09723
2025-06-23 07:40:24+07:00,25.6,84.1,67.5,97.6,0.53019,403.97589
2025-06-23 07:41:13+07:00,25.5,84.0,71.9,102.2,0.51291,403.78009
2025-06-23 07:42:03+07:00,25.7,83.8,70.0,101.0,0.53019,404.01599
2025-06-23 07:42:52+07:00,25.7,83.4,70.1,104.5,0.50215,403.97589
2025-06-23 07:43:42+07:00,25.7,83.7,83.0,125.0,0.52228,403.98389
2025-06-23 07:45:21+07:00,25.5,84.3,74.0,113.7,0.49306,403.92026
2025-06-23 07:46:10+07:00,25.4,84.6,77.4,117.3,0.49006,403.89661
2025-06-23 07:47:00+07:00,25.4,84.6,67.4,96.8,0.49306,403.89661
2025-06-23 07:47:49+07:00,25.4,84.5,71.2,104.5,0.48707,403.72668
2025-06-23 07:48:38+07:00,25.4,84.5,73.1,110.5,0.47235,403.97589
2025-06-23 07:49:28+07:00,25.4,84.5,72.0,108.1,0.46082,403.89661
2025-06-23 07:50:17+07:00,25.4,84.5,70.6,107.7,0.49156,403.83411
2025-06-23 07:51:07+07:00,25.3,84.8,70.9,105.7,0.47673,403.82635
2025-06-23 07:51:56+07:00,25.3,84.9,70.7,102.5,0.47967,403.88092
2025-06-23 07:52:46+07:00,25.3,85.0,69.5,102.4,0.47967,403.85745
2025-06-23 07:53:35+07:00,25.4,84.8,71.3,105.5,0.468,403.70398
2025-06-23 07:54:24+07:00,25.4,84.5,71.3,106.1,0.45091,403.85745
2025-06-23 07:55:14+07:00,25.5,84.4,68.2,102.2,0.4841,403.83411
2025-06-23 07:56:04+07:00,25.4,84.4,68.1,98.8,0.50062,403.82635
2025-06-23 07:56:53+07:00,25.4,84.5,68.9,102.6,0.46082,403.78009
2025-06-23 07:57:43+07:00,25.4,84.6,69.0,104.8,0.48262,403.74951
2025-06-23 07:58:32+07:00,25.5,84.4,68.7,98.9,0.47673,403.73428
2025-06-23 07:59:22+07:00,25.5,84.5,70.3,100.6,0.46512,403.70398
2025-06-23 08:00:11+07:00,25.5,84.4,69.1,98.7,0.4782,403.88092
2025-06-23 08:01:01+07:00,25.6,84.4,68.8,98.9,0.46368,403.75714
2025-06-23 08:01:50+07:00,25.6,84.2,68.8,100.4,0.48856,403.65146
2025-06-23 08:02:39+07:00,25.7,84.1,67.0,97.3,0.48707,403.86526
2025-06-23 08:03:29+07:00,25.7,84.0,67.5,97.3,0.49759,403.79547
2025-06-23 08:04:18+07:00,25.7,83.9,69.0,99.9,0.47381,403.72668
2025-06-23 08:05:08+07:00,25.7,83.8,69.0,98.0,0.47967,403.77243
2025-06-23 08:05:57+07:00,25.8,83.6,72.7,103.7,0.47089,403.78778
2025-06-23 08:06:46+07:00,25.9,83.3,71.5,105.4,0.45655,403.92816
2025-06-23 08:07:36+07:00,25.9,83.1,69.9,101.3,0.52071,403.82635
2025-06-23 08:08:25+07:00,26.0,82.8,69.8,100.0,0.46944,403.87308
2025-06-23 08:09:15+07:00,26.0,82.7,66.2,92.0,0.46944,403.88092
2025-06-23 08:10:04+07:00,26.0,82.5,66.0,94.5,0.48262,403.92816
2025-06-23 08:10:54+07:00,26.1,82.0,61.3,86.3,0.48707,403.87308
2025-06-23 08:11:44+07:00,26.2,81.4,58.1,79.0,0.46512,403.83411
2025-06-23 08:12:36+07:00,26.3,81.1,58.5,80.1,0.46368,404.02405
2025-06-23 08:13:25+07:00,26.6,80.6,61.1,85.3,0.49006,403.85745
2025-06-23 08:14:15+07:00,26.7,80.1,58.9,80.1,0.47235,403.92816
2025-06-23 08:15:04+07:00,26.7,80.0,61.5,86.5,0.47527,404.08087
2025-06-23 08:15:54+07:00,26.7,79.9,62.2,85.7,0.468,403.89661
2025-06-23 08:16:43+07:00,26.7,79.9,62.1,86.5,0.50521,403.95197
2025-06-23 08:17:32+07:00,26.7,79.9,61.6,88.0,0.50521,404.04022
2025-06-23 08:18:22+07:00,26.7,79.9,61.3,83.9,0.49306,403.9679
2025-06-23 08:19:11+07:00,26.5,79.9,62.1,88.3,0.49608,404.08905
2025-06-23 08:20:01+07:00,26.4,80.3,56.8,81.6,0.45513,403.92026
2025-06-23 08:20:50+07:00,26.3,80.2,56.4,79.2,0.48856,403.88092
2025-06-23 08:21:39+07:00,26.3,80.5,56.5,79.0,0.49457,403.9679
2025-06-23 08:22:29+07:00,26.3,80.3,55.7,78.5,0.47381,403.93607
2025-06-23 08:23:18+07:00,26.3,80.1,53.8,72.5,0.4782,403.92026
2025-06-23 08:24:08+07:00,26.3,79.6,55.7,73.1,0.49006,403.84967
2025-06-23 08:24:57+07:00,26.2,79.9,55.1,75.4,0.46082,403.82635
2025-06-23 08:25:47+07:00,26.3,79.8,54.4,75.1,0.47381,403.82635
2025-06-23 08:26:36+07:00,26.3,79.9,51.9,74.7,0.47527,403.82635
2025-06-23 08:27:25+07:00,26.2,80.2,51.5,70.6,0.50215,403.78778
2025-06-23 08:28:15+07:00,26.2,80.2,48.3,64.2,0.4841,403.89661
2025-06-23 08:29:04+07:00,26.1,80.2,49.0,67.0,0.468,403.77243
2025-06-23 08:29:55+07:00,26.0,80.2,48.6,63.9,0.47673,403.59952
2025-06-23 08:30:44+07:00,26.1,80.1,48.0,63.0,0.45939,403.74188
2025-06-23 08:31:34+07:00,26.1,79.9,48.3,66.2,0.44671,403.74188
2025-06-23 08:32:23+07:00,26.0,80.1,46.3,61.4,0.45091,403.63657
2025-06-23 08:33:13+07:00,26.0,79.9,45.4,58.2,0.45513,403.56277
2025-06-23 08:34:02+07:00,26.1,80.1,46.6,61.7,0.44116,403.54819
2025-06-23 08:34:51+07:00,26.2,79.8,44.2,60.7,0.43294,403.6217
2025-06-23 08:35:41+07:00,26.2,79.3,44.5,60.0,0.41685,403.62912
2025-06-23 08:36:30+07:00,26.3,79.5,46.1,58.5,0.40767,403.48303
2025-06-23 08:37:20+07:00,26.4,79.3,48.1,63.3,0.47089,403.61429
2025-06-23 08:38:10+07:00,26.3,79.5,44.1,57.4,0.44532,403.58478
2025-06-23 08:39:00+07:00,26.3,79.4,42.7,55.7,0.43022,403.57745
2025-06-23 08:39:49+07:00,26.2,78.9,44.1,56.3,0.43841,403.51187
2025-06-23 08:40:39+07:00,26.2,78.7,42.4,56.3,0.44811,403.58478
2025-06-23 08:41:28+07:00,26.2,78.7,43.4,64.3,0.44254,403.57745
2025-06-23 08:42:20+07:00,26.3,78.8,41.5,52.9,0.43567,403.49023
2025-06-23 08:44:05+07:00,26.4,78.6,40.0,49.4,0.45231,403.64401
2025-06-23 08:44:54+07:00,26.4,78.7,39.8,50.7,0.44811,403.51187
2025-06-23 08:45:46+07:00,26.5,78.8,40.5,51.2,0.40379,403.25232
2025-06-23 08:46:36+07:00,26.6,78.1,38.1,46.8,0.44116,403.44012
2025-06-23 08:47:29+07:00,26.6,77.5,38.2,47.3,0.4025,403.49023
2025-06-23 08:48:18+07:00,26.6,77.0,37.0,45.5,0.4195,403.49023
2025-06-23 08:49:08+07:00,26.6,76.7,39.2,49.5,0.42752,403.34171
2025-06-23 08:49:58+07:00,26.6,76.8,37.6,46.2,0.42618,403.41885
2025-06-23 08:50:47+07:00,26.5,76.6,36.7,45.5,0.40897,403.46152
2025-06-23 08:51:37+07:00,26.5,76.9,38.4,48.7,0.41817,403.42593
2025-06-23 08:52:27+07:00,26.5,77.2,38.8,49.0,0.37617,403.314
2025-06-23 08:53:16+07:00,26.5,77.0,39.0,48.9,0.39611,403.41177
2025-06-23 08:54:05+07:00,26.6,77.5,38.9,48.3,0.42752,403.44727
2025-06-23 08:54:55+07:00,26.6,76.9,39.3,49.1,0.40897,403.35562
2025-06-23 08:55:44+07:00,26.6,76.6,38.8,49.1,0.40379,403.41177
2025-06-23 08:56:34+07:00,26.6,76.8,37.2,48.2,0.4195,403.43304
2025-06-23 08:57:23+07:00,26.6,77.0,36.7,46.5,0.41817,403.38361
2025-06-23 08:58:12+07:00,26.6,76.7,36.4,44.3,0.40897,403.3696
2025-06-23 08:59:02+07:00,26.6,77.0,36.6,44.7,0.41817,403.43304
2025-06-23 08:59:51+07:00,26.5,77.0,39.4,48.2,0.4129,403.41885
2025-06-23 09:00:41+07:00,26.6,77.1,39.4,49.2,0.40508,403.37659
2025-06-23 09:01:30+07:00,26.6,76.8,38.6,50.0,0.40508,403.43304
2025-06-23 09:02:19+07:00,26.6,76.9,38.4,47.7,0.41685,403.45438
2025-06-23 09:03:09+07:00,26.7,77.1,38.2,46.5,0.41028,403.29333
2025-06-23 09:03:59+07:00,26.7,77.1,37.8,46.5,0.4195,403.35562
2025-06-23 09:04:52+07:00,26.8,76.6,38.5,50.4,0.39231,403.41885
2025-06-23 09:05:42+07:00,26.8,76.4,39.7,49.5,0.41553,403.39062
2025-06-23 09:06:31+07:00,26.8,76.6,38.3,54.1,0.41159,403.43304
2025-06-23 09:07:21+07:00,26.9,76.3,38.1,45.3,0.39994,403.42593
2025-06-23 09:08:10+07:00,27.0,75.8,37.1,44.7,0.39866,403.35562
2025-06-23 09:08:59+07:00,27.0,75.6,36.0,44.8,0.41553,403.33475
2025-06-23 09:09:49+07:00,27.0,75.5,39.6,51.1,0.39738,403.3002
2025-06-23 09:10:38+07:00,27.0,76.1,38.8,51.3,0.38854,403.3071
2025-06-23 09:11:27+07:00,27.0,75.9,40.8,52.6,0.40508,403.38361
2025-06-23 09:12:17+07:00,26.9,75.2,42.3,54.6,0.40508,403.46152
2025-06-23 09:13:06+07:00,26.9,75.9,43.0,55.2,0.44116,403.5191
2025-06-23 09:13:56+07:00,27.0,75.2,41.0,50.9,0.40767,403.52637
2025-06-23 09:14:45+07:00,27.0,76.3,41.0,50.2,0.43022,403.5701
2025-06-23 09:15:35+07:00,27.1,76.4,40.0,49.8,0.41421,403.66641
2025-06-23 09:16:24+07:00,27.3,75.2,40.4,49.1,0.40897,403.63657
2025-06-23 09:17:13+07:00,27.3,74.8,40.4,53.2,0.47235,403.6069
2025-06-23 09:18:03+07:00,27.2,74.3,40.9,50.5,0.41685,403.56277
2025-06-23 09:18:52+07:00,27.1,74.7,40.8,49.7,0.39994,403.61429
2025-06-23 09:19:42+07:00,27.0,75.4,40.1,49.9,0.41421,403.54819
2025-06-23 09:20:31+07:00,26.9,75.3,42.1,51.9,0.42083,403.5191
2025-06-23 09:21:20+07:00,26.9,75.3,42.6,54.8,0.41421,403.5701
2025-06-23 09:22:10+07:00,26.9,75.7,45.0,57.0,0.46368,403.52637
2025-06-23 09:23:00+07:00,26.9,75.6,46.9,57.9,0.42752,403.50464
2025-06-23 09:23:49+07:00,26.9,76.1,44.8,58.8,0.40897,403.54089
2025-06-23 09:24:39+07:00,26.8,76.1,44.6,59.0,0.41817,403.41885
2025-06-23 09:25:28+07:00,26.9,76.4,44.8,54.7,0.40897,403.49023
2025-06-23 09:26:17+07:00,26.9,76.0,45.4,58.1,0.40767,403.54089
2025-06-23 09:27:08+07:00,26.8,75.9,44.5,55.0,0.43022,403.6069
2025-06-23 09:27:57+07:00,26.8,76.0,46.3,60.3,0.39611,403.59213
2025-06-23 09:28:47+07:00,26.9,76.0,45.5,60.2,0.40638,403.52637
2025-06-23 09:29:38+07:00,26.9,75.8,46.0,63.1,0.41421,403.54819
2025-06-23 09:30:27+07:00,27.0,75.8,45.6,59.6,0.44811,403.67389
2025-06-23 09:31:17+07:00,26.9,76.4,45.0,58.7,0.40638,403.73428
2025-06-23 09:32:09+07:00,27.0,76.1,45.4,58.4,0.42887,403.65146
2025-06-23 09:33:02+07:00,27.1,76.0,43.7,54.2,0.40767,403.6217
2025-06-23 09:33:53+07:00,27.1,75.6,42.3,53.8,0.42216,403.73428
2025-06-23 09:34:43+07:00,27.1,75.2,44.3,55.0,0.42752,403.6889
2025-06-23 09:36:25+07:00,27.2,74.8,41.3,52.3,0.46082,403.52637
2025-06-23 09:37:14+07:00,27.2,74.8,40.9,52.6,0.41028,403.64401
2025-06-23 09:38:04+07:00,27.2,74.3,38.8,48.7,0.40122,403.6069
2025-06-23 09:38:55+07:00,27.3,74.3,41.2,51.8,0.41421,403.54089
2025-06-23 09:39:44+07:00,27.3,74.3,40.2,51.3,0.39357,403.78778
2025-06-23 09:40:33+07:00,27.3,74.2,35.4,43.8,0.42083,403.34866
2025-06-23 09:41:24+07:00,27.3,73.3,38.0,44.8,0.40379,403.49744
2025-06-23 09:42:13+07:00,27.2,73.7,38.9,49.1,0.41421,403.45438
2025-06-23 09:43:03+07:00,27.3,73.3,39.5,47.2,0.4195,403.49023
2025-06-23 09:43:52+07:00,27.3,74.0,39.3,48.5,0.4195,403.46869
2025-06-23 09:44:42+07:00,27.4,73.6,39.0,45.8,0.4235,403.54089
2025-06-23 09:45:31+07:00,27.4,73.5,39.1,49.1,0.40897,403.59213
2025-06-23 09:46:20+07:00,27.5,72.9,39.8,49.2,0.4129,403.66641
2025-06-23 09:47:10+07:00,27.6,73.4,38.6,48.0,0.43567,403.66641
2025-06-23 09:47:59+07:00,27.8,72.9,37.9,47.1,0.41421,403.65894
2025-06-23 09:48:49+07:00,28.0,73.2,34.1,41.6,0.4343,403.78009
2025-06-23 09:49:38+07:00,28.1,71.9,33.2,39.6,0.43841,403.85745
2025-06-23 09:50:27+07:00,28.2,70.8,34.6,39.8,0.41553,403.64401
2025-06-23 09:51:17+07:00,28.2,70.9,29.5,33.1,0.4235,403.6217
2025-06-23 09:52:06+07:00,28.2,70.2,30.0,33.9,0.45797,403.65146
2025-06-23 09:52:55+07:00,28.3,69.9,35.1,45.1,0.43704,403.53363
2025-06-23 09:53:55+07:00,28.3,70.5,36.8,43.9,0.42752,403.52637
2025-06-23 09:54:46+07:00,28.1,71.1,33.5,41.0,0.43158,403.49744
2025-06-23 09:55:36+07:00,28.2,70.5,34.2,40.7,0.4235,403.50464
2025-06-23 09:56:29+07:00,28.2,70.6,36.3,43.0,0.39231,403.49744
2025-06-23 09:57:25+07:00,28.3,70.8,33.6,41.1,0.45231,403.56277
2025-06-23 09:58:16+07:00,28.3,70.3,29.2,34.1,0.42887,403.57745
2025-06-23 09:59:06+07:00,28.3,69.5,27.9,32.2,0.41817,403.54089
2025-06-23 09:59:56+07:00,28.3,69.1,27.2,30.5,0.42752,403.6217
2025-06-23 10:00:45+07:00,28.3,68.5,27.5,31.6,0.43704,403.51187
2025-06-23 10:01:35+07:00,28.3,68.6,28.6,33.0,0.40508,403.41177
2025-06-23 10:02:26+07:00,28.2,68.3,28.3,32.4,0.41553,403.36261
2025-06-23 10:03:18+07:00,28.2,68.5,28.6,33.6,0.41028,403.51187
2025-06-23 10:04:07+07:00,28.2,68.7,28.3,32.6,0.40897,403.34866
2025-06-23 10:04:57+07:00,28.2,68.4,33.1,38.6,0.41421,403.34866
2025-06-23 10:05:50+07:00,28.2,70.2,27.4,32.4,0.38108,403.48303
2025-06-23 10:06:39+07:00,28.3,68.2,28.7,36.5,0.39357,403.51187
2025-06-23 10:07:36+07:00,28.2,68.5,26.9,32.5,0.41553,403.17819
2025-06-23 10:08:25+07:00,28.1,68.3,27.9,32.6,0.41028,403.44012
2025-06-23 10:09:15+07:00,28.2,67.8,29.0,33.5,0.38729,403.41177
2025-06-23 10:10:04+07:00,28.3,68.1,29.2,34.9,0.42618,403.39767
2025-06-23 10:10:54+07:00,28.3,68.9,31.2,39.3,0.38729,403.33475
2025-06-23 10:11:43+07:00,28.4,68.4,30.5,34.6,0.41159,403.41177
2025-06-23 10:12:33+07:00,28.4,69.3,26.6,32.1,0.40508,403.40472
2025-06-23 10:13:22+07:00,28.4,69.1,26.0,30.1,0.40508,403.46152
2025-06-23 10:14:12+07:00,28.4,68.2,24.0,28.3,0.40379,403.45438
2025-06-23 10:15:01+07:00,28.3,68.9,23.2,26.0,0.4343,403.25232
2025-06-23 10:15:51+07:00,28.2,68.2,21.8,24.6,0.39611,403.25232
2025-06-23 10:16:40+07:00,28.2,68.0,21.5,24.8,0.40897,403.2796
2025-06-23 10:17:30+07:00,28.1,69.0,20.6,23.3,0.43158,403.3696
2025-06-23 10:18:19+07:00,28.1,68.3,21.6,25.6,0.38604,403.25232
2025-06-23 10:19:08+07:00,28.1,67.8,22.2,24.8,0.37985,403.17151
2025-06-23 10:19:58+07:00,28.1,68.4,22.1,26.1,0.38108,403.28647
2025-06-23 10:20:48+07:00,28.1,68.7,22.8,26.0,0.3848,403.24551
2025-06-23 10:21:37+07:00,28.1,68.3,22.1,27.4,0.39231,403.23196
2025-06-23 10:22:27+07:00,28.1,68.7,22.7,25.5,0.36411,403.25232
2025-06-23 10:23:16+07:00,28.1,68.4,23.9,26.7,0.36769,403.19156
2025-06-23 10:24:11+07:00,28.1,68.2,23.0,26.4,0.39484,403.1582
2025-06-23 10:25:00+07:00,28.1,68.6,21.8,26.0,0.38979,403.23196
2025-06-23 10:25:50+07:00,28.1,68.0,23.7,26.6,0.39611,403.15155
2025-06-23 10:26:39+07:00,28.1,68.9,26.5,30.6,0.39231,403.25232
2025-06-23 10:27:29+07:00,28.1,68.9,26.5,29.7,0.36173,403.22519
2025-06-23 10:28:18+07:00,28.2,68.1,23.2,27.6,0.34657,403.39062
2025-06-23 10:29:07+07:00,28.2,67.4,23.0,28.0,0.37373,403.32089
2025-06-23 10:29:57+07:00,28.0,67.8,25.2,28.3,0.37985,403.25232
2025-06-23 10:30:46+07:00,28.0,69.4,23.9,27.2,0.38604,403.28647
2025-06-23 10:31:36+07:00,28.1,69.1,25.6,29.9,0.4129,403.39062
2025-06-23 10:32:25+07:00,28.1,70.5,23.1,25.9,0.38979,403.3071
2025-06-23 10:33:14+07:00,28.1,68.4,23.1,25.8,0.37252,403.3696
2025-06-23 10:34:04+07:00,28.1,68.3,23.5,26.2,0.36769,403.41177
2025-06-23 10:34:53+07:00,28.1,68.7,24.5,27.5,0.33412,403.35562
2025-06-23 10:35:43+07:00,28.1,68.9,24.9,28.0,0.3653,403.23196
2025-06-23 10:36:33+07:00,28.1,69.4,27.7,31.8,0.37617,403.1582
2025-06-23 10:37:23+07:00,28.0,69.4,24.9,28.4,0.37739,403.3696
2025-06-23 10:38:12+07:00,28.0,69.6,25.4,29.7,0.3701,403.34171
2025-06-23 10:39:02+07:00,28.1,69.8,26.3,29.9,0.39231,403.3071
2025-06-23 10:39:51+07:00,28.1,69.3,27.5,31.6,0.39611,403.34866
2025-06-23 10:40:40+07:00,28.1,68.7,28.2,32.4,0.39105,403.33475
2025-06-23 10:41:30+07:00,28.0,68.7,29.3,35.0,0.39357,403.34866
2025-06-23 10:42:19+07:00,27.9,70.5,26.8,31.6,0.3653,403.3071
2025-06-23 10:43:09+07:00,28.0,70.0,27.3,32.2,0.3848,403.44012
2025-06-23 10:43:58+07:00,28.0,69.4,27.2,31.2,0.37862,403.39062
2025-06-23 10:44:47+07:00,28.0,69.9,25.2,30.6,0.39994,403.33475
2025-06-23 10:45:37+07:00,28.0,69.3,25.5,32.4,0.38232,403.41177
2025-06-23 10:46:26+07:00,28.0,69.0,26.7,31.5,0.3535,403.3002
2025-06-23 10:47:16+07:00,27.9,70.1,24.9,30.4,0.38232,403.24551
2025-06-23 10:48:09+07:00,27.9,69.1,25.8,30.1,0.39738,403.26593
2025-06-23 10:48:59+07:00,27.9,69.2,26.7,31.1,0.3689,403.3071
2025-06-23 10:49:48+07:00,27.8,69.9,27.6,33.6,0.36292,403.39062
2025-06-23 10:50:38+07:00,27.8,69.7,26.2,30.7,0.37252,403.36261
2025-06-23 10:51:27+07:00,27.9,69.8,26.5,31.6,0.37739,403.23196
2025-06-23 10:52:17+07:00,27.9,70.0,26.0,31.8,0.35819,403.3002
2025-06-23 10:53:06+07:00,27.8,69.7,26.3,32.1,0.38232,403.35562
2025-06-23 10:53:59+07:00,27.8,70.4,26.4,30.9,0.36411,403.3071
2025-06-23 10:54:49+07:00,27.9,69.7,24.8,31.3,0.39105,403.28647
2025-06-23 10:55:38+07:00,27.9,69.4,25.4,31.3,0.37252,403.26593
2025-06-23 10:56:28+07:00,27.9,68.9,26.0,32.0,0.39231,403.32089
2025-06-23 10:57:17+07:00,27.9,69.1,25.2,29.9,0.38979,403.3071
2025-06-23 10:58:06+07:00,27.8,69.4,26.4,30.0,0.37862,403.26593
2025-06-23 10:58:56+07:00,27.8,69.6,25.5,30.8,0.3689,403.13834
2025-06-23 10:59:45+07:00,27.8,70.3,27.3,32.8,0.3848,403.32782
2025-06-23 11:00:37+07:00,27.9,70.6,26.2,31.6,0.38108,403.27277
2025-06-23 11:01:27+07:00,27.9,71.1,27.2,31.1,0.36769,403.27277
2025-06-23 11:02:16+07:00,27.9,70.6,25.8,30.5,0.3701,403.35562
2025-06-23 11:03:05+07:00,28.0,69.6,25.3,30.2,0.36292,403.2117
2025-06-23 11:03:55+07:00,27.9,69.6,25.0,30.1,0.37373,403.21844
2025-06-23 11:04:43+07:00,27.8,68.8,24.4,30.3,0.3689,403.2796
2025-06-23 11:06:26+07:00,27.7,69.5,26.0,30.9,0.37862,403.23874
2025-06-23 11:07:16+07:00,27.7,69.0,25.9,31.7,0.3689,403.3696
2025-06-23 11:08:07+07:00,27.8,68.9,26.1,32.6,0.37739,403.18488
2025-06-23 11:08:57+07:00,27.8,68.5,30.2,33.9,0.38232,403.3002
2025-06-23 11:09:46+07:00,27.9,69.0,25.9,30.3,0.38232,403.23874
2025-06-23 11:10:36+07:00,27.8,68.6,26.4,31.0,0.37739,403.28647
2025-06-23 11:11:25+07:00,27.8,68.7,24.3,29.5,0.34428,403.21844
2025-06-23 11:48:45+07:00,28.8,67.0,25.1,31.3,0.39738,403.34171
2025-06-23 11:49:34+07:00,28.8,66.6,23.5,27.6,0.36173,403.29333
2025-06-23 11:51:15+07:00,28.5,65.7,24.0,29.1,0.38356,403.25912
2025-06-23 11:52:05+07:00,28.5,66.0,23.8,28.2,0.39105,403.3071
2025-06-23 11:52:54+07:00,28.6,65.9,23.8,27.5,0.39611,403.33475
2025-06-23 11:53:43+07:00,28.6,66.3,24.8,28.0,0.38356,403.17151
2025-06-23 11:54:33+07:00,28.6,67.7,24.8,29.1,0.39105,403.3071
2025-06-23 11:55:22+07:00,28.6,66.2,23.6,27.2,0.35467,403.3696
2025-06-23 11:56:12+07:00,28.7,66.9,23.5,26.7,0.36054,403.37659
2025-06-23 11:57:01+07:00,28.8,67.8,23.5,27.2,0.36173,403.3696
2025-06-23 11:57:51+07:00,28.8,66.7,24.9,31.4,0.3653,403.41177
2025-06-23 11:58:40+07:00,28.8,65.8,23.6,26.4,0.39866,403.3071
2025-06-23 11:59:29+07:00,28.8,66.4,25.7,32.6,0.38232,403.25232
2025-06-23 12:00:19+07:00,28.8,66.6,23.3,26.6,0.36411,403.23874
2025-06-23 12:01:08+07:00,28.8,66.4,23.9,28.2,0.38108,403.39767
2025-06-23 12:01:58+07:00,28.8,67.1,23.4,27.4,0.40379,403.3696
2025-06-23 12:02:47+07:00,28.8,67.0,23.9,27.7,0.39738,403.34866
2025-06-23 12:03:36+07:00,28.8,67.0,23.8,28.5,0.39484,403.42593
2025-06-23 12:04:26+07:00,28.8,67.1,25.0,28.3,0.37373,403.40472
2025-06-23 12:05:15+07:00,28.8,67.3,24.8,27.8,0.37617,403.40472
2025-06-23 12:06:05+07:00,28.8,68.1,25.1,29.4,0.39105,403.3696
2025-06-23 12:06:54+07:00,28.7,67.7,24.3,29.3,0.3848,403.3696
2025-06-23 12:07:48+07:00,28.7,67.2,24.9,29.4,0.37985,403.37659
2025-06-23 12:08:37+07:00,28.6,67.5,23.5,26.4,0.37617,403.36261
2025-06-23 12:09:27+07:00,28.7,67.4,21.4,25.0,0.38854,403.41177
2025-06-23 12:10:16+07:00,28.6,66.9,22.6,25.4,0.37617,403.20499
2025-06-23 12:11:06+07:00,28.6,67.0,23.1,26.0,0.3689,403.3071
2025-06-23 12:11:55+07:00,28.6,67.6,24.4,27.3,0.36649,403.3002
2025-06-23 12:12:45+07:00,28.7,68.3,23.4,28.1,0.38232,403.3002
2025-06-23 12:13:34+07:00,28.7,67.9,22.3,26.6,0.38979,403.38361
2025-06-23 12:14:24+07:00,28.7,66.4,23.0,27.9,0.36173,403.1582
2025-06-23 12:15:13+07:00,28.8,66.5,22.2,26.5,0.3535,403.35562
2025-06-23 12:16:02+07:00,28.8,67.1,23.3,26.1,0.38108,403.15155
2025-06-23 12:16:52+07:00,28.9,67.4,23.2,28.2,0.39738,403.22519
2025-06-23 12:17:41+07:00,29.0,66.9,22.3,25.6,0.41817,403.17151
2025-06-23 12:18:31+07:00,28.9,67.4,21.6,27.2,0.3848,403.2796
2025-06-23 12:19:20+07:00,29.0,66.7,20.9,27.2,0.4129,403.33475
2025-06-23 12:20:10+07:00,29.0,66.4,21.0,24.3,0.35701,403.38361
2025-06-23 12:20:59+07:00,29.0,67.3,21.4,27.3,0.34542,403.18488
2025-06-23 12:21:48+07:00,29.1,67.5,21.6,26.2,0.37495,403.19827
2025-06-23 12:22:38+07:00,29.2,67.4,20.1,24.6,0.35467,403.19827
2025-06-23 12:23:27+07:00,29.2,66.0,20.8,24.4,0.37617,403.314
2025-06-23 12:24:16+07:00,29.2,66.5,19.2,22.1,0.37252,403.26593
2025-06-23 12:25:06+07:00,29.1,65.0,19.2,22.1,0.37252,403.1582
2025-06-23 12:25:56+07:00,29.0,65.3,19.7,22.5,0.37862,403.12512
2025-06-23 12:26:45+07:00,29.0,66.1,19.9,24.1,0.342,403.04684
2025-06-23 12:27:35+07:00,29.1,66.0,21.0,24.2,0.3653,403.19156
2025-06-23 12:28:24+07:00,29.1,66.2,20.8,23.8,0.35936,403.13171
2025-06-23 12:29:14+07:00,29.2,66.1,19.8,25.6,0.35118,403.12512
2025-06-23 12:30:04+07:00,29.0,65.9,21.3,27.7,0.342,403.25232
2025-06-23 12:30:54+07:00,29.0,66.8,20.4,22.9,0.30605,403.15155
2025-06-23 12:31:43+07:00,29.1,66.8,20.6,23.6,0.37373,403.07928
2025-06-23 12:32:32+07:00,29.1,66.7,19.7,22.7,0.35819,403.17819
2025-06-23 12:33:22+07:00,29.1,67.0,19.7,22.0,0.37617,403.3071
2025-06-23 12:34:12+07:00,29.1,66.5,18.7,21.1,0.34771,403.17819
2025-06-23 12:35:01+07:00,29.1,66.3,19.0,22.2,0.38356,403.32782
2025-06-23 12:35:51+07:00,29.0,65.8,17.9,20.0,0.34314,403.06628
2025-06-23 12:36:40+07:00,29.0,65.6,19.9,23.2,0.35936,403.05978
2025-06-23 12:37:29+07:00,29.1,66.2,20.6,24.8,0.3689,403.26593
2025-06-23 12:38:19+07:00,29.3,66.3,20.3,23.5,0.37985,403.25912
2025-06-23 12:39:08+07:00,29.3,66.0,19.7,22.6,0.37495,403.19827
2025-06-23 12:39:58+07:00,29.3,65.4,18.6,20.8,0.31663,403.13171
2025-06-23 12:40:47+07:00,29.3,65.3,19.8,24.8,0.35584,403.2117
2025-06-23 12:41:37+07:00,29.2,65.5,20.3,24.4,0.3848,403.09885
2025-06-23 12:42:26+07:00,29.3,66.0,20.4,23.5,0.33636,403.05978
2025-06-23 12:43:15+07:00,29.3,66.6,20.9,24.3,0.35002,403.27277
2025-06-23 12:44:05+07:00,29.4,67.1,20.1,22.7,0.37495,403.2117
2025-06-23 12:44:54+07:00,29.4,67.1,20.2,24.0,0.36173,403.27277
2025-06-23 12:45:47+07:00,29.4,66.4,20.3,23.0,0.37252,403.11853
2025-06-23 12:46:36+07:00,29.3,66.5,19.7,22.1,0.37862,403.27277
2025-06-23 12:47:26+07:00,29.3,66.4,19.1,23.2,0.34428,403.16486
2025-06-23 12:48:15+07:00,29.3,66.5,18.6,21.5,0.342,403.3696
2025-06-23 12:49:04+07:00,29.3,65.4,19.2,21.3,0.37617,403.19827
2025-06-23 12:49:54+07:00,29.2,65.6,18.8,23.1,0.37131,403.19156
2025-06-23 12:50:43+07:00,29.2,65.1,18.2,20.6,0.342,403.16486
2025-06-23 12:51:36+07:00,29.2,65.8,19.5,21.9,0.37985,403.12512
2025-06-23 12:52:25+07:00,29.2,65.0,19.0,23.2,0.34771,403.10541
2025-06-23 12:53:15+07:00,29.1,65.1,17.5,19.9,0.35701,403.17151
2025-06-23 12:54:08+07:00,29.1,65.5,19.0,21.3,0.36649,403.15155
2025-06-23 12:54:57+07:00,29.2,65.9,18.3,20.5,0.36292,403.14493
2025-06-23 12:55:47+07:00,29.3,65.7,15.9,17.9,0.34314,403.06628
2025-06-23 12:56:36+07:00,29.3,63.8,15.6,17.4,0.3689,403.13834
2025-06-23 12:57:25+07:00,29.4,64.3,15.9,18.2,0.36292,403.25232
2025-06-23 12:58:15+07:00,29.3,63.6,16.6,18.6,0.3689,402.9892
2025-06-23 12:59:05+07:00,29.3,64.0,15.7,17.6,0.34771,403.09232
2025-06-23 12:59:55+07:00,29.2,64.2,16.3,18.2,0.35819,403.13834
2025-06-23 13:00:44+07:00,29.2,64.7,15.9,17.8,0.36054,403.02753
2025-06-23 13:01:37+07:00,29.3,64.6,16.0,19.0,0.35234,403.19156
2025-06-23 13:02:26+07:00,29.3,63.9,15.6,18.8,0.30087,403.12512
2025-06-23 13:03:16+07:00,29.3,63.2,15.9,17.7,0.3653,403.11197
2025-06-23 13:04:05+07:00,29.3,63.8,14.7,16.6,0.37373,403.05331
2025-06-23 13:04:54+07:00,29.3,63.8,16.2,20.2,0.3231,403.39062
2025-06-23 13:05:44+07:00,29.4,64.2,16.0,17.9,0.37985,403.13171
2025-06-23 13:06:38+07:00,29.3,63.5,15.2,17.0,0.34086,403.09885
2025-06-23 13:07:27+07:00,29.3,63.2,15.4,17.2,0.3231,402.94495
2025-06-23 13:08:17+07:00,29.3,63.3,14.7,16.5,0.35002,403.04684
2025-06-23 13:09:06+07:00,29.2,63.3,15.1,18.1,0.35819,403.11853
2025-06-23 13:09:55+07:00,29.2,62.9,14.9,16.7,0.36769,403.17151
2025-06-23 13:10:47+07:00,29.2,62.4,13.8,15.5,0.34657,403.13171
2025-06-23 13:11:36+07:00,29.1,61.8,15.4,18.8,0.34657,403.05331
2025-06-23 13:12:26+07:00,29.1,63.6,13.5,16.2,0.34428,403.19156
2025-06-23 13:13:15+07:00,29.1,62.4,14.6,16.3,0.3535,403.19156
2025-06-23 13:14:09+07:00,29.1,62.3,13.9,15.5,0.33189,403.15155
2025-06-23 13:14:58+07:00,29.0,62.5,14.7,16.4,0.342,403.13171
2025-06-23 13:15:47+07:00,29.0,62.7,14.7,17.0,0.34771,403.19827
2025-06-23 13:16:37+07:00,29.0,61.3,14.4,17.5,0.35701,403.09232
2025-06-23 13:17:26+07:00,28.9,60.7,15.1,17.5,0.34887,403.17819
2025-06-23 13:18:16+07:00,28.8,61.0,14.5,16.2,0.31449,403.19156
2025-06-23 13:19:05+07:00,28.8,62.0,15.2,17.6,0.2917,403.11853
2025-06-23 13:19:54+07:00,28.8,61.1,15.4,17.5,0.35584,403.17151
2025-06-23 13:20:44+07:00,28.8,61.6,15.7,19.0,0.32093,403.19827
2025-06-23 13:21:33+07:00,28.7,61.8,16.6,18.5,0.33412,403.16486
2025-06-23 13:23:14+07:00,28.8,62.8,16.8,20.3,0.33189,403.1582
2025-06-23 13:24:06+07:00,28.8,63.0,16.6,18.6,0.34542,403.13171
2025-06-23 13:24:55+07:00,28.7,62.5,15.2,17.9,0.3386,403.07278
2025-06-23 13:25:44+07:00,28.7,62.4,15.7,17.9,0.32857,403.13171
2025-06-23 13:26:34+07:00,28.7,62.9,15.5,17.4,0.34657,403.16486
2025-06-23 13:27:24+07:00,28.7,62.1,16.2,18.8,0.33412,403.06628
2025-06-23 13:28:13+07:00,28.7,62.4,15.5,17.8,0.34657,403.20499
2025-06-23 13:29:02+07:00,28.7,61.9,16.7,19.8,0.35819,402.9892
2025-06-23 13:29:53+07:00,28.7,62.3,15.8,20.0,0.35467,403.15155
2025-06-23 13:30:42+07:00,28.7,61.0,15.2,16.9,0.34086,403.09885
2025-06-23 13:31:32+07:00,28.7,61.1,14.2,17.0,0.33636,403.08578
2025-06-23 13:32:21+07:00,28.7,61.5,14.3,16.8,0.31877,403.07928
2025-06-23 13:33:11+07:00,28.7,60.9,14.6,16.3,0.35584,402.90744
2025-06-23 13:34:08+07:00,28.8,61.2,15.0,18.1,0.34771,403.16486
2025-06-23 13:35:04+07:00,28.9,60.3,14.4,16.1,0.35701,403.10541
2025-06-23 13:35:56+07:00,28.9,60.2,12.7,15.9,0.32528,403.13834
2025-06-23 13:36:48+07:00,29.0,58.9,13.3,14.9,0.342,403.03397
2025-06-23 13:37:41+07:00,29.0,59.1,13.5,15.1,0.32968,403.16486
2025-06-23 13:38:30+07:00,29.0,60.5,14.2,16.9,0.3177,403.00833
2025-06-23 13:39:20+07:00,29.1,59.2,13.4,16.1,0.33748,403.11197
2025-06-23 13:40:09+07:00,29.1,58.8,13.3,14.9,0.33524,403.08578
2025-06-23 13:40:59+07:00,29.1,58.6,13.2,14.7,0.34887,402.99554
2025-06-23 13:41:49+07:00,29.1,58.9,14.5,17.1,0.33189,403.09885
2025-06-23 13:42:38+07:00,29.1,58.8,13.1,15.8,0.32638,402.9765
2025-06-23 13:43:28+07:00,29.1,58.1,13.8,15.4,0.34428,403.14493
2025-06-23 13:44:17+07:00,29.0,58.3,14.4,16.1,0.35936,403.10541
2025-06-23 13:45:10+07:00,29.0,58.5,14.2,15.9,0.333,403.03397
2025-06-23 13:46:03+07:00,29.1,58.3,13.8,15.7,0.36173,403.16486
2025-06-23 13:46:53+07:00,29.1,58.9,13.2,14.8,0.35936,403.19156
2025-06-23 13:47:42+07:00,29.1,57.6,13.5,15.9,0.3689,403.11197
2025-06-23 13:48:32+07:00,29.0,58.0,13.3,15.0,0.34887,402.80319
2025-06-23 13:49:21+07:00,29.1,58.8,14.0,15.6,0.33189,403.16486
2025-06-23 13:50:11+07:00,29.1,57.9,13.7,15.3,0.32202,403.06628
2025-06-23 13:51:01+07:00,29.1,58.0,14.5,16.2,0.34542,403.00192
2025-06-23 13:51:54+07:00,29.1,58.9,14.6,17.2,0.34657,403.03397
2025-06-23 13:52:44+07:00,29.2,59.7,13.9,15.5,0.36054,403.07278
2025-06-23 13:53:36+07:00,29.2,58.2,13.2,15.7,0.34086,403.13834
2025-06-23 13:55:18+07:00,29.2,57.4,13.0,14.5,0.342,403.23874
2025-06-23 13:56:08+07:00,29.2,57.6,14.0,16.4,0.35234,403.19827
2025-06-23 13:56:57+07:00,29.1,58.4,13.8,15.6,0.36292,403.05331
2025-06-23 13:57:47+07:00,29.2,58.9,14.4,18.0,0.3231,403.07278
2025-06-23 13:58:36+07:00,29.1,58.1,13.0,14.6,0.3071,403.09885
2025-06-23 13:59:26+07:00,29.1,57.5,13.0,14.6,0.33189,402.98285
2025-06-23 14:00:15+07:00,29.0,57.3,13.7,15.4,0.35002,403.11197
2025-06-23 14:01:05+07:00,29.1,58.0,14.2,15.9,0.342,403.12512
2025-06-23 14:01:54+07:00,29.2,58.3,13.3,14.8,0.34314,403.11197
2025-06-23 14:02:44+07:00,29.2,56.9,12.0,14.4,0.342,403.13834
2025-06-23 14:03:33+07:00,29.2,57.1,13.5,15.1,0.3231,403.35562
2025-06-23 14:04:23+07:00,29.2,56.8,13.5,15.9,0.31556,402.97015
2025-06-23 14:05:12+07:00,29.2,56.9,12.6,15.5,0.32747,403.05978
2025-06-23 14:06:03+07:00,29.2,56.4,12.2,14.6,0.342,403.00192
2025-06-23 14:06:53+07:00,29.2,54.5,11.6,14.1,0.3177,402.99554
2025-06-23 14:07:42+07:00,29.2,54.5,11.2,13.0,0.34771,403.11197
2025-06-23 14:08:31+07:00,29.2,53.8,11.4,13.0,0.33189,403.08578
2025-06-23 14:09:21+07:00,29.2,54.0,11.9,13.5,0.34428,403.02753
2025-06-23 14:10:10+07:00,29.3,54.6,12.0,14.3,0.33748,403.04041
2025-06-23 14:11:00+07:00,29.3,55.4,11.5,13.9,0.35467,403.21844
2025-06-23 14:11:50+07:00,29.3,55.1,10.8,12.9,0.34428,403.11853
2025-06-23 14:12:39+07:00,29.2,54.2,11.4,14.6,0.31985,403.16486
2025-06-23 14:13:29+07:00,29.2,55.6,11.0,12.6,0.34771,402.97015
2025-06-23 14:14:18+07:00,29.2,55.1,11.3,14.2,0.32638,403.11853
2025-06-23 14:15:07+07:00,29.1,54.8,12.1,14.0,0.3386,402.90121
2025-06-23 14:15:57+07:00,29.1,55.5,12.0,14.1,0.29984,403.02112
2025-06-23 14:16:46+07:00,29.1,55.6,12.4,13.9,0.34314,402.9892
2025-06-23 14:17:36+07:00,29.1,55.5,11.9,13.4,0.35118,403.12512
2025-06-23 14:18:26+07:00,29.2,55.1,10.8,12.4,0.33078,403.05978
2025-06-23 14:19:15+07:00,29.1,55.2,12.1,13.5,0.33412,403.07928
2025-06-23 14:20:05+07:00,29.2,56.1,12.1,15.0,0.32093,403.11853
2025-06-23 14:20:54+07:00,29.2,55.9,12.6,14.3,0.30293,403.11197
2025-06-23 14:21:43+07:00,29.2,55.2,13.1,14.9,0.33524,402.9765
2025-06-23 14:22:33+07:00,29.2,56.2,13.0,16.6,0.34887,403.09885
2025-06-23 14:23:23+07:00,29.3,56.7,12.7,14.2,0.32093,403.02112
2025-06-23 14:24:12+07:00,29.2,56.4,12.5,14.1,0.36649,403.05331
2025-06-23 14:25:04+07:00,29.2,56.3,11.6,15.2,0.33189,402.94495
2025-06-23 14:25:54+07:00,29.2,55.1,11.9,14.0,0.34428,403.08578
2025-06-23 14:26:43+07:00,29.2,55.9,12.4,14.1,0.34657,403.07278
2025-06-23 14:27:33+07:00,29.2,55.7,12.1,15.5,0.342,403.07928
2025-06-23 14:28:23+07:00,29.2,55.3,11.7,14.2,0.35701,402.98285
2025-06-23 14:29:13+07:00,29.2,54.7,12.9,14.4,0.31663,402.98285
2025-06-23 14:30:02+07:00,29.2,55.4,11.7,13.5,0.3701,402.9324
2025-06-23 14:30:52+07:00,29.1,54.3,10.5,12.1,0.33189,402.89502
2025-06-23 14:31:45+07:00,29.1,54.3,11.8,13.6,0.34314,403.11197
2025-06-23 14:32:38+07:00,29.0,55.0,11.0,12.2,0.342,403.06628
2025-06-23 14:33:28+07:00,29.0,54.5,12.1,14.7,0.32857,403.00192
2025-06-23 14:34:18+07:00,29.0,54.5,12.3,13.8,0.3177,402.96384
2025-06-23 14:35:07+07:00,29.0,55.1,12.3,13.9,0.33189,403.01471
2025-06-23 14:35:56+07:00,29.1,54.4,11.6,13.0,0.31985,403.13834
2025-06-23 14:36:48+07:00,29.1,54.9,13.1,15.0,0.35002,402.9324
2025-06-23 14:37:38+07:00,29.0,56.0,12.7,15.5,0.32968,403.04684
2025-06-23 14:38:27+07:00,29.0,55.1,12.8,16.9,0.32747,403.13834
2025-06-23 14:39:17+07:00,29.0,55.0,13.6,16.3,0.36292,403.1582
2025-06-23 14:40:07+07:00,29.0,56.1,12.8,15.6,0.32419,403.00192
2025-06-23 14:40:56+07:00,29.1,54.5,12.8,15.7,0.32419,403.07278
2025-06-23 14:41:46+07:00,29.1,54.9,12.9,14.5,0.333,403.1582
2025-06-23 14:42:35+07:00,29.1,56.1,13.1,18.5,0.35002,403.18488
2025-06-23 14:43:24+07:00,29.0,56.4,12.3,18.3,0.35118,403.00192
2025-06-23 14:44:14+07:00,29.0,55.6,12.8,15.7,0.342,402.99554
2025-06-23 14:45:04+07:00,28.9,55.6,12.9,15.6,0.33973,403.14493
2025-06-23 14:45:54+07:00,28.9,56.2,13.4,15.0,0.33189,403.04041
2025-06-23 14:46:43+07:00,28.9,56.6,13.5,16.6,0.33973,403.06628
2025-06-23 14:47:32+07:00,28.9,56.8,13.6,15.2,0.3071,403.12512
2025-06-23 14:48:25+07:00,28.8,58.0,15.3,17.1,0.33524,403.15155
2025-06-23 14:49:15+07:00,28.9,59.4,14.2,17.4,0.31985,402.90121
2025-06-23 14:50:04+07:00,28.9,58.7,14.3,17.3,0.3177,402.98285
2025-06-23 14:50:54+07:00,28.9,58.5,15.3,17.3,0.35701,403.07278
2025-06-23 14:51:43+07:00,28.9,58.7,14.6,16.3,0.33412,403.33475
2025-06-23 14:52:33+07:00,28.9,58.8,14.2,16.6,0.30087,403.17819
2025-06-23 14:53:22+07:00,28.9,59.1,14.6,16.8,0.32419,402.95123
2025-06-23 14:54:12+07:00,28.9,59.2,15.3,17.6,0.33412,403.04041
2025-06-23 14:55:01+07:00,28.8,60.2,15.7,19.8,0.34086,403.13834
2025-06-23 14:55:51+07:00,28.9,60.5,16.2,19.3,0.33189,402.98285
2025-06-23 14:56:40+07:00,28.9,60.3,16.0,18.8,0.2907,402.99554
2025-06-23 14:57:30+07:00,28.8,60.7,16.2,18.1,0.33412,403.14493
2025-06-23 14:58:19+07:00,28.8,60.6,16.2,18.3,0.32968,403.1582
2025-06-23 14:59:08+07:00,28.8,60.9,15.4,17.3,0.33636,402.89502
2025-06-23 15:00:01+07:00,28.8,60.5,15.0,19.0,0.32857,403.01471
2025-06-23 15:00:51+07:00,28.8,60.4,16.6,18.6,0.3019,403.17819
2025-06-23 15:01:41+07:00,28.7,60.4,17.5,20.3,0.32093,403.08578
2025-06-23 15:02:30+07:00,28.7,61.7,16.5,19.6,0.33524,403.05978
2025-06-23 15:03:20+07:00,28.7,60.9,17.4,21.6,0.31556,403.05978
2025-06-23 15:04:09+07:00,28.7,62.5,17.0,19.0,0.342,402.9324
2025-06-23 15:05:01+07:00,28.7,61.2,17.3,20.8,0.33748,403.20499
2025-06-23 15:05:50+07:00,28.7,61.8,17.8,20.5,0.32747,403.07928
2025-06-23 15:06:39+07:00,28.7,62.0,17.4,19.7,0.34428,403.06628
2025-06-23 15:07:29+07:00,28.7,62.3,18.0,21.5,0.33636,403.18488
2025-06-23 15:08:18+07:00,28.7,62.7,18.3,22.4,0.32419,403.15155
2025-06-23 15:09:08+07:00,28.7,63.3,18.3,23.6,0.32093,403.17151
2025-06-23 15:09:57+07:00,28.8,63.8,17.3,21.0,0.33524,403.03397
2025-06-23 15:10:47+07:00,28.8,61.4,17.1,21.8,0.33973,403.05978
2025-06-23 15:11:36+07:00,28.7,62.2,17.2,19.8,0.33078,403.2117
2025-06-23 15:12:26+07:00,28.7,62.1,17.1,19.9,0.36769,403.04684
2025-06-23 15:13:16+07:00,28.7,62.1,17.5,20.3,0.33189,403.12512
2025-06-23 15:14:05+07:00,28.7,63.0,17.5,21.2,0.31877,402.98285
2025-06-23 15:14:55+07:00,28.7,62.1,17.0,21.6,0.3535,403.17151
2025-06-23 15:15:44+07:00,28.7,62.5,17.3,20.3,0.342,403.19827
2025-06-23 15:16:34+07:00,28.6,61.9,17.6,20.8,0.33189,403.18488
2025-06-23 15:17:23+07:00,28.6,62.2,17.3,20.4,0.34428,403.29333
2025-06-23 15:18:13+07:00,28.6,62.4,18.1,21.0,0.35701,403.09232
2025-06-23 15:19:02+07:00,28.5,62.1,17.4,20.4,0.31877,403.07278
2025-06-23 15:19:52+07:00,28.5,62.8,18.8,22.1,0.34086,403.24551
2025-06-23 15:20:41+07:00,28.6,63.1,18.0,21.6,0.33636,403.14493
2025-06-23 15:21:33+07:00,28.6,62.9,18.0,26.6,0.3386,403.13834
2025-06-23 15:22:23+07:00,28.6,63.4,19.0,23.1,0.33973,403.10541
2025-06-23 15:23:13+07:00,28.5,63.0,19.0,21.3,0.33748,403.17151
2025-06-23 15:24:03+07:00,28.4,63.4,18.7,22.5,0.34542,403.05978
2025-06-23 15:24:53+07:00,28.4,64.2,19.1,21.7,0.36173,403.19156
2025-06-23 15:25:42+07:00,28.4,64.3,19.3,23.0,0.31342,403.18488
2025-06-23 15:26:32+07:00,28.4,64.6,20.4,23.1,0.35936,403.10541
2025-06-23 15:27:21+07:00,28.4,65.3,20.3,23.3,0.3113,403.23874
2025-06-23 15:28:11+07:00,28.4,65.6,20.5,25.3,0.35002,403.2117
2025-06-23 15:29:01+07:00,28.3,65.6,21.5,24.9,0.3386,403.07278
2025-06-23 15:29:50+07:00,28.3,66.4,22.4,27.4,0.37985,403.17151
2025-06-23 15:30:39+07:00,28.3,66.9,22.2,25.5,0.3113,403.3002
2025-06-23 15:31:29+07:00,28.2,67.4,24.9,29.7,0.31985,403.32089
2025-06-23 15:32:18+07:00,28.3,68.4,21.9,27.7,0.33748,403.24551
2025-06-23 15:33:07+07:00,28.3,66.9,22.6,26.5,0.32202,403.24551
2025-06-23 15:34:01+07:00,28.3,67.0,21.8,26.8,0.34428,403.25912
2025-06-23 15:34:50+07:00,28.2,67.2,22.3,27.7,0.33636,403.17819
2025-06-23 15:35:40+07:00,28.3,66.9,20.9,26.8,0.32419,403.1582
2025-06-23 15:36:30+07:00,28.2,67.1,20.9,25.9,0.35118,403.20499
2025-06-23 15:37:21+07:00,28.2,66.5,21.3,25.6,0.3535,403.05978
2025-06-23 15:38:10+07:00,28.2,66.6,22.6,29.2,0.32857,403.16486
2025-06-23 15:39:00+07:00,28.2,67.0,22.0,26.2,0.32528,403.19156
2025-06-23 15:39:49+07:00,28.2,67.7,21.9,27.9,0.342,403.3071
2025-06-23 15:40:42+07:00,28.3,68.1,22.5,27.7,0.33636,403.24551
2025-06-23 15:41:34+07:00,28.3,66.8,23.7,30.3,0.3386,403.14493
2025-06-23 15:42:29+07:00,28.3,68.4,23.4,27.9,0.3535,403.25232
2025-06-23 15:43:23+07:00,28.3,67.7,23.5,28.1,0.3177,403.06628
2025-06-23 15:44:13+07:00,28.2,68.4,22.8,28.9,0.34657,403.26593
2025-06-23 15:45:12+07:00,28.2,68.7,24.3,29.6,0.34771,403.25232
2025-06-23 15:46:03+07:00,28.2,68.6,22.7,28.0,0.333,403.23874
2025-06-23 15:46:52+07:00,28.1,68.3,22.9,28.7,0.33078,403.29333
2025-06-23 15:47:41+07:00,28.1,68.8,22.0,28.1,0.36411,403.18488
2025-06-23 15:48:31+07:00,28.1,68.3,24.3,29.9,0.35936,403.25232
2025-06-23 15:49:20+07:00,28.1,68.7,23.4,30.7,0.30501,403.25912
2025-06-23 15:50:10+07:00,28.2,68.8,23.5,28.4,0.35701,403.23874
2025-06-23 15:51:00+07:00,28.1,69.1,23.9,29.0,0.35701,403.22519
2025-06-23 15:51:50+07:00,28.1,69.2,24.1,31.4,0.35936,403.21844
2025-06-23 15:52:43+07:00,28.1,69.1,24.6,29.7,0.38854,403.37659
2025-06-23 15:53:32+07:00,28.1,69.2,24.0,29.7,0.3386,403.25912
2025-06-23 15:54:21+07:00,28.1,69.5,23.4,27.2,0.30605,403.24551
2025-06-23 15:55:11+07:00,28.1,69.2,23.6,28.3,0.35936,403.27277
2025-06-23 15:56:01+07:00,28.2,69.0,23.9,27.9,0.3653,403.2117
2025-06-23 15:56:50+07:00,28.2,69.5,24.5,30.9,0.36173,403.20499
2025-06-23 15:57:39+07:00,28.2,69.5,26.0,32.1,0.35584,403.18488
2025-06-23 15:58:29+07:00,28.3,69.5,26.0,31.1,0.33973,403.24551
2025-06-23 15:59:19+07:00,28.3,69.8,24.4,28.7,0.3535,403.21844
2025-06-23 16:00:08+07:00,28.3,69.5,26.0,35.1,0.33973,403.17819
2025-06-23 16:00:58+07:00,28.3,69.8,25.2,31.8,0.31877,403.18488
2025-06-23 16:01:47+07:00,28.3,69.7,25.2,31.0,0.34086,403.23196
2025-06-23 16:02:36+07:00,28.3,69.6,25.8,30.9,0.35118,403.26593
2025-06-23 16:03:29+07:00,28.3,69.9,26.1,31.4,0.3535,403.21844
2025-06-23 16:04:18+07:00,28.3,69.9,26.6,31.3,0.35936,403.19827
2025-06-23 16:05:08+07:00,28.3,70.4,25.2,30.3,0.36769,403.16486
2025-06-23 16:05:57+07:00,28.3,69.9,26.3,32.6,0.35234,403.3002
2025-06-23 16:06:47+07:00,28.3,70.4,26.8,31.4,0.34542,403.25232
2025-06-23 16:07:37+07:00,28.4,70.9,28.8,32.3,0.3535,403.10541
2025-06-23 16:08:26+07:00,28.5,71.0,29.1,35.1,0.35584,403.19827
2025-06-23 16:09:16+07:00,28.5,70.7,27.0,32.4,0.36173,403.2117
2025-06-23 16:10:05+07:00,28.5,69.9,26.9,33.1,0.34887,403.16486
2025-06-23 16:10:55+07:00,28.4,69.2,27.4,33.0,0.35701,403.09232
2025-06-23 16:11:45+07:00,28.3,69.7,26.1,32.9,0.35936,403.23874
2025-06-23 16:12:34+07:00,28.3,70.1,26.5,33.6,0.3535,403.19827
2025-06-23 16:13:24+07:00,28.3,70.5,27.0,33.7,0.36411,403.25912
2025-06-23 16:14:13+07:00,28.3,70.3,27.4,32.3,0.36054,403.16486
2025-06-23 16:15:03+07:00,28.2,70.9,26.3,31.5,0.35701,403.3696
2025-06-23 16:15:52+07:00,28.2,71.4,28.0,33.9,0.32528,403.34171
2025-06-23 16:16:42+07:00,28.2,71.3,26.3,33.1,0.342,403.33475
2025-06-23 16:17:31+07:00,28.1,70.5,26.1,34.4,0.32419,403.3002
2025-06-23 16:18:24+07:00,28.1,70.7,26.2,34.8,0.34657,403.37659
2025-06-23 16:19:14+07:00,28.1,70.7,27.3,33.0,0.35002,403.17151
2025-06-23 16:20:03+07:00,28.1,71.3,26.9,32.2,0.40508,403.16486
2025-06-23 16:20:57+07:00,28.1,71.5,26.9,33.1,0.3689,403.29333
2025-06-23 16:21:47+07:00,28.1,71.1,26.9,33.1,0.35819,403.29333
2025-06-23 16:22:36+07:00,28.1,71.7,27.2,33.6,0.37131,403.37659
2025-06-23 16:23:26+07:00,28.1,71.4,27.5,33.3,0.35701,403.314
2025-06-23 16:24:15+07:00,28.1,71.2,26.2,31.9,0.34771,403.23874
2025-06-23 16:25:05+07:00,28.0,70.8,26.6,32.5,0.35118,403.19156
2025-06-23 16:25:54+07:00,28.0,70.7,27.4,33.1,0.36054,403.3071
2025-06-23 16:26:43+07:00,28.0,71.9,27.5,32.8,0.35701,403.14493
2025-06-23 16:27:33+07:00,28.0,71.4,27.4,32.2,0.33973,403.29333
2025-06-23 16:28:22+07:00,28.0,71.3,29.0,38.6,0.342,403.25912
2025-06-23 16:29:12+07:00,28.0,71.6,28.0,35.4,0.37495,403.3002
2025-06-23 16:30:01+07:00,28.0,71.4,28.6,34.6,0.34428,403.27277
2025-06-23 16:30:53+07:00,28.0,71.4,28.3,35.4,0.32528,403.17819
2025-06-23 16:31:43+07:00,28.0,71.5,29.9,40.1,0.3689,403.26593
2025-06-23 16:32:32+07:00,28.0,71.6,28.3,35.9,0.36769,403.3071
2025-06-23 16:33:21+07:00,28.0,71.7,29.0,36.2,0.37617,403.27277
2025-06-23 16:34:11+07:00,28.0,71.9,36.4,44.8,0.3701,403.40472
2025-06-23 16:35:00+07:00,28.0,72.1,32.1,40.3,0.35234,403.40472
2025-06-23 16:35:49+07:00,28.0,71.6,31.3,39.2,0.37495,403.43304
2025-06-23 16:36:39+07:00,28.0,71.5,31.0,38.2,0.37131,403.53363
2025-06-23 16:37:29+07:00,28.0,71.6,33.0,41.2,0.3653,403.39767
2025-06-23 16:38:18+07:00,28.0,71.7,31.0,39.6,0.37739,403.41177
2025-06-23 16:40:01+07:00,27.9,71.9,32.9,41.9,0.38356,403.26593
2025-06-23 16:40:51+07:00,27.9,72.7,32.7,42.1,0.37617,403.41177
2025-06-23 16:41:47+07:00,28.0,72.3,35.1,42.0,0.3689,403.37659
2025-06-23 16:42:36+07:00,28.0,72.4,43.8,51.9,0.38854,403.43304
2025-06-23 16:43:26+07:00,28.0,72.8,34.1,42.7,0.3848,403.49744
2025-06-23 16:44:15+07:00,28.0,71.5,32.6,40.2,0.38979,403.44727
2025-06-23 16:45:05+07:00,27.9,71.4,32.0,39.3,0.34657,403.45438
2025-06-23 16:45:54+07:00,27.9,71.3,34.9,43.8,0.3689,403.3696
2025-06-23 16:46:43+07:00,27.8,72.1,37.2,42.5,0.37739,403.19156
2025-06-23 16:47:33+07:00,27.8,71.1,33.4,38.6,0.36173,403.41177
2025-06-23 16:48:22+07:00,27.8,71.2,31.0,36.8,0.37985,403.37659
2025-06-23 16:49:12+07:00,27.8,71.5,29.6,35.5,0.37252,403.39062
2025-06-23 16:50:02+07:00,27.8,71.2,29.3,34.3,0.38854,403.37659
2025-06-23 16:50:51+07:00,27.8,71.5,29.7,36.3,0.36649,403.314
2025-06-23 16:51:41+07:00,27.9,71.6,28.9,33.9,0.36649,403.41177
2025-06-23 16:52:30+07:00,27.8,71.4,29.2,35.1,0.37617,403.46869
2025-06-23 16:53:20+07:00,27.9,72.1,29.7,37.2,0.37985,403.53363
2025-06-23 16:54:09+07:00,27.9,72.0,29.6,38.2,0.37862,403.39767
2025-06-23 16:54:59+07:00,27.9,71.6,30.0,36.9,0.38854,403.3696
2025-06-23 16:55:48+07:00,27.9,71.4,28.7,35.5,0.39484,403.25912
2025-06-23 16:56:38+07:00,27.8,71.0,27.7,34.9,0.37131,403.35562
2025-06-23 16:57:27+07:00,27.8,70.8,29.0,34.4,0.37985,403.38361
2025-06-23 16:58:17+07:00,27.8,71.2,29.2,35.6,0.35584,403.33475
2025-06-23 16:59:06+07:00,27.8,70.8,28.6,34.6,0.37617,403.35562
2025-06-23 16:59:56+07:00,27.8,70.8,27.0,36.2,0.36292,403.314
2025-06-23 17:00:45+07:00,27.8,70.4,27.7,33.3,0.36292,403.3071
2025-06-23 17:01:35+07:00,27.7,69.9,28.7,35.0,0.36769,403.41885
2025-06-23 17:02:24+07:00,27.6,70.3,29.6,35.7,0.37985,403.21844
2025-06-23 17:03:13+07:00,27.6,70.8,27.4,34.4,0.3535,403.33475
2025-06-23 17:04:03+07:00,27.6,70.1,27.5,33.3,0.37862,403.35562
2025-06-23 17:04:53+07:00,27.6,70.1,28.0,32.9,0.3689,403.09232
2025-06-23 17:05:42+07:00,27.6,70.9,27.0,35.8,0.3653,403.33475
2025-06-23 17:06:31+07:00,27.6,70.4,28.5,34.5,0.3535,403.2796
2025-06-23 17:07:25+07:00,27.5,70.9,28.4,33.1,0.37739,403.24551
2025-06-23 17:08:15+07:00,27.5,70.9,28.8,36.1,0.36173,403.33475
2025-06-23 17:09:04+07:00,27.6,71.3,28.3,33.1,0.37862,403.34171
2025-06-23 17:09:53+07:00,27.6,70.6,29.1,34.1,0.34428,403.39062
2025-06-23 17:10:43+07:00,27.6,70.5,27.6,33.4,0.38356,403.23196
2025-06-23 17:11:32+07:00,27.6,70.8,29.8,36.8,0.35584,403.20499
2025-06-23 17:12:22+07:00,27.6,71.2,28.6,35.3,0.36769,403.35562
2025-06-23 17:13:11+07:00,27.5,71.2,28.3,35.2,0.35701,403.314
2025-06-23 17:14:01+07:00,27.5,71.5,29.2,36.2,0.35936,403.314
2025-06-23 17:14:50+07:00,27.4,71.6,29.0,35.2,0.36292,403.32089
2025-06-23 17:15:39+07:00,27.4,71.5,29.3,35.6,0.38108,403.44727
2025-06-23 17:16:29+07:00,27.4,71.5,28.6,34.5,0.37617,403.46869
2025-06-23 17:17:18+07:00,27.4,71.6,27.1,34.1,0.37373,403.46869
2025-06-23 17:18:08+07:00,27.4,70.7,27.5,33.0,0.37617,403.44727
2025-06-23 17:18:57+07:00,27.4,70.6,27.3,31.3,0.38232,403.38361
2025-06-23 17:19:47+07:00,27.4,70.9,27.4,34.1,0.37739,403.44012
2025-06-23 17:20:36+07:00,27.4,69.9,27.7,34.4,0.38979,403.46152
2025-06-23 17:21:26+07:00,27.4,70.1,29.4,35.5,0.39357,403.3696
2025-06-23 17:22:15+07:00,27.4,70.9,28.7,37.6,0.3848,403.42593
2025-06-23 17:23:04+07:00,27.4,70.9,29.8,37.2,0.38604,403.3696
2025-06-23 17:23:54+07:00,27.4,71.0,29.1,35.9,0.37862,403.19156
2025-06-23 17:24:44+07:00,27.4,71.4,27.7,33.5,0.36173,403.3002
2025-06-23 17:25:34+07:00,27.4,70.9,28.7,34.5,0.40122,403.41177
2025-06-23 17:26:23+07:00,27.4,70.5,28.7,34.7,0.38356,403.32782
2025-06-23 17:27:13+07:00,27.3,70.7,28.8,35.4,0.39357,403.29333
2025-06-23 17:28:02+07:00,27.3,71.0,28.2,36.3,0.37252,403.3002
2025-06-23 17:28:52+07:00,27.2,71.2,30.3,38.8,0.38356,403.3071
2025-06-23 17:29:41+07:00,27.3,71.4,30.1,38.1,0.36411,403.3002
2025-06-23 17:30:30+07:00,27.2,71.5,30.1,37.5,0.36173,403.3071
2025-06-23 17:31:20+07:00,27.3,71.7,31.3,40.8,0.3701,403.28647
2025-06-23 17:32:13+07:00,27.4,71.9,31.2,38.9,0.35936,403.34866
2025-06-23 17:33:03+07:00,27.3,71.7,32.1,41.4,0.3848,403.39062
2025-06-23 17:34:00+07:00,27.4,72.1,32.2,39.9,0.38854,403.36261
2025-06-23 17:34:53+07:00,27.4,71.9,32.1,39.2,0.37131,403.34866
2025-06-23 17:35:43+07:00,27.3,72.0,31.8,41.3,0.38232,403.39062
2025-06-23 17:36:36+07:00,27.3,71.7,32.0,40.4,0.3848,403.43304
2025-06-23 17:37:25+07:00,27.3,71.6,31.8,41.4,0.37373,403.59952
2025-06-23 17:38:15+07:00,27.3,71.9,32.1,38.6,0.38108,403.44727
2025-06-23 17:39:04+07:00,27.3,71.3,32.2,40.3,0.38979,403.41177
2025-06-23 17:39:54+07:00,27.3,71.2,31.2,38.5,0.37252,403.37659
2025-06-23 17:40:43+07:00,27.2,71.2,31.7,38.6,0.39231,403.40472
2025-06-23 17:41:33+07:00,27.2,71.1,33.5,41.9,0.36173,403.34866
2025-06-23 17:42:22+07:00,27.2,71.7,33.2,43.9,0.38979,403.37659
2025-06-23 17:43:12+07:00,27.3,72.1,32.1,40.4,0.38979,403.34866
2025-06-23 17:44:01+07:00,27.3,71.6,34.1,44.1,0.38854,403.3696
2025-06-23 17:44:51+07:00,27.3,71.3,33.9,43.1,0.36292,403.41177
2025-06-23 17:45:40+07:00,27.3,71.8,33.4,40.8,0.36173,403.46152
2025-06-23 17:46:30+07:00,27.3,71.3,35.0,44.0,0.37617,403.314
2025-06-23 17:47:19+07:00,27.3,71.7,33.8,45.3,0.3848,403.32782
2025-06-23 17:48:08+07:00,27.3,71.4,35.4,46.3,0.35234,403.2796
2025-06-23 17:48:58+07:00,27.3,72.0,36.4,43.2,0.39231,403.39767
2025-06-23 17:49:47+07:00,27.3,71.6,34.8,46.3,0.37495,403.36261
2025-06-23 17:50:37+07:00,27.3,71.4,35.1,44.2,0.37985,403.48303
2025-06-23 17:51:26+07:00,27.3,71.3,34.3,42.3,0.38729,403.39062
2025-06-23 17:52:16+07:00,27.3,71.5,33.0,44.0,0.37862,403.42593
2025-06-23 17:53:05+07:00,27.3,71.1,35.0,42.8,0.38108,403.39767
2025-06-23 17:53:55+07:00,27.3,71.2,35.5,44.9,0.37495,403.34171
2025-06-23 17:54:47+07:00,27.3,71.6,33.6,45.3,0.39994,403.36261
2025-06-23 17:55:37+07:00,27.3,71.4,35.7,45.6,0.3848,403.48303
2025-06-23 17:56:26+07:00,27.4,71.8,36.4,46.5,0.37862,403.40472
2025-06-23 17:57:16+07:00,27.4,72.1,33.9,42.0,0.3848,403.49744
2025-06-23 17:58:08+07:00,27.3,71.2,34.7,41.2,0.39357,403.41177
2025-06-23 17:58:58+07:00,27.4,71.4,35.2,42.2,0.40379,403.44012
2025-06-23 17:59:47+07:00,27.4,71.2,34.5,42.3,0.34887,403.43304
2025-06-23 18:00:36+07:00,27.4,71.5,35.8,45.2,0.3848,403.39062
2025-06-23 18:01:26+07:00,27.3,71.4,35.6,42.8,0.42083,403.44727
2025-06-23 18:02:15+07:00,27.3,71.6,34.8,43.5,0.39484,403.34171
2025-06-23 18:03:05+07:00,27.4,71.7,35.2,44.3,0.3848,403.34866
2025-06-23 18:03:54+07:00,27.4,71.2,35.4,43.0,0.39611,403.46869
2025-06-23 18:04:44+07:00,27.3,71.4,34.7,44.9,0.39105,403.314
2025-06-23 18:05:36+07:00,27.2,71.5,36.6,48.2,0.38729,403.39062
2025-06-23 18:06:25+07:00,27.2,71.7,36.2,46.3,0.38604,403.38361
2025-06-23 18:07:15+07:00,27.3,71.9,35.9,45.6,0.37985,403.36261
2025-06-23 18:08:04+07:00,27.3,72.1,35.4,42.2,0.37617,403.49023
2025-06-23 18:08:54+07:00,27.3,71.7,34.4,42.6,0.36173,403.35562
2025-06-23 18:09:43+07:00,27.3,71.9,35.1,43.6,0.39357,403.46869
2025-06-23 18:10:33+07:00,27.4,71.8,34.3,42.2,0.39484,403.65146
2025-06-23 18:11:22+07:00,27.3,71.9,34.3,43.7,0.39231,403.19827
2025-06-23 18:12:12+07:00,27.3,72.2,33.9,42.5,0.39105,403.39767
2025-06-23 18:13:01+07:00,27.3,72.1,35.9,46.6,0.342,403.59213
2025-06-23 18:13:51+07:00,27.3,72.4,35.8,43.7,0.37373,403.43304
2025-06-23 18:14:40+07:00,27.3,72.5,36.1,45.5,0.38356,403.41885
2025-06-23 18:15:29+07:00,27.3,72.7,36.1,46.6,0.39357,403.34171
2025-06-23 18:16:19+07:00,27.3,72.8,35.9,43.7,0.3701,403.41885
2025-06-23 18:17:08+07:00,27.2,73.2,35.7,43.4,0.39105,403.39767
2025-06-23 18:17:58+07:00,27.2,73.3,37.5,44.9,0.4129,403.52637
2025-06-23 18:18:47+07:00,27.2,73.5,36.6,41.8,0.4025,403.42593
2025-06-23 18:19:36+07:00,27.2,73.5,36.3,43.3,0.41553,403.46152
2025-06-23 18:20:26+07:00,27.2,73.5,37.0,46.0,0.36649,403.46152
2025-06-23 18:21:15+07:00,27.1,73.8,35.1,43.0,0.37862,403.36261
2025-06-23 18:22:04+07:00,27.0,73.1,36.1,45.7,0.38232,403.44012
2025-06-23 18:22:54+07:00,27.1,73.2,36.4,50.1,0.39866,403.47586
2025-06-23 18:23:43+07:00,27.1,73.4,36.5,48.1,0.37862,403.45438
2025-06-23 18:24:33+07:00,27.1,73.8,41.6,57.7,0.45513,403.54819
2025-06-23 18:25:22+07:00,27.2,74.5,41.6,57.1,0.40897,403.57745
2025-06-23 18:26:12+07:00,27.2,74.9,41.6,58.8,0.39231,403.78009
2025-06-23 18:27:01+07:00,27.1,75.2,43.9,62.9,0.42216,403.85745
2025-06-23 18:27:51+07:00,27.2,75.3,44.9,63.4,0.41421,403.9679
2025-06-23 18:28:40+07:00,27.3,75.2,42.8,65.3,0.43567,404.04022
2025-06-23 18:29:29+07:00,27.4,74.5,43.1,61.8,0.4343,404.04022
2025-06-23 18:30:21+07:00,27.5,73.9,44.1,64.7,0.44532,403.98389
2025-06-23 18:31:11+07:00,27.6,74.3,43.6,62.3,0.42752,404.01599
2025-06-23 18:32:00+07:00,27.6,74.4,47.2,68.0,0.44393,404.06458
2025-06-23 18:32:50+07:00,27.6,74.7,44.6,67.7,0.41421,404.08905
2025-06-23 18:33:39+07:00,27.6,75.0,44.8,64.2,0.468,404.31464
2025-06-23 18:34:28+07:00,27.6,74.7,41.8,58.4,0.45513,404.11362
2025-06-23 18:35:18+07:00,27.6,73.1,41.6,56.5,0.46368,404.01599
2025-06-23 18:36:10+07:00,27.5,72.7,38.8,51.8,0.44951,403.88873
2025-06-23 18:37:00+07:00,27.4,72.6,39.6,51.9,0.44951,404.04022
2025-06-23 18:37:49+07:00,27.4,72.8,40.4,55.1,0.43978,403.92816
2025-06-23 18:38:38+07:00,27.4,72.7,41.4,51.4,0.43294,404.02405
2025-06-23 18:39:28+07:00,27.4,72.7,40.2,53.9,0.44116,403.74951
2025-06-23 18:40:17+07:00,27.4,72.9,39.5,49.5,0.44254,403.82635
2025-06-23 18:41:07+07:00,27.5,73.2,42.6,57.0,0.43567,403.82635
2025-06-23 18:41:57+07:00,27.5,74.0,41.5,58.1,0.42887,403.81088
2025-06-23 18:42:46+07:00,27.6,73.5,41.8,60.1,0.44671,403.99991
2025-06-23 18:43:35+07:00,27.7,73.9,46.9,71.7,0.46225,403.8186
2025-06-23 18:44:25+07:00,27.7,75.2,46.6,64.9,0.47089,404.12186
2025-06-23 18:45:15+07:00,27.6,75.6,46.2,63.5,0.46512,404.05646
2025-06-23 18:46:07+07:00,27.6,74.8,45.1,62.3,0.44811,403.83411
2025-06-23 18:46:57+07:00,27.7,75.2,45.9,65.4,0.46512,403.91235
2025-06-23 18:51:07+07:00,27.5,77.7,48.3,68.9,0.58302,404.64008
2025-06-23 18:51:56+07:00,27.4,77.2,47.9,68.9,0.54629,404.48816
2025-06-23 18:52:46+07:00,27.5,77.3,49.0,69.7,0.50674,404.32318
2025-06-23 18:53:35+07:00,27.6,77.8,51.5,70.6,0.49608,404.19644
2025-06-23 18:54:28+07:00,27.5,78.1,50.7,70.6,0.53658,404.11362
2025-06-23 18:55:17+07:00,27.4,78.7,50.5,75.2,0.56609,404.36612
2025-06-23 18:56:07+07:00,27.4,78.6,51.4,75.1,0.57113,404.47934
2025-06-23 18:56:56+07:00,27.4,78.7,51.4,71.7,0.53819,404.16315
2025-06-23 18:57:45+07:00,27.3,78.8,50.2,71.0,0.53178,403.99188
2025-06-23 18:58:35+07:00,27.4,78.7,52.0,74.5,0.50368,404.04834
2025-06-23 18:59:24+07:00,27.4,78.9,51.9,76.1,0.52228,404.13834
2025-06-23 19:00:14+07:00,27.4,79.0,49.8,72.6,0.52228,403.89661
2025-06-23 19:01:03+07:00,27.4,79.1,48.4,69.1,0.47089,404.08905
2025-06-23 19:01:53+07:00,27.4,79.0,50.6,71.3,0.49608,403.99991
2025-06-23 19:02:42+07:00,27.4,78.7,50.5,77.0,0.49457,403.90448
2025-06-23 19:03:32+07:00,27.4,78.9,50.3,74.1,0.51602,404.07272
2025-06-23 19:04:21+07:00,27.4,79.0,49.0,69.2,0.4782,404.00793
2025-06-23 19:05:11+07:00,27.4,79.0,48.4,69.1,0.47235,404.00793
2025-06-23 19:06:00+07:00,27.4,79.0,49.2,70.5,0.46944,403.92026
2025-06-23 19:06:50+07:00,27.4,78.5,46.6,63.5,0.45372,403.95197
2025-06-23 19:07:39+07:00,27.5,76.8,44.1,63.0,0.47235,404.04022
2025-06-23 19:08:28+07:00,27.6,77.9,46.4,68.9,0.47673,403.98389
2025-06-23 19:09:18+07:00,27.5,78.5,48.3,63.9,0.47527,403.81088
2025-06-23 19:10:07+07:00,27.4,78.7,44.9,61.5,0.46656,403.944
2025-06-23 19:10:57+07:00,27.4,78.7,44.9,60.2,0.49006,403.90448
2025-06-23 19:11:46+07:00,27.4,78.7,43.4,62.0,0.44254,403.88873
2025-06-23 19:12:36+07:00,27.4,78.8,44.7,59.8,0.45939,403.91235
2025-06-23 19:13:26+07:00,27.3,78.7,44.4,62.3,0.47673,403.92816
2025-06-23 19:14:15+07:00,27.2,78.8,44.2,60.4,0.45513,403.88092
2025-06-23 19:15:05+07:00,27.2,78.8,43.1,58.9,0.46082,403.84967
2025-06-23 19:15:54+07:00,27.2,78.8,44.9,58.9,0.47967,403.86526
2025-06-23 19:16:44+07:00,27.2,78.9,41.4,57.8,0.46225,403.81088
2025-06-23 19:17:33+07:00,27.2,78.9,43.6,60.9,0.47673,403.88873
2025-06-23 19:18:22+07:00,27.2,78.9,42.7,62.5,0.45655,403.84189
2025-06-23 19:19:12+07:00,27.3,78.6,42.7,60.2,0.45797,403.98389
2025-06-23 19:20:01+07:00,27.2,78.7,45.5,63.4,0.45372,403.71912
2025-06-23 19:20:51+07:00,27.3,78.4,46.3,65.9,0.45797,403.98389
2025-06-23 19:21:41+07:00,27.4,78.1,45.0,62.6,0.44532,403.77243
2025-06-23 19:22:30+07:00,27.3,78.4,47.0,65.0,0.48707,403.79547
2025-06-23 19:23:20+07:00,27.3,78.5,49.7,73.9,0.45939,403.92816
2025-06-23 19:24:09+07:00,27.3,78.5,46.9,69.4,0.47527,403.88873
2025-06-23 19:25:00+07:00,27.3,78.4,49.6,66.4,0.4782,403.9679
2025-06-23 19:25:49+07:00,27.3,78.5,50.1,70.9,0.47527,403.87308
2025-06-23 19:26:39+07:00,27.3,78.5,51.1,71.7,0.47967,403.84189
2025-06-23 19:27:29+07:00,27.3,78.7,51.6,71.5,0.47967,404.04022
2025-06-23 19:28:31+07:00,27.2,78.9,51.7,70.5,0.46512,403.944
2025-06-23 19:29:22+07:00,27.2,79.0,51.8,71.6,0.44951,403.95197
2025-06-23 19:30:13+07:00,27.2,79.0,53.2,74.7,0.44811,403.86526
2025-06-23 19:31:03+07:00,27.2,78.9,49.9,70.8,0.48856,404.01599
2025-06-23 19:31:53+07:00,27.2,78.9,52.0,69.7,0.48856,403.86526
2025-06-23 19:32:43+07:00,27.2,78.7,51.8,73.0,0.4782,403.89661
2025-06-23 19:33:33+07:00,27.3,78.5,51.7,71.1,0.4235,403.88873
2025-06-23 19:34:23+07:00,27.3,78.4,50.2,66.0,0.44254,404.02405
2025-06-23 19:35:12+07:00,27.4,77.4,48.6,70.5,0.47967,404.04834
2025-06-23 19:36:02+07:00,27.4,77.2,48.7,66.7,0.45372,403.92026
2025-06-23 19:36:52+07:00,27.4,76.6,44.5,55.4,0.47527,403.90448
2025-06-23 19:37:41+07:00,27.3,75.5,44.3,56.6,0.50215,403.81088
2025-06-23 19:38:33+07:00,27.3,74.9,44.6,57.0,0.45655,403.88873
2025-06-23 19:39:23+07:00,27.2,74.7,43.1,55.5,0.44671,403.74188
2025-06-23 19:40:12+07:00,27.3,74.1,45.0,58.7,0.46656,403.59213
2025-06-23 19:41:02+07:00,27.3,74.0,43.5,57.4,0.45513,403.6889
2025-06-23 19:41:51+07:00,27.3,74.2,42.1,51.2,0.42752,403.64401
2025-06-23 19:42:40+07:00,27.3,73.8,44.9,57.6,0.47381,403.65894
2025-06-23 19:43:30+07:00,27.3,73.8,46.2,62.2,0.43978,403.58478
2025-06-23 19:44:20+07:00,27.2,74.1,54.5,65.5,0.4195,403.5191
2025-06-23 19:45:10+07:00,27.3,74.1,52.6,64.6,0.43294,403.49023
2025-06-23 19:45:59+07:00,27.3,73.9,50.8,62.8,0.46225,403.61429
2025-06-23 19:46:53+07:00,27.3,73.8,76.9,86.3,0.41553,403.45438
2025-06-23 19:47:43+07:00,27.3,74.1,53.8,69.8,0.43567,403.49023
2025-06-23 19:48:32+07:00,27.2,74.3,51.8,63.8,0.42618,403.63657
2025-06-23 19:49:22+07:00,27.2,74.8,59.7,74.5,0.44116,403.5191
2025-06-23 19:51:01+07:00,27.2,75.1,57.2,74.5,0.44532,403.67389
2025-06-23 19:51:51+07:00,27.2,75.1,63.4,79.2,0.42618,403.62912
2025-06-23 19:52:40+07:00,27.1,75.0,57.4,74.0,0.39994,403.6069
2025-06-23 19:54:19+07:00,27.3,74.9,78.8,97.7,0.44116,403.72668
2025-06-23 19:55:09+07:00,27.2,75.0,67.7,84.5,0.42216,403.79547
2025-06-23 19:55:59+07:00,27.2,75.2,75.9,94.4,0.42618,403.6814
2025-06-23 19:56:48+07:00,27.1,75.3,58.6,74.7,0.35234,403.74951
2025-06-23 19:57:38+07:00,27.1,75.2,57.0,75.2,0.41817,403.75714
2025-06-23 19:58:27+07:00,27.1,75.4,50.9,68.3,0.44393,403.78778
2025-06-23 19:59:16+07:00,27.1,75.5,51.7,70.2,0.42752,403.78009
2025-06-23 20:00:06+07:00,27.1,75.6,51.8,70.2,0.42887,403.92816
2025-06-23 20:00:55+07:00,27.0,75.6,50.0,66.1,0.45372,403.89661
2025-06-23 20:01:45+07:00,27.1,75.7,49.8,68.3,0.41817,403.84967
2025-06-23 20:02:34+07:00,27.1,75.8,55.2,76.1,0.44254,403.88873
2025-06-23 20:03:24+07:00,27.2,75.8,55.7,75.1,0.42752,403.79547
2025-06-23 20:04:13+07:00,27.2,75.8,55.7,74.7,0.45655,403.79547
2025-06-23 20:05:03+07:00,27.2,75.7,64.5,88.3,0.44254,403.88873
2025-06-23 20:05:52+07:00,27.2,75.7,58.7,76.6,0.41685,403.78778
2025-06-23 20:06:42+07:00,27.2,75.6,60.6,80.6,0.43158,403.77243
2025-06-23 20:07:34+07:00,27.2,75.6,65.4,85.1,0.44811,403.80316
2025-06-23 20:08:24+07:00,27.2,75.6,83.5,104.1,0.43704,403.88873
2025-06-23 20:09:13+07:00,27.2,75.6,71.0,88.8,0.45797,403.84967
2025-06-23 20:10:03+07:00,27.2,75.6,64.2,86.1,0.41159,403.92026
2025-06-23 20:10:55+07:00,27.2,75.7,60.1,77.2,0.45091,403.84189
2025-06-23 20:11:44+07:00,27.1,75.8,61.1,82.7,0.45797,403.63657
2025-06-23 20:12:34+07:00,27.2,75.8,74.3,96.3,0.42752,404.23834
2025-06-23 20:13:23+07:00,27.2,75.8,68.4,96.6,0.44951,404.08087
2025-06-23 20:14:13+07:00,27.2,76.0,58.7,82.3,0.4343,403.91235
2025-06-23 20:15:02+07:00,27.1,76.3,65.6,87.8,0.46656,403.81088
2025-06-23 20:15:57+07:00,27.1,76.0,71.0,93.2,0.42887,403.92816
2025-06-23 20:16:47+07:00,27.1,76.1,60.5,82.9,0.45513,403.87308
2025-06-23 20:18:26+07:00,27.1,75.8,69.0,93.2,0.46512,403.84189
2025-06-23 20:19:15+07:00,27.0,75.8,67.9,90.4,0.42083,403.92816
2025-06-23 20:20:05+07:00,27.0,75.7,53.3,70.0,0.44116,403.88873
2025-06-23 20:21:58+07:00,26.9,76.0,67.4,89.5,0.42887,403.80316
2025-06-23 20:22:48+07:00,27.0,75.8,69.9,87.4,0.44951,403.99188
2025-06-23 20:23:37+07:00,26.9,76.0,58.5,77.7,0.44811,403.80316
2025-06-23 20:24:26+07:00,27.0,75.9,68.6,88.8,0.43022,403.73428
2025-06-23 20:25:16+07:00,27.0,75.9,58.3,81.2,0.44393,403.78009
2025-06-23 20:26:05+07:00,27.0,75.7,63.5,87.4,0.44811,403.77243
2025-06-23 20:26:55+07:00,26.9,75.6,64.5,87.4,0.44951,403.92816
2025-06-23 20:27:44+07:00,26.9,76.0,60.6,80.5,0.42887,403.8186
2025-06-23 20:28:34+07:00,26.9,75.9,78.7,99.2,0.43294,403.72668
2025-06-23 20:29:23+07:00,27.0,75.9,62.7,82.5,0.43294,403.93607
2025-06-23 20:30:13+07:00,27.0,75.6,62.0,81.1,0.44393,403.90448
2025-06-23 20:31:02+07:00,26.9,75.8,73.4,93.8,0.42216,403.88873
2025-06-23 20:31:52+07:00,26.9,75.7,62.4,81.7,0.4782,403.76477
2025-06-23 20:32:41+07:00,26.9,75.8,75.2,97.1,0.44393,403.78778
2025-06-23 20:33:30+07:00,26.8,76.0,65.4,90.3,0.42887,403.86526
2025-06-23 20:34:20+07:00,26.8,75.6,61.2,81.2,0.45231,403.78009
2025-06-23 20:35:09+07:00,26.8,75.7,62.0,84.4,0.43841,403.65146
2025-06-23 20:35:59+07:00,26.8,75.8,66.1,88.2,0.45513,403.6889
2025-06-23 20:36:48+07:00,26.8,76.1,64.7,86.5,0.44116,403.65894
2025-06-23 20:37:37+07:00,26.8,75.9,79.7,103.3,0.44951,403.59952
2025-06-23 20:38:27+07:00,26.8,75.8,65.2,88.6,0.44116,403.82635
2025-06-23 20:39:16+07:00,26.8,75.5,57.1,78.4,0.44532,403.78009
2025-06-23 20:40:06+07:00,26.7,75.6,59.6,82.8,0.43841,403.63657
2025-06-23 20:40:55+07:00,26.6,76.0,53.5,74.6,0.43022,403.6069
2025-06-23 20:41:44+07:00,26.6,76.1,54.6,76.3,0.42752,403.54819
2025-06-23 20:42:34+07:00,26.5,76.1,61.5,84.0,0.41817,403.6814
2025-06-23 20:43:23+07:00,26.5,76.0,55.0,75.9,0.4235,403.66641
2025-06-23 20:44:13+07:00,26.6,75.8,65.9,88.4,0.4235,403.78009
2025-06-23 20:45:02+07:00,26.6,75.7,55.9,73.9,0.39484,403.71155
2025-06-23 20:45:51+07:00,26.6,75.9,54.2,72.6,0.42216,403.71912
2025-06-23 20:46:41+07:00,26.6,76.1,63.7,87.0,0.4129,403.70398
2025-06-23 20:47:30+07:00,26.6,75.8,68.5,92.1,0.4343,403.61429
2025-06-23 20:48:20+07:00,26.6,76.0,52.6,70.4,0.43022,403.69644
2025-06-23 20:49:09+07:00,26.6,76.0,65.9,85.2,0.43158,403.59213
2025-06-23 20:49:58+07:00,26.6,76.1,55.5,73.8,0.4235,403.54819
2025-06-23 20:50:48+07:00,26.5,76.2,54.6,75.9,0.39484,403.78778
2025-06-23 20:52:27+07:00,26.5,76.2,67.9,90.8,0.41421,403.6217
2025-06-23 20:53:16+07:00,26.5,76.0,66.6,87.2,0.40508,403.76477
2025-06-23 20:54:06+07:00,26.5,76.3,73.6,98.0,0.43704,403.76477
2025-06-23 20:54:55+07:00,26.5,76.2,58.0,80.7,0.40379,403.74188
2025-06-23 20:55:44+07:00,26.5,76.0,60.0,80.3,0.40508,403.62912
2025-06-23 20:56:34+07:00,26.4,76.3,59.6,80.3,0.40767,403.88873
2025-06-23 20:57:23+07:00,26.4,76.7,78.5,101.0,0.39611,403.57745
2025-06-23 20:58:12+07:00,26.3,76.9,62.3,85.1,0.43704,403.72668
2025-06-23 20:59:02+07:00,26.4,76.6,70.9,93.3,0.42216,403.69644
2025-06-23 20:59:52+07:00,26.3,76.7,66.0,89.2,0.43158,403.82635
2025-06-23 21:00:44+07:00,26.4,76.6,57.4,81.7,0.40638,403.92026
2025-06-23 21:01:39+07:00,26.4,76.6,58.9,85.3,0.4235,403.70398
2025-06-23 21:05:30+07:00,26.4,77.1,58.0,80.6,0.40379,403.86526
2025-06-23 21:06:23+07:00,26.4,77.3,71.3,96.3,0.41028,403.52637
2025-06-23 21:07:13+07:00,26.4,77.5,55.1,82.2,0.40379,403.6069
2025-06-23 21:08:02+07:00,26.4,77.6,56.9,76.5,0.40767,403.54089
2025-06-23 21:08:51+07:00,26.4,77.6,52.4,70.7,0.40122,403.5191
2025-06-23 21:09:42+07:00,26.4,77.7,48.7,63.5,0.38232,403.57745
2025-06-23 21:10:32+07:00,26.4,77.8,49.5,71.9,0.39611,403.5701
2025-06-23 21:11:23+07:00,26.3,78.0,54.8,75.9,0.41553,403.48303
2025-06-23 21:12:12+07:00,26.3,78.2,49.8,65.8,0.40122,403.54089
2025-06-23 21:13:01+07:00,26.4,78.4,48.9,66.3,0.39866,403.40472
2025-06-23 21:13:54+07:00,26.4,78.3,51.0,68.1,0.41817,403.41177
2025-06-23 21:14:45+07:00,26.3,78.5,49.1,65.7,0.40767,403.44727
2025-06-23 21:15:36+07:00,26.3,78.4,60.7,78.8,0.39738,403.48303
2025-06-23 21:16:29+07:00,26.2,78.6,48.0,66.5,0.40508,403.59213
2025-06-23 21:17:19+07:00,26.2,78.6,70.4,88.3,0.38854,403.48303
2025-06-23 21:18:11+07:00,26.3,78.6,52.4,72.8,0.38729,403.46152
2025-06-23 21:19:00+07:00,26.3,78.7,55.1,75.5,0.40122,403.48303
2025-06-23 21:19:50+07:00,26.3,78.8,71.8,96.2,0.41159,403.47586
2025-06-23 21:20:39+07:00,26.3,78.9,63.1,84.3,0.40122,403.56277
2025-06-23 21:21:29+07:00,26.2,79.2,56.6,81.7,0.40767,403.54819
2025-06-23 21:22:18+07:00,26.1,79.3,90.6,119.9,0.39484,403.55548
2025-06-23 21:23:08+07:00,26.1,79.5,58.2,81.8,0.38356,403.45438
2025-06-23 21:23:57+07:00,26.1,79.7,56.5,79.1,0.3689,403.55548
2025-06-23 21:24:46+07:00,26.0,79.7,75.1,99.5,0.39738,403.46869
2025-06-23 21:25:36+07:00,26.1,79.5,65.8,90.1,0.38854,403.56277
2025-06-23 21:26:25+07:00,26.1,79.6,67.4,88.1,0.43022,403.58478
2025-06-23 21:27:15+07:00,26.1,79.6,86.8,113.8,0.40897,403.58478
2025-06-23 21:28:04+07:00,26.1,79.4,69.4,96.7,0.4195,403.67389
2025-06-23 21:28:53+07:00,26.2,79.5,61.2,86.1,0.40508,403.66641
2025-06-23 21:29:43+07:00,26.2,79.5,64.5,89.8,0.41159,403.59213
2025-06-23 21:30:32+07:00,26.2,79.5,63.0,87.1,0.40122,403.54819
2025-06-23 21:31:22+07:00,26.1,79.7,76.8,101.0,0.41553,403.66641
2025-06-23 21:32:11+07:00,26.2,79.6,62.8,84.6,0.40379,403.63657
2025-06-23 21:33:01+07:00,26.1,79.8,71.3,93.2,0.41817,403.65146
2025-06-23 21:33:50+07:00,26.1,79.9,58.1,82.1,0.42216,403.67389
2025-06-23 21:34:39+07:00,26.0,80.1,86.4,111.7,0.40122,403.69644
2025-06-23 21:35:29+07:00,26.1,80.1,60.5,83.5,0.41817,403.75714
2025-06-23 21:36:18+07:00,26.1,80.1,55.5,76.3,0.42083,403.6889
2025-06-23 21:37:07+07:00,26.1,80.2,65.1,87.8,0.41685,403.65894
2025-06-23 21:37:57+07:00,26.0,80.4,63.0,83.6,0.40508,403.63657
2025-06-23 21:38:46+07:00,26.0,80.5,68.3,90.4,0.39611,403.56277
2025-06-23 21:39:36+07:00,26.1,80.4,56.3,74.5,0.40767,403.66641
2025-06-23 21:40:25+07:00,26.0,80.5,55.5,73.7,0.40508,403.46152
2025-06-23 21:41:15+07:00,26.0,80.4,60.5,85.5,0.41028,403.67389
2025-06-23 21:42:04+07:00,26.0,80.3,92.6,114.5,0.39484,403.6814
2025-06-23 21:42:53+07:00,26.0,80.3,56.5,76.6,0.38356,403.63657
2025-06-23 21:43:46+07:00,26.1,80.5,61.9,85.4,0.40638,403.66641
2025-06-23 21:44:36+07:00,26.0,80.5,68.8,93.0,0.4235,403.6889
2025-06-23 21:45:25+07:00,26.0,80.6,60.4,83.2,0.42083,403.57745
2025-06-23 21:46:14+07:00,26.0,80.6,72.9,98.4,0.41817,403.64401
2025-06-23 21:47:04+07:00,26.0,80.6,75.2,102.7,0.41817,403.66641
2025-06-23 21:47:53+07:00,26.0,80.4,73.6,95.3,0.39994,403.59952
2025-06-23 21:48:43+07:00,26.0,80.4,74.8,101.7,0.42887,403.42593
2025-06-23 21:49:32+07:00,26.0,80.7,79.1,105.7,0.41685,403.6814
2025-06-23 21:50:22+07:00,26.0,80.8,75.2,100.0,0.4129,403.82635
2025-06-23 21:51:12+07:00,26.0,80.7,73.0,105.3,0.39357,403.66641
2025-06-23 21:52:01+07:00,26.0,81.0,67.0,90.8,0.42618,403.71155
2025-06-23 21:52:50+07:00,26.0,81.0,83.4,108.2,0.39231,403.69644
2025-06-23 21:53:40+07:00,26.0,81.0,59.0,80.6,0.41028,403.78778
2025-06-23 21:54:29+07:00,26.0,80.6,55.8,78.2,0.41028,403.74188
2025-06-23 21:55:19+07:00,26.0,80.7,82.2,107.4,0.40122,403.93607
2025-06-23 21:56:08+07:00,25.9,80.9,74.8,99.1,0.41685,403.72668
2025-06-23 21:56:57+07:00,25.9,81.3,100.9,126.7,0.39738,403.65146
2025-06-23 21:57:47+07:00,25.9,81.1,89.4,114.4,0.41685,403.74951
2025-06-23 21:58:36+07:00,25.9,80.9,99.5,129.0,0.41159,403.56277
2025-06-23 21:59:28+07:00,26.0,80.8,118.1,148.89999,0.39994,403.65894
2025-06-23 22:00:18+07:00,26.0,80.8,115.0,152.10001,0.40638,403.80316
2025-06-23 22:01:08+07:00,26.0,80.6,122.4,167.5,0.42752,403.85745
2025-06-23 22:02:00+07:00,26.0,80.9,129.89999,171.2,0.42752,403.74188
2025-06-23 22:02:49+07:00,26.0,80.7,132.8,180.0,0.43294,403.88092
2025-06-23 22:03:41+07:00,26.1,80.7,121.2,164.0,0.42752,403.75714
2025-06-23 22:04:30+07:00,26.0,80.9,107.9,150.8,0.43567,403.83411
2025-06-23 22:05:20+07:00,26.1,80.8,98.0,135.2,0.44116,403.84189
2025-06-23 22:06:11+07:00,26.1,80.6,112.2,151.10001,0.4235,403.80316
2025-06-23 22:07:07+07:00,26.0,80.7,128.3,169.2,0.4235,403.80316
2025-06-23 22:07:59+07:00,26.0,80.8,120.3,156.3,0.43704,403.77243
2025-06-23 22:08:58+07:00,26.0,80.8,116.4,151.2,0.4235,403.8186
2025-06-23 22:09:47+07:00,26.0,80.8,117.6,150.89999,0.43978,403.6069
2025-06-23 22:10:37+07:00,26.0,80.8,125.2,158.10001,0.47967,403.88873
2025-06-23 22:11:29+07:00,26.0,80.8,127.7,165.39999,0.41159,403.82635
2025-06-23 22:12:18+07:00,26.0,80.9,129.7,167.7,0.43567,403.86526
2025-06-23 22:13:08+07:00,26.0,81.0,132.2,166.7,0.44254,403.85745
2025-06-23 22:13:57+07:00,26.0,81.1,130.3,169.10001,0.44951,403.74951
2025-06-23 22:14:47+07:00,26.0,81.0,129.2,167.3,0.41685,403.74951
2025-06-23 22:15:36+07:00,26.1,80.8,112.8,148.0,0.43294,403.78009
2025-06-23 22:16:26+07:00,26.1,80.7,118.5,158.3,0.44532,403.78778
2025-06-23 22:17:15+07:00,26.0,80.8,128.39999,164.7,0.44116,403.8186
2025-06-23 22:18:05+07:00,26.0,80.7,136.5,180.0,0.41421,403.75714
2025-06-23 22:18:54+07:00,26.0,80.6,111.4,147.60001,0.44393,403.84189
2025-06-23 22:19:44+07:00,26.1,80.4,110.4,148.5,0.44254,403.88092
2025-06-23 22:20:34+07:00,26.1,80.4,95.7,126.3,0.44951,403.93607
2025-06-23 22:21:23+07:00,26.1,80.2,73.1,101.0,0.43567,403.80316
2025-06-23 22:22:13+07:00,26.1,80.4,72.6,101.1,0.46368,403.86526
2025-06-23 22:23:02+07:00,26.1,80.4,79.4,107.6,0.44393,403.88092
2025-06-23 22:23:52+07:00,26.1,80.0,75.9,100.7,0.44393,403.83411
2025-06-23 22:24:41+07:00,26.2,80.3,67.2,91.9,0.45231,403.90448
2025-06-23 22:25:31+07:00,26.1,80.5,62.7,86.5,0.43567,403.81088
2025-06-23 22:26:20+07:00,26.0,80.8,96.5,121.9,0.44116,403.71912
2025-06-23 22:27:10+07:00,26.1,80.5,78.5,99.2,0.43704,403.87308
2025-06-23 22:27:59+07:00,26.1,80.6,72.1,100.7,0.4343,403.78778
2025-06-23 22:28:49+07:00,26.1,80.5,66.3,89.7,0.43841,403.88873
2025-06-23 22:29:38+07:00,26.2,80.4,71.8,100.7,0.46368,403.85745
2025-06-23 22:30:28+07:00,26.2,80.4,69.0,98.2,0.45091,403.78778
2025-06-23 22:31:17+07:00,26.1,80.6,70.7,99.1,0.43841,403.80316
2025-06-23 22:32:07+07:00,26.1,80.9,77.0,110.5,0.42483,403.85745
2025-06-23 22:32:56+07:00,26.1,80.9,78.0,109.6,0.43022,403.88092
2025-06-23 22:33:46+07:00,26.2,80.8,71.4,98.0,0.45231,403.87308
2025-06-23 22:34:35+07:00,26.2,80.7,74.1,103.0,0.43022,403.8186
2025-06-23 22:35:25+07:00,26.2,80.8,73.5,98.4,0.44532,403.85745
2025-06-23 22:36:14+07:00,26.2,80.7,80.5,108.8,0.41028,403.85745
2025-06-23 22:37:04+07:00,26.2,80.5,68.0,94.3,0.44393,403.90448
2025-06-23 22:37:53+07:00,26.2,80.8,69.0,98.8,0.45513,403.81088
2025-06-23 22:38:42+07:00,26.1,80.9,65.3,89.7,0.44532,403.82635
2025-06-23 22:39:32+07:00,26.0,81.2,67.0,92.0,0.44811,403.83411
2025-06-23 22:40:21+07:00,26.0,81.3,63.9,89.7,0.42887,403.54819
2025-06-23 22:41:11+07:00,25.9,81.7,63.8,93.7,0.43841,403.65146
2025-06-23 22:42:00+07:00,25.9,81.8,62.8,88.1,0.44671,403.69644
2025-06-23 22:42:50+07:00,25.9,82.1,63.7,84.6,0.43158,403.6814
2025-06-23 22:43:39+07:00,25.8,82.2,61.9,83.8,0.43022,403.51187
2025-06-23 22:44:29+07:00,25.8,82.2,62.3,90.1,0.41685,403.43304
2025-06-23 22:45:18+07:00,25.8,82.2,71.8,99.1,0.43022,403.59952
2025-06-23 22:46:08+07:00,25.9,81.8,61.4,88.0,0.42216,403.62912
2025-06-23 22:46:57+07:00,25.9,82.0,61.9,89.1,0.42752,403.61429
2025-06-23 22:47:46+07:00,25.9,81.9,62.2,90.2,0.41553,403.50464
2025-06-23 22:48:36+07:00,25.9,82.0,63.1,89.9,0.43158,403.6069
2025-06-23 22:49:25+07:00,25.9,81.9,62.5,93.2,0.42216,403.61429
2025-06-23 22:50:15+07:00,25.8,82.1,63.8,90.9,0.42618,403.52637
2025-06-23 22:51:04+07:00,25.9,82.0,69.5,96.2,0.40767,403.74951
2025-06-23 22:51:54+07:00,26.0,81.9,72.6,102.7,0.41817,403.53363
2025-06-23 22:52:43+07:00,26.0,81.8,67.0,96.7,0.42083,403.59213
2025-06-23 22:53:33+07:00,26.0,81.9,68.1,97.5,0.41421,403.74951
2025-06-23 22:54:22+07:00,26.0,81.9,70.3,101.4,0.42752,403.5701
2025-06-23 22:55:12+07:00,26.0,81.9,69.9,100.0,0.42483,403.62912
2025-06-23 22:56:01+07:00,26.1,81.8,72.2,101.8,0.43567,403.34171
2025-06-23 22:56:50+07:00,26.1,81.7,75.4,110.1,0.41685,403.64401
2025-06-23 22:57:40+07:00,26.1,81.6,75.2,113.4,0.43294,403.62912
2025-06-23 22:58:29+07:00,26.1,81.7,75.8,110.9,0.40767,403.53363
2025-06-23 22:59:19+07:00,26.0,81.9,73.5,111.1,0.41553,403.71912
2025-06-23 23:00:08+07:00,26.0,81.8,76.5,117.6,0.41685,403.6217
2025-06-23 23:00:57+07:00,26.0,81.9,77.4,112.5,0.41817,403.6814
2025-06-23 23:01:47+07:00,26.0,81.7,74.2,112.3,0.42216,403.66641
2025-06-23 23:02:36+07:00,26.1,81.6,71.7,102.5,0.42887,403.5701
2025-06-23 23:03:25+07:00,26.1,81.5,71.8,108.0,0.44951,403.78009
2025-06-23 23:04:16+07:00,26.0,81.5,73.8,110.6,0.41553,403.74188
2025-06-23 23:05:06+07:00,26.0,81.6,74.0,111.0,0.41421,403.62912
2025-06-23 23:05:55+07:00,25.9,81.8,76.1,112.1,0.41553,403.72668
2025-06-23 23:06:45+07:00,25.9,82.0,82.6,118.5,0.42618,403.6889
2025-06-23 23:07:35+07:00,26.0,81.2,109.3,140.60001,0.40897,403.70398
2025-06-23 23:09:13+07:00,26.4,79.9,110.7,141.89999,0.61986,403.8186
2025-06-23 23:14:10+07:00,26.3,80.3,75.1,102.7,0.9389,406.60754
2025-06-23 23:15:49+07:00,26.1,81.1,71.1,100.3,0.91673,406.53522
2025-06-23 23:16:38+07:00,26.0,81.4,73.0,101.3,0.99229,406.65613
2025-06-23 23:17:27+07:00,26.0,81.4,73.3,101.3,0.98452,406.32214
2025-06-23 23:18:16+07:00,26.0,81.2,73.4,100.1,0.91673,406.41611
2025-06-23 23:19:06+07:00,26.0,81.3,68.9,97.3,0.94889,405.93536
2025-06-23 23:19:55+07:00,26.0,81.2,75.5,110.3,0.94139,406.42795
2025-06-23 23:20:45+07:00,26.0,81.2,73.7,102.2,0.89258,406.4993
2025-06-23 23:21:34+07:00,25.9,81.4,72.4,103.5,0.85962,406.47543
2025-06-23 23:22:24+07:00,26.0,81.4,72.3,101.6,0.929,406.06958
2025-06-23 23:23:13+07:00,26.0,81.2,74.2,105.8,0.88543,406.36899
2025-06-23 23:24:03+07:00,26.0,81.1,72.6,101.3,0.96657,406.4043
2025-06-23 23:24:52+07:00,26.0,81.3,72.3,104.3,0.94889,406.14902
2025-06-23 23:25:41+07:00,26.0,81.1,72.0,103.6,0.98194,406.12622
2025-06-23 23:26:31+07:00,26.0,81.2,72.7,101.8,0.92653,406.34552
2025-06-23 23:27:20+07:00,25.9,81.4,72.5,102.9,0.98452,406.17187
2025-06-23 23:28:10+07:00,25.9,81.5,69.5,99.1,0.87128,406.4043
2025-06-23 23:28:59+07:00,25.9,81.5,71.3,101.1,0.90459,406.43979
2025-06-23 23:29:48+07:00,25.9,81.6,75.1,104.4,0.94889,406.48737
2025-06-23 23:30:38+07:00,25.8,81.7,73.5,103.2,0.98969,406.17187
2025-06-23 23:31:27+07:00,25.8,81.7,72.6,102.8,0.94889,406.8161
2025-06-23 23:32:17+07:00,25.9,81.6,73.3,104.1,1.0001,406.20627
2025-06-23 23:33:06+07:00,25.8,81.7,71.5,104.3,0.90459,406.39252
2025-06-23 23:33:55+07:00,25.8,81.9,74.5,105.9,0.90943,405.90219
2025-06-23 23:34:45+07:00,25.8,81.9,74.3,106.4,0.92162,406.19479
2025-06-23 23:35:34+07:00,25.8,81.9,70.9,102.4,0.89258,406.36899
2025-06-23 23:36:32+07:00,25.8,81.9,73.9,107.2,0.92162,406.17187
2025-06-23 23:37:24+07:00,25.8,81.9,73.6,107.7,0.90701,406.61966
2025-06-23 23:38:13+07:00,25.8,81.9,72.2,102.1,0.92407,406.05829
2025-06-23 23:39:03+07:00,25.8,81.8,72.8,105.3,0.97423,406.12622
2025-06-23 23:39:52+07:00,25.8,81.6,70.0,100.1,0.89737,406.09216
2025-06-23 23:40:41+07:00,25.8,81.7,70.7,99.2,0.89019,406.36899
2025-06-23 23:41:31+07:00,25.8,81.7,71.0,99.9,0.89258,406.02457
2025-06-23 23:42:21+07:00,25.8,81.8,71.1,100.7,0.96403,406.11487
2025-06-23 23:43:10+07:00,25.8,81.9,71.1,99.6,0.97423,406.09216
2025-06-23 23:44:53+07:00,25.8,82.0,69.5,100.8,0.89019,406.25241
2025-06-23 23:45:43+07:00,25.7,82.1,71.5,102.0,0.89737,406.31049
2025-06-23 23:46:38+07:00,25.7,82.1,71.5,104.3,0.95896,405.95755
2025-06-23 23:47:28+07:00,25.7,82.2,69.6,100.4,0.85962,405.85818
2025-06-23 23:48:17+07:00,25.7,82.1,70.7,99.3,0.91429,406.33383
2025-06-23 23:49:13+07:00,25.8,82.2,73.2,103.6,0.88306,406.34552
2025-06-23 23:51:02+07:00,25.7,82.2,73.0,107.6,0.90459,406.10352
2025-06-23 23:51:52+07:00,25.8,82.2,75.7,106.5,0.94639,405.88016
2025-06-23 23:52:41+07:00,25.7,82.2,71.3,99.8,0.90943,406.34552
2025-06-23 23:53:30+07:00,25.7,82.3,74.5,108.7,0.92653,406.29883
2025-06-23 23:54:20+07:00,25.7,82.2,71.5,100.7,0.88306,406.36899
2025-06-23 23:55:09+07:00,25.7,82.3,72.3,99.6,0.91917,405.90219
2025-06-23 23:56:02+07:00,25.7,82.3,71.0,100.9,0.90459,406.57129
2025-06-23 23:56:54+07:00,25.7,82.3,72.3,98.8,0.96657,406.08087
2025-06-23 23:57:44+07:00,25.8,81.9,70.4,98.9,0.88543,406.09216
2025-06-23 23:58:33+07:00,25.8,81.8,69.7,97.5,0.9514,406.35724
2025-06-23 23:59:22+07:00,25.8,81.8,67.7,98.9,0.92162,406.32214
2025-06-24 00:00:15+07:00,25.8,81.7,67.7,94.4,0.93642,406.21777
2025-06-24 00:01:08+07:00,25.9,81.5,67.8,94.0,0.94389,406.08087
2025-06-24 00:01:57+07:00,25.8,81.4,67.8,97.1,0.90459,405.8363
2025-06-24 00:02:47+07:00,25.8,81.6,68.0,95.6,0.9514,406.29883
2025-06-24 00:03:40+07:00,25.8,81.6,63.4,88.9,0.92653,406.06958
2025-06-24 00:04:30+07:00,25.7,81.9,66.1,92.5,0.89258,405.94644
2025-06-24 00:05:19+07:00,25.7,82.0,67.6,94.5,0.95392,405.73862
2025-06-24 00:06:09+07:00,25.7,81.9,67.8,96.8,0.94139,406.2872
2025-06-24 00:06:58+07:00,25.7,81.9,67.9,95.0,0.89497,406.26398
2025-06-24 00:07:48+07:00,25.7,81.9,69.2,96.7,0.91673,405.80359
2025-06-24 00:08:37+07:00,25.7,81.9,66.5,91.4,0.91429,405.92429
2025-06-24 00:09:26+07:00,25.7,81.7,64.9,93.8,0.91673,405.79272
2025-06-24 00:10:16+07:00,25.7,81.8,66.2,90.8,0.9514,406.36899
2025-06-24 00:11:06+07:00,25.7,81.8,66.5,91.7,0.95644,406.06958
2025-06-24 00:11:55+07:00,25.7,81.7,63.5,90.1,0.93394,405.89117
2025-06-24 00:12:44+07:00,25.7,81.7,63.6,87.8,0.86894,405.99097
2025-06-24 00:13:34+07:00,25.6,81.9,62.9,89.0,0.91673,405.93536
2025-06-24 00:14:23+07:00,25.6,82.0,63.3,88.0,0.94389,405.79272
2025-06-24 00:15:12+07:00,25.6,82.0,68.2,98.9,0.95392,405.89117
2025-06-24 00:16:02+07:00,25.6,81.9,67.1,93.3,0.87128,405.81448
2025-06-24 00:16:51+07:00,25.6,82.0,66.3,95.1,0.929,406.1376
2025-06-24 00:17:41+07:00,25.6,82.0,73.2,103.6,0.92162,405.65292
2025-06-24 00:18:31+07:00,25.6,82.4,73.8,104.3,0.93642,406.05829
2025-06-24 00:19:21+07:00,25.6,83.0,80.3,111.8,0.94889,405.8363
2025-06-24 00:20:10+07:00,25.6,83.2,80.9,114.2,0.99489,405.95755
2025-06-24 00:20:59+07:00,25.6,83.5,80.3,114.8,0.90701,405.95755
2025-06-24 00:21:52+07:00,25.6,83.6,75.0,102.1,0.91673,406.05829
2025-06-24 00:22:41+07:00,25.6,83.5,76.3,105.0,0.9389,405.96866
2025-06-24 00:23:30+07:00,25.6,83.3,74.1,103.4,0.9389,406.32214
2025-06-24 00:24:20+07:00,25.5,83.4,71.2,105.2,0.95896,405.82538
2025-06-24 00:25:09+07:00,25.5,83.4,74.4,107.0,0.89977,405.8363
2025-06-24 00:25:58+07:00,25.5,83.3,77.0,109.4,0.89977,405.80359
2025-06-24 00:26:48+07:00,25.5,83.3,73.2,99.2,0.89258,406.22931
2025-06-24 00:27:37+07:00,25.5,83.4,74.8,104.1,0.82537,405.90219
2025-06-24 00:28:27+07:00,25.5,83.2,88.5,129.2,0.91917,406.00214
2025-06-24 00:29:16+07:00,25.5,83.1,87.3,127.6,0.93642,405.97983
2025-06-24 00:30:55+07:00,25.5,83.0,81.3,117.3,0.90943,406.00214
2025-06-24 00:31:44+07:00,25.5,83.0,81.5,120.7,0.93146,406.06958
2025-06-24 00:32:34+07:00,25.5,82.9,79.5,115.6,0.88543,405.91321
2025-06-24 00:33:26+07:00,25.5,82.9,77.7,113.2,0.89497,405.84723
2025-06-24 00:34:15+07:00,25.5,82.8,74.3,112.9,0.94639,405.97983
2025-06-24 00:35:04+07:00,25.5,82.9,72.5,101.9,0.95896,405.97983
2025-06-24 00:35:54+07:00,25.5,82.6,69.8,100.0,0.96403,405.97983
2025-06-24 00:36:43+07:00,25.6,82.3,70.2,96.1,0.95896,405.90219
2025-06-24 00:37:32+07:00,25.5,82.3,70.6,98.2,0.90943,405.92429
2025-06-24 00:38:22+07:00,25.5,82.4,73.8,102.7,0.93394,405.80359
2025-06-24 00:39:11+07:00,25.5,82.3,73.5,107.0,0.93394,405.92429
2025-06-24 00:40:05+07:00,25.6,82.1,76.0,107.9,0.89019,406.11487
2025-06-24 00:40:54+07:00,25.6,81.9,80.1,114.4,0.89977,405.81448
2025-06-24 00:41:44+07:00,25.6,81.9,77.5,110.9,0.95896,405.97983
2025-06-24 00:42:41+07:00,25.5,82.1,77.2,110.4,0.89497,405.6423
2025-06-24 00:43:32+07:00,25.5,82.4,85.3,134.0,0.90459,405.80359
2025-06-24 00:44:26+07:00,25.5,82.5,89.4,140.5,0.87598,405.95755
2025-06-24 00:47:44+07:00,25.4,82.6,99.6,167.0,0.96657,405.82538
2025-06-24 00:50:12+07:00,25.4,82.4,114.4,192.60001,0.9389,406.2872
2025-06-24 00:51:02+07:00,25.5,82.1,110.4,187.7,0.93146,406.06958
2025-06-24 00:51:51+07:00,25.4,82.2,108.6,182.60001,0.9389,406.29883
2025-06-24 00:52:40+07:00,25.4,82.3,107.4,183.7,0.89977,406.12622
2025-06-24 00:54:19+07:00,25.4,82.5,110.9,199.2,0.929,406.35724
2025-06-24 00:55:58+07:00,25.4,82.6,98.9,171.0,0.96912,406.11487
2025-06-24 00:56:47+07:00,25.4,82.7,88.1,141.5,0.94639,406.53522
2025-06-24 00:57:39+07:00,25.4,82.8,83.7,126.4,0.93394,406.17187
2025-06-24 00:58:29+07:00,25.3,82.9,78.6,119.9,0.92653,406.09216
2025-06-24 00:59:18+07:00,25.3,83.1,76.7,112.0,0.98969,406.18332
2025-06-24 01:00:08+07:00,25.3,83.0,73.9,109.2,0.94389,406.36899
2025-06-24 01:00:57+07:00,25.3,82.8,74.6,109.3,0.94389,406.17187
2025-06-24 01:01:46+07:00,25.4,82.7,73.0,104.3,0.94639,406.36899
2025-06-24 01:02:36+07:00,25.4,82.8,73.7,108.4,0.93642,406.36899
2025-06-24 01:03:25+07:00,25.4,82.8,71.3,102.2,0.95644,406.05829
2025-06-24 01:04:15+07:00,25.4,82.9,72.0,100.5,0.96403,406.16043
2025-06-24 01:05:07+07:00,25.4,82.9,75.5,109.0,0.95896,406.25241
2025-06-24 01:06:01+07:00,25.4,82.8,71.2,104.1,0.93642,406.06958
2025-06-24 01:06:50+07:00,25.4,82.9,74.2,109.8,0.95644,406.32214
2025-06-24 01:07:40+07:00,25.4,82.9,73.5,108.1,0.92407,406.11487
2025-06-24 01:08:29+07:00,25.4,83.0,74.2,110.7,0.91186,405.92429
2025-06-24 01:09:18+07:00,25.3,83.0,75.4,110.1,0.93394,406.31049
2025-06-24 01:10:08+07:00,25.3,83.3,74.3,109.7,0.92653,406.02457
2025-06-24 01:10:57+07:00,25.3,83.0,75.4,111.4,0.95644,406.04703
2025-06-24 01:11:46+07:00,25.3,82.9,76.1,113.6,0.95896,406.36899
2025-06-24 01:12:36+07:00,25.4,82.8,76.4,110.8,0.91917,405.89117
2025-06-24 01:13:26+07:00,25.4,82.8,75.3,109.0,0.91429,406.35724
2025-06-24 01:14:15+07:00,25.4,82.5,76.6,115.9,0.90701,405.94644
2025-06-24 01:15:08+07:00,25.4,82.6,76.9,114.3,0.89019,405.82538
2025-06-24 01:15:57+07:00,25.3,83.0,74.2,109.9,0.88781,406.27557
2025-06-24 01:16:47+07:00,25.3,82.9,73.9,108.7,0.93394,406.09216
2025-06-24 01:17:36+07:00,25.2,82.8,75.2,108.6,0.8666,406.1376
2025-06-24 01:18:25+07:00,25.2,83.0,76.4,115.0,0.96149,406.03577
2025-06-24 01:19:15+07:00,25.2,82.9,79.2,122.2,0.96657,406.29883
2025-06-24 01:20:04+07:00,25.2,83.0,82.0,128.5,0.94139,406.04703
2025-06-24 01:20:54+07:00,25.2,83.0,88.0,142.3,0.97936,406.10352
2025-06-24 01:21:43+07:00,25.1,83.2,89.6,138.7,0.90701,406.36899
2025-06-24 01:22:33+07:00,25.1,83.3,88.1,139.7,0.88543,406.36899
2025-06-24 01:23:22+07:00,25.2,83.2,93.4,145.0,0.9514,406.38074
2025-06-24 01:24:12+07:00,25.2,83.1,97.2,153.39999,0.95644,406.11487
2025-06-24 01:25:01+07:00,25.2,83.1,101.7,171.5,0.95392,406.22931
2025-06-24 01:25:50+07:00,25.2,83.1,99.4,166.10001,0.95644,406.21777
2025-06-24 01:26:40+07:00,25.2,83.0,103.3,172.39999,0.96403,406.25241
2025-06-24 01:27:29+07:00,25.2,83.0,99.2,163.60001,0.92407,406.35724
2025-06-24 01:28:21+07:00,25.2,83.1,99.3,164.89999,0.93394,406.34552
2025-06-24 01:29:11+07:00,25.2,82.9,82.9,129.0,0.97167,406.24084
2025-06-24 01:30:00+07:00,25.3,82.8,84.5,132.10001,0.95896,406.16043
2025-06-24 01:30:49+07:00,25.2,82.7,83.0,131.10001,0.97423,406.4043
2025-06-24 01:31:39+07:00,25.2,82.7,82.3,129.3,0.93642,406.29883
2025-06-24 01:32:28+07:00,25.2,82.7,83.5,127.6,0.97167,406.33383
2025-06-24 01:33:18+07:00,25.1,82.8,81.0,128.5,0.94139,406.29883
2025-06-24 01:34:07+07:00,25.1,82.8,78.3,122.2,0.99749,406.04703
2025-06-24 01:34:56+07:00,25.1,82.9,77.9,120.3,0.94639,406.36899
2025-06-24 01:35:46+07:00,25.2,82.8,76.3,115.5,0.92162,406.24084
2025-06-24 01:36:35+07:00,25.2,82.7,78.3,117.8,0.99489,406.34552
2025-06-24 01:37:25+07:00,25.3,82.5,76.3,114.2,0.94139,406.05829
2025-06-24 01:38:14+07:00,25.2,82.7,76.9,111.0,0.91186,406.03577
2025-06-24 01:39:03+07:00,25.3,82.5,74.4,110.3,0.98452,406.1376
2025-06-24 01:39:53+07:00,25.3,82.5,71.9,112.0,0.9389,405.91321
2025-06-24 01:40:42+07:00,25.3,82.5,78.6,118.7,0.96403,406.26398
2025-06-24 01:41:31+07:00,25.3,82.3,82.2,123.9,0.929,405.89117
2025-06-24 01:42:21+07:00,25.3,82.3,85.8,131.60001,0.98194,405.78186
2025-06-24 01:43:10+07:00,25.3,82.4,87.1,132.10001,0.94889,405.77103
2025-06-24 01:43:59+07:00,25.3,82.3,86.4,130.5,0.92407,406.29883
2025-06-24 01:44:49+07:00,25.3,82.4,80.5,119.3,0.97936,406.54721
2025-06-24 01:45:38+07:00,25.2,82.4,77.6,114.8,0.87363,405.92429
2025-06-24 01:46:28+07:00,25.3,82.4,78.1,118.3,0.9389,406.01334
2025-06-24 01:47:17+07:00,25.2,82.5,73.7,110.0,0.89497,406.10352
2025-06-24 01:48:06+07:00,25.2,82.5,75.8,108.9,0.97423,405.90219
2025-06-24 01:48:56+07:00,25.3,82.5,73.2,109.6,0.91917,406.06958
2025-06-24 01:49:45+07:00,25.2,82.4,71.9,109.0,0.9514,405.96866
2025-06-24 01:50:35+07:00,25.2,82.5,70.4,106.2,0.98452,406.11487
2025-06-24 01:51:24+07:00,25.2,82.5,68.2,100.3,0.88781,406.03577
2025-06-24 01:52:13+07:00,25.2,82.5,72.6,107.9,0.96149,405.79272
2025-06-24 01:53:03+07:00,25.3,82.5,72.9,108.1,0.91673,406.06958
2025-06-24 01:53:52+07:00,25.3,82.4,72.5,106.6,0.88781,406.09216
2025-06-24 01:54:42+07:00,25.3,82.4,69.8,105.9,0.94139,406.03577
2025-06-24 01:55:31+07:00,25.2,82.4,71.2,107.5,0.9389,405.94644
2025-06-24 01:56:21+07:00,25.2,82.4,69.6,106.3,0.89019,405.94644
2025-06-24 01:57:10+07:00,25.2,82.3,70.3,102.8,0.93642,405.94644
2025-06-24 01:57:59+07:00,25.2,82.6,72.8,106.6,0.90701,405.81448
2025-06-24 01:58:49+07:00,25.2,82.8,69.8,106.6,0.89019,405.90219
2025-06-24 01:59:38+07:00,25.1,82.8,71.9,106.3,0.94889,405.8363
2025-06-24 02:00:28+07:00,25.2,82.7,72.6,107.6,0.95392,406.24084
2025-06-24 02:01:17+07:00,25.1,82.8,73.8,105.3,0.89497,405.80359
2025-06-24 02:02:10+07:00,25.2,83.0,73.5,109.6,0.91186,405.95755
2025-06-24 02:02:59+07:00,25.1,83.2,72.5,108.3,0.91186,405.89117
2025-06-24 02:03:49+07:00,25.1,83.3,73.4,109.4,0.93642,405.80359
2025-06-24 02:04:38+07:00,25.1,83.2,77.9,117.7,0.87363,406.14902
2025-06-24 02:05:28+07:00,25.2,83.2,77.1,121.2,0.89019,406.10352
2025-06-24 02:06:17+07:00,25.2,83.0,75.7,114.6,0.94139,405.94644
2025-06-24 02:07:06+07:00,25.2,83.1,79.1,118.2,0.93394,406.11487
2025-06-24 02:07:56+07:00,25.1,83.2,76.0,115.4,0.88781,406.21777
2025-06-24 02:08:45+07:00,25.2,83.1,75.8,118.9,0.90218,406.06958
2025-06-24 02:09:35+07:00,25.2,82.8,76.1,111.4,0.97679,406.11487
2025-06-24 02:10:24+07:00,25.2,82.8,77.5,119.0,0.93146,406.42795
2025-06-24 02:11:14+07:00,25.2,82.7,78.8,120.5,1.02919,406.41611
2025-06-24 02:12:03+07:00,25.2,82.9,77.6,118.5,0.99229,406.43979
2025-06-24 02:12:56+07:00,25.2,82.9,80.6,120.3,1.0001,406.46353
2025-06-24 02:13:45+07:00,25.2,82.8,78.3,124.4,0.99489,406.36899
2025-06-24 02:14:34+07:00,25.3,82.6,82.9,123.6,0.97679,406.46353
2025-06-24 02:15:24+07:00,25.3,82.5,83.9,128.3,0.99749,406.65613
2025-06-24 02:16:13+07:00,25.3,82.7,87.0,135.0,1.02385,406.48737
2025-06-24 02:17:02+07:00,25.2,82.7,81.4,125.1,1.06168,406.39252
2025-06-24 02:17:52+07:00,25.2,82.9,81.2,119.7,1.03455,406.61966
2025-06-24 02:18:42+07:00,25.2,83.1,74.6,119.4,1.0001,406.52322
2025-06-24 02:19:31+07:00,25.1,83.2,75.6,116.7,1.02385,406.53522
2025-06-24 02:20:21+07:00,25.1,83.3,77.7,116.2,0.98969,406.80368
2025-06-24 02:21:10+07:00,25.1,83.4,77.3,122.1,0.92162,406.2872
2025-06-24 02:22:00+07:00,25.1,83.5,77.0,117.8,0.99489,406.52322
2025-06-24 02:22:49+07:00,25.1,83.5,77.7,118.1,1.01324,406.35724
2025-06-24 02:24:28+07:00,25.2,83.3,75.7,115.4,0.98194,406.48737
2025-06-24 02:25:20+07:00,25.2,83.1,78.1,117.8,0.98969,406.26398
2025-06-24 02:26:10+07:00,25.2,83.0,77.7,113.6,1.04533,406.64395
2025-06-24 02:26:59+07:00,25.1,83.1,78.5,116.6,1.06993,406.54721
2025-06-24 02:27:48+07:00,25.2,83.1,72.6,112.3,1.05348,406.55923
2025-06-24 02:28:38+07:00,25.2,83.1,79.7,122.4,0.99749,406.60754
2025-06-24 02:29:27+07:00,25.1,83.0,79.9,118.3,1.0001,406.36899
2025-06-24 02:30:17+07:00,25.1,83.2,80.0,121.2,1.04533,406.66833
2025-06-24 02:31:06+07:00,25.1,83.1,75.8,112.1,1.0106,406.80368
2025-06-24 02:31:56+07:00,25.1,82.8,79.4,122.0,1.0106,406.58337
2025-06-24 02:32:45+07:00,25.2,82.7,81.0,120.8,1.02919,406.82855
2025-06-24 02:33:34+07:00,25.2,82.9,76.9,116.2,1.02652,406.66833
2025-06-24 02:34:27+07:00,25.3,82.7,81.9,123.6,0.97679,406.51126
2025-06-24 02:35:16+07:00,25.3,82.5,79.2,119.7,1.02119,406.55923
2025-06-24 02:36:05+07:00,25.3,82.4,81.3,123.1,0.97936,406.48737
2025-06-24 02:36:55+07:00,25.3,82.5,80.4,120.4,0.97679,406.35724
2025-06-24 02:37:44+07:00,25.3,82.7,78.6,122.0,1.05621,406.36899
2025-06-24 02:38:34+07:00,25.2,82.9,77.5,114.4,1.00534,406.39252
2025-06-24 02:39:23+07:00,25.1,82.9,78.4,117.7,0.91186,406.01334
2025-06-24 02:40:13+07:00,25.1,83.2,75.1,114.4,0.98969,405.81448
2025-06-24 02:41:05+07:00,25.1,83.2,75.1,110.3,0.97936,406.35724
2025-06-24 02:41:55+07:00,25.1,83.3,80.7,119.5,0.93642,406.59543
2025-06-24 02:42:44+07:00,25.1,83.4,78.2,117.8,1.01324,406.53522
2025-06-24 02:43:34+07:00,25.1,83.3,79.2,120.3,1.01324,406.27557
2025-06-24 02:44:23+07:00,25.0,83.3,83.4,123.3,0.95644,406.31049
2025-06-24 02:45:13+07:00,25.1,83.4,81.4,122.4,0.99749,406.21777
2025-06-24 02:46:02+07:00,25.1,83.4,79.0,120.3,1.02652,406.36899
2025-06-24 02:46:52+07:00,25.1,83.3,81.3,123.9,0.98969,406.11487
2025-06-24 02:47:45+07:00,25.1,83.4,80.5,120.0,1.00534,406.53522
2025-06-24 02:48:34+07:00,25.1,83.4,78.1,114.7,0.93394,406.4043
2025-06-24 02:49:27+07:00,25.1,83.4,81.4,122.7,0.95644,406.1376
2025-06-24 02:51:13+07:00,25.1,83.4,83.1,127.2,0.96403,406.18332
2025-06-24 02:52:11+07:00,25.0,83.7,82.3,122.5,0.9514,406.45166
2025-06-24 02:53:04+07:00,25.0,83.8,83.3,125.7,1.05621,406.39252
2025-06-24 02:54:06+07:00,25.1,83.9,82.8,126.7,1.00534,406.26398
2025-06-24 02:55:03+07:00,25.0,84.0,82.4,123.3,0.99229,406.47543
2025-06-24 02:55:53+07:00,25.0,83.9,83.6,131.39999,0.99229,406.41611
2025-06-24 02:56:42+07:00,25.0,83.9,87.1,129.60001,1.00797,406.52322
2025-06-24 02:57:32+07:00,25.0,83.9,85.6,128.3,0.95392,406.32214
2025-06-24 02:58:22+07:00,25.0,83.9,85.7,124.1,0.94639,406.31049
2025-06-24 02:59:12+07:00,25.0,83.9,87.2,132.0,0.93146,406.2872
2025-06-24 03:00:05+07:00,24.9,83.9,80.5,122.6,1.08937,406.25241
2025-06-24 03:00:55+07:00,24.9,84.0,87.3,133.10001,0.94889,406.26398
2025-06-24 03:01:44+07:00,24.9,84.1,80.5,127.6,0.96657,406.03577
2025-06-24 03:02:33+07:00,24.9,84.2,78.6,120.9,0.95644,406.2872
2025-06-24 03:03:23+07:00,24.9,84.5,81.7,126.2,0.94889,406.17187
2025-06-24 03:04:12+07:00,24.8,84.6,80.7,126.4,0.93146,405.73862
2025-06-24 03:05:55+07:00,24.8,84.3,81.2,125.4,0.98194,406.39252
2025-06-24 03:06:45+07:00,24.9,84.0,79.8,123.2,0.98194,406.02457
2025-06-24 03:07:34+07:00,24.8,84.0,80.0,120.9,0.9514,406.36899
2025-06-24 03:08:23+07:00,24.8,84.1,81.6,122.8,1.01589,406.27557
2025-06-24 03:09:13+07:00,24.8,83.9,83.3,125.5,0.90459,406.41611
2025-06-24 03:10:02+07:00,24.7,83.9,79.2,117.0,0.96657,406.10352
2025-06-24 03:10:52+07:00,24.7,84.0,77.8,117.0,0.99229,406.24084
2025-06-24 03:11:41+07:00,24.7,84.0,81.3,123.4,0.9514,406.4043
2025-06-24 03:12:31+07:00,24.8,83.9,80.3,121.4,0.94889,406.34552
2025-06-24 03:13:20+07:00,24.8,83.9,82.4,127.0,0.97423,406.24084
2025-06-24 03:14:09+07:00,24.9,84.2,85.5,133.2,0.95392,406.31049
2025-06-24 03:15:02+07:00,24.8,84.2,93.1,145.8,0.96149,406.43979
2025-06-24 03:15:52+07:00,24.9,84.0,93.9,151.8,1.02119,406.4043
2025-06-24 03:16:41+07:00,24.9,84.1,94.8,155.8,0.98194,406.14902
2025-06-24 03:17:33+07:00,24.9,84.4,90.7,151.7,0.9871,406.24084
2025-06-24 03:18:23+07:00,24.9,84.2,92.9,152.39999,1.02652,406.27557
2025-06-24 03:19:16+07:00,25.0,84.1,88.0,149.2,0.99749,406.35724
2025-06-24 03:20:08+07:00,24.9,84.2,93.5,148.7,0.99749,406.12622
2025-06-24 03:20:58+07:00,24.9,84.4,93.8,157.39999,0.96657,406.00214
2025-06-24 03:21:47+07:00,24.9,84.4,92.0,149.10001,0.98969,406.20627
2025-06-24 03:22:36+07:00,24.9,84.5,89.1,141.10001,0.99749,405.97983
2025-06-24 03:23:26+07:00,24.8,84.5,91.0,146.60001,0.91917,406.35724
2025-06-24 03:24:15+07:00,24.8,84.5,88.3,146.39999,0.96403,406.1376
2025-06-24 03:25:05+07:00,24.8,84.6,84.5,132.7,0.93642,406.02457
2025-06-24 03:25:54+07:00,24.9,84.4,84.4,134.10001,0.95392,406.06958
2025-06-24 03:26:43+07:00,24.9,84.4,88.4,136.39999,0.96149,406.09216
2025-06-24 03:27:33+07:00,24.9,84.2,84.8,131.0,0.9514,406.38074
2025-06-24 03:28:23+07:00,24.9,84.4,86.9,142.0,0.96403,406.06958
2025-06-24 03:29:12+07:00,24.8,84.5,85.8,136.2,0.91186,406.09216
2025-06-24 03:30:02+07:00,24.8,84.5,81.6,133.3,0.9514,405.7171
2025-06-24 03:30:51+07:00,24.8,84.4,81.5,130.5,0.98969,406.10352
2025-06-24 03:31:40+07:00,24.9,84.1,83.5,132.0,0.93642,406.00214
2025-06-24 03:32:30+07:00,24.9,84.0,84.2,135.2,0.89497,405.92429
2025-06-24 03:33:19+07:00,24.8,84.2,82.6,132.0,0.98969,406.21777
2025-06-24 03:34:08+07:00,24.8,84.2,97.9,169.0,0.95644,406.1376
2025-06-24 03:34:58+07:00,24.8,84.3,108.4,190.2,0.93642,406.05829
2025-06-24 03:37:26+07:00,24.7,84.7,110.2,198.89999,0.91429,406.1376
2025-06-24 03:38:16+07:00,24.7,84.8,111.3,198.3,0.929,405.79272
2025-06-24 03:39:05+07:00,24.6,84.9,109.7,192.5,0.96149,406.35724
2025-06-24 03:39:54+07:00,24.6,84.9,106.2,182.7,0.90218,406.04703
2025-06-24 03:40:46+07:00,24.7,84.9,107.4,185.39999,0.92653,405.89117
2025-06-24 03:41:36+07:00,24.7,84.7,109.0,184.60001,0.96149,406.14902
2025-06-24 03:42:25+07:00,24.6,84.8,105.2,182.39999,0.97423,406.04703
2025-06-24 03:43:15+07:00,24.6,84.8,94.6,159.8,0.90459,405.95755
2025-06-24 03:44:04+07:00,24.6,84.6,90.1,146.39999,0.91186,405.85818
2025-06-24 03:44:53+07:00,24.6,84.7,85.5,139.7,0.93642,406.12622
2025-06-24 03:45:43+07:00,24.6,84.5,80.6,129.39999,0.88306,406.43979
2025-06-24 03:46:32+07:00,24.7,84.5,76.4,116.8,0.96403,406.03577
2025-06-24 03:47:21+07:00,24.7,84.2,77.7,123.9,0.91673,405.90219
2025-06-24 03:48:11+07:00,24.7,84.4,74.8,116.4,0.90218,405.59991
2025-06-24 03:49:00+07:00,24.7,84.4,77.3,119.2,0.89019,405.93536
2025-06-24 03:49:49+07:00,24.7,84.3,77.2,116.1,0.88306,405.70636
2025-06-24 03:50:39+07:00,24.7,84.4,78.3,115.8,0.9389,405.65292
2025-06-24 03:51:28+07:00,24.7,84.3,80.5,129.7,0.95392,405.67426
2025-06-24 03:52:18+07:00,24.7,84.4,77.1,119.4,0.88781,405.49509
2025-06-24 03:53:07+07:00,24.7,84.2,81.4,125.3,0.8666,405.8363
2025-06-24 03:53:56+07:00,24.7,84.4,78.5,122.2,0.89977,405.73862
2025-06-24 03:54:46+07:00,24.7,84.2,80.8,127.6,0.89497,405.74942
2025-06-24 03:55:35+07:00,24.7,84.3,78.1,122.6,0.88306,405.90219
2025-06-24 03:56:24+07:00,24.7,84.4,81.8,131.10001,0.929,405.80359
2025-06-24 03:57:14+07:00,24.6,84.4,85.0,135.3,0.85268,405.63165
2025-06-24 03:58:03+07:00,24.6,84.4,81.5,131.2,0.91429,405.70636
2025-06-24 03:58:53+07:00,24.7,84.0,81.7,134.10001,0.92162,405.7171
2025-06-24 03:59:42+07:00,24.7,83.9,83.5,135.8,0.89019,405.77103
2025-06-24 04:00:32+07:00,24.8,83.8,78.3,124.3,0.87363,405.76022
2025-06-24 04:01:21+07:00,24.8,83.8,77.9,123.1,0.9389,405.5683
2025-06-24 04:02:10+07:00,24.8,83.6,76.6,120.5,0.92407,405.5473
2025-06-24 04:03:00+07:00,24.9,83.6,73.7,113.3,0.89737,405.5368
2025-06-24 04:03:49+07:00,24.9,83.6,81.7,136.0,0.86427,405.74942
2025-06-24 04:04:39+07:00,24.8,83.5,77.5,122.1,0.91429,405.63165
2025-06-24 04:05:28+07:00,24.8,83.6,76.1,121.7,0.87128,405.57883
2025-06-24 04:06:17+07:00,24.8,83.6,75.7,117.9,0.8807,405.7171
2025-06-24 04:07:07+07:00,24.8,83.7,77.7,122.4,0.8666,405.32059
2025-06-24 04:07:56+07:00,24.7,83.9,76.8,119.2,0.85038,405.62106
2025-06-24 04:08:45+07:00,24.7,84.0,77.7,120.5,0.88781,405.59991
2025-06-24 04:09:35+07:00,24.6,84.1,79.8,128.39999,0.82762,405.5368
2025-06-24 04:10:24+07:00,24.6,84.2,78.9,124.8,0.92162,405.58936
2025-06-24 04:11:14+07:00,24.6,84.4,78.4,122.5,0.87363,405.48468
2025-06-24 04:12:03+07:00,24.6,84.2,78.9,120.8,0.85962,405.42267
2025-06-24 04:12:53+07:00,24.6,84.3,77.5,117.3,0.87128,405.5683
2025-06-24 04:13:42+07:00,24.6,84.2,71.8,111.4,0.85038,405.6423
2025-06-24 04:14:31+07:00,24.6,84.1,74.6,118.6,0.89977,405.94644
2025-06-24 04:15:21+07:00,24.7,84.1,79.0,122.2,0.84122,405.63165
2025-06-24 04:16:10+07:00,24.7,84.0,80.9,132.2,0.89019,405.65292
2025-06-24 04:16:59+07:00,24.7,83.9,81.5,130.0,0.84122,405.76022
2025-06-24 04:17:49+07:00,24.7,84.0,84.0,133.7,0.85038,405.52637
2025-06-24 04:18:38+07:00,24.6,84.2,83.3,127.4,0.90218,405.42267
2025-06-24 04:19:27+07:00,24.6,84.2,81.0,129.0,0.88306,405.70636
2025-06-24 04:20:17+07:00,24.6,84.3,81.4,123.7,0.84808,405.51593
2025-06-24 04:21:06+07:00,24.6,84.2,79.4,123.8,0.87833,405.55777
2025-06-24 04:21:55+07:00,24.6,84.3,81.2,126.6,0.89258,405.73862
2025-06-24 04:22:45+07:00,24.7,84.3,80.7,125.3,0.8666,405.77103
2025-06-24 04:23:34+07:00,24.7,84.2,79.2,125.4,0.81865,405.76022
2025-06-24 04:24:24+07:00,24.6,84.4,79.5,122.5,0.87363,405.5473
2025-06-24 04:25:13+07:00,24.6,84.6,79.3,122.4,0.86894,405.69565
2025-06-24 04:26:02+07:00,24.6,84.7,78.3,120.9,0.88306,405.66357
2025-06-24 04:26:52+07:00,24.6,84.5,78.5,126.8,0.88543,405.67426
2025-06-24 04:27:41+07:00,24.6,84.7,77.1,122.2,0.88306,405.51593
2025-06-24 04:28:30+07:00,24.6,84.7,79.7,122.9,0.87363,405.65292
2025-06-24 04:29:20+07:00,24.5,85.0,78.4,121.0,0.86427,405.5368
2025-06-24 04:30:09+07:00,24.4,85.2,79.4,122.8,0.8666,405.59991
2025-06-24 04:30:59+07:00,24.4,85.3,78.0,121.1,0.90701,405.61047
2025-06-24 04:31:48+07:00,24.4,84.8,78.7,120.5,0.8666,405.72784
2025-06-24 04:32:37+07:00,24.5,84.9,76.3,121.2,0.91917,405.61047
2025-06-24 04:33:27+07:00,24.5,84.8,80.6,129.7,0.8435,405.63165
2025-06-24 04:34:16+07:00,24.5,85.1,83.5,127.7,0.80314,405.70636
2025-06-24 04:35:05+07:00,24.5,84.8,93.2,143.3,0.84122,405.63165
2025-06-24 04:35:55+07:00,24.6,84.7,91.2,139.3,0.8344,405.78186
2025-06-24 04:36:44+07:00,24.5,84.9,95.2,142.8,0.89977,405.74942
2025-06-24 04:37:33+07:00,24.5,85.1,93.1,137.7,0.84122,405.77103
2025-06-24 04:38:23+07:00,24.4,85.1,87.1,133.0,0.87833,405.66357
2025-06-24 04:39:12+07:00,24.4,85.3,89.2,139.0,0.85038,405.59991
2025-06-24 04:40:02+07:00,24.4,85.2,87.2,134.5,0.85499,405.62106
2025-06-24 04:40:51+07:00,24.4,85.2,88.9,135.89999,0.89019,405.69565
2025-06-24 04:41:40+07:00,24.4,85.4,86.1,132.2,0.82762,405.62106
2025-06-24 04:42:30+07:00,24.4,85.4,87.1,136.2,0.86194,405.57883
2025-06-24 04:43:19+07:00,24.3,85.4,89.6,143.89999,0.8573,405.45361
2025-06-24 04:44:08+07:00,24.3,85.6,87.0,142.2,0.8573,405.72784
2025-06-24 04:44:58+07:00,24.3,85.7,89.9,147.3,0.86427,405.70636
2025-06-24 04:45:47+07:00,24.3,85.6,91.1,157.7,0.86894,405.67426
2025-06-24 04:46:37+07:00,24.3,85.7,92.3,149.3,0.85962,405.62106
2025-06-24 04:47:26+07:00,24.3,85.7,90.4,145.8,0.8435,405.59991
2025-06-24 04:48:15+07:00,24.3,85.9,86.6,142.89999,0.82089,405.62106
2025-06-24 04:49:05+07:00,24.3,86.0,85.1,134.3,0.82762,405.62106
2025-06-24 04:49:54+07:00,24.2,86.1,81.6,128.8,0.8666,405.61047
2025-06-24 04:50:44+07:00,24.2,86.2,84.4,128.60001,0.89977,405.5473
2025-06-24 04:51:33+07:00,24.2,86.1,85.8,133.60001,0.85038,405.61047
2025-06-24 04:52:22+07:00,24.2,86.3,84.3,129.0,0.96912,405.67426
2025-06-24 04:53:12+07:00,24.2,86.4,80.4,121.1,0.85962,405.62106
2025-06-24 04:54:01+07:00,24.2,86.4,84.3,128.2,0.81865,405.93536
2025-06-24 04:54:51+07:00,24.2,86.5,83.7,129.39999,0.88306,405.65292
2025-06-24 04:55:40+07:00,24.3,86.2,80.8,123.7,0.8666,405.80359
2025-06-24 04:56:29+07:00,24.4,85.6,84.3,126.6,0.89497,405.66357
2025-06-24 04:57:19+07:00,24.4,85.4,84.4,130.10001,0.87833,405.55777
2025-06-24 04:58:08+07:00,24.6,85.1,81.4,124.5,0.87598,405.70636
2025-06-24 04:58:57+07:00,24.6,84.7,80.0,129.10001,0.87598,405.73862
2025-06-24 04:59:47+07:00,24.7,84.5,84.2,128.10001,0.89737,405.62106
2025-06-24 05:00:36+07:00,24.7,84.5,86.2,133.0,0.83667,405.88016
2025-06-24 05:01:25+07:00,24.6,84.6,83.8,128.5,0.86894,406.11487
2025-06-24 05:02:15+07:00,24.6,84.7,82.8,130.60001,0.8344,405.86917
2025-06-24 05:03:04+07:00,24.6,84.6,82.8,129.8,0.91673,405.92429
2025-06-24 05:03:54+07:00,24.7,84.4,85.1,129.39999,0.85962,405.91321
2025-06-24 05:04:43+07:00,24.6,84.4,85.9,135.2,0.86894,405.92429
2025-06-24 05:05:32+07:00,24.6,84.6,83.6,131.39999,0.87363,405.8363
2025-06-24 05:06:24+07:00,24.6,84.6,84.1,127.7,0.91673,405.76022
2025-06-24 05:07:14+07:00,24.6,84.5,82.1,129.89999,0.89258,405.72784
2025-06-24 05:08:03+07:00,24.6,84.4,83.7,131.3,0.88306,405.62106
2025-06-24 05:08:53+07:00,24.5,84.5,82.3,129.39999,0.8807,405.77103
2025-06-24 05:09:42+07:00,24.5,84.6,81.4,126.0,0.90218,405.80359
2025-06-24 05:10:31+07:00,24.5,84.8,82.4,125.9,0.89737,405.74942
2025-06-24 05:11:21+07:00,24.4,85.2,81.8,126.7,0.90459,405.76022
2025-06-24 05:12:10+07:00,24.4,85.1,81.2,128.0,0.88543,405.65292
2025-06-24 05:12:59+07:00,24.4,85.2,79.6,125.0,0.91429,405.65292
2025-06-24 05:13:49+07:00,24.3,85.3,81.0,127.1,0.89737,405.76022
2025-06-24 05:14:38+07:00,24.3,85.4,81.5,127.0,0.88543,405.5683
2025-06-24 05:15:28+07:00,24.3,85.6,80.7,122.3,0.86894,405.5683
2025-06-24 05:16:17+07:00,24.3,85.6,78.2,126.1,0.86194,405.62106
2025-06-24 05:17:06+07:00,24.3,85.6,83.8,131.89999,0.91673,405.63165
2025-06-24 05:17:56+07:00,24.2,85.7,81.7,128.89999,0.93394,405.66357
2025-06-24 05:18:45+07:00,24.2,85.9,83.5,125.6,0.82537,405.6423
2025-06-24 05:19:34+07:00,24.2,85.8,78.7,123.5,0.86427,405.68494
2025-06-24 05:20:24+07:00,24.2,85.9,83.3,127.7,0.89737,405.79272
2025-06-24 05:21:13+07:00,24.2,86.0,81.3,126.4,0.90943,405.70636
2025-06-24 05:22:06+07:00,24.2,86.1,81.8,133.10001,0.89258,405.5473
2025-06-24 05:22:59+07:00,24.2,86.3,83.9,126.9,0.90459,405.62106
2025-06-24 05:23:52+07:00,24.2,86.3,82.9,129.0,0.89019,405.65292
2025-06-24 05:24:41+07:00,24.1,86.5,83.7,130.0,0.87128,405.73862
2025-06-24 05:25:36+07:00,24.2,86.5,85.2,128.8,0.88306,405.65292
2025-06-24 05:26:29+07:00,24.1,86.6,81.3,122.8,0.93394,405.80359
2025-06-24 05:27:27+07:00,24.1,86.6,83.8,131.10001,0.80314,405.76022
2025-06-24 05:28:21+07:00,24.2,86.5,84.7,133.5,0.8573,405.73862
2025-06-24 05:29:11+07:00,24.1,86.6,81.4,123.7,0.87833,405.7171
2025-06-24 05:30:00+07:00,24.1,86.7,85.1,133.39999,0.87363,405.6423
2025-06-24 05:30:49+07:00,24.1,86.5,80.9,127.1,0.92653,406.00214
2025-06-24 05:31:39+07:00,24.1,86.5,84.0,132.5,0.88781,406.16043
2025-06-24 05:33:17+07:00,24.2,86.5,84.3,127.7,0.93146,406.17187
2025-06-24 05:34:07+07:00,24.2,86.4,86.2,128.0,0.88306,406.19479
2025-06-24 05:34:56+07:00,24.2,86.4,82.6,131.10001,0.8573,405.85818
2025-06-24 05:35:46+07:00,24.2,86.3,83.7,129.39999,0.94389,405.80359
2025-06-24 05:36:35+07:00,24.3,85.9,81.8,132.3,0.86894,405.8363
2025-06-24 05:37:25+07:00,24.4,85.5,82.3,132.10001,0.93642,405.76022
2025-06-24 05:38:17+07:00,24.4,85.1,83.7,129.2,0.87598,405.76022
2025-06-24 05:39:06+07:00,24.4,85.1,87.6,136.2,0.89737,405.84723
2025-06-24 05:39:56+07:00,24.4,85.0,83.4,127.0,0.84122,405.70636
2025-06-24 05:40:45+07:00,24.4,85.0,87.8,134.89999,0.89737,405.74942
2025-06-24 05:41:35+07:00,24.3,85.2,84.6,132.89999,0.87833,405.6423
2025-06-24 05:42:27+07:00,24.3,85.1,86.4,131.8,0.92407,405.81448
2025-06-24 05:43:17+07:00,24.2,85.2,90.1,137.39999,0.93394,405.89117
2025-06-24 05:44:06+07:00,24.2,85.2,90.1,144.5,0.89737,405.94644
2025-06-24 05:44:55+07:00,24.2,85.2,88.8,140.39999,0.929,406.39252
2025-06-24 05:45:45+07:00,24.2,85.2,89.2,137.60001,0.91186,405.89117
2025-06-24 05:46:34+07:00,24.2,85.2,88.8,140.7,1.01589,406.06958
2025-06-24 05:47:23+07:00,24.1,85.2,89.6,141.89999,0.92653,406.08087
2025-06-24 05:48:13+07:00,24.1,85.2,88.8,142.39999,0.97167,405.96866
2025-06-24 05:49:02+07:00,24.2,85.1,91.0,144.89999,0.92407,405.95755
2025-06-24 05:49:52+07:00,24.2,85.2,89.3,141.5,1.03455,406.00214
2025-06-24 05:50:41+07:00,24.1,85.1,90.0,138.89999,0.89737,406.09216
2025-06-24 05:51:30+07:00,24.1,85.2,88.2,141.5,0.87598,406.20627
2025-06-24 05:52:20+07:00,24.1,85.2,87.6,143.89999,0.92162,405.96866
2025-06-24 05:53:09+07:00,24.1,85.3,89.3,144.39999,0.8807,405.97983
2025-06-24 05:53:59+07:00,24.2,85.0,87.0,142.89999,0.93146,405.89117
2025-06-24 05:54:48+07:00,24.2,84.8,88.8,148.10001,0.91673,405.93536
2025-06-24 05:55:38+07:00,24.1,85.0,91.8,150.3,0.91186,405.97983
2025-06-24 05:56:27+07:00,24.1,85.1,91.9,145.5,0.96149,405.67426
2025-06-24 05:57:17+07:00,24.1,85.2,87.9,146.0,0.93642,406.03577
2025-06-24 05:58:10+07:00,24.1,85.3,89.4,139.39999,0.90701,406.1376
2025-06-24 05:59:00+07:00,24.0,85.4,94.7,152.5,0.92407,405.99097
2025-06-24 05:59:49+07:00,24.1,85.4,95.1,149.60001,0.90459,405.84723
2025-06-24 06:00:39+07:00,24.1,85.4,95.7,154.3,0.90943,406.02457
2025-06-24 06:01:29+07:00,24.1,85.4,93.8,151.7,0.9871,406.16043
2025-06-24 06:02:18+07:00,24.1,85.2,92.4,145.89999,1.03187,406.10352
2025-06-24 06:03:08+07:00,24.1,85.3,94.0,146.3,0.94139,406.04703
2025-06-24 06:03:57+07:00,24.0,85.3,90.6,147.0,0.99749,406.05829
2025-06-24 06:04:47+07:00,24.0,85.2,95.6,151.3,0.93394,406.04703
2025-06-24 06:05:36+07:00,24.1,85.1,95.9,150.8,0.97936,405.84723
2025-06-24 06:06:26+07:00,24.1,85.0,97.6,150.5,0.93146,406.00214
2025-06-24 06:07:15+07:00,24.1,85.2,93.9,151.60001,1.02119,406.1376
2025-06-24 06:08:04+07:00,24.1,85.0,94.6,148.7,0.92653,406.17187
2025-06-24 06:08:54+07:00,24.1,85.1,91.2,145.10001,0.88781,405.84723
2025-06-24 06:09:43+07:00,24.1,85.1,94.7,149.89999,0.95896,406.06958
2025-06-24 06:10:33+07:00,24.1,85.1,96.3,149.2,0.96912,406.11487
2025-06-24 06:11:22+07:00,24.1,85.2,93.6,150.60001,0.99489,406.04703
2025-06-24 06:12:12+07:00,24.1,85.2,96.5,155.10001,0.9514,406.4993
2025-06-24 06:13:01+07:00,24.1,85.3,98.8,155.10001,0.94889,406.12622
2025-06-24 06:13:50+07:00,24.1,85.4,96.5,155.2,0.91673,406.12622
2025-06-24 06:14:40+07:00,24.1,85.4,97.4,156.60001,0.96149,406.09216
2025-06-24 06:15:29+07:00,24.0,85.6,96.8,159.2,0.92162,406.25241
2025-06-24 06:16:19+07:00,24.1,85.4,93.5,146.39999,0.94889,406.33383
2025-06-24 06:17:08+07:00,24.1,85.3,94.1,152.10001,0.96657,405.95755
2025-06-24 06:17:57+07:00,24.2,85.1,95.4,152.89999,0.99229,406.12622
2025-06-24 06:18:47+07:00,24.1,85.0,99.8,154.5,0.93146,406.24084
2025-06-24 06:19:36+07:00,24.1,85.0,95.5,157.2,0.98452,406.05829
2025-06-24 06:20:25+07:00,24.1,85.0,95.4,150.60001,0.96657,406.17187
2025-06-24 06:21:18+07:00,24.2,84.8,94.3,152.7,0.95896,406.16043
2025-06-24 06:22:10+07:00,24.2,84.7,98.6,157.2,0.97167,406.31049
2025-06-24 06:22:59+07:00,24.2,84.7,95.6,150.7,0.97167,405.97983
2025-06-24 06:23:49+07:00,24.2,84.7,97.7,158.89999,0.95644,406.68054
2025-06-24 06:24:38+07:00,24.2,84.6,98.2,156.8,1.01589,406.87848
2025-06-24 06:25:28+07:00,24.2,84.5,97.4,156.89999,1.01854,406.80368
2025-06-24 06:26:17+07:00,24.2,84.5,102.8,166.3,1.01854,406.8161
2025-06-24 06:27:56+07:00,24.3,84.3,103.4,164.60001,1.06168,406.95395
2025-06-24 06:28:45+07:00,24.2,84.6,105.6,167.60001,1.06717,406.43979
2025-06-24 06:29:34+07:00,24.1,84.9,108.5,165.10001,1.00534,406.55923
2025-06-24 06:30:24+07:00,24.1,84.9,111.3,170.5,1.03724,406.52322
2025-06-24 06:31:13+07:00,24.1,85.0,108.3,167.10001,1.01589,406.59543
2025-06-24 06:32:52+07:00,24.2,84.6,114.5,168.5,0.99229,406.64395
2025-06-24 06:33:44+07:00,24.2,84.5,117.1,174.2,1.00797,406.70502
2025-06-24 06:34:34+07:00,24.2,84.7,117.7,177.60001,1.02119,406.91614
2025-06-24 06:35:23+07:00,24.3,84.5,117.3,178.7,1.08379,406.82855
2025-06-24 06:36:12+07:00,24.3,84.5,115.0,181.7,1.06442,406.72958
2025-06-24 06:37:02+07:00,24.2,84.5,113.1,178.5,1.02919,406.65613
2025-06-24 06:38:40+07:00,24.3,84.5,124.6,190.5,1.11194,406.80368
2025-06-24 06:39:30+07:00,24.3,84.4,128.3,189.89999,1.08937,406.68054
2025-06-24 06:40:19+07:00,24.3,84.4,131.10001,193.7,1.06442,406.87848
2025-06-24 06:41:09+07:00,24.2,84.3,132.5,203.3,1.0001,406.71729
2025-06-24 06:41:58+07:00,24.2,84.5,131.10001,192.2,1.00797,406.61966
2025-06-24 06:42:47+07:00,24.2,84.6,126.5,189.8,1.05894,406.87848
2025-06-24 06:43:37+07:00,24.2,84.8,126.4,191.10001,1.04804,406.76654
2025-06-24 06:44:26+07:00,24.2,84.9,128.10001,189.89999,1.03187,406.71729
2025-06-24 06:45:16+07:00,24.2,84.8,127.6,190.3,1.081,406.841
2025-06-24 06:46:05+07:00,24.2,84.8,122.0,177.39999,1.03724,406.65613
2025-06-24 06:46:54+07:00,24.3,84.8,119.9,177.10001,1.08937,406.68054
2025-06-24 06:47:44+07:00,24.2,84.7,125.3,186.8,1.03187,406.92871
2025-06-24 06:48:33+07:00,24.3,84.8,139.0,200.7,1.06993,406.80368
2025-06-24 06:49:22+07:00,24.3,84.5,139.89999,201.3,1.01324,406.82855
2025-06-24 06:50:12+07:00,24.3,84.4,141.5,207.0,1.04804,406.7789
2025-06-24 06:51:05+07:00,24.4,84.5,135.0,196.89999,1.03993,406.55923
2025-06-24 06:51:54+07:00,24.3,84.5,144.7,204.5,1.07269,406.61966
2025-06-24 06:53:40+07:00,24.4,84.3,131.3,190.3,1.02385,406.61966
2025-06-24 06:54:30+07:00,24.4,84.1,132.5,191.3,1.02385,406.8161
2025-06-24 06:55:19+07:00,24.4,83.9,123.7,183.5,1.00797,406.69278
2025-06-24 06:56:08+07:00,24.4,83.9,113.6,167.5,1.0001,406.7789
2025-06-24 06:56:58+07:00,24.4,83.8,114.1,167.8,1.00534,406.4993
2025-06-24 06:58:39+07:00,24.5,83.7,107.3,159.60001,1.01324,406.48737
