created_at,entry_id,field1,field2,field3,field4,field5,field6
2025-06-15 19:24:22+07:00,219,26.60000,73.60000,19.10000,24.70000,,
2025-06-15 19:25:12+07:00,220,26.60000,73.50000,19.20000,25.90000,,
2025-06-15 19:26:01+07:00,221,26.60000,73.60000,19.10000,24.60000,,
2025-06-15 19:26:51+07:00,222,26.60000,73.60000,19.10000,24.50000,,
2025-06-15 19:27:40+07:00,223,26.60000,73.60000,19.00000,25.30000,,
2025-06-15 19:28:30+07:00,224,26.60000,73.60000,18.90000,24.70000,,
2025-06-15 19:29:20+07:00,225,26.70000,73.70000,20.00000,26.20000,,
2025-06-15 19:30:10+07:00,226,26.70000,73.60000,19.10000,23.70000,,
2025-06-15 19:31:00+07:00,227,26.60000,73.70000,18.90000,26.10000,,
2025-06-15 19:31:49+07:00,228,26.60000,73.80000,19.40000,25.20000,,
2025-06-15 19:32:39+07:00,229,26.60000,73.80000,18.90000,24.20000,,
2025-06-15 19:33:29+07:00,230,26.60000,73.80000,19.60000,24.00000,,
2025-06-15 19:34:18+07:00,231,26.70000,73.90000,19.60000,25.80000,,
2025-06-15 19:35:07+07:00,232,26.70000,73.90000,18.90000,25.60000,,
2025-06-15 19:35:57+07:00,233,26.70000,73.90000,19.70000,27.20000,,
2025-06-15 19:36:49+07:00,234,26.70000,74.00000,19.70000,25.90000,,
2025-06-15 19:37:38+07:00,235,26.70000,74.00000,18.90000,24.50000,,
2025-06-15 19:38:31+07:00,236,26.70000,74.00000,19.40000,26.00000,,
2025-06-15 19:39:21+07:00,237,26.70000,74.00000,20.30000,26.90000,,
2025-06-15 19:40:10+07:00,238,26.70000,74.00000,19.10000,25.90000,,
2025-06-15 19:41:04+07:00,239,26.70000,74.00000,19.80000,26.00000,,
2025-06-15 19:41:54+07:00,240,26.70000,74.10000,19.70000,27.00000,,
2025-06-15 19:42:44+07:00,241,26.70000,74.10000,20.30000,25.80000,,
2025-06-15 19:43:34+07:00,242,26.70000,74.20000,19.30000,24.70000,,
2025-06-15 19:44:23+07:00,243,26.70000,74.20000,19.40000,25.30000,,
2025-06-15 19:45:17+07:00,244,26.70000,74.30000,19.90000,25.10000,,
2025-06-15 19:46:08+07:00,245,26.70000,74.30000,19.70000,27.80000,,
2025-06-15 19:46:59+07:00,246,26.70000,74.20000,19.70000,24.60000,,
2025-06-15 19:47:53+07:00,247,26.70000,74.30000,19.80000,26.80000,,
2025-06-15 19:48:43+07:00,248,26.70000,74.30000,20.50000,27.10000,,
2025-06-15 19:49:33+07:00,249,26.70000,74.20000,20.40000,27.60000,,
2025-06-15 19:50:23+07:00,250,26.70000,74.30000,19.50000,24.90000,,
2025-06-15 19:51:14+07:00,251,26.70000,74.30000,20.00000,25.70000,,
2025-06-15 19:52:07+07:00,252,26.70000,74.40000,19.70000,26.90000,,
2025-06-15 19:52:59+07:00,253,26.70000,74.50000,19.20000,26.40000,,
2025-06-15 19:53:49+07:00,254,26.70000,74.50000,20.50000,26.50000,,
2025-06-15 19:54:40+07:00,255,26.70000,74.50000,19.90000,27.10000,,
2025-06-15 19:55:30+07:00,256,26.70000,74.40000,20.20000,27.30000,,
2025-06-15 19:56:19+07:00,257,26.70000,74.50000,19.70000,25.70000,,
2025-06-15 19:57:09+07:00,258,26.70000,74.50000,20.20000,27.30000,,
2025-06-15 19:57:59+07:00,259,26.70000,74.60000,20.60000,27.30000,,
2025-06-15 19:58:49+07:00,260,26.70000,74.60000,20.10000,27.50000,,
2025-06-15 19:59:39+07:00,261,26.70000,74.60000,20.20000,26.90000,,
2025-06-15 20:00:29+07:00,262,26.70000,74.50000,20.60000,26.50000,,
2025-06-15 20:01:19+07:00,263,26.70000,74.50000,20.70000,28.40000,,
2025-06-15 20:02:10+07:00,264,26.70000,74.60000,20.30000,27.20000,,
2025-06-15 20:03:00+07:00,265,26.70000,74.60000,20.20000,26.00000,,
2025-06-15 20:03:53+07:00,266,26.70000,74.60000,19.80000,28.30000,,
2025-06-15 20:04:43+07:00,267,26.70000,74.60000,20.50000,26.40000,,
2025-06-15 20:05:32+07:00,268,26.70000,74.70000,20.70000,29.40000,,
2025-06-15 20:06:27+07:00,269,26.70000,74.70000,19.80000,26.70000,,
2025-06-15 20:07:17+07:00,270,26.70000,74.70000,20.80000,27.30000,,
2025-06-15 20:08:07+07:00,271,26.70000,74.70000,20.80000,27.50000,,
2025-06-15 20:08:59+07:00,272,26.70000,74.80000,20.40000,27.30000,,
2025-06-15 20:09:49+07:00,273,26.70000,74.80000,21.20000,28.90000,,
2025-06-15 20:10:42+07:00,274,26.70000,74.80000,20.50000,27.50000,,
2025-06-15 20:11:34+07:00,275,26.70000,74.70000,20.70000,27.30000,,
2025-06-15 20:12:24+07:00,276,26.70000,74.70000,20.10000,25.20000,,
2025-06-15 20:13:14+07:00,277,26.70000,74.80000,20.70000,27.40000,,
2025-06-15 20:14:04+07:00,278,26.70000,74.80000,21.10000,29.30000,,
2025-06-15 20:14:56+07:00,279,26.70000,74.80000,20.20000,26.80000,17142.32227,0.78733
2025-06-15 20:15:46+07:00,280,26.70000,74.80000,20.60000,28.60000,,
2025-06-15 20:16:36+07:00,281,26.70000,74.90000,20.20000,27.70000,,
2025-06-15 20:17:26+07:00,282,26.70000,74.80000,21.20000,29.40000,,
2025-06-15 20:18:16+07:00,283,26.80000,74.80000,20.90000,27.20000,,
2025-06-15 20:19:06+07:00,284,26.80000,74.90000,20.30000,28.10000,,
2025-06-15 20:19:56+07:00,285,26.80000,74.80000,20.30000,26.10000,,
2025-06-15 20:20:45+07:00,286,26.80000,74.90000,20.50000,27.30000,,
2025-06-15 20:21:35+07:00,287,26.80000,74.90000,20.90000,30.90000,,
2025-06-15 20:22:24+07:00,288,26.80000,74.90000,21.00000,27.00000,,
2025-06-15 20:23:18+07:00,289,26.80000,74.80000,20.50000,28.40000,,
2025-06-15 20:24:08+07:00,290,26.80000,75.00000,20.40000,26.30000,,
2025-06-15 20:24:58+07:00,291,26.80000,75.00000,20.30000,28.50000,,
2025-06-15 20:25:47+07:00,292,26.80000,75.00000,20.70000,28.10000,,
2025-06-15 20:26:43+07:00,293,26.80000,75.00000,20.80000,28.50000,,
2025-06-15 20:28:34+07:00,294,26.80000,75.10000,20.80000,28.00000,,
2025-06-15 20:30:23+07:00,295,26.80000,75.20000,20.90000,29.60000,,
2025-06-15 20:31:16+07:00,296,26.80000,75.30000,20.70000,30.50000,,
2025-06-15 20:32:12+07:00,297,26.80000,75.30000,21.20000,28.80000,,
2025-06-15 20:33:08+07:00,298,26.80000,75.30000,20.60000,27.40000,,
2025-06-15 20:34:00+07:00,299,26.80000,75.40000,21.70000,28.80000,,
2025-06-15 20:34:50+07:00,300,26.80000,75.40000,21.30000,30.20000,,
2025-06-15 20:35:42+07:00,301,26.80000,75.30000,21.50000,30.30000,,
2025-06-15 20:36:32+07:00,302,26.80000,75.30000,20.60000,28.20000,,
2025-06-15 20:37:21+07:00,303,26.80000,75.30000,21.40000,28.90000,,
2025-06-15 20:38:11+07:00,304,26.80000,75.30000,21.10000,30.50000,,
2025-06-15 20:39:01+07:00,305,26.80000,75.30000,20.20000,27.80000,,
2025-06-15 20:40:56+07:00,306,26.80000,75.20000,21.20000,30.10000,,
2025-06-15 20:41:48+07:00,307,26.80000,75.30000,21.00000,29.10000,,
2025-06-15 20:43:42+07:00,308,26.80000,75.30000,21.00000,27.50000,,
2025-06-15 20:44:40+07:00,309,26.80000,75.40000,20.90000,30.10000,,
2025-06-15 20:46:31+07:00,310,26.80000,75.50000,21.10000,28.60000,17142.32227,0.77484
2025-06-15 20:47:21+07:00,311,26.80000,75.50000,21.30000,30.60000,,
2025-06-15 20:48:17+07:00,312,26.80000,75.50000,21.00000,30.60000,,
2025-06-15 20:52:10+07:00,313,26.80000,75.50000,21.50000,28.20000,,
2025-06-15 20:54:08+07:00,314,26.80000,75.50000,21.70000,31.10000,,
2025-06-15 20:57:03+07:00,315,26.80000,75.60000,21.30000,29.50000,,
2025-06-15 20:58:52+07:00,316,26.80000,75.60000,21.30000,30.20000,17142.32227,0.77685
2025-06-15 21:00:47+07:00,317,26.80000,75.70000,20.50000,27.90000,17142.32227,0.77443
2025-06-15 21:02:37+07:00,318,26.80000,75.80000,21.70000,30.20000,,
2025-06-15 21:03:31+07:00,319,26.80000,75.80000,22.10000,31.40000,,
2025-06-15 21:04:26+07:00,320,26.80000,75.80000,22.10000,30.50000,17142.32227,0.77161
2025-06-15 21:05:26+07:00,321,26.80000,75.80000,21.50000,29.10000,,
2025-06-15 21:08:18+07:00,322,26.80000,75.90000,21.00000,30.40000,,
2025-06-15 21:10:04+07:00,323,26.80000,75.90000,21.60000,28.50000,,
2025-06-15 21:11:01+07:00,324,26.80000,75.90000,21.50000,30.30000,,
2025-06-15 21:14:47+07:00,325,26.80000,76.00000,21.50000,29.20000,,
2025-06-15 21:15:43+07:00,326,26.80000,76.10000,22.10000,30.20000,,
2025-06-15 21:16:39+07:00,327,26.80000,76.10000,21.70000,30.20000,,
2025-06-15 21:17:35+07:00,328,26.80000,76.10000,23.10000,30.20000,,
2025-06-15 21:19:33+07:00,329,26.80000,76.00000,22.10000,30.30000,17142.32227,0.76516
2025-06-15 21:21:25+07:00,330,26.80000,76.10000,22.40000,29.60000,17142.32227,0.76799
2025-06-15 21:22:24+07:00,331,26.80000,76.10000,22.80000,31.40000,,
2025-06-15 21:23:21+07:00,332,26.80000,76.10000,22.30000,29.30000,17142.32227,0.76758
2025-06-15 21:25:28+07:00,333,26.80000,76.10000,22.00000,30.20000,,
2025-06-15 21:26:24+07:00,334,26.80000,76.20000,22.30000,32.10000,,
2025-06-15 21:31:09+07:00,335,26.80000,76.40000,23.10000,32.10000,,
2025-06-15 21:33:59+07:00,336,26.80000,76.20000,22.60000,31.50000,,
2025-06-15 21:36:54+07:00,337,26.80000,76.30000,22.50000,29.50000,17142.32227,0.76678
2025-06-15 21:38:53+07:00,338,26.80000,76.40000,23.40000,31.30000,,
2025-06-15 21:39:52+07:00,339,26.80000,76.30000,22.70000,30.50000,,
2025-06-15 21:44:37+07:00,340,26.80000,76.50000,23.90000,33.70000,,
2025-06-15 21:45:28+07:00,341,26.80000,76.40000,22.80000,31.10000,,
2025-06-15 21:46:20+07:00,342,26.80000,76.40000,24.00000,34.10000,17142.32227,0.76194
2025-06-15 21:47:14+07:00,343,26.80000,76.50000,23.10000,31.10000,17142.32227,0.76194
2025-06-15 21:52:12+07:00,344,26.80000,76.60000,22.90000,33.20000,,
2025-06-15 21:59:45+07:00,345,26.80000,76.60000,24.10000,31.60000,,
2025-06-15 22:00:42+07:00,346,26.80000,76.80000,25.00000,33.70000,,
2025-06-15 22:01:36+07:00,347,26.80000,76.70000,24.60000,32.10000,,
2025-06-15 22:03:34+07:00,348,26.80000,76.80000,24.80000,33.40000,,
2025-06-15 22:06:26+07:00,349,26.80000,76.80000,24.40000,32.80000,,
2025-06-15 22:07:20+07:00,350,26.80000,76.80000,23.60000,32.00000,17142.32227,0.76033
2025-06-15 22:08:17+07:00,351,26.80000,76.80000,23.20000,31.20000,,
2025-06-15 22:10:11+07:00,352,26.80000,76.90000,25.00000,33.60000,17142.32227,0.75791
2025-06-15 22:12:10+07:00,353,26.80000,76.90000,24.60000,33.80000,,
2025-06-15 22:15:01+07:00,354,26.80000,76.90000,25.20000,36.10000,,
2025-06-15 22:15:57+07:00,355,26.80000,76.90000,25.20000,34.20000,17142.32227,0.75308
2025-06-15 22:18:44+07:00,356,26.80000,77.00000,26.30000,38.90000,,
2025-06-15 22:21:28+07:00,357,26.80000,77.10000,26.20000,36.90000,,
2025-06-15 22:23:18+07:00,358,26.80000,77.10000,25.80000,37.00000,,
2025-06-15 22:26:05+07:00,359,26.80000,77.20000,25.10000,34.10000,,
2025-06-15 22:26:59+07:00,360,26.80000,77.10000,27.00000,37.30000,,
2025-06-15 22:30:46+07:00,361,26.80000,77.20000,26.70000,37.60000,,
2025-06-15 22:33:44+07:00,362,26.80000,77.40000,25.40000,36.00000,,
2025-06-15 22:34:38+07:00,363,26.80000,77.30000,25.80000,35.50000,,
2025-06-15 22:35:34+07:00,364,26.80000,77.40000,26.90000,37.40000,,
2025-06-15 22:37:21+07:00,365,26.80000,77.40000,26.90000,37.90000,,
2025-06-15 22:38:14+07:00,366,26.80000,77.50000,25.70000,35.10000,,
2025-06-15 22:39:04+07:00,367,26.80000,77.40000,26.30000,37.30000,,
2025-06-15 22:39:54+07:00,368,26.80000,77.50000,27.20000,38.00000,,
2025-06-15 22:40:44+07:00,369,26.80000,77.40000,25.30000,34.40000,,
2025-06-15 22:41:41+07:00,370,26.80000,77.50000,26.50000,36.70000,,
2025-06-15 22:42:31+07:00,371,26.80000,77.50000,26.50000,38.00000,,
2025-06-15 22:43:26+07:00,372,26.80000,77.60000,26.60000,35.80000,,
2025-06-15 22:44:19+07:00,373,26.80000,77.50000,26.90000,37.10000,,
2025-06-15 22:45:12+07:00,374,26.80000,77.50000,26.70000,37.90000,,
2025-06-15 22:46:05+07:00,375,26.80000,77.60000,26.00000,37.60000,,
2025-06-15 22:46:54+07:00,376,26.80000,77.60000,27.50000,39.60000,,
2025-06-15 22:47:47+07:00,377,26.80000,77.60000,26.90000,36.20000,17142.32227,0.75066
2025-06-15 22:48:42+07:00,378,26.80000,77.70000,26.00000,37.80000,,
2025-06-15 22:49:36+07:00,379,26.80000,77.70000,26.90000,39.40000,,
2025-06-15 22:50:26+07:00,380,26.80000,77.70000,28.90000,43.40000,,
2025-06-15 22:51:15+07:00,381,26.80000,77.90000,28.30000,38.60000,,
2025-06-15 22:52:08+07:00,382,26.80000,77.60000,26.80000,38.50000,,
2025-06-15 22:53:02+07:00,383,26.80000,77.80000,27.70000,40.70000,17142.32227,0.74582
2025-06-15 22:53:52+07:00,384,26.80000,77.80000,27.80000,39.70000,,
2025-06-15 22:54:41+07:00,385,26.80000,77.70000,27.90000,41.70000,,
2025-06-15 22:55:34+07:00,386,26.80000,77.80000,27.40000,39.60000,,
2025-06-15 22:56:29+07:00,387,26.80000,77.80000,29.80000,41.90000,,
2025-06-15 22:58:20+07:00,388,26.80000,77.90000,28.80000,42.50000,,
2025-06-15 22:59:09+07:00,389,26.80000,78.00000,30.00000,42.50000,,
2025-06-15 22:59:58+07:00,390,26.80000,77.90000,28.90000,40.30000,,
2025-06-15 23:00:48+07:00,391,26.80000,77.90000,29.40000,43.50000,,
2025-06-15 23:01:41+07:00,392,26.80000,78.00000,29.50000,41.80000,,
2025-06-15 23:02:31+07:00,393,26.80000,78.10000,29.20000,42.60000,,
2025-06-15 23:03:20+07:00,394,26.80000,78.00000,28.60000,40.50000,,
2025-06-15 23:04:10+07:00,395,26.80000,78.10000,28.50000,41.50000,,
2025-06-15 23:05:02+07:00,396,26.80000,78.00000,29.50000,42.60000,,
2025-06-15 23:05:52+07:00,397,26.80000,78.00000,30.00000,44.40000,,
2025-06-15 23:06:41+07:00,398,26.80000,78.10000,30.30000,41.50000,,
2025-06-15 23:07:31+07:00,399,26.80000,78.20000,28.90000,42.20000,,
2025-06-15 23:08:20+07:00,400,26.80000,78.10000,30.10000,43.10000,,
2025-06-15 23:09:10+07:00,401,26.80000,78.30000,31.20000,43.30000,,
2025-06-15 23:09:59+07:00,402,26.80000,78.30000,30.90000,45.70000,,
2025-06-15 23:10:49+07:00,403,26.80000,78.30000,30.70000,45.20000,,
2025-06-15 23:12:43+07:00,404,26.80000,78.10000,30.70000,43.00000,,
2025-06-15 23:13:36+07:00,405,26.80000,78.30000,31.50000,47.20000,,
2025-06-15 23:14:27+07:00,406,26.80000,78.40000,30.90000,47.00000,17142.32227,0.74220
2025-06-15 23:15:17+07:00,407,26.80000,78.20000,31.10000,44.40000,,
2025-06-15 23:16:11+07:00,408,26.80000,78.20000,31.60000,44.00000,,
2025-06-15 23:17:02+07:00,409,26.80000,78.50000,30.60000,43.10000,,
2025-06-15 23:17:51+07:00,410,26.80000,78.60000,30.20000,41.20000,,
2025-06-15 23:18:41+07:00,411,26.80000,78.30000,29.90000,44.90000,,
2025-06-15 23:19:34+07:00,412,26.80000,78.50000,30.60000,44.20000,,
2025-06-15 23:20:25+07:00,413,26.80000,78.50000,30.60000,44.60000,,
2025-06-15 23:21:15+07:00,414,26.80000,78.30000,30.30000,44.80000,,
2025-06-15 23:22:05+07:00,415,26.80000,78.60000,29.70000,41.40000,,
2025-06-15 23:22:54+07:00,416,26.80000,78.40000,29.30000,45.00000,,
2025-06-15 23:23:44+07:00,417,26.80000,78.40000,29.90000,47.50000,,
2025-06-15 23:24:33+07:00,418,26.80000,78.50000,30.90000,44.10000,,
2025-06-15 23:25:22+07:00,419,26.80000,78.50000,30.60000,43.40000,,
2025-06-15 23:26:12+07:00,420,26.80000,78.70000,30.60000,44.50000,,
2025-06-15 23:27:01+07:00,421,26.80000,78.60000,31.70000,43.70000,,
2025-06-15 23:27:51+07:00,422,26.80000,78.50000,31.10000,45.30000,,
2025-06-15 23:28:41+07:00,423,26.80000,78.40000,31.30000,44.20000,,
2025-06-15 23:29:30+07:00,424,26.80000,78.60000,30.60000,42.30000,,
2025-06-15 23:30:20+07:00,425,26.80000,78.50000,30.10000,43.90000,,
2025-06-15 23:31:09+07:00,426,26.80000,78.50000,30.60000,43.60000,,
2025-06-15 23:31:59+07:00,427,26.80000,78.40000,31.30000,45.30000,,
2025-06-15 23:32:48+07:00,428,26.80000,78.60000,30.80000,45.20000,,
2025-06-15 23:33:38+07:00,429,26.80000,78.40000,30.80000,46.80000,,
2025-06-15 23:34:27+07:00,430,26.80000,78.80000,31.80000,49.30000,,
2025-06-15 23:35:16+07:00,431,26.80000,78.70000,31.90000,48.30000,,
2025-06-15 23:36:06+07:00,432,26.80000,78.50000,32.00000,47.40000,,
2025-06-15 23:36:56+07:00,433,26.80000,78.60000,31.40000,43.50000,,
2025-06-15 23:37:46+07:00,434,26.80000,78.50000,31.80000,46.30000,,
2025-06-15 23:38:35+07:00,435,26.80000,78.60000,33.30000,49.60000,,
2025-06-15 23:39:25+07:00,436,26.80000,78.70000,32.00000,45.60000,,
2025-06-15 23:40:14+07:00,437,26.80000,78.80000,31.30000,46.50000,,
2025-06-15 23:41:04+07:00,438,26.80000,78.90000,32.30000,47.80000,,
2025-06-15 23:41:53+07:00,439,26.80000,78.80000,31.60000,44.30000,,
2025-06-15 23:42:43+07:00,440,26.80000,78.70000,31.90000,46.90000,,
2025-06-15 23:43:35+07:00,441,26.80000,78.80000,30.80000,44.80000,,
2025-06-15 23:44:25+07:00,442,26.80000,78.40000,30.30000,44.10000,,
2025-06-15 23:45:14+07:00,443,26.80000,78.70000,30.60000,43.80000,,
2025-06-15 23:46:04+07:00,444,26.80000,78.90000,32.60000,48.80000,,
2025-06-15 23:46:53+07:00,445,26.80000,78.30000,33.60000,50.10000,,
2025-06-15 23:47:42+07:00,446,26.60000,78.50000,32.60000,48.10000,,
2025-06-15 23:48:32+07:00,447,26.50000,77.90000,33.50000,50.60000,,
2025-06-15 23:49:21+07:00,448,26.40000,77.20000,34.10000,52.50000,,
2025-06-15 23:50:11+07:00,449,26.30000,76.90000,34.00000,52.80000,,
2025-06-15 23:51:00+07:00,450,26.20000,76.60000,33.70000,52.50000,,
2025-06-15 23:51:49+07:00,451,26.00000,76.40000,33.20000,51.70000,,
2025-06-15 23:52:39+07:00,452,25.80000,76.30000,33.40000,54.50000,,
2025-06-15 23:53:00+07:00,453,25.70000,75.90000,34.10000,54.50000,,
2025-06-15 23:53:30+07:00,454,25.70000,75.70000,33.50000,51.70000,,
2025-06-15 23:54:19+07:00,455,25.70000,76.10000,34.40000,52.00000,,
2025-06-15 23:54:35+07:00,456,25.60000,75.10000,34.30000,49.90000,,
2025-06-16 11:07:01+07:00,457,25.70000,84.60000,24.20000,35.90000,,
2025-06-17 14:02:31+07:00,458,25.90000,73.60000,23.10000,32.30000,,
2025-06-17 14:03:21+07:00,459,25.90000,73.40000,25.30000,35.90000,,
2025-06-17 14:04:10+07:00,460,25.90000,72.90000,25.70000,36.20000,,
2025-06-17 14:04:59+07:00,461,25.90000,74.40000,26.60000,35.30000,,
2025-06-17 14:05:49+07:00,462,25.90000,72.80000,26.70000,36.30000,,
2025-06-17 14:06:38+07:00,463,25.90000,71.60000,26.30000,35.50000,,
2025-06-17 14:08:50+07:00,464,25.90000,71.30000,26.40000,35.10000,1.32246,402.82861
2025-06-17 14:09:40+07:00,465,25.90000,70.10000,26.20000,33.30000,1.28997,402.73026
2025-06-17 14:10:36+07:00,466,25.90000,69.70000,24.50000,32.50000,1.31978,402.81689
2025-06-17 14:11:26+07:00,467,25.90000,69.30000,24.10000,31.90000,1.32873,402.75455
2025-06-17 14:12:15+07:00,468,25.80000,69.10000,25.10000,32.00000,1.30203,402.64542
2025-06-17 14:13:05+07:00,469,25.80000,68.80000,24.70000,32.80000,1.29910,402.49850
2025-06-17 14:13:54+07:00,470,25.80000,68.50000,24.50000,31.40000,1.36808,402.36978
2025-06-17 14:14:44+07:00,471,25.90000,71.30000,23.80000,30.90000,1.28448,402.11710
2025-06-17 14:15:34+07:00,472,26.00000,73.80000,24.90000,31.60000,1.30793,402.22324
2025-06-17 14:16:23+07:00,473,26.20000,74.40000,24.50000,32.30000,1.21897,402.02173
2025-06-17 14:17:12+07:00,474,26.10000,67.40000,24.20000,29.90000,1.32276,402.11063
2025-06-17 14:18:02+07:00,475,26.00000,67.20000,102.00000,114.10000,1.31384,402.00931
2025-06-17 14:18:51+07:00,476,25.90000,69.50000,103.20000,114.20000,1.29031,401.96335
2025-06-17 14:19:41+07:00,477,26.00000,71.20000,25.90000,34.90000,1.14027,401.76373
2025-06-17 14:20:30+07:00,478,26.00000,66.80000,25.00000,32.50000,1.12975,401.48962
2025-06-17 14:21:19+07:00,479,26.00000,66.40000,24.60000,33.20000,1.17773,401.56985
2025-06-17 14:22:09+07:00,480,26.00000,66.00000,25.60000,34.60000,1.14027,401.40396
2025-06-17 14:23:02+07:00,481,26.00000,65.80000,25.80000,31.90000,1.14556,401.44507
2025-06-17 14:23:52+07:00,482,26.00000,65.60000,24.60000,33.80000,1.13500,401.48251
2025-06-17 14:24:41+07:00,483,25.90000,65.50000,24.90000,32.30000,1.13500,401.41754
2025-06-17 14:25:31+07:00,484,25.90000,65.70000,24.60000,31.20000,1.14291,401.39722
2025-06-17 14:26:20+07:00,485,25.90000,65.40000,23.30000,30.80000,1.15087,401.35291
2025-06-17 14:27:10+07:00,486,25.90000,65.20000,23.40000,32.10000,1.17232,401.29086
2025-06-17 14:28:03+07:00,487,25.80000,65.10000,23.50000,30.50000,1.04098,401.16837
2025-06-17 14:28:56+07:00,488,25.80000,65.20000,23.30000,31.60000,0.84863,401.09180
2025-06-17 14:29:47+07:00,489,25.90000,65.60000,23.50000,33.80000,1.08336,401.27213
2025-06-17 14:30:36+07:00,490,26.00000,64.90000,22.80000,29.60000,1.10636,401.24344
2025-06-17 14:31:25+07:00,491,26.00000,65.50000,30.90000,39.70000,1.12452,401.25360
2025-06-17 14:32:15+07:00,492,26.20000,66.20000,23.40000,32.10000,1.22736,401.22931
2025-06-17 14:33:06+07:00,493,26.20000,66.10000,24.50000,34.30000,1.29323,401.17221
2025-06-17 14:33:56+07:00,494,26.30000,66.30000,25.30000,32.00000,1.27289,401.20737
2025-06-17 14:34:45+07:00,495,26.40000,66.10000,24.50000,33.60000,1.36196,401.21729
2025-06-17 14:36:34+07:00,496,26.70000,68.00000,26.00000,36.00000,1.42730,401.23737
2025-06-17 14:37:27+07:00,497,26.80000,67.00000,25.80000,34.00000,1.41781,401.25565
2025-06-17 14:38:16+07:00,498,26.90000,66.00000,25.70000,35.00000,1.31088,401.18967
2025-06-17 14:39:06+07:00,499,26.90000,66.20000,25.20000,33.30000,1.33773,401.15878
2025-06-17 14:39:55+07:00,500,27.00000,66.30000,25.20000,32.80000,1.29910,401.08276
2025-06-17 14:40:45+07:00,501,27.10000,66.80000,24.90000,31.10000,1.24711,401.02988
2025-06-17 14:41:40+07:00,502,27.10000,66.80000,25.40000,32.10000,1.19409,400.99924
2025-06-17 14:42:32+07:00,503,27.20000,66.80000,24.30000,34.10000,1.24995,401.05075
2025-06-17 14:43:22+07:00,504,27.30000,67.20000,24.20000,32.00000,1.28739,401.08636
2025-06-17 14:44:12+07:00,505,27.30000,67.00000,25.50000,34.90000,1.23861,401.05075
2025-06-17 14:45:01+07:00,506,27.40000,67.30000,24.80000,34.10000,1.19135,401.04727
2025-06-17 14:45:51+07:00,507,27.40000,67.50000,24.70000,31.00000,1.26712,401.03506
2025-06-17 14:46:41+07:00,508,27.50000,67.60000,24.50000,31.80000,1.23016,401.04376
2025-06-17 14:47:30+07:00,509,27.50000,67.40000,25.00000,35.10000,1.26138,400.96609
2025-06-17 14:48:19+07:00,510,27.50000,67.60000,24.90000,32.20000,1.25280,400.98920
2025-06-17 14:49:09+07:00,511,27.60000,68.10000,25.20000,31.70000,1.23016,400.96286
2025-06-17 14:49:58+07:00,512,27.60000,68.00000,25.10000,33.10000,1.23298,400.96609
2025-06-17 14:50:54+07:00,513,27.60000,68.00000,25.20000,33.20000,1.27289,400.95312
2025-06-17 14:51:44+07:00,514,27.70000,68.10000,24.90000,32.50000,1.29031,400.97595
2025-06-17 14:52:34+07:00,515,27.70000,68.40000,24.30000,31.90000,1.31681,400.98090
2025-06-17 14:54:20+07:00,516,27.80000,68.60000,24.60000,32.70000,1.32873,400.93869
2025-06-17 14:55:09+07:00,517,27.80000,68.50000,25.30000,32.90000,1.33172,400.91818
2025-06-17 14:55:58+07:00,518,27.90000,68.50000,24.30000,32.20000,1.30793,400.90573
2025-06-17 14:56:48+07:00,519,27.90000,68.80000,24.60000,33.50000,1.27867,400.87378
2025-06-17 14:57:38+07:00,520,27.90000,69.10000,26.40000,33.70000,1.29616,400.87677
2025-06-17 14:58:27+07:00,521,27.90000,69.10000,26.30000,35.00000,1.32276,400.88736
2025-06-17 14:59:17+07:00,522,27.90000,69.50000,26.60000,34.00000,1.27000,400.92130
2025-06-17 15:00:06+07:00,523,27.90000,69.20000,28.00000,37.20000,1.29323,400.87979
2025-06-17 15:00:55+07:00,524,27.90000,69.30000,26.90000,35.10000,1.30498,400.87228
2025-06-17 15:01:45+07:00,525,27.90000,69.60000,25.30000,31.40000,1.25566,400.88281
2025-06-17 15:02:34+07:00,526,27.90000,69.80000,26.70000,33.80000,1.20786,400.84860
2025-06-17 15:03:24+07:00,527,27.90000,69.90000,28.00000,37.50000,1.22736,400.87378
2025-06-17 15:04:13+07:00,528,28.00000,70.00000,26.90000,35.60000,1.19958,400.81979
2025-06-17 15:05:03+07:00,529,28.00000,70.00000,27.30000,35.30000,1.24144,400.82690
2025-06-17 15:05:52+07:00,530,28.00000,70.10000,27.60000,34.60000,1.24711,400.84714
2025-06-17 15:06:42+07:00,531,28.00000,70.10000,27.00000,35.00000,1.19683,400.83121
2025-06-17 15:07:31+07:00,532,28.00000,70.10000,28.00000,36.00000,1.22176,400.81696
2025-06-17 15:08:21+07:00,533,28.00000,70.20000,27.60000,35.70000,1.27289,400.78766
2025-06-17 15:09:13+07:00,534,27.90000,70.30000,27.20000,36.80000,1.31516,402.83102
2025-06-17 15:10:02+07:00,535,27.90000,70.60000,26.20000,33.00000,1.31217,402.81625
2025-06-17 15:10:52+07:00,536,27.90000,70.70000,26.80000,36.90000,1.33926,402.80154
2025-06-17 15:12:01+07:00,537,27.90000,70.80000,26.20000,33.90000,1.35609,402.70502
2025-06-17 15:12:50+07:00,538,27.90000,71.10000,25.70000,32.30000,1.33783,402.85104
2025-06-17 15:13:40+07:00,539,27.90000,71.20000,26.40000,34.90000,1.31677,402.84113
2025-06-17 15:14:29+07:00,540,27.90000,71.30000,27.20000,37.60000,1.26965,402.83121
2025-06-17 15:15:46+07:00,541,27.90000,71.40000,26.30000,35.80000,1.27887,402.81131
2025-06-17 15:16:36+07:00,542,27.90000,71.50000,27.30000,33.50000,1.31134,402.84106
2025-06-17 15:17:25+07:00,543,27.80000,71.60000,25.70000,34.40000,1.36899,402.78671
2025-06-17 15:19:04+07:00,544,27.90000,71.80000,26.10000,32.70000,1.29621,402.84515
2025-06-17 15:19:53+07:00,545,27.90000,72.10000,26.00000,32.40000,1.34724,402.82520
2025-06-17 15:20:42+07:00,546,27.80000,72.30000,25.50000,30.80000,1.32603,402.79056
2025-06-17 15:21:32+07:00,547,27.80000,72.30000,27.10000,36.20000,1.32905,402.77582
2025-06-17 15:22:52+07:00,548,27.90000,72.50000,26.00000,34.00000,1.29947,402.70636
2025-06-17 15:23:41+07:00,549,27.90000,72.50000,26.20000,35.40000,1.29358,402.91049
2025-06-17 15:24:30+07:00,550,27.80000,72.60000,25.50000,34.30000,1.32326,402.76974
2025-06-17 15:25:20+07:00,551,27.80000,72.60000,26.50000,32.80000,1.25293,402.82935
2025-06-17 15:26:51+07:00,552,27.80000,72.80000,26.00000,34.00000,1.30941,402.82516
2025-06-17 15:27:40+07:00,553,27.80000,73.00000,26.30000,34.10000,1.30051,402.80020
2025-06-17 15:28:30+07:00,554,27.80000,73.20000,26.20000,33.10000,1.33945,402.86548
2025-06-17 15:30:32+07:00,555,27.80000,73.60000,25.30000,34.10000,1.47634,402.56805
2025-06-17 15:31:22+07:00,556,27.90000,78.80000,26.30000,32.10000,3.96702,403.08060
2025-06-17 15:32:11+07:00,557,28.10000,78.20000,25.70000,32.80000,2.92957,403.22253
2025-06-17 15:33:00+07:00,558,28.20000,77.80000,25.50000,32.10000,2.79299,403.16275
2025-06-17 15:33:50+07:00,559,28.30000,77.70000,25.30000,32.20000,2.50753,403.47110
2025-06-17 15:34:39+07:00,560,28.30000,77.50000,25.70000,31.80000,2.74465,403.42017
2025-06-17 15:35:28+07:00,561,28.30000,77.40000,25.50000,33.20000,2.70291,403.65436
2025-06-17 15:36:18+07:00,562,28.40000,77.50000,25.40000,30.70000,2.79299,403.95139
2025-06-17 15:37:07+07:00,563,28.40000,77.50000,24.10000,29.20000,2.87305,403.77634
2025-06-17 15:37:56+07:00,564,28.40000,78.10000,24.70000,31.30000,2.53551,403.89465
2025-06-17 15:38:46+07:00,565,28.40000,78.40000,24.50000,32.50000,2.45232,403.54214
2025-06-17 15:39:35+07:00,566,28.40000,78.20000,25.70000,31.20000,2.35017,403.53564
2025-06-17 15:40:25+07:00,567,28.40000,78.30000,24.80000,31.70000,2.51869,403.35736
2025-06-17 15:41:14+07:00,568,28.40000,78.60000,24.30000,31.70000,2.05010,403.09805
2025-06-17 15:42:04+07:00,569,28.40000,78.50000,24.90000,31.20000,2.08341,403.09222
2025-06-17 15:42:54+07:00,570,28.50000,78.60000,25.40000,33.90000,2.00327,403.15683
2025-06-17 15:43:43+07:00,571,28.50000,79.00000,24.30000,31.50000,1.97101,403.19254
2025-06-17 15:44:33+07:00,572,28.50000,79.10000,23.70000,31.30000,1.98018,403.14499
2025-06-17 15:45:22+07:00,573,28.40000,79.00000,24.60000,32.50000,2.03596,403.06900
2025-06-17 15:46:12+07:00,574,28.40000,79.00000,24.20000,30.40000,1.89884,403.07480
2025-06-17 15:47:02+07:00,575,28.40000,79.10000,24.70000,30.40000,1.89884,403.06900
2025-06-17 15:47:51+07:00,576,28.40000,79.10000,24.90000,32.00000,1.90774,403.03445
2025-06-17 15:48:41+07:00,577,28.40000,79.00000,24.70000,33.40000,1.98939,403.08640
2025-06-17 15:49:30+07:00,578,28.40000,79.10000,24.70000,32.40000,1.92565,403.25885
2025-06-17 15:50:20+07:00,579,28.40000,79.10000,23.30000,27.70000,1.91221,403.24670
2025-06-17 15:51:10+07:00,580,28.40000,79.20000,24.10000,29.80000,1.91668,403.38864
2025-06-17 15:52:00+07:00,581,28.40000,79.30000,23.80000,31.10000,2.01723,403.43283
2025-06-17 15:52:49+07:00,582,28.40000,79.40000,24.40000,31.50000,1.92116,403.45190
2025-06-17 15:53:39+07:00,583,28.40000,79.40000,23.80000,31.60000,1.94369,403.47751
2025-06-17 15:54:28+07:00,584,28.30000,79.50000,23.20000,30.10000,1.96643,403.54214
2025-06-17 15:55:18+07:00,585,28.30000,79.60000,23.10000,29.50000,2.02190,403.50323
2025-06-17 15:56:07+07:00,586,28.40000,79.60000,23.60000,29.50000,1.95731,403.57486
2025-06-17 15:56:57+07:00,587,28.30000,79.60000,23.20000,30.70000,2.21603,403.56830
2025-06-17 15:57:46+07:00,588,28.30000,79.70000,23.10000,30.30000,1.97101,403.58801
2025-06-17 15:58:36+07:00,589,28.30000,79.60000,23.20000,31.20000,2.00791,403.50323
2025-06-17 15:59:25+07:00,590,28.40000,79.70000,23.10000,28.00000,1.98939,403.52264
2025-06-17 16:00:16+07:00,591,28.40000,79.70000,24.00000,30.20000,1.95276,403.51617
2025-06-17 16:01:06+07:00,592,28.30000,79.60000,24.50000,31.70000,1.93465,403.45831
2025-06-17 16:01:56+07:00,593,28.40000,79.60000,23.50000,29.80000,1.81594,403.26495
2025-06-17 16:02:46+07:00,594,28.40000,79.70000,23.30000,28.80000,1.85483,403.49680
2025-06-17 16:03:36+07:00,595,28.40000,79.70000,24.10000,31.80000,2.00327,403.57486
2025-06-17 16:04:26+07:00,596,28.40000,79.70000,23.10000,29.60000,2.02190,403.69464
2025-06-17 16:05:15+07:00,597,28.40000,79.60000,22.10000,28.20000,2.02658,403.69464
2025-06-17 16:06:05+07:00,598,28.40000,79.70000,23.00000,28.90000,1.98478,403.70139
2025-06-17 16:06:54+07:00,599,28.40000,79.60000,24.10000,29.80000,2.00327,403.62769
2025-06-17 16:07:44+07:00,600,28.40000,79.70000,24.00000,31.40000,1.99863,403.63434
2025-06-17 16:08:34+07:00,601,28.40000,79.80000,23.60000,30.30000,2.01256,403.64099
2025-06-17 16:09:23+07:00,602,28.40000,79.60000,24.10000,31.70000,2.02190,403.64767
2025-06-17 16:10:13+07:00,603,28.40000,79.50000,23.20000,30.00000,2.02190,403.60779
2025-06-17 16:11:04+07:00,604,28.40000,79.40000,23.10000,31.40000,2.01256,403.62769
2025-06-17 16:11:54+07:00,605,28.40000,79.50000,22.40000,26.90000,1.99401,403.58801
2025-06-17 16:12:44+07:00,606,28.40000,79.80000,23.00000,28.10000,1.98478,403.62103
2025-06-17 16:13:35+07:00,607,28.40000,79.70000,24.40000,30.50000,1.97559,403.64099
2025-06-17 16:14:25+07:00,608,28.40000,79.90000,23.60000,29.10000,1.96187,403.66772
2025-06-17 16:15:15+07:00,609,28.40000,80.00000,23.70000,30.60000,2.01256,403.68115
2025-06-17 16:16:04+07:00,610,28.40000,80.10000,24.30000,29.70000,2.01256,403.65436
2025-06-17 16:16:53+07:00,611,28.30000,80.20000,24.70000,32.70000,2.00791,403.58142
2025-06-17 16:17:43+07:00,612,28.40000,80.10000,23.80000,30.80000,2.01723,403.67444
2025-06-17 16:18:32+07:00,613,28.40000,80.10000,24.60000,31.20000,2.03596,403.60120
2025-06-17 16:19:22+07:00,614,28.40000,80.00000,24.20000,31.90000,2.06432,403.53564
2025-06-17 16:20:11+07:00,615,28.40000,80.20000,24.30000,29.70000,2.00791,403.48392
2025-06-17 16:21:00+07:00,616,28.40000,80.30000,24.60000,33.20000,1.98478,403.50323
2025-06-17 16:21:50+07:00,617,28.40000,80.10000,25.50000,32.40000,2.04066,403.47751
2025-06-17 16:22:39+07:00,618,28.30000,80.10000,24.10000,31.00000,2.02190,403.45831
2025-06-17 16:23:28+07:00,619,28.40000,80.00000,24.90000,32.50000,2.05957,403.47751
2025-06-17 16:24:18+07:00,620,28.40000,80.00000,25.50000,34.50000,2.02190,403.47110
2025-06-17 16:25:07+07:00,621,28.40000,80.10000,24.30000,32.80000,2.02190,403.50970
2025-06-17 16:25:57+07:00,622,28.30000,80.10000,25.40000,31.60000,2.04538,403.48392
2025-06-17 16:26:46+07:00,623,28.30000,80.00000,23.70000,30.40000,2.01723,403.48392
2025-06-17 16:27:35+07:00,624,28.30000,79.90000,23.80000,30.10000,1.98478,403.48392
2025-06-17 16:28:25+07:00,625,28.30000,80.10000,24.60000,31.50000,2.01256,403.48392
2025-06-17 16:29:14+07:00,626,28.30000,79.90000,24.40000,30.90000,1.96643,403.45190
2025-06-17 16:30:04+07:00,627,28.30000,80.00000,24.50000,33.30000,1.90329,403.35114
2025-06-17 16:30:53+07:00,628,28.30000,79.70000,24.80000,33.60000,1.99863,403.42648
2025-06-17 16:31:43+07:00,629,28.40000,79.80000,23.50000,29.60000,1.96187,403.47751
2025-06-17 16:32:32+07:00,630,28.40000,79.60000,23.40000,30.50000,1.99401,403.47751
2025-06-17 16:33:21+07:00,631,28.30000,79.50000,23.30000,28.90000,1.94822,403.52264
2025-06-17 16:34:11+07:00,632,28.30000,79.70000,23.60000,30.70000,2.02190,403.54868
2025-06-17 16:35:00+07:00,633,28.30000,79.60000,24.40000,33.00000,1.96643,403.53564
2025-06-17 16:35:49+07:00,634,28.30000,79.30000,26.20000,36.30000,1.97101,403.55521
2025-06-17 16:36:39+07:00,635,28.30000,79.50000,24.40000,31.30000,2.08820,403.53564
2025-06-17 16:37:28+07:00,636,28.20000,79.50000,25.60000,33.10000,1.99863,403.53564
2025-06-17 16:38:18+07:00,637,28.30000,79.50000,26.10000,35.20000,2.09301,403.58801
2025-06-17 16:39:07+07:00,638,28.30000,79.60000,25.00000,33.70000,2.07385,403.53564
2025-06-17 16:39:57+07:00,639,28.30000,79.20000,27.00000,36.60000,2.19596,403.62769
2025-06-17 16:40:46+07:00,640,28.30000,79.40000,27.30000,33.90000,2.14153,403.61441
2025-06-17 16:41:35+07:00,641,28.30000,79.30000,26.90000,35.40000,2.00791,403.56830
2025-06-17 16:42:25+07:00,642,28.30000,79.30000,26.20000,35.50000,2.21100,403.49680
2025-06-17 16:43:14+07:00,643,28.30000,79.20000,25.80000,32.40000,2.28746,403.66772
2025-06-17 16:44:03+07:00,644,28.30000,79.20000,25.90000,32.40000,1.99863,403.63434
2025-06-17 16:44:53+07:00,645,28.30000,79.20000,25.60000,34.10000,1.94822,403.61441
2025-06-17 16:45:42+07:00,646,28.30000,79.20000,24.80000,32.40000,1.98478,403.62769
2025-06-17 16:46:35+07:00,647,28.30000,78.90000,24.70000,33.90000,1.97559,403.62769
2025-06-17 16:47:25+07:00,648,28.30000,78.90000,25.00000,32.50000,1.97559,403.61441
2025-06-17 16:48:14+07:00,649,28.30000,79.00000,24.20000,31.10000,1.94369,403.64099
2025-06-17 16:49:03+07:00,650,28.30000,78.90000,24.70000,33.10000,1.98018,403.58801
2025-06-17 16:49:53+07:00,651,28.30000,79.00000,24.90000,31.60000,1.97559,403.59457
2025-06-17 16:50:42+07:00,652,28.30000,79.20000,25.10000,32.00000,1.97101,403.65436
2025-06-17 16:51:31+07:00,653,28.30000,79.00000,25.60000,32.00000,1.99401,403.58142
2025-06-17 16:52:21+07:00,654,28.30000,79.10000,25.40000,35.00000,2.02658,403.62769
2025-06-17 16:53:11+07:00,655,28.30000,79.20000,24.50000,32.20000,1.98018,403.56174
2025-06-17 16:54:00+07:00,656,28.20000,79.20000,24.80000,31.20000,1.98478,403.53564
2025-06-17 16:54:50+07:00,657,28.20000,79.20000,24.00000,29.90000,2.02190,403.66104
2025-06-17 16:55:39+07:00,658,28.20000,79.20000,23.00000,31.20000,2.06908,403.57486
2025-06-17 16:56:28+07:00,659,28.20000,79.00000,23.80000,31.00000,1.93916,403.59457
2025-06-17 16:57:18+07:00,660,28.20000,79.30000,26.00000,34.70000,1.98478,403.54214
2025-06-17 16:58:07+07:00,661,28.20000,79.20000,25.10000,31.70000,1.95731,403.65436
2025-06-17 16:58:56+07:00,662,28.20000,79.10000,25.10000,31.70000,1.93916,403.62769
2025-06-17 16:59:46+07:00,663,28.20000,78.90000,23.90000,31.00000,1.94369,403.62103
2025-06-17 17:00:35+07:00,664,28.20000,79.20000,22.60000,28.00000,1.91668,403.66104
2025-06-17 17:01:24+07:00,665,28.20000,79.00000,23.80000,30.90000,1.94822,403.62103
2025-06-17 17:02:15+07:00,666,28.20000,78.60000,24.30000,32.10000,1.94822,403.66104
2025-06-17 17:03:04+07:00,667,28.20000,78.70000,23.30000,30.50000,1.93465,403.65436
2025-06-17 17:03:53+07:00,668,28.20000,78.90000,22.50000,27.80000,1.94822,403.64099
2025-06-17 17:04:43+07:00,669,28.20000,79.00000,23.30000,29.70000,1.98478,403.65436
2025-06-17 17:05:32+07:00,670,28.20000,78.90000,22.90000,30.80000,1.96187,403.68115
2025-06-17 17:06:22+07:00,671,28.20000,78.80000,23.80000,28.60000,1.97101,403.68115
2025-06-17 17:07:12+07:00,672,28.20000,78.80000,23.00000,29.80000,1.99863,403.64099
2025-06-17 17:08:01+07:00,673,28.20000,78.80000,23.50000,29.60000,1.98018,403.66104
2025-06-17 17:08:51+07:00,674,28.20000,78.40000,24.00000,31.10000,1.93465,403.65436
2025-06-17 17:09:40+07:00,675,28.20000,78.10000,23.40000,30.60000,2.00791,403.66104
2025-06-17 17:10:29+07:00,676,28.20000,78.20000,23.10000,30.10000,1.98478,403.65436
2025-06-17 17:11:19+07:00,677,28.20000,78.00000,22.50000,28.60000,1.99863,403.68115
2025-06-17 17:12:08+07:00,678,28.10000,75.80000,21.80000,28.00000,1.98018,403.66772
2025-06-17 17:12:58+07:00,679,28.00000,74.00000,22.10000,28.00000,2.00791,403.56174
2025-06-17 17:13:47+07:00,680,28.00000,73.40000,27.00000,34.40000,1.96643,403.66104
2025-06-17 17:14:37+07:00,681,28.00000,72.50000,44.20000,55.20000,1.93916,403.72171
2025-06-17 17:15:26+07:00,682,27.90000,72.20000,67.60000,81.80000,1.98018,403.70139
2025-06-17 17:16:16+07:00,683,28.00000,72.00000,72.20000,86.70000,2.11716,403.66772
2025-06-17 17:17:05+07:00,684,28.00000,71.70000,98.00000,114.30000,1.90774,403.70139
2025-06-17 17:17:55+07:00,685,28.00000,71.90000,106.90000,124.50000,1.95276,403.74213
2025-06-17 17:18:44+07:00,686,28.00000,72.10000,109.90000,129.00000,1.97101,403.73529
2025-06-17 17:19:34+07:00,687,28.00000,72.60000,116.40000,134.20000,2.01256,403.79010
2025-06-17 17:20:23+07:00,688,28.00000,73.40000,119.40000,137.89999,1.98939,403.86655
2025-06-17 17:21:12+07:00,689,28.00000,73.80000,126.30000,147.60001,2.00327,403.88055
2025-06-17 17:22:02+07:00,690,28.00000,73.80000,144.70000,170.10001,2.02190,403.90875
2025-06-17 17:22:51+07:00,691,27.90000,74.10000,158.89999,181.20000,2.04066,403.93002
2025-06-17 17:23:40+07:00,692,28.00000,74.50000,162.30000,188.50000,2.26174,403.91583
2025-06-17 17:24:30+07:00,693,28.00000,74.80000,164.10001,190.89999,2.05010,403.98718
2025-06-17 17:25:19+07:00,694,28.00000,74.60000,170.00000,198.20000,2.10747,403.93002
2025-06-17 17:26:09+07:00,695,28.00000,74.40000,186.39999,212.39999,2.28230,404.02325
2025-06-17 17:26:58+07:00,696,28.00000,74.60000,188.30000,215.10001,2.28746,403.92291
2025-06-17 17:27:48+07:00,697,28.00000,75.50000,173.60001,201.30000,2.04066,403.93713
2025-06-17 17:28:37+07:00,698,28.00000,75.80000,167.50000,193.60001,2.05010,404.03778
2025-06-17 17:29:26+07:00,699,28.00000,76.00000,163.50000,190.50000,2.25662,403.98718
2025-06-17 17:30:16+07:00,700,28.00000,75.90000,155.00000,181.50000,2.17604,404.04504
2025-06-17 17:31:05+07:00,701,27.90000,76.50000,155.70000,182.80000,2.09301,403.98001
2025-06-17 17:31:55+07:00,702,27.90000,76.30000,142.30000,163.70000,2.33962,403.93713
2025-06-17 17:32:45+07:00,703,28.00000,76.40000,145.30000,171.60001,2.27714,403.98001
2025-06-17 17:33:34+07:00,704,27.90000,76.00000,150.20000,175.50000,2.28746,403.98001
2025-06-17 17:34:23+07:00,705,27.90000,76.30000,146.70000,171.80000,2.27200,404.00879
2025-06-17 17:35:14+07:00,706,27.90000,76.20000,147.89999,172.89999,2.38205,404.04504
2025-06-17 17:36:04+07:00,707,27.90000,76.30000,143.39999,164.30000,2.14153,404.00879
2025-06-17 17:36:53+07:00,708,28.00000,76.50000,149.39999,171.60001,2.33962,403.95139
2025-06-17 17:37:43+07:00,709,27.90000,76.30000,143.50000,165.20000,2.16120,403.95853
2025-06-17 17:38:34+07:00,710,28.00000,76.30000,133.39999,155.10001,2.41427,403.90875
2025-06-17 17:39:24+07:00,711,28.00000,76.80000,130.39999,152.10001,2.35017,403.90170
2025-06-17 17:40:13+07:00,712,27.90000,76.70000,129.70000,151.70000,2.20097,403.94424
2025-06-17 17:41:02+07:00,713,28.00000,77.20000,106.80000,121.70000,2.27200,403.85254
2025-06-17 17:41:53+07:00,714,28.00000,77.90000,114.10000,132.50000,2.08820,403.90875
2025-06-17 17:42:42+07:00,715,27.90000,77.80000,105.80000,121.80000,2.16120,403.89465
2025-06-17 17:43:32+07:00,716,28.00000,78.30000,104.30000,122.60000,2.32911,403.82468
2025-06-17 17:44:22+07:00,717,28.00000,78.10000,107.30000,123.60000,2.18598,403.89465
2025-06-17 17:45:12+07:00,718,28.00000,77.80000,110.70000,127.50000,2.12688,403.86655
2025-06-17 17:46:02+07:00,719,28.00000,77.90000,109.50000,125.90000,2.10747,403.86655
2025-06-17 17:46:52+07:00,720,27.90000,78.50000,93.80000,111.20000,2.36606,403.90875
2025-06-17 17:47:41+07:00,721,27.90000,78.80000,107.30000,124.00000,2.09301,403.87354
2025-06-17 17:48:31+07:00,722,27.90000,78.90000,102.60000,119.20000,2.37671,403.86655
2025-06-17 17:49:21+07:00,723,27.90000,78.40000,100.30000,114.80000,2.10264,403.81775
2025-06-17 17:50:11+07:00,724,27.90000,78.70000,100.00000,115.00000,2.07862,403.83859
2025-06-17 17:51:01+07:00,725,27.90000,78.80000,97.30000,112.60000,2.10264,403.83859
2025-06-17 17:51:50+07:00,726,27.90000,78.60000,95.20000,110.80000,2.05957,403.86655
2025-06-17 17:52:41+07:00,727,27.90000,78.50000,93.30000,107.50000,2.05957,403.85254
2025-06-17 17:53:31+07:00,728,27.90000,78.40000,91.90000,106.50000,2.30301,403.83859
2025-06-17 17:54:20+07:00,729,28.00000,78.20000,94.90000,108.90000,2.10264,403.88055
2025-06-17 17:55:11+07:00,730,28.00000,78.60000,89.40000,103.30000,2.10264,403.85953
2025-06-17 17:56:01+07:00,731,28.00000,78.80000,88.10000,101.70000,2.25152,403.87354
2025-06-17 17:56:51+07:00,732,27.90000,79.30000,78.90000,91.60000,2.21100,403.83859
2025-06-17 17:57:40+07:00,733,27.90000,79.90000,78.30000,90.60000,2.36075,403.85254
2025-06-17 17:58:30+07:00,734,27.90000,79.70000,76.30000,87.90000,2.27200,403.88055
2025-06-17 17:59:19+07:00,735,27.90000,79.70000,78.80000,92.60000,2.06908,403.82468
2025-06-17 18:00:09+07:00,736,27.80000,80.00000,76.00000,86.70000,2.12201,403.79700
2025-06-17 18:00:58+07:00,737,27.80000,80.00000,76.60000,88.50000,2.32387,403.76947
2025-06-17 18:01:48+07:00,738,27.80000,80.20000,81.70000,94.30000,2.07862,403.74893
2025-06-17 18:02:37+07:00,739,27.80000,80.30000,77.40000,90.00000,2.05010,403.77634
2025-06-17 18:03:27+07:00,740,27.80000,79.60000,79.90000,92.20000,2.36075,403.68790
2025-06-17 18:04:16+07:00,741,27.80000,79.90000,79.20000,91.60000,2.22613,403.72849
2025-06-17 18:05:05+07:00,742,27.90000,79.70000,80.80000,93.10000,2.32911,403.73529
2025-06-17 18:05:55+07:00,743,27.90000,79.50000,81.00000,94.80000,2.05010,403.74213
2025-06-17 18:06:45+07:00,744,27.90000,79.00000,81.10000,94.70000,2.22108,403.70139
2025-06-17 18:07:35+07:00,745,27.90000,78.70000,82.50000,96.80000,2.21603,403.78320
2025-06-17 18:08:25+07:00,746,27.90000,79.20000,72.50000,88.10000,2.02190,403.79700
2025-06-17 18:09:15+07:00,747,27.90000,79.70000,72.90000,87.60000,2.03596,403.77634
2025-06-17 18:10:05+07:00,748,27.90000,80.00000,74.50000,90.70000,2.06908,403.49036
2025-06-17 18:10:55+07:00,749,28.00000,79.70000,75.10000,92.50000,2.32387,403.56174
2025-06-17 18:11:45+07:00,750,28.00000,79.70000,77.00000,91.00000,2.25152,403.68790
2025-06-17 18:12:35+07:00,751,27.90000,79.70000,74.50000,88.90000,2.19097,403.73529
2025-06-17 18:13:24+07:00,752,27.90000,80.00000,76.20000,89.10000,2.08341,403.74893
2025-06-17 18:14:14+07:00,753,28.00000,80.10000,71.10000,84.70000,2.08820,403.77634
2025-06-17 18:15:03+07:00,754,28.00000,80.30000,70.70000,85.00000,2.13175,403.73529
2025-06-17 18:15:53+07:00,755,28.00000,80.20000,69.80000,84.00000,2.16614,403.71494
2025-06-17 18:16:43+07:00,756,28.00000,80.60000,68.20000,79.90000,2.22613,403.72849
2025-06-17 18:17:34+07:00,757,28.00000,80.50000,69.40000,81.80000,1.96187,403.73529
2025-06-17 18:18:24+07:00,758,28.00000,80.40000,66.50000,80.50000,1.95276,403.70816
2025-06-17 18:19:14+07:00,759,28.00000,80.20000,65.10000,76.90000,2.14643,403.72171
2025-06-17 18:20:07+07:00,760,28.00000,80.50000,68.90000,80.70000,2.19596,403.68115
2025-06-17 18:20:56+07:00,761,28.00000,80.60000,67.20000,78.20000,2.20598,403.66772
2025-06-17 18:21:46+07:00,762,28.00000,80.60000,66.70000,78.40000,2.20598,403.72171
2025-06-17 18:22:35+07:00,763,28.00000,80.50000,66.80000,79.20000,2.04538,403.71494
2025-06-17 18:23:25+07:00,764,28.00000,80.70000,65.60000,78.90000,2.19097,403.64099
2025-06-17 18:24:15+07:00,765,28.00000,80.70000,70.00000,83.60000,2.18101,403.64099
2025-06-17 18:25:06+07:00,766,28.00000,80.40000,73.70000,85.20000,2.16120,403.70139
2025-06-17 18:25:55+07:00,767,28.00000,79.80000,69.50000,82.50000,2.19596,403.68115
2025-06-17 18:26:45+07:00,768,28.00000,79.90000,65.30000,76.10000,2.13664,403.72849
2025-06-17 18:27:34+07:00,769,28.00000,80.40000,66.00000,77.80000,2.15135,403.72171
2025-06-17 18:28:24+07:00,770,28.00000,80.70000,63.80000,75.20000,2.10264,403.70816
2025-06-17 18:29:14+07:00,771,28.00000,81.00000,64.60000,75.90000,2.12688,403.68115
2025-06-17 18:30:04+07:00,772,27.90000,80.80000,66.50000,79.60000,2.09782,403.66772
2025-06-17 18:30:53+07:00,773,27.90000,81.00000,66.70000,78.50000,2.03126,403.67444
2025-06-17 18:31:43+07:00,774,27.90000,80.80000,65.70000,77.30000,1.87234,403.78320
2025-06-17 18:32:35+07:00,775,27.90000,81.00000,67.30000,80.00000,1.87673,403.70816
2025-06-17 18:33:25+07:00,776,27.90000,80.70000,66.70000,78.50000,1.95276,403.68790
2025-06-17 18:34:15+07:00,777,27.80000,80.30000,70.20000,83.10000,2.08820,403.70139
2025-06-17 18:35:05+07:00,778,27.80000,79.20000,70.70000,83.80000,2.05483,403.71494
2025-06-17 18:35:55+07:00,779,27.90000,79.50000,65.80000,80.00000,1.82452,403.74893
2025-06-17 18:36:46+07:00,780,27.90000,80.60000,67.50000,78.60000,1.84613,403.76260
2025-06-17 18:37:36+07:00,781,27.90000,80.80000,64.40000,77.90000,1.82883,403.69464
2025-06-17 18:38:26+07:00,782,27.80000,80.60000,68.60000,79.70000,1.93465,403.76260
2025-06-17 18:39:16+07:00,783,27.80000,80.40000,68.40000,81.50000,1.88997,403.74893
2025-06-17 18:40:10+07:00,784,27.80000,80.20000,67.80000,80.20000,1.87673,403.69464
2025-06-17 18:41:00+07:00,785,27.80000,79.20000,64.30000,77.70000,2.05957,403.71494
2025-06-17 18:41:50+07:00,786,27.90000,80.10000,62.70000,74.80000,1.98478,403.69464
2025-06-17 18:42:41+07:00,787,27.90000,80.40000,63.50000,74.00000,1.79462,403.64099
2025-06-17 18:43:32+07:00,788,27.90000,80.30000,59.20000,70.00000,1.84613,403.65436
2025-06-17 18:44:21+07:00,789,27.90000,80.40000,61.50000,72.30000,1.85483,403.64767
2025-06-17 18:45:12+07:00,790,27.90000,80.80000,58.50000,70.30000,1.83746,403.62769
2025-06-17 18:46:04+07:00,791,27.90000,81.00000,59.20000,71.20000,1.79886,403.66104
2025-06-17 18:47:49+07:00,792,27.90000,81.10000,61.00000,72.70000,1.83746,403.62103
2025-06-17 18:48:39+07:00,793,27.80000,80.90000,60.80000,72.10000,1.92116,403.61441
2025-06-17 18:49:30+07:00,794,27.80000,80.90000,59.90000,71.60000,1.92565,403.64099
2025-06-17 18:50:20+07:00,795,27.80000,81.20000,59.40000,69.40000,1.81166,403.64099
2025-06-17 18:51:14+07:00,796,27.80000,81.00000,62.40000,74.40000,1.82452,403.68790
2025-06-17 18:52:03+07:00,797,27.80000,81.10000,60.10000,70.80000,1.84613,403.60779
2025-06-17 18:52:53+07:00,798,27.80000,81.40000,58.60000,69.30000,1.86357,403.69464
2025-06-17 18:53:47+07:00,799,27.80000,81.40000,57.90000,70.40000,1.85920,403.62769
2025-06-17 18:54:39+07:00,800,27.80000,81.10000,60.30000,71.70000,1.84613,403.68115
2025-06-17 18:55:30+07:00,801,27.80000,80.60000,55.80000,65.40000,1.85920,403.63434
2025-06-17 18:56:22+07:00,802,27.90000,81.10000,57.10000,67.80000,1.85483,403.64767
2025-06-17 18:57:12+07:00,803,27.90000,80.70000,58.90000,68.70000,1.82023,403.57486
2025-06-17 18:58:01+07:00,804,27.90000,80.90000,54.60000,64.90000,1.82452,403.58142
2025-06-17 18:58:51+07:00,805,27.90000,80.90000,54.70000,65.30000,2.02658,403.52914
2025-06-17 18:59:41+07:00,806,27.90000,81.00000,55.40000,64.60000,1.82452,403.60779
2025-06-17 19:00:31+07:00,807,27.90000,80.70000,57.80000,68.60000,1.81166,403.56830
2025-06-17 19:01:20+07:00,808,27.90000,80.10000,53.10000,63.30000,1.83746,403.54868
2025-06-17 19:02:10+07:00,809,27.90000,80.80000,52.80000,64.10000,1.84613,403.61441
2025-06-17 19:02:59+07:00,810,27.90000,81.00000,53.30000,64.20000,1.82023,403.52264
2025-06-17 19:04:50+07:00,811,27.90000,80.90000,51.90000,59.40000,1.84179,403.52264
2025-06-17 19:06:30+07:00,812,27.80000,80.80000,55.20000,66.40000,1.86795,403.56830
2025-06-17 19:07:20+07:00,813,27.70000,80.50000,55.90000,70.10000,1.82452,403.56830
2025-06-17 19:08:10+07:00,814,27.70000,80.00000,56.00000,66.70000,1.82452,403.63434
2025-06-17 19:08:59+07:00,815,27.70000,80.10000,57.60000,67.80000,1.96187,403.54868
2025-06-17 19:09:49+07:00,816,27.70000,80.30000,55.60000,65.50000,1.82023,403.57486
2025-06-17 19:10:39+07:00,817,27.70000,79.80000,58.30000,70.60000,1.82883,403.59457
2025-06-17 19:11:28+07:00,818,27.70000,80.00000,54.60000,68.70000,1.82883,403.60779
2025-06-17 19:12:17+07:00,819,27.70000,78.90000,59.70000,73.70000,1.80738,403.56830
2025-06-17 19:13:07+07:00,820,27.70000,79.10000,57.50000,70.00000,1.85483,403.67444
2025-06-17 19:14:04+07:00,821,27.70000,79.00000,53.70000,63.60000,1.85048,403.61441
2025-06-17 19:14:58+07:00,822,27.70000,79.90000,54.70000,65.80000,1.82883,403.58801
2025-06-17 19:15:47+07:00,823,27.70000,80.50000,53.70000,62.20000,1.85048,403.58142
2025-06-17 19:16:37+07:00,824,27.70000,81.10000,54.10000,63.30000,1.97559,403.60120
2025-06-17 19:18:26+07:00,825,27.60000,80.50000,54.70000,65.00000,1.79462,403.58801
2025-06-17 19:19:16+07:00,826,27.60000,80.60000,56.90000,68.10000,1.78614,403.57486
2025-06-17 19:20:06+07:00,827,27.70000,80.30000,54.20000,65.20000,1.77770,403.54214
2025-06-17 19:20:58+07:00,828,27.70000,80.30000,53.30000,61.90000,1.85483,403.58801
2025-06-17 19:21:55+07:00,829,27.70000,80.40000,57.60000,66.30000,1.82883,403.52914
2025-06-17 19:22:51+07:00,830,27.60000,80.50000,54.20000,64.60000,1.82452,403.57486
2025-06-17 19:23:41+07:00,831,27.60000,80.70000,53.20000,62.00000,1.94822,403.52914
2025-06-17 19:24:34+07:00,832,27.50000,80.70000,54.70000,65.50000,1.93014,403.52914
2025-06-17 19:25:25+07:00,833,27.60000,80.70000,53.50000,61.80000,1.76510,403.49680
2025-06-17 19:26:15+07:00,834,27.50000,80.80000,51.90000,61.60000,1.88114,403.50323
2025-06-17 19:27:08+07:00,835,27.50000,80.80000,52.00000,60.20000,1.78614,403.53564
2025-06-17 19:27:59+07:00,836,27.60000,80.70000,54.60000,65.60000,1.79886,403.50970
2025-06-17 19:28:57+07:00,837,27.60000,80.60000,53.50000,62.60000,1.75674,403.54868
2025-06-17 19:30:43+07:00,838,27.70000,80.40000,54.00000,64.70000,1.82883,403.52264
2025-06-17 19:32:38+07:00,839,27.80000,80.20000,50.80000,60.80000,1.79462,403.53564
2025-06-17 19:33:34+07:00,840,27.70000,80.30000,52.50000,61.40000,1.79037,403.54868
2025-06-17 19:34:30+07:00,841,27.70000,80.90000,51.20000,60.20000,1.76510,403.52264
2025-06-17 19:35:24+07:00,842,27.60000,79.90000,50.40000,61.10000,1.78614,403.50323
2025-06-17 19:36:15+07:00,843,27.60000,79.00000,48.40000,59.40000,1.68697,403.47751
2025-06-17 19:37:10+07:00,844,27.70000,80.00000,49.40000,58.50000,1.78192,403.52914
2025-06-17 19:38:00+07:00,845,27.70000,80.00000,50.10000,60.00000,1.78614,403.51617
2025-06-17 19:38:52+07:00,846,27.70000,80.30000,47.60000,55.70000,1.74842,403.50323
2025-06-17 19:39:46+07:00,847,27.70000,80.60000,48.60000,58.90000,1.78614,403.49036
2025-06-17 19:40:40+07:00,848,27.80000,80.50000,49.90000,57.50000,1.88114,403.47751
2025-06-17 19:41:32+07:00,849,27.80000,80.40000,48.20000,56.20000,1.78192,403.47751
2025-06-17 19:43:18+07:00,850,27.70000,80.60000,48.20000,56.90000,1.77350,403.50970
2025-06-17 19:44:12+07:00,851,27.70000,80.60000,48.10000,59.80000,1.77350,403.54868
2025-06-17 19:45:07+07:00,852,27.70000,80.70000,46.40000,55.50000,1.77350,403.50323
2025-06-17 19:45:58+07:00,853,27.70000,80.60000,48.00000,57.50000,1.83746,403.54868
2025-06-17 19:46:53+07:00,854,27.70000,80.70000,46.50000,54.90000,1.75674,403.51617
2025-06-17 19:48:40+07:00,855,27.70000,80.80000,46.60000,55.80000,1.76929,403.52264
2025-06-17 19:49:32+07:00,856,27.80000,80.70000,46.70000,53.30000,1.76929,403.49680
2025-06-17 19:50:30+07:00,857,27.70000,80.90000,46.30000,55.20000,1.74012,403.49680
2025-06-17 19:51:31+07:00,858,27.80000,80.80000,46.50000,55.40000,1.73598,403.46469
2025-06-17 19:52:22+07:00,859,27.80000,80.80000,45.10000,53.20000,1.74426,403.45190
2025-06-17 19:53:14+07:00,860,27.80000,80.80000,47.10000,56.40000,1.74426,403.45831
2025-06-17 19:54:09+07:00,861,27.80000,80.60000,45.80000,53.10000,1.74426,403.45190
2025-06-17 19:55:02+07:00,862,27.80000,80.60000,46.50000,57.80000,1.76510,403.48392
2025-06-17 19:56:00+07:00,863,27.70000,80.00000,46.80000,55.20000,1.77350,403.52264
2025-06-17 19:56:52+07:00,864,27.70000,80.80000,45.70000,56.00000,1.74012,403.47751
2025-06-17 19:57:45+07:00,865,27.70000,80.30000,45.20000,55.80000,1.74012,403.47751
2025-06-17 19:58:36+07:00,866,27.70000,80.60000,45.80000,56.90000,1.73598,403.47110
2025-06-17 19:59:28+07:00,867,27.70000,80.30000,46.40000,54.90000,1.70318,403.48392
2025-06-17 20:00:25+07:00,868,27.70000,80.10000,45.50000,54.90000,1.72774,403.48392
2025-06-17 20:01:21+07:00,869,27.70000,79.90000,45.50000,54.50000,1.76510,403.45831
2025-06-17 20:02:12+07:00,870,27.70000,79.70000,45.00000,54.10000,1.74842,403.49036
2025-06-17 20:03:04+07:00,871,27.60000,80.10000,44.40000,52.10000,1.75674,403.45831
2025-06-17 20:03:55+07:00,872,27.70000,80.40000,44.90000,52.90000,1.70318,403.47751
2025-06-17 20:04:49+07:00,873,27.70000,80.10000,44.30000,52.70000,1.74842,403.49036
2025-06-17 20:05:39+07:00,874,27.70000,80.70000,44.60000,53.60000,1.72774,403.48392
2025-06-17 20:06:30+07:00,875,27.70000,80.70000,45.50000,54.00000,1.72774,403.46469
2025-06-17 20:07:21+07:00,876,27.60000,80.20000,43.20000,48.50000,1.72362,403.42648
2025-06-17 20:09:06+07:00,877,27.60000,80.60000,43.80000,51.70000,1.73598,403.48392
2025-06-17 20:09:57+07:00,878,27.60000,80.60000,43.50000,51.50000,1.75258,403.44556
2025-06-17 20:11:40+07:00,879,27.70000,81.20000,43.10000,52.30000,1.75258,403.43918
2025-06-17 20:12:30+07:00,880,27.70000,81.10000,42.60000,48.60000,1.74012,403.45190
2025-06-17 20:13:20+07:00,881,27.70000,81.10000,42.50000,51.50000,1.72774,403.42017
2025-06-17 20:14:10+07:00,882,27.70000,81.10000,40.70000,49.80000,1.74012,403.42648
2025-06-17 20:15:01+07:00,883,27.70000,80.50000,43.00000,50.90000,1.74426,403.48392
2025-06-17 20:15:51+07:00,884,27.70000,80.00000,41.40000,49.80000,1.74012,403.44556
2025-06-17 20:16:41+07:00,885,27.60000,79.30000,41.50000,50.60000,1.70318,403.35114
2025-06-17 20:17:31+07:00,886,27.60000,80.30000,41.00000,47.70000,1.71542,403.36984
2025-06-17 20:18:23+07:00,887,27.60000,80.90000,41.30000,49.50000,1.70725,403.43283
2025-06-17 20:19:13+07:00,888,27.70000,81.00000,42.60000,51.40000,1.71952,403.34491
2025-06-17 20:20:05+07:00,889,27.70000,81.00000,41.40000,49.40000,1.70725,403.32013
2025-06-17 20:21:00+07:00,890,27.70000,80.70000,41.40000,48.80000,1.69506,403.27103
2025-06-17 20:21:53+07:00,891,27.70000,80.80000,42.00000,49.90000,1.77350,403.44556
2025-06-17 20:22:43+07:00,892,27.70000,80.80000,40.60000,48.20000,1.70725,403.43283
2025-06-17 20:23:34+07:00,893,27.70000,80.60000,41.90000,48.40000,1.83314,403.40121
2025-06-17 20:24:26+07:00,894,27.70000,80.60000,40.60000,47.70000,1.77350,403.42648
2025-06-17 20:25:21+07:00,895,27.70000,80.60000,41.50000,46.60000,1.70318,403.42648
2025-06-17 20:26:16+07:00,896,27.80000,80.40000,40.60000,48.30000,1.63120,403.40121
2025-06-17 20:27:06+07:00,897,27.70000,80.50000,40.40000,49.30000,1.74012,403.45190
2025-06-17 20:28:00+07:00,898,27.70000,80.50000,41.30000,50.40000,1.68697,403.34491
2025-06-17 20:28:51+07:00,899,27.80000,80.30000,41.10000,48.20000,1.61164,403.35736
2025-06-17 20:29:44+07:00,900,27.80000,80.50000,40.70000,50.20000,1.72774,403.38864
2025-06-17 20:30:35+07:00,901,27.80000,80.50000,39.10000,44.90000,1.68697,403.33871
2025-06-17 20:31:28+07:00,902,27.80000,80.50000,39.20000,45.50000,1.71952,403.25885
2025-06-17 20:33:13+07:00,903,27.80000,80.40000,41.00000,47.80000,1.70318,403.27103
2025-06-17 20:34:07+07:00,904,27.80000,80.60000,40.10000,46.70000,1.69912,403.35736
2025-06-17 20:35:56+07:00,905,27.70000,80.60000,40.00000,46.90000,1.71542,403.32632
2025-06-17 20:36:49+07:00,906,27.80000,80.60000,39.50000,48.60000,1.78614,403.41382
2025-06-17 20:37:44+07:00,907,27.70000,80.60000,41.50000,48.10000,1.70725,403.35114
2025-06-17 20:38:37+07:00,908,27.70000,80.60000,40.20000,46.60000,1.67891,403.43283
2025-06-17 20:39:29+07:00,909,27.80000,80.60000,39.50000,48.20000,1.70318,403.43283
2025-06-17 20:40:21+07:00,910,27.80000,80.50000,39.60000,46.20000,1.67891,403.40753
2025-06-17 20:41:12+07:00,911,27.80000,80.50000,40.40000,47.60000,1.68697,403.27103
2025-06-17 20:42:04+07:00,912,27.80000,80.40000,39.70000,46.40000,1.66288,403.32013
2025-06-17 20:42:54+07:00,913,27.80000,80.40000,38.70000,47.30000,1.65889,403.36359
2025-06-17 20:43:49+07:00,914,27.70000,80.60000,39.60000,46.10000,1.71134,403.36984
2025-06-17 20:44:42+07:00,915,27.70000,80.80000,39.60000,45.90000,1.71542,403.46469
2025-06-17 20:45:32+07:00,916,27.60000,80.90000,40.40000,45.40000,1.67489,403.43918
2025-06-17 20:46:22+07:00,917,27.60000,80.80000,39.10000,43.90000,1.71952,403.47751
2025-06-17 20:48:14+07:00,918,27.60000,80.90000,38.90000,45.10000,1.68293,403.44556
2025-06-17 20:49:11+07:00,919,27.60000,81.10000,39.80000,48.20000,1.67891,403.43283
2025-06-17 20:50:06+07:00,920,27.60000,81.10000,39.30000,47.00000,1.68293,403.41382
2025-06-17 20:50:57+07:00,921,27.60000,81.20000,39.20000,44.90000,1.69506,403.46469
2025-06-17 20:52:46+07:00,922,27.70000,80.90000,39.80000,45.70000,1.66688,403.42017
2025-06-17 20:53:36+07:00,923,27.70000,81.00000,41.10000,48.00000,1.63120,403.48392
2025-06-17 20:54:28+07:00,924,27.70000,80.90000,39.10000,47.50000,1.65889,403.47110
2025-06-17 20:55:24+07:00,925,27.70000,81.10000,38.90000,46.70000,1.67489,403.44556
2025-06-17 20:56:14+07:00,926,27.70000,81.10000,39.70000,45.70000,1.74842,403.36984
2025-06-17 20:57:09+07:00,927,27.60000,81.20000,38.90000,44.30000,1.75674,403.37610
2025-06-17 20:58:01+07:00,928,27.60000,81.40000,40.50000,46.70000,1.70318,403.47751
2025-06-17 20:59:45+07:00,929,27.60000,81.40000,40.00000,47.40000,1.66688,403.46469
2025-06-17 21:00:36+07:00,930,27.70000,81.40000,39.50000,46.40000,1.76510,403.44556
2025-06-17 21:02:23+07:00,931,27.70000,81.30000,39.70000,46.00000,1.71542,403.47110
2025-06-17 21:03:16+07:00,932,27.70000,81.30000,39.60000,45.00000,1.68293,403.43918
2025-06-17 21:04:06+07:00,933,27.60000,81.40000,39.10000,45.40000,1.68697,403.48392
2025-06-17 21:04:58+07:00,934,27.60000,81.70000,38.50000,45.40000,1.71134,403.50323
2025-06-17 21:05:49+07:00,935,27.70000,81.70000,39.50000,45.00000,1.70318,403.47110
2025-06-17 21:06:39+07:00,936,27.70000,81.50000,40.50000,47.40000,1.69506,403.45831
2025-06-17 21:07:30+07:00,937,27.70000,81.40000,38.20000,46.10000,1.69506,403.43918
2025-06-17 21:08:24+07:00,938,27.70000,81.00000,39.10000,46.10000,1.70725,403.47751
2025-06-17 21:09:14+07:00,939,27.60000,80.60000,38.70000,45.80000,1.65094,403.48392
2025-06-17 21:10:05+07:00,940,27.70000,80.00000,40.00000,48.20000,1.72362,403.49680
2025-06-17 21:10:56+07:00,941,27.70000,80.60000,41.30000,48.20000,1.69912,403.49036
2025-06-17 21:11:45+07:00,942,27.60000,80.60000,44.90000,53.20000,1.70318,403.48392
2025-06-17 21:12:38+07:00,943,27.60000,80.20000,43.50000,50.70000,1.74012,403.49680
2025-06-17 21:13:31+07:00,944,27.60000,81.00000,53.50000,63.20000,1.71134,403.49680
2025-06-17 21:14:30+07:00,945,27.60000,81.00000,66.30000,78.80000,1.74012,403.48392
2025-06-17 21:15:24+07:00,946,27.60000,80.50000,81.20000,96.10000,1.72774,403.48392
2025-06-17 21:16:21+07:00,947,27.60000,81.20000,138.00000,164.00000,1.74842,403.56830
2025-06-17 21:17:18+07:00,948,27.60000,79.70000,171.10001,204.00000,1.72362,403.53564
2025-06-17 21:18:10+07:00,949,27.50000,80.10000,372.79999,428.20001,1.75674,403.56830
2025-06-17 21:19:00+07:00,950,27.40000,78.50000,387.20001,442.00000,1.76929,403.78320
2025-06-17 21:19:51+07:00,951,27.40000,77.80000,357.00000,405.89999,1.85920,403.90875
2025-06-17 21:21:32+07:00,952,27.40000,77.10000,298.39999,335.60001,1.89440,403.95139
2025-06-17 21:22:22+07:00,953,27.40000,77.10000,273.50000,308.39999,1.92565,404.00879
2025-06-17 21:23:12+07:00,954,27.30000,76.80000,245.00000,278.00000,1.90774,403.98718
2025-06-17 21:24:01+07:00,955,27.30000,76.70000,229.00000,263.29999,1.96187,403.98001
2025-06-17 21:24:53+07:00,956,27.30000,76.50000,216.10001,248.89999,1.91668,403.97284
2025-06-17 21:25:44+07:00,957,27.20000,76.50000,200.20000,233.39999,1.94822,403.94424
2025-06-17 21:26:35+07:00,958,27.20000,76.50000,189.39999,222.20000,1.95731,403.95139
2025-06-17 21:27:25+07:00,959,27.20000,76.50000,179.30000,213.39999,1.98478,403.94424
2025-06-17 21:28:14+07:00,960,27.20000,76.50000,171.30000,201.39999,1.96643,403.90875
2025-06-17 21:29:06+07:00,961,27.30000,76.00000,171.30000,201.70000,1.92565,403.90875
2025-06-17 21:29:58+07:00,962,27.20000,75.90000,161.50000,195.70000,1.98478,403.92291
2025-06-17 21:30:47+07:00,963,27.30000,75.80000,159.80000,191.10001,1.94822,403.90170
2025-06-17 21:31:38+07:00,964,27.20000,76.30000,158.70000,191.89999,1.98018,403.89465
2025-06-17 21:32:27+07:00,965,27.30000,76.80000,141.30000,172.39999,1.98939,403.88760
2025-06-17 21:33:18+07:00,966,27.50000,79.40000,141.60001,166.70000,2.33436,405.82745
2025-06-17 21:34:07+07:00,967,27.50000,78.00000,136.10001,159.60001,1.54656,405.30414
2025-06-17 21:34:57+07:00,968,27.40000,78.00000,129.70000,154.89999,1.48361,404.90613
2025-06-17 21:35:46+07:00,969,27.50000,78.00000,133.60001,159.00000,1.49091,404.63873
2025-06-17 21:36:35+07:00,970,27.50000,78.90000,106.40000,127.70000,1.53156,404.54968
2025-06-17 21:37:25+07:00,971,27.50000,79.60000,117.50000,138.70000,1.49823,404.44632
2025-06-17 21:38:14+07:00,972,27.50000,79.60000,109.30000,131.89999,1.47997,404.42276
2025-06-17 21:39:04+07:00,973,27.50000,80.00000,110.30000,128.60001,1.41921,404.36816
2025-06-17 21:39:56+07:00,974,27.50000,80.00000,110.80000,131.89999,1.44398,404.27588
2025-06-17 21:40:45+07:00,975,27.50000,80.20000,109.20000,129.70000,1.37068,404.26068
2025-06-17 21:41:37+07:00,976,27.50000,80.30000,111.10000,129.60001,1.40520,404.21527
2025-06-17 21:42:27+07:00,977,27.60000,80.40000,112.70000,134.20000,1.42625,404.18524
2025-06-17 21:45:13+07:00,978,27.50000,80.10000,119.80000,140.50000,1.45829,404.09622
2025-06-17 21:46:11+07:00,979,27.50000,80.30000,119.60000,144.30000,1.40520,404.06693
2025-06-17 21:47:03+07:00,980,27.50000,80.40000,119.40000,140.39999,1.45112,404.07422
2025-06-17 21:47:56+07:00,981,27.60000,80.30000,118.60000,136.50000,1.46910,404.03778
2025-06-17 21:48:48+07:00,982,27.60000,80.30000,118.50000,140.30000,1.49091,404.00879
2025-06-17 21:49:43+07:00,983,27.60000,80.20000,117.60000,137.60001,1.45470,403.98718
2025-06-17 21:50:37+07:00,984,27.50000,80.30000,119.40000,140.10001,1.40869,404.03778
2025-06-17 21:51:33+07:00,985,27.60000,80.20000,118.50000,143.20000,1.40520,404.00879
2025-06-17 21:52:23+07:00,986,27.60000,80.20000,120.40000,141.20000,1.41219,403.97284
2025-06-17 21:53:17+07:00,987,27.60000,80.10000,119.90000,141.30000,1.36386,403.93002
2025-06-17 21:54:09+07:00,988,27.60000,80.20000,116.70000,141.00000,1.30695,404.02325
2025-06-17 21:55:03+07:00,989,27.60000,80.20000,116.90000,139.00000,1.55789,403.95853
2025-06-17 21:55:55+07:00,990,27.60000,80.30000,115.80000,136.39999,1.51297,403.92291
2025-06-17 21:56:46+07:00,991,27.60000,80.30000,112.90000,134.30000,1.52039,403.91583
2025-06-17 21:57:40+07:00,992,27.60000,80.20000,112.00000,131.00000,1.50191,403.91583
2025-06-17 21:58:33+07:00,993,27.60000,80.30000,111.80000,130.60001,1.53905,403.93002
2025-06-17 21:59:25+07:00,994,27.60000,80.20000,111.00000,131.70000,1.51297,403.90170
2025-06-17 22:00:17+07:00,995,27.60000,80.20000,112.10000,132.89999,1.53530,403.84555
2025-06-17 22:01:10+07:00,996,27.60000,80.20000,108.60000,129.80000,1.51667,403.91583
2025-06-17 22:02:02+07:00,997,27.60000,80.30000,109.00000,130.39999,1.56168,403.93002
2025-06-17 22:02:59+07:00,998,27.60000,80.40000,109.90000,129.50000,1.53530,403.93713
2025-06-17 22:03:52+07:00,999,27.60000,80.30000,108.40000,129.89999,1.55789,403.97284
2025-06-17 22:04:46+07:00,1000,27.60000,80.30000,109.80000,128.89999,1.51297,403.94424
2025-06-17 22:05:39+07:00,1001,27.60000,80.40000,104.60000,121.90000,1.53905,403.87354
2025-06-17 22:07:25+07:00,1002,27.60000,80.50000,101.70000,120.30000,1.55789,403.90875
2025-06-17 22:08:15+07:00,1003,27.60000,80.50000,109.10000,126.40000,1.58458,403.91583
2025-06-17 22:09:11+07:00,1004,27.60000,80.40000,104.80000,123.80000,1.57310,403.90875
2025-06-17 22:10:01+07:00,1005,27.50000,80.60000,101.30000,118.60000,1.52039,403.89465
2025-06-17 22:10:54+07:00,1006,27.60000,80.70000,102.80000,121.70000,1.51667,403.82468
2025-06-17 22:11:43+07:00,1007,27.50000,80.70000,101.50000,118.80000,1.52783,403.91583
2025-06-17 22:13:30+07:00,1008,27.50000,80.80000,101.10000,120.90000,1.59614,403.85953
2025-06-17 22:14:21+07:00,1009,27.50000,80.60000,100.40000,117.70000,1.55789,403.84555
2025-06-17 22:15:11+07:00,1010,27.60000,80.60000,101.70000,120.80000,1.54656,403.84555
2025-06-17 22:16:03+07:00,1011,27.60000,80.70000,98.40000,117.40000,1.50191,403.79010
2025-06-17 22:16:54+07:00,1012,27.50000,80.80000,99.10000,116.60000,1.55033,403.88055
2025-06-17 22:17:46+07:00,1013,27.50000,80.20000,98.10000,115.30000,1.59228,403.75577
2025-06-17 22:18:37+07:00,1014,27.40000,80.70000,94.80000,110.60000,1.57692,403.76260
2025-06-17 22:19:29+07:00,1015,27.40000,80.90000,97.40000,116.20000,1.62335,403.74213
2025-06-17 22:20:25+07:00,1016,27.40000,80.80000,99.80000,117.80000,1.66288,403.81082
2025-06-17 22:21:17+07:00,1017,27.40000,80.80000,99.30000,117.20000,1.60775,403.74893
2025-06-17 22:22:06+07:00,1018,27.50000,80.80000,99.00000,117.10000,1.65094,403.82468
2025-06-17 22:22:56+07:00,1019,27.50000,80.70000,98.40000,118.00000,1.61164,403.77634
2025-06-17 22:23:51+07:00,1020,27.50000,80.50000,96.00000,114.30000,1.59228,403.70139
2025-06-17 22:24:43+07:00,1021,27.50000,80.60000,96.70000,114.90000,1.58458,403.79010
2025-06-17 22:25:33+07:00,1022,27.50000,80.50000,96.30000,112.90000,1.60775,403.69464
2025-06-17 22:26:26+07:00,1023,27.40000,80.70000,97.50000,114.60000,1.60000,403.73529
2025-06-17 22:27:18+07:00,1024,27.40000,80.80000,95.60000,113.60000,1.57310,403.82468
2025-06-17 22:28:07+07:00,1025,27.50000,80.70000,94.40000,108.50000,1.56929,403.80389
2025-06-17 22:29:07+07:00,1026,27.50000,80.60000,93.00000,110.60000,1.61164,403.68115
2025-06-17 22:30:01+07:00,1027,27.50000,80.60000,92.10000,109.00000,1.59228,403.64767
2025-06-17 22:30:51+07:00,1028,27.50000,80.60000,89.10000,105.60000,1.56929,403.77634
2025-06-17 22:31:44+07:00,1029,27.50000,80.80000,86.50000,102.20000,1.62335,403.72171
2025-06-17 22:32:37+07:00,1030,27.50000,80.70000,86.00000,100.60000,1.58458,403.66772
2025-06-17 22:33:27+07:00,1031,27.50000,80.70000,87.90000,107.40000,1.61164,403.68115
2025-06-17 22:34:19+07:00,1032,27.50000,80.60000,87.50000,102.20000,1.58075,403.70816
2025-06-17 22:35:13+07:00,1033,27.50000,80.60000,84.80000,103.20000,1.56929,403.70816
2025-06-17 22:36:06+07:00,1034,27.50000,80.60000,86.30000,102.30000,1.60775,403.65436
2025-06-17 22:36:55+07:00,1035,27.40000,80.80000,86.10000,100.80000,1.58843,403.64767
2025-06-17 22:37:45+07:00,1036,27.50000,80.60000,87.60000,105.40000,1.54280,403.70139
2025-06-17 22:38:34+07:00,1037,27.50000,80.50000,86.30000,102.50000,1.55033,403.65436
2025-06-17 22:39:23+07:00,1038,27.60000,80.50000,87.70000,105.90000,1.56929,403.62769
2025-06-17 22:40:13+07:00,1039,27.60000,80.30000,87.40000,103.10000,1.56548,403.62769
2025-06-17 22:41:02+07:00,1040,27.60000,80.20000,81.90000,99.30000,1.55033,403.68115
2025-06-17 22:41:52+07:00,1041,27.60000,80.20000,84.00000,100.00000,1.52410,403.65436
2025-06-17 22:42:41+07:00,1042,27.60000,80.10000,85.20000,100.70000,1.52039,403.58801
2025-06-17 22:43:30+07:00,1043,27.60000,80.30000,83.90000,99.40000,1.53156,403.64767
2025-06-17 22:44:20+07:00,1044,27.60000,80.30000,82.20000,98.20000,1.54280,403.67444
2025-06-17 22:45:09+07:00,1045,27.60000,80.20000,83.40000,99.00000,1.53530,403.62103
2025-06-17 22:45:58+07:00,1046,27.60000,80.20000,80.80000,97.70000,1.56168,403.67444
2025-06-17 22:46:48+07:00,1047,27.50000,80.30000,81.70000,95.10000,1.50559,403.58142
2025-06-17 22:47:37+07:00,1048,27.60000,80.20000,81.60000,97.10000,1.55411,403.63434
2025-06-17 22:48:27+07:00,1049,27.60000,80.20000,79.70000,94.70000,1.52410,403.60120
2025-06-17 22:49:16+07:00,1050,27.60000,80.20000,79.50000,93.90000,1.57310,403.57486
2025-06-17 22:50:05+07:00,1051,27.60000,80.20000,78.80000,92.00000,1.56168,403.60120
2025-06-17 22:50:55+07:00,1052,27.50000,80.30000,79.60000,93.90000,1.53905,403.62769
2025-06-17 22:51:44+07:00,1053,27.40000,80.50000,82.30000,98.20000,1.55789,403.61441
2025-06-17 22:52:34+07:00,1054,27.40000,80.70000,80.80000,95.90000,1.49457,403.58142
2025-06-17 22:53:23+07:00,1055,27.40000,80.90000,80.70000,95.00000,1.50559,403.62103
2025-06-17 22:54:13+07:00,1056,27.40000,80.70000,76.90000,94.60000,1.51297,403.62769
2025-06-17 22:55:02+07:00,1057,27.50000,80.70000,74.90000,90.20000,1.53530,403.56174
2025-06-17 22:55:51+07:00,1058,27.50000,80.60000,74.90000,89.00000,1.54656,403.53564
2025-06-17 22:56:41+07:00,1059,27.50000,80.70000,71.70000,87.00000,1.57310,403.58142
2025-06-17 22:57:33+07:00,1060,27.50000,80.60000,72.00000,86.70000,1.52410,403.56174
2025-06-17 22:58:22+07:00,1061,27.60000,80.50000,76.20000,92.80000,1.52039,403.54214
2025-06-17 22:59:12+07:00,1062,27.50000,80.30000,75.10000,87.20000,1.50191,403.57486
2025-06-17 23:00:01+07:00,1063,27.50000,80.50000,72.50000,84.90000,1.50191,403.52914
2025-06-17 23:00:51+07:00,1064,27.50000,80.60000,73.40000,86.90000,1.56168,403.53564
2025-06-17 23:01:40+07:00,1065,27.50000,80.50000,74.70000,88.60000,1.52783,403.50323
2025-06-17 23:02:30+07:00,1066,27.50000,80.50000,74.70000,86.90000,1.55789,403.54214
2025-06-17 23:03:19+07:00,1067,27.50000,80.20000,73.50000,88.50000,1.53156,403.50323
2025-06-17 23:04:08+07:00,1068,27.40000,80.70000,74.00000,87.40000,1.53905,403.53564
2025-06-17 23:04:58+07:00,1069,27.40000,80.60000,76.30000,89.20000,1.54656,403.59457
2025-06-17 23:05:47+07:00,1070,27.30000,80.80000,76.40000,89.70000,1.53156,403.51617
2025-06-17 23:06:36+07:00,1071,27.30000,80.90000,75.70000,90.00000,1.56548,403.68115
2025-06-17 23:07:26+07:00,1072,27.30000,81.00000,76.90000,89.90000,1.52783,403.57486
2025-06-17 23:08:15+07:00,1073,27.30000,81.00000,75.40000,86.60000,1.53905,403.54214
2025-06-17 23:09:04+07:00,1074,27.30000,81.10000,73.90000,89.90000,1.54656,403.57486
2025-06-17 23:09:54+07:00,1075,27.30000,81.10000,74.40000,87.30000,1.56548,403.54214
2025-06-17 23:10:43+07:00,1076,27.30000,81.00000,73.30000,87.40000,1.53530,403.50323
2025-06-17 23:11:33+07:00,1077,27.40000,81.10000,70.60000,83.80000,1.61164,403.53564
2025-06-17 23:12:22+07:00,1078,27.40000,79.90000,73.30000,84.30000,1.53530,403.48392
2025-06-17 23:13:11+07:00,1079,27.40000,80.70000,72.00000,88.40000,1.64698,403.49680
2025-06-17 23:14:01+07:00,1080,27.30000,81.00000,73.20000,86.40000,1.58843,403.50323
2025-06-17 23:14:53+07:00,1081,27.30000,81.10000,72.00000,84.60000,1.53905,403.49680
2025-06-17 23:15:42+07:00,1082,27.30000,81.10000,71.00000,84.60000,1.58075,403.51617
2025-06-17 23:16:31+07:00,1083,27.30000,81.10000,74.20000,85.80000,1.52039,403.45831
2025-06-17 23:17:21+07:00,1084,27.30000,80.90000,70.60000,83.60000,1.55411,403.53564
2025-06-17 23:18:10+07:00,1085,27.40000,81.00000,72.60000,85.50000,1.53530,403.50323
2025-06-17 23:19:02+07:00,1086,27.40000,80.70000,69.00000,83.80000,1.56548,403.49036
2025-06-17 23:19:52+07:00,1087,27.40000,80.70000,70.70000,83.00000,1.56168,403.51617
2025-06-17 23:20:41+07:00,1088,27.40000,80.60000,69.80000,81.20000,1.58458,403.52914
2025-06-17 23:21:31+07:00,1089,27.40000,80.60000,70.30000,79.70000,1.55789,403.50970
2025-06-17 23:22:24+07:00,1090,27.30000,80.80000,65.80000,77.70000,1.58075,403.48392
2025-06-17 23:23:14+07:00,1091,27.30000,80.80000,67.00000,78.30000,1.57310,403.45831
2025-06-17 23:24:03+07:00,1092,27.30000,80.80000,65.50000,76.40000,1.55411,403.49680
2025-06-17 23:25:51+07:00,1093,27.30000,81.00000,64.50000,77.30000,1.55033,403.43918
2025-06-17 23:26:44+07:00,1094,27.30000,81.00000,64.20000,76.80000,1.54280,403.50323
2025-06-17 23:27:33+07:00,1095,27.30000,80.90000,65.40000,78.90000,1.54280,403.48392
2025-06-17 23:29:14+07:00,1096,27.20000,81.00000,63.60000,77.20000,1.56548,403.44556
2025-06-17 23:30:07+07:00,1097,27.20000,81.20000,64.00000,75.20000,1.51297,403.47110
2025-06-17 23:30:56+07:00,1098,27.20000,81.00000,63.80000,76.70000,1.52783,403.47751
2025-06-17 23:31:45+07:00,1099,27.20000,80.90000,62.80000,73.30000,1.55789,403.44556
2025-06-17 23:32:35+07:00,1100,27.20000,81.10000,61.50000,71.90000,1.55411,403.44556
2025-06-17 23:33:24+07:00,1101,27.20000,81.10000,60.40000,70.50000,1.49823,403.48392
2025-06-17 23:34:13+07:00,1102,27.20000,81.10000,60.70000,72.70000,1.49091,403.46469
2025-06-17 23:35:03+07:00,1103,27.20000,80.90000,59.20000,72.70000,1.52039,403.43283
2025-06-17 23:35:57+07:00,1104,27.20000,81.00000,60.40000,72.70000,1.50928,403.46469
2025-06-17 23:36:51+07:00,1105,27.20000,81.00000,60.00000,71.30000,1.56929,403.46469
2025-06-17 23:37:40+07:00,1106,27.20000,81.10000,59.50000,69.40000,1.50928,403.45190
2025-06-17 23:38:32+07:00,1107,27.20000,81.00000,60.40000,70.40000,1.50928,403.45831
2025-06-17 23:39:22+07:00,1108,27.20000,81.00000,59.70000,69.30000,1.49091,403.43918
2025-06-17 23:40:11+07:00,1109,27.20000,81.00000,58.10000,67.10000,1.49091,403.23462
2025-06-17 23:41:01+07:00,1110,27.20000,81.10000,55.50000,65.80000,1.47997,403.32632
2025-06-17 23:41:50+07:00,1111,27.20000,81.00000,57.40000,69.80000,1.49457,403.41382
2025-06-17 23:42:42+07:00,1112,27.30000,80.80000,55.80000,66.50000,1.50191,403.36359
2025-06-17 23:43:32+07:00,1113,27.30000,80.80000,54.90000,65.80000,1.48361,403.42017
2025-06-17 23:44:21+07:00,1114,27.20000,81.10000,56.40000,66.00000,1.49457,403.35736
2025-06-17 23:45:10+07:00,1115,27.20000,81.00000,55.60000,66.40000,1.50191,403.35114
2025-06-17 23:46:00+07:00,1116,27.20000,81.10000,56.60000,65.90000,1.50191,403.27103
2025-06-17 23:46:49+07:00,1117,27.20000,81.10000,54.50000,65.90000,1.49457,403.42648
2025-06-17 23:47:39+07:00,1118,27.20000,81.10000,52.20000,62.20000,1.49457,403.41382
2025-06-17 23:48:28+07:00,1119,27.20000,81.00000,54.70000,65.50000,1.50559,403.36359
2025-06-17 23:49:18+07:00,1120,27.20000,80.90000,54.70000,65.00000,1.50559,403.35736
2025-06-17 23:50:07+07:00,1121,27.20000,81.00000,53.60000,63.60000,1.48361,403.33871
2025-06-17 23:50:57+07:00,1122,27.20000,81.00000,54.60000,66.20000,1.49823,403.27103
2025-06-17 23:51:49+07:00,1123,27.20000,81.10000,51.20000,59.50000,1.45829,403.26495
2025-06-17 23:52:39+07:00,1124,27.20000,81.00000,52.10000,61.80000,1.47271,403.27103
2025-06-17 23:53:29+07:00,1125,27.10000,81.10000,49.00000,58.30000,1.45829,403.25885
2025-06-17 23:54:18+07:00,1126,27.20000,81.00000,51.20000,61.10000,1.49823,403.26495
2025-06-17 23:55:07+07:00,1127,27.20000,80.90000,51.60000,60.10000,1.45112,403.27103
2025-06-17 23:56:00+07:00,1128,27.20000,80.90000,47.50000,57.50000,1.48361,403.19852
2025-06-17 23:56:49+07:00,1129,27.30000,80.70000,50.20000,60.00000,1.46910,403.22253
2025-06-17 23:57:39+07:00,1130,27.30000,80.60000,49.50000,59.50000,1.48361,403.21051
2025-06-17 23:58:31+07:00,1131,27.30000,80.70000,50.60000,58.30000,1.47997,403.19254
2025-06-17 23:59:20+07:00,1132,27.30000,80.60000,49.70000,58.90000,1.46910,403.20450
2025-06-18 00:00:10+07:00,1133,27.20000,80.80000,46.90000,55.80000,1.44042,403.26495
2025-06-18 00:01:00+07:00,1134,27.20000,80.80000,50.40000,59.30000,1.47997,403.25885
2025-06-18 00:01:49+07:00,1135,27.20000,80.80000,49.10000,59.10000,1.45829,403.22253
2025-06-18 00:02:39+07:00,1136,27.20000,80.90000,48.90000,58.10000,1.42272,403.16870
2025-06-18 00:03:28+07:00,1137,27.10000,81.00000,49.40000,59.10000,1.47997,403.21051
2025-06-18 00:04:17+07:00,1138,27.10000,80.90000,47.20000,57.50000,1.43687,403.23462
2025-06-18 00:05:07+07:00,1139,27.20000,80.90000,47.10000,57.20000,1.44042,403.21652
2025-06-18 00:06:00+07:00,1140,27.20000,80.90000,46.10000,55.30000,1.44398,403.24066
2025-06-18 00:06:49+07:00,1141,27.20000,80.80000,45.40000,54.90000,1.42978,403.25278
2025-06-18 00:07:39+07:00,1142,27.20000,80.90000,46.10000,55.20000,1.42625,403.19254
2025-06-18 00:08:28+07:00,1143,27.20000,80.80000,45.60000,54.10000,1.41921,403.21652
2025-06-18 00:09:21+07:00,1144,27.20000,80.70000,45.20000,53.60000,1.44755,403.15091
2025-06-18 00:10:10+07:00,1145,27.20000,80.60000,44.70000,55.40000,1.42625,403.19852
2025-06-18 00:11:00+07:00,1146,27.20000,80.60000,44.20000,51.80000,1.42978,403.15091
2025-06-18 00:11:49+07:00,1147,27.20000,80.60000,43.00000,53.50000,1.42978,403.17465
2025-06-18 00:12:39+07:00,1148,27.20000,80.60000,42.40000,49.80000,1.40869,403.16870
2025-06-18 00:13:28+07:00,1149,27.20000,80.50000,39.80000,47.50000,1.49823,403.14499
2025-06-18 00:14:18+07:00,1150,27.20000,79.90000,43.40000,50.90000,1.42978,403.17465
2025-06-18 00:15:07+07:00,1151,27.20000,80.40000,44.60000,53.50000,1.42272,403.12732
2025-06-18 00:15:57+07:00,1152,27.10000,80.70000,42.50000,50.50000,1.36726,403.16870
2025-06-18 00:16:46+07:00,1153,27.10000,80.80000,43.60000,51.90000,1.40172,403.18060
2025-06-18 00:17:35+07:00,1154,27.10000,80.80000,43.40000,53.00000,1.40172,403.17465
2025-06-18 00:18:25+07:00,1155,27.10000,80.90000,42.10000,52.30000,1.41219,403.15683
2025-06-18 00:19:18+07:00,1156,27.10000,80.70000,41.70000,50.10000,1.38096,403.15683
2025-06-18 00:20:07+07:00,1157,27.10000,80.60000,38.20000,45.30000,1.41921,403.18655
2025-06-18 00:20:56+07:00,1158,27.20000,80.50000,41.40000,50.30000,1.36386,403.11560
2025-06-18 00:21:46+07:00,1159,27.20000,80.50000,41.80000,47.50000,1.38096,403.14499
2025-06-18 00:22:35+07:00,1160,27.20000,80.40000,41.70000,49.90000,1.36045,403.18060
2025-06-18 00:23:24+07:00,1161,27.20000,80.40000,41.70000,49.60000,1.35029,403.16870
2025-06-18 00:24:14+07:00,1162,27.10000,80.40000,40.40000,48.80000,1.38785,403.14499
2025-06-18 00:25:03+07:00,1163,27.10000,80.50000,39.80000,48.10000,1.37753,403.11560
2025-06-18 00:25:53+07:00,1164,27.10000,80.50000,40.10000,47.60000,1.39131,403.15683
2025-06-18 00:26:42+07:00,1165,27.10000,80.50000,39.00000,46.80000,1.44042,403.13321
2025-06-18 00:27:31+07:00,1166,27.10000,80.60000,39.10000,48.90000,1.33349,403.15091
2025-06-18 00:28:21+07:00,1167,27.10000,80.50000,39.00000,47.10000,1.37068,403.13910
2025-06-18 00:29:10+07:00,1168,27.10000,80.40000,38.20000,46.40000,1.37410,403.10388
2025-06-18 00:29:59+07:00,1169,27.10000,80.50000,40.10000,46.80000,1.34692,403.12732
2025-06-18 00:30:49+07:00,1170,27.10000,80.50000,37.70000,45.50000,1.37410,403.13910
2025-06-18 00:31:38+07:00,1171,27.10000,80.30000,38.70000,47.80000,1.34019,403.10388
2025-06-18 00:32:28+07:00,1172,27.10000,80.30000,35.70000,44.00000,1.38785,403.15683
2025-06-18 00:33:17+07:00,1173,27.20000,80.20000,35.30000,42.60000,1.37068,403.12146
2025-06-18 00:34:06+07:00,1174,27.30000,79.80000,35.90000,43.80000,1.37753,403.09222
2025-06-18 00:34:56+07:00,1175,27.20000,79.90000,36.40000,43.60000,1.37410,403.07480
2025-06-18 00:35:45+07:00,1176,27.10000,80.10000,36.30000,42.90000,1.40869,403.07480
2025-06-18 00:36:35+07:00,1177,27.10000,80.10000,34.60000,41.20000,1.38096,403.02872
2025-06-18 00:37:24+07:00,1178,27.10000,80.10000,36.10000,43.20000,1.39824,403.06323
2025-06-18 00:38:13+07:00,1179,27.00000,80.30000,35.60000,44.80000,1.37410,403.04019
2025-06-18 00:39:03+07:00,1180,27.00000,80.50000,34.70000,41.20000,1.40520,403.03445
2025-06-18 00:39:52+07:00,1181,27.00000,80.60000,34.40000,42.10000,1.39477,403.02298
2025-06-18 00:40:42+07:00,1182,26.90000,80.70000,33.90000,41.60000,1.39477,403.03445
2025-06-18 00:41:31+07:00,1183,26.90000,80.80000,34.40000,39.80000,1.38441,403.08060
2025-06-18 00:42:20+07:00,1184,26.90000,80.90000,35.20000,41.50000,1.35706,403.02298
2025-06-18 00:43:10+07:00,1185,26.90000,81.00000,35.20000,42.30000,1.37410,403.05743
2025-06-18 00:43:59+07:00,1186,26.90000,81.00000,35.80000,42.70000,1.39824,403.08640
2025-06-18 00:44:48+07:00,1187,26.90000,80.90000,34.20000,39.30000,1.38096,403.09222
2025-06-18 00:45:38+07:00,1188,27.00000,80.80000,33.90000,39.80000,1.41219,403.03445
2025-06-18 00:46:27+07:00,1189,27.00000,80.80000,35.20000,41.30000,1.40520,403.06900
2025-06-18 00:47:16+07:00,1190,27.00000,80.70000,34.00000,40.40000,1.39477,403.06323
2025-06-18 00:48:06+07:00,1191,27.00000,80.60000,34.00000,41.10000,1.39477,403.04593
2025-06-18 00:48:55+07:00,1192,27.00000,80.60000,34.40000,41.20000,1.37068,403.00589
2025-06-18 00:49:45+07:00,1193,27.10000,80.50000,34.60000,40.90000,1.37068,403.04019
2025-06-18 00:50:34+07:00,1194,27.10000,80.40000,34.20000,40.20000,1.34692,403.05170
2025-06-18 00:51:23+07:00,1195,27.00000,80.50000,32.80000,38.50000,1.38441,402.96628
2025-06-18 00:52:13+07:00,1196,27.00000,80.60000,33.30000,40.10000,1.34692,403.01727
2025-06-18 00:53:02+07:00,1197,27.00000,80.70000,33.50000,40.90000,1.38096,403.00021
2025-06-18 00:53:51+07:00,1198,27.00000,80.70000,33.10000,38.60000,1.35706,402.99454
2025-06-18 00:54:41+07:00,1199,27.00000,80.80000,32.40000,37.30000,1.38441,403.05170
2025-06-18 00:55:30+07:00,1200,27.00000,80.80000,32.50000,39.30000,1.39477,403.00589
2025-06-18 00:56:19+07:00,1201,26.90000,80.80000,33.30000,40.10000,1.30695,403.03445
2025-06-18 00:57:09+07:00,1202,27.00000,80.80000,31.30000,37.20000,1.38096,402.97754
2025-06-18 00:57:58+07:00,1203,27.00000,80.80000,31.90000,37.30000,1.36386,403.00589
2025-06-18 00:58:48+07:00,1204,27.00000,80.70000,32.10000,38.50000,1.35706,403.03445
2025-06-18 00:59:37+07:00,1205,27.00000,80.60000,31.20000,38.10000,1.36726,403.01157
2025-06-18 01:00:26+07:00,1206,27.00000,80.60000,30.40000,37.70000,1.34692,403.03445
2025-06-18 01:01:16+07:00,1207,27.10000,80.40000,32.30000,38.40000,1.33015,403.05170
2025-06-18 01:02:05+07:00,1208,27.10000,80.40000,31.70000,37.90000,1.37068,403.02872
2025-06-18 01:02:54+07:00,1209,27.10000,80.30000,31.20000,38.90000,1.34019,402.99454
2025-06-18 01:03:44+07:00,1210,27.10000,80.30000,30.40000,38.20000,1.39477,402.98322
2025-06-18 01:04:33+07:00,1211,27.10000,80.30000,31.10000,37.70000,1.35706,402.95505
2025-06-18 01:05:23+07:00,1212,27.00000,80.50000,31.00000,37.30000,1.36045,402.98886
2025-06-18 01:06:12+07:00,1213,27.00000,80.40000,30.70000,38.00000,1.33683,403.03445
2025-06-18 01:07:01+07:00,1214,27.00000,80.40000,30.30000,36.90000,1.39131,403.02872
2025-06-18 01:07:51+07:00,1215,27.00000,80.50000,31.10000,37.20000,1.35029,402.99454
2025-06-18 01:08:40+07:00,1216,27.00000,80.50000,30.10000,36.20000,1.36386,402.98322
2025-06-18 01:09:29+07:00,1217,27.10000,80.40000,30.40000,36.70000,1.32016,403.03445
2025-06-18 01:10:19+07:00,1218,27.00000,80.40000,30.70000,35.70000,1.33349,402.96066
2025-06-18 01:11:08+07:00,1219,27.00000,80.50000,30.10000,36.10000,1.34355,403.01157
2025-06-18 01:11:58+07:00,1220,27.00000,80.50000,29.30000,35.50000,1.31354,402.98322
2025-06-18 01:12:47+07:00,1221,27.00000,80.50000,29.10000,34.20000,1.43332,402.97754
2025-06-18 01:13:37+07:00,1222,27.00000,80.60000,29.70000,35.70000,1.36726,402.96628
2025-06-18 01:14:26+07:00,1223,27.00000,80.50000,29.60000,35.80000,1.38096,402.97192
2025-06-18 01:15:16+07:00,1224,27.00000,80.60000,29.00000,35.60000,1.31354,402.95505
2025-06-18 01:16:05+07:00,1225,27.00000,80.60000,28.70000,35.00000,1.36726,402.97754
2025-06-18 01:16:54+07:00,1226,27.00000,80.60000,28.80000,34.60000,1.33015,402.96628
2025-06-18 01:17:44+07:00,1227,27.00000,80.80000,27.50000,32.10000,1.34692,402.96066
2025-06-18 01:18:34+07:00,1228,26.90000,80.80000,28.90000,35.30000,1.31685,402.96628
2025-06-18 01:19:23+07:00,1229,26.90000,80.90000,28.00000,35.00000,1.35367,402.91599
2025-06-18 01:20:12+07:00,1230,26.90000,81.10000,27.90000,32.20000,1.35367,402.97192
2025-06-18 01:21:02+07:00,1231,26.90000,81.10000,27.90000,33.60000,1.33683,402.93826
2025-06-18 01:21:51+07:00,1232,26.90000,81.00000,27.50000,33.10000,1.31685,402.89938
2025-06-18 01:22:40+07:00,1233,26.90000,81.10000,27.90000,33.90000,1.30695,402.83371
2025-06-18 01:23:30+07:00,1234,26.90000,81.00000,27.90000,33.30000,1.31024,402.96066
2025-06-18 01:24:19+07:00,1235,26.90000,81.10000,27.20000,33.80000,1.33015,402.90491
2025-06-18 01:25:09+07:00,1236,26.90000,81.20000,27.30000,32.70000,1.30038,402.89938
2025-06-18 01:25:58+07:00,1237,26.80000,81.20000,26.70000,32.60000,1.30366,402.93826
2025-06-18 01:26:47+07:00,1238,26.80000,81.20000,26.70000,31.80000,1.32016,402.90491
2025-06-18 01:27:37+07:00,1239,26.80000,81.20000,26.50000,31.90000,1.32016,402.91043
2025-06-18 01:28:26+07:00,1240,26.80000,81.10000,25.50000,31.40000,1.34692,402.93826
2025-06-18 01:29:16+07:00,1241,26.80000,81.20000,26.20000,29.50000,1.29058,402.91043
2025-06-18 01:30:07+07:00,1242,26.80000,81.20000,25.70000,30.80000,1.33683,402.92709
2025-06-18 01:30:57+07:00,1243,26.80000,81.20000,25.70000,32.10000,1.28083,402.82831
2025-06-18 01:31:47+07:00,1244,26.80000,81.20000,25.60000,30.00000,1.31354,402.89938
2025-06-18 01:32:36+07:00,1245,26.80000,81.20000,25.40000,30.60000,1.32349,402.91599
2025-06-18 01:33:26+07:00,1246,26.80000,81.20000,25.60000,31.60000,1.32016,402.88834
2025-06-18 01:34:15+07:00,1247,26.80000,81.20000,24.90000,30.40000,1.29058,402.91043
2025-06-18 01:35:04+07:00,1248,26.80000,81.10000,24.90000,29.60000,1.30366,402.88834
2025-06-18 01:35:54+07:00,1249,26.80000,81.20000,25.10000,29.30000,1.29711,402.86639
2025-06-18 01:36:46+07:00,1250,26.80000,81.20000,25.10000,30.00000,1.30695,402.89386
2025-06-18 01:37:35+07:00,1251,26.80000,81.10000,24.80000,30.40000,1.31024,402.91043
2025-06-18 01:38:25+07:00,1252,26.90000,80.90000,24.30000,29.10000,1.28407,402.93826
2025-06-18 01:39:15+07:00,1253,26.90000,80.80000,25.10000,30.30000,1.30366,402.91043
2025-06-18 01:40:04+07:00,1254,27.00000,80.50000,24.00000,30.20000,1.32349,402.91599
2025-06-18 01:40:54+07:00,1255,27.00000,80.30000,24.00000,29.00000,1.31024,402.88284
2025-06-18 01:41:43+07:00,1256,27.00000,79.90000,23.70000,29.00000,1.30695,402.91043
2025-06-18 01:42:32+07:00,1257,26.90000,80.50000,23.60000,27.50000,1.29058,402.97754
2025-06-18 01:43:22+07:00,1258,26.90000,80.70000,24.30000,29.50000,1.30366,402.91043
2025-06-18 01:44:11+07:00,1259,26.90000,80.60000,24.10000,28.70000,1.27437,402.89386
2025-06-18 01:45:01+07:00,1260,26.90000,80.50000,23.50000,28.70000,1.34692,402.91599
2025-06-18 01:45:50+07:00,1261,27.00000,80.40000,23.30000,27.40000,1.29058,402.97192
2025-06-18 01:46:40+07:00,1262,27.00000,80.20000,24.50000,28.40000,1.32016,402.91043
2025-06-18 01:47:32+07:00,1263,27.00000,80.20000,24.80000,29.90000,1.29058,402.89386
2025-06-18 01:48:21+07:00,1264,26.90000,80.20000,23.80000,29.30000,1.29711,402.90491
2025-06-18 01:49:11+07:00,1265,26.90000,80.40000,24.10000,28.10000,1.32681,402.87735
2025-06-18 01:50:01+07:00,1266,26.90000,80.50000,23.40000,29.10000,1.28732,402.92154
2025-06-18 01:50:51+07:00,1267,26.90000,80.50000,23.70000,28.40000,1.28732,402.93268
2025-06-18 01:51:40+07:00,1268,26.90000,80.50000,23.50000,27.90000,1.32016,402.91043
2025-06-18 01:52:29+07:00,1269,26.90000,80.40000,23.30000,29.80000,1.30695,402.94943
2025-06-18 01:53:19+07:00,1270,26.80000,80.40000,23.90000,28.40000,1.30366,402.91599
2025-06-18 01:54:08+07:00,1271,26.90000,80.30000,23.40000,28.80000,1.34019,402.90491
2025-06-18 01:54:58+07:00,1272,26.90000,80.30000,21.10000,24.60000,1.30038,402.97192
2025-06-18 01:55:47+07:00,1273,26.90000,80.10000,23.10000,28.40000,1.30366,402.89938
2025-06-18 01:56:36+07:00,1274,26.90000,80.00000,23.10000,27.90000,1.30038,402.92154
2025-06-18 01:57:26+07:00,1275,26.90000,80.00000,22.50000,26.50000,1.28083,402.93268
2025-06-18 01:58:15+07:00,1276,26.90000,80.00000,23.10000,28.20000,1.33015,402.93826
2025-06-18 01:59:05+07:00,1277,26.90000,80.00000,22.80000,27.50000,1.30695,402.89386
2025-06-18 01:59:54+07:00,1278,26.90000,80.00000,22.70000,27.90000,1.30038,402.91599
2025-06-18 02:00:44+07:00,1279,26.90000,80.00000,22.50000,27.80000,1.30366,402.90491
2025-06-18 02:01:33+07:00,1280,26.90000,79.90000,22.40000,27.40000,1.30038,402.93826
2025-06-18 02:02:22+07:00,1281,27.00000,79.80000,20.80000,24.40000,1.32349,402.93826
2025-06-18 02:03:12+07:00,1282,27.00000,79.80000,21.90000,28.50000,1.29058,402.91043
2025-06-18 02:04:01+07:00,1283,27.00000,79.60000,22.00000,26.60000,1.31024,402.93826
2025-06-18 02:04:51+07:00,1284,27.00000,79.60000,21.30000,26.40000,1.23928,402.94943
2025-06-18 02:05:40+07:00,1285,27.00000,79.70000,21.50000,28.10000,1.30038,402.94943
2025-06-18 02:06:29+07:00,1286,27.00000,79.50000,21.60000,26.60000,1.26472,402.94385
2025-06-18 02:07:19+07:00,1287,27.00000,79.50000,21.50000,25.30000,1.24877,402.89386
2025-06-18 02:08:08+07:00,1288,27.00000,79.50000,21.20000,27.90000,1.29711,403.00021
2025-06-18 02:09:53+07:00,1289,27.00000,79.40000,21.50000,25.20000,1.29384,402.87735
2025-06-18 02:10:43+07:00,1290,27.00000,79.50000,21.50000,26.50000,1.29711,402.94943
2025-06-18 02:12:35+07:00,1291,27.10000,79.40000,20.40000,24.10000,1.29058,402.87186
2025-06-18 02:13:28+07:00,1292,27.00000,79.40000,20.70000,24.80000,1.29711,402.92154
2025-06-18 02:14:17+07:00,1293,27.00000,79.40000,20.90000,24.80000,1.31024,402.90491
2025-06-18 02:15:07+07:00,1294,27.00000,79.40000,20.30000,24.90000,1.27115,402.95505
2025-06-18 02:15:57+07:00,1295,27.00000,79.40000,20.00000,23.90000,1.27760,402.97192
2025-06-18 02:16:47+07:00,1296,27.00000,79.40000,19.60000,23.90000,1.29711,402.92709
2025-06-18 02:17:36+07:00,1297,27.00000,79.20000,19.80000,23.30000,1.30038,402.94385
2025-06-18 02:18:25+07:00,1298,27.00000,79.40000,19.90000,23.30000,1.29058,402.92709
2025-06-18 02:19:15+07:00,1299,27.00000,79.30000,21.00000,25.70000,1.28732,402.93268
2025-06-18 02:20:04+07:00,1300,27.00000,79.40000,20.30000,24.30000,1.28732,402.92154
2025-06-18 02:20:56+07:00,1301,27.00000,79.30000,19.90000,24.60000,1.30038,402.94385
2025-06-18 02:21:48+07:00,1302,27.00000,79.30000,19.60000,22.00000,1.28407,402.89938
2025-06-18 02:22:40+07:00,1303,27.00000,79.20000,18.90000,21.80000,1.31024,402.94385
2025-06-18 02:23:34+07:00,1304,27.00000,79.00000,19.10000,22.30000,1.30695,402.89386
2025-06-18 02:24:25+07:00,1305,27.00000,79.00000,19.10000,24.10000,1.30695,402.92709
2025-06-18 02:25:19+07:00,1306,27.10000,79.00000,18.80000,23.20000,1.34692,402.92154
2025-06-18 02:26:08+07:00,1307,27.10000,79.00000,19.10000,23.50000,1.34355,402.89386
2025-06-18 02:26:58+07:00,1308,27.10000,79.00000,19.60000,24.10000,1.27437,402.89938
2025-06-18 02:27:50+07:00,1309,27.00000,79.00000,18.10000,22.50000,1.31685,402.93268
2025-06-18 02:28:45+07:00,1310,27.00000,78.60000,18.60000,22.20000,1.29058,402.92154
2025-06-18 02:29:34+07:00,1311,27.00000,78.70000,18.70000,21.80000,1.29384,402.91599
2025-06-18 02:30:24+07:00,1312,27.00000,78.70000,18.10000,21.40000,1.31354,402.91043
2025-06-18 02:31:13+07:00,1313,27.00000,78.90000,17.40000,22.40000,1.30366,402.92154
2025-06-18 02:32:02+07:00,1314,27.00000,78.90000,18.30000,22.00000,1.34019,402.89938
2025-06-18 02:32:52+07:00,1315,27.00000,78.90000,18.50000,21.70000,1.38096,402.89938
2025-06-18 02:33:41+07:00,1316,27.00000,79.00000,17.30000,21.40000,1.39131,402.92709
2025-06-18 02:34:31+07:00,1317,27.00000,78.80000,17.50000,21.10000,1.39131,402.92154
2025-06-18 02:35:20+07:00,1318,27.00000,78.70000,16.90000,19.90000,1.40172,402.92709
2025-06-18 02:36:09+07:00,1319,27.00000,78.70000,17.50000,20.40000,1.38785,402.87735
2025-06-18 02:36:59+07:00,1320,27.00000,78.60000,16.90000,20.00000,1.36386,402.89386
2025-06-18 02:37:49+07:00,1321,27.00000,78.40000,17.20000,19.90000,1.31685,402.86093
2025-06-18 02:38:38+07:00,1322,27.00000,78.60000,16.30000,18.90000,1.37410,402.85547
2025-06-18 02:39:27+07:00,1323,26.90000,78.20000,17.20000,20.40000,1.33683,402.91043
2025-06-18 02:40:17+07:00,1324,26.90000,78.50000,18.00000,22.00000,1.32681,402.90491
2025-06-18 02:41:06+07:00,1325,27.00000,78.40000,17.70000,21.80000,1.34355,402.89386
2025-06-18 02:41:56+07:00,1326,27.00000,78.50000,17.40000,20.80000,1.29058,402.91043
2025-06-18 02:42:45+07:00,1327,27.00000,78.50000,16.00000,19.10000,1.35029,402.91599
2025-06-18 02:43:35+07:00,1328,27.00000,78.30000,16.70000,19.60000,1.37410,402.94943
2025-06-18 02:44:24+07:00,1329,27.00000,78.30000,16.40000,20.30000,1.33683,402.90491
2025-06-18 02:45:13+07:00,1330,26.90000,78.50000,17.00000,20.20000,1.38441,402.88834
2025-06-18 02:46:03+07:00,1331,26.90000,78.60000,16.00000,19.10000,1.37410,402.86639
2025-06-18 02:46:55+07:00,1332,26.90000,78.60000,15.60000,18.60000,1.34019,402.89386
2025-06-18 02:47:44+07:00,1333,26.90000,78.30000,16.50000,19.70000,1.38441,402.93826
2025-06-18 02:48:34+07:00,1334,26.90000,78.50000,15.30000,18.50000,1.38441,402.90491
2025-06-18 02:49:23+07:00,1335,27.00000,78.40000,15.80000,18.80000,1.38096,402.91043
2025-06-18 02:50:12+07:00,1336,27.00000,77.70000,15.60000,18.50000,1.38096,402.86639
2025-06-18 02:51:02+07:00,1337,27.00000,77.90000,15.50000,19.10000,1.34692,402.92709
2025-06-18 02:51:51+07:00,1338,27.00000,78.30000,15.60000,20.20000,1.37068,402.87735
2025-06-18 02:52:40+07:00,1339,27.00000,78.20000,15.40000,19.60000,1.30366,402.87735
2025-06-18 02:53:30+07:00,1340,26.90000,78.30000,16.10000,19.20000,1.36386,402.82288
2025-06-18 02:54:19+07:00,1341,26.90000,78.30000,16.20000,19.70000,1.37410,402.85001
2025-06-18 02:55:10+07:00,1342,26.90000,78.30000,14.80000,17.90000,1.35706,402.77994
2025-06-18 02:55:59+07:00,1343,26.90000,77.60000,15.20000,19.00000,1.36045,402.89386
2025-06-18 02:56:48+07:00,1344,26.90000,78.00000,14.40000,17.20000,1.34355,402.87735
2025-06-18 02:57:38+07:00,1345,26.90000,77.60000,14.60000,18.30000,1.35029,402.80670
2025-06-18 02:58:28+07:00,1346,26.80000,78.50000,14.70000,17.00000,1.37068,402.91043
2025-06-18 02:59:17+07:00,1347,26.80000,78.60000,14.50000,17.40000,1.31354,402.89938
2025-06-18 03:00:06+07:00,1348,26.90000,78.50000,15.40000,20.70000,1.34692,402.86639
2025-06-18 03:00:56+07:00,1349,26.90000,78.30000,14.90000,18.30000,1.32016,402.85001
2025-06-18 03:01:45+07:00,1350,26.90000,78.30000,14.80000,18.60000,1.32681,402.91043
2025-06-18 03:02:35+07:00,1351,26.90000,78.20000,15.00000,17.70000,1.32349,402.86639
2025-06-18 03:03:24+07:00,1352,26.90000,78.20000,14.50000,18.10000,1.34355,402.90491
2025-06-18 03:04:13+07:00,1353,26.90000,78.10000,15.00000,17.20000,1.35706,402.92154
2025-06-18 03:05:03+07:00,1354,26.90000,78.10000,14.20000,16.30000,1.32681,402.93268
2025-06-18 03:05:52+07:00,1355,26.90000,78.10000,14.30000,17.70000,1.36726,402.95505
2025-06-18 03:06:41+07:00,1356,26.90000,77.80000,15.00000,18.90000,1.34355,402.88284
2025-06-18 03:07:31+07:00,1357,26.90000,78.40000,13.70000,16.70000,1.33349,402.89938
2025-06-18 03:08:20+07:00,1358,26.80000,78.00000,14.40000,17.60000,1.36386,402.87186
2025-06-18 03:09:09+07:00,1359,26.80000,77.90000,14.20000,17.10000,1.35367,402.86639
2025-06-18 03:09:59+07:00,1360,26.80000,78.10000,13.90000,17.40000,1.29384,402.90491
2025-06-18 03:10:50+07:00,1361,26.80000,77.80000,13.70000,16.90000,1.34019,402.87735
2025-06-18 03:11:40+07:00,1362,26.80000,78.00000,13.30000,16.90000,1.41569,402.84457
2025-06-18 03:12:30+07:00,1363,26.90000,77.30000,13.80000,15.80000,1.31685,402.83914
2025-06-18 03:13:21+07:00,1364,26.90000,77.60000,13.30000,17.80000,1.32016,402.91599
2025-06-18 03:14:10+07:00,1365,26.90000,77.40000,13.70000,16.80000,1.39131,402.84457
2025-06-18 03:14:59+07:00,1366,26.80000,77.70000,13.40000,16.20000,1.31024,402.80133
2025-06-18 03:15:49+07:00,1367,26.80000,77.90000,13.70000,16.60000,1.28083,402.88284
2025-06-18 03:16:41+07:00,1368,26.70000,78.10000,13.10000,15.60000,1.35367,402.82831
2025-06-18 03:17:30+07:00,1369,26.70000,77.60000,13.00000,16.00000,1.30038,402.85547
2025-06-18 03:18:20+07:00,1370,26.70000,78.00000,13.70000,16.30000,1.29711,402.91043
2025-06-18 03:19:09+07:00,1371,26.70000,78.20000,13.10000,16.60000,1.30366,402.89386
2025-06-18 03:19:58+07:00,1372,26.70000,77.70000,12.70000,15.50000,1.36045,402.87735
2025-06-18 03:20:48+07:00,1373,26.70000,78.10000,12.60000,14.90000,1.30366,402.86093
2025-06-18 03:21:37+07:00,1374,26.80000,78.00000,13.10000,16.50000,1.32349,402.85547
2025-06-18 03:22:26+07:00,1375,26.80000,78.00000,13.40000,15.80000,1.32349,402.87186
2025-06-18 03:23:16+07:00,1376,26.80000,78.00000,13.40000,16.20000,1.31354,402.86093
2025-06-18 03:24:05+07:00,1377,26.80000,78.00000,13.30000,15.80000,1.31024,402.87735
2025-06-18 03:24:54+07:00,1378,26.80000,78.00000,13.20000,16.90000,1.33015,402.89386
2025-06-18 03:25:44+07:00,1379,26.80000,77.70000,13.80000,16.00000,1.36045,402.92154
2025-06-18 03:26:33+07:00,1380,26.80000,77.60000,12.50000,14.40000,1.34692,402.91043
2025-06-18 03:27:22+07:00,1381,26.80000,77.30000,13.30000,14.90000,1.32681,402.92154
2025-06-18 03:28:12+07:00,1382,26.70000,77.70000,13.90000,17.30000,1.29058,402.85001
2025-06-18 03:29:01+07:00,1383,26.70000,77.50000,13.20000,16.20000,1.32681,402.92154
2025-06-18 03:29:51+07:00,1384,26.60000,77.70000,13.00000,15.30000,1.31024,402.87186
2025-06-18 03:30:40+07:00,1385,26.60000,77.80000,12.70000,14.20000,1.29384,402.90491
2025-06-18 03:31:29+07:00,1386,26.60000,77.90000,13.60000,17.20000,1.30695,402.88834
2025-06-18 03:32:19+07:00,1387,26.60000,77.70000,14.00000,18.40000,1.28732,402.91043
2025-06-18 03:33:08+07:00,1388,26.70000,77.80000,13.50000,16.20000,1.31354,402.88834
2025-06-18 03:33:58+07:00,1389,26.70000,77.70000,12.90000,16.90000,1.31685,402.89386
2025-06-18 03:34:47+07:00,1390,26.70000,77.70000,13.00000,15.70000,1.25832,402.96066
2025-06-18 03:35:36+07:00,1391,26.70000,77.50000,12.80000,15.40000,1.30695,402.95505
2025-06-18 03:36:25+07:00,1392,26.70000,77.60000,12.80000,14.80000,1.29058,402.92154
2025-06-18 03:37:15+07:00,1393,26.70000,77.60000,13.40000,16.40000,1.30695,402.83914
2025-06-18 03:38:04+07:00,1394,26.70000,77.40000,12.10000,15.00000,1.27760,402.90491
2025-06-18 03:38:54+07:00,1395,26.70000,77.40000,12.20000,14.20000,1.28083,402.89386
2025-06-18 03:39:43+07:00,1396,26.70000,77.40000,12.50000,15.10000,1.27760,402.88834
2025-06-18 03:40:32+07:00,1397,26.60000,77.50000,13.00000,15.20000,1.31024,402.89938
2025-06-18 03:41:22+07:00,1398,26.70000,77.50000,12.60000,14.10000,1.28732,402.89938
2025-06-18 03:42:11+07:00,1399,26.70000,77.40000,12.60000,15.50000,1.29711,402.93268
2025-06-18 03:43:00+07:00,1400,26.70000,77.40000,12.30000,14.40000,1.28732,402.92154
2025-06-18 03:43:50+07:00,1401,26.70000,77.50000,12.80000,15.40000,1.29058,402.90491
2025-06-18 03:44:39+07:00,1402,26.70000,77.40000,12.20000,14.80000,1.32349,402.89938
2025-06-18 03:45:29+07:00,1403,26.70000,77.40000,12.50000,15.00000,1.30695,402.93268
2025-06-18 03:46:18+07:00,1404,26.70000,77.40000,12.70000,14.70000,1.32349,402.92709
2025-06-18 03:47:07+07:00,1405,26.70000,77.30000,13.00000,15.20000,1.30695,402.93826
2025-06-18 03:47:57+07:00,1406,26.70000,77.00000,11.90000,15.60000,1.25832,402.88834
2025-06-18 03:48:46+07:00,1407,26.70000,77.10000,12.20000,14.10000,1.29058,402.89386
2025-06-18 03:49:35+07:00,1408,26.70000,77.20000,11.70000,13.90000,1.32681,402.87186
2025-06-18 03:50:25+07:00,1409,26.70000,77.30000,12.50000,14.80000,1.33683,402.91043
2025-06-18 03:51:14+07:00,1410,26.70000,77.30000,12.10000,14.60000,1.31685,402.86639
2025-06-18 03:52:04+07:00,1411,26.70000,77.10000,12.10000,14.60000,1.30038,402.89938
2025-06-18 03:52:53+07:00,1412,26.70000,77.10000,12.30000,14.60000,1.28732,402.89386
2025-06-18 03:53:42+07:00,1413,26.80000,77.00000,11.60000,13.50000,1.30038,402.91599
2025-06-18 03:54:32+07:00,1414,26.80000,76.90000,11.60000,13.30000,1.35367,402.96066
2025-06-18 03:55:21+07:00,1415,26.70000,76.90000,11.20000,14.70000,1.30695,402.91599
2025-06-18 03:56:10+07:00,1416,26.70000,77.00000,11.90000,14.70000,1.32681,402.91043
2025-06-18 03:57:00+07:00,1417,26.70000,76.80000,11.50000,14.00000,1.29711,402.96628
2025-06-18 03:57:49+07:00,1418,26.70000,77.00000,11.50000,13.80000,1.31685,402.91599
2025-06-18 03:58:41+07:00,1419,26.70000,77.00000,11.80000,13.70000,1.35706,402.92154
2025-06-18 03:59:31+07:00,1420,26.70000,77.00000,11.20000,13.00000,1.29711,402.93268
2025-06-18 04:00:20+07:00,1421,26.70000,77.00000,11.00000,12.40000,1.31354,402.91599
2025-06-18 04:01:09+07:00,1422,26.70000,77.00000,11.40000,13.70000,1.29058,402.92709
2025-06-18 04:01:59+07:00,1423,26.70000,77.00000,10.90000,13.00000,1.31024,402.91043
2025-06-18 04:02:48+07:00,1424,26.70000,76.90000,11.50000,13.50000,1.31685,402.93826
2025-06-18 04:03:37+07:00,1425,26.70000,76.80000,11.40000,13.60000,1.29384,402.89938
2025-06-18 04:04:27+07:00,1426,26.70000,77.00000,11.70000,14.40000,1.35367,402.92154
2025-06-18 04:05:16+07:00,1427,26.70000,76.80000,10.90000,13.00000,1.27760,402.94385
2025-06-18 04:06:06+07:00,1428,26.70000,76.80000,11.30000,13.10000,1.30695,402.90491
2025-06-18 04:06:55+07:00,1429,26.70000,76.80000,11.20000,13.40000,1.31354,402.91599
2025-06-18 04:07:44+07:00,1430,26.70000,76.70000,10.90000,12.20000,1.31024,402.89386
2025-06-18 04:08:34+07:00,1431,26.70000,76.70000,10.80000,13.50000,1.29384,402.93268
2025-06-18 04:09:23+07:00,1432,26.60000,76.80000,11.40000,13.40000,1.29058,402.92709
2025-06-18 04:10:12+07:00,1433,26.60000,76.90000,11.50000,14.30000,1.27115,402.88834
2025-06-18 04:11:02+07:00,1434,26.70000,77.00000,10.90000,13.20000,1.30695,402.91599
2025-06-18 04:11:51+07:00,1435,26.70000,76.90000,10.30000,11.80000,1.31354,402.94385
2025-06-18 04:12:40+07:00,1436,26.70000,76.80000,11.60000,14.40000,1.28407,402.89938
2025-06-18 04:13:30+07:00,1437,26.70000,76.90000,11.70000,14.40000,1.27760,402.90491
2025-06-18 04:14:19+07:00,1438,26.70000,76.80000,11.00000,14.00000,1.29384,402.91599
2025-06-18 04:15:08+07:00,1439,26.70000,76.80000,11.50000,15.50000,1.28083,402.89938
2025-06-18 04:15:58+07:00,1440,26.70000,76.80000,11.20000,14.40000,1.29384,402.92154
2025-06-18 04:16:47+07:00,1441,26.70000,76.90000,11.10000,14.10000,1.32016,402.85547
2025-06-18 04:17:37+07:00,1442,26.70000,76.90000,11.00000,13.80000,1.31024,402.87186
2025-06-18 04:18:26+07:00,1443,26.70000,76.90000,11.30000,13.50000,1.29058,402.91599
2025-06-18 04:19:15+07:00,1444,26.70000,77.00000,10.60000,13.30000,1.28732,402.92154
2025-06-18 04:20:05+07:00,1445,26.70000,76.90000,11.30000,15.40000,1.30695,402.90491
2025-06-18 04:20:58+07:00,1446,26.80000,76.80000,11.40000,14.10000,1.29058,402.90491
2025-06-18 04:21:47+07:00,1447,26.80000,77.00000,11.60000,14.90000,1.30038,402.86639
2025-06-18 04:22:36+07:00,1448,26.70000,77.00000,11.20000,14.50000,1.28083,402.88284
2025-06-18 04:23:26+07:00,1449,26.70000,77.10000,10.60000,13.30000,1.28407,402.88834
2025-06-18 04:24:15+07:00,1450,26.70000,76.80000,10.50000,13.30000,1.29711,402.89386
2025-06-18 04:25:09+07:00,1451,26.70000,77.00000,11.40000,13.80000,1.30038,402.88834
2025-06-18 04:26:02+07:00,1452,26.70000,76.80000,11.20000,14.60000,1.28407,402.90491
2025-06-18 04:26:51+07:00,1453,26.70000,77.00000,11.40000,14.30000,1.28083,402.88284
2025-06-18 04:27:40+07:00,1454,26.70000,77.00000,11.30000,14.50000,1.31354,402.91599
2025-06-18 04:28:30+07:00,1455,26.70000,77.00000,11.40000,14.50000,1.30366,402.90491
2025-06-18 04:29:19+07:00,1456,26.70000,77.00000,11.40000,14.10000,1.28732,402.93268
2025-06-18 04:30:09+07:00,1457,26.70000,77.00000,11.50000,16.00000,1.31354,402.87735
2025-06-18 04:30:58+07:00,1458,26.70000,77.20000,11.20000,13.60000,1.31354,402.88284
2025-06-18 04:31:48+07:00,1459,26.70000,77.30000,11.50000,13.60000,1.24877,402.88834
2025-06-18 04:32:37+07:00,1460,26.70000,76.90000,11.10000,14.00000,1.28083,402.87735
2025-06-18 04:33:26+07:00,1461,26.70000,76.80000,11.60000,14.90000,1.28732,402.89386
2025-06-18 04:34:16+07:00,1462,26.70000,77.00000,11.30000,13.40000,1.28083,402.88284
2025-06-18 04:35:05+07:00,1463,26.70000,76.60000,11.90000,14.40000,1.28407,402.88834
2025-06-18 04:35:54+07:00,1464,26.70000,77.00000,11.50000,14.60000,1.26472,402.84457
2025-06-18 04:36:44+07:00,1465,26.70000,76.50000,11.20000,15.30000,1.27437,402.85001
2025-06-18 04:37:33+07:00,1466,26.70000,76.50000,11.60000,14.90000,1.29711,402.91599
2025-06-18 04:38:23+07:00,1467,26.70000,77.10000,10.90000,15.40000,1.28407,402.89938
2025-06-18 04:39:12+07:00,1468,26.70000,77.10000,11.90000,15.50000,1.28732,402.91599
2025-06-18 04:40:01+07:00,1469,26.70000,76.80000,11.60000,14.90000,1.29058,402.83371
2025-06-18 04:40:51+07:00,1470,26.70000,76.70000,11.80000,17.60000,1.28083,402.86639
2025-06-18 04:41:40+07:00,1471,26.70000,77.00000,11.10000,14.90000,1.31354,402.88284
2025-06-18 04:42:29+07:00,1472,26.70000,76.40000,11.00000,14.40000,1.31354,402.91043
2025-06-18 04:43:19+07:00,1473,26.70000,76.70000,10.80000,15.30000,1.28407,402.88284
2025-06-18 04:44:08+07:00,1474,26.60000,76.90000,11.50000,16.30000,1.27115,402.84457
2025-06-18 04:44:57+07:00,1475,26.70000,77.00000,11.90000,15.60000,1.28083,402.89386
2025-06-18 04:45:47+07:00,1476,26.70000,76.70000,11.40000,14.30000,1.34692,402.91599
2025-06-18 04:46:36+07:00,1477,26.60000,76.90000,11.60000,14.30000,1.29384,402.88284
2025-06-18 04:47:26+07:00,1478,26.60000,76.70000,11.60000,15.50000,1.33015,402.89386
2025-06-18 04:48:15+07:00,1479,26.60000,76.70000,11.30000,13.70000,1.29384,402.89938
2025-06-18 04:49:04+07:00,1480,26.60000,76.90000,11.10000,15.30000,1.29711,402.86093
2025-06-18 04:49:54+07:00,1481,26.60000,76.90000,11.90000,15.50000,1.30038,402.84457
2025-06-18 04:50:43+07:00,1482,26.60000,76.40000,11.30000,15.00000,1.26793,402.90491
2025-06-18 04:51:32+07:00,1483,26.60000,76.60000,11.50000,15.50000,1.27115,402.82288
2025-06-18 04:52:22+07:00,1484,26.60000,77.10000,11.90000,16.60000,1.30038,402.81747
2025-06-18 04:53:11+07:00,1485,26.70000,77.00000,11.70000,14.30000,1.28083,402.86639
2025-06-18 04:54:00+07:00,1486,26.70000,76.90000,12.30000,16.30000,1.29711,402.89386
2025-06-18 04:54:50+07:00,1487,26.70000,76.80000,12.20000,16.60000,1.29384,402.81210
2025-06-18 04:55:39+07:00,1488,26.70000,76.50000,10.90000,14.70000,1.27115,402.88284
2025-06-18 04:56:28+07:00,1489,26.70000,76.30000,10.90000,14.90000,1.27437,402.87735
2025-06-18 04:57:18+07:00,1490,26.60000,76.70000,11.10000,14.60000,1.27115,402.87735
2025-06-18 04:58:07+07:00,1491,26.60000,77.00000,11.30000,14.90000,1.27115,402.81747
2025-06-18 04:58:57+07:00,1492,26.60000,77.00000,11.60000,15.70000,1.28407,402.86093
2025-06-18 04:59:46+07:00,1493,26.70000,77.00000,11.90000,16.70000,1.27115,402.85547
2025-06-18 05:00:35+07:00,1494,26.60000,77.00000,11.80000,15.20000,1.24560,402.86639
2025-06-18 05:01:28+07:00,1495,26.60000,76.50000,12.00000,18.20000,1.26472,402.89386
2025-06-18 05:02:17+07:00,1496,26.60000,76.80000,12.20000,16.20000,1.26152,402.86639
2025-06-18 05:03:06+07:00,1497,26.60000,76.60000,11.90000,16.10000,1.27760,402.89386
2025-06-18 05:03:56+07:00,1498,26.60000,76.00000,11.20000,14.60000,1.24560,402.85547
2025-06-18 05:04:45+07:00,1499,26.50000,76.40000,11.10000,14.20000,1.32681,402.87735
2025-06-18 05:05:35+07:00,1500,26.50000,76.90000,10.90000,15.00000,1.26472,402.86639
2025-06-18 05:06:24+07:00,1501,26.50000,76.70000,11.00000,14.70000,1.27115,402.86639
2025-06-18 05:07:13+07:00,1502,26.50000,76.40000,11.60000,15.60000,1.22047,402.85001
2025-06-18 05:08:03+07:00,1503,26.50000,76.70000,12.20000,16.00000,1.26793,402.88284
2025-06-18 05:08:52+07:00,1504,26.50000,76.80000,11.10000,15.50000,1.26793,402.83914
2025-06-18 05:09:41+07:00,1505,26.50000,76.90000,11.80000,15.20000,1.24877,402.83914
2025-06-18 05:10:31+07:00,1506,26.50000,76.70000,11.80000,15.30000,1.27437,402.88834
2025-06-18 05:11:20+07:00,1507,26.60000,76.50000,10.90000,14.70000,1.26152,402.86639
2025-06-18 05:12:10+07:00,1508,26.60000,76.50000,10.90000,13.60000,1.27115,402.86639
2025-06-18 05:12:59+07:00,1509,26.60000,76.60000,11.00000,14.40000,1.25513,402.85001
2025-06-18 05:13:48+07:00,1510,26.60000,76.00000,11.10000,13.80000,1.26472,402.86639
2025-06-18 05:14:38+07:00,1511,26.60000,76.20000,11.10000,13.60000,1.22047,402.81747
2025-06-18 05:15:27+07:00,1512,26.60000,76.10000,10.90000,14.10000,1.24560,402.80133
2025-06-18 05:16:16+07:00,1513,26.60000,76.10000,11.20000,14.40000,1.25832,402.80670
2025-06-18 05:17:06+07:00,1514,26.60000,76.30000,11.30000,16.10000,1.25832,402.81210
2025-06-18 05:17:55+07:00,1515,26.60000,76.40000,11.80000,17.20000,1.23613,402.84457
2025-06-18 05:18:44+07:00,1516,26.60000,76.40000,11.10000,13.70000,1.25832,402.77994
2025-06-18 05:19:34+07:00,1517,26.60000,76.40000,11.20000,15.80000,1.25513,402.91043
2025-06-18 05:20:23+07:00,1518,26.60000,76.40000,11.80000,15.40000,1.27115,402.82831
2025-06-18 05:21:13+07:00,1519,26.50000,76.40000,11.00000,14.80000,1.27437,402.86639
2025-06-18 05:22:02+07:00,1520,26.50000,76.40000,11.60000,14.30000,1.25513,402.82288
2025-06-18 05:22:51+07:00,1521,26.50000,76.40000,11.90000,17.40000,1.26152,402.83914
2025-06-18 05:23:41+07:00,1522,26.50000,76.20000,11.50000,14.80000,1.26472,402.86639
2025-06-18 05:24:30+07:00,1523,26.50000,76.60000,11.00000,14.60000,1.26793,402.87735
2025-06-18 05:25:20+07:00,1524,26.50000,76.50000,12.30000,16.50000,1.26152,402.86639
2025-06-18 05:26:09+07:00,1525,26.50000,76.50000,11.40000,14.30000,1.25513,402.82831
2025-06-18 05:26:58+07:00,1526,26.50000,76.50000,11.30000,15.00000,1.26793,402.84457
2025-06-18 05:27:53+07:00,1527,26.50000,76.50000,11.20000,15.20000,1.25832,402.81210
2025-06-18 05:28:50+07:00,1528,26.50000,76.60000,11.60000,16.80000,1.26152,402.88834
2025-06-18 05:29:39+07:00,1529,26.60000,76.40000,11.00000,14.50000,1.26793,402.87735
2025-06-18 05:30:29+07:00,1530,26.50000,76.40000,11.50000,14.40000,1.26793,402.82288
2025-06-18 05:31:22+07:00,1531,26.50000,76.50000,10.90000,14.40000,1.27115,402.85547
2025-06-18 05:32:12+07:00,1532,26.40000,76.50000,10.80000,14.30000,1.24877,402.83914
2025-06-18 05:33:01+07:00,1533,26.40000,76.70000,11.10000,16.20000,1.26472,402.85547
2025-06-18 05:33:50+07:00,1534,26.30000,76.80000,10.60000,14.00000,1.30366,402.84457
2025-06-18 05:34:40+07:00,1535,26.30000,76.80000,10.40000,14.60000,1.27115,402.86093
2025-06-18 05:35:29+07:00,1536,26.30000,76.70000,10.80000,14.60000,1.27115,402.85547
2025-06-18 05:36:19+07:00,1537,26.20000,76.70000,11.10000,14.70000,1.27115,402.87186
2025-06-18 05:37:08+07:00,1538,26.30000,76.70000,10.40000,13.60000,1.28083,402.87735
2025-06-18 05:38:00+07:00,1539,26.20000,76.70000,11.30000,14.40000,1.27115,402.85001
2025-06-18 05:38:50+07:00,1540,26.20000,76.60000,11.20000,15.80000,1.27437,402.86093
2025-06-18 05:39:39+07:00,1541,26.20000,76.80000,11.00000,13.60000,1.26472,402.77460
2025-06-18 05:40:28+07:00,1542,26.20000,76.90000,10.80000,13.60000,1.26152,402.85547
2025-06-18 05:41:18+07:00,1543,26.30000,76.70000,11.10000,16.80000,1.27760,402.86639
2025-06-18 05:42:07+07:00,1544,26.30000,76.80000,11.10000,14.10000,1.27115,402.87186
2025-06-18 05:42:57+07:00,1545,26.20000,76.70000,11.50000,14.40000,1.23613,402.78528
2025-06-18 05:43:49+07:00,1546,26.30000,76.60000,10.40000,14.90000,1.26793,402.86639
2025-06-18 05:44:42+07:00,1547,26.30000,76.70000,10.70000,14.90000,1.23613,402.82288
2025-06-18 05:45:31+07:00,1548,26.20000,76.70000,11.20000,15.40000,1.26472,402.81210
2025-06-18 05:46:25+07:00,1549,26.20000,76.70000,11.20000,15.00000,1.26793,402.82288
2025-06-18 05:47:21+07:00,1550,26.20000,76.90000,10.70000,13.80000,1.23928,402.85001
2025-06-18 05:48:11+07:00,1551,26.20000,76.90000,11.90000,16.50000,1.26152,402.81747
2025-06-18 05:49:00+07:00,1552,26.20000,77.00000,10.60000,14.00000,1.20806,402.83371
2025-06-18 05:49:50+07:00,1553,26.20000,77.00000,11.10000,15.60000,1.24877,402.81210
2025-06-18 05:50:42+07:00,1554,26.20000,77.00000,11.40000,16.10000,1.26472,402.86093
2025-06-18 05:51:34+07:00,1555,26.20000,77.00000,10.90000,13.90000,1.25195,402.87186
2025-06-18 05:52:24+07:00,1556,26.20000,77.00000,11.10000,15.80000,1.28732,402.86639
2025-06-18 05:53:17+07:00,1557,26.20000,77.10000,10.90000,14.30000,1.29711,402.86639
2025-06-18 05:54:07+07:00,1558,26.20000,77.10000,10.60000,14.30000,1.19574,402.86093
2025-06-18 05:54:56+07:00,1559,26.10000,77.10000,10.40000,13.80000,1.28732,402.82288
2025-06-18 05:55:45+07:00,1560,26.10000,77.10000,11.20000,15.40000,1.26152,402.85547
2025-06-18 05:56:35+07:00,1561,26.20000,77.10000,11.10000,16.70000,1.27115,402.79596
2025-06-18 05:57:24+07:00,1562,26.20000,77.00000,11.10000,16.00000,1.25195,402.82831
2025-06-18 05:58:14+07:00,1563,26.20000,77.00000,11.30000,15.10000,1.27115,402.85547
2025-06-18 05:59:06+07:00,1564,26.20000,77.00000,11.10000,15.10000,1.27760,402.83914
2025-06-18 05:59:55+07:00,1565,26.20000,77.00000,11.10000,16.20000,1.26793,402.87735
2025-06-18 06:00:44+07:00,1566,26.20000,77.00000,11.40000,15.20000,1.30366,402.84457
2025-06-18 06:01:34+07:00,1567,26.20000,77.10000,11.40000,18.00000,1.26793,402.82288
2025-06-18 06:03:21+07:00,1568,26.20000,77.10000,11.50000,14.70000,1.30038,402.86639
2025-06-18 06:04:11+07:00,1569,26.10000,77.20000,11.40000,15.30000,1.27437,402.90491
2025-06-18 06:05:00+07:00,1570,26.20000,77.10000,11.10000,16.00000,1.27115,402.82831
2025-06-18 06:05:49+07:00,1571,26.20000,77.10000,11.70000,16.40000,1.26793,402.89938
2025-06-18 06:06:39+07:00,1572,26.10000,77.20000,11.20000,14.20000,1.28083,402.87186
2025-06-18 06:07:28+07:00,1573,26.10000,77.20000,11.30000,15.40000,1.28407,402.83371
2025-06-18 06:08:18+07:00,1574,26.10000,77.20000,11.40000,14.90000,1.27115,402.89938
2025-06-18 06:09:10+07:00,1575,26.10000,77.30000,11.20000,16.00000,1.27115,402.85001
2025-06-18 06:10:00+07:00,1576,26.10000,77.20000,11.00000,15.80000,1.25513,402.91599
2025-06-18 06:11:46+07:00,1577,26.10000,77.20000,11.80000,15.70000,1.24244,402.87735
2025-06-18 06:12:35+07:00,1578,26.10000,77.30000,11.30000,16.00000,1.26793,402.85547
2025-06-18 06:13:24+07:00,1579,26.10000,77.30000,11.50000,14.90000,1.27760,402.86093
2025-06-18 06:14:14+07:00,1580,26.10000,77.30000,12.10000,15.40000,1.30695,402.89938
2025-06-18 06:15:03+07:00,1581,26.20000,77.40000,11.20000,15.80000,1.27437,402.88834
2025-06-18 06:15:52+07:00,1582,26.20000,77.10000,12.20000,16.50000,1.27115,402.92709
2025-06-18 06:16:42+07:00,1583,26.20000,77.10000,11.70000,16.60000,1.27115,402.91043
2025-06-18 06:17:31+07:00,1584,26.20000,77.30000,11.50000,16.50000,1.28083,402.92709
2025-06-18 06:18:21+07:00,1585,26.20000,77.30000,12.00000,17.80000,1.29711,402.95505
2025-06-18 06:19:10+07:00,1586,26.20000,77.40000,11.60000,16.20000,1.30695,402.88284
2025-06-18 06:19:59+07:00,1587,26.20000,77.30000,11.70000,17.90000,1.30366,402.94385
2025-06-18 06:20:49+07:00,1588,26.20000,77.40000,12.20000,16.90000,1.30366,402.92154
2025-06-18 06:21:38+07:00,1589,26.20000,77.50000,12.40000,17.60000,1.31685,402.92709
2025-06-18 06:22:27+07:00,1590,26.20000,77.50000,11.30000,14.00000,1.29384,402.89938
2025-06-18 06:23:17+07:00,1591,26.20000,77.60000,12.20000,15.90000,1.32681,402.96066
2025-06-18 06:24:06+07:00,1592,26.20000,77.50000,12.20000,16.20000,1.29384,402.93268
2025-06-18 06:24:55+07:00,1593,26.30000,77.30000,11.80000,16.80000,1.29058,402.94385
2025-06-18 06:25:45+07:00,1594,26.30000,77.20000,12.10000,15.30000,1.32016,402.93268
2025-06-18 06:26:34+07:00,1595,26.20000,77.40000,12.10000,16.90000,1.31354,402.93268
2025-06-18 06:27:23+07:00,1596,26.20000,77.40000,12.10000,16.00000,1.31685,402.93268
2025-06-18 06:28:13+07:00,1597,26.20000,77.60000,12.30000,16.90000,1.27760,402.92709
2025-06-18 06:29:02+07:00,1598,26.20000,77.70000,12.40000,15.80000,1.29058,402.94943
2025-06-18 06:29:51+07:00,1599,26.20000,77.70000,11.70000,15.40000,1.30366,402.93268
2025-06-18 06:30:41+07:00,1600,26.20000,77.70000,12.70000,18.40000,1.31024,402.93826
2025-06-18 06:31:30+07:00,1601,26.20000,77.70000,12.60000,18.50000,1.33349,402.95505
2025-06-18 06:32:27+07:00,1602,26.20000,77.60000,12.60000,15.80000,1.31024,402.97192
2025-06-18 06:33:17+07:00,1603,26.20000,77.50000,13.20000,17.50000,1.32681,403.00021
2025-06-18 06:34:06+07:00,1604,26.20000,77.50000,12.90000,18.60000,1.32681,402.98886
2025-06-18 06:34:56+07:00,1605,26.20000,77.60000,13.10000,17.70000,1.32016,402.97754
2025-06-18 06:35:45+07:00,1606,26.30000,77.50000,12.40000,16.80000,1.34019,402.92709
2025-06-18 06:36:34+07:00,1607,26.30000,77.40000,12.90000,19.00000,1.33349,402.96066
2025-06-18 06:37:23+07:00,1608,26.40000,77.30000,12.30000,18.10000,1.32016,402.94385
2025-06-18 06:38:13+07:00,1609,26.40000,77.30000,12.50000,16.50000,1.36726,403.00021
2025-06-18 06:39:02+07:00,1610,26.30000,77.30000,12.40000,17.50000,1.29384,402.98322
2025-06-18 06:39:52+07:00,1611,26.30000,77.40000,12.60000,17.40000,1.34019,402.94943
2025-06-18 06:40:41+07:00,1612,26.30000,77.50000,13.30000,17.30000,1.35706,402.98322
2025-06-18 06:41:30+07:00,1613,26.30000,77.60000,13.00000,18.10000,1.37068,402.97754
2025-06-18 06:42:20+07:00,1614,26.30000,77.50000,12.30000,17.70000,1.34692,402.96066
2025-06-18 06:43:09+07:00,1615,26.30000,77.60000,13.20000,18.80000,1.39131,403.02298
2025-06-18 06:43:58+07:00,1616,26.30000,77.50000,12.70000,19.10000,1.33683,402.93268
2025-06-18 06:44:48+07:00,1617,26.30000,77.60000,12.80000,19.20000,1.37410,402.95505
2025-06-18 06:45:37+07:00,1618,26.30000,77.50000,12.60000,17.10000,1.37068,403.00589
2025-06-18 06:46:27+07:00,1619,26.20000,77.70000,13.50000,17.80000,1.43687,402.95505
2025-06-18 06:47:16+07:00,1620,26.20000,77.80000,12.60000,17.70000,1.36386,403.02298
2025-06-18 06:48:05+07:00,1621,26.30000,77.60000,13.10000,18.00000,1.37068,402.96628
2025-06-18 06:48:55+07:00,1622,26.30000,77.60000,13.60000,19.00000,1.45829,403.05170
2025-06-18 06:49:44+07:00,1623,26.40000,77.70000,12.70000,17.90000,1.35029,403.00589
2025-06-18 06:50:33+07:00,1624,26.40000,77.40000,14.10000,18.60000,1.47634,403.01157
2025-06-18 06:51:23+07:00,1625,26.40000,77.40000,12.90000,17.90000,1.36045,403.02872
2025-06-18 06:52:12+07:00,1626,26.40000,77.30000,13.90000,20.20000,1.35029,403.01157
2025-06-18 06:53:01+07:00,1627,26.40000,77.30000,13.00000,17.40000,1.43332,403.01727
2025-06-18 06:53:51+07:00,1628,26.50000,77.20000,13.10000,20.60000,1.38096,402.98886
2025-06-18 06:54:40+07:00,1629,26.40000,77.10000,13.70000,18.90000,1.38096,402.99454
2025-06-18 06:55:30+07:00,1630,26.40000,77.00000,13.00000,21.70000,1.43332,403.02872
2025-06-18 06:56:19+07:00,1631,26.50000,76.90000,13.80000,19.10000,1.39131,402.99454
2025-06-18 06:57:08+07:00,1632,26.60000,77.00000,14.10000,20.30000,1.49457,402.97754
2025-06-18 06:57:58+07:00,1633,26.60000,76.70000,14.00000,19.40000,1.39824,403.05170
2025-06-18 06:58:47+07:00,1634,26.60000,76.70000,14.00000,20.60000,1.42625,403.04019
2025-06-18 06:59:40+07:00,1635,26.60000,77.00000,13.70000,18.80000,1.40520,402.99454
2025-06-18 07:00:29+07:00,1636,26.60000,77.10000,13.10000,18.30000,1.37410,403.03445
2025-06-18 07:01:19+07:00,1637,26.50000,77.00000,12.80000,19.00000,1.49457,403.09805
2025-06-18 07:02:08+07:00,1638,26.50000,77.00000,14.80000,20.30000,1.39824,403.03445
2025-06-18 07:03:02+07:00,1639,26.50000,77.20000,13.80000,19.70000,1.37410,403.01727
2025-06-18 07:03:51+07:00,1640,26.50000,77.10000,13.10000,19.40000,1.46910,403.02872
2025-06-18 07:04:41+07:00,1641,26.50000,77.10000,13.90000,19.10000,1.37753,403.06900
2025-06-18 07:05:30+07:00,1642,26.50000,77.10000,14.90000,20.40000,1.44755,403.05743
2025-06-18 07:06:20+07:00,1643,26.50000,77.40000,13.70000,18.60000,1.42978,403.05170
2025-06-18 07:07:09+07:00,1644,26.60000,77.00000,13.50000,18.50000,1.46189,403.06323
2025-06-18 07:07:58+07:00,1645,26.60000,76.30000,12.30000,17.40000,1.46189,403.05743
2025-06-18 07:08:48+07:00,1646,26.60000,75.90000,13.10000,18.20000,1.39477,403.04593
2025-06-18 07:09:37+07:00,1647,26.60000,76.30000,13.80000,18.60000,1.42978,403.02298
2025-06-18 07:10:27+07:00,1648,26.60000,76.50000,14.10000,20.10000,1.42978,403.07480
2025-06-18 07:11:16+07:00,1649,26.70000,76.40000,14.20000,18.80000,1.44398,403.05743
2025-06-18 07:12:05+07:00,1650,26.70000,76.20000,14.00000,19.30000,1.47634,403.03445
2025-06-18 07:12:55+07:00,1651,26.60000,76.40000,13.30000,18.70000,1.46549,403.08640
2025-06-18 07:13:47+07:00,1652,26.60000,76.40000,13.00000,17.00000,1.47271,403.08060
2025-06-18 07:14:36+07:00,1653,26.60000,76.50000,13.60000,19.90000,1.44042,403.08060
2025-06-18 07:15:29+07:00,1654,26.60000,76.50000,14.40000,19.60000,1.45829,403.09805
2025-06-18 07:16:18+07:00,1655,26.60000,76.70000,13.70000,18.30000,1.42625,403.08640
2025-06-18 07:17:08+07:00,1656,26.70000,76.50000,15.00000,20.50000,1.45112,403.11560
2025-06-18 07:17:57+07:00,1657,26.70000,76.40000,13.50000,19.50000,1.47634,403.07480
2025-06-18 07:18:47+07:00,1658,26.70000,76.40000,14.60000,19.30000,1.44755,403.06323
2025-06-18 07:19:36+07:00,1659,26.60000,76.30000,14.00000,19.80000,1.47634,403.09222
2025-06-18 07:20:25+07:00,1660,26.70000,76.30000,14.10000,20.40000,1.49091,403.08060
2025-06-18 07:21:15+07:00,1661,26.70000,76.50000,14.00000,18.90000,1.49091,403.09222
2025-06-18 07:22:04+07:00,1662,26.70000,76.40000,14.10000,21.50000,1.49823,403.09805
2025-06-18 07:22:54+07:00,1663,26.70000,76.30000,14.40000,19.50000,1.50928,403.07480
2025-06-18 07:23:43+07:00,1664,26.70000,76.50000,14.30000,21.10000,1.49091,403.10974
2025-06-18 07:24:32+07:00,1665,26.70000,76.50000,13.90000,18.40000,1.49457,403.09222
2025-06-18 07:25:22+07:00,1666,26.70000,76.40000,14.70000,20.40000,1.49091,403.09805
2025-06-18 07:26:11+07:00,1667,26.70000,76.40000,14.10000,20.50000,1.47271,403.12146
2025-06-18 07:27:00+07:00,1668,26.70000,76.60000,14.00000,19.00000,1.51297,403.09222
2025-06-18 07:27:50+07:00,1669,26.80000,76.40000,14.20000,18.50000,1.49091,403.14499
2025-06-18 07:28:39+07:00,1670,26.70000,76.40000,14.10000,20.20000,1.49091,403.10974
2025-06-18 07:29:28+07:00,1671,26.70000,76.40000,15.00000,20.60000,1.49823,403.09805
2025-06-18 07:30:18+07:00,1672,26.80000,76.20000,14.10000,21.00000,1.49091,403.11560
2025-06-18 07:31:07+07:00,1673,26.80000,76.20000,14.20000,20.10000,1.49091,403.12146
2025-06-18 07:31:56+07:00,1674,26.70000,76.20000,13.40000,20.50000,1.56548,403.10974
2025-06-18 07:33:41+07:00,1675,26.80000,75.90000,13.90000,19.20000,1.50928,403.08640
2025-06-18 07:34:30+07:00,1676,26.80000,75.90000,14.00000,20.60000,1.49457,403.13321
2025-06-18 07:35:28+07:00,1677,26.90000,76.00000,13.90000,20.30000,1.52410,403.09805
2025-06-18 07:36:25+07:00,1678,26.90000,75.90000,14.40000,19.50000,1.50191,403.09222
2025-06-18 07:37:18+07:00,1679,26.90000,75.90000,14.00000,21.50000,1.48725,403.05743
2025-06-18 07:38:07+07:00,1680,26.90000,75.90000,13.30000,18.50000,1.49823,403.10388
2025-06-18 07:38:56+07:00,1681,26.90000,75.70000,14.00000,19.90000,1.50191,403.06900
2025-06-18 07:39:46+07:00,1682,26.90000,75.80000,13.40000,18.10000,1.50928,403.09805
2025-06-18 07:40:35+07:00,1683,26.90000,75.80000,13.60000,18.20000,1.49091,403.13321
2025-06-18 07:41:24+07:00,1684,26.90000,75.70000,14.60000,18.70000,1.54280,403.11560
2025-06-18 07:42:14+07:00,1685,26.90000,75.70000,13.60000,19.70000,1.54280,403.11560
2025-06-18 07:43:03+07:00,1686,26.90000,75.60000,13.80000,18.40000,1.52783,403.13910
2025-06-18 07:43:53+07:00,1687,27.00000,75.60000,13.90000,18.60000,1.50559,403.12146
2025-06-18 07:44:42+07:00,1688,27.00000,75.60000,13.70000,17.30000,1.51297,403.09805
2025-06-18 07:45:31+07:00,1689,27.00000,75.70000,13.10000,18.00000,1.53530,403.10974
2025-06-18 07:46:21+07:00,1690,27.00000,75.80000,14.00000,18.70000,1.54280,403.13321
2025-06-18 07:47:10+07:00,1691,27.00000,75.80000,14.00000,19.80000,1.54280,403.11560
2025-06-18 07:47:59+07:00,1692,27.00000,75.90000,13.60000,19.00000,1.56168,403.15091
2025-06-18 07:48:49+07:00,1693,27.00000,75.90000,14.00000,19.40000,1.59228,403.10388
2025-06-18 07:49:38+07:00,1694,27.00000,75.90000,13.90000,18.90000,1.55411,403.13321
2025-06-18 07:50:27+07:00,1695,27.00000,76.00000,14.00000,20.20000,1.55789,403.16275
2025-06-18 07:51:17+07:00,1696,27.00000,76.00000,14.70000,19.60000,1.63120,403.16870
2025-06-18 07:52:06+07:00,1697,27.00000,75.90000,13.30000,18.70000,1.56929,403.12146
2025-06-18 07:52:56+07:00,1698,27.00000,76.00000,13.30000,19.50000,1.55411,403.13321
2025-06-18 07:53:45+07:00,1699,27.00000,75.90000,13.60000,18.20000,1.54280,403.12732
2025-06-18 07:54:34+07:00,1700,27.00000,75.90000,13.50000,18.90000,1.58458,403.09222
2025-06-18 07:55:24+07:00,1701,27.00000,75.80000,13.60000,18.00000,1.55033,403.17465
2025-06-18 07:56:13+07:00,1702,27.00000,75.70000,13.70000,17.50000,1.52410,403.12732
2025-06-18 07:57:05+07:00,1703,27.10000,75.70000,12.40000,17.50000,1.52039,403.14499
2025-06-18 07:57:55+07:00,1704,27.10000,75.70000,13.60000,17.70000,1.51667,403.12732
2025-06-18 07:58:44+07:00,1705,27.10000,75.60000,13.20000,17.80000,1.71134,403.14499
2025-06-18 07:59:33+07:00,1706,27.10000,75.50000,12.70000,18.50000,1.71542,403.12146
2025-06-18 08:00:23+07:00,1707,27.10000,75.50000,12.80000,17.10000,1.52410,403.15091
2025-06-18 08:01:15+07:00,1708,27.10000,75.60000,13.50000,17.30000,1.52410,403.21652
2025-06-18 08:02:04+07:00,1709,27.10000,75.60000,13.20000,17.90000,1.53530,403.13910
2025-06-18 08:02:53+07:00,1710,27.10000,75.70000,13.40000,20.10000,1.52783,403.16870
2025-06-18 08:03:50+07:00,1711,27.10000,75.70000,13.50000,19.00000,1.53905,403.18655
2025-06-18 08:04:40+07:00,1712,27.10000,75.70000,12.80000,17.80000,1.58843,403.09222
2025-06-18 08:05:29+07:00,1713,27.10000,75.60000,12.70000,16.20000,1.53530,403.12732
2025-06-18 08:06:18+07:00,1714,27.10000,75.50000,14.10000,18.70000,1.55033,403.16275
2025-06-18 08:07:08+07:00,1715,27.10000,75.50000,13.50000,18.40000,1.57310,403.18655
2025-06-18 08:07:57+07:00,1716,27.10000,75.50000,13.50000,18.80000,1.59614,403.10974
2025-06-18 08:08:47+07:00,1717,27.10000,75.40000,13.90000,20.00000,1.50928,403.16275
2025-06-18 08:09:39+07:00,1718,27.10000,75.50000,12.90000,17.00000,1.58843,403.16275
2025-06-18 08:10:33+07:00,1719,27.10000,75.50000,13.70000,21.20000,1.53530,403.13321
2025-06-18 08:11:23+07:00,1720,27.20000,75.60000,12.80000,17.60000,1.58075,403.12146
2025-06-18 08:12:12+07:00,1721,27.10000,75.40000,13.80000,22.40000,1.53156,403.16870
2025-06-18 08:13:02+07:00,1722,27.20000,75.40000,13.70000,20.30000,1.54280,403.14499
2025-06-18 08:13:52+07:00,1723,27.20000,75.30000,13.30000,18.20000,1.63513,403.19852
2025-06-18 08:15:36+07:00,1724,27.20000,75.30000,13.30000,19.90000,1.57310,403.11560
2025-06-18 08:16:25+07:00,1725,27.20000,75.20000,13.90000,19.20000,1.58843,403.18060
2025-06-18 08:17:15+07:00,1726,27.20000,75.20000,12.80000,17.30000,1.57692,403.16870
2025-06-18 08:18:04+07:00,1727,27.20000,75.20000,13.20000,17.40000,1.56548,403.18655
2025-06-18 08:18:53+07:00,1728,27.20000,75.10000,13.50000,18.90000,1.54656,403.22253
2025-06-18 08:19:43+07:00,1729,27.20000,75.10000,13.30000,18.70000,1.64698,403.17465
2025-06-18 08:20:32+07:00,1730,27.20000,75.10000,13.60000,17.60000,1.56548,403.19254
2025-06-18 08:21:21+07:00,1731,27.20000,75.20000,14.00000,19.90000,1.54280,403.19852
2025-06-18 08:22:11+07:00,1732,27.30000,75.10000,13.10000,19.10000,1.60387,403.16870
2025-06-18 08:23:00+07:00,1733,27.30000,75.10000,13.30000,18.00000,1.55789,403.14499
2025-06-18 08:23:49+07:00,1734,27.30000,75.20000,13.60000,19.80000,1.58075,403.19254
2025-06-18 08:24:39+07:00,1735,27.30000,75.10000,14.00000,20.70000,1.60000,403.24066
2025-06-18 08:25:28+07:00,1736,27.30000,75.30000,13.80000,18.40000,1.57692,403.20450
2025-06-18 08:26:18+07:00,1737,27.30000,75.20000,14.20000,18.70000,1.60775,403.13910
2025-06-18 08:27:07+07:00,1738,27.30000,75.30000,13.30000,18.00000,1.58075,403.16275
2025-06-18 08:27:56+07:00,1739,27.30000,75.30000,14.00000,19.10000,1.60000,403.15091
2025-06-18 08:28:46+07:00,1740,27.30000,75.30000,14.10000,20.00000,1.59614,403.13321
2025-06-18 08:29:35+07:00,1741,27.30000,75.50000,13.80000,17.90000,1.56929,403.21051
2025-06-18 08:30:25+07:00,1742,27.30000,75.40000,13.30000,19.80000,1.57692,403.16870
2025-06-18 08:31:14+07:00,1743,27.30000,75.50000,13.70000,18.00000,1.59228,403.15091
2025-06-18 08:32:03+07:00,1744,27.30000,75.40000,13.80000,19.30000,1.60775,403.22253
2025-06-18 08:32:53+07:00,1745,27.30000,75.40000,13.50000,19.60000,1.60775,403.21051
2025-06-18 08:33:42+07:00,1746,27.30000,75.50000,14.00000,18.60000,1.56548,403.19852
2025-06-18 08:34:31+07:00,1747,27.30000,75.50000,13.50000,18.40000,1.58458,403.18655
2025-06-18 08:35:21+07:00,1748,27.30000,75.50000,13.90000,19.70000,1.59614,403.19852
2025-06-18 08:36:10+07:00,1749,27.30000,75.50000,13.80000,20.70000,1.59228,403.15683
2025-06-18 08:36:59+07:00,1750,27.30000,75.40000,13.50000,18.40000,1.61944,403.22858
2025-06-18 08:37:49+07:00,1751,27.30000,75.50000,13.00000,17.60000,1.61164,403.16275
2025-06-18 08:38:38+07:00,1752,27.40000,75.50000,13.50000,19.60000,1.60775,403.21652
2025-06-18 08:39:28+07:00,1753,27.40000,75.50000,13.30000,19.20000,1.58843,403.19254
2025-06-18 08:40:17+07:00,1754,27.40000,75.50000,13.90000,18.80000,1.58075,403.17465
2025-06-18 08:41:06+07:00,1755,27.40000,75.50000,13.60000,20.50000,1.62335,403.18655
2025-06-18 08:41:56+07:00,1756,27.40000,75.50000,13.60000,19.00000,1.60000,403.21051
2025-06-18 08:42:45+07:00,1757,27.40000,75.50000,13.20000,18.10000,1.61164,403.20450
2025-06-18 08:43:34+07:00,1758,27.40000,75.50000,13.50000,18.40000,1.65491,403.16275
2025-06-18 08:44:24+07:00,1759,27.40000,75.50000,14.00000,19.00000,1.62335,403.16870
2025-06-18 08:45:13+07:00,1760,27.40000,75.50000,13.10000,18.70000,1.59614,403.22253
2025-06-18 08:46:02+07:00,1761,27.40000,75.50000,13.90000,18.90000,1.58458,403.23462
2025-06-18 08:46:52+07:00,1762,27.40000,75.60000,14.00000,19.10000,1.64302,403.19254
2025-06-18 08:47:41+07:00,1763,27.40000,75.60000,13.40000,17.50000,1.66288,403.22253
2025-06-18 08:48:31+07:00,1764,27.40000,75.70000,12.60000,17.30000,1.60387,403.20450
2025-06-18 08:49:20+07:00,1765,27.40000,75.80000,13.60000,20.70000,1.63120,403.18060
2025-06-18 08:50:09+07:00,1766,27.40000,75.80000,13.20000,17.40000,1.61164,403.15683
2025-06-18 08:50:59+07:00,1767,27.40000,75.90000,13.00000,16.90000,1.61554,403.24066
2025-06-18 08:51:48+07:00,1768,27.40000,75.90000,13.80000,18.30000,1.61944,403.18060
2025-06-18 08:52:37+07:00,1769,27.30000,75.90000,14.30000,20.10000,1.67489,403.15091
2025-06-18 08:53:27+07:00,1770,27.40000,75.90000,13.60000,18.70000,1.64698,403.15091
2025-06-18 08:54:16+07:00,1771,27.40000,75.90000,13.80000,20.40000,1.66288,403.16275
2025-06-18 08:55:05+07:00,1772,27.40000,75.90000,13.50000,18.00000,1.63120,403.23462
2025-06-18 08:55:55+07:00,1773,27.40000,75.90000,13.40000,17.80000,1.60775,403.21051
2025-06-18 08:56:44+07:00,1774,27.40000,75.90000,13.40000,18.60000,1.62727,403.17465
2025-06-18 08:57:34+07:00,1775,27.40000,76.00000,12.90000,18.20000,1.61164,403.18655
2025-06-18 08:58:23+07:00,1776,27.40000,76.00000,13.00000,17.80000,1.63120,403.16275
2025-06-18 08:59:12+07:00,1777,27.40000,76.00000,13.50000,19.30000,1.63907,403.22858
2025-06-18 09:00:02+07:00,1778,27.40000,75.90000,13.10000,18.20000,1.63120,403.18655
2025-06-18 09:00:51+07:00,1779,27.40000,76.10000,13.40000,18.40000,1.63513,403.19254
2025-06-18 09:01:45+07:00,1780,27.40000,76.00000,13.40000,17.90000,1.65889,403.19254
2025-06-18 09:02:35+07:00,1781,27.40000,76.10000,12.80000,17.10000,1.55789,403.17465
2025-06-18 09:03:24+07:00,1782,27.40000,76.10000,13.30000,17.40000,1.61164,403.19254
2025-06-18 09:04:13+07:00,1783,27.40000,76.10000,13.30000,17.90000,1.61164,403.21652
2025-06-18 09:05:03+07:00,1784,27.40000,76.10000,13.50000,18.10000,1.61554,403.17465
2025-06-18 09:05:52+07:00,1785,27.40000,76.30000,14.20000,18.90000,1.64698,403.17465
2025-06-18 09:06:41+07:00,1786,27.40000,76.20000,14.20000,20.30000,1.70318,403.17465
2025-06-18 09:07:31+07:00,1787,27.40000,76.30000,13.40000,18.30000,1.62335,403.19254
2025-06-18 09:08:20+07:00,1788,27.40000,76.20000,13.10000,17.70000,1.62335,403.17465
2025-06-18 09:09:09+07:00,1789,27.40000,76.20000,13.30000,16.70000,1.63513,403.18060
2025-06-18 09:09:59+07:00,1790,27.50000,76.10000,14.10000,20.60000,1.59614,403.20450
2025-06-18 09:10:48+07:00,1791,27.50000,76.10000,14.30000,19.60000,1.63513,403.22253
2025-06-18 09:11:37+07:00,1792,27.50000,76.20000,13.40000,18.10000,1.65889,403.24670
2025-06-18 09:12:27+07:00,1793,27.50000,76.30000,14.20000,20.50000,1.67088,403.21652
2025-06-18 09:13:16+07:00,1794,27.50000,76.30000,13.70000,19.30000,1.65889,403.16870
2025-06-18 09:14:06+07:00,1795,27.50000,76.30000,13.80000,18.30000,1.68293,403.13321
2025-06-18 09:14:55+07:00,1796,27.50000,76.30000,13.80000,18.40000,1.62727,403.21051
2025-06-18 09:15:44+07:00,1797,27.50000,76.30000,13.80000,20.80000,1.63907,403.16870
2025-06-18 09:16:34+07:00,1798,27.50000,76.30000,13.70000,17.30000,1.66688,403.16870
2025-06-18 09:17:23+07:00,1799,27.50000,76.30000,13.50000,17.80000,1.73186,403.16870
2025-06-18 09:18:12+07:00,1800,27.50000,76.20000,13.90000,17.60000,1.66688,403.21652
2025-06-18 09:19:02+07:00,1801,27.50000,76.20000,14.20000,19.70000,1.63513,403.21652
2025-06-18 09:19:51+07:00,1802,27.50000,76.30000,14.40000,19.10000,1.67489,403.26495
2025-06-18 09:20:40+07:00,1803,27.50000,76.30000,14.40000,19.20000,1.57310,403.23462
2025-06-18 09:21:30+07:00,1804,27.60000,76.20000,13.80000,17.40000,1.63907,403.32013
2025-06-18 09:22:19+07:00,1805,27.60000,76.30000,13.90000,18.50000,1.68293,403.25885
2025-06-18 09:23:08+07:00,1806,27.60000,76.30000,13.70000,16.70000,1.70318,403.27103
2025-06-18 09:23:58+07:00,1807,27.60000,76.30000,13.50000,17.10000,1.67891,403.24670
2025-06-18 09:24:47+07:00,1808,27.60000,76.30000,13.90000,18.30000,1.77350,403.27103
2025-06-18 09:25:37+07:00,1809,27.60000,76.20000,13.50000,16.90000,1.65889,403.21652
2025-06-18 09:26:26+07:00,1810,27.60000,76.30000,14.00000,18.20000,1.75674,403.24066
2025-06-18 09:27:15+07:00,1811,27.60000,76.30000,13.80000,17.70000,1.67489,403.27103
2025-06-18 09:28:05+07:00,1812,27.60000,76.30000,13.80000,17.70000,1.70725,403.27103
2025-06-18 09:30:04+07:00,1813,27.60000,76.40000,13.60000,18.10000,1.69101,403.25885
2025-06-18 09:30:54+07:00,1814,27.60000,76.50000,14.00000,20.10000,1.70725,403.24670
2025-06-18 09:31:43+07:00,1815,27.60000,76.40000,14.00000,18.40000,1.72774,403.26495
2025-06-18 09:32:32+07:00,1816,27.60000,76.40000,13.80000,19.30000,1.72774,403.23462
2025-06-18 09:33:22+07:00,1817,27.60000,76.40000,13.80000,18.00000,1.70318,403.32013
2025-06-18 09:34:11+07:00,1818,27.60000,76.50000,14.10000,17.80000,1.69912,403.24670
2025-06-18 09:35:01+07:00,1819,27.60000,76.40000,13.70000,19.20000,1.73598,403.25278
2025-06-18 09:35:50+07:00,1820,27.70000,76.50000,14.50000,20.00000,1.69506,403.25278
2025-06-18 09:36:39+07:00,1821,27.70000,76.50000,14.00000,18.10000,1.71134,403.27103
2025-06-18 09:37:29+07:00,1822,27.60000,76.60000,14.30000,20.20000,1.72774,403.27103
2025-06-18 09:38:18+07:00,1823,27.60000,76.60000,13.70000,18.80000,1.68697,403.27103
2025-06-18 09:39:07+07:00,1824,27.70000,76.70000,14.70000,19.10000,1.67489,403.25885
2025-06-18 09:39:57+07:00,1825,27.60000,76.70000,13.80000,18.00000,1.71134,403.27713
2025-06-18 09:40:46+07:00,1826,27.70000,76.80000,13.30000,17.10000,1.71134,403.27103
2025-06-18 09:41:35+07:00,1827,27.70000,76.80000,13.40000,18.40000,1.65094,403.34491
2025-06-18 09:42:25+07:00,1828,27.70000,76.80000,14.70000,19.20000,1.68293,403.23462
2025-06-18 09:43:14+07:00,1829,27.60000,76.90000,13.30000,16.80000,1.64302,403.24670
2025-06-18 09:44:03+07:00,1830,27.70000,76.90000,13.60000,17.70000,1.62727,403.22253
2025-06-18 09:44:53+07:00,1831,27.70000,76.90000,13.80000,18.90000,1.70318,403.24670
2025-06-18 09:45:42+07:00,1832,27.70000,76.90000,13.50000,20.40000,1.66688,403.26495
2025-06-18 09:46:31+07:00,1833,27.70000,76.90000,13.30000,16.70000,1.67489,403.19254
2025-06-18 09:47:21+07:00,1834,27.70000,76.90000,13.90000,19.90000,1.68293,403.25885
2025-06-18 09:48:10+07:00,1835,27.70000,76.90000,13.30000,18.10000,1.72362,403.28937
2025-06-18 09:49:00+07:00,1836,27.70000,76.90000,14.10000,19.10000,1.74426,403.31396
2025-06-18 09:49:49+07:00,1837,27.70000,76.90000,14.50000,19.70000,1.71952,403.32013
2025-06-18 09:50:38+07:00,1838,27.70000,76.90000,13.70000,17.40000,1.67489,403.16870
2025-06-18 09:51:28+07:00,1839,27.70000,76.80000,13.80000,18.30000,1.71542,403.26495
2025-06-18 09:52:17+07:00,1840,27.80000,76.80000,14.40000,19.00000,1.73186,403.22858
2025-06-18 09:53:06+07:00,1841,27.80000,76.80000,14.00000,20.30000,1.71542,403.23462
2025-06-18 09:53:56+07:00,1842,27.80000,76.80000,13.20000,16.90000,1.72774,403.25885
2025-06-18 09:54:45+07:00,1843,27.80000,76.80000,13.70000,18.60000,1.70725,403.23462
2025-06-18 09:55:35+07:00,1844,27.80000,76.90000,14.10000,17.50000,1.70725,403.21652
2025-06-18 09:56:24+07:00,1845,27.80000,76.90000,13.50000,18.50000,1.74012,403.21652
2025-06-18 09:57:13+07:00,1846,27.80000,76.90000,14.40000,18.90000,1.70318,403.21652
2025-06-18 09:58:03+07:00,1847,27.80000,76.90000,13.40000,17.40000,1.68697,403.18655
2025-06-18 09:58:52+07:00,1848,27.80000,76.90000,14.10000,16.70000,1.72774,403.24670
2025-06-18 09:59:41+07:00,1849,27.80000,76.90000,13.90000,17.70000,1.66688,403.25278
2025-06-18 10:00:31+07:00,1850,27.80000,77.00000,13.70000,19.10000,1.69506,403.23462
2025-06-18 10:01:20+07:00,1851,27.80000,76.90000,13.50000,17.50000,1.69101,403.27103
2025-06-18 10:02:09+07:00,1852,27.90000,76.90000,13.80000,18.60000,1.72774,403.21051
2025-06-18 10:02:58+07:00,1853,27.90000,76.90000,14.20000,17.30000,1.69912,403.27103
2025-06-18 10:03:48+07:00,1854,27.90000,76.90000,14.10000,19.00000,1.67891,403.24670
2025-06-18 10:04:37+07:00,1855,27.90000,76.90000,13.70000,17.40000,1.71542,403.24066
2025-06-18 10:05:27+07:00,1856,27.90000,77.00000,14.20000,19.40000,1.71134,403.21652
2025-06-18 10:06:16+07:00,1857,27.90000,77.00000,13.50000,19.50000,1.66288,403.22253
2025-06-18 10:07:05+07:00,1858,27.90000,77.00000,13.60000,18.10000,1.68697,403.24670
2025-06-18 10:07:55+07:00,1859,27.90000,77.00000,13.60000,16.80000,1.70318,403.21051
2025-06-18 10:08:44+07:00,1860,27.90000,77.10000,14.40000,19.60000,1.70725,403.23462
2025-06-18 10:09:33+07:00,1861,27.90000,77.00000,14.10000,18.00000,1.68293,403.25278
2025-06-18 10:10:23+07:00,1862,28.00000,76.80000,14.10000,18.70000,1.71134,403.30780
2025-06-18 10:11:12+07:00,1863,28.00000,76.90000,13.80000,17.90000,1.67088,403.26495
2025-06-18 10:12:01+07:00,1864,28.00000,76.90000,13.90000,18.60000,1.68293,403.24066
2025-06-18 10:12:51+07:00,1865,27.90000,77.00000,13.40000,17.20000,1.67891,403.30780
2025-06-18 10:13:40+07:00,1866,28.00000,77.00000,13.50000,17.50000,1.68697,403.26495
2025-06-18 10:14:30+07:00,1867,28.00000,77.00000,14.40000,19.90000,1.70318,403.26495
2025-06-18 10:15:19+07:00,1868,28.00000,76.90000,14.30000,18.70000,1.69506,403.21652
2025-06-18 10:16:08+07:00,1869,28.00000,77.00000,14.10000,18.70000,1.65889,403.21652
2025-06-18 10:16:58+07:00,1870,28.00000,76.90000,14.60000,18.30000,1.69101,403.20450
2025-06-18 10:17:47+07:00,1871,28.00000,77.00000,14.00000,18.60000,1.66688,403.24066
2025-06-18 10:18:36+07:00,1872,28.00000,76.90000,13.60000,19.50000,1.69912,403.22858
2025-06-18 10:19:26+07:00,1873,28.00000,77.00000,14.00000,17.90000,1.67489,403.25278
2025-06-18 10:20:15+07:00,1874,28.00000,77.00000,13.40000,16.10000,1.70318,403.24670
2025-06-18 10:21:04+07:00,1875,28.00000,76.90000,13.90000,19.20000,1.67489,403.40753
2025-06-18 10:21:54+07:00,1876,28.10000,77.00000,14.00000,18.20000,1.72362,403.27103
2025-06-18 10:22:43+07:00,1877,28.00000,76.90000,14.20000,19.70000,1.68293,403.25885
2025-06-18 10:23:32+07:00,1878,28.10000,76.90000,13.40000,17.60000,1.65889,403.25278
2025-06-18 10:24:22+07:00,1879,28.00000,76.90000,14.10000,18.20000,1.60000,403.25885
2025-06-18 10:25:11+07:00,1880,28.10000,77.00000,14.00000,19.50000,1.71134,403.27103
2025-06-18 10:26:01+07:00,1881,28.10000,76.90000,14.30000,18.10000,1.67891,403.24670
2025-06-18 10:26:50+07:00,1882,28.10000,76.90000,14.00000,18.10000,1.69506,403.24670
2025-06-18 10:27:39+07:00,1883,28.10000,76.90000,14.10000,17.90000,1.66688,403.27103
2025-06-18 10:28:29+07:00,1884,28.10000,76.90000,13.60000,16.80000,1.73186,403.32632
2025-06-18 10:29:18+07:00,1885,28.10000,76.90000,13.50000,16.20000,1.65491,403.16870
2025-06-18 10:30:07+07:00,1886,28.10000,76.90000,13.60000,16.80000,1.67088,403.22253
2025-06-18 10:30:57+07:00,1887,28.10000,77.00000,14.70000,17.80000,1.64698,403.27103
2025-06-18 10:31:46+07:00,1888,28.10000,77.00000,13.50000,17.50000,1.69506,403.24670
2025-06-18 10:32:35+07:00,1889,28.10000,76.90000,13.90000,17.80000,1.68697,403.22858
2025-06-18 10:33:25+07:00,1890,28.10000,76.90000,14.50000,18.70000,1.65889,403.19852
2025-06-18 10:34:14+07:00,1891,28.10000,77.00000,13.70000,18.10000,1.67891,403.23462
2025-06-18 10:35:04+07:00,1892,28.10000,77.00000,14.50000,17.70000,1.65491,403.20450
2025-06-18 10:35:53+07:00,1893,28.10000,77.10000,13.80000,17.40000,1.65491,403.18655
2025-06-18 10:36:42+07:00,1894,28.10000,77.10000,13.90000,17.50000,1.64698,403.17465
2025-06-18 10:37:32+07:00,1895,28.10000,77.20000,14.20000,17.60000,1.63120,403.16275
2025-06-18 10:38:21+07:00,1896,28.10000,77.10000,14.00000,18.70000,1.61164,403.21652
2025-06-18 10:39:11+07:00,1897,28.10000,77.10000,13.20000,19.10000,1.63513,403.21051
2025-06-18 10:40:00+07:00,1898,28.10000,77.20000,14.20000,19.90000,1.61944,403.24066
2025-06-18 10:40:49+07:00,1899,28.10000,77.20000,14.30000,18.50000,1.61164,403.15091
2025-06-18 10:41:39+07:00,1900,28.10000,77.20000,13.90000,18.60000,1.66288,403.04593
2025-06-18 10:42:31+07:00,1901,28.10000,77.10000,14.50000,18.90000,1.59228,403.10974
2025-06-18 10:43:20+07:00,1902,28.10000,77.20000,14.40000,18.50000,1.60387,403.10974
2025-06-18 10:44:10+07:00,1903,28.10000,77.20000,14.10000,18.50000,1.60387,403.18655
2025-06-18 10:44:59+07:00,1904,28.10000,77.10000,14.90000,19.60000,1.56548,403.19254
2025-06-18 10:45:49+07:00,1905,28.10000,77.30000,14.30000,18.50000,1.58075,403.13321
2025-06-18 10:46:38+07:00,1906,28.10000,77.00000,14.10000,17.30000,1.58075,403.18060
2025-06-18 10:47:27+07:00,1907,28.10000,77.00000,14.00000,17.10000,1.52410,403.18655
2025-06-18 10:48:17+07:00,1908,28.10000,77.10000,14.40000,18.80000,1.60000,403.13321
2025-06-18 10:49:06+07:00,1909,28.10000,77.00000,14.30000,20.00000,1.59614,403.14499
2025-06-18 10:49:55+07:00,1910,28.10000,77.00000,14.00000,18.00000,1.60387,403.18655
2025-06-18 10:50:45+07:00,1911,28.10000,77.00000,13.50000,17.40000,1.64698,403.12732
2025-06-18 10:51:34+07:00,1912,28.20000,76.90000,13.70000,17.70000,1.57310,403.15683
2025-06-18 10:52:24+07:00,1913,28.20000,76.90000,14.00000,17.80000,1.60775,403.10974
2025-06-18 10:53:16+07:00,1914,28.20000,76.90000,13.80000,18.20000,1.60775,403.12146
2025-06-18 10:54:09+07:00,1915,28.20000,76.90000,13.90000,18.00000,1.58458,403.16870
2025-06-18 10:55:00+07:00,1916,28.20000,76.90000,14.50000,17.70000,1.62335,403.16870
2025-06-18 10:55:55+07:00,1917,28.20000,76.90000,14.20000,17.30000,1.61164,403.21051
2025-06-18 10:56:45+07:00,1918,28.20000,76.90000,13.50000,17.00000,1.67489,403.21051
2025-06-18 10:57:39+07:00,1919,28.20000,77.00000,12.80000,18.80000,1.64302,403.22858
2025-06-18 10:58:36+07:00,1920,28.20000,76.90000,14.60000,19.70000,1.62335,403.24670
2025-06-18 10:59:30+07:00,1921,28.20000,77.00000,13.80000,18.00000,1.63513,403.16275
2025-06-18 11:00:24+07:00,1922,28.20000,77.00000,13.70000,17.30000,1.60000,403.24066
2025-06-18 11:01:17+07:00,1923,28.20000,77.00000,13.50000,17.10000,1.58075,403.25278
2025-06-18 11:02:10+07:00,1924,28.20000,76.90000,13.80000,17.10000,1.63907,403.18060
2025-06-18 11:04:04+07:00,1925,28.20000,76.80000,13.50000,18.90000,1.61944,403.21051
2025-06-18 11:05:49+07:00,1926,28.20000,76.80000,12.90000,16.20000,1.59614,403.30167
2025-06-18 11:07:34+07:00,1927,28.30000,76.70000,13.20000,16.60000,1.57310,403.21051
2025-06-18 11:08:24+07:00,1928,28.30000,76.80000,13.10000,17.60000,1.59228,403.23462
2025-06-18 11:09:17+07:00,1929,28.30000,76.80000,12.40000,15.80000,1.59228,403.22858
2025-06-18 11:10:09+07:00,1930,28.30000,76.70000,13.10000,18.00000,1.62727,403.22858
2025-06-18 11:10:59+07:00,1931,28.30000,76.80000,13.60000,16.60000,1.59614,403.21051
2025-06-18 11:11:49+07:00,1932,28.30000,76.70000,12.60000,14.60000,1.59614,403.16275
2025-06-18 11:12:41+07:00,1933,28.30000,76.70000,12.50000,14.80000,1.60387,403.20450
2025-06-18 11:13:36+07:00,1934,28.30000,76.70000,12.80000,15.50000,1.58843,403.13910
2025-06-18 11:14:26+07:00,1935,28.30000,76.70000,12.20000,16.90000,1.58458,403.18060
2025-06-18 11:15:18+07:00,1936,28.30000,76.50000,12.20000,16.60000,1.57310,403.18655
2025-06-18 11:17:13+07:00,1937,28.30000,76.50000,11.90000,15.90000,1.57310,403.16870
2025-06-18 11:18:03+07:00,1938,28.30000,76.50000,12.30000,16.40000,1.54656,403.15091
2025-06-18 11:18:53+07:00,1939,28.30000,76.50000,12.70000,17.40000,1.55033,403.12732
2025-06-18 11:19:46+07:00,1940,28.30000,76.50000,12.70000,19.50000,1.52783,403.09222
2025-06-18 11:21:30+07:00,1941,28.30000,76.60000,11.70000,15.60000,1.52783,403.05170
2025-06-18 11:22:19+07:00,1942,28.30000,76.50000,12.80000,16.80000,1.47634,403.00021
2025-06-18 11:23:09+07:00,1943,28.40000,76.40000,12.10000,16.20000,1.42978,402.92154
2025-06-18 11:23:58+07:00,1944,28.40000,76.10000,12.60000,16.50000,1.39477,402.77460
2025-06-18 11:24:47+07:00,1945,28.30000,76.20000,11.80000,15.90000,1.28407,402.88284
2025-06-18 11:25:37+07:00,1946,28.30000,76.30000,11.50000,15.60000,1.38785,402.90491
2025-06-18 11:26:26+07:00,1947,28.30000,76.40000,11.70000,14.40000,1.47634,403.03445
2025-06-18 11:27:15+07:00,1948,28.30000,76.30000,11.90000,17.50000,1.46549,402.98322
2025-06-18 11:28:05+07:00,1949,28.40000,76.20000,11.80000,16.40000,1.43332,403.01727
2025-06-18 11:28:54+07:00,1950,28.30000,76.20000,11.60000,14.40000,1.45829,402.98322
2025-06-18 11:29:44+07:00,1951,28.30000,76.10000,11.90000,15.80000,1.42978,403.03445
2025-06-18 11:30:33+07:00,1952,28.30000,76.10000,12.40000,16.60000,1.48361,403.05743
2025-06-18 11:31:22+07:00,1953,28.30000,75.90000,11.70000,14.70000,1.48725,403.01727
2025-06-18 11:32:12+07:00,1954,28.40000,75.90000,11.40000,15.70000,1.49091,403.05743
2025-06-18 11:33:01+07:00,1955,28.40000,75.90000,11.10000,13.30000,1.48361,403.04593
2025-06-18 11:33:50+07:00,1956,28.40000,75.80000,11.10000,13.20000,1.48725,403.02298
2025-06-18 11:34:40+07:00,1957,28.40000,76.00000,10.90000,13.80000,1.49091,403.06323
2025-06-18 11:35:29+07:00,1958,28.40000,76.10000,11.50000,14.30000,1.50191,403.08060
2025-06-18 11:36:25+07:00,1959,28.40000,76.10000,11.90000,15.40000,1.47634,403.05743
2025-06-18 11:38:20+07:00,1960,28.50000,76.30000,11.70000,15.60000,1.49091,403.09222
2025-06-18 11:39:16+07:00,1961,28.50000,76.10000,11.20000,14.30000,1.49091,403.08640
2025-06-18 11:40:08+07:00,1962,28.60000,76.10000,11.50000,16.20000,1.46910,403.06900
2025-06-18 11:41:01+07:00,1963,28.50000,76.10000,11.80000,15.20000,1.49823,403.09222
2025-06-18 11:41:50+07:00,1964,28.50000,76.20000,11.80000,15.20000,1.48725,403.04593
2025-06-18 11:42:40+07:00,1965,28.50000,76.20000,12.70000,18.50000,1.49091,403.06900
2025-06-18 11:43:31+07:00,1966,28.50000,76.00000,10.90000,14.20000,1.50928,403.05743
2025-06-18 11:44:20+07:00,1967,28.50000,75.90000,11.00000,14.90000,1.46189,403.09805
2025-06-18 11:45:10+07:00,1968,28.40000,76.00000,11.90000,14.40000,1.49457,403.09222
2025-06-18 11:45:59+07:00,1969,28.40000,76.00000,12.10000,18.00000,1.44042,403.08640
2025-06-18 11:46:48+07:00,1970,28.40000,76.50000,11.50000,14.00000,1.47997,403.10388
2025-06-18 11:47:38+07:00,1971,28.50000,76.10000,11.80000,16.90000,1.49457,403.15683
2025-06-18 11:48:27+07:00,1972,28.50000,76.10000,12.30000,15.70000,1.46910,403.18655
2025-06-18 11:49:16+07:00,1973,28.60000,76.20000,12.50000,16.30000,1.47634,403.21652
2025-06-18 11:50:06+07:00,1974,28.70000,76.00000,11.50000,15.30000,1.48361,403.20450
2025-06-18 11:50:55+07:00,1975,28.60000,75.90000,11.10000,15.30000,1.45829,403.25278
2025-06-18 11:51:45+07:00,1976,28.60000,76.30000,11.20000,13.90000,1.49823,403.32013
2025-06-18 11:52:34+07:00,1977,28.50000,76.20000,12.20000,15.50000,1.47271,403.43918
2025-06-18 11:53:23+07:00,1978,28.50000,76.40000,12.10000,15.20000,1.47634,403.36359
2025-06-18 11:54:13+07:00,1979,28.50000,76.40000,12.00000,16.10000,1.54656,403.39493
2025-06-18 11:55:02+07:00,1980,28.50000,76.30000,11.90000,14.70000,1.52039,403.43918
2025-06-18 11:55:51+07:00,1981,28.50000,76.30000,11.90000,16.60000,1.52783,403.39493
2025-06-18 11:56:42+07:00,1982,28.60000,76.30000,11.50000,16.10000,1.51667,403.26495
2025-06-18 11:57:32+07:00,1983,28.60000,76.10000,12.00000,17.10000,1.50928,403.34491
2025-06-18 11:58:21+07:00,1984,28.70000,75.90000,11.20000,14.30000,1.49091,403.27103
2025-06-18 11:59:11+07:00,1985,28.70000,75.80000,11.50000,14.80000,1.51667,403.27103
2025-06-18 12:00:00+07:00,1986,28.70000,75.80000,11.40000,14.90000,1.55411,403.32013
2025-06-18 12:00:49+07:00,1987,28.70000,76.00000,11.30000,15.40000,1.57692,403.27103
2025-06-18 12:01:39+07:00,1988,28.70000,76.00000,12.00000,16.30000,1.54280,403.32632
2025-06-18 12:02:28+07:00,1989,28.70000,76.00000,11.80000,14.80000,1.52039,403.27103
2025-06-18 12:03:17+07:00,1990,28.70000,76.00000,11.30000,13.80000,1.55411,403.27103
2025-06-18 12:04:07+07:00,1991,28.70000,75.70000,11.30000,15.70000,1.55789,403.27103
2025-06-18 12:04:56+07:00,1992,28.70000,75.70000,11.30000,15.00000,1.54280,403.32013
2025-06-18 12:05:45+07:00,1993,28.70000,75.70000,11.70000,15.70000,1.52410,403.23462
2025-06-18 12:06:35+07:00,1994,28.70000,75.80000,11.70000,16.60000,1.52410,403.25278
2025-06-18 12:07:24+07:00,1995,28.80000,75.60000,11.20000,13.80000,1.53905,403.23462
2025-06-18 12:08:14+07:00,1996,28.80000,75.50000,11.00000,13.70000,1.54656,403.25885
2025-06-18 12:09:03+07:00,1997,28.70000,75.50000,11.10000,13.00000,1.52410,403.24670
2025-06-18 12:09:52+07:00,1998,28.70000,75.50000,10.60000,13.90000,1.54280,403.18655
2025-06-18 12:10:42+07:00,1999,28.70000,75.60000,11.50000,14.40000,1.51667,403.25278
2025-06-18 12:11:31+07:00,2000,28.70000,75.80000,11.30000,13.90000,1.54656,403.20450
2025-06-18 12:12:20+07:00,2001,28.70000,75.80000,10.40000,12.80000,1.53905,403.12732
2025-06-18 12:13:10+07:00,2002,28.70000,75.90000,10.70000,13.00000,1.46189,403.03445
2025-06-18 12:13:59+07:00,2003,28.70000,75.80000,10.90000,13.90000,1.38441,402.98322
2025-06-18 12:14:49+07:00,2004,28.60000,75.80000,10.70000,14.20000,1.45112,403.09222
2025-06-18 12:15:38+07:00,2005,28.60000,75.90000,11.30000,14.70000,1.49091,403.17465
2025-06-18 12:16:27+07:00,2006,28.70000,75.40000,10.30000,15.40000,1.48725,403.18655
2025-06-18 12:17:17+07:00,2007,28.70000,75.20000,9.90000,13.20000,1.53156,403.24066
2025-06-18 12:18:06+07:00,2008,28.70000,75.20000,10.10000,13.30000,1.51297,403.19254
2025-06-18 12:18:55+07:00,2009,28.70000,75.30000,10.60000,14.00000,1.54656,403.17465
2025-06-18 12:19:45+07:00,2010,28.60000,75.60000,10.60000,15.20000,1.55033,403.18060
2025-06-18 12:20:34+07:00,2011,28.60000,75.60000,10.30000,13.80000,1.55411,403.18655
2025-06-18 12:21:23+07:00,2012,28.60000,75.60000,10.70000,13.50000,1.50928,403.19852
2025-06-18 12:22:13+07:00,2013,28.60000,75.50000,10.60000,13.70000,1.53905,403.16275
2025-06-18 12:23:02+07:00,2014,28.70000,75.70000,10.00000,13.70000,1.55033,403.17465
2025-06-18 12:23:51+07:00,2015,28.70000,75.60000,10.60000,14.90000,1.53530,403.16275
2025-06-18 12:24:41+07:00,2016,28.60000,75.40000,9.80000,12.20000,1.49091,403.18655
2025-06-18 12:25:30+07:00,2017,28.60000,75.70000,10.40000,13.90000,1.53530,403.15683
2025-06-18 12:26:20+07:00,2018,28.60000,75.80000,10.60000,15.90000,1.52410,403.13910
2025-06-18 12:27:09+07:00,2019,28.60000,75.60000,10.50000,14.30000,1.55411,403.15091
2025-06-18 12:27:58+07:00,2020,28.60000,75.70000,10.10000,13.50000,1.55789,403.14499
2025-06-18 12:28:48+07:00,2021,28.70000,75.40000,10.30000,12.90000,1.52039,403.12732
2025-06-18 12:29:37+07:00,2022,28.70000,75.30000,10.40000,12.70000,1.52783,403.13910
2025-06-18 12:30:26+07:00,2023,28.70000,75.40000,10.30000,12.20000,1.55411,403.18655
2025-06-18 12:31:16+07:00,2024,28.80000,75.20000,10.60000,13.40000,1.50191,403.14499
2025-06-18 12:32:05+07:00,2025,28.90000,75.00000,10.40000,14.00000,1.51297,403.10974
2025-06-18 12:32:54+07:00,2026,28.90000,74.70000,10.10000,15.20000,1.51667,403.09222
2025-06-18 12:33:44+07:00,2027,28.90000,74.70000,9.70000,12.40000,1.53530,403.09805
2025-06-18 12:34:33+07:00,2028,28.80000,74.90000,10.20000,12.40000,1.47634,403.10388
2025-06-18 12:35:23+07:00,2029,28.80000,75.00000,10.80000,14.30000,1.52039,403.09222
2025-06-18 12:36:12+07:00,2030,28.80000,75.10000,11.20000,14.30000,1.53905,403.16870
2025-06-18 12:37:01+07:00,2031,28.70000,75.20000,10.60000,14.60000,1.42625,402.94943
2025-06-18 12:37:51+07:00,2032,28.70000,75.40000,10.80000,13.60000,1.40869,402.93826
2025-06-18 12:38:40+07:00,2033,28.80000,75.20000,10.30000,12.60000,1.44755,402.97754
2025-06-18 12:39:29+07:00,2034,28.80000,75.20000,10.40000,12.60000,1.43687,402.96628
2025-06-18 12:40:19+07:00,2035,28.80000,75.00000,10.20000,13.00000,1.45112,402.95505
2025-06-18 12:41:08+07:00,2036,28.80000,74.90000,10.10000,12.90000,1.43687,402.93268
2025-06-18 12:41:57+07:00,2037,28.80000,75.00000,9.80000,14.50000,1.45470,402.95505
2025-06-18 12:42:47+07:00,2038,28.70000,75.40000,9.60000,12.10000,1.41569,403.03445
2025-06-18 12:43:36+07:00,2039,28.70000,75.40000,9.30000,12.40000,1.47271,402.96066
2025-06-18 12:44:26+07:00,2040,28.80000,75.40000,10.10000,13.30000,1.41569,402.97192
2025-06-18 12:45:15+07:00,2041,28.80000,75.40000,9.70000,12.10000,1.43687,402.89938
2025-06-18 12:46:04+07:00,2042,28.80000,75.50000,9.80000,13.60000,1.49823,402.96628
2025-06-18 12:46:54+07:00,2043,28.80000,75.50000,10.00000,15.20000,1.42272,403.05170
2025-06-18 12:47:43+07:00,2044,28.90000,75.10000,10.30000,14.50000,1.47271,403.00021
2025-06-18 12:48:32+07:00,2045,28.90000,75.00000,9.70000,12.80000,1.39477,403.02872
2025-06-18 12:49:22+07:00,2046,28.90000,74.90000,9.60000,12.50000,1.42978,403.01157
2025-06-18 12:50:11+07:00,2047,28.80000,75.00000,9.40000,13.40000,1.42978,403.02298
2025-06-18 12:51:01+07:00,2048,28.80000,75.10000,9.30000,12.10000,1.45829,403.02872
2025-06-18 12:51:50+07:00,2049,28.80000,75.00000,9.70000,12.80000,1.45112,403.03445
2025-06-18 12:52:39+07:00,2050,28.80000,74.80000,10.10000,13.40000,1.45829,403.05743
2025-06-18 12:53:31+07:00,2051,28.90000,75.10000,9.90000,12.00000,1.48725,403.08640
2025-06-18 12:54:20+07:00,2052,28.80000,75.10000,9.30000,12.70000,1.45829,403.09805
2025-06-18 12:55:09+07:00,2053,28.90000,75.10000,9.90000,13.50000,1.44398,403.09805
2025-06-18 12:55:59+07:00,2054,28.90000,75.00000,9.80000,12.40000,1.41921,403.08640
2025-06-18 12:56:48+07:00,2055,28.90000,74.70000,9.80000,13.10000,1.45470,403.09805
2025-06-18 12:57:38+07:00,2056,28.90000,74.80000,10.00000,13.50000,1.42978,403.09222
2025-06-18 12:58:27+07:00,2057,28.90000,74.90000,9.60000,12.70000,1.41219,403.13321
2025-06-18 12:59:16+07:00,2058,28.90000,75.00000,9.70000,12.20000,1.53530,403.15683
2025-06-18 13:00:06+07:00,2059,28.90000,75.00000,9.90000,11.50000,1.41921,403.16870
2025-06-18 13:00:55+07:00,2060,28.90000,75.20000,9.80000,13.30000,1.40520,403.16275
2025-06-18 13:01:44+07:00,2061,28.90000,75.10000,9.10000,13.20000,1.38441,403.08060
2025-06-18 13:02:34+07:00,2062,28.90000,75.00000,9.50000,14.00000,1.36726,403.12146
2025-06-18 13:03:23+07:00,2063,28.90000,75.10000,9.40000,13.90000,1.32349,403.05170
2025-06-18 13:04:12+07:00,2064,28.90000,75.30000,9.50000,12.30000,1.46549,403.27103
2025-06-18 13:05:02+07:00,2065,28.90000,75.40000,9.90000,13.70000,1.43687,403.38864
2025-06-18 13:05:51+07:00,2066,28.90000,75.30000,9.20000,12.90000,1.47271,403.31396
2025-06-18 13:06:41+07:00,2067,28.90000,75.30000,9.20000,12.10000,1.50559,403.27103
2025-06-18 13:07:30+07:00,2068,28.80000,75.30000,9.70000,14.80000,1.46189,403.33871
2025-06-18 13:08:19+07:00,2069,28.90000,75.40000,9.60000,12.90000,1.47271,403.38864
2025-06-18 13:09:09+07:00,2070,28.90000,75.40000,9.50000,12.50000,1.49091,403.33249
2025-06-18 13:09:58+07:00,2071,28.90000,75.40000,9.10000,11.70000,1.46189,403.27103
2025-06-18 13:10:48+07:00,2072,28.90000,75.40000,9.40000,12.20000,1.48361,403.27103
2025-06-18 13:11:37+07:00,2073,28.90000,75.40000,9.70000,13.80000,1.49457,403.26495
2025-06-18 13:12:26+07:00,2074,28.90000,75.40000,9.10000,11.30000,1.45470,403.25278
2025-06-18 13:13:16+07:00,2075,28.90000,75.40000,9.60000,12.60000,1.47634,403.26495
2025-06-18 13:14:05+07:00,2076,28.90000,75.30000,9.70000,12.30000,1.48361,403.18060
2025-06-18 13:14:54+07:00,2077,28.90000,75.30000,9.10000,12.30000,1.45470,403.25278
2025-06-18 13:15:44+07:00,2078,28.90000,75.20000,9.20000,13.10000,1.46910,403.23462
2025-06-18 13:16:33+07:00,2079,28.90000,75.30000,9.70000,12.60000,1.46910,403.25278
2025-06-18 13:17:23+07:00,2080,28.90000,75.40000,9.20000,13.40000,1.45829,403.27103
2025-06-18 13:18:12+07:00,2081,28.90000,75.60000,9.70000,12.30000,1.48725,403.32013
2025-06-18 13:19:02+07:00,2082,28.90000,75.40000,9.30000,12.90000,1.48361,403.35114
2025-06-18 13:19:51+07:00,2083,28.90000,75.40000,9.80000,12.10000,1.46549,403.35736
2025-06-18 13:20:40+07:00,2084,28.90000,75.40000,9.30000,12.70000,1.49091,403.34491
2025-06-18 13:21:30+07:00,2085,28.90000,75.40000,9.90000,13.50000,1.49091,403.27103
2025-06-18 13:22:19+07:00,2086,28.90000,75.40000,9.50000,12.80000,1.46189,403.27103
2025-06-18 13:23:08+07:00,2087,28.90000,75.40000,10.00000,13.30000,1.47271,403.26495
2025-06-18 13:24:04+07:00,2088,28.90000,75.50000,9.40000,10.90000,1.49823,403.32013
2025-06-18 13:24:53+07:00,2089,28.80000,75.20000,8.80000,12.40000,1.46910,403.27103
2025-06-18 13:25:42+07:00,2090,28.80000,75.10000,9.40000,12.10000,1.50559,403.27103
2025-06-18 13:26:42+07:00,2091,28.80000,75.20000,9.30000,12.50000,1.48361,403.42017
2025-06-18 13:27:34+07:00,2092,28.80000,75.30000,9.00000,13.00000,1.52410,403.35736
2025-06-18 13:28:26+07:00,2093,28.80000,75.60000,9.50000,11.60000,1.49457,403.42648
2025-06-18 13:29:15+07:00,2094,28.90000,75.40000,9.20000,11.80000,1.50928,403.42017
2025-06-18 13:30:05+07:00,2095,28.80000,75.30000,9.70000,12.10000,1.49823,403.45831
2025-06-18 13:30:57+07:00,2096,28.90000,75.20000,10.60000,13.20000,1.50191,403.48392
2025-06-18 13:31:48+07:00,2097,28.80000,74.90000,21.80000,26.10000,1.55411,403.50323
2025-06-18 13:32:37+07:00,2098,28.80000,74.70000,20.60000,25.40000,1.56168,403.48392
2025-06-18 13:33:27+07:00,2099,28.80000,74.90000,25.70000,29.20000,1.54656,403.42648
2025-06-18 13:34:16+07:00,2100,28.80000,74.90000,27.90000,31.30000,1.53905,403.48392
2025-06-18 13:35:05+07:00,2101,28.80000,74.90000,26.40000,30.20000,1.53156,403.43918
2025-06-18 13:35:55+07:00,2102,28.80000,74.90000,27.50000,31.70000,1.52410,403.46469
2025-06-18 13:36:44+07:00,2103,28.80000,75.30000,23.90000,28.20000,1.63120,403.49036
2025-06-18 13:37:33+07:00,2104,28.80000,75.20000,22.10000,25.80000,1.51667,403.43918
2025-06-18 13:38:23+07:00,2105,28.80000,75.30000,21.80000,25.20000,1.51667,403.43918
2025-06-18 13:39:12+07:00,2106,28.80000,75.30000,20.30000,24.10000,1.56168,403.43918
2025-06-18 13:40:01+07:00,2107,28.80000,75.10000,18.60000,22.10000,1.53530,403.47751
2025-06-18 13:40:51+07:00,2108,28.80000,75.10000,18.70000,21.80000,1.53905,403.48392
2025-06-18 13:41:40+07:00,2109,28.80000,75.10000,19.20000,23.00000,1.54280,403.48392
2025-06-18 13:42:30+07:00,2110,28.80000,75.20000,18.20000,21.40000,1.53530,403.47751
2025-06-18 13:43:19+07:00,2111,28.80000,74.80000,16.90000,19.60000,1.56548,403.43918
2025-06-18 13:44:08+07:00,2112,28.70000,74.70000,15.80000,19.40000,1.54280,403.43918
2025-06-18 13:44:58+07:00,2113,28.70000,74.80000,15.10000,18.50000,1.53530,403.45190
2025-06-18 13:45:47+07:00,2114,28.70000,74.90000,15.20000,18.80000,1.54656,403.46469
2025-06-18 13:46:37+07:00,2115,28.70000,74.60000,14.90000,18.00000,1.57310,403.42648
2025-06-18 13:47:26+07:00,2116,28.70000,74.80000,14.30000,17.20000,1.52039,403.40121
2025-06-18 13:48:15+07:00,2117,28.70000,74.90000,14.30000,17.60000,1.56168,403.42648
2025-06-18 13:49:05+07:00,2118,28.70000,74.80000,14.30000,18.20000,1.52783,403.46469
2025-06-18 13:49:54+07:00,2119,28.70000,74.60000,20.90000,24.90000,1.58458,403.45831
2025-06-18 13:51:27+07:00,2120,28.60000,74.70000,17.50000,20.90000,1.39131,402.96646
2025-06-18 13:52:16+07:00,2121,28.70000,74.50000,18.90000,22.90000,2.04319,404.21585
2025-06-18 13:53:05+07:00,2122,28.70000,73.90000,17.40000,20.00000,2.19878,404.04785
2025-06-18 13:53:55+07:00,2123,28.80000,74.00000,20.10000,23.60000,2.09918,404.16946
2025-06-18 13:54:44+07:00,2124,28.70000,73.20000,18.80000,22.80000,2.17750,404.18491
2025-06-18 13:55:33+07:00,2125,28.70000,73.30000,18.10000,20.40000,2.18812,404.29410
2025-06-18 13:56:23+07:00,2126,28.70000,73.20000,18.90000,22.30000,1.94930,404.18491
2025-06-18 13:57:12+07:00,2127,28.70000,73.50000,18.80000,22.40000,2.20412,404.11591
2025-06-18 13:58:02+07:00,2128,28.70000,73.40000,17.80000,21.00000,2.13023,404.23141
2025-06-18 13:58:51+07:00,2129,28.70000,73.50000,17.30000,21.40000,2.16165,404.20035
2025-06-18 13:59:41+07:00,2130,28.70000,73.50000,17.00000,20.70000,2.08379,404.23141
2025-06-18 14:00:30+07:00,2131,28.70000,73.70000,17.20000,19.40000,2.20412,403.86368
2025-06-18 14:01:19+07:00,2132,28.70000,73.80000,16.50000,19.00000,2.04823,404.16946
2025-06-18 14:02:09+07:00,2133,28.70000,73.70000,15.40000,19.20000,2.23101,404.18491
2025-06-18 14:02:58+07:00,2134,28.70000,74.00000,15.10000,18.60000,2.22022,404.20035
2025-06-18 14:03:47+07:00,2135,28.70000,74.00000,15.70000,17.60000,2.25270,404.18491
2025-06-18 14:04:37+07:00,2136,28.70000,74.10000,15.80000,18.40000,2.24184,404.20810
2025-06-18 14:05:26+07:00,2137,28.70000,74.10000,15.40000,18.40000,2.30214,404.20810
2025-06-18 14:06:15+07:00,2138,28.60000,74.10000,15.40000,19.00000,2.04823,404.12354
2025-06-18 14:07:05+07:00,2139,28.70000,74.20000,15.00000,17.70000,2.09918,404.16180
2025-06-18 14:07:54+07:00,2140,28.60000,74.30000,14.20000,16.40000,2.17750,403.92917
2025-06-18 14:08:44+07:00,2141,28.70000,74.30000,15.20000,17.80000,2.12503,404.10831
2025-06-18 14:09:33+07:00,2142,28.60000,74.40000,15.50000,17.40000,2.22022,404.12354
2025-06-18 14:10:22+07:00,2143,28.60000,74.50000,15.80000,17.80000,2.23101,404.04785
2025-06-18 14:11:12+07:00,2144,28.60000,74.60000,15.30000,18.70000,2.17221,404.16946
2025-06-18 14:12:01+07:00,2145,28.60000,74.70000,17.00000,21.80000,2.17750,404.17719
2025-06-18 14:12:50+07:00,2146,28.60000,74.80000,15.90000,18.10000,2.17750,404.13879
2025-06-18 14:13:40+07:00,2147,28.60000,74.80000,16.60000,22.30000,2.13023,404.13113
2025-06-18 14:14:29+07:00,2148,28.60000,74.90000,16.90000,20.60000,2.13023,404.17719
2025-06-18 14:15:18+07:00,2149,28.60000,74.90000,16.70000,19.80000,2.20948,404.10071
2025-06-18 14:16:08+07:00,2150,28.60000,75.00000,16.20000,19.90000,2.14589,404.16946
2025-06-18 14:16:57+07:00,2151,28.60000,75.00000,17.20000,21.10000,2.12503,404.15411
2025-06-18 14:17:46+07:00,2152,28.60000,75.10000,17.60000,19.70000,2.21485,404.16946
2025-06-18 14:18:36+07:00,2153,28.60000,75.00000,15.80000,19.80000,2.20948,404.18491
2025-06-18 14:19:25+07:00,2154,28.60000,75.00000,16.10000,18.10000,2.24184,404.18491
2025-06-18 14:20:14+07:00,2155,28.60000,75.00000,17.30000,21.80000,2.16692,403.65878
2025-06-18 14:21:04+07:00,2156,28.60000,75.00000,17.00000,22.10000,2.17750,404.18491
2025-06-18 14:21:53+07:00,2157,28.60000,75.00000,17.30000,21.50000,2.17750,404.19263
2025-06-18 14:22:43+07:00,2158,28.50000,75.00000,17.20000,21.00000,2.14066,404.14645
2025-06-18 14:23:32+07:00,2159,28.50000,75.00000,16.90000,20.70000,2.11984,404.18491
2025-06-18 14:24:21+07:00,2160,28.50000,75.10000,17.50000,21.40000,2.13023,404.06290
2025-06-18 14:25:11+07:00,2161,28.50000,75.10000,17.30000,21.00000,2.10433,404.16946
2025-06-18 14:26:00+07:00,2162,28.50000,74.90000,17.30000,21.70000,2.13023,404.13879
2025-06-18 14:26:49+07:00,2163,28.50000,74.80000,17.40000,20.90000,2.16692,404.07043
2025-06-18 14:27:39+07:00,2164,28.50000,74.80000,16.50000,19.80000,2.13544,404.17719
2025-06-18 14:28:28+07:00,2165,28.50000,74.80000,17.70000,21.20000,2.17750,404.19263
2025-06-18 14:29:18+07:00,2166,28.50000,74.70000,17.90000,23.60000,2.16165,404.13113
2025-06-18 14:30:07+07:00,2167,28.40000,74.80000,16.40000,21.00000,2.15114,404.17719
2025-06-18 14:30:57+07:00,2168,28.50000,74.80000,16.90000,20.30000,2.20412,404.03287
2025-06-18 14:31:47+07:00,2169,28.40000,74.90000,17.40000,21.20000,2.14066,404.13879
2025-06-18 14:32:36+07:00,2170,28.50000,75.00000,16.50000,20.50000,2.17750,404.19263
2025-06-18 14:33:25+07:00,2171,28.50000,74.80000,16.70000,19.80000,2.13544,404.19263
2025-06-18 14:34:15+07:00,2172,28.50000,74.90000,17.70000,21.20000,2.17750,404.18491
2025-06-18 14:35:04+07:00,2173,28.40000,74.90000,16.40000,19.50000,1.96389,404.20035
2025-06-18 14:35:54+07:00,2174,28.50000,74.80000,17.60000,22.10000,2.20412,404.17719
2025-06-18 14:36:43+07:00,2175,28.40000,74.80000,17.50000,21.50000,2.15639,404.23141
2025-06-18 14:37:32+07:00,2176,28.40000,74.80000,17.70000,21.60000,2.17750,403.95856
2025-06-18 14:38:22+07:00,2177,28.40000,74.80000,17.80000,23.10000,2.24184,404.14645
2025-06-18 14:39:12+07:00,2178,28.40000,74.80000,17.00000,20.40000,2.10949,404.17719
2025-06-18 14:40:02+07:00,2179,28.40000,74.80000,17.10000,21.00000,2.13023,404.12354
2025-06-18 14:40:54+07:00,2180,28.40000,74.80000,17.30000,20.30000,2.01315,404.05536
2025-06-18 14:41:44+07:00,2181,28.40000,74.90000,18.00000,21.90000,2.18281,404.16946
2025-06-18 14:42:33+07:00,2182,28.40000,74.90000,18.10000,21.90000,2.22561,404.16946
2025-06-18 14:43:23+07:00,2183,28.40000,75.00000,17.10000,20.80000,2.14589,404.13113
2025-06-18 14:44:16+07:00,2184,28.40000,75.10000,18.00000,21.50000,2.23642,404.15411
2025-06-18 14:45:08+07:00,2185,28.40000,75.20000,17.50000,21.70000,2.23101,404.04785
2025-06-18 14:45:57+07:00,2186,28.40000,75.50000,18.00000,21.90000,2.13544,403.94385
2025-06-18 14:46:48+07:00,2187,28.40000,75.60000,17.70000,20.70000,2.06341,404.16180
2025-06-18 14:47:37+07:00,2188,28.40000,75.80000,17.00000,22.40000,2.16165,404.17719
2025-06-18 14:48:27+07:00,2189,28.40000,76.00000,16.60000,19.50000,2.21485,404.13879
2025-06-18 14:49:20+07:00,2190,28.40000,76.10000,17.50000,20.10000,2.04823,404.13113
2025-06-18 14:50:10+07:00,2191,28.40000,76.20000,17.50000,22.00000,2.11466,404.17719
2025-06-18 14:51:00+07:00,2192,28.40000,76.30000,16.70000,19.70000,2.11466,404.10071
2025-06-18 14:51:50+07:00,2193,28.40000,76.40000,17.40000,21.50000,2.11984,404.17719
2025-06-18 14:52:40+07:00,2194,28.40000,76.50000,17.20000,20.30000,2.00322,404.18491
2025-06-18 14:53:30+07:00,2195,28.30000,76.70000,17.10000,21.40000,2.20412,404.13879
2025-06-18 14:55:13+07:00,2196,28.30000,76.70000,16.90000,20.80000,2.17221,404.16180
2025-06-18 14:56:03+07:00,2197,28.30000,76.70000,16.90000,22.40000,2.18812,404.13879
2025-06-18 14:56:52+07:00,2198,28.30000,76.80000,17.10000,21.60000,2.03314,404.18491
2025-06-18 14:57:42+07:00,2199,28.30000,76.80000,17.20000,21.70000,2.21485,404.21585
2025-06-18 14:58:31+07:00,2200,28.30000,76.80000,17.20000,20.90000,2.21485,404.04785
2025-06-18 14:59:21+07:00,2201,28.30000,76.80000,17.90000,24.10000,2.21485,404.16946
2025-06-18 15:00:10+07:00,2202,28.30000,77.00000,17.90000,24.30000,2.20412,404.21585
2025-06-18 15:01:00+07:00,2203,28.30000,77.20000,17.80000,24.20000,2.22561,404.16946
2025-06-18 15:01:49+07:00,2204,28.30000,77.40000,19.30000,24.10000,2.20948,404.17719
2025-06-18 15:02:39+07:00,2205,28.20000,77.40000,18.10000,23.70000,2.05834,403.61752
2025-06-18 15:03:28+07:00,2206,28.20000,77.50000,18.70000,23.70000,2.21485,404.01791
2025-06-18 15:04:18+07:00,2207,28.20000,77.60000,19.00000,23.60000,2.16692,404.13879
2025-06-18 15:05:07+07:00,2208,28.20000,77.70000,18.40000,22.70000,2.23642,404.09311
2025-06-18 15:06:01+07:00,2209,28.20000,77.60000,18.20000,22.70000,2.16692,404.11591
2025-06-18 15:06:50+07:00,2210,28.20000,77.50000,17.90000,20.80000,2.24184,404.12354
2025-06-18 15:07:42+07:00,2211,28.20000,77.60000,18.80000,24.80000,2.16692,404.16180
2025-06-18 15:08:34+07:00,2212,28.20000,77.60000,18.00000,24.30000,2.17221,404.08554
2025-06-18 15:09:26+07:00,2213,28.20000,77.60000,18.30000,23.80000,2.20948,403.85648
2025-06-18 15:10:19+07:00,2214,28.20000,77.60000,17.10000,21.40000,2.22561,404.13879
2025-06-18 15:11:12+07:00,2215,28.20000,77.50000,18.10000,23.00000,2.18281,404.01047
2025-06-18 15:12:06+07:00,2216,28.20000,77.40000,17.80000,21.50000,2.20412,404.12354
2025-06-18 15:12:57+07:00,2217,28.20000,77.50000,18.90000,24.00000,2.24727,404.01047
2025-06-18 15:13:50+07:00,2218,28.20000,77.60000,17.90000,21.80000,2.19878,404.12354
2025-06-18 15:15:33+07:00,2219,28.20000,77.50000,18.20000,24.40000,2.20948,404.18491
2025-06-18 15:16:23+07:00,2220,28.10000,77.70000,18.30000,22.00000,2.14589,404.18491
2025-06-18 15:17:15+07:00,2221,28.10000,77.80000,18.10000,22.50000,2.10949,404.13879
2025-06-18 15:18:05+07:00,2222,28.10000,77.80000,17.90000,22.00000,2.11984,404.16180
2025-06-18 15:18:54+07:00,2223,28.10000,77.70000,17.00000,22.00000,2.19878,404.12354
2025-06-18 15:19:43+07:00,2224,28.10000,77.80000,17.40000,23.00000,2.24184,404.16946
2025-06-18 15:20:33+07:00,2225,28.10000,77.90000,18.00000,21.50000,2.23101,404.18491
2025-06-18 15:21:22+07:00,2226,28.20000,77.90000,18.40000,22.60000,2.20412,404.17719
2025-06-18 15:22:11+07:00,2227,28.20000,77.80000,18.40000,22.50000,2.13544,404.16180
2025-06-18 15:23:01+07:00,2228,28.20000,77.70000,17.40000,21.60000,2.22561,404.13113
2025-06-18 15:23:50+07:00,2229,28.20000,78.00000,18.20000,23.70000,2.19878,404.15411
2025-06-18 15:24:40+07:00,2230,28.20000,77.90000,18.60000,25.20000,2.24184,404.16180
2025-06-18 15:25:29+07:00,2231,28.20000,78.10000,17.60000,21.90000,2.30214,404.16180
2025-06-18 15:26:19+07:00,2232,28.10000,78.40000,18.40000,23.30000,2.31325,404.08554
2025-06-18 15:27:08+07:00,2233,28.10000,78.50000,18.80000,22.50000,2.19344,404.13113
2025-06-18 15:27:58+07:00,2234,28.10000,78.50000,18.70000,24.20000,2.12503,404.13113
2025-06-18 15:28:47+07:00,2235,28.10000,78.50000,18.10000,22.20000,2.15639,404.17719
2025-06-18 15:29:37+07:00,2236,28.10000,78.60000,19.90000,23.10000,2.25815,404.16946
2025-06-18 15:30:26+07:00,2237,28.10000,78.60000,18.40000,22.20000,2.32439,404.14645
2025-06-18 15:31:21+07:00,2238,28.10000,78.60000,18.20000,22.10000,2.18812,403.98074
2025-06-18 15:32:12+07:00,2239,28.10000,78.70000,19.20000,22.90000,2.14589,404.16946
2025-06-18 15:33:06+07:00,2240,28.10000,78.70000,20.00000,25.90000,2.18281,404.15411
2025-06-18 15:33:55+07:00,2241,28.10000,78.90000,19.10000,22.80000,2.18812,404.12354
2025-06-18 15:34:53+07:00,2242,28.10000,78.80000,18.10000,21.40000,2.19878,404.17719
2025-06-18 15:35:42+07:00,2243,28.10000,78.70000,18.20000,24.20000,2.20948,404.10831
2025-06-18 15:36:32+07:00,2244,28.10000,78.80000,18.50000,24.50000,2.15639,404.14645
2025-06-18 15:37:21+07:00,2245,28.10000,78.60000,19.10000,24.40000,2.25815,404.14645
2025-06-18 15:38:11+07:00,2246,28.00000,78.80000,19.10000,23.10000,2.25815,404.16946
2025-06-18 15:39:03+07:00,2247,28.00000,78.80000,19.00000,22.20000,2.24184,404.18491
2025-06-18 15:39:53+07:00,2248,28.00000,78.90000,19.50000,23.80000,2.29108,404.21585
2025-06-18 15:40:42+07:00,2249,28.00000,78.80000,19.60000,24.80000,2.26362,404.17719
2025-06-18 15:41:32+07:00,2250,28.00000,78.90000,19.40000,22.20000,2.24184,404.18491
2025-06-18 15:42:21+07:00,2251,28.00000,78.90000,20.40000,24.90000,2.18281,404.16946
2025-06-18 15:43:11+07:00,2252,28.00000,79.00000,18.70000,23.40000,2.19344,404.16946
2025-06-18 15:44:00+07:00,2253,28.00000,79.00000,18.40000,22.90000,2.23101,404.14645
2025-06-18 15:44:49+07:00,2254,28.00000,78.90000,18.30000,21.80000,2.23642,404.14645
2025-06-18 15:45:40+07:00,2255,28.00000,79.00000,18.30000,24.60000,2.23101,404.18491
2025-06-18 15:46:29+07:00,2256,28.00000,79.20000,18.90000,23.60000,2.11466,404.18491
2025-06-18 15:47:23+07:00,2257,28.00000,79.10000,19.50000,22.40000,2.21485,404.04034
2025-06-18 15:48:12+07:00,2258,28.00000,79.20000,19.50000,24.00000,2.20412,404.17719
2025-06-18 15:49:02+07:00,2259,28.00000,79.10000,19.20000,23.10000,2.22561,404.20035
2025-06-18 15:49:51+07:00,2260,28.00000,79.00000,19.30000,22.30000,2.20412,404.13113
2025-06-18 15:50:40+07:00,2261,28.00000,79.10000,19.90000,24.60000,2.07868,404.20810
2025-06-18 15:51:33+07:00,2262,28.00000,79.20000,19.70000,27.30000,2.26909,404.13879
2025-06-18 15:52:23+07:00,2263,28.00000,79.30000,20.60000,28.10000,2.17221,404.16180
2025-06-18 15:53:12+07:00,2264,27.90000,79.30000,20.20000,24.40000,2.22022,404.13879
2025-06-18 15:54:02+07:00,2265,27.90000,79.20000,19.70000,25.50000,2.19878,404.16180
2025-06-18 15:54:52+07:00,2266,28.00000,79.00000,19.40000,25.90000,2.20948,403.81339
2025-06-18 15:55:41+07:00,2267,28.00000,79.10000,19.90000,26.20000,2.24727,404.12354
2025-06-18 15:56:31+07:00,2268,27.90000,79.20000,18.70000,24.60000,2.24184,404.11591
2025-06-18 15:57:20+07:00,2269,27.90000,79.20000,19.10000,24.60000,2.24184,404.27051
2025-06-18 15:58:10+07:00,2270,27.90000,79.20000,20.10000,27.00000,2.27457,404.20035
2025-06-18 15:58:59+07:00,2271,27.90000,79.20000,19.20000,24.70000,2.23101,404.16946
2025-06-18 15:59:49+07:00,2272,27.90000,79.30000,19.20000,24.60000,2.27457,404.01791
2025-06-18 16:00:38+07:00,2273,27.90000,79.20000,20.50000,27.40000,2.22022,404.18491
2025-06-18 16:01:28+07:00,2274,27.90000,79.40000,20.20000,25.10000,2.25815,404.15411
2025-06-18 16:02:17+07:00,2275,27.90000,79.30000,20.50000,26.80000,2.24727,404.13113
2025-06-18 16:03:07+07:00,2276,27.90000,79.40000,20.40000,25.30000,2.23642,404.00299
2025-06-18 16:03:59+07:00,2277,27.90000,79.40000,20.50000,27.50000,2.16692,404.16180
2025-06-18 16:04:49+07:00,2278,27.90000,79.30000,21.20000,29.00000,2.29108,404.18491
2025-06-18 16:05:38+07:00,2279,27.90000,79.30000,20.80000,25.90000,2.22561,404.14645
2025-06-18 16:06:28+07:00,2280,27.90000,79.40000,20.00000,24.00000,2.27457,404.13879
2025-06-18 16:07:17+07:00,2281,27.90000,79.40000,20.60000,26.70000,2.27457,404.13113
2025-06-18 16:08:07+07:00,2282,27.90000,79.40000,19.30000,24.20000,2.19878,404.13879
2025-06-18 16:08:57+07:00,2283,27.90000,79.50000,19.70000,27.60000,2.27457,404.17719
2025-06-18 16:09:47+07:00,2284,27.90000,79.50000,19.20000,25.10000,2.25270,404.15411
2025-06-18 16:10:36+07:00,2285,27.90000,79.50000,20.60000,26.00000,2.31325,404.16946
2025-06-18 16:11:28+07:00,2286,27.80000,79.50000,19.00000,24.10000,2.22561,404.20810
2025-06-18 16:12:19+07:00,2287,27.80000,79.60000,19.50000,23.60000,2.19878,404.16946
2025-06-18 16:14:02+07:00,2288,27.90000,79.30000,18.50000,22.70000,2.28557,404.18491
2025-06-18 16:14:52+07:00,2289,27.90000,79.20000,19.30000,24.20000,2.20412,404.13113
2025-06-18 16:15:41+07:00,2290,27.90000,79.20000,18.40000,24.70000,2.31881,404.10831
2025-06-18 16:17:22+07:00,2291,27.90000,79.10000,18.70000,22.80000,2.29661,404.13113
2025-06-18 16:18:14+07:00,2292,27.90000,79.00000,18.30000,24.30000,2.25270,404.16180
2025-06-18 16:19:10+07:00,2293,27.90000,79.00000,18.10000,21.50000,2.26362,404.18491
2025-06-18 16:19:59+07:00,2294,27.90000,78.90000,18.80000,21.20000,2.27457,404.14645
2025-06-18 16:20:49+07:00,2295,27.90000,78.90000,19.20000,24.40000,2.27457,404.16180
2025-06-18 16:21:38+07:00,2296,27.90000,78.90000,17.70000,22.40000,2.24727,404.12354
2025-06-18 16:22:27+07:00,2297,27.90000,78.90000,18.60000,23.40000,2.25815,404.16180
2025-06-18 16:23:17+07:00,2298,27.90000,78.80000,18.30000,21.70000,2.25815,404.19263
2025-06-18 16:24:06+07:00,2299,27.90000,79.00000,18.00000,23.50000,2.25815,404.03287
2025-06-18 16:24:56+07:00,2300,27.90000,78.70000,17.60000,20.90000,2.22022,404.14645
2025-06-18 16:25:45+07:00,2301,27.90000,78.60000,18.30000,23.10000,2.11466,404.13113
2025-06-18 16:26:38+07:00,2302,27.90000,78.60000,17.60000,21.70000,2.28006,404.11591
2025-06-18 16:27:27+07:00,2303,27.90000,79.20000,18.30000,23.40000,2.32439,403.82053
2025-06-18 16:28:17+07:00,2304,27.80000,79.00000,18.00000,22.30000,2.25270,404.17719
2025-06-18 16:29:06+07:00,2305,27.80000,79.00000,17.80000,20.60000,2.23101,404.13113
2025-06-18 16:29:56+07:00,2306,27.90000,79.00000,18.70000,21.90000,2.27457,404.13879
2025-06-18 16:30:46+07:00,2307,27.80000,79.20000,17.50000,21.50000,2.19344,404.13113
2025-06-18 16:31:39+07:00,2308,27.80000,79.10000,17.20000,22.50000,2.26909,404.08554
2025-06-18 16:32:29+07:00,2309,27.80000,79.00000,17.40000,21.20000,2.26362,404.08554
2025-06-18 16:33:19+07:00,2310,27.80000,79.20000,18.20000,21.90000,2.28557,404.03287
2025-06-18 16:34:08+07:00,2311,27.80000,79.20000,17.90000,22.90000,2.26362,404.04034
2025-06-18 16:34:58+07:00,2312,27.80000,79.20000,17.80000,22.10000,2.20948,404.13113
2025-06-18 16:35:47+07:00,2313,27.80000,79.10000,18.10000,22.60000,2.24184,404.17719
2025-06-18 16:36:37+07:00,2314,27.90000,79.10000,17.40000,20.70000,2.16692,404.02539
2025-06-18 16:37:27+07:00,2315,27.90000,79.20000,18.00000,22.90000,2.27457,404.09311
2025-06-18 16:38:19+07:00,2316,27.80000,79.00000,17.00000,20.70000,2.15639,404.00299
2025-06-18 16:39:08+07:00,2317,27.90000,79.00000,17.30000,22.00000,2.14066,404.13879
2025-06-18 16:40:02+07:00,2318,27.90000,78.40000,17.00000,23.00000,2.28006,403.98816
2025-06-18 16:40:51+07:00,2319,27.90000,78.30000,17.20000,21.00000,2.26362,403.86368
2025-06-18 16:41:41+07:00,2320,27.90000,78.30000,18.20000,22.90000,2.15639,403.89996
2025-06-18 16:42:33+07:00,2321,27.90000,78.50000,17.70000,25.00000,2.23642,403.88541
2025-06-18 16:43:23+07:00,2322,27.90000,78.50000,17.10000,20.80000,2.25270,403.84927
2025-06-18 16:44:16+07:00,2323,27.80000,78.80000,17.00000,20.90000,2.24184,403.87091
2025-06-18 16:45:57+07:00,2324,27.80000,78.80000,17.30000,20.90000,2.22022,403.99557
2025-06-18 16:46:50+07:00,2325,27.80000,78.90000,17.40000,23.40000,2.21485,403.88541
2025-06-18 16:47:40+07:00,2326,27.80000,78.80000,17.10000,20.80000,2.02813,404.00299
2025-06-18 16:48:30+07:00,2327,27.80000,78.70000,17.20000,21.90000,2.07358,403.90726
2025-06-18 16:49:19+07:00,2328,27.80000,78.60000,17.80000,25.00000,2.19878,403.92917
2025-06-18 16:50:15+07:00,2329,27.80000,78.60000,17.50000,20.90000,2.26909,404.04785
2025-06-18 16:51:09+07:00,2330,27.80000,78.40000,17.20000,20.90000,2.18281,404.10831
2025-06-18 16:51:59+07:00,2331,27.80000,78.50000,17.10000,20.90000,2.25270,403.92917
2025-06-18 16:52:48+07:00,2332,27.80000,78.50000,17.90000,23.90000,2.20412,404.00299
2025-06-18 16:53:40+07:00,2333,27.80000,78.50000,17.30000,20.80000,2.20948,404.11591
2025-06-18 16:54:29+07:00,2334,27.80000,78.20000,16.80000,20.30000,2.13023,404.08554
2025-06-18 16:55:19+07:00,2335,27.80000,78.30000,17.30000,22.90000,2.28006,404.05536
2025-06-18 16:56:08+07:00,2336,27.80000,78.00000,17.90000,21.10000,2.30769,404.07797
2025-06-18 16:56:58+07:00,2337,27.80000,77.80000,16.90000,21.00000,2.28006,404.10831
2025-06-18 16:57:48+07:00,2338,27.80000,77.80000,17.00000,21.40000,2.18812,403.92184
2025-06-18 16:58:37+07:00,2339,27.80000,77.90000,17.10000,20.10000,2.23101,403.90726
2025-06-18 16:59:28+07:00,2340,27.80000,77.90000,17.10000,20.30000,2.16692,403.89996
2025-06-18 17:00:21+07:00,2341,27.80000,78.00000,17.20000,21.60000,2.18812,404.10831
2025-06-18 17:01:11+07:00,2342,27.80000,77.90000,17.30000,22.70000,2.23642,404.10831
2025-06-18 17:02:00+07:00,2343,27.80000,77.80000,17.70000,22.50000,2.16692,403.98816
2025-06-18 17:02:49+07:00,2344,27.80000,77.60000,17.30000,20.80000,2.26362,404.07797
2025-06-18 17:03:39+07:00,2345,27.80000,77.70000,16.80000,19.40000,2.17750,403.92184
2025-06-18 17:04:30+07:00,2346,27.80000,77.80000,17.60000,21.00000,2.22561,404.05536
2025-06-18 17:05:22+07:00,2347,27.80000,77.70000,16.90000,20.40000,2.23642,404.01791
2025-06-18 17:06:11+07:00,2348,27.80000,77.70000,17.30000,21.00000,2.25270,404.04785
2025-06-18 17:07:01+07:00,2349,27.80000,77.70000,16.40000,20.60000,2.24184,403.92917
2025-06-18 17:07:50+07:00,2350,27.80000,77.60000,17.00000,21.70000,2.15114,404.00299
2025-06-18 17:08:39+07:00,2351,27.80000,77.60000,16.30000,20.70000,2.26362,403.92917
2025-06-18 17:09:29+07:00,2352,27.80000,77.50000,16.60000,21.50000,2.10433,403.99557
2025-06-18 17:10:18+07:00,2353,27.70000,77.60000,16.40000,21.20000,2.16692,404.01047
2025-06-18 17:11:08+07:00,2354,27.70000,77.30000,17.00000,20.50000,2.26909,404.04785
2025-06-18 17:11:57+07:00,2355,27.70000,77.40000,17.10000,20.80000,2.26362,404.05536
2025-06-18 17:12:46+07:00,2356,27.80000,77.00000,16.70000,20.50000,2.25815,404.02539
2025-06-18 17:13:36+07:00,2357,27.70000,77.00000,17.00000,21.20000,2.23642,404.13879
2025-06-18 17:14:25+07:00,2358,27.70000,77.00000,16.20000,20.30000,2.11466,404.10071
2025-06-18 17:15:15+07:00,2359,27.70000,77.30000,16.80000,22.80000,2.24727,404.04034
2025-06-18 17:16:04+07:00,2360,27.70000,77.30000,17.20000,21.20000,2.24184,404.06290
2025-06-18 17:16:53+07:00,2361,27.70000,77.20000,16.60000,19.80000,2.15639,404.16180
2025-06-18 17:17:43+07:00,2362,27.80000,77.30000,17.20000,20.90000,2.20948,404.07797
2025-06-18 17:18:32+07:00,2363,27.80000,77.30000,15.90000,20.10000,2.24727,404.01791
2025-06-18 17:19:21+07:00,2364,27.70000,77.30000,16.80000,20.60000,2.10949,404.04785
2025-06-18 17:20:11+07:00,2365,27.70000,77.30000,17.80000,21.10000,2.21485,404.10071
2025-06-18 17:21:01+07:00,2366,27.70000,77.30000,17.10000,22.50000,2.25815,403.77777
2025-06-18 17:21:55+07:00,2367,27.70000,77.20000,17.30000,21.60000,2.30769,404.13113
2025-06-18 17:22:44+07:00,2368,27.70000,77.30000,16.80000,21.00000,2.24727,404.08554
2025-06-18 17:23:37+07:00,2369,27.70000,77.20000,17.50000,21.20000,2.30214,404.13879
2025-06-18 17:24:27+07:00,2370,27.70000,77.10000,17.40000,21.40000,2.26362,404.11591
2025-06-18 17:25:16+07:00,2371,27.70000,76.90000,16.80000,21.00000,2.25270,404.10071
2025-06-18 17:26:06+07:00,2372,27.70000,77.00000,17.20000,22.50000,2.26909,404.13113
2025-06-18 17:26:56+07:00,2373,27.70000,77.20000,16.80000,22.10000,2.27457,404.10831
2025-06-18 17:27:48+07:00,2374,27.70000,77.20000,17.70000,22.70000,2.30769,404.04034
2025-06-18 17:28:41+07:00,2375,27.70000,77.20000,17.70000,21.90000,2.31325,403.86368
2025-06-18 17:29:31+07:00,2376,27.70000,77.10000,17.80000,22.40000,2.30214,404.10831
2025-06-18 17:30:24+07:00,2377,27.70000,77.10000,17.70000,23.00000,2.20948,404.18491
2025-06-18 17:31:14+07:00,2378,27.70000,77.10000,17.10000,21.90000,2.28557,404.14645
2025-06-18 17:32:04+07:00,2379,27.70000,76.90000,16.50000,19.50000,2.28006,404.14645
2025-06-18 17:32:56+07:00,2380,27.70000,76.90000,17.30000,20.80000,2.32439,404.19263
2025-06-18 17:33:46+07:00,2381,27.70000,77.00000,18.00000,23.50000,2.32998,404.17719
2025-06-18 17:34:40+07:00,2382,27.70000,77.00000,16.80000,20.60000,2.36375,404.12354
2025-06-18 17:35:29+07:00,2383,27.70000,76.90000,17.00000,21.30000,2.32439,404.16946
2025-06-18 17:36:19+07:00,2384,27.70000,76.70000,16.80000,20.00000,2.33558,404.19263
2025-06-18 17:37:09+07:00,2385,27.60000,77.00000,17.50000,21.70000,2.34119,404.20810
2025-06-18 17:37:58+07:00,2386,27.70000,76.80000,17.40000,20.50000,2.33558,404.16180
2025-06-18 17:38:52+07:00,2387,27.70000,76.60000,17.00000,20.00000,2.17750,404.16180
2025-06-18 17:39:41+07:00,2388,27.70000,76.70000,18.40000,23.30000,2.22561,404.18491
2025-06-18 17:40:34+07:00,2389,27.70000,76.40000,16.70000,19.80000,2.33558,404.17719
2025-06-18 17:41:30+07:00,2390,27.70000,76.20000,16.70000,19.40000,2.33558,404.19263
2025-06-18 17:42:20+07:00,2391,27.70000,76.30000,16.80000,20.10000,2.34119,404.15411
2025-06-18 17:43:09+07:00,2392,27.70000,76.40000,17.50000,20.70000,2.34682,404.17719
2025-06-18 17:44:03+07:00,2393,27.70000,76.60000,17.30000,20.90000,2.35809,404.20035
2025-06-18 17:45:01+07:00,2394,27.70000,76.30000,17.60000,23.20000,2.29661,404.14645
2025-06-18 17:45:56+07:00,2395,27.70000,76.30000,16.20000,20.30000,2.31325,404.18491
2025-06-18 17:46:46+07:00,2396,27.70000,76.40000,17.30000,22.60000,2.35809,404.24701
2025-06-18 17:47:43+07:00,2397,27.70000,76.20000,16.80000,20.80000,2.38078,404.16180
2025-06-18 17:48:33+07:00,2398,27.70000,76.40000,16.70000,21.50000,2.16692,404.20810
2025-06-18 17:49:22+07:00,2399,27.60000,76.10000,16.40000,20.60000,2.37509,404.24701
2025-06-18 17:50:12+07:00,2400,27.60000,76.40000,17.00000,20.00000,2.35809,404.26266
2025-06-18 17:51:01+07:00,2401,27.60000,76.40000,16.40000,20.60000,2.25815,404.23920
2025-06-18 17:51:58+07:00,2402,27.60000,76.40000,17.10000,20.40000,2.40938,404.20035
2025-06-18 17:52:55+07:00,2403,27.70000,76.20000,17.20000,20.60000,2.42090,404.22363
2025-06-18 17:53:44+07:00,2404,27.70000,76.50000,16.20000,20.10000,2.36375,404.16180
2025-06-18 17:54:34+07:00,2405,27.60000,76.50000,17.10000,21.10000,2.20948,404.19263
2025-06-18 17:55:23+07:00,2406,27.60000,76.50000,18.10000,21.30000,2.38078,404.18491
2025-06-18 17:56:13+07:00,2407,27.70000,76.30000,17.80000,23.00000,2.37509,404.15411
2025-06-18 17:57:02+07:00,2408,27.70000,76.10000,17.50000,23.30000,2.35245,404.13879
2025-06-18 17:57:51+07:00,2409,27.60000,76.20000,16.80000,20.90000,2.39219,404.12354
2025-06-18 17:58:41+07:00,2410,27.70000,76.00000,17.40000,21.30000,2.36375,403.74948
2025-06-18 17:59:30+07:00,2411,27.60000,76.10000,16.90000,20.80000,2.28557,404.18491
2025-06-18 18:00:25+07:00,2412,27.60000,76.00000,16.50000,20.60000,2.34119,404.19263
2025-06-18 18:01:14+07:00,2413,27.70000,76.00000,17.80000,21.30000,2.39791,404.22363
2025-06-18 18:02:03+07:00,2414,27.60000,76.20000,18.40000,24.10000,2.38648,404.28622
2025-06-18 18:02:55+07:00,2415,27.60000,76.20000,19.00000,24.30000,2.40938,404.19263
2025-06-18 18:03:44+07:00,2416,27.70000,76.50000,19.60000,25.90000,2.41513,404.20810
2025-06-18 18:04:36+07:00,2417,27.70000,76.60000,19.20000,25.10000,2.41513,404.21585
2025-06-18 18:05:25+07:00,2418,27.70000,76.50000,19.00000,22.90000,2.23642,404.18491
2025-06-18 18:06:15+07:00,2419,27.70000,76.50000,18.10000,23.10000,2.41513,404.19263
2025-06-18 18:07:04+07:00,2420,27.70000,76.20000,17.60000,23.30000,2.38648,404.20035
2025-06-18 18:07:54+07:00,2421,27.70000,76.20000,19.60000,25.60000,2.41513,404.18491
2025-06-18 18:08:43+07:00,2422,27.60000,76.80000,18.50000,24.90000,2.26362,404.19263
2025-06-18 18:09:35+07:00,2423,27.60000,76.20000,18.40000,24.60000,2.42090,404.21585
2025-06-18 18:10:32+07:00,2424,27.60000,77.20000,18.60000,24.10000,2.34119,404.18491
2025-06-18 18:11:25+07:00,2425,27.70000,77.50000,21.10000,29.80000,2.43826,404.17719
2025-06-18 18:12:16+07:00,2426,27.70000,77.90000,20.30000,26.30000,2.37509,404.18491
2025-06-18 18:13:05+07:00,2427,27.70000,78.30000,21.00000,27.60000,2.39791,404.08554
2025-06-18 18:13:54+07:00,2428,27.70000,78.30000,21.20000,27.30000,2.43826,404.13879
2025-06-18 18:14:44+07:00,2429,27.70000,78.50000,20.40000,25.90000,2.35809,404.10071
2025-06-18 18:15:33+07:00,2430,27.70000,78.60000,19.70000,25.90000,2.42667,404.16180
2025-06-18 18:16:23+07:00,2431,27.70000,78.50000,18.70000,23.20000,2.26362,404.17719
2025-06-18 18:17:12+07:00,2432,27.70000,78.50000,18.90000,23.60000,2.25270,404.07043
2025-06-18 18:18:01+07:00,2433,27.70000,78.80000,19.60000,26.00000,2.34119,404.14645
2025-06-18 18:18:51+07:00,2434,27.80000,78.70000,18.80000,24.10000,2.45572,404.16946
2025-06-18 18:19:40+07:00,2435,27.80000,78.60000,18.90000,25.40000,2.24727,404.13879
2025-06-18 18:20:29+07:00,2436,27.80000,78.40000,19.00000,24.60000,2.36375,404.13113
2025-06-18 18:21:19+07:00,2437,27.80000,78.50000,17.90000,21.80000,2.37509,404.14645
2025-06-18 18:24:17+07:00,2438,27.80000,78.20000,17.30000,23.20000,2.40364,404.14645
2025-06-18 18:25:07+07:00,2439,27.70000,77.50000,16.90000,20.30000,2.24727,404.12354
2025-06-18 18:25:56+07:00,2440,27.60000,76.00000,17.10000,21.90000,2.20948,404.11591
2025-06-18 18:26:50+07:00,2441,27.50000,76.10000,16.80000,22.30000,2.43826,404.17719
2025-06-18 18:27:40+07:00,2442,27.60000,77.40000,16.60000,21.90000,2.39791,404.06290
2025-06-18 18:28:29+07:00,2443,27.60000,78.10000,18.30000,25.20000,2.38648,403.79910
2025-06-18 18:29:23+07:00,2444,27.60000,76.70000,18.80000,27.70000,2.43246,404.16180
2025-06-18 18:30:12+07:00,2445,27.60000,77.20000,17.90000,23.60000,2.34119,404.17719
2025-06-18 18:31:05+07:00,2446,27.60000,77.20000,18.80000,25.70000,2.43246,404.18491
2025-06-18 18:32:48+07:00,2447,27.70000,77.70000,20.20000,27.50000,2.31325,404.16180
2025-06-18 18:33:37+07:00,2448,27.60000,77.90000,19.70000,30.20000,2.43246,404.11591
2025-06-18 18:34:27+07:00,2449,27.60000,78.00000,20.10000,27.10000,2.36941,404.01047
2025-06-18 18:35:16+07:00,2450,27.60000,78.10000,19.50000,27.40000,2.43826,404.10831
2025-06-18 18:36:06+07:00,2451,27.60000,78.00000,18.30000,25.40000,2.43826,404.18491
2025-06-18 18:36:55+07:00,2452,27.60000,78.30000,18.00000,24.80000,2.44407,404.07797
2025-06-18 18:37:44+07:00,2453,27.70000,78.10000,18.20000,24.50000,2.30214,404.01791
2025-06-18 18:38:34+07:00,2454,27.70000,78.00000,17.40000,23.50000,2.42667,404.13879
2025-06-18 18:39:27+07:00,2455,27.70000,78.10000,17.10000,24.00000,2.36375,404.01047
2025-06-18 18:40:19+07:00,2456,27.70000,78.00000,17.50000,23.30000,2.41513,404.10831
2025-06-18 18:41:08+07:00,2457,27.70000,78.20000,17.50000,23.10000,2.43246,404.13879
2025-06-18 18:41:58+07:00,2458,27.70000,78.40000,17.70000,23.00000,2.40364,404.02539
2025-06-18 18:42:50+07:00,2459,27.70000,78.20000,18.00000,23.70000,2.31881,404.12354
2025-06-18 18:43:40+07:00,2460,27.70000,78.50000,17.40000,23.00000,2.44407,404.16180
2025-06-18 18:45:26+07:00,2461,27.70000,78.60000,17.70000,22.90000,2.43246,404.16946
2025-06-18 18:46:18+07:00,2462,27.60000,78.40000,18.80000,25.60000,2.16692,404.14645
2025-06-18 18:47:10+07:00,2463,27.70000,78.90000,18.70000,23.40000,2.37509,404.20035
2025-06-18 18:48:00+07:00,2464,27.70000,78.90000,17.40000,24.80000,2.44407,404.13879
2025-06-18 18:48:51+07:00,2465,27.60000,79.10000,18.70000,28.10000,2.42090,404.16180
2025-06-18 18:49:41+07:00,2466,27.60000,78.90000,18.10000,24.50000,2.44407,404.16946
2025-06-18 18:50:30+07:00,2467,27.60000,78.90000,18.50000,25.60000,2.34682,404.15411
2025-06-18 18:51:20+07:00,2468,27.70000,78.70000,17.30000,23.70000,2.46742,404.15411
2025-06-18 18:52:09+07:00,2469,27.70000,78.80000,17.80000,24.00000,2.43246,403.70041
2025-06-18 18:53:01+07:00,2470,27.70000,79.00000,18.40000,26.00000,2.25815,404.17719
2025-06-18 18:53:51+07:00,2471,27.70000,79.10000,18.10000,23.60000,2.44407,404.17719
2025-06-18 18:54:43+07:00,2472,27.70000,79.10000,18.30000,25.00000,2.44407,404.20035
2025-06-18 18:55:41+07:00,2473,27.60000,79.20000,17.80000,23.50000,2.46742,404.16180
2025-06-18 18:56:31+07:00,2474,27.60000,79.40000,17.90000,26.10000,2.46742,404.18491
2025-06-18 18:57:20+07:00,2475,27.60000,79.40000,18.40000,24.70000,2.39791,404.13113
2025-06-18 18:58:12+07:00,2476,27.70000,79.30000,17.20000,23.00000,2.32998,404.17719
2025-06-18 18:59:05+07:00,2477,27.60000,79.30000,17.40000,24.80000,2.45572,404.20035
2025-06-18 18:59:54+07:00,2478,27.60000,79.40000,17.60000,22.70000,2.43246,404.18491
2025-06-18 19:00:44+07:00,2479,27.50000,79.60000,17.90000,23.00000,2.36375,404.16180
2025-06-18 19:01:33+07:00,2480,27.50000,79.70000,17.60000,22.30000,2.43826,404.21585
2025-06-18 19:02:23+07:00,2481,27.50000,79.90000,17.00000,24.20000,2.44407,403.94385
2025-06-18 19:03:13+07:00,2482,27.40000,79.90000,17.60000,24.30000,2.44989,404.20810
2025-06-18 19:04:05+07:00,2483,27.40000,80.10000,16.90000,22.40000,2.52658,404.18491
2025-06-18 19:05:03+07:00,2484,27.30000,80.20000,17.30000,22.70000,2.26362,404.12354
2025-06-18 19:06:00+07:00,2485,27.30000,80.30000,17.20000,21.80000,2.35809,404.09311
2025-06-18 19:06:49+07:00,2486,27.30000,80.30000,17.70000,23.80000,2.35245,404.08554
2025-06-18 19:07:39+07:00,2487,27.40000,80.40000,17.00000,21.00000,2.40938,404.03287
2025-06-18 19:08:28+07:00,2488,27.40000,80.40000,18.20000,24.50000,2.42667,404.10071
2025-06-18 19:09:18+07:00,2489,27.40000,80.30000,17.50000,21.80000,2.38648,404.16180
2025-06-18 19:10:07+07:00,2490,27.40000,80.30000,17.20000,23.60000,2.42667,404.13879
2025-06-18 19:10:57+07:00,2491,27.40000,80.30000,17.40000,21.90000,2.41513,404.10831
2025-06-18 19:12:45+07:00,2492,27.40000,80.50000,17.30000,22.70000,2.36941,404.14645
2025-06-18 19:13:38+07:00,2493,27.40000,80.50000,16.70000,21.50000,2.40364,404.01791
2025-06-18 19:14:30+07:00,2494,27.40000,80.60000,17.20000,22.50000,2.42090,404.04034
2025-06-18 19:15:20+07:00,2495,27.40000,80.40000,16.40000,21.50000,2.32998,404.16946
2025-06-18 19:16:09+07:00,2496,27.50000,80.20000,17.10000,22.60000,2.43826,404.09311
2025-06-18 19:17:00+07:00,2497,27.50000,80.30000,18.10000,23.20000,2.39219,404.12354
2025-06-18 19:17:49+07:00,2498,27.50000,80.00000,16.90000,23.10000,2.33558,404.04034
2025-06-18 19:18:39+07:00,2499,27.50000,80.00000,17.30000,23.00000,2.39219,404.14645
2025-06-18 19:19:28+07:00,2500,27.50000,80.00000,18.10000,23.10000,2.43826,404.02539
2025-06-18 19:20:19+07:00,2501,27.40000,80.30000,17.00000,24.30000,2.43246,403.98816
2025-06-18 19:21:10+07:00,2502,27.40000,80.50000,18.20000,25.30000,2.41513,404.07797
2025-06-18 19:22:00+07:00,2503,27.50000,80.30000,17.50000,24.40000,2.42667,403.98816
2025-06-18 19:22:49+07:00,2504,27.40000,80.50000,16.80000,21.70000,2.42667,404.04034
2025-06-18 19:23:42+07:00,2505,27.40000,80.50000,17.20000,22.10000,2.42090,404.08554
2025-06-18 19:24:31+07:00,2506,27.50000,80.40000,17.50000,21.50000,2.35245,404.08554
2025-06-18 19:25:20+07:00,2507,27.50000,80.20000,17.50000,24.30000,2.38648,403.92917
2025-06-18 19:26:10+07:00,2508,27.50000,80.30000,17.50000,22.60000,2.37509,404.10071
2025-06-18 19:27:03+07:00,2509,27.40000,80.50000,17.00000,23.30000,2.42090,404.06290
2025-06-18 19:27:55+07:00,2510,27.30000,80.80000,16.80000,21.40000,2.43246,403.99557
2025-06-18 19:28:45+07:00,2511,27.30000,80.90000,16.60000,21.40000,2.43826,404.10071
2025-06-18 19:29:34+07:00,2512,27.30000,81.00000,16.90000,21.30000,2.38648,403.98816
2025-06-18 19:30:24+07:00,2513,27.20000,81.20000,16.20000,19.80000,2.42667,404.00299
2025-06-18 19:31:13+07:00,2514,27.20000,81.20000,17.70000,22.40000,2.39791,404.01047
2025-06-18 19:32:03+07:00,2515,27.20000,81.30000,17.20000,21.50000,2.35245,404.03287
2025-06-18 19:32:55+07:00,2516,27.30000,81.10000,17.20000,21.20000,2.39219,403.92917
2025-06-18 19:33:44+07:00,2517,27.30000,81.00000,16.80000,21.70000,2.40938,403.90726
2025-06-18 19:34:34+07:00,2518,27.40000,80.80000,17.40000,23.50000,2.41513,404.11591
2025-06-18 19:35:23+07:00,2519,27.40000,80.90000,17.20000,21.70000,2.40364,404.13879
2025-06-18 19:36:13+07:00,2520,27.40000,80.70000,17.10000,21.60000,2.30769,404.17719
2025-06-18 19:37:04+07:00,2521,27.30000,80.90000,17.30000,24.20000,2.39791,404.13879
2025-06-18 19:37:58+07:00,2522,27.30000,81.00000,17.20000,22.00000,2.42667,404.13879
2025-06-18 19:38:50+07:00,2523,27.20000,81.20000,16.60000,20.90000,2.39791,404.10071
2025-06-18 19:39:48+07:00,2524,27.30000,81.20000,16.90000,24.10000,2.40938,404.01047
2025-06-18 19:40:37+07:00,2525,27.30000,81.20000,17.30000,21.30000,2.40938,404.13113
2025-06-18 19:41:26+07:00,2526,27.20000,81.30000,16.90000,20.30000,2.39219,404.04034
2025-06-18 19:43:13+07:00,2527,27.20000,81.60000,16.90000,23.20000,2.35245,404.13879
2025-06-18 19:44:02+07:00,2528,27.20000,81.50000,17.30000,23.90000,2.40938,404.13113
2025-06-18 19:44:51+07:00,2529,27.20000,81.40000,17.50000,23.90000,2.40364,404.12354
2025-06-18 19:45:41+07:00,2530,27.20000,81.40000,17.30000,22.30000,2.40364,404.16946
2025-06-18 19:46:30+07:00,2531,27.20000,81.50000,16.90000,21.90000,2.40938,404.10831
2025-06-18 19:48:14+07:00,2532,27.20000,81.60000,16.90000,22.00000,2.38648,404.12354
2025-06-18 19:49:03+07:00,2533,27.20000,81.60000,16.80000,20.80000,2.28557,404.14645
2025-06-18 19:49:55+07:00,2534,27.20000,81.60000,17.10000,22.80000,2.42090,404.16180
2025-06-18 19:50:44+07:00,2535,27.30000,81.40000,17.10000,21.70000,2.41513,404.13113
2025-06-18 19:51:34+07:00,2536,27.30000,81.30000,17.40000,21.30000,2.42090,404.07043
2025-06-18 19:52:24+07:00,2537,27.30000,81.40000,17.30000,21.50000,2.38078,404.17719
2025-06-18 19:53:14+07:00,2538,27.30000,81.50000,17.10000,22.60000,2.23101,404.13879
2025-06-18 19:54:07+07:00,2539,27.30000,81.40000,17.70000,23.30000,2.43246,404.16180
2025-06-18 19:54:57+07:00,2540,27.30000,81.30000,17.90000,22.80000,2.39219,404.16946
2025-06-18 19:55:49+07:00,2541,27.30000,81.40000,17.90000,22.30000,2.37509,404.18491
2025-06-18 19:56:39+07:00,2542,27.30000,81.80000,18.30000,21.80000,2.34119,404.18491
2025-06-18 19:57:28+07:00,2543,27.20000,81.80000,19.00000,22.90000,2.40938,404.18491
2025-06-18 19:58:20+07:00,2544,27.20000,82.00000,20.20000,27.60000,2.44407,404.26266
2025-06-18 19:59:10+07:00,2545,27.20000,82.00000,19.00000,25.20000,2.47916,404.85889
2025-06-18 19:59:59+07:00,2546,27.20000,81.80000,16.90000,22.20000,2.61132,404.65289
2025-06-18 20:00:52+07:00,2547,27.30000,81.60000,19.10000,26.40000,2.60519,404.49503
2025-06-18 20:01:41+07:00,2548,27.30000,81.70000,17.60000,21.50000,2.58079,404.43799
2025-06-18 20:02:31+07:00,2549,27.20000,81.70000,19.30000,26.10000,2.62361,404.47052
2025-06-18 20:03:20+07:00,2550,27.20000,81.90000,18.60000,23.20000,2.39791,404.52789
2025-06-18 20:04:10+07:00,2551,27.20000,81.70000,18.40000,22.80000,2.58079,404.41376
2025-06-18 20:04:59+07:00,2552,27.30000,81.60000,18.60000,24.20000,2.61132,404.42990
2025-06-18 20:05:48+07:00,2553,27.30000,81.50000,18.30000,23.30000,2.52658,404.51965
2025-06-18 20:06:41+07:00,2554,27.30000,81.70000,18.70000,23.30000,2.56866,404.42181
2025-06-18 20:07:30+07:00,2555,27.20000,81.70000,19.00000,26.90000,2.58687,404.45422
2025-06-18 20:08:22+07:00,2556,27.20000,81.90000,18.80000,26.40000,2.50871,404.44611
2025-06-18 20:09:12+07:00,2557,27.30000,81.60000,18.40000,25.10000,2.64213,404.38159
2025-06-18 20:10:01+07:00,2558,27.20000,81.80000,21.10000,27.90000,2.55658,404.41376
2025-06-18 20:10:54+07:00,2559,27.20000,81.80000,19.30000,23.60000,2.65454,404.51144
2025-06-18 20:11:46+07:00,2560,27.20000,81.20000,20.00000,27.10000,2.63595,404.48685
2025-06-18 20:12:38+07:00,2561,27.20000,81.40000,19.70000,25.80000,2.49685,404.44611
2025-06-18 20:13:28+07:00,2562,27.20000,81.70000,19.60000,24.80000,2.67324,404.53613
2025-06-18 20:14:17+07:00,2563,27.20000,81.70000,18.40000,23.50000,2.72999,404.42181
2025-06-18 20:15:07+07:00,2564,27.10000,81.90000,18.60000,24.60000,2.65454,404.34961
2025-06-18 20:16:51+07:00,2565,27.10000,82.00000,18.80000,24.30000,2.66700,404.41376
2025-06-18 20:17:43+07:00,2566,27.10000,82.00000,18.00000,23.30000,2.67950,404.47052
2025-06-18 20:18:32+07:00,2567,27.10000,82.00000,19.50000,25.50000,2.67950,404.36557
2025-06-18 20:19:21+07:00,2568,27.10000,82.00000,20.10000,28.30000,2.72363,404.37357
2025-06-18 20:20:11+07:00,2569,27.10000,82.10000,19.50000,24.60000,2.67324,404.40570
2025-06-18 20:21:00+07:00,2570,27.10000,82.00000,18.50000,23.00000,2.59297,404.39764
2025-06-18 20:22:41+07:00,2571,27.10000,82.00000,19.50000,26.90000,2.68577,404.45422
2025-06-18 20:23:31+07:00,2572,27.20000,82.10000,19.30000,24.50000,2.76193,404.41376
2025-06-18 20:24:20+07:00,2573,27.20000,81.80000,18.90000,25.40000,2.56866,404.42181
2025-06-18 20:25:09+07:00,2574,27.30000,81.70000,18.50000,22.60000,2.56866,404.47052
2025-06-18 20:25:59+07:00,2575,27.30000,81.70000,19.50000,26.80000,2.56262,404.38959
2025-06-18 20:26:48+07:00,2576,27.30000,81.60000,19.60000,24.90000,2.72999,404.42990
2025-06-18 20:27:38+07:00,2577,27.30000,81.60000,19.20000,25.40000,2.76836,404.40570
2025-06-18 20:28:27+07:00,2578,27.30000,81.60000,20.00000,26.40000,2.77479,404.38159
2025-06-18 20:29:16+07:00,2579,27.30000,81.50000,20.60000,28.40000,2.79418,404.41376
2025-06-18 20:30:06+07:00,2580,27.30000,81.50000,19.80000,25.20000,2.72999,404.44611
2025-06-18 20:30:55+07:00,2581,27.30000,81.30000,19.60000,26.30000,2.76193,404.47052
2025-06-18 20:31:45+07:00,2582,27.40000,81.20000,19.80000,27.60000,2.82673,404.42990
2025-06-18 20:32:34+07:00,2583,27.40000,81.10000,20.50000,28.40000,2.83983,404.42181
2025-06-18 20:33:23+07:00,2584,27.30000,81.30000,19.70000,25.80000,2.83327,404.43799
2025-06-18 20:34:13+07:00,2585,27.30000,81.30000,19.50000,25.60000,2.91951,404.47052
2025-06-18 20:35:02+07:00,2586,27.30000,81.40000,20.00000,27.00000,2.91280,404.47867
2025-06-18 20:35:52+07:00,2587,27.40000,81.40000,20.10000,27.60000,2.87281,404.48685
2025-06-18 20:36:41+07:00,2588,27.40000,81.20000,19.10000,24.90000,2.93296,404.20810
2025-06-18 20:37:31+07:00,2589,27.30000,81.20000,19.70000,26.30000,2.78124,404.39764
2025-06-18 20:38:20+07:00,2590,27.30000,81.30000,20.10000,25.80000,2.93296,404.46237
2025-06-18 20:39:09+07:00,2591,27.30000,81.30000,19.70000,26.50000,2.95324,404.46237
2025-06-18 20:39:59+07:00,2592,27.30000,81.40000,19.80000,26.20000,2.67950,404.50323
2025-06-18 20:40:48+07:00,2593,27.30000,81.40000,19.90000,28.00000,2.87945,404.53613
2025-06-18 20:41:37+07:00,2594,27.30000,81.50000,19.70000,24.20000,2.66076,404.48685
2025-06-18 20:42:27+07:00,2595,27.20000,81.60000,19.50000,25.10000,2.86619,404.40570
2025-06-18 20:43:16+07:00,2596,27.30000,81.50000,18.40000,24.80000,2.91951,404.66980
2025-06-18 20:44:10+07:00,2597,27.30000,81.40000,20.00000,26.50000,2.95324,404.47867
2025-06-18 20:45:02+07:00,2598,27.30000,81.40000,19.50000,27.30000,2.96002,404.47867
2025-06-18 20:45:55+07:00,2599,27.30000,81.50000,18.70000,24.40000,2.87281,404.51144
2025-06-18 20:46:45+07:00,2600,27.30000,81.50000,18.10000,22.50000,2.93296,404.53613
2025-06-18 20:47:37+07:00,2601,27.30000,81.50000,18.80000,25.00000,2.90611,404.52789
2025-06-18 20:48:26+07:00,2602,27.20000,81.60000,19.70000,27.40000,3.00787,404.52789
2025-06-18 20:49:20+07:00,2603,27.20000,81.70000,18.50000,25.20000,2.98045,404.56094
2025-06-18 20:50:10+07:00,2604,27.20000,81.70000,18.30000,23.40000,2.89942,404.50323
2025-06-18 20:51:06+07:00,2605,27.20000,81.90000,19.50000,24.30000,2.92623,404.50323
2025-06-18 20:51:55+07:00,2606,27.20000,81.80000,18.60000,25.10000,2.90611,404.54440
2025-06-18 20:52:44+07:00,2607,27.20000,81.80000,19.20000,25.30000,2.96682,404.56094
2025-06-18 20:53:34+07:00,2608,27.20000,81.90000,19.10000,25.80000,3.00787,404.47052
2025-06-18 20:54:23+07:00,2609,27.20000,81.90000,19.20000,24.10000,2.98045,404.53613
2025-06-18 20:55:13+07:00,2610,27.20000,81.90000,19.50000,25.40000,2.96682,404.48685
2025-06-18 20:57:06+07:00,2611,27.20000,81.80000,17.70000,23.60000,3.00099,404.60257
2025-06-18 20:57:58+07:00,2612,27.20000,81.80000,18.50000,22.60000,3.02856,404.50323
2025-06-18 20:58:48+07:00,2613,27.20000,81.80000,18.90000,25.20000,2.93971,404.43799
2025-06-18 20:59:38+07:00,2614,27.20000,81.80000,19.30000,24.30000,3.06331,404.47052
2025-06-18 21:00:27+07:00,2615,27.20000,82.00000,18.60000,25.10000,2.99413,404.57755
2025-06-18 21:01:17+07:00,2616,27.20000,81.90000,18.30000,23.60000,2.93296,404.47867
2025-06-18 21:02:07+07:00,2617,27.20000,81.90000,18.30000,24.50000,2.92623,404.51965
2025-06-18 21:02:57+07:00,2618,27.20000,82.00000,19.10000,25.60000,2.96002,404.47052
2025-06-18 21:03:47+07:00,2619,27.20000,81.80000,18.70000,23.80000,2.92623,404.51144
2025-06-18 21:04:36+07:00,2620,27.30000,81.70000,18.20000,23.10000,2.94647,404.48685
2025-06-18 21:05:26+07:00,2621,27.30000,81.60000,18.10000,22.40000,2.97363,403.99557
2025-06-18 21:06:15+07:00,2622,27.30000,81.60000,18.60000,26.00000,2.96682,404.48685
2025-06-18 21:07:05+07:00,2623,27.30000,81.50000,18.40000,25.90000,2.72999,404.47867
2025-06-18 21:07:54+07:00,2624,27.20000,81.70000,18.70000,22.80000,2.98729,404.50323
2025-06-18 21:08:43+07:00,2625,27.20000,81.80000,18.00000,26.40000,2.89275,404.46237
2025-06-18 21:09:34+07:00,2626,27.20000,81.80000,18.30000,23.60000,2.95324,404.47867
2025-06-18 21:10:23+07:00,2627,27.20000,81.90000,18.10000,23.50000,3.00787,404.48685
2025-06-18 21:11:12+07:00,2628,27.20000,81.90000,18.30000,25.20000,2.91951,404.47052
2025-06-18 21:12:02+07:00,2629,27.20000,81.90000,18.20000,24.20000,2.96682,404.44611
2025-06-18 21:12:51+07:00,2630,27.20000,81.70000,18.20000,24.20000,3.01475,404.48685
2025-06-18 21:13:41+07:00,2631,27.20000,81.70000,19.00000,24.20000,3.00099,404.46237
2025-06-18 21:14:30+07:00,2632,27.20000,81.70000,17.60000,22.70000,2.98045,404.51144
2025-06-18 21:15:20+07:00,2633,27.20000,81.80000,18.50000,25.10000,2.89275,404.40570
2025-06-18 21:16:09+07:00,2634,27.20000,81.70000,17.90000,21.90000,2.72363,404.46237
2025-06-18 21:16:58+07:00,2635,27.20000,81.80000,17.80000,23.90000,2.82673,404.49503
2025-06-18 21:17:47+07:00,2636,27.30000,81.60000,18.40000,22.70000,2.79418,404.45422
2025-06-18 21:18:37+07:00,2637,27.30000,81.50000,18.80000,24.30000,2.78770,404.45422
2025-06-18 21:19:26+07:00,2638,27.20000,81.60000,18.10000,23.50000,2.94647,404.48685
2025-06-18 21:20:16+07:00,2639,27.20000,81.70000,18.30000,23.10000,2.98729,404.45422
2025-06-18 21:21:05+07:00,2640,27.20000,81.80000,18.30000,24.60000,2.91951,404.41376
2025-06-18 21:21:54+07:00,2641,27.20000,81.80000,18.10000,25.80000,2.98729,404.51965
2025-06-18 21:22:44+07:00,2642,27.20000,81.70000,18.20000,23.10000,2.94647,404.38959
2025-06-18 21:23:33+07:00,2643,27.20000,81.70000,18.40000,24.00000,2.94647,404.53613
2025-06-18 21:24:22+07:00,2644,27.20000,81.60000,18.60000,25.90000,2.83327,404.41376
2025-06-18 21:25:12+07:00,2645,27.20000,81.70000,18.60000,23.90000,3.00099,404.45422
2025-06-18 21:26:01+07:00,2646,27.10000,81.70000,18.60000,23.40000,3.09839,404.15411
2025-06-18 21:26:50+07:00,2647,27.10000,81.80000,18.30000,23.40000,2.98729,404.46237
2025-06-18 21:27:40+07:00,2648,27.10000,81.80000,18.90000,25.50000,2.97363,404.47867
2025-06-18 21:28:29+07:00,2649,27.10000,81.80000,18.30000,24.00000,2.87945,404.47052
2025-06-18 21:29:18+07:00,2650,27.10000,81.90000,19.30000,24.70000,3.00099,404.46237
2025-06-18 21:30:08+07:00,2651,27.20000,81.80000,19.50000,25.40000,2.83983,404.47052
2025-06-18 21:30:57+07:00,2652,27.30000,81.60000,19.00000,25.20000,2.76836,404.42181
2025-06-18 21:31:46+07:00,2653,27.20000,81.50000,18.40000,23.50000,2.91951,404.47052
2025-06-18 21:32:37+07:00,2654,27.30000,81.60000,19.40000,24.00000,2.87945,404.42990
2025-06-18 21:33:27+07:00,2655,27.30000,81.40000,18.70000,26.90000,2.78124,404.40570
2025-06-18 21:34:16+07:00,2656,27.30000,81.40000,18.30000,24.80000,2.76193,404.36557
2025-06-18 21:35:05+07:00,2657,27.20000,81.40000,19.40000,24.50000,2.88609,404.43799
2025-06-18 21:35:54+07:00,2658,27.20000,81.60000,19.40000,28.00000,2.78124,404.30991
2025-06-18 21:36:44+07:00,2659,27.20000,80.80000,18.60000,28.00000,2.81367,404.47052
2025-06-18 21:37:33+07:00,2660,27.20000,81.30000,18.60000,25.80000,2.75552,404.42990
2025-06-18 21:38:26+07:00,2661,27.20000,81.30000,19.90000,26.60000,2.93296,404.40570
2025-06-18 21:39:22+07:00,2662,27.10000,81.50000,17.80000,23.20000,2.91951,404.45422
2025-06-18 21:40:11+07:00,2663,27.10000,81.70000,18.30000,25.10000,2.98045,404.44611
2025-06-18 21:41:01+07:00,2664,27.10000,81.60000,18.60000,25.20000,2.85959,404.43799
2025-06-18 21:41:53+07:00,2665,27.10000,81.50000,18.50000,25.00000,2.97363,404.41376
2025-06-18 21:42:45+07:00,2666,27.10000,81.60000,18.80000,24.70000,2.92623,404.48685
2025-06-18 21:43:37+07:00,2667,27.00000,81.80000,19.00000,25.30000,2.89275,404.42990
2025-06-18 21:44:26+07:00,2668,27.00000,81.90000,19.60000,26.60000,2.91280,404.43799
2025-06-18 21:45:16+07:00,2669,27.00000,81.50000,19.60000,25.60000,2.92623,404.40570
2025-06-18 21:46:12+07:00,2670,27.00000,81.10000,19.00000,27.70000,2.92623,404.43799
2025-06-18 21:47:01+07:00,2671,27.10000,81.50000,18.10000,23.60000,2.97363,404.47867
2025-06-18 21:47:54+07:00,2672,27.10000,81.30000,18.80000,25.10000,2.99413,404.47867
2025-06-18 21:48:48+07:00,2673,27.20000,81.10000,17.70000,24.80000,3.00099,404.43799
2025-06-18 21:49:40+07:00,2674,27.20000,80.90000,18.30000,24.70000,2.95324,404.44611
2025-06-18 21:50:32+07:00,2675,27.20000,80.90000,17.80000,22.10000,2.92623,404.46237
2025-06-18 21:51:31+07:00,2676,27.10000,81.20000,18.80000,25.10000,2.93296,404.42181
2025-06-18 21:52:21+07:00,2677,27.00000,81.50000,17.20000,23.70000,2.96682,404.51144
2025-06-18 21:53:10+07:00,2678,27.00000,81.60000,18.20000,23.90000,2.98045,404.52789
2025-06-18 21:54:03+07:00,2679,27.10000,81.50000,18.10000,23.80000,2.93971,404.46237
2025-06-18 21:54:52+07:00,2680,27.10000,81.20000,18.00000,23.70000,3.03549,404.54440
2025-06-18 21:55:44+07:00,2681,27.20000,81.00000,18.40000,26.10000,2.99413,404.44611
2025-06-18 21:56:34+07:00,2682,27.20000,81.00000,17.70000,23.30000,3.00099,404.49503
2025-06-18 21:57:23+07:00,2683,27.20000,81.00000,18.10000,24.90000,2.95324,404.42990
2025-06-18 21:58:13+07:00,2684,27.20000,80.90000,17.80000,23.80000,3.00099,404.42990
2025-06-18 21:59:05+07:00,2685,27.20000,80.90000,18.00000,24.90000,2.93296,404.42181
2025-06-18 22:00:01+07:00,2686,27.20000,80.80000,17.50000,22.40000,3.00099,404.54440
2025-06-18 22:00:50+07:00,2687,27.30000,79.80000,18.00000,24.80000,3.07030,409.80252
2025-06-18 22:01:40+07:00,2688,27.40000,80.20000,18.30000,24.20000,3.11251,409.09464
2025-06-18 22:02:30+07:00,2689,27.50000,80.20000,17.50000,23.30000,3.00099,408.12933
2025-06-18 22:03:19+07:00,2690,27.50000,79.80000,18.00000,23.90000,2.91951,407.51489
2025-06-18 22:04:08+07:00,2691,27.50000,79.80000,18.30000,24.50000,2.87281,406.58282
2025-06-18 22:04:58+07:00,2692,27.40000,79.90000,18.30000,23.90000,3.11251,405.97595
2025-06-18 22:05:48+07:00,2693,27.30000,80.20000,19.30000,25.80000,3.10544,405.44583
2025-06-18 22:06:40+07:00,2694,27.30000,80.10000,18.10000,25.20000,3.04242,405.54272
2025-06-18 22:07:30+07:00,2695,27.30000,80.00000,18.40000,23.90000,2.92623,404.78079
2025-06-18 22:08:20+07:00,2696,27.20000,80.20000,19.50000,26.70000,3.13379,405.10880
2025-06-18 22:09:09+07:00,2697,27.20000,80.30000,18.60000,26.00000,3.13379,404.95581
2025-06-18 22:10:01+07:00,2698,27.20000,80.30000,20.10000,26.40000,3.11959,404.87640
2025-06-18 22:10:51+07:00,2699,27.30000,80.20000,20.30000,24.40000,3.04242,404.74640
2025-06-18 22:11:40+07:00,2700,27.20000,80.30000,19.20000,26.30000,3.15519,404.66135
2025-06-18 22:12:30+07:00,2701,27.20000,80.30000,18.20000,24.30000,3.13379,404.61929
2025-06-18 22:13:19+07:00,2702,27.20000,80.40000,17.90000,23.70000,3.08432,404.60257
2025-06-18 22:14:09+07:00,2703,27.10000,80.50000,18.00000,23.80000,3.08432,404.50323
2025-06-18 22:15:02+07:00,2704,27.00000,80.80000,18.20000,24.50000,2.98045,404.44611
2025-06-18 22:15:51+07:00,2705,27.00000,81.00000,17.40000,22.00000,2.95324,404.45422
2025-06-18 22:16:41+07:00,2706,26.90000,81.10000,18.20000,24.00000,2.96682,404.30991
2025-06-18 22:17:30+07:00,2707,26.90000,81.20000,18.50000,26.10000,3.09135,404.31781
2025-06-18 22:18:22+07:00,2708,26.90000,81.20000,17.90000,23.70000,2.94647,404.29410
2025-06-18 22:19:11+07:00,2709,26.90000,81.30000,17.60000,23.30000,3.08432,404.27838
2025-06-18 22:20:01+07:00,2710,26.90000,81.20000,18.10000,25.80000,2.87945,404.16946
2025-06-18 22:20:50+07:00,2711,26.90000,81.10000,18.30000,24.00000,2.97363,404.14645
2025-06-18 22:21:40+07:00,2712,27.00000,81.00000,17.50000,22.90000,3.04242,404.11591
2025-06-18 22:22:30+07:00,2713,27.00000,81.00000,18.20000,24.80000,2.84641,404.13879
2025-06-18 22:23:19+07:00,2714,27.00000,81.00000,18.00000,22.30000,2.87281,404.16946
2025-06-18 22:24:09+07:00,2715,27.00000,81.10000,18.10000,23.10000,3.04242,404.16180
2025-06-18 22:24:58+07:00,2716,27.00000,80.90000,17.50000,23.00000,3.08432,403.73541
2025-06-18 22:25:48+07:00,2717,27.00000,80.90000,17.30000,23.00000,3.02165,404.11591
2025-06-18 22:26:37+07:00,2718,26.90000,81.00000,17.60000,23.30000,2.85959,404.03287
2025-06-18 22:27:26+07:00,2719,26.90000,81.00000,18.30000,24.50000,3.04242,404.18491
2025-06-18 22:28:16+07:00,2720,27.00000,81.00000,16.90000,21.30000,3.02165,403.97333
2025-06-18 22:29:08+07:00,2721,26.90000,80.90000,17.30000,22.20000,3.02165,404.14645
2025-06-18 22:29:57+07:00,2722,27.00000,80.90000,16.90000,21.70000,3.00787,404.01791
2025-06-18 22:30:47+07:00,2723,27.00000,80.80000,17.70000,23.00000,2.98729,404.06290
2025-06-18 22:31:39+07:00,2724,27.00000,80.70000,17.30000,23.00000,3.11959,404.13879
2025-06-18 22:32:29+07:00,2725,27.00000,80.80000,17.80000,23.50000,3.06331,404.11591
2025-06-18 22:33:18+07:00,2726,26.90000,81.00000,17.60000,23.40000,3.04937,403.97333
2025-06-18 22:34:08+07:00,2727,26.80000,81.10000,16.70000,22.00000,3.13379,404.01047
2025-06-18 22:34:58+07:00,2728,26.80000,81.30000,17.10000,22.20000,3.13379,404.04785
2025-06-18 22:36:42+07:00,2729,26.80000,81.40000,17.00000,23.20000,3.09839,404.13879
2025-06-18 22:37:34+07:00,2730,26.70000,81.40000,17.00000,23.20000,3.03549,403.92184
2025-06-18 22:38:24+07:00,2731,26.70000,81.50000,17.70000,21.70000,2.97363,404.01791
2025-06-18 22:39:13+07:00,2732,26.70000,81.50000,16.10000,20.10000,2.96002,403.92917
2025-06-18 22:40:06+07:00,2733,26.70000,81.50000,15.80000,19.50000,2.97363,403.98074
2025-06-18 22:40:55+07:00,2734,26.70000,81.50000,17.30000,22.30000,3.00787,403.91455
2025-06-18 22:41:49+07:00,2735,26.70000,81.50000,16.70000,23.00000,3.00787,404.00299
2025-06-18 22:42:42+07:00,2736,26.70000,81.60000,15.80000,20.50000,2.76836,404.01791
2025-06-18 22:43:32+07:00,2737,26.70000,81.50000,16.50000,20.20000,2.69205,404.07797
2025-06-18 22:44:22+07:00,2738,26.70000,81.50000,16.80000,23.70000,2.80716,403.92184
2025-06-18 22:45:11+07:00,2739,26.70000,81.50000,15.60000,19.90000,2.97363,403.98816
2025-06-18 22:46:01+07:00,2740,26.70000,81.60000,16.50000,22.50000,2.96682,403.89996
2025-06-18 22:46:50+07:00,2741,26.70000,81.60000,16.00000,20.00000,3.06331,403.92917
2025-06-18 22:47:43+07:00,2742,26.70000,81.60000,16.30000,19.70000,2.89942,403.92184
2025-06-18 22:48:33+07:00,2743,26.70000,81.50000,16.00000,20.50000,3.03549,404.00299
2025-06-18 22:49:28+07:00,2744,26.70000,81.60000,16.50000,20.20000,2.98045,404.02539
2025-06-18 22:50:17+07:00,2745,26.60000,81.50000,16.00000,19.40000,2.96002,403.92917
2025-06-18 22:51:12+07:00,2746,26.60000,81.50000,15.90000,20.80000,3.01475,403.89996
2025-06-18 22:52:02+07:00,2747,26.60000,81.50000,16.10000,20.30000,2.96002,403.91455
2025-06-18 22:52:54+07:00,2748,26.60000,81.50000,15.80000,22.30000,3.00787,403.92917
2025-06-18 22:53:47+07:00,2749,26.60000,81.50000,16.00000,20.30000,3.04242,403.92184
2025-06-18 22:54:37+07:00,2750,26.60000,81.50000,16.90000,21.10000,2.87945,403.89996
2025-06-18 22:55:26+07:00,2751,26.60000,81.40000,15.60000,20.20000,3.00787,404.00299
2025-06-18 22:56:21+07:00,2752,26.60000,81.40000,15.60000,18.00000,2.94647,403.92917
2025-06-18 22:57:11+07:00,2753,26.60000,81.40000,15.30000,19.50000,3.02856,403.92917
2025-06-18 22:58:00+07:00,2754,26.70000,81.30000,15.70000,20.30000,3.02856,404.01791
2025-06-18 22:59:45+07:00,2755,26.60000,81.30000,15.60000,22.60000,2.96002,403.68649
2025-06-18 23:00:38+07:00,2756,26.60000,81.20000,15.00000,19.00000,2.91280,404.01791
2025-06-18 23:01:28+07:00,2757,26.70000,81.10000,14.70000,20.90000,2.87945,403.98816
2025-06-18 23:02:17+07:00,2758,26.70000,81.10000,14.80000,19.60000,2.98729,404.01791
2025-06-18 23:03:06+07:00,2759,26.60000,81.10000,14.90000,19.50000,2.62977,403.98074
2025-06-18 23:03:56+07:00,2760,26.70000,80.20000,15.40000,18.80000,2.93296,403.94385
2025-06-18 23:04:45+07:00,2761,26.80000,80.20000,15.70000,20.50000,2.95324,403.92917
2025-06-18 23:05:37+07:00,2762,26.80000,80.40000,14.30000,17.50000,2.87945,403.77777
2025-06-18 23:06:29+07:00,2763,26.70000,80.50000,15.10000,18.70000,2.90611,403.88541
2025-06-18 23:07:19+07:00,2764,26.70000,80.60000,14.90000,18.80000,2.94647,404.18491
2025-06-18 23:08:13+07:00,2765,26.70000,80.70000,14.80000,19.60000,3.14091,404.01791
2025-06-18 23:09:02+07:00,2766,26.60000,80.80000,14.30000,18.70000,2.88609,403.72137
2025-06-18 23:09:53+07:00,2767,26.60000,80.70000,14.20000,18.30000,2.66076,403.81339
2025-06-18 23:10:42+07:00,2768,26.60000,80.80000,14.50000,18.50000,2.36375,404.13113
2025-06-18 23:11:32+07:00,2769,26.60000,80.80000,14.20000,18.60000,2.80716,404.10071
2025-06-18 23:12:24+07:00,2770,26.60000,80.70000,14.50000,19.50000,2.89942,404.10071
2025-06-18 23:13:19+07:00,2771,26.60000,80.70000,14.50000,17.60000,2.87281,404.20810
2025-06-18 23:14:17+07:00,2772,26.60000,80.80000,14.40000,17.90000,2.78124,404.21585
2025-06-18 23:16:14+07:00,2773,26.60000,79.50000,15.00000,20.80000,2.91280,404.75497
2025-06-18 23:17:11+07:00,2774,26.60000,79.80000,15.10000,20.80000,2.87281,405.75085
2025-06-18 23:18:02+07:00,2775,26.60000,80.20000,14.40000,17.40000,3.22010,404.75497
2025-06-18 23:18:55+07:00,2776,26.60000,80.30000,14.20000,18.00000,3.07730,404.94696
2025-06-18 23:19:45+07:00,2777,26.60000,80.30000,14.70000,18.60000,3.22738,405.08151
2025-06-18 23:20:37+07:00,2778,26.70000,80.30000,14.30000,18.80000,3.24929,405.00043
2025-06-18 23:21:31+07:00,2779,26.70000,80.10000,15.00000,22.30000,3.27133,404.89395
2025-06-18 23:22:22+07:00,2780,26.80000,79.90000,14.60000,17.00000,3.14091,404.87640
2025-06-18 23:23:12+07:00,2781,26.70000,79.90000,14.10000,17.30000,3.25662,404.96472
2025-06-18 23:24:04+07:00,2782,26.70000,80.00000,13.90000,17.80000,3.02856,405.02734
2025-06-18 23:24:55+07:00,2783,26.60000,80.20000,13.60000,17.30000,3.28609,405.09061
2025-06-18 23:25:46+07:00,2784,26.60000,80.30000,14.40000,18.00000,3.15519,405.24704
2025-06-18 23:26:37+07:00,2785,26.60000,80.20000,14.70000,19.30000,3.33818,405.13620
2025-06-18 23:27:28+07:00,2786,26.70000,80.10000,13.50000,16.40000,3.14804,405.21915
2025-06-18 23:28:19+07:00,2787,26.70000,79.90000,14.10000,17.80000,3.08432,405.31262
2025-06-18 23:29:10+07:00,2788,26.70000,79.80000,13.50000,18.40000,3.36825,405.37888
2025-06-18 23:30:00+07:00,2789,26.70000,79.80000,13.60000,17.40000,3.35319,405.29382
2025-06-18 23:30:49+07:00,2790,26.70000,80.00000,13.90000,17.60000,3.42905,405.61139
2025-06-18 23:31:38+07:00,2791,26.80000,79.50000,13.20000,17.70000,3.49074,405.56226
2025-06-18 23:32:28+07:00,2792,26.70000,79.60000,14.70000,18.40000,3.41376,405.33148
2025-06-18 23:33:17+07:00,2793,26.70000,79.70000,12.80000,17.20000,3.31577,405.79126
2025-06-18 23:34:06+07:00,2794,26.70000,79.80000,13.80000,18.20000,3.66510,405.80139
2025-06-18 23:34:56+07:00,2795,26.70000,79.90000,13.60000,17.80000,3.64896,405.54272
2025-06-18 23:35:45+07:00,2796,26.70000,79.80000,13.80000,18.40000,3.45978,404.61093
2025-06-18 23:36:35+07:00,2797,26.70000,79.80000,13.20000,16.90000,3.75492,405.90353
2025-06-18 23:37:24+07:00,2798,26.60000,80.00000,13.50000,18.70000,3.79634,405.97595
2025-06-18 23:38:13+07:00,2799,26.60000,80.00000,14.30000,17.90000,3.88031,405.93448
2025-06-18 23:39:03+07:00,2800,26.60000,80.00000,13.40000,16.40000,3.77145,406.14429
2025-06-18 23:39:52+07:00,2801,26.60000,80.00000,13.40000,17.10000,4.01784,406.21921
2025-06-18 23:40:41+07:00,2802,26.60000,80.00000,13.50000,16.10000,4.17733,406.48190
2025-06-18 23:41:31+07:00,2803,26.60000,80.00000,13.70000,16.30000,4.14145,406.43747
2025-06-18 23:42:20+07:00,2804,26.60000,80.00000,13.90000,18.40000,4.34201,406.61676
2025-06-18 23:43:09+07:00,2805,26.60000,79.90000,13.50000,17.50000,4.11470,406.59412
2025-06-18 23:43:59+07:00,2806,26.60000,80.10000,13.60000,16.40000,4.19537,406.68506
2025-06-18 23:44:48+07:00,2807,26.60000,80.20000,13.40000,16.70000,3.96581,405.05435
2025-06-18 23:45:37+07:00,2808,26.60000,80.10000,13.20000,16.10000,3.99175,406.26233
2025-06-18 23:46:27+07:00,2809,26.60000,80.20000,13.20000,18.70000,4.00913,406.13367
2025-06-18 23:47:16+07:00,2810,26.60000,80.20000,13.20000,17.00000,4.07044,406.37131
2025-06-18 23:48:05+07:00,2811,26.60000,80.30000,13.10000,16.70000,3.82138,406.40433
2025-06-18 23:48:55+07:00,2812,26.60000,80.30000,13.10000,17.00000,4.06163,406.30576
2025-06-18 23:49:44+07:00,2813,26.60000,80.30000,12.70000,15.30000,4.05284,406.27316
2025-06-18 23:50:33+07:00,2814,26.60000,80.30000,13.30000,15.60000,3.81302,406.28403
2025-06-18 23:51:23+07:00,2815,26.60000,80.20000,12.90000,16.10000,4.03531,406.08072
2025-06-18 23:52:12+07:00,2816,26.70000,80.10000,13.40000,18.10000,3.88031,406.07016
2025-06-18 23:53:01+07:00,2817,26.60000,80.00000,13.40000,17.20000,4.08809,406.25153
2025-06-18 23:53:51+07:00,2818,26.60000,80.10000,12.40000,15.40000,4.06163,406.17630
2025-06-18 23:54:40+07:00,2819,26.60000,80.20000,12.70000,15.70000,3.69756,405.59167
2025-06-18 23:55:30+07:00,2820,26.60000,80.30000,13.00000,15.60000,3.78803,406.07016
2025-06-18 23:56:19+07:00,2821,26.60000,80.50000,12.90000,16.20000,4.07926,406.09128
2025-06-18 23:57:08+07:00,2822,26.50000,80.50000,13.10000,16.70000,4.07926,405.41705
2025-06-18 23:57:58+07:00,2823,26.60000,80.40000,13.00000,19.20000,3.62486,406.03864
2025-06-18 23:58:47+07:00,2824,26.50000,80.50000,12.70000,15.60000,4.01784,406.04913
2025-06-18 23:59:36+07:00,2825,26.60000,80.50000,12.70000,15.50000,3.97444,405.98636
2025-06-19 00:00:26+07:00,2826,26.50000,80.50000,13.00000,16.60000,3.48298,405.93448
2025-06-19 00:01:15+07:00,2827,26.60000,80.60000,13.90000,18.60000,3.92287,405.56226
2025-06-19 00:02:05+07:00,2828,26.60000,80.60000,12.80000,16.40000,3.63288,406.05963
2025-06-19 00:02:54+07:00,2829,26.50000,80.60000,14.00000,18.80000,3.60089,406.04913
2025-06-19 00:03:47+07:00,2830,26.50000,80.60000,12.90000,15.90000,4.01784,405.96558
2025-06-19 00:04:36+07:00,2831,26.50000,80.70000,12.80000,16.80000,3.54546,405.42664
2025-06-19 00:05:26+07:00,2832,26.50000,80.70000,12.80000,15.10000,3.51411,405.89325
2025-06-19 00:06:15+07:00,2833,26.50000,80.70000,13.20000,16.30000,3.98309,405.85226
2025-06-19 00:08:03+07:00,2834,26.60000,80.30000,14.00000,18.70000,4.09695,405.96558
2025-06-19 00:08:52+07:00,2835,26.50000,78.80000,12.70000,16.40000,3.34568,406.20844
2025-06-19 00:09:41+07:00,2836,26.50000,75.60000,13.10000,16.70000,4.07044,407.01184
2025-06-19 00:10:31+07:00,2837,26.40000,75.70000,12.20000,15.90000,4.24075,407.31503
2025-06-19 00:11:20+07:00,2838,26.40000,75.00000,13.30000,17.30000,4.22255,407.54022
2025-06-19 00:12:09+07:00,2839,26.50000,77.00000,13.50000,17.00000,4.34201,407.45197
2025-06-19 00:12:59+07:00,2840,26.50000,79.20000,14.40000,18.60000,4.15936,407.15601
2025-06-19 00:13:48+07:00,2841,26.50000,79.30000,13.70000,16.40000,4.48331,406.75397
2025-06-19 00:14:38+07:00,2842,26.50000,79.60000,13.00000,16.40000,4.34201,406.44855
2025-06-19 00:15:27+07:00,2843,26.50000,79.70000,13.40000,16.60000,4.39808,406.43747
2025-06-19 00:16:16+07:00,2844,26.60000,79.80000,13.10000,15.70000,3.52193,405.52322
2025-06-19 00:17:06+07:00,2845,26.60000,79.90000,12.80000,17.20000,3.45208,405.47476
2025-06-19 00:17:55+07:00,2846,26.60000,80.00000,12.20000,17.50000,4.16833,406.31662
2025-06-19 00:18:44+07:00,2847,26.60000,80.00000,12.80000,17.10000,3.68942,406.28403
2025-06-19 00:19:34+07:00,2848,26.60000,79.90000,12.90000,15.90000,3.94000,405.71072
2025-06-19 00:20:23+07:00,2849,26.60000,79.80000,12.90000,16.90000,2.87945,406.09128
2025-06-19 00:21:12+07:00,2850,26.60000,79.80000,12.20000,15.20000,4.26817,406.30576
2025-06-19 00:22:02+07:00,2851,26.60000,79.70000,12.90000,16.80000,4.13251,406.30576
2025-06-19 00:22:51+07:00,2852,26.50000,79.80000,13.10000,17.30000,3.96581,406.33847
2025-06-19 00:23:41+07:00,2853,26.50000,79.80000,13.40000,16.60000,4.24987,406.25153
2025-06-19 00:24:30+07:00,2854,26.50000,79.90000,12.60000,17.90000,4.16833,406.58282
2025-06-19 00:25:19+07:00,2855,26.60000,79.80000,13.00000,17.10000,3.94858,406.51538
2025-06-19 00:26:16+07:00,2856,26.50000,79.70000,12.60000,14.90000,4.29574,406.32755
2025-06-19 00:27:06+07:00,2857,26.50000,79.70000,12.80000,15.80000,4.36997,406.52658
2025-06-19 00:27:55+07:00,2858,26.50000,79.80000,13.10000,17.20000,4.38870,406.40433
2025-06-19 00:28:45+07:00,2859,26.60000,79.80000,13.00000,16.10000,4.36997,406.45966
2025-06-19 00:29:34+07:00,2860,26.50000,79.70000,12.80000,16.80000,4.38870,406.42642
2025-06-19 00:30:31+07:00,2861,26.50000,79.70000,13.00000,18.80000,4.20441,406.40433
2025-06-19 00:31:23+07:00,2862,26.60000,79.80000,12.50000,15.90000,4.35132,406.43747
2025-06-19 00:32:17+07:00,2863,26.60000,79.60000,13.20000,16.50000,4.23164,406.48190
2025-06-19 00:33:06+07:00,2864,26.60000,79.50000,12.40000,15.20000,4.35132,406.49304
2025-06-19 00:33:55+07:00,2865,26.60000,79.40000,13.50000,15.80000,4.43579,406.30576
2025-06-19 00:34:45+07:00,2866,26.60000,79.50000,12.70000,14.70000,4.38870,406.36035
2025-06-19 00:35:34+07:00,2867,26.60000,79.70000,12.70000,17.50000,4.36063,406.38232
2025-06-19 00:36:23+07:00,2868,26.60000,79.60000,12.00000,15.90000,4.11470,406.32755
2025-06-19 00:37:13+07:00,2869,26.60000,79.50000,12.50000,15.40000,4.35132,406.16562
2025-06-19 00:38:05+07:00,2870,26.60000,79.60000,13.00000,15.50000,4.44526,406.13367
2025-06-19 00:38:54+07:00,2871,26.50000,79.70000,13.20000,16.30000,4.31420,406.14429
2025-06-19 00:39:44+07:00,2872,26.60000,79.70000,11.80000,14.40000,4.23164,406.15494
2025-06-19 00:40:33+07:00,2873,26.60000,79.60000,12.50000,14.50000,4.27734,406.14429
2025-06-19 00:41:23+07:00,2874,26.50000,79.50000,12.20000,14.50000,4.09695,406.17630
2025-06-19 00:42:12+07:00,2875,26.50000,79.70000,12.20000,15.90000,4.33272,406.20844
2025-06-19 00:43:01+07:00,2876,26.50000,79.80000,13.20000,16.60000,4.26817,406.08072
2025-06-19 00:43:51+07:00,2877,26.50000,79.80000,12.70000,15.50000,3.76318,406.15494
2025-06-19 00:44:43+07:00,2878,26.50000,79.80000,12.60000,14.80000,3.76318,406.07016
2025-06-19 00:45:33+07:00,2879,26.50000,79.80000,12.20000,14.30000,4.33272,406.18701
2025-06-19 00:46:33+07:00,2880,26.50000,79.90000,12.30000,17.30000,4.16833,406.26233
2025-06-19 00:47:26+07:00,2881,26.40000,80.00000,12.40000,15.00000,3.82138,406.02814
2025-06-19 00:48:15+07:00,2882,26.50000,80.00000,12.40000,15.40000,4.07926,405.35040
2025-06-19 00:49:04+07:00,2883,26.50000,79.90000,12.30000,15.80000,3.57705,406.00723
2025-06-19 00:49:58+07:00,2884,26.50000,79.90000,12.60000,17.20000,3.88031,406.21921
2025-06-19 00:50:48+07:00,2885,26.40000,80.00000,11.70000,13.20000,4.07044,405.46509
2025-06-19 00:51:37+07:00,2886,26.40000,80.00000,11.70000,14.30000,3.89729,406.01767
2025-06-19 00:52:29+07:00,2887,26.40000,80.00000,12.00000,14.70000,4.27734,406.30576
2025-06-19 00:53:22+07:00,2888,26.40000,80.10000,12.00000,15.00000,4.19537,406.10184
2025-06-19 00:54:12+07:00,2889,26.40000,80.10000,12.10000,15.70000,4.04407,406.26233
2025-06-19 00:55:01+07:00,2890,26.40000,80.00000,12.30000,16.40000,4.12360,406.10184
2025-06-19 00:55:50+07:00,2891,26.50000,79.90000,12.10000,14.90000,4.15039,406.11243
2025-06-19 00:56:43+07:00,2892,26.60000,79.80000,11.90000,17.40000,4.03531,406.15494
2025-06-19 00:57:32+07:00,2893,26.50000,79.80000,12.60000,17.30000,4.28653,406.08072
2025-06-19 00:58:27+07:00,2894,26.50000,79.90000,11.90000,15.20000,3.86340,405.96558
2025-06-19 00:59:17+07:00,2895,26.50000,80.00000,12.70000,15.50000,4.02657,405.18216
2025-06-19 01:01:04+07:00,2896,26.40000,79.90000,12.60000,15.70000,4.18634,406.10184
2025-06-19 01:01:57+07:00,2897,26.40000,79.90000,12.70000,14.90000,4.22255,406.01767
2025-06-19 01:02:50+07:00,2898,26.40000,79.90000,12.70000,16.80000,4.24987,406.09128
2025-06-19 01:03:39+07:00,2899,26.50000,80.00000,12.30000,14.40000,4.30496,405.85226
2025-06-19 01:05:29+07:00,2900,26.50000,79.90000,13.00000,16.70000,4.29574,406.04913
2025-06-19 01:07:18+07:00,2901,26.40000,80.00000,12.80000,17.80000,4.24075,406.07016
2025-06-19 01:08:08+07:00,2902,26.50000,80.00000,13.10000,16.40000,4.29574,405.89325
2025-06-19 01:09:04+07:00,2903,26.40000,80.00000,13.10000,16.90000,4.13251,406.02814
2025-06-19 01:09:56+07:00,2904,26.40000,80.00000,13.00000,16.10000,4.07926,406.00723
2025-06-19 01:10:52+07:00,2905,26.40000,80.00000,13.00000,16.60000,4.19537,405.94482
2025-06-19 01:11:44+07:00,2906,26.40000,80.00000,13.80000,18.20000,4.32345,405.98636
2025-06-19 01:13:38+07:00,2907,26.40000,80.00000,13.40000,16.90000,4.08809,405.96558
2025-06-19 01:14:27+07:00,2908,26.40000,80.00000,13.30000,16.90000,4.23164,405.99680
2025-06-19 01:15:17+07:00,2909,26.40000,80.00000,14.10000,18.80000,4.22255,406.07016
2025-06-19 01:17:02+07:00,2910,26.40000,80.00000,13.50000,16.40000,4.26817,405.92416
2025-06-19 01:17:51+07:00,2911,26.40000,80.00000,14.00000,17.20000,4.24987,405.92416
2025-06-19 01:18:41+07:00,2912,26.40000,80.00000,13.60000,19.00000,4.16833,405.90353
2025-06-19 01:19:30+07:00,2913,26.40000,80.00000,13.90000,18.20000,4.24987,405.88300
2025-06-19 01:20:20+07:00,2914,26.40000,80.00000,13.10000,18.10000,4.13251,405.89325
2025-06-19 01:21:09+07:00,2915,26.40000,80.00000,13.50000,17.10000,4.04407,405.93448
2025-06-19 01:21:59+07:00,2916,26.40000,79.90000,13.90000,19.00000,4.21347,405.90353
2025-06-19 01:22:48+07:00,2917,26.40000,79.90000,13.30000,17.70000,4.14145,405.88300
2025-06-19 01:23:37+07:00,2918,26.40000,80.00000,13.20000,16.30000,4.12360,405.89325
2025-06-19 01:24:27+07:00,2919,26.50000,79.80000,13.80000,16.60000,3.98309,405.87274
2025-06-19 01:25:16+07:00,2920,26.50000,79.60000,13.90000,18.90000,4.15936,405.92416
2025-06-19 01:26:06+07:00,2921,26.60000,79.50000,14.50000,19.30000,4.07926,405.90353
2025-06-19 01:27:51+07:00,2922,26.60000,79.50000,14.80000,18.90000,4.00043,405.88300
2025-06-19 01:28:43+07:00,2923,26.60000,79.30000,13.90000,17.90000,3.97444,405.57205
2025-06-19 01:29:33+07:00,2924,26.60000,79.30000,13.30000,17.50000,4.07044,405.90353
2025-06-19 01:30:25+07:00,2925,26.60000,79.30000,14.10000,18.60000,4.21347,405.80139
2025-06-19 01:31:14+07:00,2926,26.50000,79.40000,14.00000,18.30000,4.10581,405.83188
2025-06-19 01:32:04+07:00,2927,26.50000,79.50000,13.70000,18.50000,4.06163,405.76093
2025-06-19 01:32:57+07:00,2928,26.50000,79.50000,13.50000,18.60000,3.88031,405.79126
2025-06-19 01:33:46+07:00,2929,26.50000,79.60000,13.50000,18.20000,4.04407,405.71072
2025-06-19 01:34:36+07:00,2930,26.50000,79.70000,13.20000,18.30000,3.94000,405.68076
2025-06-19 01:35:25+07:00,2931,26.50000,79.80000,12.60000,15.50000,4.03531,405.76093
2025-06-19 01:36:14+07:00,2932,26.50000,79.70000,13.30000,16.70000,4.01784,405.75085
2025-06-19 01:37:04+07:00,2933,26.50000,79.80000,13.20000,18.20000,4.00913,405.69073
2025-06-19 01:37:57+07:00,2934,26.50000,79.60000,14.20000,18.90000,3.95719,405.74081
2025-06-19 01:38:48+07:00,2935,26.50000,79.50000,14.20000,18.70000,3.89729,405.75085
2025-06-19 01:39:38+07:00,2936,26.60000,79.40000,13.70000,17.70000,3.96581,405.72073
2025-06-19 01:40:27+07:00,2937,26.60000,79.30000,13.80000,17.70000,3.92287,405.70071
2025-06-19 01:41:17+07:00,2938,26.60000,79.30000,13.90000,17.70000,3.87185,405.75085
2025-06-19 01:42:06+07:00,2939,26.60000,79.30000,13.40000,17.60000,3.95719,405.70071
2025-06-19 01:42:55+07:00,2940,26.60000,79.50000,13.70000,18.20000,3.90580,405.74081
2025-06-19 01:43:45+07:00,2941,26.50000,79.50000,13.90000,19.90000,3.84654,405.69073
2025-06-19 01:44:37+07:00,2942,26.50000,79.50000,14.00000,18.40000,3.87185,405.69073
2025-06-19 01:45:26+07:00,2943,26.60000,79.50000,14.60000,18.00000,3.88031,405.66086
2025-06-19 01:46:16+07:00,2944,26.60000,79.40000,13.80000,18.40000,3.90580,405.66086
2025-06-19 01:47:05+07:00,2945,26.60000,79.30000,14.40000,18.90000,3.89729,405.68076
2025-06-19 01:47:54+07:00,2946,26.60000,79.40000,13.50000,18.30000,3.87185,405.61139
2025-06-19 01:48:44+07:00,2947,26.50000,79.40000,14.40000,17.70000,3.83814,405.65094
2025-06-19 01:49:36+07:00,2948,26.50000,79.30000,13.60000,19.50000,3.82138,405.72073
2025-06-19 01:50:26+07:00,2949,26.50000,79.40000,13.90000,18.00000,3.85497,405.65094
2025-06-19 01:51:15+07:00,2950,26.60000,79.20000,13.20000,20.10000,3.96581,405.72073
2025-06-19 01:52:04+07:00,2951,26.60000,79.20000,14.00000,18.60000,3.95719,405.74081
2025-06-19 01:52:54+07:00,2952,26.60000,79.20000,14.10000,18.60000,3.93142,405.77103
2025-06-19 01:53:43+07:00,2953,26.60000,79.20000,13.80000,16.90000,3.74668,405.71072
2025-06-19 01:54:33+07:00,2954,26.60000,79.10000,13.30000,17.10000,3.94858,405.69073
2025-06-19 01:55:22+07:00,2955,26.50000,79.30000,14.00000,17.80000,3.96581,405.68076
2025-06-19 01:56:11+07:00,2956,26.50000,79.40000,13.60000,17.10000,3.92287,405.66086
2025-06-19 01:57:02+07:00,2957,26.50000,79.40000,14.00000,19.60000,3.75492,405.66086
2025-06-19 01:57:51+07:00,2958,26.50000,79.40000,13.60000,18.70000,4.00913,405.64102
2025-06-19 01:58:41+07:00,2959,26.50000,79.40000,14.20000,18.80000,3.95719,405.67081
2025-06-19 01:59:30+07:00,2960,26.50000,79.30000,14.80000,19.70000,3.81302,405.62125
2025-06-19 02:00:20+07:00,2961,26.50000,79.30000,14.20000,18.40000,3.83814,405.72073
2025-06-19 02:01:09+07:00,2962,26.60000,79.30000,13.70000,19.10000,3.99175,405.70071
2025-06-19 02:01:58+07:00,2963,26.50000,79.10000,13.70000,19.90000,3.91433,405.67081
2025-06-19 02:02:48+07:00,2964,26.50000,79.20000,14.00000,18.70000,3.94858,405.67081
2025-06-19 02:03:37+07:00,2965,26.50000,79.30000,14.10000,20.00000,3.88031,405.66086
2025-06-19 02:04:27+07:00,2966,26.50000,79.30000,14.10000,19.50000,4.03531,405.58185
2025-06-19 02:05:16+07:00,2967,26.60000,79.10000,13.70000,16.90000,3.86340,405.69073
2025-06-19 02:06:05+07:00,2968,26.60000,78.80000,14.10000,18.40000,3.98309,405.63113
2025-06-19 02:06:55+07:00,2969,26.60000,78.90000,14.10000,18.60000,4.00043,405.63113
2025-06-19 02:07:44+07:00,2970,26.70000,78.80000,13.60000,17.90000,3.78803,405.46509
2025-06-19 02:08:33+07:00,2971,26.70000,78.80000,14.30000,19.30000,3.61686,405.42664
2025-06-19 02:09:23+07:00,2972,26.70000,78.70000,14.40000,18.30000,3.53760,405.33148
2025-06-19 02:10:12+07:00,2973,26.60000,78.70000,13.80000,19.90000,3.72205,405.32205
2025-06-19 02:11:02+07:00,2974,26.60000,78.90000,14.00000,20.20000,3.73025,405.36938
2025-06-19 02:11:51+07:00,2975,26.60000,78.80000,14.40000,20.90000,3.70571,405.29382
2025-06-19 02:12:40+07:00,2976,26.60000,78.90000,14.60000,18.60000,3.77973,405.21915
2025-06-19 02:13:30+07:00,2977,26.50000,79.00000,14.60000,19.50000,3.78803,405.31262
2025-06-19 02:14:19+07:00,2978,26.50000,79.00000,13.90000,18.70000,3.79634,405.31262
2025-06-19 02:15:09+07:00,2979,26.50000,79.10000,14.10000,19.30000,3.73846,405.27505
2025-06-19 02:15:58+07:00,2980,26.50000,79.00000,14.10000,18.20000,3.74668,405.27505
2025-06-19 02:16:47+07:00,2981,26.50000,79.00000,13.70000,17.00000,3.77145,405.27505
2025-06-19 02:17:39+07:00,2982,26.50000,79.10000,14.70000,18.50000,3.78803,405.26572
2025-06-19 02:18:29+07:00,2983,26.50000,79.20000,15.40000,20.80000,3.75492,405.33148
2025-06-19 02:19:23+07:00,2984,26.50000,79.10000,14.10000,20.20000,3.71387,405.29382
2025-06-19 02:20:15+07:00,2985,26.50000,79.10000,13.60000,18.00000,3.71387,405.19138
2025-06-19 02:21:08+07:00,2986,26.50000,79.10000,14.00000,18.10000,3.52193,405.24704
2025-06-19 02:23:52+07:00,2987,26.50000,79.10000,14.40000,20.70000,3.68130,405.25638
2025-06-19 02:24:42+07:00,2988,26.50000,79.00000,14.90000,22.00000,3.70571,405.05435
2025-06-19 02:25:31+07:00,2989,26.50000,79.00000,14.20000,20.30000,3.56123,405.25638
2025-06-19 02:26:20+07:00,2990,26.60000,78.90000,14.20000,18.60000,3.75492,405.19138
2025-06-19 02:27:10+07:00,2991,26.50000,78.90000,14.00000,18.50000,3.62486,405.26572
2025-06-19 02:27:59+07:00,2992,26.60000,78.90000,14.90000,19.30000,3.46750,405.18216
2025-06-19 02:28:50+07:00,2993,26.50000,78.90000,14.60000,20.70000,3.59293,405.25638
2025-06-19 02:29:40+07:00,2994,26.50000,78.90000,14.50000,18.30000,3.63288,405.22842
2025-06-19 02:30:29+07:00,2995,26.50000,79.00000,14.10000,18.20000,3.66510,405.20062
2025-06-19 02:31:18+07:00,2996,26.50000,79.00000,14.20000,18.90000,3.63288,405.13620
2025-06-19 02:32:08+07:00,2997,26.50000,79.00000,13.90000,18.60000,3.56913,405.20062
2025-06-19 02:32:57+07:00,2998,26.50000,79.00000,14.30000,21.50000,3.45978,405.16373
2025-06-19 02:33:46+07:00,2999,26.50000,79.10000,13.80000,19.30000,3.59293,405.12704
2025-06-19 02:34:36+07:00,3000,26.50000,79.00000,14.10000,18.70000,3.61686,405.16373
2025-06-19 02:35:25+07:00,3001,26.50000,79.00000,14.30000,19.20000,3.41376,405.14536
2025-06-19 02:36:15+07:00,3002,26.50000,78.90000,14.30000,18.90000,3.55334,405.11792
2025-06-19 02:37:04+07:00,3003,26.50000,78.90000,13.90000,18.60000,3.46750,405.09970
2025-06-19 02:37:54+07:00,3004,26.50000,78.90000,14.40000,18.70000,3.49074,405.12704
2025-06-19 02:38:43+07:00,3005,26.40000,79.10000,14.90000,18.40000,3.55334,405.06342
2025-06-19 02:39:33+07:00,3006,26.40000,79.10000,14.40000,19.90000,3.57705,405.18216
2025-06-19 02:40:24+07:00,3007,26.50000,78.90000,14.50000,21.20000,3.58498,405.11792
2025-06-19 02:41:14+07:00,3008,26.50000,78.80000,15.00000,22.10000,3.48298,404.94696
2025-06-19 02:42:03+07:00,3009,26.50000,78.90000,14.60000,20.80000,3.56123,405.14536
2025-06-19 02:42:52+07:00,3010,26.40000,79.00000,14.40000,20.70000,3.50630,405.16373
2025-06-19 02:43:42+07:00,3011,26.40000,79.00000,13.90000,18.80000,3.58498,405.10880
2025-06-19 02:44:31+07:00,3012,26.50000,78.90000,14.70000,19.00000,3.47523,405.12704
2025-06-19 02:45:21+07:00,3013,26.50000,78.90000,14.10000,20.90000,3.49852,405.16373
2025-06-19 02:46:24+07:00,3014,26.50000,78.90000,14.10000,19.30000,3.50630,405.14536
2025-06-19 02:47:08+07:00,3015,26.50000,78.70000,13.20000,17.50000,3.47523,405.23773
2025-06-19 02:48:01+07:00,3016,26.50000,78.80000,13.60000,17.90000,3.53760,405.26572
2025-06-19 02:48:51+07:00,3017,26.40000,78.90000,13.90000,19.40000,3.40614,405.15454
2025-06-19 02:49:45+07:00,3018,26.40000,78.90000,14.80000,19.60000,3.56123,405.14536
2025-06-19 02:50:34+07:00,3019,26.40000,79.00000,14.70000,20.10000,3.54546,405.09970
2025-06-19 02:51:24+07:00,3020,26.50000,78.80000,13.80000,20.20000,3.59293,405.09061
2025-06-19 02:52:13+07:00,3021,26.40000,78.80000,14.20000,18.50000,3.52193,405.11792
2025-06-19 02:53:03+07:00,3022,26.40000,78.80000,14.80000,20.30000,3.56123,405.20987
2025-06-19 02:53:56+07:00,3023,26.40000,78.90000,13.90000,20.70000,3.50630,405.18216
2025-06-19 02:54:45+07:00,3024,26.40000,78.90000,13.70000,18.70000,3.49852,405.13620
2025-06-19 02:55:34+07:00,3025,26.40000,79.10000,14.70000,19.20000,3.44438,405.08151
2025-06-19 02:56:24+07:00,3026,26.30000,79.10000,14.80000,19.60000,3.51411,405.02734
2025-06-19 02:57:13+07:00,3027,26.30000,79.10000,14.50000,18.50000,3.51411,405.02734
2025-06-19 02:58:02+07:00,3028,26.30000,79.20000,14.10000,19.80000,3.52976,405.10880
2025-06-19 02:58:52+07:00,3029,26.30000,79.20000,14.60000,23.20000,3.39854,405.06342
2025-06-19 02:59:41+07:00,3030,26.30000,79.20000,14.60000,19.50000,3.39854,405.12704
2025-06-19 03:00:31+07:00,3031,26.30000,79.10000,14.20000,19.90000,3.30091,405.21915
2025-06-19 03:01:21+07:00,3032,26.30000,79.10000,13.70000,19.30000,3.49852,405.05435
2025-06-19 03:02:13+07:00,3033,26.30000,79.10000,14.70000,21.40000,3.52193,405.11792
2025-06-19 03:03:02+07:00,3034,26.30000,79.20000,14.30000,22.30000,3.49852,405.03632
2025-06-19 03:03:52+07:00,3035,26.30000,79.20000,14.30000,20.50000,3.50630,405.09970
2025-06-19 03:04:41+07:00,3036,26.30000,79.30000,14.90000,21.60000,3.49074,405.08151
2025-06-19 03:05:31+07:00,3037,26.30000,79.30000,15.00000,20.90000,3.38336,405.04535
2025-06-19 03:06:23+07:00,3038,26.30000,79.20000,13.90000,19.50000,3.50630,405.01834
2025-06-19 03:07:13+07:00,3039,26.30000,79.20000,14.90000,20.60000,3.35319,405.05435
2025-06-19 03:08:03+07:00,3040,26.30000,79.30000,14.20000,21.80000,3.49074,405.10880
2025-06-19 03:08:56+07:00,3041,26.30000,79.30000,13.90000,19.30000,3.37580,405.04535
2025-06-19 03:09:45+07:00,3042,26.30000,79.30000,13.90000,19.10000,3.45978,405.03632
2025-06-19 03:10:37+07:00,3043,26.30000,79.20000,14.90000,21.30000,3.39094,405.00937
2025-06-19 03:11:29+07:00,3044,26.30000,79.30000,14.20000,21.20000,3.45208,405.03632
2025-06-19 03:12:23+07:00,3045,26.30000,79.30000,15.10000,21.30000,3.41376,404.98254
2025-06-19 03:13:17+07:00,3046,26.30000,79.30000,14.10000,22.80000,3.42140,405.00043
2025-06-19 03:14:07+07:00,3047,26.30000,79.30000,14.70000,20.80000,3.45208,405.01834
2025-06-19 03:14:59+07:00,3048,26.20000,79.40000,14.50000,22.90000,3.22010,404.97363
2025-06-19 03:15:51+07:00,3049,26.20000,79.30000,15.20000,22.50000,3.45978,404.98254
2025-06-19 03:16:40+07:00,3050,26.20000,79.40000,15.40000,21.10000,3.45208,404.98254
2025-06-19 03:17:30+07:00,3051,26.30000,79.30000,14.60000,20.00000,3.41376,404.99149
2025-06-19 03:18:24+07:00,3052,26.30000,79.30000,14.80000,20.40000,3.30833,405.03632
2025-06-19 03:19:14+07:00,3053,26.30000,79.30000,15.20000,24.50000,3.42905,405.10880
2025-06-19 03:20:03+07:00,3054,26.30000,79.30000,15.10000,21.40000,3.42905,405.05435
2025-06-19 03:20:52+07:00,3055,26.30000,79.30000,14.90000,22.40000,3.41376,405.04535
2025-06-19 03:21:42+07:00,3056,26.30000,79.30000,15.30000,23.50000,3.45208,405.05435
2025-06-19 03:22:31+07:00,3057,26.30000,79.20000,14.90000,21.20000,3.39854,404.98254
2025-06-19 03:23:20+07:00,3058,26.30000,79.20000,14.90000,22.80000,3.38336,405.01834
2025-06-19 03:24:10+07:00,3059,26.30000,79.20000,14.60000,20.50000,3.39094,404.95581
2025-06-19 03:24:59+07:00,3060,26.30000,79.20000,14.90000,21.70000,3.38336,404.99149
2025-06-19 03:25:49+07:00,3061,26.30000,79.30000,14.70000,22.10000,3.42905,404.97363
2025-06-19 03:26:41+07:00,3062,26.30000,79.30000,14.70000,25.00000,3.27133,405.00043
2025-06-19 03:27:34+07:00,3063,26.30000,79.20000,15.90000,22.80000,3.40614,404.95581
2025-06-19 03:28:24+07:00,3064,26.30000,79.20000,15.40000,22.70000,3.42905,404.95581
2025-06-19 03:29:13+07:00,3065,26.30000,79.10000,15.00000,21.00000,3.42905,404.99149
2025-06-19 03:30:03+07:00,3066,26.30000,79.10000,15.60000,22.70000,3.37580,404.98254
2025-06-19 03:31:01+07:00,3067,26.30000,79.20000,15.70000,22.20000,3.34568,404.94696
2025-06-19 03:32:47+07:00,3068,26.30000,79.10000,15.30000,22.10000,3.39854,405.09970
2025-06-19 03:33:36+07:00,3069,26.30000,79.20000,15.60000,21.50000,3.44438,404.85889
2025-06-19 03:34:31+07:00,3070,26.30000,79.10000,16.30000,22.40000,3.43671,404.94696
2025-06-19 03:35:24+07:00,3071,26.30000,79.10000,15.50000,24.00000,3.42140,404.73782
2025-06-19 03:38:15+07:00,3072,26.40000,78.70000,15.30000,20.50000,3.35319,404.89395
2025-06-19 03:39:09+07:00,3073,26.40000,78.80000,14.90000,20.90000,3.37580,404.87640
2025-06-19 03:39:59+07:00,3074,26.30000,79.00000,16.20000,24.40000,3.25662,404.91156
2025-06-19 03:40:57+07:00,3075,26.30000,79.00000,16.30000,24.30000,3.41376,404.89395
2025-06-19 03:41:46+07:00,3076,26.30000,79.00000,16.00000,24.50000,3.32323,405.00937
2025-06-19 03:42:35+07:00,3077,26.30000,79.00000,16.00000,22.80000,3.39854,404.99149
2025-06-19 03:43:25+07:00,3078,26.30000,79.10000,16.50000,23.30000,3.32323,404.92041
2025-06-19 03:44:14+07:00,3079,26.30000,79.10000,15.50000,23.30000,3.37580,404.95581
2025-06-19 03:45:04+07:00,3080,26.30000,79.10000,16.20000,24.20000,3.39854,404.98254
2025-06-19 03:46:02+07:00,3081,26.30000,79.10000,17.80000,27.20000,3.24197,404.89395
2025-06-19 03:46:52+07:00,3082,26.40000,78.80000,17.20000,28.70000,3.22738,404.89395
2025-06-19 03:47:41+07:00,3083,26.40000,78.90000,15.80000,23.10000,3.23467,404.85016
2025-06-19 03:48:30+07:00,3084,26.50000,78.70000,16.10000,22.10000,3.34568,404.99149
2025-06-19 03:49:25+07:00,3085,26.40000,78.70000,16.80000,25.10000,3.24929,404.88516
2025-06-19 03:50:14+07:00,3086,26.50000,78.50000,15.90000,23.40000,3.27133,404.83273
2025-06-19 03:51:04+07:00,3087,26.40000,78.60000,16.00000,22.20000,3.16235,404.92923
2025-06-19 03:51:53+07:00,3088,26.40000,78.60000,16.20000,24.40000,3.24197,404.85889
2025-06-19 03:52:44+07:00,3089,26.30000,78.90000,15.50000,21.10000,3.13379,404.92923
2025-06-19 03:53:37+07:00,3090,26.30000,78.80000,15.60000,24.10000,3.37580,404.93808
2025-06-19 03:54:34+07:00,3091,26.30000,78.90000,16.30000,24.50000,3.24929,404.81537
2025-06-19 03:55:27+07:00,3092,26.30000,79.00000,16.20000,25.60000,3.20558,404.80670
2025-06-19 03:57:12+07:00,3093,26.30000,79.00000,16.20000,23.20000,3.24197,404.79803
2025-06-19 03:58:09+07:00,3094,26.30000,78.80000,16.40000,25.50000,3.27133,404.82404
2025-06-19 03:59:01+07:00,3095,26.30000,78.80000,16.60000,22.20000,3.20558,404.86765
2025-06-19 03:59:53+07:00,3096,26.30000,78.60000,16.20000,24.60000,3.25662,404.78940
2025-06-19 04:00:44+07:00,3097,26.30000,78.80000,15.30000,21.80000,3.25662,404.81537
2025-06-19 04:01:34+07:00,3098,26.30000,78.90000,15.90000,25.40000,3.06331,404.76355
2025-06-19 04:03:20+07:00,3099,26.40000,78.70000,14.70000,22.10000,3.07030,404.81537
2025-06-19 04:04:10+07:00,3100,26.40000,78.50000,15.40000,22.30000,3.25662,404.80670
2025-06-19 04:04:59+07:00,3101,26.30000,78.70000,15.00000,20.90000,3.14804,404.85016
2025-06-19 04:05:49+07:00,3102,26.30000,78.70000,15.60000,22.50000,3.22738,404.72073
2025-06-19 04:06:38+07:00,3103,26.30000,78.80000,15.90000,22.10000,3.24197,404.72928
2025-06-19 04:07:28+07:00,3104,26.30000,78.70000,15.40000,21.90000,3.21283,404.73782
2025-06-19 04:08:17+07:00,3105,26.30000,78.60000,14.60000,21.50000,3.24197,404.75497
2025-06-19 04:09:11+07:00,3106,26.30000,78.60000,15.50000,22.30000,3.23467,404.71222
2025-06-19 04:10:01+07:00,3107,26.40000,78.50000,15.60000,22.90000,3.28609,404.72928
2025-06-19 04:10:50+07:00,3108,26.40000,78.40000,15.10000,23.50000,3.28609,404.81537
2025-06-19 04:11:39+07:00,3109,26.40000,78.40000,16.20000,23.00000,3.22738,404.70370
2025-06-19 04:12:29+07:00,3110,26.40000,78.40000,15.30000,20.60000,3.16952,404.74640
2025-06-19 04:13:18+07:00,3111,26.30000,78.40000,15.10000,21.30000,3.25662,404.76355
2025-06-19 04:14:08+07:00,3112,26.40000,78.40000,15.20000,22.20000,3.04937,404.70370
2025-06-19 04:15:51+07:00,3113,26.30000,78.40000,15.30000,23.50000,3.01475,404.65289
2025-06-19 04:16:45+07:00,3114,26.30000,78.50000,15.40000,21.50000,3.19111,404.72073
2025-06-19 04:17:39+07:00,3115,26.30000,78.50000,15.40000,21.50000,3.16235,404.71222
2025-06-19 04:18:29+07:00,3116,26.30000,78.60000,15.20000,23.00000,3.19834,404.72928
2025-06-19 04:19:27+07:00,3117,26.30000,78.50000,15.60000,23.80000,3.16235,404.70370
2025-06-19 04:20:25+07:00,3118,26.30000,78.40000,15.40000,21.20000,3.26397,404.72073
2025-06-19 04:21:15+07:00,3119,26.40000,78.30000,15.20000,21.80000,3.27133,404.72073
2025-06-19 04:22:07+07:00,3120,26.40000,78.30000,15.60000,21.90000,3.16952,404.82404
2025-06-19 04:23:00+07:00,3121,26.40000,78.20000,15.10000,20.40000,2.96002,404.68671
2025-06-19 04:23:50+07:00,3122,26.40000,78.20000,14.80000,22.90000,3.08432,404.84146
2025-06-19 04:24:39+07:00,3123,26.40000,78.30000,15.40000,21.20000,3.16952,404.72073
2025-06-19 04:25:29+07:00,3124,26.30000,78.30000,15.80000,21.50000,3.18390,404.71222
2025-06-19 04:26:18+07:00,3125,26.30000,78.30000,15.30000,22.10000,3.16952,404.67825
2025-06-19 04:27:14+07:00,3126,26.40000,78.40000,14.90000,22.30000,3.14091,404.70370
2025-06-19 04:28:03+07:00,3127,26.40000,78.30000,14.90000,20.90000,3.17670,404.71222
2025-06-19 04:28:53+07:00,3128,26.40000,78.20000,15.50000,22.20000,3.19834,404.70370
2025-06-19 04:29:46+07:00,3129,26.40000,78.20000,14.60000,21.10000,3.18390,404.46237
2025-06-19 04:30:36+07:00,3130,26.40000,78.30000,15.00000,20.70000,3.11251,404.70370
2025-06-19 04:31:29+07:00,3131,26.30000,78.30000,14.60000,23.20000,3.22010,404.68671
2025-06-19 04:32:19+07:00,3132,26.30000,78.40000,14.80000,21.90000,3.19111,404.72928
2025-06-19 04:33:08+07:00,3133,26.30000,78.40000,14.90000,21.00000,3.10544,404.70370
2025-06-19 04:34:00+07:00,3134,26.30000,78.40000,15.10000,21.20000,3.19834,404.70370
2025-06-19 04:34:50+07:00,3135,26.30000,78.40000,15.50000,23.10000,3.18390,404.72928
2025-06-19 04:35:44+07:00,3136,26.30000,78.30000,14.60000,21.80000,2.98729,404.66980
2025-06-19 04:36:33+07:00,3137,26.30000,78.40000,15.30000,22.70000,3.09839,404.66980
2025-06-19 04:37:22+07:00,3138,26.30000,78.40000,14.50000,21.40000,3.12668,404.66135
2025-06-19 04:38:12+07:00,3139,26.30000,78.30000,14.00000,21.60000,2.98729,404.61929
2025-06-19 04:39:04+07:00,3140,26.30000,78.30000,14.20000,19.60000,3.09135,404.68671
2025-06-19 04:39:53+07:00,3141,26.30000,78.30000,14.70000,20.60000,2.99413,404.66135
2025-06-19 04:40:43+07:00,3142,26.30000,78.40000,15.00000,20.70000,3.09839,404.67825
2025-06-19 04:41:32+07:00,3143,26.30000,78.30000,15.10000,21.90000,3.11251,404.67825
2025-06-19 04:42:21+07:00,3144,26.30000,78.30000,14.50000,22.40000,2.90611,404.57755
2025-06-19 04:43:11+07:00,3145,26.30000,78.40000,14.60000,21.50000,3.11959,404.64447
2025-06-19 04:44:00+07:00,3146,26.20000,78.40000,14.60000,21.50000,3.11251,404.66980
2025-06-19 04:44:50+07:00,3147,26.30000,78.40000,14.40000,22.40000,3.11251,404.66135
2025-06-19 04:45:39+07:00,3148,26.20000,78.40000,14.90000,20.70000,3.12668,404.61093
2025-06-19 04:46:28+07:00,3149,26.20000,78.50000,14.20000,21.10000,3.16952,404.62769
2025-06-19 04:47:18+07:00,3150,26.30000,78.30000,14.20000,20.90000,3.00787,404.56924
2025-06-19 04:48:07+07:00,3151,26.30000,78.40000,14.80000,21.70000,3.08432,404.66135
2025-06-19 04:48:56+07:00,3152,26.20000,78.50000,14.90000,20.90000,3.03549,404.63608
2025-06-19 04:49:46+07:00,3153,26.20000,78.50000,14.80000,22.00000,3.11959,404.61093
2025-06-19 04:51:28+07:00,3154,26.30000,78.40000,15.80000,24.70000,3.08432,404.66135
2025-06-19 04:52:18+07:00,3155,26.30000,78.40000,15.20000,21.60000,3.08432,404.57755
2025-06-19 04:53:07+07:00,3156,26.30000,78.30000,14.90000,22.50000,3.01475,404.54440
2025-06-19 04:53:57+07:00,3157,26.30000,78.20000,15.70000,23.80000,2.86619,404.58588
2025-06-19 04:54:46+07:00,3158,26.30000,78.30000,15.40000,22.60000,2.89942,404.62769
2025-06-19 04:55:35+07:00,3159,26.20000,78.30000,14.30000,21.60000,2.95324,404.59421
2025-06-19 04:56:25+07:00,3160,26.30000,78.40000,15.20000,23.80000,2.95324,404.55267
2025-06-19 04:57:14+07:00,3161,26.30000,78.30000,15.00000,23.60000,3.05634,404.60257
2025-06-19 04:58:03+07:00,3162,26.30000,78.20000,13.20000,19.70000,3.01475,404.58588
2025-06-19 04:58:53+07:00,3163,26.20000,78.30000,14.00000,20.20000,3.03549,404.51144
2025-06-19 04:59:42+07:00,3164,26.20000,78.40000,14.60000,21.40000,3.14091,404.58588
2025-06-19 05:00:32+07:00,3165,26.20000,78.50000,14.40000,22.30000,3.05634,404.56094
2025-06-19 05:01:21+07:00,3166,26.20000,78.50000,14.50000,19.50000,2.98729,404.50323
2025-06-19 05:02:11+07:00,3167,26.20000,78.40000,15.20000,25.50000,3.06331,404.48685
2025-06-19 05:03:00+07:00,3168,26.20000,78.40000,14.00000,19.20000,2.91280,404.53613
2025-06-19 05:03:49+07:00,3169,26.20000,78.40000,14.20000,20.00000,3.02856,404.49503
2025-06-19 05:04:39+07:00,3170,26.20000,78.60000,14.80000,20.00000,2.87281,404.60257
2025-06-19 05:05:28+07:00,3171,26.20000,78.40000,15.00000,21.50000,2.87281,404.49503
2025-06-19 05:06:18+07:00,3172,26.20000,78.40000,14.40000,19.60000,2.99413,404.47052
2025-06-19 05:07:11+07:00,3173,26.20000,78.50000,14.20000,20.20000,2.87945,404.47867
2025-06-19 05:08:03+07:00,3174,26.20000,78.40000,13.90000,19.40000,2.98045,404.48685
2025-06-19 05:08:56+07:00,3175,26.20000,78.40000,14.40000,22.80000,3.15519,404.49503
2025-06-19 05:09:49+07:00,3176,26.20000,78.50000,14.30000,21.90000,3.00099,404.49503
2025-06-19 05:10:39+07:00,3177,26.20000,78.50000,14.40000,21.10000,2.97363,404.47052
2025-06-19 05:11:28+07:00,3178,26.10000,78.50000,14.40000,21.40000,2.97363,404.45422
2025-06-19 05:12:17+07:00,3179,26.20000,78.50000,14.10000,20.80000,2.98729,404.48685
2025-06-19 05:13:07+07:00,3180,26.10000,78.50000,14.10000,19.90000,2.96682,404.47867
2025-06-19 05:13:56+07:00,3181,26.10000,78.60000,14.40000,20.20000,3.03549,404.44611
2025-06-19 05:14:45+07:00,3182,26.10000,78.70000,14.60000,22.90000,2.88609,404.42990
2025-06-19 05:15:35+07:00,3183,26.10000,78.70000,14.70000,21.90000,2.92623,404.44611
2025-06-19 05:16:24+07:00,3184,26.20000,78.50000,14.70000,22.20000,3.00787,404.44611
2025-06-19 05:17:13+07:00,3185,26.20000,78.40000,14.20000,20.40000,3.00099,404.41376
2025-06-19 05:18:03+07:00,3186,26.20000,78.60000,14.40000,20.00000,2.80716,404.42181
2025-06-19 05:18:52+07:00,3187,26.20000,78.60000,14.20000,20.70000,2.91951,404.41376
2025-06-19 05:19:41+07:00,3188,26.10000,78.80000,13.60000,20.00000,2.98045,404.40570
2025-06-19 05:20:31+07:00,3189,26.10000,78.70000,14.50000,20.60000,2.89275,404.42990
2025-06-19 05:21:20+07:00,3190,26.10000,78.80000,14.40000,21.10000,2.89942,404.42990
2025-06-19 05:22:10+07:00,3191,26.10000,78.90000,13.50000,19.20000,2.91951,404.38959
2025-06-19 05:23:00+07:00,3192,26.10000,78.90000,15.30000,22.30000,2.78124,404.42990
2025-06-19 05:23:49+07:00,3193,26.10000,78.90000,14.70000,21.20000,2.91280,404.47052
2025-06-19 05:24:39+07:00,3194,26.10000,79.00000,14.30000,21.50000,2.93971,404.35757
2025-06-19 05:25:28+07:00,3195,26.10000,79.00000,14.30000,21.20000,2.79418,404.40570
2025-06-19 05:26:21+07:00,3196,26.20000,78.90000,14.70000,21.30000,2.96002,404.42990
2025-06-19 05:27:10+07:00,3197,26.20000,78.80000,14.20000,20.90000,2.90611,404.36557
2025-06-19 05:27:59+07:00,3198,26.20000,78.80000,14.60000,21.10000,2.89275,404.41376
2025-06-19 05:28:52+07:00,3199,26.20000,78.80000,14.60000,21.50000,2.80066,404.42990
2025-06-19 05:29:42+07:00,3200,26.20000,78.80000,14.10000,20.30000,2.79418,404.38959
2025-06-19 05:30:35+07:00,3201,26.20000,78.90000,14.70000,22.30000,2.69205,404.38159
2025-06-19 05:31:28+07:00,3202,26.10000,79.00000,14.10000,20.80000,2.81367,404.37357
2025-06-19 05:32:23+07:00,3203,26.20000,78.90000,13.80000,19.50000,2.89275,404.39764
2025-06-19 05:33:12+07:00,3204,26.20000,78.90000,14.70000,21.40000,2.89275,404.34961
2025-06-19 05:34:59+07:00,3205,26.10000,79.10000,14.40000,21.30000,2.91951,404.37357
2025-06-19 05:35:48+07:00,3206,26.20000,79.00000,14.10000,21.60000,2.85299,404.34961
2025-06-19 05:36:44+07:00,3207,26.20000,78.90000,15.20000,20.70000,2.93296,404.33368
2025-06-19 05:37:33+07:00,3208,26.20000,79.10000,14.70000,22.20000,2.93971,404.38959
2025-06-19 05:38:22+07:00,3209,26.20000,78.90000,14.40000,20.50000,2.91951,404.34164
2025-06-19 05:39:12+07:00,3210,26.20000,78.90000,14.90000,22.80000,2.96682,404.35757
2025-06-19 05:40:01+07:00,3211,26.20000,79.10000,14.80000,21.60000,2.83327,404.29410
2025-06-19 05:40:51+07:00,3212,26.10000,79.10000,15.70000,24.60000,2.96682,404.28622
2025-06-19 05:41:44+07:00,3213,26.20000,79.20000,14.80000,21.80000,2.90611,404.36557
2025-06-19 05:42:33+07:00,3214,26.20000,79.00000,14.60000,23.30000,2.87945,404.38959
2025-06-19 05:43:23+07:00,3215,26.20000,79.00000,15.60000,21.70000,2.87281,404.38159
2025-06-19 05:44:12+07:00,3216,26.20000,79.10000,14.40000,20.10000,2.89942,404.42181
2025-06-19 05:45:04+07:00,3217,26.20000,79.10000,16.00000,22.20000,2.88609,404.36557
2025-06-19 05:45:54+07:00,3218,26.20000,79.20000,14.80000,21.10000,2.87281,404.33368
2025-06-19 05:46:47+07:00,3219,26.10000,79.20000,14.90000,22.50000,2.88609,404.28622
2025-06-19 05:47:36+07:00,3220,26.10000,79.30000,14.00000,20.60000,2.87945,404.30200
2025-06-19 05:48:25+07:00,3221,26.10000,79.30000,15.20000,21.30000,2.85299,404.31781
2025-06-19 05:49:21+07:00,3222,26.10000,79.40000,14.80000,21.60000,2.93971,404.28622
2025-06-19 05:50:10+07:00,3223,26.10000,79.30000,15.10000,22.70000,2.87945,404.34961
2025-06-19 05:51:00+07:00,3224,26.20000,79.30000,15.00000,22.50000,2.94647,404.44611
2025-06-19 05:51:49+07:00,3225,26.30000,79.10000,15.20000,23.00000,2.88609,404.34961
2025-06-19 05:52:41+07:00,3226,26.30000,78.90000,14.50000,22.20000,2.85959,404.31781
2025-06-19 05:53:31+07:00,3227,26.20000,79.20000,14.70000,22.20000,2.85959,404.38959
2025-06-19 05:54:20+07:00,3228,26.20000,79.20000,14.60000,23.00000,2.88609,404.33368
2025-06-19 05:55:17+07:00,3229,26.20000,79.30000,14.50000,23.30000,2.84641,404.29410
2025-06-19 05:57:06+07:00,3230,26.10000,79.40000,15.10000,22.60000,2.85959,404.26266
2025-06-19 05:57:56+07:00,3231,26.10000,79.50000,15.80000,22.80000,2.90611,404.33368
2025-06-19 05:58:45+07:00,3232,26.10000,79.50000,15.70000,24.20000,2.81367,404.32574
2025-06-19 05:59:42+07:00,3233,26.10000,79.60000,15.50000,22.50000,2.92623,404.28622
2025-06-19 06:00:31+07:00,3234,26.10000,79.70000,15.40000,24.70000,2.87281,404.29410
2025-06-19 06:01:21+07:00,3235,26.10000,79.50000,15.70000,25.70000,2.87945,403.95120
2025-06-19 06:02:13+07:00,3236,26.20000,79.40000,15.30000,22.20000,2.90611,404.33368
2025-06-19 06:03:06+07:00,3237,26.10000,79.50000,15.70000,23.50000,2.73635,404.24701
2025-06-19 06:03:58+07:00,3238,26.10000,79.50000,15.00000,22.90000,2.85959,404.33368
2025-06-19 06:04:52+07:00,3239,26.20000,79.40000,15.40000,22.70000,2.88609,404.30200
2025-06-19 06:05:42+07:00,3240,26.20000,79.40000,15.40000,22.60000,2.83983,404.27051
2025-06-19 06:07:25+07:00,3241,26.20000,79.40000,16.20000,23.10000,2.73635,404.22363
2025-06-19 06:08:14+07:00,3242,26.10000,79.50000,15.80000,23.20000,2.84641,404.29410
2025-06-19 06:09:04+07:00,3243,26.10000,79.60000,15.30000,21.50000,2.85299,404.25482
2025-06-19 06:09:53+07:00,3244,26.10000,79.60000,16.40000,23.80000,2.85299,404.25482
2025-06-19 06:10:43+07:00,3245,26.20000,79.50000,16.60000,24.50000,2.85299,404.30200
2025-06-19 06:11:35+07:00,3246,26.20000,79.40000,15.70000,23.40000,2.84641,404.27838
2025-06-19 06:12:35+07:00,3247,26.10000,79.50000,16.40000,22.60000,2.83983,404.27838
2025-06-19 06:13:28+07:00,3248,26.20000,79.50000,14.40000,21.80000,2.84641,404.30200
2025-06-19 06:14:20+07:00,3249,26.10000,79.50000,15.50000,23.30000,2.77479,404.26266
2025-06-19 06:15:09+07:00,3250,26.20000,79.40000,15.50000,22.00000,2.85299,404.27838
2025-06-19 06:15:59+07:00,3251,26.20000,79.50000,15.20000,21.10000,2.83983,404.18491
2025-06-19 06:16:51+07:00,3252,26.20000,79.40000,16.20000,24.60000,2.87281,404.29410
2025-06-19 06:17:40+07:00,3253,26.20000,79.30000,15.70000,24.00000,2.85959,404.31781
2025-06-19 06:18:30+07:00,3254,26.20000,79.40000,15.70000,24.10000,2.83983,404.24701
2025-06-19 06:19:19+07:00,3255,26.20000,79.40000,15.60000,22.40000,2.74912,404.25482
2025-06-19 06:20:09+07:00,3256,26.20000,79.40000,15.90000,23.30000,2.64833,404.26266
2025-06-19 06:21:04+07:00,3257,26.10000,79.40000,15.60000,21.90000,2.83327,404.25482
2025-06-19 06:21:54+07:00,3258,26.20000,79.40000,15.10000,22.60000,2.84641,404.24701
2025-06-19 06:22:43+07:00,3259,26.10000,79.50000,16.00000,25.20000,2.79418,404.19263
2025-06-19 06:23:37+07:00,3260,26.10000,79.60000,15.80000,23.70000,2.78770,404.22363
2025-06-19 06:24:27+07:00,3261,26.20000,79.40000,16.20000,24.00000,2.83983,404.21585
2025-06-19 06:25:16+07:00,3262,26.20000,79.40000,15.10000,22.40000,2.70465,404.23141
2025-06-19 06:26:12+07:00,3263,26.10000,79.40000,15.00000,21.70000,2.93971,404.20810
2025-06-19 06:27:05+07:00,3264,26.20000,79.30000,15.40000,21.70000,2.83327,404.20035
2025-06-19 06:28:55+07:00,3265,26.10000,79.40000,15.70000,21.70000,2.83327,404.19263
2025-06-19 06:29:48+07:00,3266,26.10000,79.50000,15.20000,21.10000,2.71096,404.17719
2025-06-19 06:30:37+07:00,3267,26.10000,79.50000,15.00000,21.40000,2.84641,404.20035
2025-06-19 06:31:31+07:00,3268,26.00000,79.50000,14.40000,21.90000,2.77479,404.16946
2025-06-19 06:32:24+07:00,3269,26.10000,79.40000,15.20000,22.60000,2.83327,404.18491
2025-06-19 06:33:16+07:00,3270,26.10000,79.40000,15.00000,21.00000,2.70465,404.19263
2025-06-19 06:34:05+07:00,3271,26.10000,79.40000,14.70000,23.00000,2.83983,404.18491
2025-06-19 06:34:58+07:00,3272,26.10000,79.30000,15.10000,22.20000,2.81367,404.17719
2025-06-19 06:35:47+07:00,3273,26.10000,79.30000,15.00000,22.80000,2.65454,404.18491
2025-06-19 06:36:40+07:00,3274,26.10000,79.30000,15.10000,23.80000,2.82019,404.04785
2025-06-19 06:37:29+07:00,3275,26.00000,79.40000,15.00000,21.70000,2.80066,404.18491
2025-06-19 06:38:19+07:00,3276,26.10000,79.30000,14.90000,22.20000,2.83327,404.21585
2025-06-19 06:39:08+07:00,3277,26.10000,79.20000,14.10000,19.10000,2.82673,404.20035
2025-06-19 06:39:57+07:00,3278,26.10000,79.20000,15.30000,23.70000,2.80066,404.13113
2025-06-19 06:40:47+07:00,3279,26.10000,79.20000,15.00000,22.10000,2.76836,404.18491
2025-06-19 06:41:42+07:00,3280,26.10000,79.10000,14.10000,20.00000,2.77479,404.18491
2025-06-19 06:42:31+07:00,3281,26.10000,79.20000,14.00000,21.10000,2.80716,404.15411
2025-06-19 06:43:21+07:00,3282,26.10000,79.20000,14.10000,19.70000,2.62977,404.16946
2025-06-19 06:44:18+07:00,3283,26.10000,79.20000,13.80000,20.70000,2.80716,404.16946
2025-06-19 06:45:11+07:00,3284,26.00000,79.30000,14.30000,21.70000,2.78124,404.17719
2025-06-19 06:46:00+07:00,3285,26.00000,79.30000,14.10000,20.30000,2.73635,404.13879
2025-06-19 06:46:49+07:00,3286,26.00000,79.20000,14.70000,20.80000,2.77479,404.18491
2025-06-19 06:47:39+07:00,3287,26.00000,79.30000,14.70000,22.40000,2.78770,404.18491
2025-06-19 06:48:28+07:00,3288,26.10000,79.10000,14.70000,22.60000,2.81367,404.18491
2025-06-19 06:49:20+07:00,3289,26.10000,79.00000,14.00000,20.80000,2.76193,404.21585
2025-06-19 06:50:09+07:00,3290,26.10000,79.00000,14.40000,20.30000,2.80066,404.16180
2025-06-19 06:50:59+07:00,3291,26.00000,79.10000,14.30000,20.20000,2.77479,404.13113
2025-06-19 06:51:48+07:00,3292,26.00000,79.10000,15.60000,23.30000,2.74912,404.15411
2025-06-19 06:52:38+07:00,3293,26.10000,79.00000,14.00000,19.70000,2.82673,404.16946
2025-06-19 06:53:27+07:00,3294,26.10000,78.90000,14.30000,19.80000,2.62977,404.20035
2025-06-19 06:54:16+07:00,3295,26.10000,78.80000,14.00000,19.30000,2.86619,404.19263
2025-06-19 06:55:06+07:00,3296,26.20000,78.60000,14.20000,19.60000,2.75552,404.13879
2025-06-19 06:55:55+07:00,3297,26.20000,78.50000,14.40000,23.10000,2.67950,404.18491
2025-06-19 06:56:44+07:00,3298,26.20000,78.60000,13.80000,19.10000,2.79418,404.16180
2025-06-19 06:57:34+07:00,3299,26.20000,78.50000,13.20000,18.00000,2.70465,404.18491
2025-06-19 06:58:23+07:00,3300,26.20000,78.40000,14.20000,20.10000,2.85959,404.18491
2025-06-19 06:59:12+07:00,3301,26.20000,78.50000,14.00000,17.90000,2.61132,404.18491
2025-06-19 07:00:02+07:00,3302,26.20000,78.50000,13.70000,20.70000,2.66700,404.18491
2025-06-19 07:00:51+07:00,3303,26.20000,78.50000,13.40000,20.10000,2.80716,404.11591
2025-06-19 07:01:41+07:00,3304,26.10000,78.50000,13.90000,20.50000,2.66700,404.15411
2025-06-19 07:02:30+07:00,3305,26.10000,78.60000,13.50000,21.60000,2.69834,404.11591
2025-06-19 07:03:24+07:00,3306,26.10000,78.70000,13.90000,21.80000,2.73635,404.13879
2025-06-19 07:04:20+07:00,3307,26.10000,78.70000,13.80000,22.30000,2.80716,403.93649
2025-06-19 07:05:12+07:00,3308,26.00000,78.70000,13.60000,17.80000,2.77479,404.02539
2025-06-19 07:06:05+07:00,3309,26.00000,78.80000,13.90000,21.10000,2.70465,404.12354
2025-06-19 07:06:58+07:00,3310,26.10000,78.80000,13.70000,19.50000,2.72363,404.13879
2025-06-19 07:07:52+07:00,3311,26.00000,78.70000,13.60000,20.50000,2.75552,404.14645
2025-06-19 07:08:44+07:00,3312,26.00000,78.90000,13.60000,17.60000,2.66700,404.05536
2025-06-19 07:09:33+07:00,3313,26.00000,79.00000,14.60000,19.80000,2.80066,404.13113
2025-06-19 07:10:26+07:00,3314,26.00000,79.00000,13.90000,21.50000,2.78124,404.16946
2025-06-19 07:11:18+07:00,3315,26.00000,79.00000,13.60000,20.30000,2.75552,404.04034
2025-06-19 07:12:11+07:00,3316,26.00000,78.90000,14.00000,20.10000,2.82019,404.13113
2025-06-19 07:13:07+07:00,3317,26.10000,78.80000,14.10000,18.80000,2.68577,404.14645
2025-06-19 07:14:00+07:00,3318,26.10000,78.70000,13.10000,18.70000,2.71096,404.01791
2025-06-19 07:14:54+07:00,3319,26.10000,78.80000,13.70000,19.70000,2.76193,404.13879
2025-06-19 07:15:44+07:00,3320,26.10000,78.80000,13.10000,18.80000,2.76836,404.13879
2025-06-19 07:16:34+07:00,3321,26.00000,78.80000,13.10000,21.50000,2.74912,404.13879
2025-06-19 07:17:27+07:00,3322,26.00000,79.00000,12.90000,19.90000,2.80066,404.12354
2025-06-19 07:18:23+07:00,3323,26.00000,79.00000,13.50000,20.10000,2.76193,404.13113
2025-06-19 07:19:16+07:00,3324,26.00000,79.10000,13.60000,17.60000,2.76836,404.00299
2025-06-19 07:20:12+07:00,3325,26.00000,79.10000,13.50000,20.10000,2.72999,404.14645
2025-06-19 07:21:04+07:00,3326,26.00000,79.00000,12.80000,19.40000,2.70465,404.11591
2025-06-19 07:21:56+07:00,3327,26.00000,79.10000,13.30000,19.10000,2.75552,404.18491
2025-06-19 07:22:45+07:00,3328,26.00000,79.00000,13.00000,17.90000,2.75552,404.11591
2025-06-19 07:23:35+07:00,3329,26.00000,79.10000,13.20000,18.00000,2.76836,404.10831
2025-06-19 07:24:27+07:00,3330,26.00000,79.00000,14.00000,18.50000,2.76193,404.18491
2025-06-19 07:25:16+07:00,3331,26.00000,79.10000,13.00000,17.40000,2.75552,404.16180
2025-06-19 07:26:11+07:00,3332,26.00000,79.00000,13.80000,18.40000,2.76193,404.18491
2025-06-19 07:27:00+07:00,3333,26.00000,79.00000,13.50000,18.50000,2.75552,404.13879
2025-06-19 07:27:50+07:00,3334,26.00000,78.80000,13.20000,18.60000,2.72999,403.83487
2025-06-19 07:28:39+07:00,3335,26.00000,79.00000,14.10000,21.10000,2.62361,404.16180
2025-06-19 07:29:29+07:00,3336,26.00000,78.90000,13.50000,20.20000,2.70465,404.14645
2025-06-19 07:30:18+07:00,3337,26.00000,79.00000,13.50000,20.50000,2.75552,404.03287
2025-06-19 07:31:08+07:00,3338,26.10000,78.80000,13.40000,19.20000,2.72999,404.05536
2025-06-19 07:31:57+07:00,3339,26.10000,78.80000,12.90000,16.90000,2.67950,404.16180
2025-06-19 07:32:46+07:00,3340,26.00000,79.00000,13.80000,20.90000,2.76836,404.13113
2025-06-19 07:33:36+07:00,3341,26.00000,79.00000,14.40000,21.20000,2.72363,404.13879
2025-06-19 07:34:25+07:00,3342,26.10000,78.80000,13.60000,20.00000,2.58687,404.18491
2025-06-19 07:35:15+07:00,3343,26.10000,78.70000,14.30000,21.70000,2.61746,404.16180
2025-06-19 07:36:04+07:00,3344,26.10000,78.70000,13.20000,18.90000,2.76836,404.14645
2025-06-19 07:36:53+07:00,3345,26.00000,78.80000,13.80000,21.00000,2.82673,404.13113
2025-06-19 07:37:46+07:00,3346,26.00000,78.80000,12.60000,18.80000,2.77479,404.12354
2025-06-19 07:38:36+07:00,3347,26.00000,78.80000,12.90000,18.20000,2.76193,404.17719
2025-06-19 07:39:28+07:00,3348,26.10000,78.80000,13.10000,18.80000,2.73635,404.18491
2025-06-19 07:40:17+07:00,3349,26.00000,78.90000,12.50000,17.90000,2.58079,404.13879
2025-06-19 07:41:07+07:00,3350,26.00000,78.90000,13.10000,19.20000,2.73635,404.14645
2025-06-19 07:41:56+07:00,3351,26.00000,78.90000,13.80000,19.30000,2.73635,404.14645
2025-06-19 07:42:45+07:00,3352,26.00000,78.90000,14.00000,20.10000,2.58687,404.07797
2025-06-19 07:43:35+07:00,3353,26.10000,78.70000,12.80000,19.00000,2.74273,404.16180
2025-06-19 07:44:24+07:00,3354,26.00000,78.70000,13.10000,19.00000,2.76836,404.10831
2025-06-19 07:45:19+07:00,3355,26.00000,78.70000,13.10000,18.50000,2.73635,404.14645
2025-06-19 07:46:08+07:00,3356,26.00000,78.70000,13.00000,18.50000,2.74273,404.10831
2025-06-19 07:46:58+07:00,3357,26.00000,78.80000,13.80000,21.00000,2.74912,404.13879
2025-06-19 07:47:47+07:00,3358,26.00000,78.80000,13.20000,18.60000,2.66076,404.14645
2025-06-19 07:48:36+07:00,3359,26.00000,78.70000,13.70000,20.50000,2.71729,404.14645
2025-06-19 07:49:26+07:00,3360,26.00000,78.70000,13.30000,17.80000,2.74273,404.13879
2025-06-19 07:50:17+07:00,3361,26.00000,78.70000,13.40000,18.90000,2.75552,404.03287
2025-06-19 07:51:06+07:00,3362,26.00000,78.70000,13.30000,17.90000,2.86619,404.06290
2025-06-19 07:51:56+07:00,3363,26.00000,78.70000,13.20000,17.40000,2.75552,404.13879
2025-06-19 07:52:45+07:00,3364,26.00000,78.60000,13.60000,20.80000,2.73635,404.13113
2025-06-19 07:53:37+07:00,3365,26.00000,78.70000,13.00000,18.40000,2.81367,404.16946
2025-06-19 07:54:27+07:00,3366,26.00000,78.70000,13.30000,17.40000,2.74912,403.99557
2025-06-19 07:55:16+07:00,3367,26.00000,78.70000,13.30000,17.90000,2.61132,404.16180
2025-06-19 07:56:05+07:00,3368,26.00000,78.80000,13.40000,19.50000,2.71096,404.04034
2025-06-19 07:56:55+07:00,3369,26.00000,78.70000,13.70000,19.50000,2.75552,404.14645
2025-06-19 07:57:44+07:00,3370,26.00000,78.70000,13.20000,19.10000,2.59907,404.16946
2025-06-19 07:58:33+07:00,3371,26.00000,78.70000,12.80000,18.20000,2.67950,404.18491
2025-06-19 07:59:23+07:00,3372,26.00000,78.80000,14.00000,20.40000,2.80066,404.04785
2025-06-19 08:00:12+07:00,3373,26.10000,78.60000,14.00000,19.60000,2.69834,404.14645
2025-06-19 08:01:02+07:00,3374,26.10000,78.50000,13.10000,18.30000,2.74912,404.10071
2025-06-19 08:01:51+07:00,3375,26.10000,78.50000,12.70000,17.90000,2.67950,404.17719
2025-06-19 08:02:40+07:00,3376,26.10000,78.50000,13.90000,20.00000,2.66700,404.10071
2025-06-19 08:03:30+07:00,3377,26.00000,78.60000,13.60000,19.90000,2.72999,404.01047
2025-06-19 08:04:19+07:00,3378,26.00000,78.60000,13.30000,19.50000,2.66700,404.14645
2025-06-19 08:05:08+07:00,3379,26.00000,78.60000,13.50000,18.50000,2.62361,404.12354
2025-06-19 08:06:02+07:00,3380,26.00000,78.60000,13.30000,18.50000,2.68577,404.11591
2025-06-19 08:06:51+07:00,3381,26.10000,78.50000,13.60000,20.40000,2.76836,404.13879
2025-06-19 08:07:41+07:00,3382,26.00000,78.60000,13.30000,19.40000,2.78124,404.10831
2025-06-19 08:08:31+07:00,3383,26.00000,78.60000,13.80000,20.40000,2.82673,404.15411
2025-06-19 08:09:23+07:00,3384,26.00000,78.60000,13.40000,19.00000,2.74273,404.14645
2025-06-19 08:10:13+07:00,3385,26.00000,78.60000,13.70000,19.10000,2.62977,404.12354
2025-06-19 08:11:03+07:00,3386,26.20000,78.30000,14.20000,19.40000,2.74273,404.11591
2025-06-19 08:11:52+07:00,3387,26.20000,78.00000,13.20000,18.60000,2.81367,404.25482
2025-06-19 08:12:41+07:00,3388,26.20000,78.00000,13.30000,18.80000,2.70465,404.13879
2025-06-19 08:13:31+07:00,3389,26.10000,78.10000,12.80000,18.80000,2.82673,404.22363
2025-06-19 08:14:20+07:00,3390,26.10000,78.20000,12.60000,19.40000,2.82673,404.08554
2025-06-19 08:15:10+07:00,3391,26.10000,78.20000,13.50000,19.10000,2.70465,404.17719
2025-06-19 08:15:59+07:00,3392,26.10000,78.20000,13.30000,18.10000,2.71729,404.16180
2025-06-19 08:16:48+07:00,3393,26.10000,78.20000,13.90000,21.00000,2.77479,404.16180
2025-06-19 08:17:38+07:00,3394,26.10000,78.20000,13.40000,18.20000,2.80066,404.21585
2025-06-19 08:18:27+07:00,3395,26.10000,78.10000,13.20000,18.20000,2.76836,404.14645
2025-06-19 08:19:19+07:00,3396,26.10000,78.10000,13.70000,20.90000,2.63595,404.16180
2025-06-19 08:21:11+07:00,3397,26.10000,78.20000,13.60000,19.60000,2.74273,404.11591
2025-06-19 08:22:08+07:00,3398,26.00000,78.30000,13.70000,20.80000,2.65454,404.03287
2025-06-19 08:22:59+07:00,3399,26.10000,78.10000,13.00000,20.70000,2.67324,404.11591
2025-06-19 08:23:48+07:00,3400,26.10000,78.10000,13.50000,18.30000,2.73635,403.92917
2025-06-19 08:24:38+07:00,3401,26.10000,78.10000,13.90000,21.20000,2.80716,404.16180
2025-06-19 08:25:27+07:00,3402,26.10000,78.10000,13.20000,18.90000,2.53854,404.13879
2025-06-19 08:26:17+07:00,3403,26.10000,78.00000,13.70000,19.60000,2.71729,404.11591
2025-06-19 08:27:06+07:00,3404,26.10000,78.00000,13.80000,20.60000,2.71729,404.13113
2025-06-19 08:27:56+07:00,3405,26.10000,78.00000,13.40000,20.20000,2.75552,404.05536
2025-06-19 08:28:51+07:00,3406,26.10000,78.00000,13.50000,20.20000,2.61746,404.10831
2025-06-19 08:29:41+07:00,3407,26.10000,77.90000,12.90000,18.70000,2.74273,404.04785
2025-06-19 08:30:31+07:00,3408,26.10000,77.70000,13.80000,20.00000,2.70465,404.14645
2025-06-19 08:31:20+07:00,3409,26.20000,77.60000,13.50000,18.90000,2.74273,404.23141
2025-06-19 08:32:10+07:00,3410,26.20000,77.60000,13.40000,20.40000,2.74912,404.13113
2025-06-19 08:32:59+07:00,3411,26.20000,77.40000,14.40000,20.40000,2.76193,404.00299
2025-06-19 08:33:49+07:00,3412,26.20000,77.50000,13.90000,19.50000,2.74912,404.00299
2025-06-19 08:34:42+07:00,3413,26.10000,77.60000,13.40000,19.40000,2.56866,404.12354
2025-06-19 08:35:32+07:00,3414,26.20000,77.60000,13.60000,20.50000,2.71729,404.09311
2025-06-19 08:36:28+07:00,3415,26.20000,77.40000,13.90000,19.00000,2.72363,404.13113
2025-06-19 08:37:18+07:00,3416,26.10000,77.60000,14.10000,19.70000,2.49685,404.01047
2025-06-19 08:38:07+07:00,3417,26.10000,77.70000,13.80000,20.30000,2.74273,404.08554
2025-06-19 08:38:56+07:00,3418,26.20000,77.50000,13.90000,20.00000,2.72363,404.10831
2025-06-19 08:39:46+07:00,3419,26.20000,77.50000,13.80000,19.70000,2.70465,404.12354
2025-06-19 08:40:35+07:00,3420,26.20000,77.50000,14.60000,21.20000,2.59907,404.01791
2025-06-19 08:41:24+07:00,3421,26.20000,77.40000,14.50000,21.30000,2.67324,404.16180
2025-06-19 08:42:14+07:00,3422,26.20000,77.40000,14.40000,24.10000,2.68577,404.04785
2025-06-19 08:43:03+07:00,3423,26.20000,77.40000,14.60000,21.10000,2.81367,403.80624
2025-06-19 08:43:54+07:00,3424,26.30000,77.20000,14.50000,21.80000,2.71729,404.16946
2025-06-19 08:44:44+07:00,3425,26.20000,77.30000,14.10000,20.30000,2.64213,404.15411
2025-06-19 08:45:35+07:00,3426,26.20000,77.30000,14.30000,19.10000,2.73635,404.04034
2025-06-19 08:46:24+07:00,3427,26.20000,77.30000,15.10000,21.50000,2.78124,404.13879
2025-06-19 08:48:07+07:00,3428,26.30000,77.30000,14.90000,21.90000,2.83983,404.18491
2025-06-19 08:48:57+07:00,3429,26.30000,77.30000,14.50000,20.20000,2.72363,404.16180
2025-06-19 08:49:52+07:00,3430,26.30000,77.10000,14.70000,21.00000,2.77479,404.17719
2025-06-19 08:51:37+07:00,3431,26.40000,77.00000,14.70000,21.70000,2.78770,404.13879
2025-06-19 08:52:29+07:00,3432,26.40000,76.90000,15.20000,21.20000,2.79418,404.13113
2025-06-19 08:53:19+07:00,3433,26.40000,76.80000,15.80000,25.00000,2.56262,404.13879
2025-06-19 08:54:09+07:00,3434,26.40000,76.90000,15.10000,22.30000,2.62977,404.18491
2025-06-19 08:54:59+07:00,3435,26.40000,76.80000,14.80000,20.70000,2.61132,404.13113
2025-06-19 08:55:48+07:00,3436,26.40000,76.90000,14.90000,20.60000,2.77479,404.19263
2025-06-19 08:56:38+07:00,3437,26.30000,77.00000,15.20000,23.50000,2.72999,404.13113
2025-06-19 08:57:28+07:00,3438,26.40000,77.00000,16.10000,22.70000,2.81367,404.14645
2025-06-19 08:58:17+07:00,3439,26.40000,76.80000,15.50000,24.40000,2.58687,404.21585
2025-06-19 08:59:11+07:00,3440,26.40000,76.80000,16.00000,22.50000,2.76193,404.16946
2025-06-19 09:00:01+07:00,3441,26.40000,76.70000,15.70000,24.60000,2.73635,404.16180
2025-06-19 09:00:56+07:00,3442,26.50000,76.70000,15.30000,21.80000,2.78770,404.13879
2025-06-19 09:01:50+07:00,3443,26.40000,76.60000,15.40000,21.00000,2.76836,404.16946
2025-06-19 09:03:33+07:00,3444,26.40000,76.90000,14.80000,21.40000,2.83327,404.07797
2025-06-19 09:04:23+07:00,3445,26.40000,76.80000,15.20000,23.60000,2.78770,404.05536
2025-06-19 09:05:15+07:00,3446,26.40000,76.80000,15.30000,23.60000,2.75552,404.16180
2025-06-19 09:06:05+07:00,3447,26.40000,76.80000,15.70000,23.40000,2.67324,404.16946
2025-06-19 09:06:55+07:00,3448,26.40000,76.90000,15.70000,24.50000,2.69834,404.14645
2025-06-19 09:07:44+07:00,3449,26.40000,76.80000,15.50000,22.10000,2.77479,404.13113
2025-06-19 09:08:35+07:00,3450,26.40000,76.80000,15.30000,22.70000,2.84641,404.14645
2025-06-19 09:10:25+07:00,3451,26.50000,76.50000,16.50000,25.00000,2.56262,404.12354
2025-06-19 09:11:25+07:00,3452,26.50000,76.50000,15.30000,21.90000,2.70465,404.08554
2025-06-19 09:12:26+07:00,3453,26.50000,76.70000,15.70000,22.80000,2.63595,404.07797
2025-06-19 09:13:20+07:00,3454,26.50000,76.60000,16.00000,22.80000,2.80066,404.01047
2025-06-19 09:14:15+07:00,3455,26.50000,76.60000,16.00000,24.40000,2.74273,404.11591
2025-06-19 09:17:10+07:00,3456,26.50000,76.60000,15.40000,21.60000,2.71729,404.02539
2025-06-19 09:19:06+07:00,3457,26.50000,76.60000,16.20000,25.50000,2.66700,404.16180
2025-06-19 09:21:03+07:00,3458,26.50000,76.40000,15.60000,21.20000,2.00322,403.89996
2025-06-19 09:21:59+07:00,3459,26.50000,76.50000,16.20000,23.80000,2.53854,403.80624
2025-06-19 09:22:56+07:00,3460,26.50000,76.70000,15.60000,22.30000,2.40364,404.19263
2025-06-19 09:25:52+07:00,3461,26.60000,76.50000,15.50000,22.50000,2.82019,403.80624
2025-06-19 09:28:37+07:00,3462,26.70000,76.20000,15.60000,22.20000,2.76193,404.05536
2025-06-19 09:29:29+07:00,3463,26.70000,76.30000,15.80000,22.60000,2.70465,403.99557
2025-06-19 09:30:25+07:00,3464,26.70000,76.30000,16.30000,24.90000,2.62361,403.99557
2025-06-19 09:31:17+07:00,3465,26.70000,76.30000,15.00000,21.20000,2.62977,403.95856
2025-06-19 09:32:09+07:00,3466,26.70000,76.40000,15.20000,22.00000,2.62361,404.15411
2025-06-19 09:33:11+07:00,3467,26.60000,76.50000,15.50000,22.20000,2.69834,403.75656
2025-06-19 09:34:06+07:00,3468,26.70000,76.40000,15.80000,23.10000,2.76836,404.10831
2025-06-19 09:35:01+07:00,3469,26.70000,76.40000,15.30000,21.40000,2.47328,403.46948
2025-06-19 09:35:51+07:00,3470,26.60000,76.50000,15.80000,22.60000,2.13023,403.46948
2025-06-19 09:36:46+07:00,3471,26.70000,76.40000,14.60000,22.20000,2.40364,403.92917
2025-06-19 09:37:39+07:00,3472,26.70000,76.40000,15.20000,22.60000,2.70465,404.24701
2025-06-19 09:39:30+07:00,3473,26.70000,76.40000,15.20000,22.60000,2.76836,403.79910
2025-06-19 09:40:25+07:00,3474,26.70000,76.40000,15.70000,25.60000,2.53854,404.14645
2025-06-19 09:41:19+07:00,3475,26.80000,76.20000,15.10000,22.40000,2.64833,403.81339
2025-06-19 09:42:15+07:00,3476,26.80000,76.20000,14.80000,21.90000,2.15114,403.56308
2025-06-19 09:43:10+07:00,3477,26.70000,76.40000,15.40000,22.30000,2.71729,404.20035
2025-06-19 09:44:03+07:00,3478,26.80000,76.40000,15.30000,21.20000,2.46742,404.26266
2025-06-19 09:45:01+07:00,3479,26.80000,76.20000,16.20000,23.30000,2.78124,404.34961
2025-06-19 09:45:57+07:00,3480,26.80000,76.20000,15.80000,21.50000,2.58687,404.05536
2025-06-19 09:46:50+07:00,3481,26.80000,76.10000,15.60000,22.30000,2.80066,404.30991
2025-06-19 09:47:41+07:00,3482,26.80000,76.20000,15.20000,21.50000,2.56262,404.16946
2025-06-19 09:48:38+07:00,3483,26.80000,76.10000,15.70000,22.50000,2.44407,404.20810
2025-06-19 09:50:25+07:00,3484,26.80000,76.10000,16.50000,24.80000,2.62361,404.16180
2025-06-19 09:51:21+07:00,3485,26.80000,76.10000,16.40000,23.40000,2.82673,404.26266
2025-06-19 09:52:15+07:00,3486,26.80000,76.10000,15.80000,24.00000,2.71096,404.18491
2025-06-19 09:53:10+07:00,3487,26.90000,76.10000,15.70000,23.30000,2.67324,404.08554
2025-06-19 09:54:00+07:00,3488,26.90000,76.10000,15.70000,22.60000,2.76193,404.18491
2025-06-19 09:54:54+07:00,3489,26.90000,76.20000,15.80000,23.80000,2.80716,404.13113
2025-06-19 09:55:44+07:00,3490,26.80000,76.20000,15.70000,20.60000,2.78124,404.21585
2025-06-19 09:56:36+07:00,3491,26.90000,76.40000,15.80000,22.70000,2.87281,404.22363
2025-06-19 09:57:29+07:00,3492,26.80000,76.30000,15.50000,23.00000,2.73635,404.26266
2025-06-19 09:58:21+07:00,3493,26.90000,76.30000,15.70000,23.50000,2.84641,404.21585
2025-06-19 09:59:11+07:00,3494,26.80000,76.30000,15.90000,22.90000,2.83983,404.19263
2025-06-19 10:00:05+07:00,3495,26.80000,76.40000,15.30000,22.50000,2.82019,404.12354
2025-06-19 10:01:00+07:00,3496,26.80000,76.40000,16.00000,23.00000,2.51465,404.20810
2025-06-19 10:01:56+07:00,3497,26.90000,76.40000,16.10000,22.80000,2.87945,404.25482
2025-06-19 10:04:53+07:00,3498,26.90000,76.40000,16.20000,22.80000,2.83983,404.24701
2025-06-19 10:09:37+07:00,3499,26.90000,76.50000,15.50000,21.10000,2.66700,404.16180
2025-06-19 10:10:32+07:00,3500,26.90000,76.60000,15.90000,22.90000,2.77479,404.19263
2025-06-19 10:11:23+07:00,3501,26.90000,76.60000,15.90000,25.00000,2.76193,404.13879
2025-06-19 10:12:18+07:00,3502,26.90000,76.40000,15.80000,22.50000,2.75552,404.05536
2025-06-19 10:14:11+07:00,3503,26.90000,76.50000,15.80000,24.70000,2.49094,403.32645
2025-06-19 10:15:08+07:00,3504,26.90000,76.40000,16.40000,22.50000,2.78770,404.23141
2025-06-19 10:16:01+07:00,3505,27.00000,76.50000,17.10000,23.30000,2.74273,404.22363
2025-06-19 10:17:01+07:00,3506,26.90000,76.50000,15.90000,22.80000,2.69834,403.84207
2025-06-19 10:17:55+07:00,3507,27.00000,76.30000,16.50000,22.80000,2.29661,404.17719
2025-06-19 10:18:52+07:00,3508,27.00000,76.50000,17.10000,23.70000,2.64833,403.94385
2025-06-19 10:19:48+07:00,3509,27.00000,76.10000,16.70000,23.80000,2.61132,403.74246
2025-06-19 10:20:39+07:00,3510,27.00000,76.40000,16.20000,25.60000,2.45572,404.20035
2025-06-19 10:21:33+07:00,3511,27.00000,76.30000,16.20000,22.10000,2.81367,404.13879
2025-06-19 10:22:30+07:00,3512,26.90000,76.30000,17.00000,24.30000,2.81367,404.27838
2025-06-19 10:23:25+07:00,3513,26.90000,76.40000,17.60000,23.40000,2.81367,404.33368
2025-06-19 10:24:17+07:00,3514,26.90000,76.40000,16.60000,23.00000,2.82019,404.20810
2025-06-19 10:25:14+07:00,3515,26.90000,76.50000,16.70000,22.60000,2.83983,404.29410
2025-06-19 10:26:09+07:00,3516,26.90000,76.40000,18.10000,25.30000,2.74912,404.27051
2025-06-19 10:27:02+07:00,3517,27.00000,76.10000,18.50000,25.80000,2.83983,404.20810
2025-06-19 10:27:58+07:00,3518,27.00000,76.00000,17.50000,24.50000,2.74912,404.18491
2025-06-19 10:28:54+07:00,3519,27.00000,76.00000,16.40000,23.90000,2.78770,404.18491
2025-06-19 10:29:53+07:00,3520,27.00000,75.20000,16.70000,23.50000,2.73635,404.03287
2025-06-19 10:30:45+07:00,3521,27.10000,75.50000,15.70000,23.70000,2.80066,403.82053
2025-06-19 10:31:41+07:00,3522,27.10000,74.70000,16.10000,21.60000,2.69834,403.59702
2025-06-19 10:32:35+07:00,3523,27.10000,75.40000,16.20000,24.10000,2.71096,403.92917
2025-06-19 10:33:33+07:00,3524,27.10000,75.60000,15.20000,23.80000,2.72363,403.39084
2025-06-19 10:34:30+07:00,3525,27.10000,74.90000,15.90000,23.30000,2.59297,403.33926
2025-06-19 10:35:24+07:00,3526,27.10000,74.80000,14.90000,20.50000,2.72363,404.01791
2025-06-19 10:36:23+07:00,3527,27.10000,74.70000,15.00000,21.00000,2.66700,404.01047
2025-06-19 10:37:17+07:00,3528,27.10000,74.20000,15.40000,21.50000,2.73635,403.63123
2025-06-19 10:38:18+07:00,3529,27.10000,74.30000,14.60000,20.60000,2.64213,403.98816
2025-06-19 10:39:19+07:00,3530,27.10000,73.80000,15.40000,23.10000,2.71729,403.89267
2025-06-19 10:40:17+07:00,3531,27.10000,74.80000,15.40000,22.80000,2.50871,403.84927
2025-06-19 10:43:08+07:00,3532,27.10000,74.90000,15.70000,21.70000,2.57472,403.84927
2025-06-19 10:44:00+07:00,3533,27.10000,75.30000,15.20000,25.00000,2.65454,403.91455
2025-06-19 10:45:00+07:00,3534,27.10000,75.00000,14.50000,21.20000,2.66076,403.89996
2025-06-19 10:45:57+07:00,3535,27.10000,74.80000,15.50000,21.20000,2.43826,404.01791
2025-06-19 10:47:54+07:00,3536,27.10000,75.00000,14.50000,19.90000,2.58687,404.15411
2025-06-19 10:49:45+07:00,3537,27.10000,74.40000,14.20000,20.70000,2.67950,403.98816
2025-06-19 10:50:38+07:00,3538,27.10000,73.70000,14.80000,19.80000,2.65454,403.98816
2025-06-19 10:51:29+07:00,3539,27.10000,73.70000,14.10000,20.40000,2.71729,403.92184
2025-06-19 10:52:21+07:00,3540,27.10000,73.50000,14.70000,21.10000,2.75552,403.89267
2025-06-19 10:53:19+07:00,3541,27.10000,74.30000,14.10000,20.10000,2.56262,403.88541
2025-06-19 10:54:14+07:00,3542,27.10000,74.00000,14.50000,19.60000,2.59907,403.89267
2025-06-19 10:55:08+07:00,3543,27.10000,74.00000,15.40000,20.60000,2.59907,403.91455
2025-06-19 10:56:02+07:00,3544,27.00000,74.40000,14.80000,20.30000,2.64833,403.86368
2025-06-19 10:56:57+07:00,3545,27.00000,74.70000,15.40000,20.60000,2.63595,403.92917
2025-06-19 10:57:48+07:00,3546,27.00000,75.30000,14.80000,22.80000,2.67324,404.01047
2025-06-19 10:58:42+07:00,3547,27.10000,75.40000,14.90000,22.10000,2.64833,403.92917
2025-06-19 10:59:36+07:00,3548,27.10000,75.20000,14.40000,21.70000,2.67324,404.15411
2025-06-19 11:00:31+07:00,3549,27.10000,75.10000,14.80000,20.20000,2.67324,404.11591
2025-06-19 11:02:26+07:00,3550,27.10000,75.20000,14.30000,21.30000,2.72999,404.16946
2025-06-19 11:03:20+07:00,3551,27.10000,75.00000,14.80000,20.40000,2.67324,404.07043
2025-06-19 11:05:13+07:00,3552,27.20000,74.60000,14.20000,19.10000,2.66076,404.01791
2025-06-19 11:07:02+07:00,3553,27.10000,74.90000,14.20000,21.30000,2.59907,403.92917
2025-06-19 11:07:59+07:00,3554,27.10000,74.50000,13.50000,19.10000,2.45572,403.95120
2025-06-19 11:08:52+07:00,3555,27.10000,74.60000,14.40000,21.70000,2.63595,403.88541
2025-06-19 11:09:46+07:00,3556,27.10000,74.60000,14.20000,20.00000,2.61132,403.91455
2025-06-19 11:10:39+07:00,3557,27.10000,74.80000,14.40000,20.30000,2.66076,403.98816
2025-06-19 11:11:30+07:00,3558,27.10000,74.70000,14.40000,21.10000,2.58687,403.96594
2025-06-19 11:12:30+07:00,3559,27.10000,75.00000,13.70000,19.30000,2.52658,404.06290
2025-06-19 11:13:22+07:00,3560,27.10000,75.00000,13.50000,19.10000,2.53854,403.98816
2025-06-19 11:14:20+07:00,3561,27.10000,75.00000,14.40000,21.20000,2.64213,404.01047
2025-06-19 11:17:12+07:00,3562,27.10000,75.20000,14.60000,20.10000,2.58687,403.92917
2025-06-19 11:36:40+07:00,3563,27.20000,74.70000,13.60000,17.70000,2.23101,403.59021
2025-06-19 11:40:22+07:00,3564,27.30000,74.10000,13.00000,17.80000,2.50871,404.01047
2025-06-19 11:41:19+07:00,3565,27.30000,74.20000,13.10000,20.90000,2.62361,404.01047
2025-06-19 11:42:12+07:00,3566,27.30000,74.40000,12.70000,21.20000,2.36375,403.85648
2025-06-19 11:43:01+07:00,3567,27.30000,74.20000,13.00000,17.50000,2.47328,403.59702
2025-06-19 11:43:51+07:00,3568,27.20000,74.30000,13.60000,18.00000,2.40364,403.92917
2025-06-19 11:44:40+07:00,3569,27.30000,74.10000,12.70000,16.30000,2.49685,403.63809
2025-06-19 11:45:30+07:00,3570,27.30000,74.60000,12.30000,17.60000,2.43246,403.92917
2025-06-19 11:46:20+07:00,3571,27.30000,74.40000,13.40000,20.20000,2.40364,403.71439
2025-06-19 11:47:10+07:00,3572,27.30000,74.40000,12.70000,18.40000,1.96877,403.69345
2025-06-19 11:47:59+07:00,3573,27.30000,74.10000,13.20000,18.40000,2.55056,403.67261
2025-06-19 11:48:49+07:00,3574,27.30000,73.80000,12.50000,17.90000,2.43826,403.63123
2025-06-19 11:49:38+07:00,3575,27.30000,74.20000,13.80000,19.90000,2.37509,403.54959
2025-06-19 11:50:27+07:00,3576,27.30000,73.90000,13.00000,20.70000,2.52061,403.93649
2025-06-19 11:51:17+07:00,3577,27.30000,73.90000,12.50000,17.60000,2.19344,403.87817
2025-06-19 11:52:06+07:00,3578,27.30000,73.80000,12.50000,18.00000,2.41513,403.89996
2025-06-19 11:52:55+07:00,3579,27.30000,74.10000,12.80000,18.50000,2.13544,403.74948
2025-06-19 11:53:45+07:00,3580,27.40000,74.00000,13.00000,18.70000,2.31325,403.64499
2025-06-19 11:54:34+07:00,3581,27.40000,74.50000,12.60000,18.60000,2.10433,403.86368
2025-06-19 11:55:24+07:00,3582,27.40000,74.60000,12.10000,16.50000,2.32439,403.06677
2025-06-19 11:56:13+07:00,3583,27.40000,74.50000,12.50000,19.40000,2.25815,403.79910
2025-06-19 11:57:02+07:00,3584,27.40000,74.20000,12.60000,18.40000,2.35809,403.73541
2025-06-19 11:57:55+07:00,3585,27.40000,74.20000,11.90000,17.10000,2.06849,403.92184
2025-06-19 11:58:44+07:00,3586,27.40000,74.30000,12.50000,16.40000,2.30769,403.76361
2025-06-19 11:59:34+07:00,3587,27.40000,74.30000,12.20000,17.20000,2.16692,403.81339
2025-06-19 12:00:26+07:00,3588,27.40000,74.00000,12.90000,18.40000,2.33558,403.62436
2025-06-19 12:01:16+07:00,3589,27.40000,74.10000,12.30000,17.40000,2.17221,403.96594
2025-06-19 12:02:06+07:00,3590,27.40000,74.20000,11.80000,17.50000,1.97366,403.61066
2025-06-19 12:02:56+07:00,3591,27.40000,73.70000,11.80000,17.70000,2.28557,403.51602
2025-06-19 12:03:46+07:00,3592,27.40000,73.90000,12.40000,18.20000,2.01315,403.29462
2025-06-19 12:04:38+07:00,3593,27.40000,73.80000,12.40000,19.30000,2.09918,403.78488
2025-06-19 12:05:28+07:00,3594,27.40000,73.80000,12.20000,17.10000,2.55056,404.14645
2025-06-19 12:06:17+07:00,3595,27.40000,73.70000,13.20000,19.60000,2.19344,403.77069
2025-06-19 12:07:08+07:00,3596,27.50000,74.00000,12.60000,16.90000,2.38648,404.04785
2025-06-19 12:07:59+07:00,3597,27.50000,73.50000,12.10000,16.30000,2.51465,403.99557
2025-06-19 12:08:48+07:00,3598,27.50000,73.70000,12.70000,17.70000,2.61132,403.00745
2025-06-19 12:09:38+07:00,3599,27.50000,73.80000,12.20000,17.00000,2.58079,404.26266
2025-06-19 12:10:28+07:00,3600,27.50000,73.80000,12.50000,17.20000,2.54454,404.23141
2025-06-19 12:11:17+07:00,3601,27.50000,73.90000,12.90000,16.50000,2.62361,404.18491
2025-06-19 12:12:09+07:00,3602,27.50000,74.10000,11.70000,17.30000,2.62361,404.15411
2025-06-19 12:12:59+07:00,3603,27.50000,73.90000,12.40000,16.70000,2.62977,404.05536
2025-06-19 12:13:48+07:00,3604,27.50000,74.00000,12.30000,17.60000,2.42090,404.30200
2025-06-19 12:14:41+07:00,3605,27.50000,74.00000,12.50000,17.10000,2.58079,404.20035
2025-06-19 12:15:31+07:00,3606,27.50000,74.10000,12.90000,17.80000,2.49094,404.21585
2025-06-19 12:16:20+07:00,3607,27.50000,73.90000,12.10000,17.80000,2.36941,404.17719
2025-06-19 12:17:10+07:00,3608,27.50000,74.10000,11.90000,14.90000,2.51465,403.98816
2025-06-19 12:18:04+07:00,3609,27.50000,74.10000,11.50000,15.20000,2.19344,403.98074
2025-06-19 12:19:53+07:00,3610,27.50000,74.10000,12.10000,16.40000,2.48504,403.98816
2025-06-19 12:20:44+07:00,3611,27.50000,74.00000,12.00000,18.20000,2.40364,403.77069
2025-06-19 12:21:34+07:00,3612,27.50000,74.00000,12.00000,16.60000,2.49094,404.26266
2025-06-19 12:22:26+07:00,3613,27.50000,73.80000,12.00000,17.30000,2.52061,404.18491
2025-06-19 12:23:16+07:00,3614,27.50000,73.90000,11.50000,16.10000,2.56866,404.01791
2025-06-19 12:24:05+07:00,3615,27.50000,73.90000,11.80000,15.20000,2.52061,404.20035
2025-06-19 12:24:54+07:00,3616,27.60000,73.80000,11.90000,17.60000,2.56866,403.46286
2025-06-19 12:25:44+07:00,3617,27.60000,73.50000,12.20000,16.10000,2.56866,404.20810
2025-06-19 12:26:34+07:00,3618,27.60000,73.70000,11.90000,17.50000,2.52658,404.17719
2025-06-19 12:27:24+07:00,3619,27.50000,73.50000,12.60000,17.70000,2.36941,404.16180
2025-06-19 12:28:14+07:00,3620,27.60000,73.60000,12.00000,18.40000,2.56866,404.16946
2025-06-19 12:29:04+07:00,3621,27.60000,73.40000,12.30000,17.20000,2.58079,404.01791
2025-06-19 12:29:54+07:00,3622,27.60000,73.60000,12.40000,16.80000,2.50278,404.10071
2025-06-19 12:30:43+07:00,3623,27.60000,73.70000,12.20000,15.90000,2.28006,404.13113
2025-06-19 12:31:45+07:00,3624,27.60000,73.70000,12.30000,17.70000,2.28557,404.16180
2025-06-19 12:32:39+07:00,3625,27.60000,73.40000,11.50000,15.40000,2.34119,404.01047
2025-06-19 12:33:35+07:00,3626,27.60000,73.40000,11.90000,16.40000,2.33558,403.86368
2025-06-19 12:34:25+07:00,3627,27.60000,73.30000,12.40000,16.70000,2.58687,404.05536
2025-06-19 12:35:18+07:00,3628,27.60000,73.30000,12.10000,16.10000,2.58079,404.12354
2025-06-19 12:36:15+07:00,3629,27.60000,73.60000,12.80000,19.10000,2.25815,403.65186
2025-06-19 12:37:04+07:00,3630,27.60000,73.70000,12.00000,17.10000,2.55056,404.16180
2025-06-19 12:37:56+07:00,3631,27.60000,73.80000,12.60000,17.90000,2.59907,404.13113
2025-06-19 12:39:43+07:00,3632,27.60000,73.50000,12.90000,20.00000,2.50871,404.01047
2025-06-19 12:40:32+07:00,3633,27.60000,73.90000,12.40000,17.20000,2.52658,403.73541
2025-06-19 12:41:22+07:00,3634,27.60000,73.90000,12.60000,17.70000,2.48504,404.00299
2025-06-19 12:42:11+07:00,3635,27.60000,73.90000,12.20000,17.50000,2.34119,404.15411
2025-06-19 12:43:01+07:00,3636,27.60000,73.70000,11.70000,15.50000,2.40364,404.12354
2025-06-19 12:43:51+07:00,3637,27.60000,73.70000,12.60000,16.70000,2.47328,404.02539
2025-06-19 12:44:40+07:00,3638,27.60000,73.70000,12.90000,17.70000,2.25270,404.01791
2025-06-19 12:45:30+07:00,3639,27.60000,73.70000,11.90000,16.20000,2.55658,404.20035
2025-06-19 12:46:24+07:00,3640,27.60000,73.70000,12.50000,17.50000,2.54454,404.15411
2025-06-19 12:47:13+07:00,3641,27.60000,73.90000,12.40000,17.90000,2.52061,404.18491
2025-06-19 12:48:03+07:00,3642,27.60000,73.80000,12.10000,17.00000,2.52061,403.92184
2025-06-19 12:48:52+07:00,3643,27.60000,73.60000,11.70000,15.80000,2.56262,403.86368
2025-06-19 12:49:42+07:00,3644,27.60000,73.80000,11.80000,14.40000,2.42667,404.13113
2025-06-19 12:51:32+07:00,3645,27.60000,73.90000,12.00000,16.60000,2.56866,404.11591
2025-06-19 12:52:24+07:00,3646,27.60000,73.90000,12.40000,17.10000,2.51465,404.19263
2025-06-19 12:53:17+07:00,3647,27.60000,73.90000,12.10000,17.10000,2.52061,404.20035
2025-06-19 12:54:07+07:00,3648,27.60000,73.60000,11.60000,14.10000,2.61132,404.20035
2025-06-19 12:54:56+07:00,3649,27.60000,73.70000,12.10000,16.90000,2.56866,404.19263
2025-06-19 12:55:46+07:00,3650,27.60000,73.90000,11.80000,16.50000,2.55056,404.13879
2025-06-19 12:56:38+07:00,3651,27.60000,73.90000,12.80000,17.10000,2.52658,404.22363
2025-06-19 12:57:32+07:00,3652,27.60000,74.00000,11.70000,16.50000,2.55056,404.05536
2025-06-19 12:58:26+07:00,3653,27.60000,74.10000,12.00000,16.40000,2.49094,404.04034
2025-06-19 12:59:23+07:00,3654,27.60000,73.90000,11.80000,14.80000,2.51465,403.77777
2025-06-19 13:00:18+07:00,3655,27.60000,73.90000,12.10000,16.70000,2.56262,404.27051
2025-06-19 13:01:14+07:00,3656,27.60000,73.90000,11.60000,14.70000,2.24184,404.18491
2025-06-19 13:02:10+07:00,3657,27.60000,74.00000,12.50000,17.60000,2.57472,404.19263
2025-06-19 13:03:05+07:00,3658,27.60000,74.00000,12.20000,16.70000,2.64833,404.27051
2025-06-19 13:04:03+07:00,3659,27.60000,73.90000,12.10000,16.00000,2.58079,404.30200
2025-06-19 13:04:57+07:00,3660,27.60000,74.00000,12.60000,18.50000,2.59297,404.21585
2025-06-19 13:09:48+07:00,3661,27.60000,74.00000,12.30000,17.30000,2.52061,404.16180
2025-06-19 13:10:48+07:00,3662,27.60000,73.80000,12.30000,18.40000,2.42667,404.13879
2025-06-19 13:11:50+07:00,3663,27.50000,74.10000,11.70000,15.20000,2.57472,404.15411
2025-06-19 13:12:48+07:00,3664,27.60000,74.10000,11.70000,15.30000,2.47328,404.16180
2025-06-19 13:14:47+07:00,3665,27.60000,74.20000,12.00000,15.80000,2.67950,404.20035
2025-06-19 13:15:37+07:00,3666,27.50000,74.20000,12.80000,17.60000,2.55658,404.19263
2025-06-19 13:16:27+07:00,3667,27.60000,73.90000,12.00000,15.70000,2.60519,404.19263
2025-06-19 13:17:18+07:00,3668,27.60000,74.20000,11.60000,14.60000,2.58687,403.55634
2025-06-19 13:20:00+07:00,3669,27.60000,74.20000,12.70000,16.10000,2.55056,404.24701
2025-06-19 13:20:49+07:00,3670,27.60000,74.40000,11.90000,15.80000,2.59297,404.16946
2025-06-19 13:21:41+07:00,3671,27.50000,74.10000,12.30000,18.00000,2.62977,404.06290
2025-06-19 13:22:32+07:00,3672,27.50000,74.30000,12.10000,16.70000,2.14066,404.16946
2025-06-19 13:23:25+07:00,3673,27.50000,74.40000,12.30000,15.90000,2.39219,404.04785
2025-06-19 13:25:10+07:00,3674,27.50000,74.30000,12.30000,16.10000,2.61132,404.23920
2025-06-19 13:26:03+07:00,3675,27.50000,74.20000,11.60000,15.40000,2.51465,404.19263
2025-06-19 13:26:52+07:00,3676,27.50000,74.70000,12.40000,17.90000,2.55056,404.23920
2025-06-19 13:27:43+07:00,3677,27.50000,74.60000,12.30000,17.00000,2.56262,404.20810
2025-06-19 13:28:37+07:00,3678,27.50000,74.50000,11.70000,16.60000,2.52061,404.04785
2025-06-19 13:29:32+07:00,3679,27.50000,74.00000,12.30000,16.80000,2.30214,404.20810
2025-06-19 13:30:30+07:00,3680,27.50000,74.00000,12.00000,18.00000,2.36375,404.27051
2025-06-19 13:31:22+07:00,3681,27.50000,74.60000,12.20000,17.20000,2.65454,404.24701
2025-06-19 13:32:12+07:00,3682,27.50000,74.60000,12.60000,20.00000,2.58079,404.19263
2025-06-19 13:33:03+07:00,3683,27.50000,74.40000,12.60000,20.90000,2.44989,404.27838
2025-06-19 13:33:59+07:00,3684,27.60000,74.30000,12.80000,16.70000,2.63595,404.28622
2025-06-19 13:34:54+07:00,3685,27.60000,74.30000,12.50000,16.90000,2.20948,404.17719
2025-06-19 13:36:41+07:00,3686,27.70000,74.20000,11.80000,14.80000,2.27457,404.27051
2025-06-19 13:37:31+07:00,3687,27.60000,74.40000,12.70000,16.80000,2.29108,404.25482
2025-06-19 13:38:21+07:00,3688,27.60000,74.50000,12.60000,17.30000,2.64213,404.30200
2025-06-19 13:40:05+07:00,3689,27.60000,74.30000,12.20000,17.50000,2.21485,404.33368
2025-06-19 13:40:58+07:00,3690,27.50000,74.70000,11.90000,15.80000,2.56866,404.47052
2025-06-19 13:41:50+07:00,3691,27.50000,74.80000,12.70000,17.90000,2.65454,404.43799
2025-06-19 13:42:39+07:00,3692,27.50000,74.10000,11.70000,16.80000,2.64213,404.46237
2025-06-19 13:43:29+07:00,3693,27.60000,74.50000,12.40000,16.00000,2.55056,404.47867
2025-06-19 13:44:20+07:00,3694,27.50000,74.30000,12.50000,16.20000,2.58687,404.54440
2025-06-19 13:45:15+07:00,3695,27.60000,74.60000,12.10000,16.50000,2.42667,404.47867
2025-06-19 13:46:05+07:00,3696,27.50000,74.30000,11.90000,16.90000,2.62977,404.42990
2025-06-19 13:46:54+07:00,3697,27.50000,74.20000,12.10000,17.70000,2.50871,404.41376
2025-06-19 13:47:45+07:00,3698,27.50000,74.40000,12.50000,17.90000,2.52658,404.44611
2025-06-19 13:48:37+07:00,3699,27.50000,74.30000,12.30000,16.20000,2.58079,404.27838
2025-06-19 13:49:29+07:00,3700,27.50000,74.30000,12.10000,16.30000,2.56866,404.51965
2025-06-19 13:50:19+07:00,3701,27.50000,74.40000,13.00000,19.30000,2.64833,404.47052
2025-06-19 13:51:08+07:00,3702,27.50000,74.40000,12.70000,18.20000,2.49094,404.46237
2025-06-19 13:51:58+07:00,3703,27.50000,74.40000,11.80000,15.20000,2.64833,404.46237
2025-06-19 13:52:52+07:00,3704,27.50000,74.30000,12.20000,16.40000,2.52061,404.45422
2025-06-19 13:53:42+07:00,3705,27.50000,74.30000,12.40000,15.50000,2.70465,404.43799
2025-06-19 13:54:31+07:00,3706,27.50000,74.30000,12.20000,15.90000,2.55056,404.46237
2025-06-19 13:55:25+07:00,3707,27.50000,73.90000,12.40000,16.20000,2.53255,404.49503
2025-06-19 13:56:17+07:00,3708,27.50000,74.30000,12.00000,15.50000,2.54454,404.50323
2025-06-19 13:57:06+07:00,3709,27.50000,73.80000,11.40000,15.20000,2.69834,404.42990
2025-06-19 13:59:58+07:00,3710,27.50000,73.60000,12.30000,17.40000,2.63595,404.40570
2025-06-19 14:01:47+07:00,3711,27.50000,74.10000,12.40000,16.40000,2.55658,404.36557
2025-06-19 14:02:38+07:00,3712,27.50000,74.00000,12.00000,16.30000,2.53854,404.36557
2025-06-19 14:03:28+07:00,3713,27.50000,74.20000,12.10000,16.00000,2.56262,404.28622
2025-06-19 14:04:26+07:00,3714,27.50000,74.00000,12.20000,17.70000,2.61132,404.27838
2025-06-19 14:05:17+07:00,3715,27.50000,74.10000,11.80000,16.50000,2.68577,404.23920
2025-06-19 14:06:09+07:00,3716,27.50000,73.80000,11.20000,15.20000,2.65454,404.22363
2025-06-19 14:06:59+07:00,3717,27.50000,73.70000,12.70000,17.60000,2.56262,404.22363
2025-06-19 14:07:49+07:00,3718,27.50000,73.60000,10.90000,14.00000,2.64213,404.23141
2025-06-19 14:08:41+07:00,3719,27.50000,73.70000,11.00000,14.00000,2.62977,404.14645
2025-06-19 14:09:31+07:00,3720,27.50000,73.90000,12.10000,16.50000,2.48504,404.00299
2025-06-19 14:10:24+07:00,3721,27.40000,73.60000,12.70000,18.20000,2.62361,404.26266
2025-06-19 14:11:18+07:00,3722,27.40000,73.20000,11.90000,17.10000,2.56262,404.08554
2025-06-19 14:12:07+07:00,3723,27.40000,73.20000,11.70000,16.80000,2.62977,404.16180
2025-06-19 14:13:00+07:00,3724,27.40000,73.40000,11.50000,15.50000,2.56866,404.01791
2025-06-19 14:13:51+07:00,3725,27.40000,72.90000,11.10000,14.00000,2.48504,404.05536
2025-06-19 14:14:44+07:00,3726,27.40000,72.90000,11.30000,16.20000,2.61132,404.11591
2025-06-19 14:15:38+07:00,3727,27.40000,72.70000,11.20000,14.90000,2.57472,404.01791
2025-06-19 14:17:32+07:00,3728,27.40000,72.80000,11.00000,16.20000,2.44989,402.97229
2025-06-19 14:18:22+07:00,3729,27.40000,72.50000,11.00000,16.20000,2.30214,404.01791
2025-06-19 14:19:18+07:00,3730,27.40000,72.50000,11.50000,16.00000,1.86356,403.77069
2025-06-19 14:20:08+07:00,3731,27.50000,72.30000,11.20000,16.00000,2.55056,404.16946
2025-06-19 14:21:00+07:00,3732,27.50000,72.20000,11.40000,14.80000,2.56262,404.13879
2025-06-19 14:22:46+07:00,3733,27.60000,72.60000,10.70000,15.10000,2.27457,402.55521
2025-06-19 14:23:40+07:00,3734,27.50000,71.30000,10.10000,15.50000,2.09404,403.49603
2025-06-19 14:24:31+07:00,3735,27.50000,70.40000,10.70000,13.90000,2.02813,404.23141
2025-06-19 14:25:29+07:00,3736,27.50000,70.20000,9.60000,14.70000,2.50278,404.23920
2025-06-19 14:26:19+07:00,3737,27.60000,70.40000,9.70000,13.60000,2.64833,404.25482
2025-06-19 14:27:08+07:00,3738,27.50000,69.30000,9.80000,16.90000,2.45572,403.82053
2025-06-19 14:28:03+07:00,3739,27.50000,69.20000,9.30000,14.00000,2.39219,403.41037
2025-06-19 14:28:55+07:00,3740,27.50000,69.50000,9.40000,13.00000,2.30214,403.99557
2025-06-19 14:29:47+07:00,3741,27.50000,69.10000,9.70000,13.90000,2.46156,403.38437
2025-06-19 14:30:40+07:00,3742,27.50000,69.40000,9.80000,13.90000,2.38648,404.09311
2025-06-19 14:31:36+07:00,3743,27.50000,69.10000,9.20000,13.10000,2.43246,403.96594
2025-06-19 14:32:30+07:00,3744,27.50000,68.80000,9.60000,20.50000,2.54454,403.70740
2025-06-19 14:33:23+07:00,3745,27.60000,69.00000,9.30000,13.50000,2.25815,404.01791
2025-06-19 14:34:17+07:00,3746,27.60000,68.70000,9.00000,13.00000,2.48504,404.17719
2025-06-19 14:35:11+07:00,3747,27.60000,69.10000,8.70000,12.90000,2.45572,403.56308
2025-06-19 14:36:04+07:00,3748,27.50000,68.80000,9.00000,13.60000,2.30214,403.65186
2025-06-19 14:36:54+07:00,3749,27.50000,68.20000,9.00000,13.90000,2.10949,403.57663
2025-06-19 14:37:44+07:00,3750,27.50000,68.20000,9.40000,14.90000,2.52061,404.18491
2025-06-19 14:38:39+07:00,3751,27.50000,68.50000,9.30000,13.60000,2.46742,404.17719
2025-06-19 14:39:35+07:00,3752,27.50000,68.20000,9.60000,13.80000,2.42090,403.91455
2025-06-19 14:40:25+07:00,3753,27.50000,68.40000,9.60000,14.90000,2.45572,404.16180
2025-06-19 14:41:16+07:00,3754,27.50000,68.60000,8.90000,11.40000,2.45572,403.87091
2025-06-19 14:42:06+07:00,3755,27.50000,68.00000,9.30000,13.00000,2.44407,404.01791
2025-06-19 14:42:59+07:00,3756,27.50000,68.10000,9.20000,13.80000,2.47328,403.99557
2025-06-19 14:43:49+07:00,3757,27.50000,68.00000,9.70000,13.80000,2.44989,403.91455
2025-06-19 14:44:44+07:00,3758,27.50000,68.50000,9.80000,16.10000,2.50278,404.01791
2025-06-19 14:45:36+07:00,3759,27.60000,67.90000,10.60000,14.00000,2.42090,403.89996
2025-06-19 14:46:32+07:00,3760,27.60000,68.20000,10.30000,16.40000,2.45572,404.00299
2025-06-19 14:47:22+07:00,3761,27.60000,68.10000,9.70000,14.10000,2.47328,403.91455
2025-06-19 14:48:14+07:00,3762,27.50000,68.60000,10.30000,14.10000,2.47916,403.90726
2025-06-19 14:49:04+07:00,3763,27.50000,69.00000,9.90000,14.20000,2.44989,404.00299
2025-06-19 14:49:55+07:00,3764,27.60000,69.00000,10.60000,14.10000,2.46742,403.98816
2025-06-19 14:50:46+07:00,3765,27.60000,70.70000,10.50000,14.60000,2.43826,403.84927
2025-06-19 14:51:38+07:00,3766,27.60000,68.50000,11.20000,17.60000,2.43826,403.76361
2025-06-19 14:52:27+07:00,3767,27.50000,69.70000,11.90000,17.20000,2.39219,404.01791
2025-06-19 14:53:19+07:00,3768,27.50000,70.60000,11.30000,14.30000,2.44407,404.13879
2025-06-19 14:54:13+07:00,3769,27.40000,69.80000,11.10000,15.30000,2.39791,403.98074
2025-06-19 14:55:04+07:00,3770,27.40000,70.60000,11.70000,16.60000,2.38078,404.01791
2025-06-19 14:55:54+07:00,3771,27.40000,70.90000,11.30000,15.10000,2.44989,404.11591
2025-06-19 14:56:44+07:00,3772,27.40000,70.90000,10.90000,15.80000,2.44407,404.13113
2025-06-19 14:57:33+07:00,3773,27.50000,71.00000,11.30000,16.40000,2.38648,403.95120
2025-06-19 14:58:23+07:00,3774,27.50000,70.20000,10.80000,15.70000,2.30769,403.92917
2025-06-19 14:59:12+07:00,3775,27.50000,70.10000,10.90000,16.10000,2.46156,403.91455
2025-06-19 15:00:05+07:00,3776,27.50000,69.90000,11.30000,17.00000,2.42667,403.92917
2025-06-19 15:01:00+07:00,3777,27.50000,70.90000,11.50000,14.90000,2.44989,404.00299
2025-06-19 15:01:49+07:00,3778,27.50000,71.40000,10.20000,13.70000,2.45572,403.84207
2025-06-19 15:02:42+07:00,3779,27.50000,70.70000,10.10000,16.00000,2.42667,403.89996
2025-06-19 15:03:39+07:00,3780,27.50000,69.90000,10.90000,14.80000,2.39791,403.98816
2025-06-19 15:04:29+07:00,3781,27.50000,69.10000,10.90000,17.40000,2.43826,403.84927
2025-06-19 15:05:19+07:00,3782,27.40000,69.40000,11.00000,16.50000,2.40938,403.88541
2025-06-19 15:06:09+07:00,3783,27.50000,69.90000,11.60000,14.80000,2.42090,403.92184
2025-06-19 15:06:58+07:00,3784,27.50000,69.40000,11.10000,14.90000,2.38648,403.89267
2025-06-19 15:07:48+07:00,3785,27.50000,69.00000,10.70000,15.80000,2.40938,403.83487
2025-06-19 15:08:37+07:00,3786,27.50000,68.90000,11.60000,16.30000,2.41513,403.86368
2025-06-19 15:09:31+07:00,3787,27.50000,69.30000,11.10000,16.10000,2.43246,403.81339
2025-06-19 15:10:28+07:00,3788,27.50000,69.20000,10.10000,14.60000,2.43826,403.43655
2025-06-19 15:11:22+07:00,3789,27.50000,70.40000,11.20000,14.90000,2.43246,403.92184
2025-06-19 15:12:13+07:00,3790,27.40000,70.30000,10.60000,14.20000,2.42667,403.88541
2025-06-19 15:13:06+07:00,3791,27.40000,69.70000,11.00000,15.60000,2.49685,403.91455
2025-06-19 15:14:00+07:00,3792,27.40000,69.80000,11.30000,16.00000,2.36941,403.92184
2025-06-19 15:14:50+07:00,3793,27.50000,69.50000,11.10000,17.40000,2.35245,403.84927
2025-06-19 15:15:44+07:00,3794,27.40000,69.50000,11.20000,16.40000,2.41513,403.83487
2025-06-19 15:16:38+07:00,3795,27.40000,69.70000,11.50000,14.30000,2.25815,403.74948
2025-06-19 15:17:39+07:00,3796,27.40000,69.40000,11.80000,16.90000,2.29661,403.88541
2025-06-19 15:18:29+07:00,3797,27.40000,69.60000,11.20000,15.00000,2.22022,403.74948
2025-06-19 15:19:22+07:00,3798,27.40000,69.80000,11.40000,17.90000,2.42090,403.89267
2025-06-19 15:20:12+07:00,3799,27.40000,69.70000,10.40000,14.30000,2.37509,403.86368
2025-06-19 15:21:03+07:00,3800,27.40000,69.80000,11.50000,15.40000,2.42090,403.84207
2025-06-19 15:22:04+07:00,3801,27.40000,69.70000,11.40000,16.30000,2.36375,403.88541
2025-06-19 15:23:02+07:00,3802,27.40000,69.70000,11.30000,15.80000,2.39791,403.87817
2025-06-19 15:23:52+07:00,3803,27.40000,69.70000,11.90000,16.70000,2.41513,403.84207
2025-06-19 15:24:41+07:00,3804,27.40000,70.20000,11.50000,15.00000,2.36375,403.83487
2025-06-19 15:25:33+07:00,3805,27.30000,70.10000,11.60000,17.80000,2.38078,403.87091
2025-06-19 15:26:22+07:00,3806,27.30000,70.60000,11.40000,13.80000,2.38648,403.87817
2025-06-19 15:27:15+07:00,3807,27.30000,70.40000,11.80000,16.00000,2.36941,403.89267
2025-06-19 15:28:08+07:00,3808,27.30000,70.50000,11.70000,15.10000,2.28006,403.87091
2025-06-19 15:28:59+07:00,3809,27.30000,71.00000,11.50000,16.70000,2.11984,403.79910
2025-06-19 15:29:53+07:00,3810,27.40000,71.60000,11.20000,14.50000,2.34119,403.75656
2025-06-19 15:30:42+07:00,3811,27.40000,71.60000,11.80000,15.80000,2.32998,403.90726
2025-06-19 15:31:34+07:00,3812,27.40000,70.90000,12.60000,17.10000,2.40938,403.92184
2025-06-19 15:32:27+07:00,3813,27.40000,70.50000,13.00000,18.00000,2.35245,403.98074
2025-06-19 15:33:20+07:00,3814,27.40000,70.70000,11.70000,16.70000,2.30769,403.50269
2025-06-19 15:34:10+07:00,3815,27.40000,70.90000,12.60000,17.20000,2.35809,403.80624
2025-06-19 15:35:03+07:00,3816,27.40000,70.70000,13.80000,18.20000,2.38078,404.01791
2025-06-19 15:35:53+07:00,3817,27.40000,70.70000,13.00000,17.00000,2.26362,403.87091
2025-06-19 15:36:42+07:00,3818,27.40000,70.50000,13.70000,18.20000,2.34119,403.80624
2025-06-19 15:37:31+07:00,3819,27.30000,70.90000,12.70000,16.70000,2.38648,403.80624
2025-06-19 15:38:23+07:00,3820,27.30000,70.60000,12.10000,16.00000,2.25815,403.89267
2025-06-19 15:39:13+07:00,3821,27.30000,71.20000,12.30000,15.60000,2.36375,403.89267
2025-06-19 15:40:03+07:00,3822,27.30000,71.00000,12.80000,17.30000,2.36941,403.90726
2025-06-19 15:40:53+07:00,3823,27.30000,70.80000,13.60000,19.50000,2.42090,403.78488
2025-06-19 15:41:48+07:00,3824,27.30000,71.10000,12.70000,17.50000,2.34682,403.77069
2025-06-19 15:43:36+07:00,3825,27.30000,70.70000,12.10000,17.00000,2.30214,403.76361
2025-06-19 15:44:31+07:00,3826,27.30000,70.70000,12.60000,16.10000,1.86824,403.65878
2025-06-19 15:45:23+07:00,3827,27.20000,70.90000,13.00000,18.50000,2.32439,403.81339
2025-06-19 15:46:17+07:00,3828,27.20000,70.80000,12.80000,19.00000,2.28006,403.86368
2025-06-19 15:47:09+07:00,3829,27.30000,71.00000,12.50000,18.40000,2.10949,403.73541
2025-06-19 15:47:58+07:00,3830,27.20000,70.70000,12.20000,16.60000,2.19878,403.83487
2025-06-19 15:48:48+07:00,3831,27.30000,71.00000,13.20000,18.80000,2.32439,403.85648
2025-06-19 15:49:37+07:00,3832,27.30000,70.70000,13.00000,18.70000,2.30769,403.80624
2025-06-19 15:50:27+07:00,3833,27.30000,70.50000,13.00000,18.00000,2.34119,403.77777
2025-06-19 15:51:17+07:00,3834,27.30000,70.60000,13.40000,18.00000,2.32439,403.72137
2025-06-19 15:52:10+07:00,3835,27.30000,70.80000,12.70000,17.30000,2.20412,403.67953
2025-06-19 15:52:59+07:00,3836,27.30000,71.60000,13.80000,20.00000,2.26362,403.59702
2025-06-19 15:53:50+07:00,3837,27.30000,71.20000,16.70000,23.00000,2.19344,403.80624
2025-06-19 15:54:40+07:00,3838,27.40000,71.40000,17.80000,25.00000,2.35809,403.88541
2025-06-19 15:55:29+07:00,3839,27.40000,70.80000,16.80000,24.30000,2.38078,403.82053
2025-06-19 15:56:20+07:00,3840,27.40000,70.90000,16.60000,25.60000,2.17750,403.82053
2025-06-19 15:57:10+07:00,3841,27.30000,70.80000,15.10000,21.90000,2.31325,403.82770
2025-06-19 15:58:02+07:00,3842,27.30000,70.80000,14.60000,21.80000,2.35245,403.82770
2025-06-19 15:58:54+07:00,3843,27.30000,71.00000,15.30000,21.60000,2.38078,403.53613
2025-06-19 15:59:43+07:00,3844,27.30000,70.60000,14.10000,19.70000,2.31881,403.76361
2025-06-19 16:00:33+07:00,3845,27.30000,70.90000,13.60000,18.20000,2.35245,403.77069
2025-06-19 16:01:22+07:00,3846,27.40000,71.10000,13.50000,20.20000,2.19878,403.73541
2025-06-19 16:02:14+07:00,3847,27.40000,70.70000,13.70000,20.30000,2.32998,403.79910
2025-06-19 16:03:04+07:00,3848,27.30000,71.00000,15.00000,22.40000,2.27457,403.71439
2025-06-19 16:03:53+07:00,3849,27.30000,70.70000,14.20000,20.10000,2.35809,403.83487
2025-06-19 16:04:43+07:00,3850,27.40000,70.50000,14.70000,21.40000,2.31881,403.74246
2025-06-19 16:05:32+07:00,3851,27.30000,70.80000,13.70000,18.80000,2.30769,403.81339
2025-06-19 16:06:22+07:00,3852,27.30000,70.60000,13.70000,19.20000,2.29661,403.82053
2025-06-19 16:07:13+07:00,3853,27.30000,70.90000,13.30000,18.40000,2.20948,403.86368
2025-06-19 16:08:06+07:00,3854,27.30000,71.20000,13.70000,18.00000,2.35809,403.79910
2025-06-19 16:08:55+07:00,3855,27.30000,71.20000,13.80000,18.60000,2.10949,403.79199
2025-06-19 16:10:42+07:00,3856,27.20000,71.70000,13.30000,17.90000,2.29661,403.88541
2025-06-19 16:11:37+07:00,3857,27.20000,71.30000,13.40000,17.50000,1.79444,404.09311
2025-06-19 16:12:26+07:00,3858,27.20000,71.30000,12.30000,17.50000,2.29661,404.10071
2025-06-19 16:14:29+07:00,3859,27.20000,71.30000,14.70000,20.40000,2.31325,404.24701
2025-06-19 16:15:26+07:00,3860,27.20000,71.30000,15.80000,21.80000,2.40364,404.20810
2025-06-19 16:17:16+07:00,3861,27.20000,71.00000,15.50000,19.60000,2.41513,404.20035
2025-06-19 16:19:10+07:00,3862,27.30000,71.50000,14.60000,20.20000,2.44407,403.88541
2025-06-19 16:20:02+07:00,3863,27.30000,71.30000,15.40000,21.80000,2.40938,404.13879
2025-06-19 16:20:58+07:00,3864,27.30000,71.10000,14.60000,20.80000,2.27457,404.16946
2025-06-19 16:22:47+07:00,3865,27.30000,71.20000,14.50000,20.60000,2.43826,404.05536
2025-06-19 16:23:43+07:00,3866,27.30000,71.70000,13.50000,18.80000,2.33558,404.10071
2025-06-19 16:24:32+07:00,3867,27.30000,71.90000,14.30000,20.80000,2.30214,404.10071
2025-06-19 16:25:22+07:00,3868,27.30000,71.70000,15.40000,21.60000,2.35245,404.19263
2025-06-19 16:26:13+07:00,3869,27.20000,71.80000,14.80000,20.30000,2.35245,404.08554
2025-06-19 16:27:03+07:00,3870,27.20000,71.90000,14.60000,20.00000,2.36375,404.11591
2025-06-19 16:27:52+07:00,3871,27.30000,72.00000,14.50000,19.40000,2.36941,404.10831
2025-06-19 16:28:42+07:00,3872,27.20000,72.30000,14.20000,19.60000,2.42090,404.01047
2025-06-19 16:29:31+07:00,3873,27.20000,72.40000,14.00000,21.20000,2.34682,404.13879
2025-06-19 16:30:22+07:00,3874,27.30000,72.40000,14.50000,19.80000,2.40938,404.04785
2025-06-19 16:31:11+07:00,3875,27.30000,72.10000,14.50000,19.50000,2.40938,404.13879
2025-06-19 16:32:01+07:00,3876,27.20000,71.90000,14.70000,19.70000,2.39219,404.08554
2025-06-19 16:32:56+07:00,3877,27.20000,71.80000,15.00000,22.20000,2.35809,404.08554
2025-06-19 16:33:46+07:00,3878,27.30000,71.80000,15.40000,21.20000,2.35809,403.98816
2025-06-19 16:34:41+07:00,3879,27.20000,71.80000,14.20000,19.50000,2.38648,404.13113
2025-06-19 17:03:32+07:00,3880,27.30000,73.30000,15.50000,23.70000,2.05834,404.20035
2025-06-19 17:05:13+07:00,3881,27.30000,73.30000,15.20000,21.40000,2.34119,403.92917
2025-06-19 17:06:02+07:00,3882,27.30000,73.40000,15.50000,21.20000,2.37509,404.27051
2025-06-19 17:06:52+07:00,3883,27.30000,73.30000,16.40000,23.50000,2.31881,404.22363
2025-06-19 17:07:48+07:00,3884,27.20000,73.30000,16.50000,23.10000,2.46742,404.20810
2025-06-19 17:08:38+07:00,3885,27.20000,73.00000,16.10000,24.00000,2.32439,404.17719
2025-06-19 17:09:27+07:00,3886,27.20000,73.20000,15.70000,20.00000,2.42667,404.25482
2025-06-19 17:10:17+07:00,3887,27.20000,73.10000,17.00000,22.90000,2.22561,404.00299
2025-06-19 17:11:10+07:00,3888,27.20000,73.20000,17.10000,24.10000,2.26362,404.17719
2025-06-19 17:11:59+07:00,3889,27.10000,73.20000,17.40000,24.30000,2.50278,404.34961
2025-06-19 17:12:49+07:00,3890,27.20000,73.10000,17.40000,24.20000,2.53854,404.23920
2025-06-19 17:13:38+07:00,3891,27.20000,73.00000,17.20000,25.60000,2.48504,404.38959
2025-06-19 17:14:27+07:00,3892,27.20000,73.00000,17.10000,24.80000,2.55658,404.27838
2025-06-19 17:15:17+07:00,3893,27.10000,73.20000,16.80000,24.60000,2.48504,404.38159
2025-06-19 17:16:07+07:00,3894,27.10000,73.20000,17.00000,23.10000,2.55658,404.04785
2025-06-19 17:16:56+07:00,3895,27.10000,73.30000,18.90000,27.30000,2.07358,404.22363
2025-06-19 17:17:46+07:00,3896,27.10000,73.10000,18.20000,25.70000,2.43826,404.29410
2025-06-19 17:18:39+07:00,3897,27.10000,73.10000,17.70000,26.20000,2.43826,404.27051
2025-06-19 17:19:29+07:00,3898,27.10000,73.10000,16.50000,25.30000,2.46156,404.20810
2025-06-19 17:20:18+07:00,3899,27.10000,73.30000,18.60000,27.70000,2.49685,404.13879
2025-06-19 17:21:10+07:00,3900,27.10000,73.20000,17.70000,24.00000,2.49094,404.24701
2025-06-19 17:22:00+07:00,3901,27.10000,73.10000,18.20000,25.70000,2.14066,403.98816
2025-06-19 17:22:49+07:00,3902,27.10000,73.10000,18.90000,27.40000,1.77635,404.02539
2025-06-19 17:23:39+07:00,3903,27.20000,73.00000,16.30000,23.30000,1.82644,403.73541
2025-06-19 17:24:28+07:00,3904,27.20000,73.20000,16.30000,22.90000,1.59922,402.50403
2025-06-19 17:25:18+07:00,3905,27.20000,73.20000,17.00000,24.50000,1.51013,404.18491
2025-06-19 17:26:10+07:00,3906,27.20000,73.10000,16.70000,23.50000,1.65379,403.92917
2025-06-19 17:26:59+07:00,3907,27.20000,73.40000,16.60000,22.60000,2.26362,404.27051
2025-06-19 17:27:48+07:00,3908,27.20000,73.50000,16.20000,22.20000,2.51465,404.20810
2025-06-19 17:28:39+07:00,3909,27.20000,73.50000,15.40000,21.60000,2.53255,403.18210
2025-06-19 17:30:21+07:00,3910,27.10000,73.40000,17.10000,23.50000,1.39131,404.44611
2025-06-19 17:31:10+07:00,3911,27.10000,73.50000,17.00000,24.60000,2.54454,404.42181
2025-06-19 17:32:03+07:00,3912,27.10000,73.50000,16.90000,22.60000,2.41513,404.13113
2025-06-19 17:32:53+07:00,3913,27.10000,73.40000,17.80000,25.10000,2.39791,403.96594
2025-06-19 17:33:42+07:00,3914,27.10000,73.40000,16.40000,23.00000,2.28557,404.10831
2025-06-19 17:34:35+07:00,3915,27.10000,73.40000,16.80000,23.50000,2.53255,404.33368
2025-06-19 17:35:24+07:00,3916,27.10000,73.50000,16.90000,23.00000,2.12503,403.00745
2025-06-19 17:36:22+07:00,3917,27.20000,73.40000,16.10000,23.10000,2.06341,403.37143
2025-06-19 17:37:17+07:00,3918,27.20000,73.40000,17.00000,24.40000,1.73620,403.50934
2025-06-19 17:39:04+07:00,3919,27.10000,73.70000,17.10000,23.90000,2.38648,404.33368
2025-06-19 17:41:54+07:00,3920,27.20000,73.60000,17.00000,21.60000,2.35809,404.17719
2025-06-19 17:42:51+07:00,3921,27.20000,73.60000,16.60000,23.60000,2.32998,403.61752
2025-06-19 17:43:47+07:00,3922,27.10000,73.70000,16.60000,23.70000,2.19878,404.09311
2025-06-19 17:44:43+07:00,3923,27.20000,73.70000,17.70000,27.50000,2.49094,404.18491
2025-06-19 17:45:35+07:00,3924,27.10000,73.70000,16.80000,22.40000,2.38648,403.92917
2025-06-19 17:47:29+07:00,3925,27.10000,73.80000,17.50000,25.00000,2.36941,404.01791
2025-06-19 17:48:23+07:00,3926,27.10000,73.70000,17.80000,24.20000,2.01315,404.01791
2025-06-19 17:49:18+07:00,3927,27.10000,73.80000,18.00000,24.00000,2.31881,403.82053
2025-06-19 17:50:18+07:00,3928,27.10000,73.70000,17.60000,25.30000,2.42667,403.89267
2025-06-19 17:51:09+07:00,3929,27.10000,73.80000,18.50000,26.60000,2.34682,403.80624
2025-06-19 17:51:59+07:00,3930,27.10000,74.00000,18.30000,27.70000,2.32998,403.84927
2025-06-19 17:52:53+07:00,3931,27.10000,74.10000,18.60000,27.60000,2.45572,403.90726
2025-06-19 17:53:47+07:00,3932,27.10000,74.20000,17.30000,25.60000,2.26362,404.27051
2025-06-19 17:54:40+07:00,3933,27.10000,74.10000,19.10000,28.10000,2.51465,404.16180
2025-06-19 17:55:34+07:00,3934,27.00000,74.20000,18.50000,29.10000,2.52061,404.10831
2025-06-19 17:56:26+07:00,3935,27.10000,74.10000,18.50000,26.70000,2.54454,404.01047
2025-06-19 17:57:20+07:00,3936,27.10000,74.00000,17.60000,24.30000,2.25815,404.10071
2025-06-19 17:58:15+07:00,3937,27.10000,74.10000,18.10000,25.60000,2.50278,404.24701
2025-06-19 17:59:06+07:00,3938,27.10000,74.00000,18.50000,27.40000,2.57472,404.02539
2025-06-19 17:59:55+07:00,3939,27.10000,74.10000,17.90000,25.80000,2.45572,404.14645
2025-06-19 18:00:45+07:00,3940,27.10000,74.20000,18.00000,26.30000,2.57472,404.31781
2025-06-19 18:01:35+07:00,3941,27.00000,74.30000,17.80000,27.80000,2.20948,403.72137
2025-06-19 18:02:24+07:00,3942,27.00000,74.40000,19.50000,30.00000,2.42090,403.92184
2025-06-19 18:03:13+07:00,3943,27.10000,74.30000,18.00000,25.20000,2.61746,403.88541
2025-06-19 18:04:03+07:00,3944,27.10000,74.30000,18.10000,25.80000,2.52061,403.86368
2025-06-19 18:04:52+07:00,3945,27.00000,74.30000,17.60000,25.80000,2.46156,404.18491
2025-06-19 18:05:42+07:00,3946,27.00000,74.40000,18.40000,29.10000,2.35245,403.94385
2025-06-19 18:06:31+07:00,3947,27.00000,74.50000,18.50000,25.60000,2.01813,404.07043
2025-06-19 18:07:20+07:00,3948,27.00000,74.40000,18.50000,27.20000,2.15114,404.06290
2025-06-19 18:08:10+07:00,3949,27.00000,74.40000,17.60000,25.50000,2.64213,404.06290
2025-06-19 18:08:59+07:00,3950,27.00000,74.50000,18.30000,25.50000,2.38648,404.17719
2025-06-19 18:09:48+07:00,3951,27.00000,74.50000,17.50000,24.40000,2.51465,403.84207
2025-06-19 18:10:38+07:00,3952,27.00000,74.50000,17.30000,24.20000,2.56866,404.23920
2025-06-19 18:11:27+07:00,3953,27.00000,74.40000,17.50000,26.60000,2.40364,404.23920
2025-06-19 18:12:17+07:00,3954,27.00000,74.60000,17.00000,24.20000,2.49685,404.20035
2025-06-19 18:13:06+07:00,3955,27.00000,74.60000,17.60000,24.30000,2.17221,404.14645
2025-06-19 18:13:56+07:00,3956,27.00000,74.60000,17.90000,25.20000,2.44989,404.10071
2025-06-19 18:14:45+07:00,3957,27.00000,74.60000,18.40000,27.50000,2.64833,404.30200
2025-06-19 18:15:34+07:00,3958,27.00000,74.60000,17.90000,24.70000,2.50871,403.04886
2025-06-19 18:16:24+07:00,3959,26.90000,74.70000,17.50000,24.90000,2.55056,404.33368
2025-06-19 18:17:13+07:00,3960,27.00000,74.80000,18.30000,26.90000,2.26362,404.17719
2025-06-19 18:18:03+07:00,3961,27.00000,74.80000,17.70000,26.10000,2.32439,404.18491
2025-06-19 18:18:53+07:00,3962,27.00000,74.60000,16.90000,23.70000,2.29661,403.62436
2025-06-19 18:19:42+07:00,3963,27.00000,74.70000,18.20000,25.40000,2.56262,404.28622
2025-06-19 18:20:31+07:00,3964,27.00000,74.70000,18.50000,26.50000,2.58687,404.19263
2025-06-19 18:21:21+07:00,3965,27.00000,74.60000,18.80000,27.40000,2.38078,404.21585
2025-06-19 18:22:10+07:00,3966,27.00000,74.70000,17.90000,24.30000,2.28006,404.28622
2025-06-19 18:23:00+07:00,3967,27.00000,74.70000,18.80000,27.60000,2.26909,404.30200
2025-06-19 18:23:49+07:00,3968,27.00000,74.80000,18.30000,25.80000,2.75552,404.27051
2025-06-19 18:24:38+07:00,3969,27.00000,74.80000,19.50000,27.90000,2.71729,404.20810
2025-06-19 18:25:28+07:00,3970,27.00000,74.80000,18.10000,26.00000,2.49685,404.29410
2025-06-19 18:26:17+07:00,3971,27.00000,74.70000,18.30000,26.20000,2.76836,404.20035
2025-06-19 18:27:07+07:00,3972,26.90000,74.80000,18.20000,25.90000,2.30214,404.29410
2025-06-19 18:27:56+07:00,3973,27.00000,74.90000,17.60000,25.00000,2.66700,404.07797
2025-06-19 18:28:46+07:00,3974,27.00000,74.90000,19.00000,29.70000,2.47328,404.16946
2025-06-19 18:29:35+07:00,3975,27.00000,74.70000,18.40000,24.50000,2.46742,404.26266
2025-06-19 18:30:24+07:00,3976,27.00000,74.70000,18.50000,28.90000,2.52061,403.92917
2025-06-19 18:31:15+07:00,3977,27.10000,74.60000,17.90000,27.70000,2.59907,403.81339
2025-06-19 18:32:04+07:00,3978,27.00000,74.60000,18.40000,23.40000,2.55056,403.92184
2025-06-19 18:32:53+07:00,3979,27.00000,74.60000,19.00000,26.80000,2.38648,404.20810
2025-06-19 18:33:44+07:00,3980,27.00000,74.70000,19.00000,26.20000,2.61132,404.16180
2025-06-19 18:34:34+07:00,3981,27.00000,74.70000,19.00000,27.00000,2.19878,404.16946
2025-06-19 18:35:23+07:00,3982,27.00000,74.70000,17.40000,24.20000,2.62361,404.04034
2025-06-19 18:36:12+07:00,3983,27.00000,74.80000,19.00000,26.30000,2.29108,404.01791
2025-06-19 18:37:06+07:00,3984,27.00000,74.80000,18.70000,25.30000,2.65454,404.10831
2025-06-19 18:37:56+07:00,3985,27.00000,74.70000,18.70000,25.80000,2.70465,404.02539
2025-06-19 18:38:46+07:00,3986,27.00000,74.80000,18.80000,26.00000,2.52061,404.12354
2025-06-19 18:39:38+07:00,3987,27.00000,74.80000,19.20000,27.40000,2.53255,404.17719
2025-06-19 18:40:27+07:00,3988,26.90000,74.60000,19.40000,28.00000,2.64833,404.20035
2025-06-19 18:41:17+07:00,3989,27.00000,74.80000,19.40000,28.90000,2.37509,404.27051
2025-06-19 18:42:06+07:00,3990,27.00000,74.70000,17.70000,25.60000,2.28557,404.20810
2025-06-19 18:43:49+07:00,3991,26.90000,74.80000,17.80000,24.50000,2.34119,403.82053
2025-06-19 18:44:39+07:00,3992,26.90000,75.00000,18.60000,25.90000,2.58687,404.21585
2025-06-19 18:45:31+07:00,3993,26.90000,74.90000,18.50000,25.50000,2.73635,404.31781
2025-06-19 18:46:21+07:00,3994,26.90000,75.00000,18.60000,27.70000,2.66700,404.14645
2025-06-19 18:47:10+07:00,3995,26.80000,75.00000,19.30000,28.40000,2.50278,404.16180
2025-06-19 18:47:59+07:00,3996,26.80000,75.10000,19.20000,26.10000,2.65454,404.16180
2025-06-19 18:48:52+07:00,3997,26.80000,75.10000,19.80000,27.10000,2.74912,404.43799
2025-06-19 18:49:47+07:00,3998,26.80000,75.20000,18.50000,26.50000,2.80066,404.38959
2025-06-19 18:50:39+07:00,3999,26.80000,75.20000,19.10000,27.80000,2.61746,404.35757
2025-06-19 18:51:30+07:00,4000,26.80000,75.10000,20.10000,28.50000,2.80716,404.35757
2025-06-19 18:52:21+07:00,4001,26.80000,75.30000,19.50000,26.30000,2.83327,404.40570
2025-06-19 18:53:10+07:00,4002,26.70000,75.30000,19.20000,26.40000,2.86619,404.40570
2025-06-19 18:54:01+07:00,4003,26.80000,75.30000,18.60000,27.20000,2.85299,404.30991
2025-06-19 18:54:59+07:00,4004,26.80000,75.20000,19.40000,29.30000,2.80716,404.42181
2025-06-19 18:55:57+07:00,4005,26.80000,75.20000,18.60000,26.20000,2.78124,404.36557
2025-06-19 18:57:44+07:00,4006,26.80000,75.10000,17.60000,25.00000,2.76193,404.35757
2025-06-19 18:58:41+07:00,4007,26.80000,75.10000,19.20000,26.20000,2.49685,404.34961
2025-06-19 18:59:30+07:00,4008,26.80000,75.30000,19.20000,26.90000,2.84641,404.30200
2025-06-19 19:01:19+07:00,4009,26.80000,75.10000,19.00000,26.10000,2.47916,404.31781
2025-06-19 19:02:13+07:00,4010,26.80000,75.00000,18.30000,26.00000,2.80066,404.34961
2025-06-19 19:03:07+07:00,4011,26.80000,75.00000,19.60000,28.50000,2.85299,404.38159
2025-06-19 19:04:01+07:00,4012,26.80000,75.10000,19.60000,27.60000,2.74912,404.34961
2025-06-19 19:04:52+07:00,4013,26.70000,75.20000,19.00000,26.30000,2.78124,404.44611
2025-06-19 19:05:52+07:00,4014,26.70000,75.10000,19.30000,27.00000,2.70465,404.08554
2025-06-19 19:06:55+07:00,4015,26.80000,75.10000,18.70000,27.90000,2.89275,404.34164
2025-06-19 19:08:40+07:00,4016,26.80000,75.10000,19.40000,26.20000,2.82019,404.31781
2025-06-19 19:09:29+07:00,4017,26.80000,75.10000,19.00000,28.20000,2.64213,404.04785
2025-06-19 19:10:19+07:00,4018,26.80000,74.90000,19.40000,28.20000,2.74912,404.22363
2025-06-19 19:11:09+07:00,4019,26.80000,74.90000,18.60000,25.70000,2.68577,404.01047
2025-06-19 19:12:01+07:00,4020,26.70000,75.10000,19.10000,26.80000,2.72999,404.27838
2025-06-19 19:12:51+07:00,4021,26.70000,75.10000,19.30000,27.80000,2.74273,404.27051
2025-06-19 19:13:40+07:00,4022,26.70000,75.10000,20.20000,27.20000,2.67950,403.96594
2025-06-19 19:14:29+07:00,4023,26.70000,75.20000,19.50000,26.90000,2.76836,404.01791
2025-06-19 19:15:19+07:00,4024,26.70000,75.00000,18.90000,26.50000,2.88609,404.43799
2025-06-19 19:16:09+07:00,4025,26.70000,75.00000,19.30000,28.10000,2.75552,404.39764
2025-06-19 19:16:58+07:00,4026,26.70000,75.00000,20.10000,28.20000,2.77479,404.27051
2025-06-19 19:17:47+07:00,4027,26.70000,75.10000,19.60000,27.90000,2.85299,404.34961
2025-06-19 19:18:37+07:00,4028,26.70000,75.00000,19.10000,26.90000,2.58687,404.34961
2025-06-19 19:19:30+07:00,4029,26.70000,74.80000,19.20000,28.30000,2.85959,404.32574
2025-06-19 19:20:19+07:00,4030,26.70000,74.80000,19.30000,27.60000,2.76193,404.40570
2025-06-19 19:21:08+07:00,4031,26.70000,74.90000,19.30000,25.80000,2.87281,404.36557
2025-06-19 19:22:01+07:00,4032,26.60000,74.90000,19.20000,26.90000,2.83327,404.34961
2025-06-19 19:22:56+07:00,4033,26.60000,75.10000,18.50000,25.40000,2.82673,404.23920
2025-06-19 19:23:45+07:00,4034,26.70000,75.00000,19.40000,26.00000,2.87281,403.77069
2025-06-19 19:24:34+07:00,4035,26.70000,74.90000,20.20000,27.80000,2.72363,404.22363
2025-06-19 19:25:24+07:00,4036,26.70000,74.70000,19.30000,27.60000,2.81367,404.26266
2025-06-19 19:26:13+07:00,4037,26.70000,74.80000,18.90000,24.80000,2.81367,404.13879
2025-06-19 19:27:05+07:00,4038,26.70000,74.80000,21.00000,32.90000,2.82673,404.37357
2025-06-19 19:27:55+07:00,4039,26.60000,74.40000,20.80000,30.00000,2.62361,404.26266
2025-06-19 19:28:44+07:00,4040,26.70000,74.60000,19.90000,27.40000,2.89275,404.42181
2025-06-19 19:29:33+07:00,4041,26.80000,74.60000,19.30000,28.00000,2.86619,404.44611
2025-06-19 19:30:23+07:00,4042,26.80000,74.40000,20.10000,28.80000,2.87281,404.38959
2025-06-19 19:31:12+07:00,4043,26.70000,74.40000,20.60000,30.90000,2.85959,404.42990
2025-06-19 19:32:01+07:00,4044,26.70000,74.70000,20.30000,28.30000,2.79418,404.37357
2025-06-19 19:32:51+07:00,4045,26.70000,74.60000,20.80000,30.00000,2.79418,404.29410
2025-06-19 19:33:40+07:00,4046,26.60000,74.70000,19.40000,27.20000,2.89275,404.42181
2025-06-19 19:34:30+07:00,4047,26.60000,74.80000,19.40000,28.40000,2.91951,404.40570
2025-06-19 19:35:19+07:00,4048,26.60000,74.90000,19.80000,26.80000,2.84641,404.33368
2025-06-19 19:36:08+07:00,4049,26.60000,74.80000,19.40000,26.10000,2.35245,404.31781
2025-06-19 19:36:58+07:00,4050,26.60000,74.80000,19.80000,29.50000,2.46156,404.39764
2025-06-19 19:37:47+07:00,4051,26.60000,74.90000,19.70000,27.70000,2.57472,404.33368
2025-06-19 19:38:37+07:00,4052,26.60000,75.00000,19.70000,27.00000,2.77479,404.16180
2025-06-19 19:39:26+07:00,4053,26.50000,75.10000,20.20000,27.50000,2.71729,404.34164
2025-06-19 19:40:15+07:00,4054,26.50000,75.30000,20.60000,27.90000,2.82019,404.31781
2025-06-19 19:41:56+07:00,4055,26.40000,75.60000,20.30000,29.40000,2.88609,404.26266
2025-06-19 19:42:49+07:00,4056,26.40000,75.70000,20.30000,27.90000,2.79418,404.24701
2025-06-19 19:43:43+07:00,4057,26.40000,75.70000,20.30000,28.20000,2.81367,404.17719
2025-06-19 19:44:32+07:00,4058,26.40000,75.80000,20.30000,28.10000,2.82019,404.27838
2025-06-19 19:45:31+07:00,4059,26.40000,75.80000,20.50000,29.30000,2.35245,404.34164
2025-06-19 19:46:26+07:00,4060,26.40000,75.80000,21.50000,30.10000,2.44407,404.27838
2025-06-19 19:47:25+07:00,4061,26.40000,75.80000,21.30000,30.50000,2.76836,404.12354
2025-06-19 19:48:22+07:00,4062,26.40000,75.80000,22.30000,30.90000,2.83983,404.30991
2025-06-19 19:49:12+07:00,4063,26.40000,75.80000,21.70000,30.70000,2.42667,404.05536
2025-06-19 19:50:10+07:00,4064,26.40000,75.90000,21.30000,30.30000,2.80716,404.18491
2025-06-19 19:51:02+07:00,4065,26.40000,76.00000,22.10000,29.80000,2.87945,404.20810
2025-06-19 19:51:55+07:00,4066,26.40000,75.90000,21.90000,31.30000,2.78770,403.35208
2025-06-19 19:52:54+07:00,4067,26.40000,75.90000,21.20000,28.80000,2.87281,404.35757
2025-06-19 19:53:54+07:00,4068,26.40000,75.90000,22.40000,31.40000,2.89942,404.33368
2025-06-19 19:54:47+07:00,4069,26.40000,75.90000,21.30000,29.10000,2.89942,404.43799
2025-06-19 19:55:39+07:00,4070,26.40000,76.00000,21.20000,29.00000,2.44989,404.26266
2025-06-19 19:56:35+07:00,4071,26.50000,75.90000,22.10000,31.30000,2.84641,404.23141
2025-06-19 19:57:25+07:00,4072,26.50000,76.00000,22.60000,31.00000,2.83983,404.37357
2025-06-19 19:58:16+07:00,4073,26.50000,76.00000,21.70000,30.60000,2.86619,404.38159
2025-06-19 19:59:08+07:00,4074,26.50000,76.00000,22.50000,30.10000,2.93971,404.38159
2025-06-19 20:00:03+07:00,4075,26.50000,76.00000,22.10000,29.90000,2.89275,404.36557
2025-06-19 20:00:57+07:00,4076,26.50000,75.90000,23.10000,33.00000,2.85299,404.42990
2025-06-19 20:01:54+07:00,4077,26.50000,75.90000,23.90000,33.90000,2.91951,404.34961
2025-06-19 20:02:44+07:00,4078,26.60000,75.70000,22.90000,33.60000,2.85959,404.36557
2025-06-19 20:03:38+07:00,4079,26.60000,75.70000,22.80000,31.60000,2.87281,404.38159
2025-06-19 20:05:23+07:00,4080,26.60000,75.60000,23.10000,31.40000,2.44407,404.35757
2025-06-19 20:06:12+07:00,4081,26.70000,75.60000,22.50000,32.90000,2.88609,404.39764
2025-06-19 20:07:09+07:00,4082,26.60000,75.70000,23.30000,30.60000,2.93971,404.50323
2025-06-19 20:08:00+07:00,4083,26.60000,75.70000,23.10000,31.40000,2.92623,404.32574
2025-06-19 20:08:50+07:00,4084,26.70000,75.80000,22.60000,31.50000,2.92623,404.38159
2025-06-19 20:09:44+07:00,4085,26.70000,75.70000,23.10000,30.40000,2.66700,404.46237
2025-06-19 20:10:33+07:00,4086,26.70000,75.80000,23.20000,33.70000,2.98045,404.40570
2025-06-19 20:11:22+07:00,4087,26.70000,75.80000,23.70000,36.60000,2.94647,404.32574
2025-06-19 20:12:16+07:00,4088,26.70000,75.70000,23.70000,34.30000,2.94647,404.40570
2025-06-19 20:13:06+07:00,4089,26.70000,75.70000,23.30000,31.30000,2.93971,404.39764
2025-06-19 20:13:55+07:00,4090,26.70000,75.60000,22.90000,32.30000,2.55658,404.41376
2025-06-19 20:14:44+07:00,4091,26.60000,75.80000,22.30000,33.20000,2.94647,404.38959
2025-06-19 20:15:34+07:00,4092,26.60000,76.10000,24.00000,34.70000,2.49094,404.38159
2025-06-19 20:16:23+07:00,4093,26.70000,76.10000,23.60000,34.40000,2.76836,404.43799
2025-06-19 20:17:12+07:00,4094,26.70000,76.10000,22.80000,32.70000,2.99413,404.51144
2025-06-19 20:18:02+07:00,4095,26.70000,76.10000,24.50000,36.20000,2.95324,404.52789
2025-06-19 20:18:51+07:00,4096,26.70000,76.10000,23.60000,31.30000,2.61132,404.49503
2025-06-19 20:19:40+07:00,4097,26.60000,76.20000,22.80000,31.40000,2.61746,404.43799
2025-06-19 20:20:30+07:00,4098,26.60000,76.30000,22.40000,33.20000,2.61132,404.47867
2025-06-19 20:21:19+07:00,4099,26.60000,76.30000,22.90000,33.40000,2.96682,404.47052
2025-06-19 20:22:08+07:00,4100,26.60000,76.30000,22.40000,31.30000,2.49685,404.49503
2025-06-19 20:27:33+07:00,4101,26.50000,76.70000,22.10000,30.90000,2.95324,404.26266
2025-06-19 20:28:22+07:00,4102,26.40000,76.70000,23.40000,33.10000,2.90611,404.40570
2025-06-19 20:29:30+07:00,4103,26.40000,76.80000,22.80000,34.40000,2.93971,404.37357
2025-06-19 20:30:19+07:00,4104,26.40000,76.90000,22.80000,31.20000,2.61746,403.75656
2025-06-19 20:31:10+07:00,4105,26.40000,76.90000,22.90000,32.00000,3.03549,404.50323
2025-06-19 20:31:59+07:00,4106,26.50000,76.90000,23.00000,34.70000,2.96682,404.57755
2025-06-19 20:32:48+07:00,4107,26.50000,77.00000,23.20000,33.00000,3.02165,404.44611
2025-06-19 20:33:41+07:00,4108,26.50000,77.00000,22.70000,31.70000,3.03549,404.42181
2025-06-19 20:34:34+07:00,4109,26.50000,76.90000,25.40000,36.00000,3.00099,404.46237
2025-06-19 20:35:23+07:00,4110,26.50000,76.90000,22.80000,33.30000,2.50871,404.51144
2025-06-19 20:36:13+07:00,4111,26.50000,76.80000,21.90000,30.20000,2.93971,404.56924
2025-06-19 20:37:05+07:00,4112,26.50000,76.90000,24.00000,33.90000,3.07030,404.52789
2025-06-19 20:37:58+07:00,4113,26.40000,76.90000,24.30000,35.40000,2.99413,404.44611
2025-06-19 20:38:47+07:00,4114,26.50000,76.90000,22.40000,30.30000,2.71729,404.38159
2025-06-19 20:39:36+07:00,4115,26.40000,77.00000,23.70000,33.90000,3.00099,404.41376
2025-06-19 20:40:26+07:00,4116,26.40000,77.00000,24.20000,33.30000,2.93971,404.38959
2025-06-19 20:41:15+07:00,4117,26.40000,77.00000,24.40000,33.50000,3.11959,404.51144
2025-06-19 20:42:05+07:00,4118,26.40000,77.00000,24.20000,35.40000,3.04937,404.34164
2025-06-19 20:42:54+07:00,4119,26.40000,77.00000,24.00000,31.20000,3.07030,404.38959
2025-06-19 20:43:48+07:00,4120,26.40000,77.00000,24.70000,33.90000,3.05634,404.53613
2025-06-19 20:44:37+07:00,4121,26.40000,77.00000,24.60000,35.20000,2.98045,404.51144
2025-06-19 20:45:27+07:00,4122,26.40000,77.00000,24.60000,35.30000,3.05634,404.51144
2025-06-19 20:46:16+07:00,4123,26.40000,77.00000,25.00000,36.30000,3.07030,404.53613
2025-06-19 20:47:06+07:00,4124,26.40000,77.00000,24.00000,36.00000,3.03549,404.46237
2025-06-19 20:47:55+07:00,4125,26.40000,77.00000,25.40000,36.70000,3.00787,404.52789
2025-06-19 20:48:44+07:00,4126,26.40000,77.00000,25.10000,37.30000,3.14091,404.51965
2025-06-19 20:49:37+07:00,4127,26.40000,77.00000,25.10000,38.60000,3.07030,404.70370
2025-06-19 20:50:26+07:00,4128,26.40000,77.00000,24.20000,35.80000,3.12668,404.47867
2025-06-19 20:51:16+07:00,4129,26.40000,77.00000,26.20000,37.20000,3.08432,404.51965
2025-06-19 20:52:05+07:00,4130,26.40000,77.00000,26.50000,38.00000,2.65454,404.42181
2025-06-19 20:52:55+07:00,4131,26.50000,76.90000,26.10000,37.60000,2.68577,404.61093
2025-06-19 20:53:44+07:00,4132,26.40000,76.80000,26.20000,38.80000,3.21283,404.46237
2025-06-19 20:54:33+07:00,4133,26.40000,76.90000,26.80000,36.30000,2.75552,404.56924
2025-06-19 20:55:23+07:00,4134,26.40000,77.00000,26.40000,37.10000,3.08432,404.56924
2025-06-19 20:56:12+07:00,4135,26.40000,77.00000,25.20000,35.70000,3.11959,404.49503
2025-06-19 20:57:02+07:00,4136,26.40000,77.00000,27.20000,37.70000,3.12668,404.61093
2025-06-19 20:57:51+07:00,4137,26.40000,77.00000,26.60000,37.30000,3.12668,404.64447
2025-06-19 20:58:41+07:00,4138,26.40000,77.00000,27.00000,38.40000,3.14804,404.63608
2025-06-19 20:59:30+07:00,4139,26.40000,77.00000,26.90000,37.90000,3.09839,404.65289
2025-06-19 21:00:19+07:00,4140,26.40000,76.90000,26.40000,36.40000,3.14804,404.72073
2025-06-19 21:01:09+07:00,4141,26.40000,77.00000,26.50000,37.20000,3.10544,404.61093
2025-06-19 21:01:58+07:00,4142,26.40000,76.90000,26.50000,37.80000,3.16235,404.62769
2025-06-19 21:02:47+07:00,4143,26.50000,76.80000,27.50000,38.10000,3.25662,404.79803
2025-06-19 21:03:37+07:00,4144,26.50000,76.70000,26.70000,40.70000,3.21283,404.67825
2025-06-19 21:04:26+07:00,4145,26.40000,76.80000,27.90000,42.30000,3.19111,404.68671
2025-06-19 21:05:16+07:00,4146,26.40000,76.80000,26.90000,40.30000,3.24197,404.83273
2025-06-19 21:06:05+07:00,4147,26.40000,76.80000,27.40000,40.20000,3.20558,404.78079
2025-06-19 21:06:54+07:00,4148,26.40000,76.80000,28.90000,43.00000,3.24929,404.73782
2025-06-19 21:07:44+07:00,4149,26.50000,76.70000,27.70000,39.60000,3.26397,404.69522
2025-06-19 21:08:33+07:00,4150,26.50000,76.70000,28.80000,40.90000,3.05634,404.73782
2025-06-19 21:09:23+07:00,4151,26.50000,76.60000,28.40000,40.60000,3.14804,404.84146
2025-06-19 21:10:12+07:00,4152,26.50000,76.70000,28.00000,41.20000,3.09839,404.67825
2025-06-19 21:11:01+07:00,4153,26.50000,76.70000,27.70000,39.00000,3.25662,404.77216
2025-06-19 21:11:51+07:00,4154,26.50000,76.70000,29.40000,43.10000,3.26397,404.80670
2025-06-19 21:12:40+07:00,4155,26.50000,76.60000,28.30000,41.40000,3.13379,404.87640
2025-06-19 21:13:29+07:00,4156,26.50000,76.60000,28.60000,42.70000,3.28609,404.72928
2025-06-19 21:14:19+07:00,4157,26.50000,76.60000,28.00000,41.60000,3.30091,404.77216
2025-06-19 21:15:08+07:00,4158,26.50000,76.70000,29.10000,43.90000,3.24197,404.85889
2025-06-19 21:15:58+07:00,4159,26.40000,76.70000,29.00000,42.70000,3.30833,404.87640
2025-06-19 21:16:47+07:00,4160,26.40000,76.70000,29.80000,43.50000,3.31577,404.83273
2025-06-19 21:17:37+07:00,4161,26.40000,76.70000,29.70000,42.30000,3.32323,404.90277
2025-06-19 21:18:28+07:00,4162,26.40000,76.70000,29.00000,41.70000,3.29349,404.89395
2025-06-19 21:19:19+07:00,4163,26.40000,76.80000,29.70000,40.70000,3.33818,404.86765
2025-06-19 21:20:09+07:00,4164,26.40000,76.80000,28.20000,42.60000,3.30833,404.85889
2025-06-19 21:20:59+07:00,4165,26.40000,76.80000,31.40000,45.60000,3.27870,404.78940
2025-06-19 21:21:48+07:00,4166,26.40000,76.80000,30.30000,42.20000,3.45208,404.85016
2025-06-19 21:22:40+07:00,4167,26.40000,76.70000,30.50000,44.90000,3.35319,404.89395
2025-06-19 21:23:30+07:00,4168,26.50000,76.60000,29.60000,42.20000,3.35319,404.92923
2025-06-19 21:24:22+07:00,4169,26.50000,76.50000,29.50000,42.80000,3.36071,404.90277
2025-06-19 21:25:11+07:00,4170,26.50000,76.40000,30.10000,44.00000,3.41376,405.01834
2025-06-19 21:26:01+07:00,4171,26.40000,76.50000,29.90000,40.90000,3.37580,404.90277
2025-06-19 21:26:50+07:00,4172,26.40000,76.60000,30.80000,43.70000,2.93296,404.86765
2025-06-19 21:27:41+07:00,4173,26.40000,76.50000,29.30000,43.00000,3.37580,404.92041
2025-06-19 21:28:30+07:00,4174,26.40000,76.60000,30.60000,45.00000,3.41376,405.07245
2025-06-19 21:29:19+07:00,4175,26.40000,76.70000,30.40000,42.90000,2.97363,405.03632
2025-06-19 21:30:09+07:00,4176,26.40000,76.60000,30.50000,44.00000,3.52193,405.07245
2025-06-19 21:31:02+07:00,4177,26.40000,76.70000,29.80000,45.20000,3.36071,405.09061
2025-06-19 21:31:58+07:00,4178,26.40000,76.60000,30.80000,43.20000,2.91280,405.06342
2025-06-19 21:32:48+07:00,4179,26.40000,76.60000,30.80000,43.90000,3.49074,405.06342
2025-06-19 21:33:42+07:00,4180,26.40000,76.60000,30.10000,43.40000,3.61686,405.22842
2025-06-19 21:34:31+07:00,4181,26.40000,76.60000,29.40000,43.20000,3.49852,405.07245
2025-06-19 21:35:21+07:00,4182,26.40000,76.50000,30.20000,44.50000,3.52193,405.07245
2025-06-19 21:36:11+07:00,4183,26.40000,76.50000,29.50000,46.10000,3.56123,405.13620
2025-06-19 21:37:00+07:00,4184,26.40000,76.50000,30.80000,44.40000,3.46750,405.06342
2025-06-19 21:37:49+07:00,4185,26.40000,76.40000,30.20000,43.40000,3.52976,405.03632
2025-06-19 21:38:39+07:00,4186,26.40000,76.40000,30.30000,42.40000,3.47523,405.00937
2025-06-19 21:39:28+07:00,4187,26.40000,76.20000,29.70000,41.30000,3.47523,405.04535
2025-06-19 21:40:18+07:00,4188,26.40000,76.30000,29.80000,43.70000,3.56123,404.98254
2025-06-19 21:41:08+07:00,4189,26.40000,76.40000,29.10000,42.30000,2.91951,405.02734
2025-06-19 21:41:57+07:00,4190,26.30000,76.50000,29.00000,44.00000,3.54546,405.08151
2025-06-19 21:42:46+07:00,4191,26.30000,76.60000,28.70000,43.80000,3.60887,405.11792
2025-06-19 21:43:36+07:00,4192,26.30000,76.70000,28.20000,40.80000,3.56913,405.09061
2025-06-19 21:44:25+07:00,4193,26.20000,76.70000,28.90000,40.30000,3.61686,404.98254
2025-06-19 21:45:14+07:00,4194,26.20000,76.70000,29.70000,42.10000,3.53760,404.96472
2025-06-19 21:46:04+07:00,4195,26.20000,76.80000,29.30000,41.70000,3.09135,404.95581
2025-06-19 21:46:53+07:00,4196,26.20000,76.80000,29.40000,41.00000,3.60089,405.10880
2025-06-19 21:47:43+07:00,4197,26.20000,76.80000,31.00000,44.40000,3.59293,405.20062
2025-06-19 21:48:32+07:00,4198,26.20000,76.80000,30.10000,44.50000,3.63288,405.14536
2025-06-19 21:49:22+07:00,4199,26.20000,76.80000,29.90000,41.40000,3.60089,405.04535
2025-06-19 21:50:11+07:00,4200,26.20000,76.80000,29.10000,43.80000,3.03549,405.12704
2025-06-19 21:51:00+07:00,4201,26.20000,76.80000,30.00000,44.20000,3.58498,405.00937
2025-06-19 21:51:55+07:00,4202,26.20000,76.90000,29.50000,43.00000,3.59293,405.00043
2025-06-19 21:52:44+07:00,4203,26.20000,77.00000,30.90000,44.30000,3.64091,405.09970
2025-06-19 21:53:34+07:00,4204,26.20000,77.00000,31.40000,44.00000,3.64896,405.01834
2025-06-19 21:54:23+07:00,4205,26.20000,76.90000,30.00000,43.90000,3.70571,405.00937
2025-06-19 21:55:13+07:00,4206,26.20000,77.00000,31.00000,46.40000,3.14091,405.11792
2025-06-19 21:56:02+07:00,4207,26.20000,76.90000,30.80000,44.80000,3.62486,405.04535
2025-06-19 21:56:51+07:00,4208,26.20000,76.90000,31.60000,44.30000,3.63288,405.09061
2025-06-19 21:58:35+07:00,4209,26.20000,76.90000,30.60000,45.40000,3.67319,405.06342
2025-06-19 21:59:25+07:00,4210,26.20000,76.90000,30.20000,43.30000,3.67319,405.08151
2025-06-19 22:00:14+07:00,4211,26.20000,77.00000,31.10000,44.20000,3.69756,405.11792
2025-06-19 22:01:06+07:00,4212,26.20000,77.00000,30.20000,42.10000,3.67319,405.03632
2025-06-19 22:01:56+07:00,4213,26.20000,76.90000,30.40000,45.60000,3.67319,405.05435
2025-06-19 22:02:45+07:00,4214,26.20000,77.00000,31.00000,42.30000,3.09839,405.04535
2025-06-19 22:03:35+07:00,4215,26.20000,77.00000,30.60000,41.90000,3.60887,404.94696
2025-06-19 22:04:24+07:00,4216,26.20000,77.00000,31.20000,44.20000,3.22738,405.08151
2025-06-19 22:05:14+07:00,4217,26.20000,77.00000,29.00000,40.20000,3.58498,405.01834
2025-06-19 22:06:07+07:00,4218,26.20000,77.00000,30.00000,44.30000,3.71387,405.06342
2025-06-19 22:07:00+07:00,4219,26.20000,77.00000,30.60000,43.00000,3.49852,405.03632
2025-06-19 22:07:50+07:00,4220,26.20000,76.90000,30.60000,44.00000,3.68130,405.06342
2025-06-19 22:08:43+07:00,4221,26.20000,77.00000,31.60000,46.50000,3.67319,404.95581
2025-06-19 22:09:32+07:00,4222,26.20000,77.00000,31.60000,45.30000,3.70571,405.10880
2025-06-19 22:10:22+07:00,4223,26.20000,76.90000,31.30000,44.40000,3.60887,405.01834
2025-06-19 22:11:15+07:00,4224,26.20000,76.90000,30.10000,40.10000,3.68130,404.99149
2025-06-19 22:12:05+07:00,4225,26.20000,76.90000,30.80000,41.90000,3.64896,405.03632
2025-06-19 22:12:58+07:00,4226,26.20000,77.00000,30.70000,46.80000,3.64896,404.85889
2025-06-19 22:13:48+07:00,4227,26.20000,76.80000,29.80000,42.30000,3.35319,405.10880
2025-06-19 22:14:37+07:00,4228,26.20000,76.80000,30.50000,43.80000,3.19111,405.05435
2025-06-19 22:15:26+07:00,4229,26.20000,76.80000,30.70000,45.10000,3.07730,404.98254
2025-06-19 22:16:16+07:00,4230,26.20000,76.80000,30.10000,45.20000,3.59293,404.96472
2025-06-19 22:17:06+07:00,4231,26.20000,76.80000,30.30000,43.80000,3.66510,405.02734
2025-06-19 22:17:55+07:00,4232,26.20000,76.80000,30.20000,43.90000,3.18390,404.98254
2025-06-19 22:18:45+07:00,4233,26.20000,76.80000,31.00000,45.80000,3.70571,404.16946
2025-06-19 22:19:35+07:00,4234,26.20000,76.80000,30.90000,44.10000,3.08432,405.05435
2025-06-19 22:20:25+07:00,4235,26.20000,76.80000,29.80000,44.10000,3.57705,405.16373
2025-06-19 22:21:16+07:00,4236,26.20000,76.80000,30.40000,42.30000,3.22738,405.10880
2025-06-19 22:22:05+07:00,4237,26.20000,76.80000,31.60000,44.60000,3.57705,405.10880
2025-06-19 22:22:55+07:00,4238,26.20000,76.70000,30.00000,44.90000,3.68130,405.09061
2025-06-19 22:23:47+07:00,4239,26.20000,76.90000,30.70000,43.10000,3.67319,405.09970
2025-06-19 22:24:36+07:00,4240,26.20000,76.70000,31.20000,48.50000,3.62486,405.20987
2025-06-19 22:25:34+07:00,4241,26.20000,76.80000,32.40000,44.50000,3.68942,405.09970
2025-06-19 22:26:26+07:00,4242,26.20000,76.80000,31.10000,45.30000,3.71387,405.04535
2025-06-19 22:27:22+07:00,4243,26.30000,76.70000,31.30000,43.80000,3.60887,405.22842
2025-06-19 22:29:10+07:00,4244,26.30000,76.60000,30.70000,43.70000,3.73846,405.24704
2025-06-19 22:29:59+07:00,4245,26.30000,76.60000,31.50000,46.20000,3.73025,405.28442
2025-06-19 22:30:49+07:00,4246,26.30000,76.60000,30.70000,44.20000,3.99175,405.33148
2025-06-19 22:31:38+07:00,4247,26.30000,76.50000,32.70000,48.00000,3.82138,405.19138
2025-06-19 22:32:30+07:00,4248,26.30000,76.60000,32.30000,48.10000,3.81302,405.21915
2025-06-19 22:33:20+07:00,4249,26.30000,76.60000,31.40000,45.20000,3.83814,405.27505
2025-06-19 22:34:09+07:00,4250,26.20000,76.60000,30.80000,46.70000,3.63288,405.24704
2025-06-19 22:34:59+07:00,4251,26.30000,76.70000,32.70000,46.70000,3.75492,405.32205
2025-06-19 22:35:48+07:00,4252,26.20000,76.70000,32.40000,47.10000,3.77145,405.43625
2025-06-19 22:36:39+07:00,4253,26.20000,76.80000,32.60000,48.40000,3.81302,405.25638
2025-06-19 22:37:29+07:00,4254,26.20000,76.70000,31.90000,46.40000,3.68130,405.37888
2025-06-19 22:38:18+07:00,4255,26.20000,76.80000,31.60000,44.70000,3.83814,405.45547
2025-06-19 22:39:08+07:00,4256,26.20000,76.70000,31.70000,44.60000,3.73846,405.36938
2025-06-19 22:40:01+07:00,4257,26.20000,76.80000,31.90000,47.00000,3.79634,405.35040
2025-06-19 22:40:51+07:00,4258,26.20000,76.80000,32.50000,47.30000,3.32323,405.29382
2025-06-19 22:41:40+07:00,4259,26.20000,76.80000,32.00000,49.60000,3.50630,405.56226
2025-06-19 22:42:30+07:00,4260,26.20000,76.70000,31.90000,46.50000,3.82138,405.44583
2025-06-19 22:43:19+07:00,4261,26.20000,76.80000,32.00000,48.50000,3.91433,405.34094
2025-06-19 22:44:09+07:00,4262,26.20000,76.80000,32.40000,46.80000,3.87185,405.46509
2025-06-19 22:44:59+07:00,4263,26.20000,76.80000,32.40000,48.30000,3.40614,405.54272
2025-06-19 22:45:51+07:00,4264,26.20000,76.80000,33.00000,47.90000,3.82975,405.40750
2025-06-19 22:46:45+07:00,4265,26.20000,76.70000,32.50000,50.50000,3.92287,405.55249
2025-06-19 22:47:38+07:00,4266,26.20000,76.60000,32.50000,48.80000,3.88031,405.54272
2025-06-19 22:48:27+07:00,4267,26.20000,76.70000,33.20000,50.30000,3.97444,405.51349
2025-06-19 22:49:16+07:00,4268,26.20000,76.70000,33.70000,49.90000,3.43671,405.55249
2025-06-19 22:50:06+07:00,4269,26.20000,76.70000,34.30000,52.10000,3.91433,405.56226
2025-06-19 22:50:56+07:00,4270,26.20000,76.60000,33.10000,48.70000,4.00043,405.65094
2025-06-19 22:51:52+07:00,4271,26.20000,76.60000,32.20000,47.50000,3.99175,405.62125
2025-06-19 22:52:41+07:00,4272,26.30000,76.50000,32.20000,49.40000,3.97444,405.51349
2025-06-19 22:53:31+07:00,4273,26.30000,76.40000,33.40000,48.60000,4.10581,405.58185
2025-06-19 22:54:21+07:00,4274,26.20000,76.50000,32.30000,47.80000,3.95719,404.97363
2025-06-19 22:55:19+07:00,4275,26.30000,76.50000,33.20000,48.70000,4.01784,405.74081
2025-06-19 22:56:09+07:00,4276,26.20000,76.50000,33.80000,51.20000,3.94858,405.66086
2025-06-19 22:56:59+07:00,4277,26.20000,76.60000,34.40000,51.00000,4.07926,405.69073
2025-06-19 22:57:49+07:00,4278,26.10000,76.70000,32.40000,45.20000,3.77973,405.69073
2025-06-19 22:58:39+07:00,4279,26.20000,76.70000,34.30000,51.40000,3.97444,405.73077
2025-06-19 22:59:35+07:00,4280,26.20000,76.60000,34.50000,51.00000,3.62486,405.79126
2025-06-19 23:00:32+07:00,4281,26.20000,76.70000,33.70000,50.70000,4.08809,405.64102
2025-06-19 23:02:20+07:00,4282,26.20000,76.60000,35.40000,49.50000,4.11470,405.79126
2025-06-19 23:03:10+07:00,4283,26.20000,76.40000,34.70000,50.60000,4.22255,405.73077
2025-06-19 23:04:00+07:00,4284,26.20000,76.40000,33.60000,46.30000,3.84654,405.81152
2025-06-19 23:04:49+07:00,4285,26.20000,76.50000,33.50000,50.80000,4.26817,405.85226
2025-06-19 23:05:39+07:00,4286,26.20000,76.50000,33.40000,49.90000,4.28653,405.79126
2025-06-19 23:06:29+07:00,4287,26.20000,76.60000,33.50000,48.40000,4.27734,405.80139
2025-06-19 23:07:18+07:00,4288,26.10000,76.60000,35.50000,52.90000,4.16833,405.69073
2025-06-19 23:08:08+07:00,4289,26.20000,76.70000,35.40000,51.90000,4.06163,405.87274
2025-06-19 23:09:03+07:00,4290,26.20000,76.60000,34.30000,52.10000,4.30496,405.84207
2025-06-19 23:09:52+07:00,4291,26.20000,76.60000,34.20000,53.30000,4.27734,405.78113
2025-06-19 23:10:41+07:00,4292,26.20000,76.50000,33.20000,48.90000,4.36997,405.88300
2025-06-19 23:11:32+07:00,4293,26.20000,76.40000,34.00000,49.70000,4.30496,405.97595
2025-06-19 23:13:19+07:00,4294,26.20000,76.50000,35.40000,55.00000,4.36997,405.95520
2025-06-19 23:14:08+07:00,4295,26.20000,76.50000,33.90000,49.20000,4.35132,405.85226
2025-06-19 23:14:59+07:00,4296,26.30000,76.30000,33.30000,49.80000,4.30496,405.77103
2025-06-19 23:15:48+07:00,4297,26.30000,76.40000,35.50000,50.70000,4.22255,405.85226
2025-06-19 23:16:38+07:00,4298,26.20000,76.50000,33.60000,51.80000,4.41690,405.83188
2025-06-19 23:17:27+07:00,4299,26.20000,76.50000,35.40000,53.70000,3.94000,405.84207
2025-06-19 23:18:16+07:00,4300,26.20000,76.50000,32.90000,47.30000,3.67319,405.68076
2025-06-19 23:19:06+07:00,4301,26.20000,76.60000,33.50000,51.10000,4.36063,405.56226
2025-06-19 23:19:55+07:00,4302,26.20000,76.60000,34.60000,49.80000,3.68130,405.75085
2025-06-19 23:20:45+07:00,4303,26.20000,76.70000,35.20000,54.10000,4.29574,405.85226
2025-06-19 23:21:34+07:00,4304,26.20000,76.70000,34.00000,49.70000,4.35132,405.92416
2025-06-19 23:22:23+07:00,4305,26.10000,76.80000,33.30000,49.20000,4.02657,405.88300
2025-06-19 23:23:13+07:00,4306,26.10000,76.90000,34.50000,52.60000,4.29574,405.84207
2025-06-19 23:24:02+07:00,4307,26.10000,77.00000,34.10000,47.20000,4.33272,405.89325
2025-06-19 23:24:52+07:00,4308,26.20000,76.70000,35.30000,51.90000,4.48331,405.80139
2025-06-19 23:25:41+07:00,4309,26.20000,76.60000,34.90000,50.50000,3.64091,405.91385
2025-06-19 23:26:30+07:00,4310,26.20000,76.70000,34.70000,51.90000,4.36997,405.83188
2025-06-19 23:27:20+07:00,4311,26.20000,76.70000,34.70000,50.30000,4.27734,405.49411
2025-06-19 23:28:09+07:00,4312,26.20000,76.80000,36.50000,52.20000,4.34201,405.70071
2025-06-19 23:29:05+07:00,4313,26.10000,76.80000,34.40000,51.60000,3.80467,405.58185
2025-06-19 23:29:54+07:00,4314,26.10000,76.90000,35.30000,52.70000,4.44526,405.78113
2025-06-19 23:30:44+07:00,4315,26.10000,77.00000,34.60000,50.50000,4.37932,405.81152
2025-06-19 23:31:33+07:00,4316,26.10000,77.10000,35.10000,53.50000,4.36063,405.69073
2025-06-19 23:32:22+07:00,4317,26.20000,76.80000,35.40000,56.70000,4.36063,405.82169
2025-06-19 23:33:12+07:00,4318,26.20000,76.70000,33.90000,51.70000,3.86340,404.44611
2025-06-19 23:34:01+07:00,4319,26.20000,76.50000,35.20000,54.40000,4.01784,405.87274
2025-06-19 23:34:51+07:00,4320,26.10000,76.70000,34.70000,54.80000,4.04407,405.88300
2025-06-19 23:35:40+07:00,4321,26.20000,76.80000,35.10000,55.00000,3.78803,406.07016
2025-06-19 23:36:30+07:00,4322,26.20000,76.60000,35.00000,53.40000,3.87185,405.84207
2025-06-19 23:38:17+07:00,4323,26.10000,76.90000,34.10000,52.90000,4.38870,405.97595
2025-06-19 23:40:01+07:00,4324,26.10000,77.10000,34.40000,51.80000,4.46425,405.91385
2025-06-19 23:40:53+07:00,4325,26.10000,77.10000,33.70000,52.80000,4.35132,406.02814
2025-06-19 23:41:46+07:00,4326,26.00000,77.10000,34.50000,52.20000,4.30496,405.91385
2025-06-19 23:42:36+07:00,4327,26.00000,77.20000,35.20000,51.00000,4.47377,405.89325
2025-06-19 23:43:25+07:00,4328,26.00000,77.20000,34.90000,52.50000,3.98309,406.05963
2025-06-19 23:44:15+07:00,4329,26.00000,77.30000,35.80000,55.40000,4.46425,406.05963
2025-06-19 23:45:04+07:00,4330,26.10000,77.30000,34.40000,51.90000,4.53124,406.07016
2025-06-19 23:45:53+07:00,4331,26.10000,77.20000,34.70000,52.20000,4.50243,406.12305
2025-06-19 23:46:43+07:00,4332,26.10000,77.10000,34.20000,53.40000,4.54088,405.90353
2025-06-19 23:47:32+07:00,4333,26.10000,77.10000,34.60000,51.70000,4.53124,406.05963
2025-06-19 23:48:29+07:00,4334,26.10000,77.20000,34.20000,52.70000,4.48331,406.00723
2025-06-19 23:49:24+07:00,4335,26.10000,77.30000,33.80000,49.90000,4.56990,405.05435
2025-06-19 23:50:14+07:00,4336,26.10000,77.20000,34.30000,51.00000,4.24987,405.92416
2025-06-19 23:51:04+07:00,4337,26.10000,77.20000,34.40000,51.30000,3.85497,406.13367
2025-06-19 23:51:53+07:00,4338,26.10000,77.40000,33.60000,54.20000,4.51202,406.10184
2025-06-19 23:52:49+07:00,4339,26.00000,77.40000,34.30000,51.30000,4.50243,406.01767
2025-06-19 23:53:40+07:00,4340,26.00000,77.40000,33.10000,52.60000,4.56021,405.63113
2025-06-19 23:54:29+07:00,4341,26.00000,77.50000,34.20000,52.40000,3.83814,406.25153
2025-06-19 23:55:22+07:00,4342,26.00000,77.60000,35.50000,53.50000,4.51202,406.14429
2025-06-19 23:56:12+07:00,4343,26.00000,77.60000,33.40000,51.20000,4.55054,406.05963
2025-06-19 23:57:02+07:00,4344,26.00000,77.60000,34.50000,52.20000,4.44526,405.87274
2025-06-19 23:57:52+07:00,4345,26.00000,77.60000,33.50000,51.00000,4.51202,406.07016
2025-06-19 23:58:41+07:00,4346,26.00000,77.50000,33.00000,51.70000,4.53124,406.08072
2025-06-19 23:59:31+07:00,4347,26.00000,77.50000,34.30000,53.00000,4.05284,405.46509
2025-06-20 00:00:23+07:00,4348,26.00000,77.50000,34.50000,55.30000,4.38870,405.98636
2025-06-20 00:01:12+07:00,4349,26.00000,77.60000,35.40000,52.50000,4.62839,406.28403
2025-06-20 00:02:02+07:00,4350,26.00000,77.60000,34.40000,53.00000,4.71729,406.20844
2025-06-20 00:02:54+07:00,4351,26.00000,77.60000,35.20000,50.40000,4.62839,406.33847
2025-06-20 00:03:43+07:00,4352,26.00000,77.60000,34.90000,51.30000,4.77735,406.31662
2025-06-20 00:05:25+07:00,4353,25.90000,77.50000,34.50000,52.60000,4.87884,406.31662
2025-06-20 00:06:14+07:00,4354,26.00000,77.60000,34.60000,54.00000,4.71729,406.25153
2025-06-20 00:07:03+07:00,4355,26.00000,77.50000,34.50000,52.40000,4.63820,406.21921
2025-06-20 00:07:53+07:00,4356,25.90000,77.50000,33.50000,54.00000,4.73724,406.28403
2025-06-20 00:08:45+07:00,4357,26.00000,77.50000,33.00000,49.80000,4.22255,406.13367
2025-06-20 00:09:35+07:00,4358,26.00000,77.50000,33.40000,51.60000,4.66773,406.39331
2025-06-20 00:10:24+07:00,4359,25.90000,77.50000,34.80000,54.20000,4.69742,406.05963
2025-06-20 00:11:14+07:00,4360,25.90000,77.50000,34.80000,49.50000,4.62839,406.18701
2025-06-20 00:12:03+07:00,4361,26.00000,77.50000,34.00000,53.60000,4.56990,406.14429
2025-06-20 00:12:57+07:00,4362,26.00000,77.40000,32.60000,51.60000,4.47377,405.86249
2025-06-20 00:13:46+07:00,4363,26.00000,77.40000,33.70000,50.40000,4.32345,405.99680
2025-06-20 00:14:44+07:00,4364,26.00000,77.50000,33.10000,49.10000,4.58933,405.73077
2025-06-20 00:16:32+07:00,4365,25.90000,77.50000,33.30000,50.50000,4.58933,405.90353
2025-06-20 00:17:24+07:00,4366,26.00000,77.40000,32.80000,49.80000,4.55054,406.13367
2025-06-20 00:18:14+07:00,4367,26.00000,77.40000,35.30000,51.10000,4.63820,405.99680
2025-06-20 00:19:08+07:00,4368,25.90000,77.40000,34.60000,52.80000,4.13251,405.85226
2025-06-20 00:20:04+07:00,4369,25.90000,77.50000,32.30000,46.50000,4.38870,405.81152
2025-06-20 00:21:26+07:00,4370,25.90000,77.40000,33.50000,52.70000,4.67761,405.43625
2025-06-20 00:21:58+07:00,4371,25.90000,77.40000,32.00000,47.90000,4.64803,405.99680
2025-06-20 00:22:50+07:00,4372,25.90000,77.40000,33.70000,52.60000,4.61860,406.14429
2025-06-20 00:23:39+07:00,4373,25.90000,77.40000,34.10000,49.00000,4.47377,406.20844
2025-06-20 00:24:34+07:00,4374,25.90000,77.40000,34.10000,49.70000,4.64803,405.94482
2025-06-20 00:25:32+07:00,4375,25.90000,77.30000,34.50000,52.70000,4.48331,406.09128
2025-06-20 00:26:22+07:00,4376,26.00000,77.20000,33.00000,50.60000,4.61860,406.12305
2025-06-20 00:27:12+07:00,4377,26.00000,77.00000,34.50000,51.90000,3.07030,405.42664
2025-06-20 00:28:02+07:00,4378,26.00000,77.00000,33.80000,53.80000,4.52162,406.00723
2025-06-20 00:28:51+07:00,4379,26.10000,76.80000,33.60000,49.80000,4.48331,405.60153
2025-06-20 00:29:41+07:00,4380,26.00000,76.90000,33.20000,50.30000,4.13251,405.97595
2025-06-20 00:30:30+07:00,4381,26.00000,76.80000,35.10000,52.80000,4.62839,405.72073
2025-06-20 00:31:20+07:00,4382,26.00000,76.90000,33.90000,51.60000,4.59907,406.21921
2025-06-20 00:32:09+07:00,4383,26.00000,76.90000,35.80000,53.30000,4.80761,406.16562
2025-06-20 00:32:58+07:00,4384,26.10000,76.80000,34.50000,53.20000,4.56990,405.88300
2025-06-20 00:33:48+07:00,4385,26.10000,76.70000,35.40000,58.30000,4.58933,406.10184
2025-06-20 00:34:37+07:00,4386,26.10000,76.70000,36.10000,54.20000,4.24075,405.98636
2025-06-20 00:35:27+07:00,4387,26.10000,76.60000,33.40000,50.60000,4.08809,406.09128
2025-06-20 00:36:16+07:00,4388,26.10000,76.60000,34.40000,50.70000,4.72726,406.00723
2025-06-20 00:37:05+07:00,4389,26.10000,76.70000,35.50000,55.70000,4.69742,406.12305
2025-06-20 00:37:55+07:00,4390,26.10000,76.60000,34.90000,52.50000,4.69742,406.12305
2025-06-20 00:38:44+07:00,4391,26.00000,76.70000,32.40000,49.90000,4.45475,406.07016
2025-06-20 00:39:34+07:00,4392,26.00000,76.80000,33.60000,49.50000,4.50243,404.34164
2025-06-20 00:40:23+07:00,4393,25.90000,76.90000,34.90000,52.80000,4.58933,406.00723
2025-06-20 00:41:13+07:00,4394,25.90000,77.00000,34.10000,52.60000,4.61860,406.05963
2025-06-20 00:42:02+07:00,4395,25.90000,76.90000,33.50000,53.60000,4.28653,405.88300
2025-06-20 00:42:54+07:00,4396,25.90000,76.80000,34.00000,52.00000,4.53124,405.97595
2025-06-20 00:43:43+07:00,4397,26.00000,76.50000,34.50000,54.10000,4.78741,405.32205
2025-06-20 00:44:32+07:00,4398,26.00000,76.60000,33.80000,54.10000,4.63820,405.94482
2025-06-20 00:45:22+07:00,4399,25.90000,76.60000,35.00000,52.70000,4.60883,406.05963
2025-06-20 00:47:03+07:00,4400,26.00000,76.60000,35.90000,55.50000,4.78741,406.24075
2025-06-20 00:47:52+07:00,4401,26.00000,76.30000,35.10000,53.00000,4.68750,406.17630
2025-06-20 00:48:42+07:00,4402,26.00000,76.40000,35.90000,56.40000,4.80761,406.11243
2025-06-20 00:49:31+07:00,4403,26.00000,76.40000,34.10000,55.40000,4.75726,406.22995
2025-06-20 00:50:20+07:00,4404,26.00000,76.10000,34.50000,56.50000,4.69742,406.11243
2025-06-20 00:51:10+07:00,4405,26.00000,76.10000,34.50000,53.60000,4.75726,406.13367
2025-06-20 00:51:59+07:00,4406,25.90000,76.30000,34.90000,54.20000,4.73724,406.20844
2025-06-20 00:52:49+07:00,4407,25.90000,76.30000,32.60000,50.70000,3.98309,406.08072
2025-06-20 00:53:38+07:00,4408,25.90000,76.40000,34.80000,59.70000,4.69742,406.17630
2025-06-20 00:54:27+07:00,4409,25.90000,76.30000,34.00000,50.50000,4.20441,406.14429
2025-06-20 00:55:17+07:00,4410,25.90000,76.40000,35.40000,54.20000,4.77735,405.95520
2025-06-20 00:56:06+07:00,4411,25.90000,76.40000,34.70000,54.40000,4.04407,406.12305
2025-06-20 00:56:56+07:00,4412,25.90000,76.30000,34.40000,53.60000,4.72726,406.08072
2025-06-20 00:58:37+07:00,4413,25.90000,76.40000,34.00000,52.30000,4.80761,406.04913
2025-06-20 00:59:26+07:00,4414,25.90000,76.30000,35.20000,55.10000,4.70735,406.09128
2025-06-20 01:00:15+07:00,4415,25.90000,76.40000,33.90000,55.60000,4.76729,406.03864
2025-06-20 01:01:08+07:00,4416,25.90000,76.60000,34.00000,52.70000,4.72726,406.01767
2025-06-20 01:01:57+07:00,4417,25.90000,76.40000,34.70000,52.20000,4.83803,406.05963
2025-06-20 01:02:47+07:00,4418,25.90000,76.40000,33.30000,51.00000,4.08809,405.90353
2025-06-20 01:03:37+07:00,4419,25.90000,76.60000,33.40000,51.20000,4.65787,405.97595
2025-06-20 01:04:26+07:00,4420,25.90000,76.50000,33.90000,52.00000,4.03531,405.99680
2025-06-20 01:05:16+07:00,4421,25.90000,76.50000,34.30000,52.80000,4.71729,405.97595
2025-06-20 01:06:05+07:00,4422,25.90000,76.50000,35.00000,53.10000,4.77735,405.89325
2025-06-20 01:06:55+07:00,4423,25.90000,76.40000,34.80000,53.30000,4.66773,406.05963
2025-06-20 01:07:48+07:00,4424,25.90000,76.40000,33.60000,52.00000,4.20441,405.96558
2025-06-20 01:08:37+07:00,4425,25.90000,76.50000,34.20000,54.60000,4.68750,405.94482
2025-06-20 01:09:27+07:00,4426,25.90000,76.50000,34.30000,51.30000,4.75726,406.04913
2025-06-20 01:10:17+07:00,4427,25.90000,76.40000,33.00000,49.60000,4.66773,405.95520
2025-06-20 01:11:06+07:00,4428,25.90000,76.40000,34.30000,55.30000,4.19537,406.08072
2025-06-20 01:11:56+07:00,4429,25.90000,76.30000,33.80000,50.30000,4.67761,405.97595
2025-06-20 01:12:45+07:00,4430,25.90000,76.20000,33.80000,51.00000,4.80761,405.56226
2025-06-20 01:13:35+07:00,4431,25.90000,76.30000,34.50000,53.00000,4.69742,405.94482
2025-06-20 01:14:25+07:00,4432,25.90000,76.30000,35.30000,53.10000,4.59907,405.96558
2025-06-20 01:15:14+07:00,4433,25.90000,76.30000,33.80000,51.60000,4.70735,405.88300
2025-06-20 01:16:04+07:00,4434,25.90000,76.30000,34.00000,53.10000,4.72726,405.85226
2025-06-20 01:16:53+07:00,4435,25.90000,76.40000,33.10000,51.70000,4.63820,405.92416
2025-06-20 01:17:43+07:00,4436,25.90000,76.30000,35.10000,54.60000,4.71729,405.88300
2025-06-20 01:18:32+07:00,4437,25.90000,76.30000,33.80000,52.10000,4.71729,405.93448
2025-06-20 01:19:22+07:00,4438,25.90000,76.10000,35.40000,55.50000,4.67761,405.77103
2025-06-20 01:20:11+07:00,4439,26.00000,76.10000,32.50000,51.70000,4.66773,405.86249
2025-06-20 01:21:01+07:00,4440,25.90000,76.10000,35.00000,54.20000,4.75726,405.90353
2025-06-20 01:21:50+07:00,4441,25.90000,76.30000,33.50000,50.10000,4.73724,405.85226
2025-06-20 01:22:39+07:00,4442,25.90000,76.30000,32.20000,51.50000,4.56990,405.87274
2025-06-20 01:23:30+07:00,4443,25.80000,76.40000,33.70000,53.40000,4.66773,405.90353
2025-06-20 01:24:19+07:00,4444,25.80000,76.50000,33.30000,53.40000,4.07926,405.92416
2025-06-20 01:25:09+07:00,4445,25.80000,76.50000,32.60000,50.40000,4.63820,405.84207
2025-06-20 01:26:02+07:00,4446,25.80000,76.50000,33.20000,51.60000,4.67761,405.83188
2025-06-20 01:26:52+07:00,4447,25.80000,76.50000,32.80000,51.70000,4.49286,405.82169
2025-06-20 01:27:42+07:00,4448,25.80000,76.50000,32.70000,50.80000,4.58933,405.92416
2025-06-20 01:28:31+07:00,4449,25.80000,76.50000,33.40000,52.20000,4.50243,405.87274
2025-06-20 01:29:20+07:00,4450,25.80000,76.60000,31.60000,51.20000,4.62839,405.80139
2025-06-20 01:30:10+07:00,4451,25.80000,76.60000,33.80000,54.10000,4.60883,405.89325
2025-06-20 01:30:59+07:00,4452,25.80000,76.60000,33.50000,53.80000,4.62839,405.72073
2025-06-20 01:31:48+07:00,4453,25.80000,76.50000,33.70000,51.40000,4.52162,405.84207
2025-06-20 01:32:41+07:00,4454,25.90000,76.30000,33.00000,51.00000,4.56021,405.80139
2025-06-20 01:33:30+07:00,4455,25.80000,76.40000,32.10000,50.10000,4.70735,405.88300
2025-06-20 01:34:20+07:00,4456,25.80000,76.30000,33.10000,49.10000,4.01784,405.89325
2025-06-20 01:35:09+07:00,4457,25.80000,76.20000,31.60000,48.80000,4.60883,405.86249
2025-06-20 01:36:01+07:00,4458,25.80000,76.40000,32.50000,47.10000,4.62839,405.80139
2025-06-20 01:36:50+07:00,4459,25.80000,76.40000,34.00000,54.30000,3.88879,404.98254
2025-06-20 01:37:40+07:00,4460,25.80000,76.50000,31.50000,48.50000,4.59907,405.80139
2025-06-20 01:38:29+07:00,4461,25.80000,76.50000,35.10000,54.20000,4.55054,405.88300
2025-06-20 01:39:19+07:00,4462,25.80000,76.50000,33.90000,51.30000,4.51202,405.79126
2025-06-20 01:40:08+07:00,4463,25.80000,76.50000,34.80000,56.30000,4.52162,405.69073
2025-06-20 01:40:58+07:00,4464,25.80000,76.50000,33.70000,53.00000,4.60883,405.74081
2025-06-20 01:41:47+07:00,4465,25.80000,76.30000,33.40000,51.30000,4.36063,405.42664
2025-06-20 01:42:37+07:00,4466,25.90000,76.20000,34.00000,52.30000,4.39808,405.76093
2025-06-20 01:43:26+07:00,4467,25.80000,76.20000,34.70000,52.30000,3.69756,405.80139
2025-06-20 01:44:15+07:00,4468,25.80000,76.30000,35.50000,55.20000,4.54088,405.73077
2025-06-20 01:45:05+07:00,4469,25.80000,76.30000,34.30000,50.80000,4.43579,405.66086
2025-06-20 01:45:57+07:00,4470,25.80000,76.20000,34.10000,54.50000,4.38870,405.67081
2025-06-20 01:46:46+07:00,4471,25.80000,76.20000,33.30000,53.10000,4.41690,405.68076
2025-06-20 01:47:35+07:00,4472,25.80000,76.20000,32.90000,51.50000,4.49286,405.66086
2025-06-20 01:48:29+07:00,4473,25.80000,76.30000,33.90000,52.40000,4.37932,405.46509
2025-06-20 01:49:19+07:00,4474,25.70000,76.40000,33.50000,51.90000,4.35132,405.58185
2025-06-20 01:50:08+07:00,4475,25.80000,76.40000,32.00000,53.30000,4.30496,405.44583
2025-06-20 01:50:57+07:00,4476,25.70000,76.30000,33.80000,54.20000,4.30496,405.57205
2025-06-20 01:51:47+07:00,4477,25.70000,76.30000,34.70000,53.20000,4.41690,405.57205
2025-06-20 01:52:36+07:00,4478,25.70000,76.50000,33.80000,52.70000,4.41690,405.63113
2025-06-20 01:53:25+07:00,4479,25.70000,76.40000,35.00000,55.60000,4.41690,405.76093
2025-06-20 01:54:15+07:00,4480,25.70000,76.40000,34.60000,55.40000,4.36997,405.75085
2025-06-20 01:55:04+07:00,4481,25.70000,76.30000,33.10000,52.60000,4.40748,405.65094
2025-06-20 01:55:54+07:00,4482,25.70000,76.20000,33.30000,51.20000,4.44526,405.70071
2025-06-20 01:56:43+07:00,4483,25.70000,76.20000,34.30000,54.10000,4.04407,405.68076
2025-06-20 01:57:32+07:00,4484,25.70000,76.20000,33.10000,52.60000,3.79634,405.63113
2025-06-20 01:58:23+07:00,4485,25.70000,76.20000,34.20000,52.90000,4.21347,405.80139
2025-06-20 01:59:12+07:00,4486,25.70000,76.20000,34.70000,54.80000,4.47377,405.52322
2025-06-20 02:00:01+07:00,4487,25.70000,76.00000,33.10000,52.50000,4.24075,405.69073
2025-06-20 02:00:54+07:00,4488,25.80000,76.00000,34.20000,53.50000,4.45475,405.50378
2025-06-20 02:01:47+07:00,4489,25.70000,76.10000,34.10000,55.00000,4.36997,405.73077
2025-06-20 02:02:37+07:00,4490,25.70000,76.10000,33.60000,52.10000,4.48331,405.77103
2025-06-20 02:03:29+07:00,4491,25.70000,76.00000,34.20000,54.90000,3.95719,405.46509
2025-06-20 02:04:19+07:00,4492,25.70000,75.90000,35.40000,57.20000,3.76318,405.72073
2025-06-20 02:05:08+07:00,4493,25.70000,76.00000,35.00000,55.00000,4.46425,405.61139
2025-06-20 02:05:57+07:00,4494,25.70000,76.00000,35.20000,52.80000,4.55054,405.57205
2025-06-20 02:06:47+07:00,4495,25.70000,76.00000,34.90000,55.00000,4.27734,405.82169
2025-06-20 02:07:36+07:00,4496,25.70000,76.10000,35.10000,53.20000,4.02657,405.96558
2025-06-20 02:08:25+07:00,4497,25.70000,76.10000,37.10000,58.30000,4.66773,405.84207
2025-06-20 02:09:15+07:00,4498,25.70000,76.10000,35.40000,56.00000,4.72726,405.84207
2025-06-20 02:10:04+07:00,4499,25.70000,76.10000,35.20000,56.60000,4.67761,405.94482
2025-06-20 02:10:54+07:00,4500,25.70000,76.10000,37.40000,58.30000,4.76729,405.99680
2025-06-20 02:11:43+07:00,4501,25.70000,76.00000,34.90000,53.80000,4.77735,405.81152
2025-06-20 02:12:32+07:00,4502,25.70000,76.00000,34.80000,57.80000,4.73724,405.82169
2025-06-20 02:13:22+07:00,4503,25.70000,76.10000,34.70000,53.20000,4.58933,405.88300
2025-06-20 02:14:11+07:00,4504,25.70000,76.10000,34.20000,56.30000,4.70735,405.99680
2025-06-20 02:15:01+07:00,4505,25.70000,76.10000,35.60000,54.00000,4.60883,405.71072
2025-06-20 02:15:50+07:00,4506,25.70000,76.10000,36.30000,59.00000,4.49286,405.71072
2025-06-20 02:16:39+07:00,4507,25.60000,76.00000,36.20000,53.90000,4.53124,405.16373
2025-06-20 02:17:29+07:00,4508,25.70000,76.00000,36.50000,58.30000,4.17733,405.59167
2025-06-20 02:18:20+07:00,4509,25.70000,76.00000,36.00000,57.00000,4.56021,405.90353
2025-06-20 02:19:09+07:00,4510,25.70000,75.90000,35.00000,55.20000,4.11470,405.39795
2025-06-20 02:19:59+07:00,4511,25.70000,76.00000,36.90000,57.20000,4.22255,405.90353
2025-06-20 02:20:48+07:00,4512,25.70000,76.00000,36.00000,58.30000,4.00913,405.96558
2025-06-20 02:21:38+07:00,4513,25.70000,75.90000,35.20000,58.10000,4.56990,405.84207
2025-06-20 02:22:27+07:00,4514,25.70000,76.00000,35.70000,56.50000,4.67761,405.38840
2025-06-20 02:23:16+07:00,4515,25.60000,76.00000,36.20000,57.00000,4.68750,405.87274
2025-06-20 02:24:06+07:00,4516,25.60000,75.90000,36.00000,55.70000,4.75726,405.86249
2025-06-20 02:24:55+07:00,4517,25.60000,75.90000,35.20000,55.10000,4.19537,405.16373
2025-06-20 02:25:45+07:00,4518,25.60000,75.90000,36.50000,57.70000,4.84820,405.89325
2025-06-20 02:26:34+07:00,4519,25.60000,75.90000,36.50000,58.70000,4.59907,405.83188
2025-06-20 02:27:24+07:00,4520,25.70000,75.80000,38.00000,57.10000,4.69742,405.90353
2025-06-20 02:28:13+07:00,4521,25.70000,75.70000,37.90000,62.50000,4.87884,405.82169
2025-06-20 02:29:02+07:00,4522,25.70000,75.60000,37.20000,61.10000,4.76729,405.88300
2025-06-20 02:29:52+07:00,4523,25.80000,75.60000,36.70000,55.90000,4.72726,405.97595
2025-06-20 02:30:41+07:00,4524,25.80000,75.50000,36.90000,57.90000,4.72726,405.83188
2025-06-20 02:31:31+07:00,4525,25.80000,75.40000,35.90000,57.80000,4.77735,405.86249
2025-06-20 02:32:20+07:00,4526,25.90000,75.30000,37.30000,54.80000,4.72726,405.82169
2025-06-20 02:33:09+07:00,4527,25.80000,75.30000,38.70000,62.20000,4.78741,405.94482
2025-06-20 02:33:59+07:00,4528,25.80000,75.40000,36.80000,56.10000,4.04407,405.90353
2025-06-20 02:34:48+07:00,4529,25.80000,75.40000,36.70000,59.20000,4.76729,405.86249
2025-06-20 02:35:38+07:00,4530,25.80000,75.40000,37.70000,58.70000,4.75726,405.84207
2025-06-20 02:36:27+07:00,4531,25.80000,75.40000,36.10000,56.00000,4.03531,405.89325
2025-06-20 02:37:17+07:00,4532,25.80000,75.50000,37.00000,58.60000,4.00913,405.91385
2025-06-20 02:38:06+07:00,4533,25.80000,75.30000,35.90000,55.70000,4.75726,405.93448
2025-06-20 02:38:55+07:00,4534,25.80000,75.40000,36.30000,56.90000,4.70735,405.87274
2025-06-20 02:39:45+07:00,4535,25.80000,75.50000,38.40000,57.10000,4.77735,405.88300
2025-06-20 02:40:34+07:00,4536,25.80000,75.60000,35.70000,58.50000,4.11470,405.82169
2025-06-20 02:41:24+07:00,4537,25.80000,75.50000,35.90000,55.60000,4.78741,405.88300
2025-06-20 02:42:13+07:00,4538,25.70000,75.70000,36.30000,57.10000,4.73724,404.89395
2025-06-20 02:43:02+07:00,4539,25.70000,75.50000,38.70000,61.10000,4.54088,405.77103
2025-06-20 02:43:52+07:00,4540,25.70000,75.60000,37.10000,58.20000,4.49286,405.86249
2025-06-20 02:44:41+07:00,4541,25.70000,75.70000,38.20000,57.40000,4.71729,405.76093
2025-06-20 02:45:30+07:00,4542,25.80000,75.60000,37.10000,58.10000,4.76729,405.84207
2025-06-20 02:46:20+07:00,4543,25.70000,75.60000,37.90000,57.80000,4.60883,405.76093
2025-06-20 02:47:09+07:00,4544,25.80000,75.50000,37.40000,56.00000,4.76729,405.71072
2025-06-20 02:47:59+07:00,4545,25.80000,75.40000,36.80000,56.10000,4.69742,405.79126
2025-06-20 02:48:48+07:00,4546,25.80000,75.50000,37.90000,58.70000,4.76729,405.82169
2025-06-20 02:49:40+07:00,4547,25.80000,75.50000,37.30000,56.80000,3.96581,405.72073
2025-06-20 02:50:30+07:00,4548,25.80000,75.40000,36.80000,58.40000,4.59907,405.67081
2025-06-20 02:51:19+07:00,4549,25.80000,75.40000,36.90000,61.60000,4.59907,405.74081
2025-06-20 02:52:09+07:00,4550,25.80000,75.50000,37.20000,59.80000,4.62839,405.80139
2025-06-20 02:52:58+07:00,4551,25.80000,75.40000,35.20000,55.60000,4.13251,405.70071
2025-06-20 02:53:51+07:00,4552,25.80000,75.40000,37.00000,58.50000,4.74724,405.84207
2025-06-20 02:54:41+07:00,4553,25.80000,75.20000,35.70000,55.80000,4.62839,405.75085
2025-06-20 02:55:31+07:00,4554,25.80000,75.40000,35.80000,56.30000,4.64803,404.85889
2025-06-20 02:56:20+07:00,4555,25.70000,75.50000,36.50000,57.80000,4.58933,405.78113
2025-06-20 02:57:13+07:00,4556,25.70000,75.50000,36.40000,56.90000,4.70735,405.74081
2025-06-20 02:58:02+07:00,4557,25.70000,75.40000,37.00000,55.30000,4.45475,405.72073
2025-06-20 02:58:51+07:00,4558,25.70000,75.30000,36.60000,58.50000,4.61860,405.74081
2025-06-20 02:59:41+07:00,4559,25.80000,75.30000,35.90000,56.80000,4.64803,405.72073
2025-06-20 03:00:30+07:00,4560,25.80000,75.20000,34.50000,53.40000,4.51202,405.73077
2025-06-20 03:01:19+07:00,4561,25.80000,75.10000,38.00000,59.00000,4.54088,405.61139
2025-06-20 03:02:09+07:00,4562,25.70000,75.40000,36.10000,56.50000,4.30496,405.71072
2025-06-20 03:02:58+07:00,4563,25.70000,75.40000,35.90000,54.40000,4.56990,405.55249
2025-06-20 03:03:48+07:00,4564,25.80000,75.30000,36.90000,56.20000,4.63820,405.65094
2025-06-20 03:04:37+07:00,4565,25.80000,75.30000,35.90000,55.10000,4.60883,405.75085
2025-06-20 03:05:26+07:00,4566,25.80000,75.00000,35.80000,56.30000,4.56021,405.58185
2025-06-20 03:06:16+07:00,4567,25.90000,74.60000,36.00000,55.90000,4.56021,405.64102
2025-06-20 03:07:05+07:00,4568,25.90000,74.70000,35.70000,56.10000,4.24987,405.71072
2025-06-20 03:07:55+07:00,4569,25.80000,74.70000,34.50000,55.20000,4.31420,405.66086
2025-06-20 03:08:44+07:00,4570,25.80000,74.90000,34.80000,54.60000,4.49286,405.58185
2025-06-20 03:09:34+07:00,4571,25.80000,75.00000,34.70000,53.30000,4.67761,405.65094
2025-06-20 03:10:23+07:00,4572,25.80000,74.90000,35.00000,53.50000,4.49286,405.70071
2025-06-20 03:11:16+07:00,4573,25.80000,74.90000,35.90000,56.30000,4.40748,405.63113
2025-06-20 03:12:06+07:00,4574,25.80000,74.90000,35.10000,54.60000,4.55054,405.59167
2025-06-20 03:12:55+07:00,4575,25.80000,75.00000,35.10000,53.60000,4.64803,405.70071
2025-06-20 03:13:45+07:00,4576,25.70000,74.90000,35.10000,55.30000,4.53124,405.63113
2025-06-20 03:14:34+07:00,4577,25.80000,74.90000,34.30000,51.60000,4.52162,405.68076
2025-06-20 03:15:23+07:00,4578,25.80000,74.90000,34.10000,52.30000,4.00043,405.60153
2025-06-20 03:16:13+07:00,4579,25.80000,74.80000,34.80000,53.70000,4.28653,405.59167
2025-06-20 03:17:03+07:00,4580,25.80000,74.90000,35.20000,54.90000,3.98309,405.62125
2025-06-20 03:17:52+07:00,4581,25.80000,74.70000,34.80000,53.20000,4.52162,405.69073
2025-06-20 03:18:42+07:00,4582,25.90000,74.70000,33.70000,51.10000,4.47377,405.67081
2025-06-20 03:19:36+07:00,4583,25.80000,74.60000,34.00000,53.20000,4.56021,405.59167
2025-06-20 03:20:29+07:00,4584,25.80000,74.40000,34.30000,51.90000,4.53124,405.66086
2025-06-20 03:21:23+07:00,4585,25.70000,74.80000,33.40000,54.50000,4.43579,405.70071
2025-06-20 03:22:13+07:00,4586,25.70000,74.70000,33.30000,49.90000,4.52162,405.62125
2025-06-20 03:23:02+07:00,4587,25.60000,74.70000,33.90000,51.50000,4.53124,405.53296
2025-06-20 03:23:53+07:00,4588,25.70000,74.90000,35.80000,56.90000,4.50243,405.65094
2025-06-20 03:24:42+07:00,4589,25.70000,74.90000,34.30000,55.30000,4.56021,405.61139
2025-06-20 03:25:32+07:00,4590,25.70000,74.70000,32.90000,48.30000,4.50243,405.62125
2025-06-20 03:26:21+07:00,4591,25.60000,74.70000,34.70000,52.10000,4.47377,405.72073
2025-06-20 03:27:11+07:00,4592,25.70000,74.70000,33.50000,52.60000,4.49286,405.63113
2025-06-20 03:28:52+07:00,4593,25.60000,74.90000,33.80000,50.40000,4.56990,405.60153
2025-06-20 03:29:41+07:00,4594,25.60000,75.00000,32.80000,51.00000,4.41690,405.70071
2025-06-20 03:30:31+07:00,4595,25.50000,75.00000,34.40000,56.80000,4.47377,405.54272
2025-06-20 03:31:20+07:00,4596,25.50000,75.10000,33.10000,52.40000,4.02657,405.57205
2025-06-20 03:32:09+07:00,4597,25.50000,75.10000,34.70000,52.60000,4.58933,405.66086
2025-06-20 03:32:59+07:00,4598,25.60000,75.10000,33.40000,50.60000,4.51202,405.59167
2025-06-20 03:33:49+07:00,4599,25.60000,75.00000,34.00000,52.30000,4.43579,405.62125
2025-06-20 03:34:38+07:00,4600,25.60000,75.00000,33.10000,50.80000,4.39808,405.60153
2025-06-20 03:35:28+07:00,4601,25.60000,75.10000,35.10000,56.70000,4.44526,405.55249
2025-06-20 03:36:17+07:00,4602,25.60000,75.10000,34.10000,52.00000,4.49286,405.58185
2025-06-20 03:37:06+07:00,4603,25.60000,74.90000,34.90000,53.80000,4.57961,405.55249
2025-06-20 03:37:56+07:00,4604,25.60000,74.90000,33.80000,52.50000,4.42634,405.61139
2025-06-20 03:38:45+07:00,4605,25.70000,74.70000,34.90000,53.00000,4.47377,405.59167
2025-06-20 03:39:35+07:00,4606,25.70000,74.60000,34.10000,51.80000,4.47377,405.54272
2025-06-20 03:40:24+07:00,4607,25.70000,74.60000,34.90000,53.10000,4.54088,405.62125
2025-06-20 03:41:13+07:00,4608,25.60000,74.70000,33.80000,50.10000,4.42634,404.71222
2025-06-20 03:42:03+07:00,4609,25.70000,74.80000,34.70000,53.70000,4.41690,405.53296
2025-06-20 03:42:52+07:00,4610,25.70000,74.70000,32.00000,50.50000,4.39808,405.54272
2025-06-20 03:43:42+07:00,4611,25.70000,74.30000,34.80000,52.20000,4.48331,405.44583
2025-06-20 03:44:31+07:00,4612,25.60000,74.50000,34.40000,53.40000,3.82975,405.56226
2025-06-20 03:45:20+07:00,4613,25.70000,74.40000,35.00000,54.50000,4.45475,405.60153
2025-06-20 03:46:10+07:00,4614,25.70000,74.40000,31.30000,48.70000,4.45475,405.54272
2025-06-20 03:46:59+07:00,4615,25.70000,74.70000,34.10000,51.10000,4.43579,405.51349
2025-06-20 03:47:48+07:00,4616,25.60000,74.80000,32.60000,49.90000,4.37932,405.59167
2025-06-20 03:48:38+07:00,4617,25.70000,74.70000,33.70000,48.70000,4.42634,405.56226
2025-06-20 03:49:27+07:00,4618,25.70000,74.50000,33.80000,50.80000,4.50243,405.60153
2025-06-20 03:50:17+07:00,4619,25.70000,74.50000,33.10000,50.00000,4.41690,405.61139
2025-06-20 03:51:06+07:00,4620,25.60000,74.50000,31.40000,48.70000,4.35132,405.44583
2025-06-20 03:51:55+07:00,4621,25.60000,74.60000,31.50000,48.90000,4.29574,405.35989
2025-06-20 03:52:45+07:00,4622,25.50000,74.60000,32.10000,49.50000,4.36063,405.51349
2025-06-20 03:53:34+07:00,4623,25.50000,74.60000,31.70000,48.10000,4.41690,405.47476
2025-06-20 03:54:24+07:00,4624,25.50000,74.60000,32.50000,51.40000,4.44526,405.54272
2025-06-20 03:55:13+07:00,4625,25.40000,74.60000,31.60000,46.80000,4.07926,405.42664
2025-06-20 03:56:05+07:00,4626,25.50000,74.70000,31.40000,51.50000,3.82975,405.54272
2025-06-20 03:56:55+07:00,4627,25.50000,74.60000,31.50000,50.60000,3.67319,405.54272
2025-06-20 03:57:44+07:00,4628,25.50000,74.60000,32.90000,47.80000,4.47377,405.54272
2025-06-20 03:58:33+07:00,4629,25.50000,74.70000,32.70000,48.00000,4.45475,405.50378
2025-06-20 03:59:23+07:00,4630,25.50000,74.60000,31.70000,50.10000,4.51202,405.55249
2025-06-20 04:00:12+07:00,4631,25.60000,74.40000,31.70000,50.70000,4.52162,405.48441
2025-06-20 04:01:02+07:00,4632,25.50000,74.40000,32.00000,50.00000,4.63820,405.77103
2025-06-20 04:01:51+07:00,4633,25.50000,74.40000,33.20000,50.20000,4.13251,405.83188
2025-06-20 04:02:41+07:00,4634,25.50000,74.50000,31.30000,49.10000,4.82787,405.80139
2025-06-20 04:03:30+07:00,4635,25.50000,74.50000,32.00000,49.70000,4.77735,405.83188
2025-06-20 04:04:19+07:00,4636,25.50000,74.40000,30.30000,47.10000,4.77735,405.83188
2025-06-20 04:05:09+07:00,4637,25.50000,74.50000,32.10000,47.30000,4.84820,405.97595
2025-06-20 04:05:58+07:00,4638,25.50000,74.50000,32.70000,51.20000,4.87884,406.04913
2025-06-20 04:06:47+07:00,4639,25.50000,74.50000,32.00000,50.00000,4.82787,405.94482
2025-06-20 04:07:37+07:00,4640,25.50000,74.50000,32.10000,51.30000,4.87884,405.97595
2025-06-20 04:08:26+07:00,4641,25.50000,74.60000,30.80000,44.70000,4.89935,405.93448
2025-06-20 04:09:16+07:00,4642,25.50000,74.50000,32.20000,50.30000,4.97171,405.90353
2025-06-20 04:10:05+07:00,4643,25.50000,74.50000,31.60000,48.30000,4.82787,406.00723
2025-06-20 04:10:55+07:00,4644,25.40000,74.50000,31.00000,46.00000,4.84820,405.97595
2025-06-20 04:11:44+07:00,4645,25.40000,74.50000,31.50000,48.50000,4.93026,405.88300
2025-06-20 04:12:33+07:00,4646,25.40000,74.60000,31.10000,47.40000,4.88909,405.96558
2025-06-20 04:13:25+07:00,4647,25.50000,74.50000,31.20000,46.70000,4.77735,405.99680
2025-06-20 04:14:15+07:00,4648,25.50000,74.50000,31.50000,50.40000,4.23164,405.91385
2025-06-20 04:15:04+07:00,4649,25.50000,74.40000,31.20000,47.70000,4.49286,405.92416
2025-06-20 04:15:54+07:00,4650,25.50000,74.40000,31.70000,48.30000,4.76729,405.94482
2025-06-20 04:16:44+07:00,4651,25.50000,74.50000,31.50000,46.40000,4.83803,405.95520
2025-06-20 04:17:33+07:00,4652,25.50000,74.40000,30.60000,43.80000,4.75726,405.92416
2025-06-20 04:18:22+07:00,4653,25.40000,74.40000,30.20000,45.40000,4.87884,405.97595
2025-06-20 04:19:12+07:00,4654,25.40000,74.30000,32.30000,50.20000,4.73724,406.02814
2025-06-20 04:20:01+07:00,4655,25.40000,74.40000,31.40000,49.90000,4.93026,405.91385
2025-06-20 04:20:51+07:00,4656,25.50000,74.30000,30.50000,50.80000,4.72726,405.91385
2025-06-20 04:22:47+07:00,4657,25.50000,74.20000,30.10000,48.40000,4.22255,406.00723
2025-06-20 04:23:36+07:00,4658,25.40000,74.20000,29.80000,45.30000,4.83803,405.91385
2025-06-20 04:24:26+07:00,4659,25.40000,74.30000,30.40000,48.40000,4.74724,405.96558
2025-06-20 04:25:15+07:00,4660,25.40000,74.30000,30.30000,45.10000,4.75726,406.08072
2025-06-20 04:26:05+07:00,4661,25.40000,74.30000,31.40000,47.10000,4.88909,406.01767
2025-06-20 04:26:54+07:00,4662,25.40000,74.30000,30.60000,45.20000,4.82787,406.04913
2025-06-20 04:27:44+07:00,4663,25.40000,74.40000,29.80000,47.60000,4.61860,405.93448
2025-06-20 04:28:33+07:00,4664,25.40000,74.30000,31.00000,47.40000,4.06163,406.01767
2025-06-20 04:29:22+07:00,4665,25.40000,74.40000,31.40000,47.30000,4.67761,405.96558
2025-06-20 04:30:12+07:00,4666,25.40000,74.30000,30.00000,46.90000,4.81773,405.81152
2025-06-20 04:31:01+07:00,4667,25.40000,74.30000,30.80000,47.30000,4.77735,405.92416
2025-06-20 04:31:50+07:00,4668,25.40000,74.40000,32.40000,51.40000,4.78741,405.80139
2025-06-20 04:32:40+07:00,4669,25.40000,74.30000,31.60000,46.60000,4.69742,405.84207
2025-06-20 04:33:29+07:00,4670,25.50000,74.30000,30.50000,48.70000,4.63820,405.90353
2025-06-20 04:34:19+07:00,4671,25.50000,74.10000,30.50000,45.20000,4.58933,405.86249
2025-06-20 04:35:08+07:00,4672,25.60000,73.90000,30.10000,45.20000,3.93142,405.92416
2025-06-20 04:35:57+07:00,4673,25.60000,74.00000,29.80000,43.50000,4.63820,405.95520
2025-06-20 04:36:47+07:00,4674,25.50000,74.00000,29.20000,44.30000,4.66773,405.78113
2025-06-20 04:37:36+07:00,4675,25.50000,74.20000,29.90000,45.70000,4.16833,405.77103
2025-06-20 04:38:25+07:00,4676,25.50000,74.10000,31.30000,50.10000,4.54088,405.81152
2025-06-20 04:39:15+07:00,4677,25.50000,74.10000,29.90000,42.40000,4.52162,405.79126
2025-06-20 04:40:04+07:00,4678,25.50000,74.10000,30.40000,47.20000,4.13251,405.87274
2025-06-20 04:40:53+07:00,4679,25.50000,74.10000,30.50000,45.70000,4.64803,405.79126
2025-06-20 04:41:43+07:00,4680,25.40000,74.20000,30.50000,47.50000,3.88031,405.81152
2025-06-20 04:42:32+07:00,4681,25.40000,74.20000,29.30000,45.00000,4.51202,405.75085
2025-06-20 04:43:21+07:00,4682,25.50000,74.10000,29.30000,42.90000,4.14145,405.72073
2025-06-20 04:44:11+07:00,4683,25.50000,74.20000,30.70000,45.90000,4.60883,405.81152
2025-06-20 04:45:00+07:00,4684,25.40000,74.20000,30.60000,47.20000,4.49286,405.81152
2025-06-20 04:45:50+07:00,4685,25.50000,74.20000,29.70000,44.00000,3.97444,405.84207
2025-06-20 04:46:39+07:00,4686,25.50000,74.20000,29.70000,42.50000,4.61860,405.80139
2025-06-20 04:47:31+07:00,4687,25.40000,74.30000,30.10000,44.50000,3.99175,405.73077
2025-06-20 04:48:20+07:00,4688,25.50000,74.30000,31.30000,49.40000,4.60883,405.58185
2025-06-20 04:49:10+07:00,4689,25.50000,74.30000,30.50000,47.50000,4.48331,405.70071
2025-06-20 04:49:59+07:00,4690,25.50000,74.20000,30.30000,45.50000,4.43579,405.62125
2025-06-20 04:50:48+07:00,4691,25.50000,74.10000,29.10000,43.80000,4.47377,405.65094
2025-06-20 04:51:38+07:00,4692,25.50000,74.10000,29.00000,45.10000,4.44526,405.59167
2025-06-20 04:52:27+07:00,4693,25.50000,74.20000,30.50000,44.80000,4.44526,405.67081
2025-06-20 04:53:16+07:00,4694,25.60000,74.20000,30.10000,44.90000,4.25901,405.64102
2025-06-20 04:54:06+07:00,4695,25.50000,74.00000,30.40000,44.80000,4.33272,405.64102
2025-06-20 04:54:55+07:00,4696,25.50000,74.20000,29.80000,45.10000,3.88879,405.70071
2025-06-20 04:55:44+07:00,4697,25.50000,74.10000,30.00000,46.20000,3.66510,405.66086
2025-06-20 04:56:34+07:00,4698,25.50000,74.20000,30.10000,45.90000,3.96581,405.75085
2025-06-20 04:57:23+07:00,4699,25.50000,74.10000,28.90000,47.30000,3.64896,405.61139
2025-06-20 04:58:13+07:00,4700,25.50000,74.20000,30.80000,45.30000,4.23164,405.62125
2025-06-20 04:59:02+07:00,4701,25.40000,74.40000,29.40000,43.40000,3.93142,405.57205
2025-06-20 04:59:51+07:00,4702,25.50000,74.30000,29.60000,44.60000,4.27734,405.61139
2025-06-20 05:00:41+07:00,4703,25.50000,74.20000,29.70000,41.50000,4.29574,405.49411
2025-06-20 05:01:30+07:00,4704,25.40000,74.10000,30.10000,46.40000,4.26817,405.61139
2025-06-20 05:02:19+07:00,4705,25.40000,74.20000,30.30000,47.50000,4.31420,405.56226
2025-06-20 05:04:10+07:00,4706,25.40000,74.40000,29.80000,44.60000,4.34201,405.50378
2025-06-20 05:04:59+07:00,4707,25.40000,74.30000,30.00000,45.20000,4.16833,405.48441
2025-06-20 05:05:48+07:00,4708,25.40000,74.50000,30.10000,45.10000,4.17733,405.52322
2025-06-20 05:06:38+07:00,4709,25.40000,74.40000,29.60000,45.20000,4.23164,405.54272
2025-06-20 05:07:27+07:00,4710,25.50000,74.30000,28.90000,43.10000,4.30496,405.46509
2025-06-20 05:08:17+07:00,4711,25.40000,74.00000,29.50000,46.90000,4.26817,405.52322
2025-06-20 05:09:06+07:00,4712,25.40000,74.10000,30.40000,44.40000,4.30496,405.48441
2025-06-20 05:09:55+07:00,4713,25.40000,74.10000,29.40000,47.70000,4.13251,405.33148
2025-06-20 05:10:45+07:00,4714,25.50000,74.10000,30.10000,46.90000,4.14145,404.57755
2025-06-20 05:11:34+07:00,4715,25.50000,74.00000,29.10000,44.40000,3.98309,405.33148
2025-06-20 05:12:23+07:00,4716,25.50000,74.10000,29.30000,44.40000,4.14145,405.20987
2025-06-20 05:13:13+07:00,4717,25.40000,74.10000,29.40000,46.20000,3.91433,405.36938
2025-06-20 05:14:02+07:00,4718,25.40000,74.20000,30.10000,46.10000,3.64091,405.36938
2025-06-20 05:14:52+07:00,4719,25.40000,74.20000,29.20000,43.60000,3.88031,405.32205
2025-06-20 05:15:41+07:00,4720,25.40000,74.20000,27.30000,41.40000,3.97444,405.33148
2025-06-20 05:16:31+07:00,4721,25.40000,74.10000,29.00000,44.00000,4.01784,405.20987
2025-06-20 05:17:20+07:00,4722,25.30000,74.20000,29.00000,47.30000,3.76318,405.20987
2025-06-20 05:18:09+07:00,4723,25.40000,74.10000,29.20000,47.20000,3.77145,405.26572
2025-06-20 05:18:59+07:00,4724,25.40000,74.10000,28.50000,41.20000,3.98309,405.34094
2025-06-20 05:19:48+07:00,4725,25.40000,74.10000,29.00000,44.10000,3.42140,405.09970
2025-06-20 05:20:38+07:00,4726,25.40000,74.20000,27.80000,43.30000,3.81302,405.40750
2025-06-20 05:21:27+07:00,4727,25.30000,74.40000,27.50000,41.80000,3.88879,405.20987
2025-06-20 05:22:17+07:00,4728,25.40000,74.40000,28.40000,44.80000,3.63288,405.14536
2025-06-20 05:23:06+07:00,4729,25.30000,74.30000,28.70000,44.20000,4.00043,405.00043
2025-06-20 05:23:55+07:00,4730,25.30000,74.30000,28.70000,44.70000,3.28609,405.00937
2025-06-20 05:24:48+07:00,4731,25.30000,74.40000,28.20000,43.00000,3.87185,404.20035
2025-06-20 05:25:37+07:00,4732,25.30000,74.30000,28.90000,44.10000,3.26397,405.39795
2025-06-20 05:26:26+07:00,4733,25.30000,74.30000,28.50000,44.30000,3.60089,404.90277
2025-06-20 05:27:16+07:00,4734,25.30000,74.30000,29.20000,42.10000,3.72205,405.09061
2025-06-20 05:28:05+07:00,4735,25.30000,74.40000,29.70000,43.30000,4.04407,405.25638
2025-06-20 05:28:55+07:00,4736,25.30000,74.40000,29.00000,45.40000,3.91433,405.33148
2025-06-20 05:29:44+07:00,4737,25.30000,74.40000,28.90000,43.10000,3.83814,405.32205
2025-06-20 05:30:33+07:00,4738,25.30000,74.50000,27.80000,42.80000,3.82138,405.26572
2025-06-20 05:31:23+07:00,4739,25.30000,74.50000,30.20000,44.60000,3.60887,405.32205
2025-06-20 05:32:12+07:00,4740,25.30000,74.50000,28.70000,43.50000,3.75492,405.30322
2025-06-20 05:33:01+07:00,4741,25.30000,74.50000,28.60000,43.40000,3.77973,405.22842
2025-06-20 05:33:51+07:00,4742,25.30000,74.50000,29.50000,45.00000,3.30833,405.25638
2025-06-20 05:34:40+07:00,4743,25.30000,74.50000,29.20000,41.80000,3.88879,405.30322
2025-06-20 05:35:29+07:00,4744,25.30000,74.40000,30.20000,45.30000,3.45208,405.18216
2025-06-20 05:36:19+07:00,4745,25.30000,74.50000,28.90000,42.50000,3.32323,405.26572
2025-06-20 05:37:09+07:00,4746,25.40000,74.40000,28.70000,44.40000,3.91433,405.15454
2025-06-20 05:38:01+07:00,4747,25.30000,74.40000,29.40000,44.50000,3.86340,405.01834
2025-06-20 05:38:50+07:00,4748,25.30000,74.50000,28.60000,40.70000,3.92287,405.25638
2025-06-20 05:39:39+07:00,4749,25.20000,74.60000,28.70000,44.40000,3.77973,405.18216
2025-06-20 05:40:29+07:00,4750,25.20000,74.70000,29.50000,42.10000,3.85497,405.17294
2025-06-20 05:41:18+07:00,4751,25.30000,74.80000,28.90000,44.30000,3.38336,405.15454
2025-06-20 05:42:08+07:00,4752,25.30000,74.70000,29.00000,46.00000,3.90580,405.08151
2025-06-20 05:42:57+07:00,4753,25.20000,74.70000,29.00000,44.20000,3.40614,404.98254
2025-06-20 05:43:46+07:00,4754,25.20000,74.70000,28.40000,43.90000,3.88031,405.25638
2025-06-20 05:44:36+07:00,4755,25.20000,74.80000,28.90000,45.50000,3.88879,405.00043
2025-06-20 05:45:25+07:00,4756,25.20000,74.70000,29.20000,41.60000,3.17670,404.97363
2025-06-20 05:46:14+07:00,4757,25.30000,74.70000,29.20000,44.80000,3.81302,404.78079
2025-06-20 05:47:04+07:00,4758,25.30000,74.60000,29.90000,46.80000,3.68942,404.61929
2025-06-20 05:47:53+07:00,4759,25.30000,74.50000,30.10000,45.30000,3.52193,405.08151
2025-06-20 05:48:43+07:00,4760,25.30000,74.60000,30.10000,46.40000,3.33070,404.98254
2025-06-20 05:49:32+07:00,4761,25.30000,74.60000,31.40000,48.40000,3.59293,405.16373
2025-06-20 05:50:21+07:00,4762,25.30000,74.50000,30.40000,47.20000,3.81302,404.97363
2025-06-20 05:51:11+07:00,4763,25.30000,74.60000,31.40000,46.80000,3.68130,404.75497
2025-06-20 05:52:00+07:00,4764,25.30000,74.60000,31.50000,47.10000,3.58498,404.87640
2025-06-20 05:52:50+07:00,4765,25.20000,74.70000,30.90000,45.40000,3.82975,404.72928
2025-06-20 05:53:39+07:00,4766,25.30000,74.70000,29.10000,45.00000,3.76318,404.98254
2025-06-20 05:54:28+07:00,4767,25.20000,74.60000,31.80000,51.60000,3.14091,405.02734
2025-06-20 05:55:18+07:00,4768,25.20000,74.70000,30.90000,49.50000,3.66510,404.84146
2025-06-20 05:56:07+07:00,4769,25.20000,74.70000,31.60000,50.50000,3.68130,404.99149
2025-06-20 05:56:57+07:00,4770,25.20000,74.70000,32.70000,51.30000,3.20558,405.09061
2025-06-20 05:57:46+07:00,4771,25.20000,74.80000,32.10000,51.20000,3.70571,404.99149
2025-06-20 05:58:35+07:00,4772,25.30000,74.70000,33.10000,53.10000,3.36071,404.96472
2025-06-20 05:59:25+07:00,4773,25.30000,74.60000,31.80000,49.80000,3.73025,404.84146
2025-06-20 06:00:14+07:00,4774,25.30000,74.40000,31.60000,47.90000,3.74668,404.89395
2025-06-20 06:01:03+07:00,4775,25.30000,74.30000,30.50000,45.90000,3.54546,404.84146
2025-06-20 06:01:53+07:00,4776,25.20000,74.40000,31.60000,50.00000,3.85497,405.04535
2025-06-20 06:02:42+07:00,4777,25.20000,74.40000,31.00000,51.00000,3.82975,405.00937
2025-06-20 06:03:32+07:00,4778,25.30000,74.50000,31.40000,48.90000,3.24929,404.41376
2025-06-20 06:04:21+07:00,4779,25.30000,74.30000,30.50000,48.70000,3.77973,405.20062
2025-06-20 06:05:11+07:00,4780,25.20000,74.40000,31.80000,49.80000,3.49074,404.96472
2025-06-20 06:06:00+07:00,4781,25.20000,74.50000,32.10000,49.50000,3.77973,405.00043
2025-06-20 06:06:49+07:00,4782,25.30000,74.40000,31.70000,46.80000,3.88031,405.06342
2025-06-20 06:07:39+07:00,4783,25.30000,74.30000,31.20000,47.40000,3.82975,405.05435
2025-06-20 06:08:28+07:00,4784,25.30000,74.20000,31.10000,49.30000,3.83814,404.96472
2025-06-20 06:09:18+07:00,4785,25.30000,74.30000,30.70000,45.50000,3.81302,404.92041
2025-06-20 06:10:07+07:00,4786,25.30000,74.30000,31.00000,47.40000,3.82975,405.04535
2025-06-20 06:10:56+07:00,4787,25.30000,74.30000,30.50000,45.10000,3.35319,405.07245
2025-06-20 06:11:46+07:00,4788,25.20000,74.40000,30.20000,45.20000,3.75492,404.95581
2025-06-20 06:12:35+07:00,4789,25.20000,74.30000,31.40000,48.20000,3.84654,405.00937
2025-06-20 06:13:25+07:00,4790,25.20000,74.30000,30.70000,49.10000,3.73846,404.95581
2025-06-20 06:14:14+07:00,4791,25.20000,74.40000,30.70000,48.60000,3.80467,404.93808
2025-06-20 06:15:04+07:00,4792,25.20000,74.40000,31.90000,48.00000,3.27133,404.93808
2025-06-20 06:15:53+07:00,4793,25.20000,74.40000,31.10000,48.70000,3.82138,404.75497
2025-06-20 06:16:43+07:00,4794,25.20000,74.50000,30.40000,47.00000,3.77145,404.77216
2025-06-20 06:17:32+07:00,4795,25.20000,74.50000,32.10000,49.70000,3.21283,404.78940
2025-06-20 06:18:21+07:00,4796,25.20000,74.50000,30.50000,44.90000,3.81302,405.00043
2025-06-20 06:19:11+07:00,4797,25.20000,74.50000,31.60000,46.40000,3.82975,404.87640
2025-06-20 06:20:00+07:00,4798,25.20000,74.50000,30.80000,47.10000,3.83814,404.92923
2025-06-20 06:20:50+07:00,4799,25.20000,74.50000,31.60000,46.60000,3.25662,404.77216
2025-06-20 06:21:40+07:00,4800,25.20000,74.50000,31.50000,48.70000,3.77145,404.87640
2025-06-20 06:22:30+07:00,4801,25.20000,74.60000,31.10000,47.30000,3.74668,404.77216
2025-06-20 06:23:19+07:00,4802,25.20000,74.50000,30.80000,49.80000,3.74668,405.01834
2025-06-20 06:24:12+07:00,4803,25.20000,74.40000,29.90000,46.80000,3.22738,405.00937
2025-06-20 06:25:02+07:00,4804,25.20000,74.40000,31.30000,48.20000,3.77145,404.93808
2025-06-20 06:25:51+07:00,4805,25.20000,74.50000,31.50000,46.60000,3.78803,404.94696
2025-06-20 06:26:44+07:00,4806,25.20000,74.50000,31.20000,45.40000,3.31577,404.92923
2025-06-20 06:27:34+07:00,4807,25.20000,74.50000,30.90000,46.20000,3.91433,404.99149
2025-06-20 06:28:23+07:00,4808,25.20000,74.40000,30.00000,46.20000,3.79634,405.07245
2025-06-20 06:29:13+07:00,4809,25.30000,74.40000,31.60000,49.50000,3.88031,404.87640
2025-06-20 06:30:02+07:00,4810,25.20000,74.50000,32.00000,47.60000,3.78803,404.91156
2025-06-20 06:30:52+07:00,4811,25.20000,74.50000,31.00000,47.10000,3.81302,405.00043
2025-06-20 06:31:41+07:00,4812,25.20000,74.50000,30.50000,45.10000,3.77145,404.92923
2025-06-20 06:32:33+07:00,4813,25.20000,74.40000,30.00000,44.20000,3.27133,404.90277
2025-06-20 06:33:23+07:00,4814,25.20000,74.50000,30.90000,46.80000,3.77145,404.83273
2025-06-20 06:34:13+07:00,4815,25.20000,74.60000,31.10000,48.60000,3.80467,404.83273
2025-06-20 06:35:02+07:00,4816,25.20000,74.60000,30.70000,47.40000,3.67319,404.80670
2025-06-20 06:35:52+07:00,4817,25.20000,74.60000,29.70000,47.70000,3.19111,404.38159
2025-06-20 06:36:41+07:00,4818,25.20000,74.60000,29.00000,43.70000,2.81367,403.34567
2025-06-20 06:37:31+07:00,4819,25.20000,74.60000,30.30000,46.70000,3.30091,403.81339
2025-06-20 06:38:20+07:00,4820,25.20000,74.70000,31.10000,51.20000,2.92623,404.02539
2025-06-20 06:39:09+07:00,4821,25.20000,74.60000,29.50000,46.40000,2.93296,404.51965
2025-06-20 06:39:59+07:00,4822,25.20000,74.70000,29.20000,43.40000,3.49074,404.81537
2025-06-20 06:40:48+07:00,4823,25.20000,74.70000,31.50000,48.70000,3.65702,404.89395
2025-06-20 06:41:38+07:00,4824,25.30000,74.40000,31.40000,49.00000,3.57705,404.87640
2025-06-20 06:42:27+07:00,4825,25.50000,74.00000,30.80000,47.90000,3.56123,404.83273
2025-06-20 06:43:17+07:00,4826,25.60000,73.80000,30.50000,46.90000,3.61686,404.66135
2025-06-20 06:44:06+07:00,4827,25.60000,73.70000,30.80000,46.90000,3.89729,404.65289
2025-06-20 06:44:55+07:00,4828,25.60000,73.60000,31.00000,47.20000,3.69756,404.54440
2025-06-20 06:45:45+07:00,4829,25.60000,73.60000,31.90000,48.60000,3.77145,404.60257
2025-06-20 06:46:34+07:00,4830,25.60000,73.50000,31.80000,49.80000,3.77145,404.78079
2025-06-20 06:47:24+07:00,4831,25.60000,73.60000,31.60000,49.90000,3.38336,404.72928
2025-06-20 06:48:13+07:00,4832,25.60000,73.60000,30.70000,46.40000,3.88031,404.68671
2025-06-20 06:49:02+07:00,4833,25.60000,73.60000,30.60000,47.40000,3.77145,404.44611
2025-06-20 06:49:52+07:00,4834,25.60000,73.50000,31.70000,48.20000,3.68130,404.50323
2025-06-20 06:50:46+07:00,4835,25.70000,73.40000,30.70000,49.60000,3.10544,404.65289
2025-06-20 06:51:35+07:00,4836,25.70000,73.30000,30.20000,47.70000,3.80467,404.59421
2025-06-20 06:52:28+07:00,4837,25.60000,73.40000,31.30000,48.40000,3.88031,404.41376
2025-06-20 06:53:20+07:00,4838,25.60000,73.60000,31.70000,49.60000,3.69756,404.13113
2025-06-20 06:54:10+07:00,4839,25.60000,73.70000,30.80000,48.80000,3.81302,404.63608
2025-06-20 06:54:59+07:00,4840,25.60000,73.80000,31.40000,47.20000,3.49074,404.38959
2025-06-20 06:55:51+07:00,4841,25.70000,73.50000,32.10000,49.90000,3.90580,404.70370
2025-06-20 06:56:41+07:00,4842,25.70000,73.30000,31.00000,48.10000,3.78803,404.78940
2025-06-20 06:57:30+07:00,4843,25.70000,73.40000,31.60000,48.90000,3.62486,404.59421
2025-06-20 06:58:19+07:00,4844,25.70000,73.50000,31.60000,51.30000,3.68130,404.70370
2025-06-20 06:59:09+07:00,4845,25.60000,73.60000,31.30000,46.00000,3.52976,404.51144
2025-06-20 06:59:59+07:00,4846,25.50000,73.90000,31.00000,49.00000,3.64091,404.51144
2025-06-20 07:00:48+07:00,4847,25.50000,74.00000,30.70000,47.50000,3.83814,404.72928
2025-06-20 07:01:38+07:00,4848,25.50000,74.00000,30.20000,48.50000,3.86340,404.74640
2025-06-20 07:02:27+07:00,4849,25.60000,73.80000,31.90000,50.70000,3.18390,404.53613
2025-06-20 07:03:20+07:00,4850,25.70000,73.70000,30.60000,46.40000,3.73846,404.67825
2025-06-20 07:04:12+07:00,4851,25.70000,73.50000,31.00000,44.20000,3.88031,404.54440
2025-06-20 07:05:01+07:00,4852,25.70000,73.40000,31.80000,48.90000,3.87185,404.78940
2025-06-20 07:05:51+07:00,4853,25.70000,73.40000,32.00000,47.80000,3.89729,404.78940
2025-06-20 07:06:41+07:00,4854,25.60000,73.50000,32.00000,49.70000,3.70571,404.84146
2025-06-20 07:07:30+07:00,4855,25.60000,73.70000,31.10000,46.00000,3.92287,404.69522
2025-06-20 07:08:19+07:00,4856,25.50000,74.10000,32.30000,49.80000,3.81302,404.83273
2025-06-20 07:09:09+07:00,4857,25.50000,73.90000,30.80000,49.50000,3.92287,404.73782
2025-06-20 07:09:59+07:00,4858,25.50000,74.10000,32.10000,48.30000,3.46750,404.75497
2025-06-20 07:10:48+07:00,4859,25.50000,74.10000,31.30000,47.10000,3.38336,404.44611
2025-06-20 07:11:38+07:00,4860,25.60000,74.00000,32.30000,49.10000,3.85497,404.73782
2025-06-20 07:12:27+07:00,4861,25.60000,73.80000,32.50000,48.10000,3.82975,404.72928
2025-06-20 07:13:16+07:00,4862,25.60000,73.80000,32.30000,49.00000,3.88031,404.70370
2025-06-20 07:14:06+07:00,4863,25.50000,74.10000,30.90000,49.90000,3.52976,404.78940
2025-06-20 07:14:55+07:00,4864,25.50000,74.20000,31.00000,48.30000,3.88031,404.72928
2025-06-20 07:15:44+07:00,4865,25.40000,74.30000,33.20000,52.50000,3.83814,404.72073
2025-06-20 07:16:34+07:00,4866,25.50000,74.30000,32.10000,52.50000,3.81302,404.75497
2025-06-20 07:17:23+07:00,4867,25.50000,74.20000,32.20000,47.20000,3.89729,404.71222
2025-06-20 07:18:13+07:00,4868,25.50000,74.20000,29.90000,46.60000,3.85497,404.70370
2025-06-20 07:19:02+07:00,4869,25.50000,74.10000,31.90000,48.00000,3.27870,404.77216
2025-06-20 07:19:51+07:00,4870,25.50000,74.00000,29.70000,44.10000,3.37580,404.72928
2025-06-20 07:20:41+07:00,4871,25.50000,74.30000,31.40000,45.50000,3.78803,404.66980
2025-06-20 07:21:30+07:00,4872,25.50000,74.30000,30.90000,47.80000,3.79634,404.64447
2025-06-20 07:23:18+07:00,4873,25.40000,74.30000,31.20000,48.70000,3.85497,404.70370
2025-06-20 07:24:10+07:00,4874,25.50000,74.20000,31.00000,50.30000,3.78803,404.72073
2025-06-20 07:24:59+07:00,4875,25.60000,74.00000,32.00000,50.00000,3.80467,404.69522
2025-06-20 07:25:49+07:00,4876,25.60000,74.00000,31.60000,48.10000,3.60089,404.67825
2025-06-20 07:26:38+07:00,4877,25.60000,73.80000,30.80000,47.30000,3.84654,404.74640
2025-06-20 07:27:27+07:00,4878,25.60000,74.10000,31.70000,48.20000,3.78803,404.65289
2025-06-20 07:28:17+07:00,4879,25.50000,74.20000,32.80000,51.60000,3.84654,404.67825
2025-06-20 07:29:06+07:00,4880,25.50000,74.30000,31.30000,47.30000,3.78803,404.72073
2025-06-20 07:29:56+07:00,4881,25.50000,74.20000,32.70000,48.60000,3.76318,404.60257
2025-06-20 07:30:45+07:00,4882,25.60000,74.10000,32.20000,50.70000,3.80467,404.69522
2025-06-20 07:31:34+07:00,4883,25.60000,74.00000,31.00000,49.00000,3.72205,404.56924
2025-06-20 07:32:24+07:00,4884,25.60000,74.00000,31.60000,47.60000,3.78803,404.61929
2025-06-20 07:33:13+07:00,4885,25.60000,73.90000,31.10000,46.10000,3.73025,404.65289
2025-06-20 07:34:03+07:00,4886,25.60000,73.80000,33.10000,49.30000,3.77145,404.49503
2025-06-20 07:34:52+07:00,4887,25.60000,73.90000,31.20000,46.20000,3.66510,404.50323
2025-06-20 07:35:42+07:00,4888,25.60000,74.00000,32.40000,52.50000,3.54546,404.60257
2025-06-20 07:36:34+07:00,4889,25.60000,73.90000,31.80000,49.80000,3.56913,404.61929
2025-06-20 07:37:24+07:00,4890,25.70000,73.80000,31.90000,48.40000,3.56123,404.45422
2025-06-20 07:38:13+07:00,4891,25.60000,73.90000,31.60000,48.80000,2.98045,404.58588
2025-06-20 07:39:02+07:00,4892,25.60000,73.80000,32.80000,51.10000,3.69756,404.44611
2025-06-20 07:39:52+07:00,4893,25.60000,73.80000,31.60000,47.50000,3.66510,404.56094
2025-06-20 07:40:42+07:00,4894,25.60000,73.80000,32.70000,50.40000,3.56913,404.66980
2025-06-20 07:41:34+07:00,4895,25.60000,73.80000,31.60000,47.00000,3.60089,404.42181
2025-06-20 07:42:24+07:00,4896,25.60000,73.90000,32.70000,49.70000,3.60089,404.46237
2025-06-20 07:43:13+07:00,4897,25.60000,74.00000,32.10000,51.30000,3.73025,404.24701
2025-06-20 07:44:03+07:00,4898,25.60000,74.00000,33.10000,50.40000,3.49074,404.34961
2025-06-20 07:44:52+07:00,4899,25.50000,74.20000,32.20000,51.10000,3.36071,404.44611
2025-06-20 07:45:42+07:00,4900,25.50000,74.20000,32.30000,49.00000,3.63288,404.20810
2025-06-20 07:46:31+07:00,4901,25.60000,74.10000,32.80000,49.60000,3.68130,404.57755
2025-06-20 07:47:21+07:00,4902,25.60000,74.20000,33.40000,52.50000,3.58498,404.32574
2025-06-20 07:48:13+07:00,4903,25.60000,74.10000,31.80000,48.50000,3.38336,404.51144
2025-06-20 07:49:03+07:00,4904,25.60000,73.90000,31.20000,46.00000,2.91280,404.42990
2025-06-20 07:49:52+07:00,4905,25.70000,73.90000,32.00000,46.20000,3.62486,404.52789
2025-06-20 07:50:42+07:00,4906,25.70000,73.90000,32.90000,50.60000,3.65702,404.54440
2025-06-20 07:51:31+07:00,4907,25.70000,73.80000,32.60000,53.20000,3.69756,404.57755
2025-06-20 07:52:26+07:00,4908,25.70000,74.00000,33.10000,50.60000,3.56913,404.43799
2025-06-20 07:53:15+07:00,4909,25.70000,73.90000,32.80000,49.70000,3.76318,404.63608
2025-06-20 07:54:12+07:00,4910,25.70000,74.00000,32.60000,50.90000,3.60887,404.64447
2025-06-20 07:55:02+07:00,4911,25.60000,73.70000,30.90000,46.20000,3.68942,404.61093
2025-06-20 07:55:51+07:00,4912,25.60000,73.60000,30.70000,46.60000,3.77973,404.66135
2025-06-20 07:56:41+07:00,4913,25.60000,73.70000,31.70000,48.10000,3.73025,404.63608
2025-06-20 07:57:30+07:00,4914,25.70000,74.00000,33.20000,50.80000,3.68130,404.61929
2025-06-20 07:58:20+07:00,4915,25.80000,73.90000,32.80000,49.80000,3.73846,404.59421
2025-06-20 07:59:09+07:00,4916,25.80000,73.80000,33.50000,49.50000,3.65702,404.58588
2025-06-20 07:59:58+07:00,4917,25.80000,73.70000,33.30000,48.50000,3.73846,404.51965
2025-06-20 08:00:48+07:00,4918,25.80000,73.80000,32.70000,51.00000,3.77145,404.56924
2025-06-20 08:01:37+07:00,4919,25.70000,73.90000,33.20000,51.90000,3.58498,404.63608
2025-06-20 08:02:27+07:00,4920,25.60000,74.10000,32.50000,48.60000,3.60887,404.68671
2025-06-20 08:03:16+07:00,4921,25.60000,74.20000,33.20000,50.40000,3.09839,404.51965
2025-06-20 08:04:05+07:00,4922,25.60000,74.20000,31.90000,48.90000,3.73846,404.64447
2025-06-20 08:04:57+07:00,4923,25.70000,74.00000,33.70000,49.10000,3.59293,404.52789
2025-06-20 08:05:46+07:00,4924,25.80000,74.00000,32.70000,50.60000,3.60887,404.41376
2025-06-20 08:06:36+07:00,4925,25.80000,73.80000,32.60000,50.50000,3.76318,404.27838
2025-06-20 08:07:25+07:00,4926,25.70000,74.00000,32.20000,46.90000,3.65702,404.52789
2025-06-20 08:08:14+07:00,4927,25.70000,74.10000,31.70000,49.60000,3.76318,404.57755
2025-06-20 08:09:04+07:00,4928,25.70000,74.10000,33.50000,51.00000,3.68942,404.40570
2025-06-20 08:09:53+07:00,4929,25.70000,74.10000,31.70000,49.00000,3.60887,404.48685
2025-06-20 08:10:46+07:00,4930,25.70000,74.10000,32.30000,47.40000,3.53760,404.66980
2025-06-20 08:11:35+07:00,4931,25.80000,74.10000,32.30000,50.80000,3.54546,404.42990
2025-06-20 08:13:20+07:00,4932,25.90000,73.70000,32.50000,50.60000,3.46750,404.62769
2025-06-20 08:14:12+07:00,4933,25.90000,73.60000,32.10000,49.60000,3.66510,404.43799
2025-06-20 08:15:02+07:00,4934,25.90000,73.60000,32.50000,49.70000,3.64896,404.52789
2025-06-20 08:15:51+07:00,4935,25.90000,73.70000,32.70000,49.70000,3.49074,404.34164
2025-06-20 08:16:41+07:00,4936,25.90000,73.70000,32.50000,49.00000,3.39854,404.53613
2025-06-20 08:17:33+07:00,4937,25.90000,73.70000,32.10000,49.10000,3.47523,404.56094
2025-06-20 08:18:23+07:00,4938,25.80000,73.80000,32.30000,48.40000,3.71387,404.48685
2025-06-20 08:19:12+07:00,4939,25.90000,74.00000,31.60000,46.20000,2.99413,404.29410
2025-06-20 08:20:01+07:00,4940,25.90000,73.80000,32.10000,50.20000,3.64091,404.61093
2025-06-20 08:20:54+07:00,4941,25.90000,73.80000,32.20000,48.80000,3.56123,404.67825
2025-06-20 08:21:43+07:00,4942,26.00000,73.70000,33.50000,49.20000,3.52976,404.60257
2025-06-20 08:22:41+07:00,4943,26.00000,73.70000,33.10000,49.50000,3.47523,404.63608
2025-06-20 08:23:31+07:00,4944,26.00000,73.70000,33.70000,52.90000,3.22738,404.41376
2025-06-20 08:24:20+07:00,4945,26.00000,73.80000,34.10000,50.80000,2.76193,404.60257
2025-06-20 08:25:13+07:00,4946,26.00000,73.90000,33.20000,48.60000,3.70571,404.62769
2025-06-20 08:26:02+07:00,4947,26.00000,73.80000,34.00000,52.20000,3.64091,404.60257
2025-06-20 08:26:51+07:00,4948,26.00000,73.90000,34.40000,51.00000,3.33818,404.54440
2025-06-20 08:27:41+07:00,4949,26.00000,73.90000,34.30000,52.50000,3.73025,404.57755
2025-06-20 08:28:30+07:00,4950,26.00000,73.90000,33.80000,50.30000,3.68130,404.46237
2025-06-20 08:29:20+07:00,4951,26.00000,73.90000,33.80000,53.70000,3.69756,404.57755
2025-06-20 08:30:09+07:00,4952,26.00000,73.90000,34.50000,51.60000,3.62486,404.51965
2025-06-20 08:30:58+07:00,4953,26.00000,73.90000,33.70000,48.00000,3.28609,404.61929
2025-06-20 08:31:48+07:00,4954,26.00000,73.80000,34.30000,49.80000,3.10544,404.43799
2025-06-20 08:32:37+07:00,4955,26.10000,73.70000,33.40000,49.90000,3.55334,404.46237
2025-06-20 08:33:27+07:00,4956,26.10000,73.70000,32.40000,49.40000,3.22010,404.42990
2025-06-20 08:34:26+07:00,4957,26.10000,73.70000,33.90000,52.30000,3.14091,404.31781
2025-06-20 08:35:16+07:00,4958,26.10000,73.70000,32.80000,48.30000,3.50630,404.45422
2025-06-20 08:36:05+07:00,4959,26.10000,73.60000,33.60000,50.70000,2.42667,404.41376
2025-06-20 08:36:55+07:00,4960,26.10000,73.70000,31.40000,49.80000,2.98045,403.94385
2025-06-20 08:37:45+07:00,4961,26.10000,73.70000,32.90000,49.50000,3.72205,404.57755
2025-06-20 08:38:34+07:00,4962,26.20000,73.70000,33.90000,49.80000,3.52976,404.54440
2025-06-20 08:39:24+07:00,4963,26.10000,73.60000,33.80000,49.70000,3.67319,404.55267
2025-06-20 08:40:13+07:00,4964,26.20000,73.50000,33.00000,49.70000,3.11959,404.50323
2025-06-20 08:41:07+07:00,4965,26.20000,73.50000,31.90000,50.20000,3.66510,404.56924
2025-06-20 08:41:57+07:00,4966,26.20000,73.40000,32.00000,46.70000,3.21283,404.46237
2025-06-20 08:42:50+07:00,4967,26.30000,73.40000,32.80000,48.60000,3.67319,404.57755
2025-06-20 08:43:39+07:00,4968,26.30000,73.50000,31.90000,46.70000,3.73846,404.47052
2025-06-20 08:44:29+07:00,4969,26.30000,73.40000,32.40000,49.00000,3.73025,404.50323
2025-06-20 08:45:18+07:00,4970,26.30000,73.40000,33.10000,47.90000,3.52193,404.50323
2025-06-20 08:46:07+07:00,4971,26.30000,73.50000,32.60000,51.40000,2.87945,404.38959
2025-06-20 08:46:57+07:00,4972,26.30000,73.40000,31.90000,46.10000,3.64091,404.18491
2025-06-20 08:47:46+07:00,4973,26.30000,73.50000,33.60000,50.90000,3.36071,404.16180
2025-06-20 08:48:36+07:00,4974,26.30000,73.40000,32.80000,48.20000,3.39854,404.41376
2025-06-20 08:49:25+07:00,4975,26.30000,73.50000,33.20000,47.90000,2.71729,403.71439
2025-06-20 08:50:17+07:00,4976,26.30000,73.40000,32.90000,50.60000,3.68942,404.90277
2025-06-20 08:51:07+07:00,4977,26.30000,73.40000,32.30000,48.30000,3.83814,403.34567
2025-06-20 08:51:56+07:00,4978,26.30000,73.50000,33.30000,47.70000,2.41513,403.41690
2025-06-20 08:52:46+07:00,4979,26.30000,73.50000,32.50000,49.70000,3.75492,404.88516
2025-06-20 08:53:35+07:00,4980,26.30000,73.50000,32.00000,44.60000,2.31325,403.15753
2025-06-20 08:54:24+07:00,4981,26.30000,73.50000,32.30000,47.70000,2.92623,403.42999
2025-06-20 08:55:14+07:00,4982,26.30000,73.50000,32.10000,51.80000,3.11959,404.47867
2025-06-20 08:56:03+07:00,4983,26.40000,73.50000,32.40000,52.30000,2.98045,403.55634
2025-06-20 08:56:53+07:00,4984,26.40000,73.60000,32.90000,46.60000,2.67324,404.61093
2025-06-20 08:57:43+07:00,4985,26.40000,73.50000,31.70000,46.40000,3.42905,404.19263
2025-06-20 08:58:33+07:00,4986,26.40000,73.40000,31.70000,47.70000,3.41376,404.36557
2025-06-20 08:59:23+07:00,4987,26.40000,73.30000,32.50000,47.80000,3.59293,404.23141
2025-06-20 09:00:13+07:00,4988,26.50000,73.40000,31.40000,45.80000,3.28609,404.23141
2025-06-20 09:01:05+07:00,4989,26.50000,73.30000,30.80000,46.30000,3.39854,404.53613
2025-06-20 09:02:59+07:00,4990,26.50000,73.40000,33.50000,48.60000,3.31577,404.01047
2025-06-20 09:03:52+07:00,4991,26.50000,73.50000,32.20000,49.80000,3.45208,404.69522
2025-06-20 09:04:49+07:00,4992,26.50000,73.50000,33.50000,49.40000,3.02165,404.47052
2025-06-20 09:05:42+07:00,4993,26.50000,73.50000,33.60000,50.90000,2.76193,404.56094
2025-06-20 09:06:31+07:00,4994,26.50000,73.40000,31.80000,47.70000,3.08432,404.52789
2025-06-20 09:07:21+07:00,4995,26.50000,73.40000,31.90000,46.00000,2.71729,403.96594
2025-06-20 09:08:10+07:00,4996,26.50000,73.30000,32.60000,47.00000,3.40614,404.75497
2025-06-20 09:09:01+07:00,4997,26.50000,73.40000,32.90000,47.40000,3.64091,404.23141
2025-06-20 09:09:50+07:00,4998,26.60000,73.40000,31.80000,46.00000,3.62486,404.25482
2025-06-20 09:10:40+07:00,4999,26.60000,73.40000,32.80000,46.50000,3.52193,403.95856
2025-06-20 09:11:36+07:00,5000,26.60000,73.40000,32.40000,48.30000,3.58498,404.29410
2025-06-20 09:12:29+07:00,5001,26.60000,73.40000,32.00000,46.60000,3.67319,404.20810
2025-06-20 09:13:18+07:00,5002,26.60000,73.40000,32.50000,47.30000,3.38336,404.54440
2025-06-20 09:14:11+07:00,5003,26.60000,73.40000,32.50000,48.80000,3.68130,404.64447
2025-06-20 09:15:01+07:00,5004,26.60000,73.30000,31.20000,45.30000,3.30833,403.24423
2025-06-20 09:15:50+07:00,5005,26.60000,73.30000,32.50000,47.40000,2.19344,403.25677
2025-06-20 09:16:40+07:00,5006,26.60000,73.30000,32.90000,47.50000,2.97363,403.74948
2025-06-20 09:17:29+07:00,5007,26.60000,73.40000,31.70000,47.00000,2.82019,403.48938
2025-06-20 09:18:18+07:00,5008,26.60000,73.30000,32.30000,49.60000,3.03549,403.39084
2025-06-20 09:19:08+07:00,5009,26.70000,73.40000,32.70000,48.30000,3.23467,403.33926
2025-06-20 09:19:57+07:00,5010,26.70000,73.40000,32.40000,51.80000,2.87945,404.04034
2025-06-20 09:20:49+07:00,5011,26.70000,73.30000,33.70000,48.20000,3.45208,404.48685
2025-06-20 09:21:38+07:00,5012,26.70000,73.30000,33.90000,50.90000,3.27133,404.16946
2025-06-20 09:22:27+07:00,5013,26.70000,73.40000,32.30000,45.70000,3.35319,404.30200
2025-06-20 09:23:17+07:00,5014,26.70000,73.40000,32.40000,46.40000,3.02165,404.12354
2025-06-20 09:24:06+07:00,5015,26.70000,73.40000,33.30000,48.60000,3.34568,404.19263
2025-06-20 09:24:55+07:00,5016,26.70000,73.40000,33.60000,47.30000,3.37580,404.66980
2025-06-20 09:25:45+07:00,5017,26.70000,73.40000,33.00000,49.10000,3.65702,404.20035
2025-06-20 09:26:34+07:00,5018,26.70000,73.40000,33.90000,48.10000,3.49852,404.26266
2025-06-20 09:27:24+07:00,5019,26.70000,73.30000,32.70000,49.10000,2.71729,404.01047
2025-06-20 09:28:13+07:00,5020,26.80000,73.40000,34.10000,49.00000,3.00099,404.44611
2025-06-20 09:29:02+07:00,5021,26.80000,73.40000,33.20000,47.90000,3.27133,404.45422
2025-06-20 09:29:52+07:00,5022,26.80000,73.40000,34.40000,51.90000,3.22010,404.28622
2025-06-20 09:30:41+07:00,5023,26.80000,73.40000,34.90000,48.50000,2.56866,404.28622
2025-06-20 09:31:31+07:00,5024,26.80000,73.40000,33.80000,48.80000,2.95324,404.25482
2025-06-20 09:32:20+07:00,5025,26.80000,73.40000,33.30000,46.30000,3.40614,404.20035
2025-06-20 09:33:09+07:00,5026,26.80000,73.50000,34.70000,48.20000,3.14804,404.03287
2025-06-20 09:34:00+07:00,5027,26.80000,73.50000,34.70000,50.00000,3.06331,404.08554
2025-06-20 09:34:50+07:00,5028,26.80000,73.50000,34.60000,48.50000,3.84654,404.83273
2025-06-20 09:35:39+07:00,5029,26.80000,73.60000,34.40000,48.90000,3.36071,404.17719
2025-06-20 09:36:29+07:00,5030,26.80000,73.60000,33.70000,48.40000,3.02856,404.59421
2025-06-20 09:37:18+07:00,5031,26.80000,73.50000,34.20000,49.50000,3.14091,404.18491
2025-06-20 09:38:07+07:00,5032,26.90000,73.50000,32.30000,46.60000,3.82975,404.80670
2025-06-20 09:38:57+07:00,5033,26.80000,73.60000,33.90000,49.20000,3.52976,404.01791
2025-06-20 09:39:46+07:00,5034,26.80000,73.50000,32.80000,45.20000,3.09135,403.98074
2025-06-20 09:40:36+07:00,5035,26.90000,73.50000,34.10000,47.70000,2.69205,404.20810
2025-06-20 09:41:25+07:00,5036,26.90000,73.60000,33.30000,47.30000,3.14804,404.20035
2025-06-20 09:42:14+07:00,5037,26.90000,73.60000,34.10000,50.40000,2.46156,403.99557
2025-06-20 09:43:04+07:00,5038,26.90000,73.60000,34.50000,47.60000,3.02856,403.92184
2025-06-20 09:43:53+07:00,5039,26.90000,73.60000,34.20000,47.60000,3.22010,404.13113
2025-06-20 09:44:42+07:00,5040,26.90000,73.60000,34.70000,50.40000,3.00787,404.63608
2025-06-20 09:45:32+07:00,5041,26.90000,73.60000,34.60000,49.00000,2.84641,404.50323
2025-06-20 09:46:21+07:00,5042,26.90000,73.60000,34.60000,49.60000,3.68130,404.37357
2025-06-20 09:47:10+07:00,5043,26.90000,73.60000,35.10000,51.30000,3.23467,404.51965
2025-06-20 09:48:00+07:00,5044,26.90000,73.60000,34.20000,50.10000,3.44438,404.47052
2025-06-20 09:48:49+07:00,5045,26.90000,73.70000,34.70000,48.70000,3.14804,404.50323
2025-06-20 09:49:39+07:00,5046,26.90000,73.70000,35.80000,52.00000,3.45208,404.40570
2025-06-20 09:50:28+07:00,5047,26.90000,73.70000,34.40000,48.20000,3.11959,404.59421
2025-06-20 09:51:17+07:00,5048,27.00000,73.70000,34.40000,48.30000,3.57705,404.70370
2025-06-20 09:52:07+07:00,5049,27.00000,73.60000,36.10000,55.10000,3.52976,404.49503
2025-06-20 09:52:56+07:00,5050,27.00000,73.70000,34.20000,49.00000,3.26397,404.46237
2025-06-20 09:53:46+07:00,5051,27.00000,73.70000,34.00000,49.00000,3.10544,404.01047
2025-06-20 09:54:35+07:00,5052,27.00000,73.70000,35.30000,49.00000,2.67324,404.51144
2025-06-20 09:55:24+07:00,5053,27.00000,73.70000,35.60000,51.30000,3.16952,403.88541
2025-06-20 09:56:14+07:00,5054,27.00000,73.70000,34.90000,51.60000,3.53760,404.61093
2025-06-20 09:57:03+07:00,5055,27.00000,73.80000,34.50000,46.00000,3.08432,404.62769
2025-06-20 09:57:53+07:00,5056,27.00000,73.80000,33.90000,48.20000,3.05634,404.47052
2025-06-20 09:58:42+07:00,5057,27.00000,73.80000,33.30000,47.80000,3.22010,404.23141
2025-06-20 09:59:31+07:00,5058,27.00000,73.80000,36.00000,50.60000,2.16165,404.42990
2025-06-20 10:00:23+07:00,5059,27.00000,73.80000,33.40000,48.20000,2.75552,404.34961
2025-06-20 10:01:12+07:00,5060,27.00000,73.90000,34.30000,46.70000,2.73635,404.42181
2025-06-20 10:02:01+07:00,5061,27.00000,73.90000,35.40000,52.20000,2.74273,403.63809
2025-06-20 10:02:51+07:00,5062,27.00000,73.90000,34.40000,49.90000,3.42905,404.61929
2025-06-20 10:03:40+07:00,5063,27.10000,73.90000,34.30000,51.70000,2.94647,403.48938
2025-06-20 10:04:32+07:00,5064,27.10000,73.90000,34.70000,48.90000,2.49685,403.92917
2025-06-20 10:05:22+07:00,5065,27.10000,74.00000,34.70000,52.00000,2.25815,405.21915
2025-06-20 10:06:11+07:00,5066,27.10000,74.00000,34.60000,49.00000,3.38336,405.04535
2025-06-20 10:07:00+07:00,5067,27.10000,74.00000,34.50000,47.40000,3.74668,405.15454
2025-06-20 10:07:50+07:00,5068,27.10000,74.00000,34.30000,49.60000,3.92287,405.04535
2025-06-20 10:08:39+07:00,5069,27.10000,73.90000,35.80000,48.80000,3.83814,404.99149
2025-06-20 10:09:29+07:00,5070,27.10000,73.90000,34.90000,50.00000,3.89729,405.00937
2025-06-20 10:10:21+07:00,5071,27.10000,73.90000,34.20000,48.40000,3.93142,404.92923
2025-06-20 10:11:10+07:00,5072,27.10000,73.90000,35.00000,48.60000,3.58498,404.85889
2025-06-20 10:12:00+07:00,5073,27.10000,74.00000,35.10000,50.10000,3.88031,404.89395
2025-06-20 10:12:50+07:00,5074,27.10000,74.00000,34.80000,47.50000,3.88031,404.85016
2025-06-20 10:13:39+07:00,5075,27.10000,74.00000,33.40000,45.50000,3.63288,404.90277
2025-06-20 10:14:29+07:00,5076,27.10000,74.00000,35.90000,49.30000,3.83814,404.87640
2025-06-20 10:15:18+07:00,5077,27.10000,74.00000,34.00000,49.60000,3.80467,404.69522
2025-06-20 10:16:07+07:00,5078,27.10000,74.00000,33.90000,47.00000,3.60887,404.35757
2025-06-20 10:16:57+07:00,5079,27.20000,74.00000,34.20000,47.90000,3.34568,403.63123
2025-06-20 10:17:46+07:00,5080,27.20000,74.00000,33.70000,44.90000,3.13379,404.08554
2025-06-20 10:18:35+07:00,5081,27.20000,74.00000,34.40000,49.80000,2.98729,403.72839
2025-06-20 10:19:25+07:00,5082,27.20000,74.00000,34.10000,48.50000,2.88609,403.58344
2025-06-20 10:20:14+07:00,5083,27.20000,74.00000,33.50000,48.10000,3.03549,404.49503
2025-06-20 10:21:04+07:00,5084,27.20000,74.00000,35.30000,48.50000,3.16952,404.56924
2025-06-20 10:21:53+07:00,5085,27.20000,74.10000,34.00000,45.80000,2.74912,404.27051
2025-06-20 10:22:43+07:00,5086,27.20000,74.10000,33.10000,45.80000,3.50630,404.67825
2025-06-20 10:23:32+07:00,5087,27.20000,74.10000,33.50000,46.80000,3.46750,404.38159
2025-06-20 10:24:21+07:00,5088,27.20000,74.10000,33.60000,50.30000,2.94647,404.20035
2025-06-20 10:25:11+07:00,5089,27.30000,74.00000,33.70000,47.80000,2.17221,403.77069
2025-06-20 10:26:00+07:00,5090,27.30000,74.00000,33.50000,46.60000,3.37580,403.74246
2025-06-20 10:26:50+07:00,5091,27.30000,74.00000,32.80000,47.50000,2.80066,403.76361
2025-06-20 10:27:39+07:00,5092,27.30000,74.00000,33.00000,46.80000,2.89275,403.75656
2025-06-20 10:28:29+07:00,5093,27.30000,74.00000,33.20000,47.90000,2.65454,404.63608
2025-06-20 10:29:18+07:00,5094,27.30000,74.10000,32.40000,45.20000,2.89275,404.61929
2025-06-20 10:30:07+07:00,5095,27.30000,74.10000,33.00000,46.00000,3.37580,404.58588
2025-06-20 10:30:57+07:00,5096,27.30000,74.00000,33.20000,48.80000,2.68577,404.39764
2025-06-20 10:31:46+07:00,5097,27.30000,74.00000,32.40000,43.50000,3.09839,404.27051
2025-06-20 10:32:36+07:00,5098,27.30000,74.00000,34.50000,50.10000,3.16235,403.96594
2025-06-20 10:33:25+07:00,5099,27.30000,73.90000,33.40000,46.50000,2.77479,404.20035
2025-06-20 10:34:18+07:00,5100,27.30000,74.00000,32.50000,43.60000,3.49074,403.92184
2025-06-20 10:36:02+07:00,5101,27.30000,74.00000,32.80000,46.40000,3.37580,404.47052
2025-06-20 10:36:51+07:00,5102,27.30000,73.90000,33.60000,46.50000,2.59907,404.70370
2025-06-20 10:37:40+07:00,5103,27.30000,73.80000,31.80000,43.90000,3.01475,404.08554
2025-06-20 10:38:30+07:00,5104,27.30000,73.90000,32.40000,44.20000,3.04242,403.91455
2025-06-20 10:39:19+07:00,5105,27.30000,73.80000,31.20000,43.20000,3.43671,404.72073
2025-06-20 10:40:09+07:00,5106,27.30000,73.80000,31.90000,42.80000,3.02856,404.20810
2025-06-20 10:40:58+07:00,5107,27.30000,73.90000,32.30000,45.30000,2.82673,404.25482
2025-06-20 10:41:47+07:00,5108,27.30000,73.90000,32.80000,45.50000,3.42905,404.47052
2025-06-20 10:42:37+07:00,5109,27.30000,73.90000,32.20000,46.20000,3.59293,404.86765
2025-06-20 10:43:26+07:00,5110,27.30000,73.90000,31.50000,41.80000,3.06331,404.33368
2025-06-20 10:44:15+07:00,5111,27.30000,73.90000,31.70000,43.70000,3.27133,404.31781
2025-06-20 10:45:05+07:00,5112,27.30000,73.70000,31.40000,43.50000,3.51411,404.56094
2025-06-20 10:45:54+07:00,5113,27.30000,73.80000,31.50000,42.50000,3.22010,404.56924
2025-06-20 10:46:43+07:00,5114,27.30000,73.80000,30.60000,42.40000,3.28609,404.47867
2025-06-20 10:47:33+07:00,5115,27.30000,73.80000,30.80000,44.10000,3.45208,404.29410
2025-06-20 10:48:22+07:00,5116,27.30000,73.80000,30.80000,42.70000,3.09839,404.00299
2025-06-20 10:49:12+07:00,5117,27.30000,73.80000,31.70000,47.80000,3.31577,404.38159
2025-06-20 10:50:01+07:00,5118,27.30000,73.80000,31.60000,44.90000,3.49852,404.47867
2025-06-20 10:50:51+07:00,5119,27.40000,73.70000,30.80000,43.10000,3.09135,404.10071
2025-06-20 10:51:41+07:00,5120,27.40000,73.80000,31.40000,41.90000,3.30833,403.98816
2025-06-20 10:52:30+07:00,5121,27.30000,73.70000,30.90000,43.40000,3.00787,404.36557
2025-06-20 10:53:27+07:00,5122,27.30000,73.50000,29.50000,41.10000,2.80066,404.33368
2025-06-20 10:54:17+07:00,5123,27.30000,73.50000,30.20000,41.70000,3.05634,404.12354
2025-06-20 10:55:06+07:00,5124,27.30000,73.70000,29.80000,43.80000,3.51411,404.37357
2025-06-20 10:55:56+07:00,5125,27.30000,73.60000,30.70000,42.10000,3.25662,404.16180
2025-06-20 10:56:45+07:00,5126,27.30000,73.70000,30.90000,42.40000,2.49094,403.84927
2025-06-20 10:57:35+07:00,5127,27.40000,73.60000,29.70000,41.50000,2.91280,404.15411
2025-06-20 10:58:24+07:00,5128,27.40000,73.70000,29.20000,41.10000,2.51465,403.70740
2025-06-20 10:59:13+07:00,5129,27.40000,73.60000,29.00000,40.10000,2.51465,403.67261
2025-06-20 11:00:03+07:00,5130,27.40000,73.60000,29.80000,41.30000,2.23642,403.92917
2025-06-20 11:00:52+07:00,5131,27.40000,73.60000,29.20000,39.40000,2.36375,403.55634
2025-06-20 11:01:42+07:00,5132,27.40000,73.60000,30.70000,44.20000,2.58687,402.98984
2025-06-20 11:02:35+07:00,5133,27.40000,73.60000,29.70000,39.40000,3.23467,404.34961
2025-06-20 11:03:27+07:00,5134,27.40000,73.70000,29.00000,38.20000,2.55658,404.22363
2025-06-20 11:04:17+07:00,5135,27.40000,73.60000,29.80000,43.00000,2.85299,404.54440
2025-06-20 11:05:06+07:00,5136,27.50000,73.50000,29.50000,40.80000,3.14804,404.48685
2025-06-20 11:05:56+07:00,5137,27.50000,73.60000,28.50000,40.60000,3.03549,404.16180
2025-06-20 11:06:45+07:00,5138,27.50000,73.50000,29.60000,40.80000,2.92623,404.30991
2025-06-20 11:08:29+07:00,5139,27.50000,73.30000,27.40000,36.80000,3.17670,404.47867
2025-06-20 11:09:18+07:00,5140,27.50000,73.10000,28.50000,38.00000,3.36071,404.28622
2025-06-20 11:10:08+07:00,5141,27.40000,73.30000,28.60000,40.80000,3.19111,404.08554
2025-06-20 11:10:57+07:00,5142,27.40000,73.40000,28.40000,39.80000,3.07030,404.51144
2025-06-20 11:11:47+07:00,5143,27.40000,73.50000,28.30000,41.40000,3.21283,404.09311
2025-06-20 11:12:36+07:00,5144,27.50000,73.40000,28.50000,40.90000,3.20558,404.06290
2025-06-20 11:13:25+07:00,5145,27.50000,73.30000,27.90000,37.60000,2.87281,404.06290
2025-06-20 11:14:18+07:00,5146,27.50000,73.30000,28.50000,39.30000,2.87945,404.22363
2025-06-20 11:15:08+07:00,5147,27.50000,73.30000,27.00000,36.80000,2.87945,404.52789
2025-06-20 11:16:04+07:00,5148,27.50000,73.30000,27.30000,37.70000,2.89942,403.72137
2025-06-20 11:16:53+07:00,5149,27.50000,73.20000,26.50000,35.70000,2.89275,404.14645
2025-06-20 11:17:43+07:00,5150,27.50000,73.30000,26.90000,36.80000,2.92623,403.65186
2025-06-20 11:18:32+07:00,5151,27.50000,73.30000,27.30000,35.20000,3.22738,404.13879
2025-06-20 11:19:22+07:00,5152,27.50000,73.40000,26.60000,36.80000,2.67950,404.11591
2025-06-20 11:20:12+07:00,5153,27.50000,73.50000,27.10000,37.90000,2.72999,404.69522
2025-06-20 11:21:57+07:00,5154,27.60000,73.30000,27.00000,37.90000,3.19834,403.73541
2025-06-20 11:22:46+07:00,5155,27.60000,73.40000,26.20000,37.00000,2.93296,404.13879
2025-06-20 11:23:36+07:00,5156,27.60000,73.50000,26.30000,38.40000,2.96002,404.34961
2025-06-20 11:24:25+07:00,5157,27.60000,73.50000,26.50000,37.00000,3.11251,403.67261
2025-06-20 11:25:14+07:00,5158,27.60000,73.40000,25.60000,35.00000,2.93971,404.12354
2025-06-20 11:26:04+07:00,5159,27.60000,73.20000,24.70000,33.90000,2.97363,404.36557
2025-06-20 11:26:54+07:00,5160,27.50000,73.20000,25.90000,34.40000,3.03549,403.61752
2025-06-20 11:27:44+07:00,5161,27.60000,73.30000,26.90000,38.20000,2.85959,405.11792
2025-06-20 11:28:33+07:00,5162,27.60000,72.90000,25.10000,32.80000,3.00099,403.60385
2025-06-20 11:29:25+07:00,5163,27.60000,73.10000,24.70000,34.30000,2.53255,403.81339
2025-06-20 11:30:18+07:00,5164,27.60000,73.10000,24.90000,34.50000,2.50278,404.46237
2025-06-20 11:31:07+07:00,5165,27.60000,73.00000,25.90000,35.40000,3.05634,402.82382
2025-06-20 11:31:56+07:00,5166,27.60000,73.00000,25.40000,35.00000,3.77145,404.37357
2025-06-20 11:32:46+07:00,5167,27.60000,73.20000,24.60000,34.80000,2.69834,403.97333
2025-06-20 11:33:35+07:00,5168,27.60000,73.20000,25.40000,32.70000,1.91081,403.03107
2025-06-20 11:34:25+07:00,5169,27.60000,73.20000,24.80000,32.50000,2.38078,404.48685
2025-06-20 11:35:14+07:00,5170,27.60000,73.10000,25.10000,34.60000,3.33070,404.23141
2025-06-20 11:36:04+07:00,5171,27.60000,73.20000,24.40000,33.30000,2.14066,402.81824
2025-06-20 11:36:54+07:00,5172,27.60000,72.90000,24.00000,34.80000,2.25270,402.76285
2025-06-20 11:37:43+07:00,5173,27.60000,73.00000,23.30000,34.50000,2.53255,402.98398
2025-06-20 11:38:32+07:00,5174,27.60000,73.10000,24.10000,34.20000,2.49094,402.94327
2025-06-20 11:39:22+07:00,5175,27.60000,73.40000,22.90000,30.80000,2.10433,403.24423
2025-06-20 11:40:11+07:00,5176,27.70000,73.00000,24.20000,32.20000,2.08379,403.12704
2025-06-20 11:41:00+07:00,5177,27.70000,73.00000,24.20000,34.20000,2.35809,403.04886
2025-06-20 11:41:53+07:00,5178,27.80000,73.00000,24.80000,35.20000,2.31881,402.82944
2025-06-20 11:42:43+07:00,5179,27.80000,72.90000,24.10000,34.00000,2.13544,403.89267
2025-06-20 11:43:32+07:00,5180,27.90000,72.80000,24.20000,32.60000,1.80809,403.26935
2025-06-20 11:44:22+07:00,5181,27.90000,72.70000,24.00000,32.90000,2.20412,403.22549
2025-06-20 11:45:11+07:00,5182,27.80000,72.80000,24.20000,36.50000,2.20948,403.24423
2025-06-20 11:46:01+07:00,5183,27.80000,72.80000,23.70000,30.70000,1.84492,403.13922
2025-06-20 11:46:50+07:00,5184,27.80000,72.90000,23.70000,32.00000,2.05834,403.24423
2025-06-20 11:47:40+07:00,5185,27.70000,72.90000,23.80000,34.10000,2.39791,404.07043
2025-06-20 11:48:30+07:00,5186,27.70000,72.90000,23.60000,33.60000,2.28557,403.39734
2025-06-20 11:49:19+07:00,5187,27.80000,73.20000,23.80000,34.90000,2.17750,403.26935
2025-06-20 11:50:12+07:00,5188,27.80000,73.20000,24.40000,35.30000,2.19878,403.18210
2025-06-20 11:51:05+07:00,5189,27.80000,73.20000,23.50000,33.40000,2.12503,403.71439
2025-06-20 11:51:58+07:00,5190,27.80000,73.80000,22.80000,33.30000,2.13544,403.45627
2025-06-20 11:52:48+07:00,5191,27.70000,73.70000,24.20000,34.80000,2.17750,403.81339
2025-06-20 11:53:37+07:00,5192,27.80000,73.70000,23.80000,32.20000,1.83104,405.72073
2025-06-20 11:54:27+07:00,5193,27.80000,73.60000,23.70000,32.70000,3.04242,405.75085
2025-06-20 11:55:16+07:00,5194,27.80000,73.60000,22.40000,28.50000,2.05328,403.89996
2025-06-20 11:56:06+07:00,5195,27.80000,73.40000,23.40000,33.30000,1.64107,404.06290
2025-06-20 11:56:59+07:00,5196,27.80000,73.30000,22.10000,33.20000,1.94445,403.58344
2025-06-20 11:57:48+07:00,5197,27.80000,73.30000,22.20000,31.20000,2.28006,404.13113
2025-06-20 11:58:38+07:00,5198,27.80000,73.30000,23.30000,31.70000,2.13544,404.59421
2025-06-20 11:59:27+07:00,5199,27.80000,73.30000,22.90000,31.50000,1.86356,403.87091
2025-06-20 12:00:20+07:00,5200,27.80000,73.40000,22.70000,30.00000,2.45572,403.80624
2025-06-20 12:01:09+07:00,5201,27.80000,73.30000,23.20000,33.60000,2.52658,404.05536
2025-06-20 12:01:59+07:00,5202,27.80000,73.30000,22.20000,32.90000,2.68577,403.91455
2025-06-20 12:02:48+07:00,5203,27.80000,73.30000,22.20000,34.60000,2.29661,403.98074
2025-06-20 12:03:38+07:00,5204,27.70000,73.30000,23.00000,32.00000,2.13544,404.34961
2025-06-20 12:04:27+07:00,5205,27.70000,73.20000,23.20000,32.10000,2.13544,404.51144
2025-06-20 12:05:17+07:00,5206,27.80000,73.30000,22.30000,31.60000,2.35809,403.74246
2025-06-20 12:06:06+07:00,5207,27.80000,73.30000,21.70000,32.10000,2.29108,404.53613
2025-06-20 12:06:59+07:00,5208,27.80000,73.10000,22.00000,32.60000,2.20948,404.26266
2025-06-20 12:07:49+07:00,5209,27.80000,73.10000,22.40000,32.20000,1.80809,404.51144
2025-06-20 12:08:38+07:00,5210,27.90000,73.10000,22.20000,31.70000,2.20412,403.76361
2025-06-20 12:09:28+07:00,5211,27.90000,73.00000,21.40000,29.80000,2.19344,403.82770
2025-06-20 12:10:17+07:00,5212,27.90000,73.00000,22.90000,31.60000,2.64213,404.13879
2025-06-20 12:11:06+07:00,5213,27.90000,73.00000,21.70000,27.80000,2.05328,403.71439
2025-06-20 12:11:56+07:00,5214,27.90000,72.90000,22.10000,30.70000,2.51465,403.75656
2025-06-20 12:12:49+07:00,5215,27.90000,72.80000,21.80000,31.60000,2.14589,404.62769
2025-06-20 12:13:38+07:00,5216,27.90000,72.80000,22.10000,31.30000,2.02813,404.55267
2025-06-20 12:14:28+07:00,5217,27.90000,72.70000,22.30000,31.10000,2.67950,404.87640
2025-06-20 12:15:17+07:00,5218,28.00000,72.70000,21.40000,29.30000,2.07358,404.53613
2025-06-20 12:16:06+07:00,5219,28.00000,72.80000,21.90000,32.30000,2.35809,404.28622
2025-06-20 12:16:56+07:00,5220,28.00000,72.80000,21.70000,31.00000,2.26909,403.92184
2025-06-20 12:17:45+07:00,5221,28.00000,72.70000,21.50000,29.50000,2.24184,403.75656
2025-06-20 12:18:38+07:00,5222,28.00000,72.80000,22.70000,37.20000,2.26362,405.56226
2025-06-20 12:19:27+07:00,5223,28.00000,72.80000,22.80000,29.80000,3.88031,405.75085
2025-06-20 12:20:17+07:00,5224,28.00000,72.90000,23.90000,32.90000,4.09695,406.59412
2025-06-20 12:21:06+07:00,5225,28.00000,72.90000,24.20000,33.10000,3.98309,406.13367
2025-06-20 12:21:55+07:00,5226,28.00000,72.90000,24.10000,33.50000,4.16833,405.72073
2025-06-20 12:22:45+07:00,5227,28.00000,72.90000,23.40000,30.80000,3.52976,405.68076
2025-06-20 12:23:34+07:00,5228,28.00000,73.00000,23.40000,30.30000,3.27133,404.97363
2025-06-20 12:24:24+07:00,5229,28.00000,73.00000,23.10000,32.40000,3.22010,405.11792
2025-06-20 12:25:16+07:00,5230,28.00000,72.90000,23.00000,31.80000,3.64896,405.06342
2025-06-20 12:26:06+07:00,5231,28.00000,73.00000,23.30000,30.10000,3.02856,404.61929
2025-06-20 12:26:55+07:00,5232,28.00000,72.90000,22.90000,29.60000,3.78803,405.40750
2025-06-20 12:27:44+07:00,5233,28.00000,73.00000,23.70000,30.60000,3.82138,405.49411
2025-06-20 12:28:43+07:00,5234,28.00000,73.00000,21.60000,29.30000,3.34568,405.11792
2025-06-20 12:29:34+07:00,5235,28.00000,73.00000,23.40000,31.60000,3.45208,405.09970
2025-06-20 12:30:23+07:00,5236,28.00000,73.00000,23.30000,31.40000,3.55334,405.44583
2025-06-20 12:31:13+07:00,5237,28.00000,73.00000,23.90000,31.60000,3.47523,404.58588
2025-06-20 12:32:02+07:00,5238,28.00000,73.00000,23.50000,31.50000,3.64091,405.03632
2025-06-20 12:32:52+07:00,5239,28.00000,72.80000,23.50000,32.10000,3.58498,405.23773
2025-06-20 12:33:41+07:00,5240,28.00000,72.80000,23.50000,31.80000,3.69756,405.15454
2025-06-20 12:34:31+07:00,5241,28.00000,73.00000,22.60000,30.50000,3.29349,405.18216
2025-06-20 12:35:21+07:00,5242,28.00000,72.90000,23.50000,31.60000,3.40614,405.01834
2025-06-20 12:36:10+07:00,5243,28.00000,72.80000,22.80000,28.90000,3.60887,404.76355
2025-06-20 12:36:59+07:00,5244,28.00000,72.70000,23.90000,30.00000,3.73846,405.12704
2025-06-20 12:37:49+07:00,5245,28.00000,72.60000,23.50000,33.00000,3.49074,405.03632
2025-06-20 12:38:38+07:00,5246,28.00000,73.00000,22.70000,30.40000,3.58498,404.97363
2025-06-20 12:39:27+07:00,5247,28.00000,72.80000,24.10000,31.10000,3.45208,404.81537
2025-06-20 12:40:17+07:00,5248,28.10000,72.70000,22.50000,30.50000,2.76193,404.62769
2025-06-20 12:41:06+07:00,5249,28.10000,72.70000,22.90000,29.00000,3.44438,404.66135
2025-06-20 12:41:56+07:00,5250,28.10000,72.60000,23.50000,32.90000,3.14804,404.97363
2025-06-20 12:42:49+07:00,5251,28.10000,72.50000,23.10000,31.00000,3.02856,405.13620
2025-06-20 12:43:41+07:00,5252,28.10000,72.50000,22.70000,31.00000,3.02165,405.21915
2025-06-20 12:44:31+07:00,5253,28.10000,72.80000,21.20000,29.90000,3.67319,405.25638
2025-06-20 12:45:20+07:00,5254,28.20000,71.80000,24.00000,35.60000,3.49074,404.97363
2025-06-20 12:46:13+07:00,5255,28.30000,72.40000,23.20000,31.40000,3.09839,404.98254
2025-06-20 12:47:07+07:00,5256,28.30000,72.20000,23.10000,31.50000,3.33070,405.20987
2025-06-20 12:47:57+07:00,5257,28.30000,72.40000,22.60000,29.80000,3.15519,405.08151
2025-06-20 12:48:52+07:00,5258,28.30000,72.50000,22.30000,31.10000,3.64091,405.35040
2025-06-20 12:49:42+07:00,5259,28.30000,72.70000,23.00000,31.10000,3.18390,404.95581
2025-06-20 12:50:31+07:00,5260,28.30000,72.30000,22.20000,30.70000,3.52193,405.45547
2025-06-20 12:51:21+07:00,5261,28.40000,72.60000,23.40000,32.70000,3.59293,405.57205
2025-06-20 12:52:10+07:00,5262,28.40000,72.70000,23.90000,31.30000,3.76318,405.92416
2025-06-20 12:53:00+07:00,5263,28.30000,72.80000,22.10000,29.10000,3.73846,405.71072
2025-06-20 12:53:49+07:00,5264,28.30000,72.80000,23.10000,30.60000,3.60089,406.08072
2025-06-20 12:54:38+07:00,5265,28.40000,72.40000,24.00000,32.20000,3.81302,406.02814
2025-06-20 12:55:28+07:00,5266,28.40000,72.50000,23.70000,30.50000,3.82138,405.94482
2025-06-20 12:56:17+07:00,5267,28.40000,72.50000,23.50000,33.70000,3.82138,405.79126
2025-06-20 12:57:07+07:00,5268,28.30000,72.50000,23.20000,32.90000,3.86340,405.69073
2025-06-20 12:57:56+07:00,5269,28.30000,72.80000,21.90000,30.60000,3.82138,405.85226
2025-06-20 12:58:45+07:00,5270,28.30000,72.80000,22.40000,32.30000,3.89729,405.77103
2025-06-20 12:59:35+07:00,5271,28.30000,72.80000,21.70000,28.30000,3.83814,405.82169
2025-06-20 13:00:24+07:00,5272,28.30000,72.70000,22.00000,28.70000,3.77973,405.49411
2025-06-20 13:01:14+07:00,5273,28.40000,72.50000,22.80000,30.60000,3.83814,405.53296
2025-06-20 13:02:03+07:00,5274,28.50000,72.40000,22.60000,29.90000,3.84654,405.34094
2025-06-20 13:02:52+07:00,5275,28.50000,72.50000,22.20000,30.60000,3.52976,405.84207
2025-06-20 13:03:42+07:00,5276,28.60000,72.50000,22.40000,28.80000,3.88031,405.61139
2025-06-20 13:04:31+07:00,5277,28.60000,72.40000,22.80000,30.40000,3.50630,405.70071
2025-06-20 13:05:20+07:00,5278,28.60000,72.40000,21.80000,30.50000,3.85497,405.51349
2025-06-20 13:06:10+07:00,5279,28.70000,72.20000,20.80000,28.20000,3.81302,405.35040
2025-06-20 13:06:59+07:00,5280,28.80000,72.20000,21.60000,29.40000,3.79634,405.33148
2025-06-20 13:07:49+07:00,5281,28.70000,72.30000,22.10000,29.80000,2.77479,405.50378
2025-06-20 13:08:38+07:00,5282,28.80000,72.20000,21.90000,27.50000,3.88879,405.54272
2025-06-20 13:09:27+07:00,5283,28.80000,72.30000,22.10000,30.70000,3.75492,405.49411
2025-06-20 13:10:17+07:00,5284,28.80000,72.10000,21.80000,30.60000,3.83814,405.40750
2025-06-20 13:11:06+07:00,5285,28.90000,72.00000,21.70000,29.40000,3.86340,405.29382
2025-06-20 13:11:56+07:00,5286,28.90000,71.90000,21.40000,28.90000,3.63288,405.31262
2025-06-20 13:12:45+07:00,5287,28.90000,72.10000,21.90000,29.40000,3.84654,405.35989
2025-06-20 13:13:35+07:00,5288,28.90000,71.90000,22.40000,28.70000,3.67319,405.32205
2025-06-20 13:14:24+07:00,5289,28.80000,71.70000,21.00000,31.20000,3.53760,405.16373
2025-06-20 13:17:03+07:00,5290,29.00000,68.90000,18.40000,26.20000,1.50843,403.21170
2025-06-20 13:17:52+07:00,5291,29.10000,67.90000,19.10000,25.00000,4.91890,406.20627
2025-06-20 13:18:41+07:00,5292,29.10000,67.00000,19.10000,26.90000,6.11461,405.72784
2025-06-20 13:19:31+07:00,5293,29.20000,66.80000,19.00000,24.60000,5.76426,405.76022
2025-06-20 13:20:20+07:00,5294,29.30000,65.60000,20.30000,27.60000,5.52616,405.43298
2025-06-20 13:21:10+07:00,5295,29.30000,64.40000,21.90000,29.10000,5.12464,405.02374
2025-06-20 13:21:59+07:00,5296,29.30000,64.20000,21.70000,29.80000,4.95754,404.70383
2025-06-20 13:22:48+07:00,5297,29.30000,64.30000,21.60000,36.00000,4.49256,404.80545
2025-06-20 13:23:38+07:00,5298,29.30000,64.30000,22.50000,29.90000,4.39537,404.55914
2025-06-20 13:24:27+07:00,5299,29.20000,64.30000,21.70000,31.60000,4.21475,404.48816
2025-06-20 13:25:17+07:00,5300,29.30000,64.00000,20.70000,25.90000,3.86432,404.41809
2025-06-20 13:26:06+07:00,5301,29.30000,64.70000,19.70000,29.50000,3.76331,404.28058
2025-06-20 13:26:55+07:00,5302,29.20000,64.60000,19.20000,24.50000,3.61968,404.22992
2025-06-20 13:27:45+07:00,5303,29.20000,65.00000,20.10000,26.90000,3.45196,404.15485
2025-06-20 13:28:34+07:00,5304,29.20000,65.30000,18.80000,25.60000,3.36706,404.28058
2025-06-20 13:29:24+07:00,5305,29.10000,64.40000,18.60000,25.60000,3.40929,403.85745
2025-06-20 13:30:13+07:00,5306,29.10000,64.70000,17.80000,25.30000,3.31835,404.05646
2025-06-20 13:31:02+07:00,5307,29.10000,64.80000,24.90000,31.10000,3.18238,403.95197
2025-06-20 13:31:52+07:00,5308,29.10000,64.70000,17.50000,23.30000,3.07697,404.18808
2025-06-20 13:32:41+07:00,5309,29.00000,64.80000,17.00000,22.10000,3.01896,403.86526
2025-06-20 13:33:30+07:00,5310,29.00000,64.90000,17.20000,23.10000,2.96816,403.78778
2025-06-20 13:34:20+07:00,5311,28.90000,64.90000,17.60000,22.20000,2.92429,404.01599
2025-06-20 13:35:09+07:00,5312,28.90000,65.40000,17.80000,23.10000,2.97447,403.84189
2025-06-20 13:35:59+07:00,5313,28.90000,66.80000,17.80000,23.00000,2.84425,403.62912
2025-06-20 13:36:51+07:00,5314,28.90000,65.70000,17.90000,24.00000,2.62627,403.88873
2025-06-20 13:37:44+07:00,5315,28.90000,66.20000,19.10000,23.80000,2.66065,403.72668
2025-06-20 13:38:38+07:00,5316,28.90000,66.50000,19.20000,26.70000,2.71292,403.84189
2025-06-20 13:39:27+07:00,5317,28.90000,66.20000,19.80000,26.30000,2.60922,403.67389
2025-06-20 13:40:16+07:00,5318,28.80000,66.60000,19.30000,24.90000,2.64915,403.63657
2025-06-20 13:41:06+07:00,5319,28.80000,65.90000,21.20000,27.30000,2.70707,403.67389
2025-06-20 13:41:55+07:00,5320,28.80000,65.30000,30.50000,37.90000,2.53638,403.58478
2025-06-20 13:42:44+07:00,5321,28.70000,65.70000,24.00000,30.90000,2.51981,403.67389
2025-06-20 13:43:34+07:00,5322,28.80000,65.70000,21.00000,28.50000,2.41692,403.74951
2025-06-20 13:44:23+07:00,5323,28.70000,66.10000,18.20000,24.00000,2.45442,403.64401
2025-06-20 13:45:14+07:00,5324,28.70000,65.50000,17.70000,22.50000,2.48694,403.62170
2025-06-20 13:46:04+07:00,5325,28.70000,65.20000,18.10000,24.20000,2.47063,403.64401
2025-06-20 13:46:58+07:00,5326,28.70000,64.80000,18.70000,23.90000,2.43293,403.54089
2025-06-20 13:47:48+07:00,5327,28.80000,64.30000,19.00000,24.10000,2.36940,403.55548
2025-06-20 13:48:37+07:00,5328,28.80000,64.40000,18.20000,22.90000,2.41692,403.65146
2025-06-20 13:49:26+07:00,5329,28.80000,64.90000,18.50000,24.30000,2.32781,403.54089
2025-06-20 13:50:16+07:00,5330,28.80000,65.70000,17.40000,22.50000,2.34333,403.64401
2025-06-20 13:51:05+07:00,5331,28.80000,65.80000,18.30000,22.10000,2.30212,403.59952
2025-06-20 13:51:54+07:00,5332,28.80000,65.50000,16.90000,21.90000,2.23142,403.44012
2025-06-20 13:52:44+07:00,5333,28.70000,65.60000,17.60000,23.10000,2.19674,403.51187
2025-06-20 13:53:34+07:00,5334,28.70000,66.20000,22.70000,29.20000,2.17712,403.52637
2025-06-20 13:55:24+07:00,5335,28.70000,66.70000,19.70000,27.80000,2.15280,403.61429
2025-06-20 13:56:25+07:00,5336,28.70000,66.60000,20.00000,27.50000,2.05306,403.56277
2025-06-20 13:57:15+07:00,5337,28.70000,66.20000,28.60000,37.00000,2.11912,403.62912
2025-06-20 13:58:04+07:00,5338,28.70000,68.00000,18.20000,25.10000,2.16250,403.57745
2025-06-20 13:58:53+07:00,5339,28.70000,66.00000,23.70000,28.50000,2.17224,403.52637
2025-06-20 13:59:43+07:00,5340,28.60000,66.10000,18.10000,24.70000,2.10482,403.59213
2025-06-20 14:00:34+07:00,5341,28.60000,65.90000,17.80000,23.60000,2.10008,403.61429
2025-06-20 14:01:23+07:00,5342,28.60000,66.00000,18.50000,24.80000,2.07646,403.41885
2025-06-20 14:02:12+07:00,5343,28.60000,66.30000,16.10000,21.60000,2.06240,403.50464
2025-06-20 14:03:02+07:00,5344,28.60000,65.70000,15.70000,23.50000,2.07646,403.62170
2025-06-20 14:03:51+07:00,5345,28.60000,65.40000,16.50000,20.90000,2.00234,403.57010
2025-06-20 14:04:45+07:00,5346,28.60000,65.40000,16.10000,22.60000,2.00234,403.45438
2025-06-20 14:05:38+07:00,5347,28.50000,65.50000,16.40000,19.70000,1.97511,403.44012
2025-06-20 14:06:27+07:00,5348,28.60000,65.60000,16.00000,20.90000,1.97060,403.55548
2025-06-20 14:07:17+07:00,5349,28.50000,66.70000,38.80000,49.30000,1.90835,403.32782
2025-06-20 14:08:06+07:00,5350,28.60000,68.40000,19.40000,27.50000,1.96610,403.63657
2025-06-20 14:08:58+07:00,5351,28.60000,66.70000,15.60000,20.60000,2.00691,403.68140
2025-06-20 14:09:48+07:00,5352,28.60000,66.40000,16.90000,22.10000,1.92597,403.52637
2025-06-20 14:10:37+07:00,5353,28.50000,66.70000,22.30000,27.30000,1.88650,403.57010
2025-06-20 14:11:27+07:00,5354,28.40000,67.40000,21.90000,29.50000,1.78446,403.51187
2025-06-20 14:12:19+07:00,5355,28.50000,67.60000,16.60000,20.00000,1.86056,403.53363
2025-06-20 14:13:09+07:00,5356,28.40000,68.10000,17.40000,24.10000,1.90835,403.46869
2025-06-20 14:15:51+07:00,5357,28.50000,68.30000,16.80000,21.70000,1.83491,403.34866
2025-06-20 14:17:43+07:00,5358,28.50000,68.00000,15.10000,20.40000,1.78446,403.35562
2025-06-20 14:19:28+07:00,5359,28.40000,69.60000,15.00000,21.00000,1.80954,403.27960
2025-06-20 14:20:25+07:00,5360,28.40000,69.40000,20.70000,27.70000,1.79697,403.41885
2025-06-20 14:21:16+07:00,5361,28.40000,69.20000,17.70000,22.80000,1.83916,403.44012
2025-06-20 14:22:06+07:00,5362,28.30000,68.50000,18.80000,23.60000,1.70690,403.49023
2025-06-20 14:22:55+07:00,5363,28.20000,68.80000,16.50000,21.70000,1.70690,403.37659
2025-06-20 14:23:44+07:00,5364,28.20000,68.70000,17.20000,21.40000,1.70289,403.26593
2025-06-20 14:25:37+07:00,5365,28.20000,69.10000,16.20000,22.20000,1.65541,403.34171
2025-06-20 14:26:27+07:00,5366,28.10000,68.80000,16.30000,20.30000,1.70690,403.39767
2025-06-20 14:27:19+07:00,5367,28.10000,69.40000,16.40000,22.50000,1.72704,403.23196
2025-06-20 14:28:08+07:00,5368,28.10000,68.80000,16.20000,20.80000,1.61283,403.41177
2025-06-20 14:30:01+07:00,5369,28.10000,68.80000,16.00000,23.20000,1.60901,403.33475
2025-06-20 14:31:01+07:00,5370,28.10000,69.10000,16.40000,21.00000,1.69092,403.24551
2025-06-20 14:31:51+07:00,5371,28.10000,68.80000,21.10000,28.00000,1.63595,403.41177
2025-06-20 14:32:40+07:00,5372,28.20000,69.90000,18.30000,25.20000,1.72704,403.25232
2025-06-20 14:34:36+07:00,5373,28.20000,70.60000,16.80000,25.30000,1.63982,403.32782
2025-06-20 14:35:28+07:00,5374,28.10000,70.70000,17.30000,23.30000,1.61667,403.32782
2025-06-20 14:36:22+07:00,5375,28.10000,71.00000,17.70000,23.30000,1.57114,403.31400
2025-06-20 14:37:17+07:00,5376,28.10000,71.40000,17.10000,23.80000,1.62436,403.34171
2025-06-20 14:38:15+07:00,5377,28.10000,70.80000,16.80000,23.20000,1.66325,403.31400
2025-06-20 14:39:04+07:00,5378,28.10000,71.10000,17.20000,23.20000,1.60519,403.30710
2025-06-20 14:39:54+07:00,5379,28.00000,71.10000,16.40000,22.50000,1.54877,403.39062
2025-06-20 14:40:43+07:00,5380,28.00000,71.50000,16.00000,25.50000,1.55248,403.10541
2025-06-20 14:41:32+07:00,5381,27.90000,71.30000,17.00000,24.70000,1.65541,403.38361
2025-06-20 14:42:22+07:00,5382,27.90000,71.40000,17.20000,23.80000,1.51570,403.25912
2025-06-20 14:43:11+07:00,5383,28.00000,71.90000,17.80000,25.20000,1.55993,403.27960
2025-06-20 14:44:01+07:00,5384,28.00000,71.90000,18.70000,26.90000,1.53033,403.39767
2025-06-20 14:44:50+07:00,5385,28.00000,72.20000,18.80000,24.80000,1.57490,403.43304
2025-06-20 14:45:40+07:00,5386,28.00000,72.00000,17.80000,24.60000,1.55620,403.27960
2025-06-20 14:46:30+07:00,5387,28.00000,71.60000,18.00000,24.50000,1.57866,403.16486
2025-06-20 14:47:19+07:00,5388,28.00000,71.30000,17.80000,23.80000,1.42680,403.17151
2025-06-20 14:48:09+07:00,5389,28.00000,71.90000,16.80000,23.50000,1.52300,403.21170
2025-06-20 14:49:00+07:00,5390,28.00000,72.00000,17.90000,23.90000,1.51206,403.23874
2025-06-20 14:49:50+07:00,5391,28.00000,71.90000,18.90000,26.00000,1.51206,403.35562
2025-06-20 14:50:39+07:00,5392,28.10000,72.40000,19.50000,25.70000,1.51206,403.25232
2025-06-20 14:51:29+07:00,5393,28.10000,71.60000,19.50000,28.40000,1.49397,403.17819
2025-06-20 14:52:18+07:00,5394,28.10000,70.80000,18.50000,24.00000,1.45126,403.32089
2025-06-20 14:53:08+07:00,5395,28.00000,70.80000,18.50000,24.00000,1.44423,403.33475
2025-06-20 14:53:57+07:00,5396,28.00000,71.20000,17.60000,23.50000,1.47249,403.22519
2025-06-20 14:54:47+07:00,5397,28.00000,70.90000,16.30000,21.10000,1.49397,403.27960
2025-06-20 14:55:39+07:00,5398,28.00000,70.70000,16.40000,22.40000,1.45478,403.25912
2025-06-20 14:56:29+07:00,5399,28.10000,70.50000,17.20000,24.70000,1.44774,403.28647
2025-06-20 14:57:18+07:00,5400,28.00000,70.80000,17.20000,23.70000,1.41297,403.32089
2025-06-20 14:58:08+07:00,5401,28.00000,71.10000,17.60000,23.80000,1.48678,403.17151
2025-06-20 14:58:57+07:00,5402,28.00000,71.40000,16.90000,21.90000,1.49397,403.17819
2025-06-20 14:59:47+07:00,5403,28.00000,71.10000,19.50000,26.00000,1.40267,403.11197
2025-06-20 15:00:37+07:00,5404,28.10000,71.00000,16.90000,23.20000,1.44423,403.09232
2025-06-20 15:01:27+07:00,5405,28.00000,71.00000,17.00000,24.70000,1.41642,403.31400
2025-06-20 15:02:16+07:00,5406,28.00000,71.70000,18.20000,26.70000,1.43724,403.32782
2025-06-20 15:03:06+07:00,5407,28.10000,72.10000,18.00000,26.00000,1.44774,403.18488
2025-06-20 15:03:57+07:00,5408,28.10000,71.70000,17.70000,25.60000,1.41987,403.07278
2025-06-20 15:04:47+07:00,5409,27.90000,71.20000,16.90000,23.00000,1.40610,403.28647
2025-06-20 15:05:36+07:00,5410,27.90000,71.70000,17.30000,24.70000,1.41987,403.21844
2025-06-20 15:06:26+07:00,5411,27.90000,71.90000,17.20000,23.20000,1.40267,403.33475
2025-06-20 15:07:15+07:00,5412,27.90000,72.30000,17.10000,22.20000,1.34544,403.22519
2025-06-20 15:08:04+07:00,5413,27.90000,72.60000,17.60000,24.00000,1.34875,403.30020
2025-06-20 15:08:54+07:00,5414,27.90000,72.40000,16.90000,22.20000,1.38225,403.25232
2025-06-20 15:09:43+07:00,5415,27.90000,72.10000,18.60000,24.40000,1.30295,403.22519
2025-06-20 15:10:33+07:00,5416,28.00000,72.40000,17.80000,23.50000,1.37213,403.23874
2025-06-20 15:11:22+07:00,5417,27.90000,72.20000,17.50000,25.30000,1.34544,403.16486
2025-06-20 15:12:12+07:00,5418,27.90000,72.50000,18.20000,22.50000,1.40610,403.13834
2025-06-20 15:13:01+07:00,5419,27.90000,72.70000,19.30000,25.90000,1.35873,403.18488
2025-06-20 15:13:54+07:00,5420,28.00000,72.50000,18.90000,25.50000,1.35540,403.22519
2025-06-20 15:14:43+07:00,5421,28.00000,72.60000,19.10000,26.70000,1.40267,403.26593
2025-06-20 15:15:32+07:00,5422,28.00000,72.30000,19.90000,26.80000,1.35540,403.31400
2025-06-20 15:16:22+07:00,5423,28.00000,72.00000,18.80000,26.90000,1.36877,403.28647
2025-06-20 15:17:11+07:00,5424,28.00000,72.20000,20.10000,28.90000,1.33553,403.34171
2025-06-20 15:18:01+07:00,5425,28.00000,72.30000,19.70000,25.50000,1.36207,403.31400
2025-06-20 15:18:50+07:00,5426,28.00000,72.60000,26.50000,32.60000,1.38564,403.30020
2025-06-20 15:19:39+07:00,5427,28.10000,72.60000,20.40000,26.90000,1.36542,403.40472
2025-06-20 15:20:29+07:00,5428,28.10000,72.60000,19.10000,24.50000,1.36877,403.44727
2025-06-20 15:21:18+07:00,5429,28.10000,72.40000,19.50000,27.40000,1.38903,403.30020
2025-06-20 15:22:08+07:00,5430,28.10000,72.00000,17.90000,22.10000,1.39925,403.43304
2025-06-20 15:22:57+07:00,5431,28.20000,71.90000,20.80000,26.90000,1.31266,403.17819
2025-06-20 15:23:47+07:00,5432,28.10000,71.80000,19.40000,25.60000,1.34213,403.36960
2025-06-20 15:24:36+07:00,5433,28.10000,71.60000,17.50000,23.50000,1.32897,403.27277
2025-06-20 15:25:26+07:00,5434,28.10000,71.70000,24.30000,31.20000,1.31590,403.18488
2025-06-20 15:26:16+07:00,5435,28.10000,71.70000,21.60000,31.90000,1.33553,403.57010
2025-06-20 15:27:05+07:00,5436,28.20000,71.70000,22.10000,30.90000,1.27734,403.45438
2025-06-20 15:27:55+07:00,5437,28.20000,71.50000,18.00000,22.30000,1.33225,403.52637
2025-06-20 15:28:44+07:00,5438,28.10000,71.90000,18.20000,25.80000,1.36877,403.34866
2025-06-20 15:29:34+07:00,5439,28.10000,72.30000,18.70000,24.60000,1.33553,403.21844
2025-06-20 15:30:24+07:00,5440,28.10000,72.00000,17.70000,23.50000,1.36877,403.34866
2025-06-20 15:31:13+07:00,5441,28.10000,72.00000,17.90000,23.80000,1.36877,403.34171
2025-06-20 15:32:03+07:00,5442,28.00000,72.40000,18.00000,26.80000,1.29972,403.27960
2025-06-20 15:32:52+07:00,5443,27.90000,72.60000,19.10000,26.40000,1.27734,403.32089
2025-06-20 15:33:42+07:00,5444,27.90000,72.50000,19.10000,26.90000,1.28370,403.19156
2025-06-20 15:34:31+07:00,5445,27.90000,72.80000,18.30000,24.40000,1.26468,403.30710
2025-06-20 15:35:21+07:00,5446,27.80000,72.50000,18.90000,27.80000,1.27100,403.07278
2025-06-20 15:36:10+07:00,5447,27.80000,73.40000,18.30000,26.70000,1.26784,403.06628
2025-06-20 15:37:00+07:00,5448,27.90000,73.50000,18.10000,25.40000,1.24589,403.18488
2025-06-20 15:37:49+07:00,5449,27.90000,73.50000,19.50000,28.70000,1.24901,403.28647
2025-06-20 15:38:38+07:00,5450,27.90000,74.10000,18.20000,28.00000,1.22732,402.91367
2025-06-20 15:39:28+07:00,5451,27.90000,73.60000,18.50000,27.30000,1.30618,403.28647
2025-06-20 15:40:17+07:00,5452,27.80000,73.40000,21.40000,31.00000,1.26784,403.05978
2025-06-20 15:41:06+07:00,5453,27.70000,72.90000,18.00000,25.10000,1.19385,403.16486
2025-06-20 15:41:55+07:00,5454,27.60000,73.20000,18.20000,24.60000,1.20898,403.09232
2025-06-20 15:42:45+07:00,5455,27.60000,73.30000,18.60000,27.90000,1.16702,403.19827
2025-06-20 15:43:34+07:00,5456,27.50000,73.50000,18.80000,27.00000,1.13776,403.17151
2025-06-20 15:44:24+07:00,5457,27.50000,74.00000,20.50000,31.60000,1.16406,403.07278
2025-06-20 15:45:13+07:00,5458,27.60000,74.30000,21.00000,30.50000,1.18785,403.17819
2025-06-20 15:46:03+07:00,5459,27.60000,74.50000,20.40000,27.10000,1.20291,403.10541
2025-06-20 15:46:52+07:00,5460,27.50000,74.90000,20.20000,27.20000,1.23040,403.18488
2025-06-20 15:47:42+07:00,5461,27.50000,74.90000,19.20000,26.80000,1.19085,403.17151
2025-06-20 15:48:31+07:00,5462,27.50000,74.90000,18.80000,29.00000,1.15818,403.05978
2025-06-20 15:49:20+07:00,5463,27.50000,74.90000,19.70000,30.00000,1.19687,403.14493
2025-06-20 15:50:10+07:00,5464,27.50000,74.50000,19.10000,26.80000,1.29651,403.07278
2025-06-20 15:50:59+07:00,5465,27.50000,74.20000,20.30000,28.10000,1.15818,403.23874
2025-06-20 15:51:51+07:00,5466,27.50000,74.20000,21.20000,30.10000,1.22732,403.15820
2025-06-20 15:52:41+07:00,5467,27.50000,74.60000,21.30000,31.90000,1.17591,403.29333
2025-06-20 15:53:30+07:00,5468,27.50000,74.70000,23.70000,34.30000,1.20291,403.15155
2025-06-20 15:54:20+07:00,5469,27.40000,74.60000,22.70000,32.10000,1.16112,403.07278
2025-06-20 15:55:09+07:00,5470,27.40000,74.60000,22.90000,35.20000,1.16997,403.05331
2025-06-20 15:55:58+07:00,5471,27.40000,74.50000,20.80000,28.60000,1.19687,403.10541
2025-06-20 15:56:48+07:00,5472,27.30000,74.20000,21.40000,31.20000,1.12336,403.17151
2025-06-20 15:57:37+07:00,5473,27.20000,74.60000,21.20000,30.90000,1.14066,403.20499
2025-06-20 15:58:26+07:00,5474,27.20000,74.90000,21.80000,31.40000,1.17294,403.17819
2025-06-20 15:59:16+07:00,5475,27.20000,74.80000,20.40000,29.00000,1.16406,403.13834
2025-06-20 16:00:06+07:00,5476,27.10000,75.60000,22.60000,30.30000,1.10626,403.13171
2025-06-20 16:00:56+07:00,5477,27.10000,75.80000,19.60000,27.80000,1.12623,403.17819
2025-06-20 16:01:45+07:00,5478,27.10000,75.50000,19.60000,27.20000,1.12910,403.16486
2025-06-20 16:02:34+07:00,5479,27.10000,75.40000,20.00000,28.20000,1.15524,403.17819
2025-06-20 16:03:24+07:00,5480,27.10000,75.50000,18.60000,25.50000,1.13776,403.09885
2025-06-20 16:04:13+07:00,5481,27.10000,75.60000,23.00000,30.20000,1.12049,403.21170
2025-06-20 16:05:03+07:00,5482,27.10000,76.10000,20.60000,27.40000,1.08379,403.22519
2025-06-20 16:05:52+07:00,5483,27.10000,76.60000,18.80000,25.10000,1.05894,403.32089
2025-06-20 16:06:42+07:00,5484,27.10000,76.60000,20.00000,27.40000,1.17888,403.23874
2025-06-20 16:07:31+07:00,5485,27.10000,76.70000,19.10000,27.70000,1.14648,403.20499
2025-06-20 16:08:20+07:00,5486,27.10000,77.30000,18.70000,24.50000,1.09779,403.30710
2025-06-20 16:09:10+07:00,5487,27.00000,76.80000,18.20000,23.70000,1.07269,403.17151
2025-06-20 16:09:59+07:00,5488,27.00000,76.20000,16.70000,20.70000,1.12049,403.02753
2025-06-20 16:10:49+07:00,5489,27.00000,76.30000,18.10000,24.90000,1.06717,403.08578
2025-06-20 16:11:42+07:00,5490,26.90000,76.70000,17.50000,24.50000,0.99749,403.17151
2025-06-20 16:12:31+07:00,5491,26.90000,76.40000,17.30000,23.30000,1.07269,403.19156
2025-06-20 16:13:21+07:00,5492,26.90000,76.30000,18.40000,25.10000,1.06168,403.15155
2025-06-20 16:14:11+07:00,5493,26.90000,76.30000,17.70000,23.80000,1.04804,403.12512
2025-06-20 16:16:04+07:00,5494,26.80000,76.60000,19.30000,27.50000,1.06442,403.08578
2025-06-20 16:16:54+07:00,5495,26.80000,77.00000,18.60000,26.50000,1.05621,403.10541
2025-06-20 16:18:35+07:00,5496,26.80000,77.20000,28.40000,40.10000,1.06442,403.21844
2025-06-20 16:19:24+07:00,5497,26.80000,77.40000,46.40000,61.00000,1.00797,403.04684
2025-06-20 16:20:14+07:00,5498,26.90000,77.40000,51.20000,69.10000,1.10909,403.04041
2025-06-20 16:21:04+07:00,5499,26.90000,77.40000,26.60000,39.90000,1.04263,403.02753
2025-06-20 16:21:53+07:00,5500,26.90000,77.30000,35.70000,52.50000,1.06717,403.01471
2025-06-20 16:22:43+07:00,5501,26.80000,76.80000,67.80000,88.30000,1.01589,403.17151
2025-06-20 16:23:33+07:00,5502,26.80000,77.10000,33.90000,45.40000,1.16702,403.19156
2025-06-20 16:26:14+07:00,5503,26.80000,77.20000,91.90000,116.30000,1.08379,403.10541
2025-06-20 16:27:04+07:00,5504,26.80000,77.10000,97.40000,124.60000,1.11478,403.24551
2025-06-20 16:27:54+07:00,5505,26.90000,77.00000,64.70000,86.00000,1.06168,403.18488
2025-06-20 16:28:44+07:00,5506,26.90000,76.80000,50.90000,66.60000,1.05348,403.30020
2025-06-20 16:29:34+07:00,5507,26.90000,77.10000,78.30000,101.40000,1.06993,403.10541
2025-06-20 16:30:24+07:00,5508,26.90000,76.70000,24.10000,33.00000,1.06993,403.26593
2025-06-20 16:31:13+07:00,5509,26.80000,77.10000,64.70000,83.10000,1.11763,403.11853
2025-06-20 16:32:03+07:00,5510,26.80000,77.30000,58.10000,77.10000,1.11478,403.17151
2025-06-20 16:32:52+07:00,5511,26.90000,77.40000,81.60000,104.70000,1.03724,403.35562
2025-06-20 16:33:42+07:00,5512,26.90000,77.40000,127.00000,153.10001,1.01060,403.44012
2025-06-20 16:34:31+07:00,5513,26.90000,77.30000,97.80000,120.50000,1.10061,403.34171
2025-06-20 16:35:25+07:00,5514,26.90000,77.00000,26.40000,35.00000,1.07269,403.68890
2025-06-20 16:36:14+07:00,5515,26.90000,77.20000,23.60000,33.00000,1.01854,403.28647
2025-06-20 16:37:04+07:00,5516,26.90000,77.10000,26.20000,34.90000,1.01854,403.22519
2025-06-20 16:37:53+07:00,5517,26.80000,77.40000,39.90000,52.80000,1.11763,403.36261
2025-06-20 16:38:43+07:00,5518,26.70000,77.70000,23.60000,30.60000,1.08100,403.20499
2025-06-20 16:39:32+07:00,5519,26.60000,77.70000,29.70000,40.50000,1.03187,403.19156
2025-06-20 16:40:26+07:00,5520,26.70000,78.10000,29.70000,42.60000,1.06993,403.23196
2025-06-20 16:41:15+07:00,5521,26.70000,78.10000,30.00000,41.10000,1.10909,403.21170
2025-06-20 16:42:06+07:00,5522,26.70000,78.20000,103.40000,127.80000,1.01589,403.14493
2025-06-20 16:42:56+07:00,5523,26.70000,78.30000,128.80000,152.50000,1.07269,403.32782
2025-06-20 16:43:51+07:00,5524,26.80000,78.10000,83.90000,102.70000,1.08658,403.57745
2025-06-20 16:44:40+07:00,5525,26.90000,78.10000,36.00000,47.90000,1.09498,403.46869
2025-06-20 16:45:30+07:00,5526,26.80000,78.00000,51.40000,68.90000,1.07545,403.44012
2025-06-20 16:46:20+07:00,5527,26.80000,77.90000,28.30000,38.60000,1.03993,403.58478
2025-06-20 16:47:09+07:00,5528,26.70000,77.80000,33.60000,45.50000,1.03187,403.36960
2025-06-20 16:48:11+07:00,5529,26.70000,77.90000,44.50000,58.40000,1.00010,403.42593
2025-06-20 16:49:00+07:00,5530,26.70000,78.00000,24.70000,33.10000,1.11194,403.34171
2025-06-20 16:49:50+07:00,5531,26.70000,78.00000,49.50000,63.40000,1.05348,403.38361
2025-06-20 16:50:39+07:00,5532,26.80000,78.20000,51.10000,68.30000,1.03724,403.37659
2025-06-20 16:51:28+07:00,5533,26.90000,78.10000,57.70000,76.90000,1.06993,403.36960
2025-06-20 16:52:18+07:00,5534,26.90000,78.20000,26.60000,35.80000,1.06993,403.41885
2025-06-20 16:53:07+07:00,5535,26.90000,78.00000,26.10000,34.60000,1.10909,403.47586
2025-06-20 16:53:57+07:00,5536,26.90000,77.90000,34.60000,46.30000,1.08379,403.34171
2025-06-20 16:54:46+07:00,5537,26.90000,78.00000,24.20000,32.30000,1.09498,403.32089
2025-06-20 16:55:36+07:00,5538,26.90000,78.10000,89.10000,109.40000,1.08379,403.35562
2025-06-20 16:56:25+07:00,5539,26.90000,78.30000,25.60000,33.40000,1.07545,403.62170
2025-06-20 16:57:15+07:00,5540,27.00000,78.10000,67.80000,84.30000,1.13487,403.48303
2025-06-20 16:58:07+07:00,5541,27.00000,78.20000,27.50000,36.10000,1.09498,403.57745
2025-06-20 16:58:56+07:00,5542,26.90000,78.00000,29.30000,39.70000,1.05894,403.31400
2025-06-20 16:59:46+07:00,5543,26.90000,78.30000,33.80000,45.00000,1.05076,403.41177
2025-06-20 17:00:35+07:00,5544,26.90000,78.30000,58.80000,74.50000,1.07269,403.41885
2025-06-20 17:01:24+07:00,5545,26.80000,78.90000,51.20000,63.40000,1.06993,403.46152
2025-06-20 17:02:14+07:00,5546,26.90000,78.70000,56.80000,66.10000,1.01060,403.43304
2025-06-20 17:03:03+07:00,5547,26.90000,78.70000,71.00000,79.60000,1.07269,403.41177
2025-06-20 17:03:52+07:00,5548,26.90000,78.90000,78.40000,87.50000,1.04804,403.45438
2025-06-20 17:04:44+07:00,5549,26.90000,78.80000,120.90000,135.39999,1.04804,403.49023
2025-06-20 17:05:33+07:00,5550,26.80000,79.30000,107.10000,118.90000,1.03187,403.26593
2025-06-20 17:06:23+07:00,5551,26.80000,79.40000,45.90000,51.90000,1.11763,403.42593
2025-06-20 17:07:12+07:00,5552,26.80000,79.00000,39.60000,48.20000,1.06993,403.39062
2025-06-20 17:08:01+07:00,5553,26.70000,79.30000,65.10000,75.10000,1.01589,403.26593
2025-06-20 17:08:51+07:00,5554,26.70000,79.40000,105.60000,118.40000,1.04804,403.35562
2025-06-20 17:09:40+07:00,5555,26.70000,79.30000,89.60000,100.50000,1.05076,403.19156
2025-06-20 17:10:29+07:00,5556,26.70000,79.40000,82.70000,93.00000,1.08100,403.28647
2025-06-20 17:11:19+07:00,5557,26.70000,79.20000,76.50000,87.70000,1.05894,403.41885
2025-06-20 17:12:08+07:00,5558,26.60000,79.40000,116.80000,139.30000,1.03187,403.33475
2025-06-20 17:12:58+07:00,5559,26.70000,79.30000,55.50000,69.10000,0.98969,403.23196
2025-06-20 17:13:47+07:00,5560,26.70000,79.10000,39.30000,50.30000,0.99489,403.29333
2025-06-20 17:14:37+07:00,5561,26.70000,79.20000,100.00000,127.10000,1.09217,403.29333
2025-06-20 17:15:26+07:00,5562,26.70000,78.80000,63.40000,86.40000,1.00797,403.44727
2025-06-20 17:16:16+07:00,5563,26.70000,78.60000,68.90000,86.20000,1.04533,403.43304
2025-06-20 17:17:05+07:00,5564,26.60000,78.40000,62.10000,95.10000,1.02385,403.39767
2025-06-20 17:17:55+07:00,5565,26.60000,78.70000,83.90000,127.20000,1.00797,403.25232
2025-06-20 17:18:44+07:00,5566,26.50000,78.90000,70.20000,96.30000,0.99229,403.24551
2025-06-20 17:19:34+07:00,5567,26.60000,79.00000,97.30000,126.80000,0.99489,403.36960
2025-06-20 17:20:24+07:00,5568,26.60000,79.00000,70.40000,97.60000,1.00534,403.44727
2025-06-20 17:21:13+07:00,5569,26.60000,78.80000,30.90000,43.40000,0.96657,403.28647
2025-06-20 17:22:02+07:00,5570,26.50000,78.70000,54.90000,75.30000,0.94889,403.34866
2025-06-20 17:22:52+07:00,5571,26.50000,79.00000,47.80000,67.10000,0.89737,403.36261
2025-06-20 17:23:42+07:00,5572,26.40000,79.60000,51.10000,69.90000,0.93394,403.15155
2025-06-20 17:24:31+07:00,5573,26.40000,79.80000,42.30000,58.30000,1.00797,403.13171
2025-06-20 17:25:20+07:00,5574,26.50000,79.60000,38.20000,53.50000,0.99749,403.37659
2025-06-20 17:26:10+07:00,5575,26.50000,79.50000,27.70000,38.40000,0.95644,403.27277
2025-06-20 17:27:00+07:00,5576,26.50000,79.40000,30.30000,41.80000,0.96912,403.16486
2025-06-20 17:27:50+07:00,5577,26.50000,79.10000,28.00000,38.80000,1.04804,403.04684
2025-06-20 17:28:39+07:00,5578,26.50000,79.30000,47.70000,73.70000,1.01854,403.27960
2025-06-20 17:29:29+07:00,5579,26.50000,79.10000,69.10000,106.90000,0.98969,403.18488
2025-06-20 17:30:18+07:00,5580,26.60000,79.10000,98.20000,164.10001,1.01589,403.09232
2025-06-20 17:31:08+07:00,5581,26.50000,79.00000,77.10000,110.90000,0.94139,403.30020
2025-06-20 17:31:57+07:00,5582,26.50000,78.80000,107.30000,166.70000,0.92162,403.16486
2025-06-20 17:32:48+07:00,5583,26.50000,78.70000,97.50000,158.20000,0.97679,403.21844
2025-06-20 17:33:37+07:00,5584,26.50000,78.40000,106.00000,150.60001,0.92407,403.39062
2025-06-20 17:34:26+07:00,5585,26.50000,78.40000,60.70000,85.00000,0.98710,403.54819
2025-06-20 17:35:16+07:00,5586,26.50000,78.20000,53.60000,76.20000,0.92162,403.39062
2025-06-20 17:36:06+07:00,5587,26.50000,78.70000,47.90000,73.00000,0.99229,403.13834
2025-06-20 17:36:55+07:00,5588,26.50000,78.20000,52.20000,93.00000,0.91917,403.21170
2025-06-20 17:37:44+07:00,5589,26.50000,77.80000,70.20000,109.90000,0.95896,403.27277
2025-06-20 17:38:34+07:00,5590,26.40000,78.10000,72.80000,131.20000,0.93890,403.19156
2025-06-20 17:39:27+07:00,5591,26.40000,78.30000,86.00000,148.89999,0.96149,403.17819
2025-06-20 17:40:17+07:00,5592,26.50000,78.20000,122.70000,189.00000,0.94389,403.18488
2025-06-20 17:41:06+07:00,5593,26.50000,77.70000,53.70000,82.00000,0.91673,403.24551
2025-06-20 17:41:56+07:00,5594,26.50000,77.50000,70.70000,107.10000,0.96912,403.19156
2025-06-20 17:42:46+07:00,5595,26.50000,77.80000,76.10000,104.40000,0.90943,403.18488
2025-06-20 17:43:35+07:00,5596,26.40000,78.10000,41.30000,57.30000,0.89019,403.14493
2025-06-20 17:44:25+07:00,5597,26.40000,77.90000,56.00000,85.40000,0.89497,403.10541
2025-06-20 17:45:14+07:00,5598,26.30000,78.40000,67.70000,95.40000,0.94639,403.16486
2025-06-20 17:46:05+07:00,5599,26.40000,78.40000,74.10000,116.60000,0.87598,403.20499
2025-06-20 17:46:54+07:00,5600,26.30000,78.60000,70.70000,110.90000,0.93146,403.24551
2025-06-20 17:47:44+07:00,5601,26.30000,78.80000,69.80000,100.30000,0.94389,403.11197
2025-06-20 17:48:34+07:00,5602,26.30000,78.70000,83.50000,112.70000,0.85730,403.15155
2025-06-20 17:49:23+07:00,5603,26.20000,79.20000,78.70000,99.90000,0.89019,403.31400
2025-06-20 17:50:13+07:00,5604,26.30000,79.10000,73.40000,94.80000,0.93642,403.39062
2025-06-20 17:51:03+07:00,5605,26.30000,79.10000,51.60000,68.60000,0.97167,403.30710
2025-06-20 17:51:52+07:00,5606,26.40000,78.60000,60.30000,78.30000,0.96657,403.39767
2025-06-20 17:52:42+07:00,5607,26.30000,78.80000,61.80000,80.40000,0.95896,403.46869
2025-06-20 17:53:36+07:00,5608,26.30000,79.10000,46.70000,65.90000,0.95644,403.41177
2025-06-20 17:54:26+07:00,5609,26.30000,78.90000,58.10000,73.60000,0.97167,403.34171
2025-06-20 17:55:15+07:00,5610,26.30000,79.10000,30.50000,43.10000,0.91186,403.24551
2025-06-20 17:56:06+07:00,5611,26.30000,79.30000,44.00000,56.50000,0.94639,403.32782
2025-06-20 17:56:56+07:00,5612,26.30000,79.10000,66.50000,86.30000,0.93146,403.34866
2025-06-20 17:57:46+07:00,5613,26.30000,79.20000,43.10000,57.90000,0.95140,403.34866
2025-06-20 17:58:36+07:00,5614,26.30000,79.20000,30.70000,46.40000,0.90218,403.27277
2025-06-20 17:59:26+07:00,5615,26.20000,79.30000,63.00000,82.10000,0.89977,403.37659
2025-06-20 18:00:16+07:00,5616,26.30000,79.60000,47.10000,61.20000,0.91186,403.28647
2025-06-20 18:01:06+07:00,5617,26.30000,79.60000,68.10000,84.50000,0.92900,403.34171
2025-06-20 18:01:56+07:00,5618,26.30000,79.70000,43.00000,59.60000,0.93146,403.44727
2025-06-20 18:02:47+07:00,5619,26.40000,79.60000,48.10000,63.20000,0.94889,403.38361
2025-06-20 18:03:36+07:00,5620,26.40000,79.70000,39.50000,57.50000,0.93642,403.19156
2025-06-20 18:04:33+07:00,5621,26.40000,79.70000,70.20000,91.50000,0.85962,403.32089
2025-06-20 18:05:23+07:00,5622,26.30000,79.70000,68.50000,89.30000,0.94139,403.41177
2025-06-20 18:06:16+07:00,5623,26.30000,79.90000,57.60000,73.80000,0.90701,403.41885
2025-06-20 18:07:05+07:00,5624,26.30000,79.80000,31.30000,42.30000,0.92900,403.34171
2025-06-20 18:07:55+07:00,5625,26.30000,79.70000,35.20000,49.20000,0.91917,403.36960
2025-06-20 18:08:49+07:00,5626,26.30000,79.80000,50.90000,64.60000,0.91917,403.13171
2025-06-20 18:09:38+07:00,5627,26.30000,79.90000,29.00000,37.80000,0.90459,403.43304
2025-06-20 18:10:27+07:00,5628,26.30000,79.90000,55.60000,70.10000,0.90701,403.01471
2025-06-20 18:11:23+07:00,5629,26.30000,80.30000,54.00000,69.70000,0.87128,403.32782
2025-06-20 18:12:16+07:00,5630,26.40000,80.20000,48.40000,65.90000,0.87833,403.41177
2025-06-20 18:13:06+07:00,5631,26.40000,80.00000,40.30000,55.60000,0.93642,403.39062
2025-06-20 18:13:55+07:00,5632,26.40000,80.10000,60.80000,80.30000,0.94639,403.22519
2025-06-20 18:14:45+07:00,5633,26.40000,79.90000,37.00000,47.70000,0.93890,403.37659
2025-06-20 18:15:37+07:00,5634,26.40000,80.20000,33.10000,43.60000,0.91429,403.36261
2025-06-20 18:16:26+07:00,5635,26.40000,80.30000,48.60000,63.20000,0.94889,403.30710
2025-06-20 18:17:16+07:00,5636,26.40000,80.50000,43.80000,55.70000,0.87833,403.15155
2025-06-20 18:18:05+07:00,5637,26.30000,80.60000,43.50000,54.00000,0.86194,403.19156
2025-06-20 18:18:55+07:00,5638,26.30000,80.30000,31.40000,41.00000,0.92162,403.29333
2025-06-20 18:19:44+07:00,5639,26.30000,80.20000,59.30000,76.40000,0.88306,403.18488
2025-06-20 18:20:36+07:00,5640,26.20000,80.50000,42.90000,51.90000,0.88781,403.23196
2025-06-20 18:21:26+07:00,5641,26.30000,80.50000,32.10000,42.60000,0.86660,403.28647
2025-06-20 18:22:15+07:00,5642,26.30000,80.80000,44.70000,54.70000,0.82537,403.26593
2025-06-20 18:23:05+07:00,5643,26.20000,80.80000,43.20000,54.90000,0.91186,403.20499
2025-06-20 18:23:54+07:00,5644,26.20000,81.00000,50.10000,61.00000,0.89019,403.19156
2025-06-20 18:24:44+07:00,5645,26.30000,80.70000,35.10000,41.40000,0.86194,403.44012
2025-06-20 18:25:33+07:00,5646,26.10000,80.80000,30.80000,39.60000,0.88781,403.07928
2025-06-20 18:26:22+07:00,5647,26.10000,80.60000,31.80000,40.80000,0.89977,403.14493
2025-06-20 18:27:12+07:00,5648,26.10000,80.70000,34.90000,44.90000,0.86660,403.05331
2025-06-20 18:28:01+07:00,5649,26.00000,81.00000,36.90000,45.70000,0.88070,403.17819
2025-06-20 18:28:51+07:00,5650,26.00000,80.90000,33.90000,44.60000,0.82089,403.12512
2025-06-20 18:29:40+07:00,5651,26.10000,80.80000,40.20000,52.60000,0.83440,403.09232
2025-06-20 18:30:30+07:00,5652,26.00000,80.80000,40.60000,53.00000,0.80755,403.11197
2025-06-20 18:31:22+07:00,5653,26.00000,80.70000,37.80000,48.90000,0.85499,403.13171
2025-06-20 18:32:15+07:00,5654,26.10000,81.00000,33.80000,40.60000,0.84350,403.05978
2025-06-20 18:33:08+07:00,5655,26.10000,81.20000,50.00000,61.10000,0.82313,402.98920
2025-06-20 18:34:01+07:00,5656,26.10000,80.90000,35.70000,44.70000,0.85038,403.19156
2025-06-20 18:34:50+07:00,5657,26.10000,80.50000,41.80000,52.20000,0.85038,403.03397
2025-06-20 18:35:42+07:00,5658,26.10000,80.50000,48.20000,59.50000,0.85268,403.19827
2025-06-20 18:36:31+07:00,5659,26.10000,80.40000,53.30000,69.80000,0.84122,403.25912
2025-06-20 18:37:26+07:00,5660,26.20000,80.20000,44.80000,52.80000,0.84122,403.36960
2025-06-20 18:38:16+07:00,5661,26.20000,80.20000,39.20000,48.20000,0.81642,403.33475
2025-06-20 18:39:05+07:00,5662,26.20000,80.10000,50.50000,61.10000,0.86194,403.25232
2025-06-20 18:39:56+07:00,5663,26.10000,80.00000,39.80000,49.70000,0.85038,403.28647
2025-06-20 18:40:46+07:00,5664,26.20000,79.80000,37.30000,46.90000,0.78787,403.32089
2025-06-20 18:41:36+07:00,5665,26.10000,80.10000,59.60000,68.40000,0.85268,403.23196
2025-06-20 18:43:17+07:00,5666,26.10000,80.30000,77.70000,97.20000,0.83667,403.34866
2025-06-20 18:44:06+07:00,5667,26.20000,80.40000,53.70000,64.30000,0.84808,403.44727
2025-06-20 18:44:56+07:00,5668,26.20000,80.50000,101.00000,116.90000,0.84579,403.39767
2025-06-20 18:45:49+07:00,5669,26.20000,80.50000,55.70000,68.10000,0.85038,403.30020
2025-06-20 18:46:39+07:00,5670,26.20000,80.10000,79.80000,95.00000,0.86194,403.23874
2025-06-20 18:47:28+07:00,5671,26.20000,80.40000,81.10000,97.40000,0.81420,403.32089
2025-06-20 18:48:17+07:00,5672,26.10000,80.40000,56.60000,67.30000,0.88070,403.41177
2025-06-20 18:49:07+07:00,5673,26.10000,80.20000,66.70000,77.30000,0.83667,403.31400
2025-06-20 18:50:48+07:00,5674,26.00000,80.60000,71.10000,87.40000,0.83667,403.15155
2025-06-20 18:51:41+07:00,5675,26.10000,80.40000,116.20000,136.70000,0.83667,403.38361
2025-06-20 18:52:33+07:00,5676,26.10000,80.20000,72.20000,88.30000,0.81420,403.41177
2025-06-20 18:54:23+07:00,5677,26.00000,80.40000,60.30000,73.70000,0.84808,403.28647
2025-06-20 18:55:12+07:00,5678,26.00000,80.90000,71.90000,86.30000,0.83440,403.29333
2025-06-20 18:56:02+07:00,5679,26.00000,81.20000,101.50000,120.00000,0.87128,403.17819
2025-06-20 18:56:51+07:00,5680,26.10000,81.10000,59.70000,73.70000,0.83667,403.36960
2025-06-20 18:57:40+07:00,5681,26.10000,81.00000,73.30000,88.40000,0.82762,403.51187
2025-06-20 18:58:30+07:00,5682,26.10000,80.90000,88.00000,102.00000,0.88070,403.33475
2025-06-20 18:59:19+07:00,5683,26.00000,81.00000,60.70000,77.60000,0.79439,403.35562
2025-06-20 19:00:08+07:00,5684,26.00000,81.40000,42.20000,54.60000,0.79876,403.32782
2025-06-20 19:00:58+07:00,5685,25.90000,81.60000,56.90000,69.70000,0.84122,403.02112
2025-06-20 19:01:47+07:00,5686,25.90000,81.80000,92.10000,111.30000,0.87363,403.09885
2025-06-20 19:02:36+07:00,5687,25.80000,81.70000,91.30000,112.20000,0.80976,403.17151
2025-06-20 19:03:27+07:00,5688,25.80000,81.80000,81.90000,99.40000,0.82762,403.21170
2025-06-20 19:04:17+07:00,5689,25.80000,81.70000,99.10000,121.70000,0.82313,403.29333
2025-06-20 19:05:09+07:00,5690,25.90000,81.40000,66.00000,83.60000,0.74963,403.27277
2025-06-20 19:06:01+07:00,5691,25.80000,81.80000,94.70000,114.90000,0.87363,403.24551
2025-06-20 19:06:50+07:00,5692,25.80000,81.80000,47.00000,59.00000,0.81420,403.27277
2025-06-20 19:07:40+07:00,5693,25.70000,82.00000,39.80000,51.80000,0.80976,403.27277
2025-06-20 19:08:32+07:00,5694,25.70000,82.40000,132.20000,153.80000,0.91186,403.15820
2025-06-20 19:09:30+07:00,5695,25.70000,82.50000,132.20000,154.10001,0.84350,403.36960
2025-06-20 19:10:21+07:00,5696,25.70000,82.40000,79.80000,98.00000,0.86660,403.36261
2025-06-20 19:12:11+07:00,5697,25.80000,82.20000,91.60000,107.80000,0.85499,403.52637
2025-06-20 19:13:01+07:00,5698,25.80000,82.40000,100.70000,118.30000,0.85268,403.44727
2025-06-20 19:13:50+07:00,5699,25.90000,82.30000,83.20000,100.70000,0.87128,403.65146
2025-06-20 19:14:40+07:00,5700,25.90000,82.20000,112.20000,133.39999,0.85962,403.37659
2025-06-20 19:15:30+07:00,5701,25.80000,82.50000,57.70000,73.20000,0.85499,403.44012
2025-06-20 19:16:19+07:00,5702,25.90000,82.10000,90.20000,108.20000,0.83440,403.51187
2025-06-20 19:17:09+07:00,5703,25.90000,82.50000,85.30000,101.70000,0.82988,403.38361
2025-06-20 19:17:58+07:00,5704,25.90000,82.60000,63.80000,77.10000,0.87833,403.40472
2025-06-20 19:18:48+07:00,5705,25.90000,82.40000,69.50000,83.40000,0.88306,403.35562
2025-06-20 19:19:37+07:00,5706,25.90000,82.60000,139.20000,165.89999,0.89019,403.46869
2025-06-20 19:20:26+07:00,5707,25.90000,82.60000,185.80000,208.39999,0.85038,403.58478
2025-06-20 19:21:16+07:00,5708,26.00000,82.30000,108.20000,128.00000,0.89737,403.72668
2025-06-20 19:22:09+07:00,5709,26.10000,81.90000,129.39999,150.10001,0.89019,403.51187
2025-06-20 19:22:59+07:00,5710,26.00000,81.50000,97.00000,119.40000,0.92162,403.58478
2025-06-20 19:23:48+07:00,5711,26.00000,81.10000,80.90000,97.30000,0.89977,403.57010
2025-06-20 19:24:38+07:00,5712,25.90000,81.10000,80.20000,98.00000,0.83667,403.45438
2025-06-20 19:25:27+07:00,5713,25.80000,81.40000,98.60000,114.90000,0.85962,403.44012
2025-06-20 19:26:16+07:00,5714,25.80000,81.60000,70.30000,85.10000,0.89497,403.40472
2025-06-20 19:27:06+07:00,5715,25.70000,81.60000,83.20000,98.10000,0.90218,403.40472
2025-06-20 19:27:55+07:00,5716,25.80000,81.70000,92.50000,110.90000,0.88306,403.42593
2025-06-20 19:28:44+07:00,5717,25.80000,81.90000,65.80000,80.40000,0.87128,403.56277
2025-06-20 19:29:34+07:00,5718,25.90000,81.60000,100.80000,117.90000,0.85730,403.48303
2025-06-20 19:30:23+07:00,5719,26.00000,81.60000,67.40000,82.20000,0.88543,403.44012
2025-06-20 19:31:13+07:00,5720,26.00000,81.40000,81.90000,96.80000,0.85268,403.51910
2025-06-20 19:32:02+07:00,5721,26.00000,81.10000,81.40000,95.10000,0.85038,403.61429
2025-06-20 19:32:52+07:00,5722,26.00000,81.20000,50.50000,62.00000,0.86427,403.59213
2025-06-20 19:33:41+07:00,5723,25.90000,81.30000,83.60000,101.30000,0.84122,403.42593
2025-06-20 19:34:30+07:00,5724,25.80000,82.00000,153.20000,171.70000,0.84579,403.49023
2025-06-20 19:35:20+07:00,5725,25.90000,82.00000,63.40000,71.30000,0.87833,403.67389
2025-06-20 19:36:09+07:00,5726,26.00000,81.50000,82.20000,94.70000,0.83213,403.63657
2025-06-20 19:36:59+07:00,5727,26.00000,81.50000,103.70000,119.90000,0.84350,403.43304
2025-06-20 19:37:49+07:00,5728,26.10000,81.20000,76.90000,90.00000,0.87833,403.41177
2025-06-20 19:38:39+07:00,5729,26.10000,81.20000,95.20000,111.20000,0.86660,403.58478
2025-06-20 19:39:28+07:00,5730,26.00000,81.40000,75.00000,87.50000,0.86194,403.37659
2025-06-20 19:40:18+07:00,5731,26.10000,81.30000,74.80000,85.80000,0.89258,403.43304
2025-06-20 19:41:08+07:00,5732,26.00000,81.30000,63.00000,77.10000,0.85962,403.49744
2025-06-20 19:42:00+07:00,5733,26.00000,81.30000,64.10000,75.80000,0.84579,403.32782
2025-06-20 19:42:49+07:00,5734,26.00000,81.20000,54.80000,63.00000,0.88070,403.60690
2025-06-20 19:43:39+07:00,5735,26.00000,81.20000,56.60000,66.60000,0.84579,403.27960
2025-06-20 19:44:28+07:00,5736,25.90000,81.20000,48.00000,58.80000,0.79657,403.23874
2025-06-20 19:45:18+07:00,5737,25.90000,81.30000,49.90000,60.70000,0.77709,403.11853
2025-06-20 19:46:07+07:00,5738,25.90000,81.40000,57.30000,67.30000,0.78570,403.19827
2025-06-20 19:46:57+07:00,5739,25.90000,81.60000,71.70000,83.10000,0.83440,403.28647
2025-06-20 19:47:46+07:00,5740,25.90000,81.50000,49.50000,59.60000,0.84579,403.51187
2025-06-20 19:48:35+07:00,5741,25.90000,81.20000,46.90000,57.50000,0.84122,403.26593
2025-06-20 19:49:25+07:00,5742,25.90000,81.50000,50.10000,59.40000,0.79439,403.32782
2025-06-20 19:50:14+07:00,5743,25.90000,81.40000,48.30000,58.70000,0.82313,403.14493
2025-06-20 19:51:04+07:00,5744,25.90000,81.20000,40.80000,50.00000,0.79439,403.32782
2025-06-20 19:51:53+07:00,5745,25.90000,81.10000,53.50000,64.70000,0.83440,403.36960
2025-06-20 19:52:43+07:00,5746,25.80000,81.40000,50.70000,62.30000,0.80535,403.23196
2025-06-20 19:53:32+07:00,5747,25.80000,81.20000,60.00000,70.50000,0.78787,403.15820
2025-06-20 19:54:22+07:00,5748,25.80000,81.20000,50.70000,59.90000,0.81865,403.19156
2025-06-20 19:55:11+07:00,5749,25.90000,81.10000,60.00000,71.90000,0.82537,403.39062
2025-06-20 19:56:00+07:00,5750,26.00000,80.90000,53.10000,62.60000,0.81198,403.39767
2025-06-20 19:56:50+07:00,5751,26.00000,80.80000,43.10000,53.10000,0.82089,403.36960
2025-06-20 19:57:39+07:00,5752,25.90000,80.70000,52.60000,65.10000,0.83440,403.40472
2025-06-20 19:58:28+07:00,5753,25.90000,80.90000,66.20000,77.80000,0.81865,403.21170
2025-06-20 19:59:18+07:00,5754,26.00000,80.90000,44.50000,55.70000,0.81642,403.40472
2025-06-20 20:00:08+07:00,5755,26.00000,80.70000,43.80000,55.10000,0.78787,403.40472
2025-06-20 20:00:58+07:00,5756,26.10000,80.80000,52.50000,62.80000,0.76432,403.21844
2025-06-20 20:01:47+07:00,5757,26.20000,80.70000,39.50000,46.30000,0.78787,403.38361
2025-06-20 20:02:37+07:00,5758,26.10000,80.80000,47.80000,57.20000,0.78787,403.28647
2025-06-20 20:03:26+07:00,5759,26.20000,80.90000,40.80000,50.50000,0.82988,403.40472
2025-06-20 20:04:19+07:00,5760,26.20000,80.60000,39.10000,49.70000,0.78354,403.32782
2025-06-20 20:05:09+07:00,5761,26.20000,80.70000,49.40000,63.80000,0.82313,403.46152
2025-06-20 20:05:59+07:00,5762,26.20000,80.60000,40.30000,52.20000,0.77709,403.48303
2025-06-20 20:06:52+07:00,5763,26.20000,81.00000,47.20000,59.40000,0.89497,403.43304
2025-06-20 20:08:46+07:00,5764,26.20000,80.50000,44.60000,55.50000,0.81642,403.46152
2025-06-20 20:09:35+07:00,5765,26.30000,80.30000,47.20000,60.10000,0.89737,403.46869
2025-06-20 20:10:25+07:00,5766,26.30000,80.10000,38.10000,48.50000,0.81642,403.44727
2025-06-20 20:11:14+07:00,5767,26.30000,80.20000,43.70000,56.00000,0.83667,403.39767
2025-06-20 20:12:05+07:00,5768,26.30000,80.10000,52.40000,65.50000,0.83667,403.39767
2025-06-20 20:12:54+07:00,5769,26.30000,80.00000,45.90000,59.40000,0.78570,403.51910
2025-06-20 20:13:44+07:00,5770,26.30000,79.90000,55.10000,66.10000,0.83440,403.49023
2025-06-20 20:14:40+07:00,5771,26.30000,79.90000,41.00000,53.50000,0.82089,403.50464
2025-06-20 20:15:40+07:00,5772,26.40000,79.80000,42.20000,58.00000,0.82988,403.41885
2025-06-20 20:16:30+07:00,5773,26.40000,80.10000,42.70000,52.40000,0.77924,403.41885
2025-06-20 20:17:19+07:00,5774,26.40000,79.80000,44.70000,57.30000,0.81198,403.39062
2025-06-20 20:18:09+07:00,5775,26.40000,79.80000,45.60000,57.20000,0.85962,403.54089
2025-06-20 20:18:58+07:00,5776,26.40000,79.70000,42.60000,56.60000,0.83213,403.52637
2025-06-20 20:19:49+07:00,5777,26.30000,79.80000,43.00000,58.50000,0.77495,403.51910
2025-06-20 20:20:38+07:00,5778,26.30000,80.40000,46.30000,60.60000,0.78139,403.51910
2025-06-20 20:21:28+07:00,5779,26.20000,80.40000,37.60000,50.10000,0.79876,403.42593
2025-06-20 20:22:18+07:00,5780,26.10000,80.70000,41.80000,52.20000,0.81642,403.45438
2025-06-20 20:23:07+07:00,5781,26.10000,81.00000,41.10000,52.20000,0.83440,403.35562
2025-06-20 20:23:57+07:00,5782,26.00000,81.20000,48.60000,61.70000,0.80755,403.38361
2025-06-20 20:24:46+07:00,5783,26.10000,80.80000,46.10000,62.80000,0.80535,403.41885
2025-06-20 20:25:36+07:00,5784,26.10000,80.70000,47.40000,70.20000,0.77924,403.41885
2025-06-20 20:26:25+07:00,5785,26.20000,80.60000,46.20000,63.60000,0.78787,403.42593
2025-06-20 20:27:15+07:00,5786,26.20000,80.50000,45.60000,63.60000,0.81642,403.30710
2025-06-20 20:28:04+07:00,5787,26.10000,81.00000,46.20000,66.90000,0.78139,403.41177
2025-06-20 20:28:54+07:00,5788,26.20000,80.70000,48.70000,66.80000,0.82537,403.38361
2025-06-20 20:29:43+07:00,5789,26.20000,80.80000,46.30000,65.10000,0.77282,403.39062
2025-06-20 20:30:32+07:00,5790,26.20000,80.80000,44.00000,62.90000,0.83667,403.42593
2025-06-20 20:31:22+07:00,5791,26.10000,80.90000,39.10000,58.40000,0.86427,403.42593
2025-06-20 20:32:11+07:00,5792,26.20000,80.80000,41.10000,59.60000,0.80314,403.41885
2025-06-20 20:33:00+07:00,5793,26.10000,80.90000,38.70000,55.90000,0.77495,403.38361
2025-06-20 20:33:50+07:00,5794,26.10000,81.20000,38.40000,52.30000,0.77282,403.39767
2025-06-20 20:34:39+07:00,5795,26.10000,81.20000,55.40000,68.70000,0.78354,403.26593
2025-06-20 20:35:28+07:00,5796,26.10000,80.90000,54.50000,79.00000,0.81198,403.41177
2025-06-20 20:36:18+07:00,5797,26.10000,81.20000,53.60000,75.80000,0.80314,403.36960
2025-06-20 20:37:07+07:00,5798,26.10000,81.20000,56.90000,76.50000,0.84808,403.39062
2025-06-20 20:37:57+07:00,5799,26.10000,81.20000,59.50000,75.20000,0.80095,403.37659
2025-06-20 20:38:46+07:00,5800,26.10000,81.00000,57.20000,69.40000,0.79221,403.45438
2025-06-20 20:39:36+07:00,5801,26.10000,81.00000,54.60000,66.50000,0.82762,403.36960
2025-06-20 20:40:25+07:00,5802,26.10000,81.10000,52.30000,62.70000,0.82313,403.46152
2025-06-20 20:41:15+07:00,5803,26.10000,81.00000,52.50000,62.40000,0.77069,403.32089
2025-06-20 20:42:04+07:00,5804,26.10000,81.30000,45.50000,57.20000,0.78570,403.46869
2025-06-20 20:42:53+07:00,5805,26.10000,81.00000,44.00000,56.50000,0.79657,403.38361
2025-06-20 20:43:43+07:00,5806,26.10000,81.20000,47.50000,57.20000,0.81642,403.33475
2025-06-20 20:44:32+07:00,5807,26.20000,80.90000,48.10000,56.90000,0.76221,403.30710
2025-06-20 20:45:22+07:00,5808,26.20000,80.70000,43.00000,52.00000,0.81198,403.43304
2025-06-20 20:46:11+07:00,5809,26.30000,80.40000,46.30000,56.40000,0.78787,403.41177
2025-06-20 20:47:08+07:00,5810,26.30000,80.20000,46.50000,53.90000,0.81420,403.50464
2025-06-20 20:47:58+07:00,5811,26.30000,80.40000,54.80000,63.40000,0.80095,403.42593
2025-06-20 20:48:50+07:00,5812,26.30000,80.00000,70.20000,85.30000,0.78787,403.31400
2025-06-20 20:49:43+07:00,5813,26.20000,80.20000,79.80000,92.60000,0.79221,403.41885
2025-06-20 20:50:32+07:00,5814,26.20000,80.40000,61.90000,74.70000,0.80755,403.35562
2025-06-20 20:51:22+07:00,5815,26.10000,80.40000,46.20000,53.40000,0.80755,403.40472
2025-06-20 20:52:11+07:00,5816,26.10000,80.30000,41.90000,48.80000,0.80976,403.58478
2025-06-20 20:53:00+07:00,5817,26.10000,80.50000,44.80000,52.40000,0.76221,403.43304
2025-06-20 20:53:55+07:00,5818,26.10000,80.40000,44.90000,52.10000,0.74133,403.29333
2025-06-20 20:54:47+07:00,5819,26.10000,80.30000,46.00000,56.00000,0.79876,403.42593
2025-06-20 20:55:36+07:00,5820,26.10000,80.50000,46.10000,53.00000,0.80535,403.34866
2025-06-20 20:56:26+07:00,5821,26.10000,80.20000,45.90000,53.60000,0.76010,403.46869
2025-06-20 20:57:15+07:00,5822,26.20000,79.80000,45.10000,53.00000,0.77069,403.39062
2025-06-20 20:58:04+07:00,5823,26.30000,79.60000,42.60000,52.30000,0.80314,403.49023
2025-06-20 20:58:54+07:00,5824,26.20000,80.00000,41.20000,48.60000,0.85268,403.51910
2025-06-20 20:59:43+07:00,5825,26.20000,80.30000,38.50000,46.70000,0.72090,403.41885
2025-06-20 21:00:33+07:00,5826,26.10000,80.60000,33.60000,43.60000,0.83667,403.28647
2025-06-20 21:01:22+07:00,5827,26.10000,80.60000,33.20000,41.10000,0.77069,403.21844
2025-06-20 21:02:11+07:00,5828,26.00000,80.80000,36.40000,42.90000,0.74963,403.23874
2025-06-20 21:03:04+07:00,5829,26.10000,80.50000,40.30000,46.70000,0.83213,403.37659
2025-06-20 21:03:53+07:00,5830,26.10000,80.80000,47.20000,52.90000,0.72090,403.21844
2025-06-20 21:04:43+07:00,5831,26.10000,80.80000,48.30000,54.10000,0.76856,403.23874
2025-06-20 21:05:32+07:00,5832,26.10000,80.50000,42.70000,47.80000,0.76856,403.24551
2025-06-20 21:06:21+07:00,5833,26.10000,80.60000,42.60000,48.30000,0.78787,403.25232
2025-06-20 21:07:11+07:00,5834,26.10000,80.90000,45.10000,50.70000,0.76856,403.20499
2025-06-20 21:08:01+07:00,5835,26.10000,80.80000,45.90000,53.00000,0.77924,403.30020
2025-06-20 21:08:50+07:00,5836,26.10000,80.70000,41.50000,48.90000,0.77709,403.37659
2025-06-20 21:09:39+07:00,5837,26.00000,80.70000,43.60000,51.10000,0.73310,403.41177
2025-06-20 21:10:29+07:00,5838,26.00000,80.90000,43.30000,52.00000,0.74340,403.25232
2025-06-20 21:11:18+07:00,5839,26.00000,80.90000,46.60000,58.20000,0.74963,403.19156
2025-06-20 21:12:07+07:00,5840,26.10000,80.70000,70.70000,81.50000,0.74133,403.41177
2025-06-20 21:12:57+07:00,5841,26.20000,80.10000,92.20000,103.40000,0.76856,403.41885
2025-06-20 21:13:46+07:00,5842,26.30000,79.60000,81.20000,91.20000,0.77069,403.84967
2025-06-20 21:14:36+07:00,5843,26.40000,79.30000,97.90000,110.00000,0.82762,403.88873
2025-06-20 21:15:25+07:00,5844,26.50000,79.00000,66.60000,77.10000,0.85962,404.00793
2025-06-20 21:16:14+07:00,5845,26.50000,79.10000,39.90000,47.70000,0.79221,404.72217
2025-06-20 21:17:04+07:00,5846,26.40000,79.60000,47.10000,58.30000,0.84808,404.35748
2025-06-20 21:17:53+07:00,5847,26.30000,79.80000,41.40000,50.80000,0.84122,404.07272
2025-06-20 21:18:42+07:00,5848,26.20000,80.00000,35.30000,47.40000,0.79004,403.85745
2025-06-20 21:19:32+07:00,5849,26.10000,80.30000,52.40000,65.10000,0.81420,403.58478
2025-06-20 21:20:21+07:00,5850,26.10000,80.40000,34.50000,43.70000,0.86894,403.50464
2025-06-20 21:21:11+07:00,5851,26.00000,80.40000,35.00000,43.70000,0.82313,403.46152
2025-06-20 21:22:00+07:00,5852,26.00000,80.80000,38.40000,47.30000,0.80314,403.41177
2025-06-20 21:22:50+07:00,5853,26.00000,80.90000,37.50000,45.20000,0.80976,403.55548
2025-06-20 21:23:39+07:00,5854,25.90000,81.00000,37.00000,45.90000,0.82762,403.42593
2025-06-20 21:24:29+07:00,5855,25.90000,81.20000,84.70000,103.80000,0.78354,403.21844
2025-06-20 21:25:18+07:00,5856,26.10000,80.80000,37.20000,46.30000,0.79439,403.84189
2025-06-20 21:26:11+07:00,5857,26.10000,80.60000,56.40000,67.30000,0.81642,403.48303
2025-06-20 21:27:00+07:00,5858,26.00000,80.70000,173.60001,200.89999,0.79221,403.45438
2025-06-20 21:27:50+07:00,5859,26.00000,80.90000,77.60000,92.20000,0.83894,403.84189
2025-06-20 21:30:37+07:00,5860,26.00000,80.60000,35.30000,43.80000,0.76010,403.62170
2025-06-20 21:31:26+07:00,5861,26.00000,80.60000,34.80000,43.30000,0.80976,403.50464
2025-06-20 21:32:18+07:00,5862,25.90000,80.60000,154.89999,174.80000,0.71286,403.30710
2025-06-20 21:33:15+07:00,5863,26.00000,80.40000,79.00000,95.50000,0.78787,403.53363
2025-06-20 21:34:05+07:00,5864,26.10000,80.30000,56.50000,68.40000,0.82089,403.74188
2025-06-20 21:34:54+07:00,5865,26.10000,80.30000,83.70000,100.20000,0.75171,403.59213
2025-06-20 21:35:43+07:00,5866,26.00000,80.40000,108.40000,128.89999,0.80976,403.55548
2025-06-20 21:36:33+07:00,5867,26.00000,80.40000,305.00000,343.60001,0.78787,403.49744
2025-06-20 21:37:22+07:00,5868,26.00000,80.80000,137.60001,157.70000,0.79439,403.70398
2025-06-20 21:38:11+07:00,5869,26.00000,80.70000,97.20000,118.40000,0.79657,403.89661
2025-06-20 21:39:01+07:00,5870,26.10000,80.30000,164.00000,195.70000,0.81420,403.53363
2025-06-20 21:39:50+07:00,5871,26.10000,80.20000,112.20000,135.60001,0.75800,403.90448
2025-06-20 21:40:40+07:00,5872,26.10000,80.20000,183.70000,210.20000,0.82537,403.78778
2025-06-20 21:41:29+07:00,5873,26.00000,80.70000,291.10001,326.79999,0.81420,403.84967
2025-06-20 21:42:18+07:00,5874,26.10000,80.80000,370.89999,416.29999,0.79221,404.18808
2025-06-20 21:43:14+07:00,5875,26.20000,80.80000,113.20000,128.30000,0.84808,404.88049
2025-06-20 21:44:08+07:00,5876,26.20000,80.10000,158.00000,181.80000,0.84122,404.38336
2025-06-20 21:44:57+07:00,5877,26.20000,80.40000,98.90000,117.80000,0.85268,404.46176
2025-06-20 21:45:47+07:00,5878,26.20000,80.30000,38.20000,44.70000,0.82537,404.08087
2025-06-20 21:46:39+07:00,5879,26.10000,80.10000,89.10000,115.10000,0.81198,403.81860
2025-06-20 21:47:35+07:00,5880,26.10000,80.60000,119.60000,136.10001,0.81865,403.71155
2025-06-20 21:48:25+07:00,5881,26.00000,81.10000,44.00000,55.60000,0.83440,403.81088
2025-06-20 21:49:14+07:00,5882,26.00000,80.70000,96.20000,116.40000,0.85268,403.93607
2025-06-20 21:50:03+07:00,5883,26.00000,80.90000,60.30000,71.90000,0.83667,404.16315
2025-06-20 21:50:53+07:00,5884,26.00000,80.60000,37.00000,44.90000,0.91186,404.17978
2025-06-20 21:51:42+07:00,5885,26.00000,80.80000,38.80000,49.00000,0.83440,403.71912
2025-06-20 21:52:32+07:00,5886,26.00000,80.40000,36.80000,50.80000,0.88306,403.67389
2025-06-20 21:53:21+07:00,5887,26.00000,80.50000,63.10000,78.30000,0.80314,403.44727
2025-06-20 21:54:11+07:00,5888,25.90000,80.80000,39.10000,53.00000,0.83440,403.56277
2025-06-20 21:55:05+07:00,5889,25.90000,80.80000,42.60000,51.40000,0.80314,403.44727
2025-06-20 21:55:57+07:00,5890,26.00000,80.70000,39.80000,49.90000,0.80314,403.52637
2025-06-20 21:56:48+07:00,5891,26.00000,80.70000,135.20000,162.10001,0.81420,403.43304
2025-06-20 21:57:38+07:00,5892,26.10000,81.10000,57.90000,73.30000,0.81865,404.10541
2025-06-20 21:58:28+07:00,5893,26.10000,80.30000,74.10000,98.60000,0.81865,403.88092
2025-06-20 21:59:25+07:00,5894,26.00000,80.30000,39.00000,49.00000,0.83667,403.70398
2025-06-20 22:00:14+07:00,5895,25.90000,80.50000,40.60000,51.90000,0.82537,403.76477
2025-06-20 22:01:03+07:00,5896,25.90000,80.60000,83.30000,104.50000,0.74340,403.63657
2025-06-20 22:01:53+07:00,5897,25.90000,80.90000,183.39999,206.10001,0.74133,404.36612
2025-06-20 22:02:42+07:00,5898,26.00000,81.30000,121.40000,139.50000,0.85962,404.94693
2025-06-20 22:03:32+07:00,5899,26.10000,80.70000,93.30000,111.30000,0.84579,404.58600
2025-06-20 22:05:22+07:00,5900,26.10000,80.70000,152.70000,173.20000,0.88070,404.31464
2025-06-20 22:06:14+07:00,5901,26.20000,80.80000,47.40000,57.00000,0.93394,405.01410
2025-06-20 22:07:03+07:00,5902,26.20000,80.10000,83.60000,100.80000,0.91673,404.95648
2025-06-20 22:07:52+07:00,5903,26.10000,80.40000,45.60000,59.00000,0.89258,404.12186
2025-06-20 22:08:42+07:00,5904,26.20000,80.10000,47.00000,58.40000,0.90701,404.05646
2025-06-20 22:09:31+07:00,5905,26.10000,80.50000,55.70000,67.20000,0.85499,404.05646
2025-06-20 22:10:21+07:00,5906,26.10000,80.40000,203.89999,231.80000,0.83440,404.00793
2025-06-20 22:11:10+07:00,5907,26.20000,80.90000,93.40000,113.50000,0.90459,404.52353
2025-06-20 22:12:00+07:00,5908,26.30000,80.40000,197.00000,233.10001,0.87128,404.83350
2025-06-20 22:12:49+07:00,5909,26.30000,80.30000,66.50000,80.80000,0.94639,404.87106
2025-06-20 22:13:42+07:00,5910,26.20000,80.10000,48.70000,61.80000,0.91917,404.16315
2025-06-20 22:14:32+07:00,5911,26.20000,80.20000,182.50000,205.20000,0.91186,404.02405
2025-06-20 22:15:21+07:00,5912,26.20000,80.10000,112.90000,130.60001,0.86894,404.21317
2025-06-20 22:16:11+07:00,5913,26.20000,80.20000,115.10000,138.30000,0.91186,404.23834
2025-06-20 22:17:00+07:00,5914,26.20000,79.90000,96.00000,115.60000,0.88306,404.24677
2025-06-20 22:17:50+07:00,5915,26.10000,80.40000,118.90000,137.89999,0.86660,404.15485
2025-06-20 22:18:40+07:00,5916,26.20000,80.50000,56.20000,71.20000,0.82988,404.40070
2025-06-20 22:24:07+07:00,5917,26.20000,80.30000,669.90002,741.00000,0.86427,404.77756
2025-06-20 22:24:58+07:00,5918,26.40000,80.30000,778.09998,862.50000,0.93394,405.16055
2025-06-20 22:25:52+07:00,5919,26.40000,80.10000,445.60001,496.29999,0.91673,405.56830
2025-06-20 22:26:42+07:00,5920,26.40000,79.70000,83.80000,102.20000,0.98969,405.65292
2025-06-20 22:28:38+07:00,5921,26.20000,79.10000,43.80000,51.50000,0.97167,404.67642
2025-06-20 22:29:28+07:00,5922,26.10000,79.50000,44.40000,53.90000,0.93890,404.16315
2025-06-20 22:30:18+07:00,5923,26.00000,79.80000,43.70000,54.90000,0.94139,403.88092
2025-06-20 22:31:08+07:00,5924,25.90000,80.00000,43.00000,53.40000,0.90943,403.88873
2025-06-20 22:31:57+07:00,5925,25.80000,80.30000,46.60000,56.20000,0.85268,403.70398
2025-06-20 22:32:46+07:00,5926,25.80000,80.60000,44.70000,58.10000,0.82762,403.69644
2025-06-20 22:33:36+07:00,5927,25.90000,80.50000,43.50000,53.40000,0.80095,403.48303
2025-06-20 22:34:29+07:00,5928,25.90000,80.40000,46.40000,59.40000,0.82089,403.46152
2025-06-20 22:35:20+07:00,5929,25.90000,80.40000,45.90000,54.50000,0.82762,403.39062
2025-06-20 22:36:10+07:00,5930,25.90000,80.40000,189.10001,212.30000,0.81642,403.44727
2025-06-20 22:37:00+07:00,5931,25.80000,80.60000,80.70000,94.20000,0.77495,403.54819
2025-06-20 22:37:49+07:00,5932,25.90000,80.50000,40.60000,50.30000,0.76010,403.67389
2025-06-20 22:38:39+07:00,5933,25.90000,80.40000,39.20000,48.90000,0.79439,403.50464
2025-06-20 22:39:31+07:00,5934,25.90000,80.40000,190.39999,214.10001,0.79004,403.44012
2025-06-20 22:40:22+07:00,5935,25.90000,80.60000,47.00000,57.80000,0.75800,403.57745
2025-06-20 22:41:12+07:00,5936,26.00000,80.20000,50.40000,62.70000,0.75380,403.61429
2025-06-20 22:42:01+07:00,5937,26.00000,80.20000,37.50000,48.60000,0.72090,403.56277
2025-06-20 22:42:51+07:00,5938,26.00000,80.10000,41.40000,50.30000,0.72902,403.51187
2025-06-20 22:43:40+07:00,5939,25.90000,80.40000,39.50000,49.30000,0.74133,403.38361
2025-06-20 22:44:30+07:00,5940,25.90000,80.50000,39.10000,50.00000,0.71086,403.46869
2025-06-20 22:45:19+07:00,5941,25.90000,80.40000,75.90000,90.20000,0.76010,403.44012
2025-06-20 22:46:10+07:00,5942,25.90000,80.40000,55.00000,67.10000,0.69697,403.51910
2025-06-20 22:46:59+07:00,5943,25.90000,80.40000,60.20000,71.60000,0.72090,403.40472
2025-06-20 22:47:57+07:00,5944,25.90000,80.50000,60.70000,74.30000,0.70092,403.40472
2025-06-20 22:48:47+07:00,5945,25.90000,80.40000,53.60000,64.10000,0.73927,403.44012
2025-06-20 22:49:37+07:00,5946,26.00000,80.20000,61.90000,80.50000,0.76010,403.43304
2025-06-20 22:50:26+07:00,5947,26.00000,80.20000,106.20000,127.90000,0.75171,403.44727
2025-06-20 22:51:15+07:00,5948,26.00000,80.10000,109.80000,129.70000,0.70290,403.78009
2025-06-20 22:52:05+07:00,5949,26.00000,80.20000,58.80000,72.80000,0.76644,403.64401
2025-06-20 22:52:54+07:00,5950,25.90000,80.20000,47.20000,57.40000,0.75590,403.74188
2025-06-20 22:53:44+07:00,5951,25.90000,80.30000,89.60000,107.20000,0.72902,403.64401
2025-06-20 22:54:33+07:00,5952,26.00000,80.20000,64.40000,76.30000,0.72293,403.65894
2025-06-20 22:55:23+07:00,5953,26.00000,80.10000,50.50000,60.70000,0.71286,403.61429
2025-06-20 22:56:12+07:00,5954,26.00000,80.00000,47.00000,55.10000,0.69501,403.42593
2025-06-20 22:57:01+07:00,5955,26.00000,80.20000,36.30000,45.40000,0.72495,403.49744
2025-06-20 22:57:51+07:00,5956,26.00000,80.20000,38.70000,48.40000,0.72495,403.42593
2025-06-20 22:58:40+07:00,5957,26.00000,80.10000,36.10000,42.80000,0.72902,403.56277
2025-06-20 22:59:30+07:00,5958,25.90000,80.30000,34.50000,42.80000,0.73515,403.44012
2025-06-20 23:00:19+07:00,5959,25.90000,80.50000,60.20000,72.30000,0.70488,403.31400
2025-06-20 23:01:08+07:00,5960,25.90000,80.40000,36.50000,45.90000,0.71286,403.39062
2025-06-20 23:01:58+07:00,5961,25.90000,80.60000,35.90000,43.70000,0.68914,403.32782
2025-06-20 23:02:47+07:00,5962,25.80000,80.60000,35.30000,44.30000,0.67751,403.23196
2025-06-20 23:03:37+07:00,5963,25.90000,80.60000,50.50000,62.40000,0.67944,403.25912
2025-06-20 23:04:26+07:00,5964,25.80000,80.70000,35.30000,45.30000,0.65472,403.35562
2025-06-20 23:05:15+07:00,5965,25.80000,80.60000,35.50000,44.20000,0.66414,403.34866
2025-06-20 23:06:05+07:00,5966,25.80000,80.60000,36.00000,45.70000,0.68137,403.19827
2025-06-20 23:06:54+07:00,5967,25.80000,80.70000,37.20000,46.90000,0.70488,403.16486
2025-06-20 23:07:44+07:00,5968,25.80000,80.80000,35.70000,43.40000,0.69305,403.22519
2025-06-20 23:08:34+07:00,5969,25.70000,81.00000,37.90000,46.60000,0.68330,403.22519
2025-06-20 23:09:26+07:00,5970,25.70000,81.20000,37.40000,46.60000,0.68330,403.23874
2025-06-20 23:10:19+07:00,5971,25.60000,81.40000,39.10000,49.20000,0.67751,403.17819
2025-06-20 23:11:11+07:00,5972,25.60000,81.40000,41.90000,53.20000,0.67176,403.25912
2025-06-20 23:12:01+07:00,5973,25.60000,81.50000,41.40000,53.20000,0.68330,403.20499
2025-06-20 23:12:51+07:00,5974,25.60000,81.50000,45.70000,56.80000,0.69697,403.21844
2025-06-20 23:13:43+07:00,5975,25.60000,81.40000,46.40000,57.10000,0.69894,403.15155
2025-06-20 23:14:33+07:00,5976,25.60000,81.40000,47.20000,60.00000,0.63071,403.16486
2025-06-20 23:15:23+07:00,5977,25.70000,81.20000,48.00000,61.70000,0.69697,403.35562
2025-06-20 23:16:12+07:00,5978,25.60000,81.20000,47.20000,58.30000,0.65285,403.26593
2025-06-20 23:17:02+07:00,5979,25.60000,81.30000,63.60000,78.20000,0.67559,403.17819
2025-06-20 23:17:53+07:00,5980,25.60000,81.40000,70.40000,85.00000,0.65659,403.12512
2025-06-20 23:18:43+07:00,5981,25.70000,81.30000,49.30000,62.40000,0.65847,403.32782
2025-06-20 23:19:32+07:00,5982,25.70000,81.20000,61.70000,70.90000,0.65472,403.41177
2025-06-20 23:20:22+07:00,5983,25.70000,81.10000,49.10000,60.00000,0.63619,403.26593
2025-06-20 23:21:12+07:00,5984,25.70000,80.90000,47.00000,56.20000,0.66985,403.32782
2025-06-20 23:22:06+07:00,5985,25.70000,80.70000,47.20000,59.10000,0.65098,403.34866
2025-06-20 23:22:56+07:00,5986,25.60000,80.90000,52.00000,63.80000,0.65659,403.23874
2025-06-20 23:23:49+07:00,5987,25.60000,80.90000,53.10000,65.70000,0.65285,403.36261
2025-06-20 23:24:48+07:00,5988,25.60000,81.00000,70.60000,84.50000,0.68137,403.27277
2025-06-20 23:25:38+07:00,5989,25.70000,80.90000,95.80000,109.40000,0.67944,403.32089
2025-06-20 23:26:29+07:00,5990,25.70000,80.80000,92.30000,109.00000,0.68330,403.47586
2025-06-20 23:27:18+07:00,5991,25.70000,80.80000,46.10000,56.10000,0.66794,403.78009
2025-06-20 23:28:08+07:00,5992,25.70000,80.60000,41.60000,50.30000,0.67367,403.27277
2025-06-20 23:28:58+07:00,5993,25.70000,80.60000,67.40000,79.30000,0.61806,403.36960
2025-06-20 23:29:47+07:00,5994,25.70000,80.60000,40.40000,46.00000,0.65659,403.41885
2025-06-20 23:30:37+07:00,5995,25.70000,80.40000,41.30000,49.10000,0.66036,403.30710
2025-06-20 23:31:26+07:00,5996,25.70000,80.50000,42.30000,49.70000,0.65847,403.24551
2025-06-20 23:32:16+07:00,5997,25.70000,80.60000,41.20000,50.90000,0.67751,403.28647
2025-06-20 23:33:05+07:00,5998,25.70000,80.90000,38.30000,48.90000,0.65285,403.26593
2025-06-20 23:33:55+07:00,5999,25.60000,80.80000,125.80000,147.20000,0.63986,403.27277
2025-06-20 23:34:44+07:00,6000,25.70000,80.70000,37.30000,45.00000,0.68524,403.54819
2025-06-20 23:35:34+07:00,6001,25.70000,80.50000,34.90000,43.70000,0.65285,403.17819
2025-06-20 23:36:23+07:00,6002,25.70000,80.60000,39.30000,50.30000,0.66794,403.30710
2025-06-20 23:37:13+07:00,6003,25.60000,80.90000,58.10000,69.00000,0.64540,403.24551
2025-06-20 23:38:02+07:00,6004,25.70000,80.90000,37.50000,45.10000,0.66036,403.46152
2025-06-20 23:38:52+07:00,6005,25.70000,80.90000,49.90000,58.70000,0.64355,403.36261
2025-06-20 23:39:45+07:00,6006,25.70000,80.80000,48.90000,59.20000,0.66225,403.36261
2025-06-20 23:40:35+07:00,6007,25.70000,80.70000,34.70000,41.20000,0.64355,403.32089
2025-06-20 23:41:29+07:00,6008,25.70000,80.80000,34.40000,41.00000,0.68330,403.16486
2025-06-20 23:42:19+07:00,6009,25.60000,80.70000,34.50000,44.00000,0.63986,403.26593
2025-06-20 23:43:09+07:00,6010,25.60000,80.80000,32.40000,42.30000,0.66225,403.22519
2025-06-20 23:43:58+07:00,6011,25.60000,80.90000,33.90000,42.90000,0.62166,403.07278
2025-06-20 23:44:48+07:00,6012,25.60000,80.80000,33.90000,44.10000,0.64540,403.24551
2025-06-20 23:45:37+07:00,6013,25.50000,80.90000,41.20000,51.60000,0.63435,403.19156
2025-06-20 23:46:27+07:00,6014,25.60000,80.90000,38.50000,46.80000,0.66414,403.30710
2025-06-20 23:47:16+07:00,6015,25.50000,80.90000,70.50000,88.90000,0.62707,403.20499
2025-06-20 23:48:06+07:00,6016,25.60000,80.90000,39.70000,48.70000,0.60915,403.34866
2025-06-20 23:48:55+07:00,6017,25.60000,80.90000,61.70000,75.20000,0.66985,403.19156
2025-06-20 23:49:46+07:00,6018,25.60000,81.00000,155.10001,187.00000,0.65472,403.37659
2025-06-20 23:50:36+07:00,6019,25.70000,80.90000,92.50000,114.60000,0.67559,403.46152
2025-06-20 23:51:31+07:00,6020,25.70000,80.60000,88.80000,105.20000,0.69305,403.41177
2025-06-20 23:52:26+07:00,6021,25.70000,80.50000,114.20000,148.70000,0.64726,403.41885
2025-06-20 23:53:16+07:00,6022,25.70000,80.50000,81.00000,101.00000,0.68137,403.56277
2025-06-20 23:55:04+07:00,6023,25.70000,80.20000,80.60000,107.60000,0.66985,403.45438
2025-06-20 23:55:54+07:00,6024,25.70000,80.30000,45.60000,64.50000,0.69109,403.43304
2025-06-20 23:56:44+07:00,6025,25.80000,80.30000,190.20000,230.39999,0.65098,403.48303
2025-06-20 23:57:35+07:00,6026,25.80000,80.30000,116.40000,158.20000,0.66794,403.46152
2025-06-20 23:58:25+07:00,6027,25.80000,80.10000,89.30000,117.90000,0.68914,403.54819
2025-06-20 23:59:15+07:00,6028,25.80000,80.10000,117.80000,150.80000,0.69501,403.47586
2025-06-21 00:00:05+07:00,6029,25.80000,79.90000,81.80000,102.50000,0.66225,403.42593
2025-06-21 00:00:55+07:00,6030,25.80000,79.80000,71.60000,90.60000,0.64170,403.48303
2025-06-21 00:01:44+07:00,6031,25.70000,80.00000,48.40000,63.30000,0.67559,403.36960
2025-06-21 00:02:34+07:00,6032,25.60000,80.40000,93.80000,118.40000,0.64911,403.44012
2025-06-21 00:03:23+07:00,6033,25.60000,80.60000,43.30000,58.10000,0.63619,403.36261
2025-06-21 00:04:16+07:00,6034,25.60000,80.30000,37.00000,48.80000,0.68330,403.33475
2025-06-21 00:05:06+07:00,6035,25.60000,80.50000,36.60000,49.10000,0.67176,403.20499
2025-06-21 00:05:55+07:00,6036,25.60000,80.60000,35.70000,46.20000,0.66414,403.27277
2025-06-21 00:06:44+07:00,6037,25.50000,80.60000,36.50000,45.80000,0.64355,403.20499
2025-06-21 00:07:34+07:00,6038,25.50000,80.90000,60.50000,76.10000,0.64355,403.14493
2025-06-21 00:08:24+07:00,6039,25.50000,80.90000,32.80000,41.10000,0.66794,403.26593
2025-06-21 00:09:13+07:00,6040,25.50000,80.90000,46.90000,58.50000,0.62166,403.15155
2025-06-21 00:10:05+07:00,6041,25.50000,80.90000,36.00000,46.70000,0.67751,403.13834
2025-06-21 00:10:55+07:00,6042,25.50000,80.80000,30.80000,39.40000,0.61449,403.08578
2025-06-21 00:11:44+07:00,6043,25.50000,80.80000,168.39999,200.89999,0.64170,403.16486
2025-06-21 00:12:33+07:00,6044,25.50000,80.80000,31.70000,40.50000,0.63802,403.30710
2025-06-21 00:13:23+07:00,6045,25.50000,80.90000,32.80000,41.90000,0.62889,403.21170
2025-06-21 00:14:12+07:00,6046,25.40000,81.20000,37.10000,46.30000,0.61271,403.30710
2025-06-21 00:15:02+07:00,6047,25.40000,81.40000,53.90000,67.20000,0.63435,403.12512
2025-06-21 00:15:55+07:00,6048,25.40000,81.50000,35.70000,48.60000,0.59511,403.11853
2025-06-21 00:16:44+07:00,6049,25.40000,81.40000,64.70000,79.80000,0.63802,403.21844
2025-06-21 00:17:34+07:00,6050,25.30000,81.60000,33.50000,44.60000,0.62346,403.23874
2025-06-21 00:18:23+07:00,6051,25.30000,81.70000,34.50000,46.90000,0.63802,403.20499
2025-06-21 00:19:13+07:00,6052,25.20000,82.00000,35.60000,46.90000,0.60035,403.11853
2025-06-21 00:20:02+07:00,6053,25.30000,82.10000,121.10000,145.30000,0.59164,403.17819
2025-06-21 00:20:52+07:00,6054,25.30000,82.00000,35.70000,48.30000,0.61627,403.24551
2025-06-21 00:21:41+07:00,6055,25.40000,81.90000,33.30000,46.60000,0.63253,403.17151
2025-06-21 00:22:30+07:00,6056,25.40000,82.00000,34.70000,49.40000,0.61627,403.27960
2025-06-21 00:23:20+07:00,6057,25.30000,82.10000,54.70000,72.00000,0.63435,402.81531
2025-06-21 00:24:09+07:00,6058,25.30000,82.20000,72.30000,91.90000,0.64170,403.24551
2025-06-21 00:24:59+07:00,6059,25.30000,82.20000,34.90000,45.50000,0.61627,403.27277
2025-06-21 00:25:51+07:00,6060,25.30000,82.10000,38.30000,49.90000,0.60562,403.16486
2025-06-21 00:26:40+07:00,6061,25.30000,82.00000,34.70000,44.60000,0.60738,403.06628
2025-06-21 00:27:29+07:00,6062,25.20000,82.00000,34.10000,46.20000,0.60915,403.19827
2025-06-21 00:28:19+07:00,6063,25.20000,81.90000,33.30000,43.50000,0.61986,403.27277
2025-06-21 00:29:08+07:00,6064,25.20000,82.10000,34.10000,48.10000,0.61449,403.02753
2025-06-21 00:29:57+07:00,6065,25.20000,82.20000,33.30000,46.50000,0.53980,403.10541
2025-06-21 00:30:47+07:00,6066,25.20000,82.40000,88.50000,105.10000,0.60738,403.24551
2025-06-21 00:31:36+07:00,6067,25.30000,82.20000,42.20000,56.20000,0.59685,403.07278
2025-06-21 00:32:26+07:00,6068,25.30000,81.80000,37.50000,49.30000,0.61627,403.10541
2025-06-21 00:33:15+07:00,6069,25.30000,82.00000,50.40000,66.80000,0.61806,403.10541
2025-06-21 00:34:04+07:00,6070,25.20000,82.10000,39.30000,52.60000,0.61271,403.15820
2025-06-21 00:34:54+07:00,6071,25.20000,82.10000,33.60000,47.10000,0.58646,403.06628
2025-06-21 00:35:43+07:00,6072,25.20000,82.10000,43.80000,55.80000,0.58131,403.32782
2025-06-21 00:36:32+07:00,6073,25.20000,82.10000,34.70000,45.80000,0.60210,403.20499
2025-06-21 00:37:22+07:00,6074,25.20000,82.00000,33.10000,47.10000,0.64355,403.04041
2025-06-21 00:38:11+07:00,6075,25.20000,82.10000,36.10000,50.20000,0.62889,403.04041
2025-06-21 00:40:18+07:00,6076,25.20000,82.50000,39.90000,55.00000,0.60035,403.19827
2025-06-21 00:41:11+07:00,6077,25.20000,82.40000,49.20000,68.10000,0.60210,403.17819
2025-06-21 00:42:00+07:00,6078,25.20000,82.60000,112.90000,129.60001,0.60915,403.15820
2025-06-21 00:42:50+07:00,6079,25.20000,82.40000,53.30000,67.00000,0.58131,403.25232
2025-06-21 00:43:39+07:00,6080,25.30000,82.20000,33.00000,44.40000,0.58131,403.25232
2025-06-21 00:44:30+07:00,6081,25.30000,82.40000,36.10000,46.10000,0.58474,403.32782
2025-06-21 00:45:20+07:00,6082,25.20000,82.50000,36.30000,51.90000,0.59860,403.22519
2025-06-21 00:46:10+07:00,6083,25.30000,82.20000,32.40000,46.20000,0.61093,403.16486
2025-06-21 00:47:02+07:00,6084,25.20000,82.40000,100.10000,125.10000,0.61093,403.15155
2025-06-21 00:47:52+07:00,6085,25.20000,82.50000,33.30000,44.70000,0.57961,403.17819
2025-06-21 00:48:41+07:00,6086,25.30000,82.10000,41.90000,55.60000,0.61093,403.27277
2025-06-21 00:49:31+07:00,6087,25.30000,82.00000,47.20000,61.70000,0.60035,403.21844
2025-06-21 00:50:20+07:00,6088,25.30000,81.80000,40.30000,55.60000,0.58646,403.28647
2025-06-21 00:51:10+07:00,6089,25.40000,81.50000,38.90000,50.10000,0.62707,403.07278
2025-06-21 00:52:00+07:00,6090,25.30000,81.70000,40.90000,56.90000,0.63071,403.23196
2025-06-21 00:52:49+07:00,6091,25.30000,81.40000,29.70000,41.40000,0.61449,403.21844
2025-06-21 00:53:39+07:00,6092,25.30000,81.40000,28.30000,38.90000,0.58991,403.17151
2025-06-21 00:54:28+07:00,6093,25.30000,81.40000,29.00000,42.50000,0.58131,403.06628
2025-06-21 00:55:18+07:00,6094,25.20000,81.60000,28.80000,39.80000,0.57791,403.07928
2025-06-21 00:56:08+07:00,6095,25.20000,81.90000,28.60000,41.50000,0.60035,403.11853
2025-06-21 00:56:57+07:00,6096,25.10000,82.20000,27.30000,38.90000,0.61093,403.01471
2025-06-21 00:57:47+07:00,6097,25.10000,82.50000,29.90000,38.60000,0.60562,403.11197
2025-06-21 00:58:36+07:00,6098,25.10000,82.50000,30.00000,43.00000,0.58818,403.06628
2025-06-21 00:59:33+07:00,6099,25.10000,82.60000,29.10000,40.70000,0.58131,403.03397
2025-06-21 01:00:26+07:00,6100,25.00000,82.50000,29.10000,42.40000,0.60915,402.97650
2025-06-21 01:01:19+07:00,6101,25.10000,82.30000,29.00000,42.00000,0.57113,403.13834
2025-06-21 01:02:09+07:00,6102,25.10000,82.10000,27.80000,42.70000,0.59337,402.98920
2025-06-21 01:03:02+07:00,6103,25.00000,82.10000,28.00000,40.90000,0.59511,402.82745
2025-06-21 01:03:52+07:00,6104,25.10000,82.00000,30.50000,43.60000,0.57113,403.00833
2025-06-21 01:04:42+07:00,6105,25.10000,81.90000,25.60000,32.60000,0.58474,403.01471
2025-06-21 01:05:32+07:00,6106,25.10000,81.70000,27.60000,38.80000,0.58646,403.04684
2025-06-21 01:07:21+07:00,6107,25.20000,81.30000,27.80000,39.40000,0.59685,402.91989
2025-06-21 01:08:15+07:00,6108,25.10000,81.20000,27.40000,36.70000,0.59337,402.95752
2025-06-21 01:09:05+07:00,6109,25.20000,81.10000,73.70000,90.00000,0.58474,402.98285
2025-06-21 01:09:55+07:00,6110,25.20000,81.10000,28.50000,40.20000,0.59337,403.05331
2025-06-21 01:10:45+07:00,6111,25.10000,81.10000,28.40000,43.40000,0.54792,403.02112
2025-06-21 01:11:34+07:00,6112,25.10000,81.30000,31.60000,41.50000,0.61093,403.02112
2025-06-21 01:12:24+07:00,6113,25.10000,81.30000,29.70000,40.40000,0.56609,403.04684
2025-06-21 01:13:13+07:00,6114,25.10000,81.20000,28.80000,40.20000,0.55447,402.94495
2025-06-21 01:14:03+07:00,6115,25.10000,81.30000,34.30000,47.10000,0.57282,402.95123
2025-06-21 01:14:52+07:00,6116,25.10000,81.50000,28.90000,38.80000,0.55119,402.98285
2025-06-21 01:15:42+07:00,6117,25.20000,81.30000,30.40000,42.70000,0.56777,403.03397
2025-06-21 01:16:31+07:00,6118,25.20000,81.20000,31.50000,44.10000,0.56109,403.02112
2025-06-21 01:17:27+07:00,6119,25.20000,81.20000,33.10000,47.50000,0.57113,402.99554
2025-06-21 01:18:16+07:00,6120,25.20000,81.20000,35.70000,47.30000,0.57113,403.03397
2025-06-21 01:19:08+07:00,6121,25.10000,81.30000,51.50000,66.00000,0.58131,403.03397
2025-06-21 01:19:58+07:00,6122,25.10000,81.60000,34.00000,47.40000,0.58302,403.01471
2025-06-21 01:20:47+07:00,6123,25.10000,81.40000,32.20000,41.90000,0.56609,403.06628
2025-06-21 01:21:37+07:00,6124,25.20000,81.20000,85.40000,104.50000,0.58474,403.15155
2025-06-21 01:22:26+07:00,6125,25.20000,81.00000,35.60000,48.70000,0.57791,403.32089
2025-06-21 01:23:16+07:00,6126,25.20000,81.00000,45.70000,60.70000,0.58302,403.16486
2025-06-21 01:24:05+07:00,6127,25.10000,81.30000,82.70000,102.30000,0.59337,403.09232
2025-06-21 01:24:55+07:00,6128,25.10000,81.30000,35.50000,46.10000,0.59337,403.23196
2025-06-21 01:25:44+07:00,6129,25.10000,81.30000,39.20000,53.10000,0.57961,403.21170
2025-06-21 01:26:33+07:00,6130,25.10000,81.40000,36.70000,49.90000,0.57451,403.17151
2025-06-21 01:27:23+07:00,6131,25.10000,81.30000,34.80000,48.50000,0.58302,403.17819
2025-06-21 01:28:13+07:00,6132,25.10000,81.60000,34.80000,45.80000,0.55447,403.17819
2025-06-21 01:29:02+07:00,6133,25.10000,81.70000,35.40000,49.60000,0.63802,403.21170
2025-06-21 01:29:52+07:00,6134,25.00000,81.90000,33.50000,46.30000,0.58302,403.15820
2025-06-21 01:30:41+07:00,6135,25.00000,82.00000,45.10000,60.30000,0.58302,403.12512
2025-06-21 01:31:35+07:00,6136,25.10000,81.80000,38.30000,49.20000,0.58474,403.21170
2025-06-21 01:32:24+07:00,6137,25.10000,81.90000,77.20000,100.10000,0.58474,403.07278
2025-06-21 01:33:14+07:00,6138,25.10000,81.90000,51.40000,67.20000,0.58131,403.36960
2025-06-21 01:34:03+07:00,6139,25.20000,81.50000,42.50000,53.20000,0.58302,403.27277
2025-06-21 01:34:53+07:00,6140,25.30000,81.40000,36.40000,49.70000,0.53178,403.26593
2025-06-21 01:35:42+07:00,6141,25.20000,81.30000,35.70000,48.40000,0.57282,403.33475
2025-06-21 01:36:31+07:00,6142,25.20000,81.40000,89.00000,116.00000,0.61806,403.41177
2025-06-21 01:37:21+07:00,6143,25.30000,81.30000,45.00000,66.30000,0.57961,403.41177
2025-06-21 01:38:12+07:00,6144,25.30000,81.20000,44.20000,66.10000,0.58474,403.27960
2025-06-21 01:39:01+07:00,6145,25.20000,81.40000,47.40000,65.60000,0.56609,403.27277
2025-06-21 01:39:51+07:00,6146,25.30000,81.40000,38.60000,56.50000,0.58302,403.23196
2025-06-21 01:40:40+07:00,6147,25.30000,81.30000,41.40000,61.40000,0.58302,403.23196
2025-06-21 01:41:30+07:00,6148,25.30000,81.30000,37.50000,49.20000,0.62166,403.19827
2025-06-21 01:42:22+07:00,6149,25.30000,81.40000,37.20000,49.40000,0.58131,403.19156
2025-06-21 01:43:11+07:00,6150,25.20000,81.30000,36.20000,51.50000,0.59164,403.24551
2025-06-21 01:44:01+07:00,6151,25.20000,81.50000,35.90000,47.70000,0.58474,403.17819
2025-06-21 01:44:51+07:00,6152,25.20000,81.30000,33.60000,44.30000,0.58991,403.11197
2025-06-21 01:46:36+07:00,6153,25.10000,81.60000,36.30000,47.30000,0.62707,403.19156
2025-06-21 01:47:26+07:00,6154,25.10000,81.70000,36.00000,49.50000,0.60738,403.11197
2025-06-21 01:48:15+07:00,6155,25.10000,81.70000,35.20000,47.20000,0.57451,403.19827
2025-06-21 01:49:05+07:00,6156,25.10000,81.70000,37.60000,50.10000,0.57113,403.04684
2025-06-21 01:49:54+07:00,6157,25.10000,81.80000,35.30000,47.60000,0.58131,403.17151
2025-06-21 01:50:46+07:00,6158,25.10000,81.80000,33.90000,46.40000,0.59337,403.11197
2025-06-21 01:51:35+07:00,6159,25.10000,81.80000,34.40000,44.70000,0.57451,403.21170
2025-06-21 01:52:24+07:00,6160,25.20000,81.70000,33.80000,41.40000,0.58474,403.13834
2025-06-21 01:53:14+07:00,6161,25.10000,81.80000,33.90000,45.30000,0.54304,403.19156
2025-06-21 01:54:08+07:00,6162,25.10000,81.70000,34.30000,45.80000,0.61449,403.23874
2025-06-21 01:54:58+07:00,6163,25.10000,81.80000,33.40000,45.80000,0.57113,403.17819
2025-06-21 01:55:48+07:00,6164,25.10000,81.70000,33.60000,42.10000,0.58646,403.04041
2025-06-21 01:56:41+07:00,6165,25.10000,81.70000,34.80000,45.60000,0.62166,403.13171
2025-06-21 01:57:31+07:00,6166,25.10000,81.70000,32.20000,42.50000,0.57113,403.17151
2025-06-21 01:58:20+07:00,6167,25.20000,81.70000,33.40000,43.20000,0.58991,403.08578
2025-06-21 01:59:10+07:00,6168,25.20000,81.60000,34.70000,45.00000,0.56945,403.10541
2025-06-21 01:59:59+07:00,6169,25.10000,81.60000,34.00000,44.60000,0.57113,403.04684
2025-06-21 02:00:49+07:00,6170,25.10000,81.70000,33.50000,44.00000,0.58646,403.17151
2025-06-21 02:01:38+07:00,6171,25.10000,81.70000,33.60000,42.70000,0.56442,403.11853
2025-06-21 02:02:27+07:00,6172,25.10000,81.80000,35.00000,45.00000,0.58131,403.15820
2025-06-21 02:03:17+07:00,6173,25.10000,81.90000,34.70000,46.00000,0.52228,403.04684
2025-06-21 02:04:08+07:00,6174,25.00000,81.90000,34.90000,46.70000,0.58131,403.11197
2025-06-21 02:05:03+07:00,6175,25.00000,82.20000,34.70000,45.30000,0.55612,403.07278
2025-06-21 02:05:54+07:00,6176,25.00000,82.20000,34.90000,44.60000,0.58818,403.05331
2025-06-21 02:06:44+07:00,6177,25.00000,82.10000,35.00000,49.70000,0.57791,403.02112
2025-06-21 02:07:34+07:00,6178,25.10000,82.00000,34.60000,47.10000,0.57113,402.95752
2025-06-21 02:08:24+07:00,6179,25.10000,82.00000,34.40000,46.00000,0.56609,403.01471
2025-06-21 02:09:13+07:00,6180,25.10000,82.00000,36.70000,49.00000,0.53658,403.25912
2025-06-21 02:10:03+07:00,6181,25.20000,81.70000,35.70000,43.20000,0.57113,403.07278
2025-06-21 02:10:52+07:00,6182,25.20000,81.60000,35.40000,48.10000,0.58991,403.06628
2025-06-21 02:11:41+07:00,6183,25.20000,81.70000,34.80000,47.70000,0.56276,403.19156
2025-06-21 02:12:32+07:00,6184,25.20000,81.80000,36.50000,47.30000,0.55943,403.11853
2025-06-21 02:13:21+07:00,6185,25.10000,81.90000,35.80000,48.00000,0.58302,403.08578
2025-06-21 02:14:11+07:00,6186,25.10000,81.80000,36.90000,43.80000,0.55283,403.07928
2025-06-21 02:15:08+07:00,6187,25.10000,81.60000,36.80000,47.80000,0.57621,403.04684
2025-06-21 02:15:59+07:00,6188,25.10000,81.70000,35.80000,46.50000,0.53498,403.14493
2025-06-21 02:16:48+07:00,6189,25.00000,81.90000,39.40000,49.10000,0.57282,403.12512
2025-06-21 02:17:38+07:00,6190,25.00000,82.10000,38.30000,47.20000,0.57113,403.15155
2025-06-21 02:18:27+07:00,6191,25.00000,82.20000,38.60000,47.90000,0.57621,403.15820
2025-06-21 02:19:17+07:00,6192,25.10000,82.20000,39.10000,48.10000,0.58991,403.07928
2025-06-21 02:20:06+07:00,6193,25.10000,82.30000,43.00000,56.60000,0.55777,403.07928
2025-06-21 02:20:56+07:00,6194,25.10000,82.30000,62.20000,75.70000,0.56276,403.10541
2025-06-21 02:21:45+07:00,6195,25.10000,82.40000,61.50000,76.20000,0.62346,403.21844
2025-06-21 02:22:35+07:00,6196,25.10000,82.30000,52.20000,63.00000,0.56777,403.24551
2025-06-21 02:23:24+07:00,6197,25.00000,82.60000,47.60000,60.00000,0.56609,403.24551
2025-06-21 02:24:14+07:00,6198,25.00000,82.80000,45.20000,57.30000,0.58131,403.23196
2025-06-21 02:25:03+07:00,6199,25.10000,82.80000,43.20000,58.90000,0.58131,402.96384
2025-06-21 02:25:52+07:00,6200,25.10000,82.80000,44.50000,59.10000,0.59164,403.28647
2025-06-21 02:26:42+07:00,6201,25.10000,82.80000,42.90000,61.40000,0.57961,403.21844
2025-06-21 02:27:34+07:00,6202,25.10000,82.90000,45.30000,59.00000,0.56945,403.17151
2025-06-21 02:28:23+07:00,6203,25.10000,83.00000,46.00000,61.90000,0.56442,403.24551
2025-06-21 02:29:13+07:00,6204,25.00000,83.20000,42.70000,58.00000,0.58302,403.32089
2025-06-21 02:30:02+07:00,6205,25.00000,83.30000,44.50000,58.20000,0.58302,403.09232
2025-06-21 02:30:52+07:00,6206,25.00000,83.30000,42.60000,55.50000,0.57961,403.27277
2025-06-21 02:31:41+07:00,6207,24.90000,83.80000,44.20000,55.50000,0.56945,403.22519
2025-06-21 02:32:31+07:00,6208,24.90000,83.70000,43.60000,58.50000,0.60210,403.13834
2025-06-21 02:33:20+07:00,6209,25.00000,83.70000,45.90000,57.30000,0.57451,403.39767
2025-06-21 02:34:10+07:00,6210,25.00000,83.70000,43.50000,53.00000,0.56609,403.09885
2025-06-21 02:34:59+07:00,6211,24.90000,83.80000,45.20000,58.70000,0.58818,403.19156
2025-06-21 02:36:42+07:00,6212,24.90000,83.90000,48.20000,65.80000,0.57282,403.20499
2025-06-21 02:37:33+07:00,6213,25.00000,83.70000,46.30000,57.40000,0.56777,403.13171
2025-06-21 02:38:23+07:00,6214,25.00000,83.60000,44.50000,59.70000,0.65659,403.17151
2025-06-21 02:39:13+07:00,6215,25.00000,83.40000,44.20000,58.50000,0.57113,403.19156
2025-06-21 02:40:02+07:00,6216,25.00000,83.30000,55.50000,73.70000,0.56609,403.11853
2025-06-21 02:40:51+07:00,6217,25.00000,83.40000,71.20000,89.30000,0.58474,403.17819
2025-06-21 02:41:42+07:00,6218,25.10000,83.00000,42.20000,55.80000,0.58646,403.22519
2025-06-21 02:42:31+07:00,6219,25.10000,82.50000,49.80000,65.20000,0.57961,403.16486
2025-06-21 02:43:20+07:00,6220,25.10000,82.50000,41.70000,55.40000,0.59164,403.16486
2025-06-21 02:44:10+07:00,6221,25.10000,82.40000,75.70000,94.70000,0.58131,403.16486
2025-06-21 02:45:00+07:00,6222,25.20000,82.20000,43.70000,61.40000,0.57961,403.21844
2025-06-21 02:45:49+07:00,6223,25.20000,82.00000,69.80000,90.60000,0.56276,403.18488
2025-06-21 02:46:39+07:00,6224,25.20000,82.20000,44.60000,57.80000,0.56609,403.20499
2025-06-21 02:47:28+07:00,6225,25.30000,81.60000,40.90000,54.20000,0.58302,403.13171
2025-06-21 02:48:18+07:00,6226,25.20000,81.80000,65.60000,83.00000,0.57282,403.19827
2025-06-21 02:49:08+07:00,6227,25.10000,82.20000,77.10000,94.90000,0.58646,403.25912
2025-06-21 02:49:57+07:00,6228,25.30000,81.70000,52.80000,65.60000,0.57451,403.30020
2025-06-21 02:50:46+07:00,6229,25.30000,81.60000,53.50000,70.70000,0.57791,403.13834
2025-06-21 02:51:36+07:00,6230,25.20000,81.80000,57.80000,77.00000,0.58131,403.17819
2025-06-21 02:52:25+07:00,6231,25.10000,81.80000,58.00000,78.40000,0.58131,403.06628
2025-06-21 02:53:15+07:00,6232,25.20000,81.50000,56.10000,74.00000,0.56945,403.10541
2025-06-21 02:54:04+07:00,6233,25.20000,81.80000,40.20000,54.40000,0.58818,403.07278
2025-06-21 02:54:53+07:00,6234,25.20000,81.40000,42.10000,60.20000,0.59164,403.11197
2025-06-21 02:55:43+07:00,6235,25.20000,81.60000,46.80000,65.50000,0.58646,403.13834
2025-06-21 02:56:32+07:00,6236,25.10000,82.00000,43.00000,60.60000,0.57791,403.21844
2025-06-21 02:57:22+07:00,6237,25.10000,82.00000,45.50000,64.70000,0.58991,403.14493
2025-06-21 02:58:11+07:00,6238,25.00000,82.20000,56.30000,78.60000,0.55447,403.13834
2025-06-21 02:59:01+07:00,6239,25.00000,82.40000,60.70000,79.30000,0.58474,403.12512
2025-06-21 02:59:51+07:00,6240,25.10000,82.20000,45.70000,61.00000,0.58474,403.11853
2025-06-21 03:00:40+07:00,6241,25.10000,81.90000,42.80000,57.20000,0.58646,403.25232
2025-06-21 03:01:29+07:00,6242,25.00000,82.20000,39.70000,57.70000,0.58646,403.38361
2025-06-21 03:02:19+07:00,6243,24.90000,82.40000,58.10000,75.80000,0.57791,403.13171
2025-06-21 03:03:08+07:00,6244,25.00000,82.30000,45.20000,60.40000,0.56777,403.05978
2025-06-21 03:03:58+07:00,6245,25.10000,82.00000,56.30000,75.70000,0.58474,403.13834
2025-06-21 03:04:49+07:00,6246,25.10000,82.10000,46.10000,60.60000,0.55777,403.13834
2025-06-21 03:05:38+07:00,6247,25.10000,81.70000,37.80000,53.10000,0.61449,403.08578
2025-06-21 03:06:28+07:00,6248,25.10000,81.80000,57.00000,73.00000,0.57621,403.11197
2025-06-21 03:07:17+07:00,6249,25.10000,81.60000,40.70000,51.80000,0.57961,403.10541
2025-06-21 03:08:07+07:00,6250,25.10000,81.90000,56.00000,72.50000,0.56442,403.11197
2025-06-21 03:08:56+07:00,6251,25.10000,82.00000,55.70000,69.10000,0.57113,403.10541
2025-06-21 03:09:45+07:00,6252,25.20000,81.50000,35.90000,49.00000,0.57451,403.13834
2025-06-21 03:10:35+07:00,6253,25.30000,81.40000,34.50000,44.60000,0.56777,403.08578
2025-06-21 03:11:24+07:00,6254,25.20000,81.30000,34.30000,44.10000,0.56442,403.09885
2025-06-21 03:12:13+07:00,6255,25.10000,81.70000,49.00000,61.00000,0.55943,402.98920
2025-06-21 03:15:48+07:00,6256,25.00000,83.20000,41.50000,52.90000,0.54304,403.07928
2025-06-21 03:19:25+07:00,6257,24.90000,83.40000,37.60000,48.80000,0.57961,403.17819
2025-06-21 03:20:15+07:00,6258,24.90000,83.40000,50.20000,61.50000,0.55612,403.11853
2025-06-21 03:21:05+07:00,6259,24.90000,83.40000,36.50000,51.40000,0.57621,403.06628
2025-06-21 03:21:54+07:00,6260,24.90000,83.50000,43.80000,53.70000,0.56109,403.02112
2025-06-21 03:22:43+07:00,6261,24.80000,83.70000,41.30000,50.90000,0.57621,403.07928
2025-06-21 03:23:33+07:00,6262,24.80000,83.70000,41.90000,56.10000,0.55283,403.05978
2025-06-21 03:24:22+07:00,6263,24.90000,83.40000,38.50000,53.00000,0.58302,403.10541
2025-06-21 03:25:11+07:00,6264,24.90000,83.30000,38.20000,53.20000,0.53819,403.09232
2025-06-21 03:26:01+07:00,6265,24.80000,83.50000,36.50000,46.50000,0.53980,403.04684
2025-06-21 03:26:50+07:00,6266,24.70000,83.90000,45.30000,59.60000,0.54629,403.02753
2025-06-21 03:27:42+07:00,6267,24.70000,84.10000,38.60000,49.80000,0.53819,403.12512
2025-06-21 03:28:34+07:00,6268,24.70000,84.10000,39.70000,55.80000,0.55447,403.14493
2025-06-21 03:29:23+07:00,6269,24.60000,84.20000,41.00000,58.40000,0.53498,403.02753
2025-06-21 03:30:13+07:00,6270,24.60000,84.20000,38.60000,58.50000,0.54955,403.05978
2025-06-21 03:31:03+07:00,6271,24.60000,84.20000,39.40000,55.60000,0.55119,403.05978
2025-06-21 03:31:53+07:00,6272,24.70000,84.30000,40.10000,52.60000,0.55283,403.06628
2025-06-21 03:32:46+07:00,6273,24.70000,84.10000,39.50000,57.80000,0.53980,403.14493
2025-06-21 03:33:36+07:00,6274,24.70000,84.00000,38.80000,52.80000,0.53658,402.93240
2025-06-21 03:34:26+07:00,6275,24.70000,83.90000,41.10000,60.00000,0.56777,403.00192
2025-06-21 03:35:15+07:00,6276,24.70000,84.00000,40.70000,52.50000,0.57451,403.05331
2025-06-21 03:36:04+07:00,6277,24.70000,84.00000,44.90000,59.90000,0.53980,402.98285
2025-06-21 03:36:54+07:00,6278,24.70000,83.80000,44.20000,59.10000,0.56276,403.05331
2025-06-21 03:37:43+07:00,6279,24.80000,83.70000,49.80000,63.90000,0.56945,403.04684
2025-06-21 03:38:33+07:00,6280,24.80000,83.50000,46.60000,64.90000,0.57113,403.05331
2025-06-21 03:39:22+07:00,6281,24.80000,83.30000,41.00000,56.40000,0.61986,403.05978
2025-06-21 03:40:12+07:00,6282,24.80000,83.20000,39.00000,52.90000,0.54955,403.04041
2025-06-21 03:41:04+07:00,6283,24.70000,83.30000,38.60000,51.00000,0.53338,403.13171
2025-06-21 03:41:54+07:00,6284,24.70000,83.40000,39.50000,51.80000,0.54304,403.07928
2025-06-21 03:42:44+07:00,6285,24.60000,83.50000,36.60000,49.40000,0.56109,403.06628
2025-06-21 03:43:36+07:00,6286,24.60000,83.70000,38.10000,51.40000,0.57282,403.05331
2025-06-21 03:44:25+07:00,6287,24.60000,83.80000,36.50000,49.70000,0.56609,403.02753
2025-06-21 03:45:15+07:00,6288,24.60000,83.80000,39.00000,54.30000,0.54466,403.16486
2025-06-21 03:46:05+07:00,6289,24.60000,83.70000,36.60000,49.80000,0.53658,403.08578
2025-06-21 03:46:54+07:00,6290,24.70000,83.60000,41.30000,54.30000,0.58991,403.02112
2025-06-21 03:47:47+07:00,6291,24.70000,83.40000,40.30000,51.10000,0.56609,403.11853
2025-06-21 03:48:37+07:00,6292,24.70000,83.30000,40.60000,51.80000,0.56276,403.03397
2025-06-21 03:49:26+07:00,6293,24.60000,83.60000,42.90000,59.80000,0.57791,403.04684
2025-06-21 03:50:16+07:00,6294,24.60000,83.70000,40.20000,54.00000,0.55612,403.10541
2025-06-21 03:51:05+07:00,6295,24.60000,83.80000,44.50000,56.80000,0.57113,403.09885
2025-06-21 03:51:55+07:00,6296,24.50000,84.00000,44.60000,55.90000,0.52702,403.04041
2025-06-21 03:52:44+07:00,6297,24.60000,84.00000,47.60000,58.50000,0.55119,403.05331
2025-06-21 03:53:34+07:00,6298,24.60000,84.10000,53.50000,62.20000,0.57113,403.11197
2025-06-21 03:54:23+07:00,6299,24.60000,84.20000,50.50000,65.50000,0.53019,403.17819
2025-06-21 03:55:15+07:00,6300,24.60000,84.30000,49.80000,60.70000,0.55283,403.03397
2025-06-21 03:56:04+07:00,6301,24.60000,84.40000,52.90000,64.60000,0.56609,403.11197
2025-06-21 03:56:54+07:00,6302,24.60000,84.50000,49.80000,61.60000,0.56609,403.13171
2025-06-21 03:57:43+07:00,6303,24.60000,84.60000,51.20000,65.20000,0.55447,403.06628
2025-06-21 03:58:33+07:00,6304,24.50000,84.60000,47.30000,58.80000,0.52228,403.23196
2025-06-21 03:59:22+07:00,6305,24.60000,84.60000,45.80000,54.70000,0.53338,403.14493
2025-06-21 04:00:12+07:00,6306,24.60000,84.70000,43.70000,55.50000,0.55447,403.09232
2025-06-21 04:01:02+07:00,6307,24.60000,84.50000,44.10000,55.60000,0.54142,403.15155
2025-06-21 04:01:51+07:00,6308,24.60000,84.60000,43.90000,56.50000,0.56276,403.09232
2025-06-21 04:02:41+07:00,6309,24.50000,84.60000,44.10000,55.40000,0.57451,403.01471
2025-06-21 04:03:32+07:00,6310,24.60000,84.60000,42.20000,53.40000,0.55943,403.11197
2025-06-21 04:04:22+07:00,6311,24.50000,84.80000,42.00000,53.00000,0.56276,402.98285
2025-06-21 04:05:15+07:00,6312,24.60000,84.80000,41.10000,56.90000,0.54629,403.02753
2025-06-21 04:06:05+07:00,6313,24.60000,85.00000,43.80000,53.10000,0.52702,403.01471
2025-06-21 04:06:55+07:00,6314,24.60000,84.80000,43.50000,53.90000,0.54304,403.06628
2025-06-21 04:07:46+07:00,6315,24.60000,84.70000,43.30000,51.80000,0.54955,403.04041
2025-06-21 04:08:36+07:00,6316,24.60000,84.70000,43.80000,56.00000,0.51915,403.02112
2025-06-21 04:09:26+07:00,6317,24.50000,84.90000,42.50000,54.10000,0.55943,402.93866
2025-06-21 04:10:16+07:00,6318,24.60000,84.60000,46.80000,60.60000,0.55283,403.07278
2025-06-21 04:11:06+07:00,6319,24.60000,84.40000,42.80000,54.30000,0.56442,403.07278
2025-06-21 04:11:55+07:00,6320,24.60000,84.50000,45.30000,57.50000,0.55119,402.97015
2025-06-21 04:12:45+07:00,6321,24.60000,84.60000,46.00000,58.50000,0.57113,403.05331
2025-06-21 04:13:35+07:00,6322,24.60000,84.50000,44.90000,58.90000,0.56442,403.02753
2025-06-21 04:14:24+07:00,6323,24.60000,84.40000,46.30000,55.90000,0.58991,403.00192
2025-06-21 04:15:14+07:00,6324,24.70000,84.00000,45.60000,56.20000,0.53338,403.34171
2025-06-21 04:16:03+07:00,6325,24.70000,84.00000,47.50000,59.10000,0.57961,403.21844
2025-06-21 04:16:53+07:00,6326,24.60000,84.20000,46.60000,57.20000,0.52860,403.13834
2025-06-21 04:17:43+07:00,6327,24.60000,84.30000,48.60000,58.70000,0.55777,403.19156
2025-06-21 04:18:35+07:00,6328,24.70000,84.30000,48.50000,60.90000,0.56442,403.15820
2025-06-21 04:19:26+07:00,6329,24.60000,84.30000,47.40000,57.00000,0.53178,403.05331
2025-06-21 04:20:16+07:00,6330,24.70000,84.20000,48.80000,61.50000,0.58991,403.14493
2025-06-21 04:21:05+07:00,6331,24.70000,83.90000,49.60000,59.70000,0.54142,403.13834
2025-06-21 04:21:54+07:00,6332,24.80000,83.70000,47.80000,59.60000,0.53980,403.13834
2025-06-21 04:22:44+07:00,6333,24.70000,83.70000,45.70000,55.70000,0.55777,403.14493
2025-06-21 04:23:33+07:00,6334,24.70000,83.50000,43.80000,53.90000,0.54466,403.18488
2025-06-21 04:24:22+07:00,6335,24.70000,83.70000,44.00000,54.80000,0.57961,403.18488
2025-06-21 04:25:12+07:00,6336,24.80000,83.60000,45.20000,53.60000,0.56777,403.09885
2025-06-21 04:26:01+07:00,6337,24.80000,83.50000,44.10000,53.20000,0.52702,403.19827
2025-06-21 04:26:51+07:00,6338,24.80000,83.50000,44.20000,55.20000,0.56609,403.09885
2025-06-21 04:27:40+07:00,6339,24.80000,83.40000,43.80000,57.20000,0.54955,403.13171
2025-06-21 04:28:30+07:00,6340,24.80000,83.40000,42.90000,53.30000,0.57282,403.34171
2025-06-21 04:29:19+07:00,6341,24.90000,83.40000,42.60000,59.30000,0.55777,403.13171
2025-06-21 04:30:09+07:00,6342,24.80000,83.60000,43.30000,54.20000,0.53658,403.11197
2025-06-21 04:30:58+07:00,6343,24.80000,83.60000,44.40000,56.40000,0.56442,403.08578
2025-06-21 04:31:47+07:00,6344,24.80000,83.60000,43.60000,55.90000,0.52702,403.09232
2025-06-21 04:32:37+07:00,6345,24.80000,83.60000,44.20000,58.70000,0.56609,403.15820
2025-06-21 04:33:26+07:00,6346,24.80000,83.50000,45.70000,58.40000,0.61093,403.21170
2025-06-21 04:34:18+07:00,6347,24.80000,83.40000,45.70000,57.70000,0.52544,403.29333
2025-06-21 04:35:08+07:00,6348,24.80000,83.40000,46.60000,60.10000,0.60386,403.22519
2025-06-21 04:35:57+07:00,6349,24.80000,83.40000,45.40000,58.50000,0.55777,403.13171
2025-06-21 04:36:47+07:00,6350,24.80000,83.60000,45.80000,59.80000,0.54955,403.15820
2025-06-21 04:37:36+07:00,6351,24.70000,83.70000,46.40000,62.20000,0.58302,403.17819
2025-06-21 04:38:25+07:00,6352,24.70000,83.60000,47.80000,62.70000,0.56609,403.13171
2025-06-21 04:39:15+07:00,6353,24.80000,83.50000,46.20000,60.10000,0.55447,403.17151
2025-06-21 04:40:05+07:00,6354,24.70000,83.70000,46.90000,60.90000,0.59337,403.21170
2025-06-21 04:40:54+07:00,6355,24.70000,83.90000,51.30000,64.80000,0.53498,403.13171
2025-06-21 04:41:44+07:00,6356,24.70000,83.90000,49.00000,66.40000,0.53658,403.25912
2025-06-21 04:42:33+07:00,6357,24.60000,84.00000,49.70000,69.30000,0.53178,403.25912
2025-06-21 04:43:23+07:00,6358,24.70000,83.80000,47.90000,65.50000,0.56609,403.17819
2025-06-21 04:44:12+07:00,6359,24.70000,83.80000,48.70000,68.40000,0.52544,403.19827
2025-06-21 04:45:02+07:00,6360,24.70000,83.70000,49.00000,68.60000,0.53498,403.34171
2025-06-21 04:45:51+07:00,6361,24.70000,83.70000,48.60000,66.10000,0.57791,403.32089
2025-06-21 04:46:40+07:00,6362,24.70000,84.00000,49.10000,64.90000,0.58474,403.23196
2025-06-21 04:47:30+07:00,6363,24.70000,83.80000,47.70000,67.10000,0.53019,403.17151
2025-06-21 04:48:19+07:00,6364,24.70000,83.70000,48.60000,69.60000,0.57961,403.08578
2025-06-21 04:49:09+07:00,6365,24.70000,83.70000,46.80000,63.50000,0.56109,403.24551
2025-06-21 04:49:58+07:00,6366,24.60000,83.90000,49.50000,69.60000,0.57791,403.20499
2025-06-21 04:50:48+07:00,6367,24.60000,84.10000,47.00000,65.00000,0.55283,403.28647
2025-06-21 04:51:37+07:00,6368,24.60000,84.00000,48.10000,62.80000,0.54142,403.22519
2025-06-21 04:52:28+07:00,6369,24.70000,83.80000,49.50000,71.80000,0.57791,403.27960
2025-06-21 04:53:18+07:00,6370,24.60000,83.90000,48.80000,67.80000,0.56777,403.21844
2025-06-21 04:54:07+07:00,6371,24.70000,83.70000,47.00000,66.20000,0.57961,403.30020
2025-06-21 04:54:56+07:00,6372,24.60000,83.80000,47.40000,69.70000,0.56777,403.04684
2025-06-21 04:55:46+07:00,6373,24.60000,83.90000,47.30000,65.30000,0.55777,403.43304
2025-06-21 04:56:35+07:00,6374,24.60000,83.90000,46.00000,65.60000,0.55119,403.20499
2025-06-21 04:57:25+07:00,6375,24.60000,83.80000,45.60000,65.00000,0.53019,403.22519
2025-06-21 04:58:14+07:00,6376,24.50000,83.80000,46.40000,66.30000,0.57621,403.28647
2025-06-21 04:59:04+07:00,6377,24.50000,84.00000,45.80000,63.70000,0.55119,403.21844
2025-06-21 04:59:53+07:00,6378,24.40000,84.20000,44.50000,62.90000,0.57791,403.17151
2025-06-21 05:00:43+07:00,6379,24.40000,84.40000,46.40000,68.50000,0.55612,403.18488
2025-06-21 05:01:33+07:00,6380,24.30000,84.70000,46.10000,64.80000,0.52860,403.17151
2025-06-21 05:02:22+07:00,6381,24.30000,84.80000,47.30000,66.10000,0.56276,403.22519
2025-06-21 05:03:11+07:00,6382,24.30000,85.00000,45.40000,64.60000,0.58131,403.20499
2025-06-21 05:04:01+07:00,6383,24.20000,85.20000,45.50000,66.90000,0.55447,403.19156
2025-06-21 05:04:50+07:00,6384,24.20000,85.30000,46.80000,64.60000,0.57113,403.23874
2025-06-21 05:05:39+07:00,6385,24.20000,85.30000,45.90000,62.60000,0.52860,403.45438
2025-06-21 05:06:29+07:00,6386,24.20000,85.30000,46.80000,63.60000,0.54142,403.15155
2025-06-21 05:07:18+07:00,6387,24.30000,85.20000,45.20000,66.70000,0.53819,403.14493
2025-06-21 05:08:08+07:00,6388,24.30000,85.00000,45.60000,62.20000,0.57791,403.21844
2025-06-21 05:08:58+07:00,6389,24.30000,84.90000,46.60000,68.30000,0.54629,403.05331
2025-06-21 05:09:47+07:00,6390,24.30000,84.90000,47.30000,63.60000,0.53658,403.17819
2025-06-21 05:10:48+07:00,6391,24.30000,85.10000,48.90000,67.10000,0.55612,403.14493
2025-06-21 05:11:37+07:00,6392,24.30000,85.10000,52.50000,71.40000,0.56442,403.30020
2025-06-21 05:12:27+07:00,6393,24.30000,85.20000,56.40000,84.80000,0.58131,403.23874
2025-06-21 05:13:16+07:00,6394,24.20000,85.60000,53.90000,77.00000,0.53980,403.19156
2025-06-21 05:14:05+07:00,6395,24.20000,85.90000,56.20000,77.30000,0.58131,403.32089
2025-06-21 05:14:55+07:00,6396,24.20000,86.10000,59.20000,86.30000,0.56109,403.19827
2025-06-21 05:15:44+07:00,6397,24.20000,86.30000,59.10000,85.60000,0.55283,403.29333
2025-06-21 05:16:34+07:00,6398,24.20000,86.30000,63.40000,93.30000,0.61449,403.46869
2025-06-21 05:17:23+07:00,6399,24.20000,86.40000,66.70000,94.70000,0.54792,403.33475
2025-06-21 05:18:13+07:00,6400,24.20000,86.40000,67.70000,102.00000,0.58131,403.37659
2025-06-21 05:19:02+07:00,6401,24.20000,86.50000,66.00000,97.50000,0.56609,403.33475
2025-06-21 05:19:52+07:00,6402,24.20000,86.60000,67.00000,99.00000,0.56609,403.32089
2025-06-21 05:20:41+07:00,6403,24.20000,86.80000,65.80000,97.80000,0.58991,403.44727
2025-06-21 05:21:31+07:00,6404,24.20000,86.50000,71.20000,105.00000,0.58646,403.32089
2025-06-21 05:22:20+07:00,6405,24.20000,86.60000,70.80000,105.00000,0.60035,403.36960
2025-06-21 05:23:10+07:00,6406,24.20000,86.70000,71.90000,111.00000,0.58131,403.41885
2025-06-21 05:23:59+07:00,6407,24.20000,86.90000,71.30000,108.30000,0.59164,403.39062
2025-06-21 05:24:48+07:00,6408,24.20000,87.00000,73.20000,112.40000,0.58302,403.51187
2025-06-21 05:25:38+07:00,6409,24.20000,87.10000,69.10000,104.50000,0.58991,403.44727
2025-06-21 05:26:27+07:00,6410,24.20000,87.00000,70.60000,106.30000,0.58474,403.47586
2025-06-21 05:27:17+07:00,6411,24.20000,87.10000,76.70000,109.40000,0.56442,403.50464
2025-06-21 05:28:06+07:00,6412,24.20000,87.00000,71.10000,105.10000,0.60386,403.50464
2025-06-21 05:28:56+07:00,6413,24.20000,87.30000,71.10000,106.30000,0.57621,403.46152
2025-06-21 05:29:45+07:00,6414,24.30000,87.10000,71.30000,106.40000,0.60915,403.38361
2025-06-21 05:30:39+07:00,6415,24.20000,87.10000,74.60000,107.50000,0.63071,403.44012
2025-06-21 05:31:30+07:00,6416,24.20000,87.40000,73.20000,110.30000,0.61271,403.47586
2025-06-21 05:32:19+07:00,6417,24.20000,87.50000,69.90000,102.00000,0.58474,403.65894
2025-06-21 05:33:08+07:00,6418,24.10000,87.70000,68.40000,104.10000,0.58991,403.45438
2025-06-21 05:33:58+07:00,6419,24.20000,87.80000,70.20000,101.10000,0.58131,403.48303
2025-06-21 05:34:47+07:00,6420,24.20000,87.60000,72.20000,107.40000,0.66225,403.53363
2025-06-21 05:35:37+07:00,6421,24.20000,87.50000,69.40000,97.00000,0.64726,403.52637
2025-06-21 05:36:26+07:00,6422,24.30000,87.20000,70.90000,105.50000,0.59511,403.39767
2025-06-21 05:37:15+07:00,6423,24.30000,86.90000,68.30000,99.40000,0.59685,403.39062
2025-06-21 05:38:05+07:00,6424,24.40000,86.60000,67.50000,94.20000,0.62707,403.34171
2025-06-21 05:38:54+07:00,6425,24.30000,86.60000,66.50000,98.40000,0.62889,403.46869
2025-06-21 05:39:44+07:00,6426,24.40000,86.60000,68.20000,99.70000,0.60210,403.46152
2025-06-21 05:40:33+07:00,6427,24.40000,86.60000,66.80000,96.80000,0.58474,403.40472
2025-06-21 05:41:22+07:00,6428,24.30000,86.60000,68.00000,102.40000,0.59337,403.44012
2025-06-21 05:42:12+07:00,6429,24.30000,86.50000,71.70000,105.00000,0.55777,403.49023
2025-06-21 05:43:02+07:00,6430,24.40000,86.40000,81.00000,117.30000,0.58646,403.41177
2025-06-21 05:43:51+07:00,6431,24.40000,86.30000,78.20000,114.70000,0.61806,403.39767
2025-06-21 05:44:40+07:00,6432,24.40000,86.30000,79.20000,114.80000,0.60386,403.47586
2025-06-21 05:45:30+07:00,6433,24.40000,86.40000,75.30000,112.60000,0.60210,403.39062
2025-06-21 05:46:19+07:00,6434,24.40000,86.30000,73.80000,108.60000,0.56777,403.47586
2025-06-21 05:47:08+07:00,6435,24.30000,86.60000,72.80000,106.10000,0.57282,403.47586
2025-06-21 05:47:58+07:00,6436,24.30000,86.70000,70.20000,107.90000,0.58302,403.43304
2025-06-21 05:48:47+07:00,6437,24.30000,86.70000,73.10000,106.90000,0.60210,403.40472
2025-06-21 05:49:36+07:00,6438,24.30000,86.70000,65.30000,99.40000,0.56609,403.47586
2025-06-21 05:50:26+07:00,6439,24.30000,86.80000,67.80000,102.00000,0.57282,403.50464
2025-06-21 05:51:15+07:00,6440,24.30000,86.70000,71.00000,101.90000,0.57113,403.43304
2025-06-21 05:52:05+07:00,6441,24.30000,86.70000,72.80000,109.80000,0.58818,403.49023
2025-06-21 05:52:54+07:00,6442,24.40000,86.60000,71.60000,106.30000,0.60386,403.42593
2025-06-21 05:53:44+07:00,6443,24.40000,86.60000,74.00000,107.90000,0.58991,403.44727
2025-06-21 05:54:33+07:00,6444,24.40000,86.80000,74.60000,112.30000,0.58474,403.46152
2025-06-21 05:55:23+07:00,6445,24.30000,86.90000,74.40000,103.00000,0.60915,403.51910
2025-06-21 05:56:13+07:00,6446,24.30000,86.90000,83.00000,118.40000,0.55777,403.41177
2025-06-21 05:57:02+07:00,6447,24.30000,87.00000,87.90000,123.10000,0.58991,403.46869
2025-06-21 05:57:51+07:00,6448,24.30000,87.20000,106.50000,140.80000,0.60210,403.40472
2025-06-21 05:58:41+07:00,6449,24.20000,87.30000,105.30000,137.70000,0.59685,403.51187
2025-06-21 05:59:30+07:00,6450,24.20000,87.60000,112.50000,149.60001,0.60386,403.49744
2025-06-21 06:00:20+07:00,6451,24.20000,87.60000,120.20000,155.89999,0.62346,403.41885
2025-06-21 06:01:09+07:00,6452,24.20000,87.60000,122.90000,167.50000,0.57961,403.57010
2025-06-21 06:01:58+07:00,6453,24.20000,87.80000,118.20000,152.30000,0.58131,403.47586
2025-06-21 06:02:48+07:00,6454,24.10000,87.90000,114.60000,147.30000,0.58991,403.46152
2025-06-21 06:03:37+07:00,6455,24.10000,88.20000,116.60000,150.20000,0.58991,403.60690
2025-06-21 06:04:26+07:00,6456,24.10000,88.30000,123.20000,157.60001,0.59337,403.59952
2025-06-21 06:05:16+07:00,6457,24.10000,88.40000,123.60000,157.80000,0.57113,403.39062
2025-06-21 06:06:05+07:00,6458,24.10000,88.40000,117.30000,153.80000,0.59511,403.44012
2025-06-21 06:06:55+07:00,6459,24.20000,88.30000,120.20000,157.89999,0.58474,403.44727
2025-06-21 06:07:44+07:00,6460,24.10000,88.20000,121.50000,153.39999,0.60386,403.46869
2025-06-21 06:08:34+07:00,6461,24.10000,88.20000,117.50000,155.80000,0.61093,403.46152
2025-06-21 06:09:23+07:00,6462,24.10000,88.20000,116.00000,151.50000,0.60915,403.39062
2025-06-21 06:10:13+07:00,6463,24.10000,88.30000,107.60000,136.20000,0.59337,403.48303
2025-06-21 06:11:02+07:00,6464,24.10000,88.40000,94.70000,126.50000,0.59511,403.40472
2025-06-21 06:11:51+07:00,6465,24.10000,88.50000,95.00000,131.10001,0.59511,403.43304
2025-06-21 06:12:41+07:00,6466,24.10000,88.40000,90.40000,120.00000,0.60562,403.44727
2025-06-21 06:13:30+07:00,6467,24.10000,88.30000,93.90000,126.70000,0.58474,403.66641
2025-06-21 06:14:20+07:00,6468,24.10000,88.30000,92.80000,131.30000,0.58991,403.44727
2025-06-21 06:15:09+07:00,6469,24.20000,88.00000,91.30000,124.00000,0.57621,403.48303
2025-06-21 06:15:58+07:00,6470,24.20000,87.80000,87.10000,116.70000,0.57451,403.46152
2025-06-21 06:16:48+07:00,6471,24.20000,87.90000,87.00000,116.40000,0.60210,403.53363
2025-06-21 06:17:37+07:00,6472,24.20000,88.10000,89.10000,118.40000,0.59860,403.53363
2025-06-21 06:18:27+07:00,6473,24.20000,88.20000,84.60000,116.20000,0.61986,403.41177
2025-06-21 06:19:16+07:00,6474,24.20000,88.20000,84.00000,118.10000,0.59164,403.44012
2025-06-21 06:20:05+07:00,6475,24.20000,88.00000,87.10000,121.70000,0.61271,403.28647
2025-06-21 06:20:55+07:00,6476,24.20000,88.00000,86.10000,119.20000,0.62166,403.20499
2025-06-21 06:21:44+07:00,6477,24.10000,88.10000,87.90000,117.00000,0.60386,403.38361
2025-06-21 06:22:33+07:00,6478,24.10000,88.30000,87.10000,125.10000,0.58474,403.37659
2025-06-21 06:23:23+07:00,6479,24.10000,88.40000,88.70000,124.20000,0.59337,403.40472
2025-06-21 06:24:17+07:00,6480,24.10000,88.40000,85.00000,117.50000,0.60210,403.45438
2025-06-21 06:25:07+07:00,6481,24.10000,88.30000,87.90000,117.10000,0.57961,403.39062
2025-06-21 06:25:57+07:00,6482,24.20000,87.90000,86.90000,119.60000,0.56276,403.39062
2025-06-21 06:26:47+07:00,6483,24.30000,87.60000,89.10000,126.10000,0.58646,403.31400
2025-06-21 06:27:37+07:00,6484,24.30000,87.40000,86.40000,115.70000,0.60035,403.44727
2025-06-21 06:28:30+07:00,6485,24.30000,87.20000,87.40000,120.90000,0.59511,403.33475
2025-06-21 06:29:20+07:00,6486,24.40000,87.20000,88.20000,118.50000,0.61806,403.59213
2025-06-21 06:30:13+07:00,6487,24.40000,87.30000,89.80000,116.50000,0.60210,403.41177
2025-06-21 06:31:06+07:00,6488,24.40000,87.30000,83.40000,111.30000,0.55943,403.39767
2025-06-21 06:31:59+07:00,6489,24.40000,87.00000,84.20000,106.70000,0.56109,403.34866
2025-06-21 06:32:48+07:00,6490,24.40000,86.90000,81.70000,108.00000,0.57791,403.46152
2025-06-21 06:33:38+07:00,6491,24.30000,87.00000,79.60000,103.90000,0.59337,403.35562
2025-06-21 06:34:28+07:00,6492,24.30000,87.00000,77.00000,105.10000,0.56609,403.34866
2025-06-21 06:35:18+07:00,6493,24.30000,87.00000,75.80000,101.20000,0.56442,403.29333
2025-06-21 06:36:08+07:00,6494,24.30000,86.80000,76.40000,98.90000,0.56777,403.34171
2025-06-21 06:36:58+07:00,6495,24.40000,86.70000,74.10000,100.60000,0.56609,403.39767
2025-06-21 06:37:49+07:00,6496,24.40000,86.60000,74.90000,99.80000,0.57451,403.30710
2025-06-21 06:38:39+07:00,6497,24.40000,86.50000,74.10000,97.70000,0.57282,403.23874
2025-06-21 06:39:29+07:00,6498,24.40000,86.50000,78.70000,102.70000,0.58131,403.30020
2025-06-21 06:40:19+07:00,6499,24.50000,86.30000,83.90000,110.90000,0.56109,403.35562
2025-06-21 06:41:08+07:00,6500,24.40000,86.30000,86.70000,112.40000,0.55283,403.35562
2025-06-21 06:41:57+07:00,6501,24.40000,86.50000,87.60000,110.30000,0.57621,403.40472
2025-06-21 06:42:47+07:00,6502,24.40000,86.40000,89.20000,118.20000,0.57282,403.36960
2025-06-21 06:43:36+07:00,6503,24.50000,86.20000,88.10000,112.00000,0.54142,403.30710
2025-06-21 06:44:26+07:00,6504,24.40000,86.40000,88.30000,108.30000,0.57621,403.27277
2025-06-21 06:45:18+07:00,6505,24.40000,86.30000,87.10000,113.40000,0.56276,403.39767
2025-06-21 06:46:08+07:00,6506,24.40000,86.30000,87.40000,109.30000,0.61806,403.20499
2025-06-21 06:46:57+07:00,6507,24.40000,86.50000,87.90000,112.80000,0.56276,403.40472
2025-06-21 06:47:46+07:00,6508,24.40000,86.40000,83.00000,106.40000,0.53819,403.32782
2025-06-21 06:48:36+07:00,6509,24.50000,85.80000,79.80000,101.60000,0.56442,403.41177
2025-06-21 06:49:25+07:00,6510,24.60000,85.10000,71.20000,94.30000,0.57451,403.42593
2025-06-21 06:50:16+07:00,6511,24.70000,85.50000,62.00000,85.30000,0.58474,403.41177
2025-06-21 06:51:06+07:00,6512,24.70000,85.40000,61.70000,80.80000,0.55612,403.44012
2025-06-21 06:51:59+07:00,6513,24.70000,85.10000,59.10000,76.10000,0.56609,403.39767
2025-06-21 06:52:49+07:00,6514,24.60000,85.40000,56.90000,78.80000,0.56276,403.39062
2025-06-21 06:53:39+07:00,6515,24.60000,85.40000,54.80000,79.00000,0.58131,403.45438
2025-06-21 06:54:28+07:00,6516,24.60000,85.20000,56.50000,79.50000,0.57282,403.41177
2025-06-21 06:55:17+07:00,6517,24.60000,85.20000,54.80000,79.00000,0.58131,403.42593
2025-06-21 06:56:07+07:00,6518,24.50000,85.20000,52.70000,72.10000,0.56276,403.56277
2025-06-21 06:56:56+07:00,6519,24.50000,85.30000,53.20000,73.80000,0.56276,403.47586
2025-06-21 06:57:46+07:00,6520,24.60000,85.10000,53.80000,74.80000,0.56945,403.31400
2025-06-21 06:58:35+07:00,6521,24.70000,84.90000,52.50000,70.40000,0.57113,403.34171
2025-06-21 06:59:25+07:00,6522,24.70000,84.70000,55.60000,82.50000,0.57113,403.59952
2025-06-21 07:00:15+07:00,6523,24.80000,84.30000,52.70000,72.50000,0.59860,403.34171
2025-06-21 07:01:04+07:00,6524,24.80000,84.10000,50.40000,66.70000,0.56109,403.40472
2025-06-21 07:01:53+07:00,6525,24.80000,84.00000,51.70000,74.00000,0.54466,403.36261
2025-06-21 07:02:43+07:00,6526,24.90000,83.60000,49.70000,65.90000,0.55447,403.30020
2025-06-21 07:03:32+07:00,6527,24.90000,83.30000,51.60000,72.70000,0.57113,403.29333
2025-06-21 07:04:22+07:00,6528,24.90000,83.30000,48.30000,67.90000,0.56609,403.29333
2025-06-21 07:05:11+07:00,6529,24.90000,83.00000,48.70000,65.80000,0.55612,403.29333
2025-06-21 07:06:03+07:00,6530,24.90000,83.00000,50.20000,67.40000,0.55119,403.32782
2025-06-21 07:06:53+07:00,6531,24.90000,82.90000,52.00000,69.80000,0.53338,403.21170
2025-06-21 07:07:42+07:00,6532,24.90000,82.60000,50.20000,70.50000,0.56109,403.24551
2025-06-21 07:08:32+07:00,6533,25.00000,82.50000,49.50000,67.80000,0.53658,403.19156
2025-06-21 07:09:21+07:00,6534,25.00000,82.40000,54.50000,74.40000,0.58302,403.24551
2025-06-21 07:10:10+07:00,6535,25.10000,82.00000,56.70000,78.20000,0.55119,403.22519
2025-06-21 07:11:00+07:00,6536,25.10000,81.60000,55.20000,71.70000,0.55612,403.32089
2025-06-21 07:11:49+07:00,6537,25.10000,81.60000,55.70000,75.30000,0.52228,403.28647
2025-06-21 07:12:39+07:00,6538,25.10000,81.50000,55.00000,72.60000,0.53658,403.36960
2025-06-21 07:13:28+07:00,6539,25.10000,81.80000,54.40000,71.40000,0.55777,403.34866
2025-06-21 07:14:20+07:00,6540,25.00000,82.20000,52.50000,68.20000,0.55119,403.36261
2025-06-21 07:15:10+07:00,6541,25.00000,82.40000,54.40000,71.40000,0.56109,403.36261
2025-06-21 07:15:59+07:00,6542,25.10000,82.00000,54.60000,73.70000,0.58131,403.41177
2025-06-21 07:16:49+07:00,6543,25.10000,81.50000,53.50000,68.40000,0.58131,403.39062
2025-06-21 07:17:39+07:00,6544,25.20000,81.30000,53.30000,72.90000,0.54792,403.25232
2025-06-21 07:18:28+07:00,6545,25.20000,81.40000,52.90000,70.40000,0.55943,403.15155
2025-06-21 07:19:18+07:00,6546,25.10000,81.90000,53.60000,67.60000,0.51915,403.36261
2025-06-21 07:20:07+07:00,6547,25.10000,82.00000,57.90000,77.30000,0.55447,403.24551
2025-06-21 07:20:57+07:00,6548,25.20000,82.00000,58.20000,75.80000,0.57961,403.41177
2025-06-21 07:21:46+07:00,6549,25.20000,82.00000,59.40000,78.60000,0.56609,403.42593
2025-06-21 07:22:35+07:00,6550,25.20000,81.90000,58.30000,78.90000,0.56276,403.21170
2025-06-21 07:23:25+07:00,6551,25.20000,81.90000,58.40000,76.50000,0.53658,403.39062
2025-06-21 07:24:14+07:00,6552,25.20000,81.60000,60.30000,76.90000,0.56609,403.38361
2025-06-21 07:25:04+07:00,6553,25.20000,81.50000,60.40000,78.00000,0.56945,403.43304
2025-06-21 07:25:53+07:00,6554,25.20000,81.20000,61.50000,78.30000,0.55119,403.39767
2025-06-21 07:26:43+07:00,6555,25.30000,81.00000,66.70000,84.90000,0.57113,403.42593
2025-06-21 07:27:32+07:00,6556,25.40000,81.20000,67.50000,93.40000,0.54142,403.40472
2025-06-21 07:28:22+07:00,6557,25.40000,81.40000,69.70000,94.10000,0.56777,403.42593
2025-06-21 07:29:11+07:00,6558,25.30000,81.60000,67.60000,87.20000,0.57621,403.49744
2025-06-21 07:30:00+07:00,6559,25.20000,81.80000,72.30000,96.00000,0.54955,403.46152
2025-06-21 07:30:53+07:00,6560,25.20000,82.00000,71.70000,90.80000,0.58991,403.58478
2025-06-21 07:31:43+07:00,6561,25.20000,82.20000,69.20000,91.30000,0.57961,403.54089
2025-06-21 07:33:24+07:00,6562,25.20000,82.40000,75.00000,101.60000,0.58131,403.65146
2025-06-21 07:34:14+07:00,6563,25.10000,82.30000,76.50000,103.60000,0.50215,403.54819
2025-06-21 07:35:03+07:00,6564,25.20000,82.20000,79.00000,106.30000,0.57282,403.57745
2025-06-21 07:35:53+07:00,6565,25.30000,82.00000,81.80000,109.90000,0.58131,403.62912
2025-06-21 07:36:43+07:00,6566,25.20000,82.20000,76.00000,99.80000,0.58474,403.61429
2025-06-21 07:37:32+07:00,6567,25.20000,82.20000,79.10000,109.60000,0.57791,403.63657
2025-06-21 07:38:21+07:00,6568,25.40000,81.90000,80.50000,114.00000,0.58818,403.50464
2025-06-21 07:39:11+07:00,6569,25.50000,81.80000,81.10000,107.70000,0.60210,403.59952
2025-06-21 07:40:00+07:00,6570,25.50000,81.70000,84.50000,116.90000,0.58991,403.51187
2025-06-21 07:40:50+07:00,6571,25.40000,81.80000,87.50000,114.90000,0.60562,403.62912
2025-06-21 07:41:39+07:00,6572,25.50000,81.80000,87.90000,119.60000,0.61093,403.65894
2025-06-21 07:42:29+07:00,6573,25.50000,81.90000,90.30000,122.60000,0.62707,403.58478
2025-06-21 07:43:18+07:00,6574,25.40000,82.20000,89.50000,119.00000,0.63071,403.68890
2025-06-21 07:44:07+07:00,6575,25.40000,82.10000,87.60000,114.00000,0.60210,403.83411
2025-06-21 07:44:59+07:00,6576,25.40000,82.20000,85.40000,114.30000,0.61449,403.70398
2025-06-21 07:45:49+07:00,6577,25.50000,81.60000,93.80000,121.60000,0.65472,403.69644
2025-06-21 07:46:41+07:00,6578,25.40000,82.10000,88.60000,118.20000,0.63802,403.83411
2025-06-21 07:47:30+07:00,6579,25.40000,82.40000,86.60000,111.60000,0.57791,404.00793
2025-06-21 07:48:20+07:00,6580,25.40000,82.40000,90.00000,120.50000,0.58818,403.76477
2025-06-21 07:49:09+07:00,6581,25.40000,82.30000,88.20000,117.70000,0.62526,403.72668
2025-06-21 07:49:59+07:00,6582,25.30000,82.50000,90.50000,115.90000,0.61449,403.73428
2025-06-21 07:50:48+07:00,6583,25.20000,82.80000,90.10000,114.40000,0.61986,403.69644
2025-06-21 07:51:37+07:00,6584,25.20000,82.90000,86.60000,114.70000,0.59337,403.74951
2025-06-21 07:52:28+07:00,6585,25.10000,83.10000,86.50000,112.30000,0.60210,403.65894
2025-06-21 07:53:17+07:00,6586,25.00000,83.40000,87.50000,117.90000,0.61093,403.78009
2025-06-21 07:54:06+07:00,6587,25.10000,82.90000,84.60000,106.20000,0.59685,403.78009
2025-06-21 07:55:01+07:00,6588,25.20000,82.80000,87.10000,113.10000,0.60915,403.70398
2025-06-21 07:57:44+07:00,6589,25.30000,82.70000,87.40000,113.90000,0.60210,403.68140
2025-06-21 07:58:34+07:00,6590,25.30000,82.70000,87.50000,115.30000,0.54955,403.57745
2025-06-21 07:59:23+07:00,6591,25.40000,82.50000,92.90000,120.50000,0.60386,403.68140
2025-06-21 08:00:12+07:00,6592,25.40000,82.50000,90.60000,119.20000,0.65098,403.81088
2025-06-21 08:01:02+07:00,6593,25.50000,82.00000,94.00000,117.90000,0.59685,403.67389
2025-06-21 08:01:51+07:00,6594,25.50000,82.30000,94.00000,120.00000,0.64911,403.92816
2025-06-21 08:02:41+07:00,6595,25.50000,82.30000,90.20000,124.40000,0.60210,403.68890
2025-06-21 08:03:30+07:00,6596,25.60000,82.10000,95.40000,124.40000,0.66036,403.76477
2025-06-21 08:04:20+07:00,6597,25.50000,82.00000,94.40000,122.30000,0.59337,403.73428
2025-06-21 08:05:09+07:00,6598,25.60000,81.80000,95.20000,124.00000,0.55283,403.74951
2025-06-21 08:05:59+07:00,6599,25.70000,81.70000,99.90000,129.60001,0.60562,403.74951
2025-06-21 08:06:48+07:00,6600,25.60000,82.00000,97.60000,129.89999,0.61806,403.85745
2025-06-21 08:07:37+07:00,6601,25.60000,82.00000,96.70000,129.00000,0.58818,403.74188
2025-06-21 08:08:28+07:00,6602,25.50000,82.10000,97.50000,126.90000,0.60210,403.83411
2025-06-21 08:09:18+07:00,6603,25.50000,82.30000,95.40000,123.30000,0.59685,403.84967
2025-06-21 08:10:07+07:00,6604,25.40000,82.40000,97.90000,121.20000,0.59164,403.80316
2025-06-21 08:10:58+07:00,6605,25.40000,82.40000,98.70000,125.50000,0.59685,403.87308
2025-06-21 08:11:47+07:00,6606,25.40000,82.70000,93.80000,123.50000,0.60562,403.81088
2025-06-21 08:12:37+07:00,6607,25.40000,82.80000,93.90000,122.60000,0.60386,403.74951
2025-06-21 08:13:29+07:00,6608,25.50000,82.90000,95.10000,121.30000,0.65098,403.88092
2025-06-21 08:14:18+07:00,6609,25.40000,82.90000,93.80000,122.50000,0.60915,403.55548
2025-06-21 08:15:08+07:00,6610,25.50000,82.70000,91.80000,119.70000,0.61806,403.80316
2025-06-21 08:15:58+07:00,6611,25.60000,82.50000,90.40000,117.40000,0.60562,403.66641
2025-06-21 08:16:47+07:00,6612,25.50000,82.60000,88.50000,115.80000,0.62889,403.84967
2025-06-21 08:17:38+07:00,6613,25.60000,82.50000,91.50000,118.10000,0.60210,403.70398
2025-06-21 08:19:19+07:00,6614,25.60000,82.20000,85.00000,111.70000,0.62526,403.81860
2025-06-21 08:20:09+07:00,6615,25.70000,82.00000,86.90000,114.00000,0.61986,403.79547
2025-06-21 08:21:00+07:00,6616,25.70000,82.10000,87.50000,114.00000,0.58991,403.81860
2025-06-21 08:21:49+07:00,6617,25.70000,82.00000,88.50000,116.60000,0.63619,403.84189
2025-06-21 08:22:39+07:00,6618,25.70000,82.20000,86.70000,118.40000,0.60915,403.65146
2025-06-21 08:23:28+07:00,6619,25.60000,82.30000,85.70000,118.70000,0.60386,403.64401
2025-06-21 08:24:18+07:00,6620,25.60000,82.40000,84.90000,116.50000,0.61093,403.52637
2025-06-21 08:25:08+07:00,6621,25.50000,82.30000,86.30000,113.80000,0.62166,403.78778
2025-06-21 08:25:57+07:00,6622,25.60000,82.30000,88.90000,116.80000,0.55283,403.69644
2025-06-21 08:26:47+07:00,6623,25.70000,82.20000,89.00000,117.10000,0.59511,403.74951
2025-06-21 08:27:36+07:00,6624,25.70000,82.30000,82.30000,109.00000,0.60562,403.80316
2025-06-21 08:28:26+07:00,6625,25.80000,81.90000,85.40000,111.30000,0.60386,403.70398
2025-06-21 08:29:16+07:00,6626,25.90000,81.70000,85.30000,109.20000,0.60738,403.66641
2025-06-21 08:30:10+07:00,6627,26.00000,81.40000,85.50000,107.20000,0.61627,403.74951
2025-06-21 08:31:01+07:00,6628,26.00000,81.30000,88.70000,115.40000,0.58646,403.72668
2025-06-21 08:31:51+07:00,6629,26.00000,81.40000,87.20000,117.70000,0.58646,403.69644
2025-06-21 08:32:41+07:00,6630,26.00000,81.30000,87.00000,122.20000,0.60210,403.63657
2025-06-21 08:33:37+07:00,6631,26.10000,81.20000,88.90000,118.50000,0.59860,403.70398
2025-06-21 08:34:27+07:00,6632,26.00000,81.40000,87.00000,114.60000,0.60035,403.77243
2025-06-21 08:35:18+07:00,6633,26.10000,81.40000,85.60000,110.30000,0.61806,403.83411
2025-06-21 08:36:08+07:00,6634,26.20000,81.00000,90.80000,116.10000,0.61627,403.81860
2025-06-21 08:36:57+07:00,6635,26.10000,80.90000,90.60000,115.80000,0.65659,403.62912
2025-06-21 08:37:54+07:00,6636,26.20000,81.00000,97.10000,126.70000,0.63071,403.83411
2025-06-21 08:38:43+07:00,6637,26.20000,80.60000,109.10000,138.89999,0.63435,403.74188
2025-06-21 08:39:34+07:00,6638,26.20000,80.90000,111.10000,139.20000,0.61627,403.73428
2025-06-21 08:40:24+07:00,6639,26.30000,80.80000,116.80000,152.80000,0.63435,403.70398
2025-06-21 08:41:13+07:00,6640,26.30000,80.60000,128.60001,179.50000,0.67751,403.77243
2025-06-21 08:42:06+07:00,6641,26.50000,80.30000,126.30000,183.30000,0.66036,403.76477
2025-06-21 08:42:57+07:00,6642,26.40000,80.00000,133.80000,200.30000,0.60210,403.88873
2025-06-21 08:44:47+07:00,6643,26.20000,80.60000,110.40000,152.10001,0.61627,403.78778
2025-06-21 08:45:37+07:00,6644,26.30000,80.70000,102.10000,135.70000,0.62166,403.76477
2025-06-21 08:46:27+07:00,6645,26.30000,80.60000,103.50000,129.39999,0.64170,403.84967
2025-06-21 08:48:10+07:00,6646,26.40000,80.40000,97.50000,125.50000,0.63253,403.77243
2025-06-21 08:49:00+07:00,6647,26.60000,79.70000,100.50000,128.30000,0.59164,403.71912
2025-06-21 08:49:50+07:00,6648,26.60000,79.60000,101.20000,128.20000,0.58474,403.83411
2025-06-21 08:50:40+07:00,6649,26.60000,79.80000,99.50000,127.50000,0.62526,403.71155
2025-06-21 08:51:29+07:00,6650,26.60000,79.90000,106.80000,139.60001,0.61627,403.77243
2025-06-21 08:52:19+07:00,6651,26.50000,80.00000,103.50000,138.00000,0.63986,403.74188
2025-06-21 08:53:09+07:00,6652,26.50000,79.80000,100.40000,136.60001,0.62707,403.75714
2025-06-21 08:53:59+07:00,6653,26.60000,79.90000,97.60000,130.89999,0.62346,403.74188
2025-06-21 08:54:49+07:00,6654,26.50000,79.70000,95.10000,128.00000,0.61986,403.69644
2025-06-21 08:55:38+07:00,6655,26.60000,79.60000,93.50000,125.60000,0.62707,403.77243
2025-06-21 08:56:28+07:00,6656,26.60000,79.30000,96.00000,133.10001,0.60035,403.77243
2025-06-21 08:57:21+07:00,6657,26.60000,79.20000,92.40000,122.30000,0.62166,403.66641
2025-06-21 08:58:11+07:00,6658,26.70000,78.90000,96.50000,129.00000,0.58991,403.70398
2025-06-21 08:59:01+07:00,6659,26.70000,78.80000,94.90000,125.10000,0.57113,403.67389
2025-06-21 08:59:50+07:00,6660,26.80000,79.00000,94.50000,129.20000,0.60915,403.63657
2025-06-21 09:00:40+07:00,6661,26.90000,78.80000,91.40000,121.80000,0.63435,403.57745
2025-06-21 09:01:32+07:00,6662,26.80000,78.90000,93.20000,122.10000,0.58991,403.62170
2025-06-21 09:02:25+07:00,6663,26.90000,78.50000,89.90000,118.00000,0.62526,403.57010
2025-06-21 09:03:17+07:00,6664,26.90000,78.40000,91.10000,117.90000,0.57791,403.53363
2025-06-21 09:04:07+07:00,6665,26.80000,78.50000,91.80000,115.70000,0.59164,403.57010
2025-06-21 09:04:58+07:00,6666,26.80000,78.20000,86.30000,112.70000,0.60035,403.56277
2025-06-21 09:05:48+07:00,6667,26.80000,77.80000,86.20000,115.10000,0.61093,403.46869
2025-06-21 09:06:39+07:00,6668,26.80000,78.10000,80.70000,106.70000,0.59337,403.65146
2025-06-21 09:07:30+07:00,6669,27.00000,77.40000,90.80000,118.20000,0.60915,403.54819
2025-06-21 09:08:19+07:00,6670,27.10000,77.50000,87.40000,119.70000,0.60738,403.50464
2025-06-21 09:09:09+07:00,6671,27.10000,77.60000,89.20000,117.80000,0.58646,403.63657
2025-06-21 09:09:59+07:00,6672,27.10000,77.40000,89.80000,117.00000,0.58818,403.59213
2025-06-21 09:10:48+07:00,6673,27.00000,77.30000,84.00000,107.90000,0.58302,403.51187
2025-06-21 09:11:38+07:00,6674,27.10000,77.40000,81.20000,104.10000,0.60035,403.46152
2025-06-21 09:12:27+07:00,6675,27.10000,77.00000,79.00000,102.70000,0.57621,403.52637
2025-06-21 09:14:10+07:00,6676,27.20000,76.50000,84.40000,109.60000,0.56276,403.41885
2025-06-21 09:15:02+07:00,6677,27.20000,76.30000,81.70000,109.00000,0.58991,403.49023
2025-06-21 09:15:52+07:00,6678,27.20000,75.20000,83.40000,108.50000,0.58474,403.49744
2025-06-21 09:16:41+07:00,6679,27.30000,75.90000,77.70000,99.30000,0.58646,403.36960
2025-06-21 09:18:25+07:00,6680,27.40000,74.90000,86.80000,119.80000,0.55119,403.48303
2025-06-21 09:19:19+07:00,6681,27.40000,75.80000,84.60000,110.70000,0.57791,403.49744
2025-06-21 09:20:13+07:00,6682,27.30000,76.20000,87.10000,112.90000,0.54142,403.39062
2025-06-21 09:21:02+07:00,6683,27.30000,76.40000,92.40000,118.70000,0.58302,403.29333
2025-06-21 09:21:53+07:00,6684,27.30000,76.60000,86.80000,114.10000,0.57791,403.43304
2025-06-21 09:22:43+07:00,6685,27.40000,76.20000,93.30000,122.70000,0.57621,403.50464
2025-06-21 09:23:33+07:00,6686,27.30000,76.40000,91.40000,115.40000,0.58302,403.39767
2025-06-21 09:24:23+07:00,6687,27.30000,76.40000,93.80000,123.40000,0.56109,403.32782
2025-06-21 09:25:14+07:00,6688,27.40000,76.40000,88.20000,115.80000,0.58131,403.35562
2025-06-21 09:26:04+07:00,6689,27.50000,76.00000,93.00000,123.80000,0.58131,403.46869
2025-06-21 09:26:55+07:00,6690,27.60000,75.80000,87.60000,115.00000,0.54629,403.35562
2025-06-21 09:27:44+07:00,6691,27.60000,75.20000,88.00000,117.30000,0.53819,403.35562
2025-06-21 09:28:33+07:00,6692,27.50000,75.50000,90.20000,124.20000,0.52544,403.71155
2025-06-21 09:29:31+07:00,6693,27.50000,75.50000,83.20000,113.00000,0.54792,403.44727
2025-06-21 09:30:20+07:00,6694,27.70000,74.70000,87.50000,116.40000,0.57621,403.57010
2025-06-21 09:31:16+07:00,6695,27.80000,74.80000,82.20000,113.00000,0.56109,403.49744
2025-06-21 09:32:05+07:00,6696,27.70000,74.90000,92.40000,121.10000,0.58131,403.51187
2025-06-21 09:32:55+07:00,6697,27.70000,75.30000,87.70000,115.50000,0.53019,403.41885
2025-06-21 09:33:44+07:00,6698,27.70000,75.30000,84.90000,117.90000,0.55777,403.46152
2025-06-21 09:34:34+07:00,6699,27.70000,75.00000,72.50000,95.30000,0.54142,403.34866
2025-06-21 09:35:23+07:00,6700,27.80000,74.40000,76.00000,100.60000,0.53498,403.44727
2025-06-21 09:36:13+07:00,6701,27.80000,74.10000,79.00000,105.50000,0.53178,403.27277
2025-06-21 09:37:03+07:00,6702,27.90000,74.00000,82.00000,110.90000,0.53338,403.36261
2025-06-21 09:37:54+07:00,6703,27.80000,74.10000,78.00000,103.20000,0.50982,403.41885
2025-06-21 09:38:44+07:00,6704,27.80000,74.10000,84.80000,111.60000,0.54955,403.44727
2025-06-21 09:39:33+07:00,6705,27.80000,74.50000,78.20000,100.20000,0.52228,403.36960
2025-06-21 09:40:23+07:00,6706,27.90000,74.30000,74.30000,99.30000,0.56442,403.39062
2025-06-21 09:42:06+07:00,6707,27.80000,74.20000,64.70000,84.40000,0.52228,403.30710
2025-06-21 09:42:59+07:00,6708,28.00000,73.40000,63.90000,83.60000,0.56945,403.34171
2025-06-21 09:43:50+07:00,6709,28.10000,73.60000,61.60000,85.10000,0.55283,403.17819
2025-06-21 09:44:39+07:00,6710,28.10000,72.90000,59.30000,83.60000,0.55943,403.23196
2025-06-21 09:45:29+07:00,6711,28.10000,72.90000,54.10000,71.10000,0.50062,403.47586
2025-06-21 09:47:14+07:00,6712,28.00000,72.40000,56.40000,76.20000,0.55777,403.26593
2025-06-21 09:48:09+07:00,6713,28.00000,72.10000,55.40000,73.20000,0.50215,403.21844
2025-06-21 09:49:04+07:00,6714,28.00000,72.30000,54.70000,72.80000,0.52228,403.11197
2025-06-21 09:49:55+07:00,6715,28.00000,72.30000,51.00000,66.90000,0.53658,403.26593
2025-06-21 09:50:55+07:00,6716,27.90000,71.90000,49.30000,62.10000,0.59337,403.21170
2025-06-21 09:51:45+07:00,6717,27.90000,71.80000,48.90000,63.70000,0.52386,403.07278
2025-06-21 09:52:35+07:00,6718,27.90000,72.00000,48.20000,62.70000,0.50674,403.19156
2025-06-21 09:53:24+07:00,6719,28.00000,71.90000,56.10000,74.20000,0.49910,403.07928
2025-06-21 09:54:14+07:00,6720,28.00000,72.10000,56.00000,76.20000,0.47967,403.23196
2025-06-21 09:55:04+07:00,6721,28.00000,72.00000,51.20000,67.50000,0.52860,403.15155
2025-06-21 09:55:53+07:00,6722,28.00000,72.00000,49.70000,62.70000,0.51758,403.00192
2025-06-21 09:56:43+07:00,6723,28.00000,71.70000,44.80000,57.50000,0.52544,403.05978
2025-06-21 09:57:32+07:00,6724,27.90000,71.50000,42.80000,56.10000,0.52071,403.17819
2025-06-21 09:58:22+07:00,6725,28.00000,71.90000,42.70000,54.20000,0.50674,403.11853
2025-06-21 09:59:13+07:00,6726,28.00000,71.80000,42.50000,52.60000,0.50982,403.01471
2025-06-21 10:00:02+07:00,6727,27.90000,71.40000,40.50000,50.20000,0.53178,403.09232
2025-06-21 10:00:53+07:00,6728,27.90000,71.20000,39.50000,46.00000,0.50215,403.01471
2025-06-21 10:01:43+07:00,6729,28.00000,71.40000,39.30000,49.20000,0.49156,403.13834
2025-06-21 10:02:37+07:00,6730,28.00000,71.10000,38.80000,50.10000,0.47235,403.13171
2025-06-21 10:03:26+07:00,6731,28.00000,71.00000,41.90000,51.20000,0.46800,403.03397
2025-06-21 10:04:19+07:00,6732,28.00000,71.20000,41.50000,52.30000,0.49006,403.03397
2025-06-21 10:05:09+07:00,6733,28.10000,71.00000,52.50000,65.70000,0.49156,403.07928
2025-06-21 10:05:58+07:00,6734,28.00000,70.90000,51.80000,65.70000,0.50368,403.05978
2025-06-21 10:06:48+07:00,6735,28.00000,71.10000,47.30000,59.20000,0.49608,403.04041
2025-06-21 10:07:38+07:00,6736,28.10000,70.90000,43.30000,55.70000,0.51447,403.16486
2025-06-21 10:08:28+07:00,6737,28.20000,70.80000,47.40000,59.90000,0.48707,402.95752
2025-06-21 10:09:24+07:00,6738,28.20000,71.10000,47.20000,58.70000,0.43704,403.09885
2025-06-21 10:10:17+07:00,6739,28.10000,71.40000,49.50000,60.40000,0.50982,403.17151
2025-06-21 10:11:06+07:00,6740,28.00000,71.70000,48.80000,64.60000,0.47967,403.05331
2025-06-21 10:12:00+07:00,6741,28.00000,71.70000,47.30000,64.20000,0.50521,403.00833
2025-06-21 10:12:49+07:00,6742,28.10000,71.50000,54.30000,67.30000,0.48410,403.00833
2025-06-21 10:13:39+07:00,6743,28.10000,71.90000,54.30000,66.80000,0.44951,403.04684
2025-06-21 10:14:30+07:00,6744,28.00000,71.70000,50.10000,64.70000,0.46368,403.06628
2025-06-21 10:15:22+07:00,6745,27.90000,71.70000,49.80000,60.80000,0.47527,402.91989
2025-06-21 10:16:13+07:00,6746,28.00000,72.10000,49.60000,63.40000,0.47381,403.23196
2025-06-21 10:17:03+07:00,6747,28.00000,72.00000,48.20000,62.30000,0.50982,403.04041
2025-06-21 10:17:52+07:00,6748,28.00000,72.40000,49.90000,65.50000,0.48262,403.00833
2025-06-21 10:18:44+07:00,6749,28.20000,72.40000,50.00000,65.50000,0.50062,403.19156
2025-06-21 10:19:33+07:00,6750,28.20000,72.20000,50.60000,63.90000,0.47235,403.17151
2025-06-21 10:20:23+07:00,6751,28.20000,71.50000,48.50000,66.40000,0.47527,403.13834
2025-06-21 10:21:13+07:00,6752,28.20000,71.80000,51.20000,65.40000,0.48856,403.15155
2025-06-21 10:22:04+07:00,6753,28.20000,72.00000,49.20000,64.90000,0.50982,403.19156
2025-06-21 10:23:48+07:00,6754,28.30000,72.10000,49.80000,66.40000,0.46512,403.06628
2025-06-21 10:24:41+07:00,6755,28.30000,71.70000,49.60000,66.50000,0.47673,403.21170
2025-06-21 10:25:30+07:00,6756,28.30000,71.00000,51.70000,66.10000,0.47820,403.23874
2025-06-21 10:26:20+07:00,6757,28.20000,71.80000,52.00000,67.40000,0.49910,403.15155
2025-06-21 10:27:09+07:00,6758,28.20000,72.00000,54.70000,69.40000,0.47527,403.07928
2025-06-21 10:27:58+07:00,6759,28.20000,71.80000,51.80000,66.50000,0.44671,403.23196
2025-06-21 10:28:48+07:00,6760,28.30000,72.00000,49.40000,63.40000,0.50215,403.16486
2025-06-21 10:29:42+07:00,6761,28.30000,71.70000,48.80000,62.40000,0.49608,403.15155
2025-06-21 10:30:31+07:00,6762,28.30000,71.50000,47.70000,60.30000,0.49910,403.17151
2025-06-21 10:31:24+07:00,6763,28.40000,72.00000,47.00000,57.80000,0.49006,403.24551
2025-06-21 10:32:19+07:00,6764,28.40000,71.40000,45.70000,57.60000,0.51447,403.07278
2025-06-21 10:33:12+07:00,6765,28.50000,71.00000,46.90000,61.40000,0.48856,403.34866
2025-06-21 10:34:05+07:00,6766,28.50000,71.10000,49.70000,61.90000,0.53178,402.91367
2025-06-21 10:34:55+07:00,6767,28.60000,70.70000,44.20000,54.40000,0.47673,403.36261
2025-06-21 10:35:44+07:00,6768,28.60000,69.80000,36.10000,43.60000,0.51136,403.30020
2025-06-21 10:36:34+07:00,6769,28.50000,68.80000,30.00000,36.30000,0.50828,403.19156
2025-06-21 10:37:24+07:00,6770,28.50000,68.40000,31.70000,37.80000,0.45939,403.13834
2025-06-21 10:38:13+07:00,6771,28.50000,68.60000,36.40000,45.60000,0.47527,403.19827
2025-06-21 10:39:04+07:00,6772,28.50000,69.30000,33.10000,39.00000,0.50521,403.07278
2025-06-21 10:39:54+07:00,6773,28.60000,69.20000,37.20000,45.90000,0.48856,403.17151
2025-06-21 10:40:46+07:00,6774,28.70000,69.00000,39.20000,47.80000,0.47967,403.16486
2025-06-21 10:41:36+07:00,6775,28.70000,68.90000,40.40000,48.90000,0.51136,403.27277
2025-06-21 10:42:29+07:00,6776,28.70000,69.00000,36.00000,42.00000,0.48707,403.18488
2025-06-21 10:43:18+07:00,6777,28.70000,68.10000,36.50000,44.70000,0.48856,403.09885
2025-06-21 10:44:08+07:00,6778,28.80000,68.10000,30.70000,35.60000,0.47527,403.03397
2025-06-21 10:44:57+07:00,6779,28.90000,68.00000,28.10000,33.40000,0.47527,403.19156
2025-06-21 10:45:51+07:00,6780,28.80000,67.70000,27.80000,31.10000,0.49306,403.02112
2025-06-21 10:46:41+07:00,6781,28.60000,67.10000,25.10000,28.20000,0.47673,403.12512
2025-06-21 10:47:30+07:00,6782,28.60000,67.20000,35.30000,41.30000,0.47820,402.98920
2025-06-21 10:48:24+07:00,6783,28.60000,68.90000,36.20000,43.30000,0.48558,403.03397
2025-06-21 10:49:17+07:00,6784,28.60000,69.10000,36.50000,45.70000,0.48856,403.03397
2025-06-21 10:50:11+07:00,6785,28.50000,69.50000,35.60000,42.80000,0.46800,403.07278
2025-06-21 10:51:00+07:00,6786,28.60000,69.60000,37.30000,44.70000,0.48410,402.98285
2025-06-21 10:51:52+07:00,6787,28.70000,69.60000,38.50000,45.10000,0.48410,402.90744
2025-06-21 10:52:47+07:00,6788,28.70000,69.50000,37.50000,45.30000,0.48114,403.04041
2025-06-21 10:53:37+07:00,6789,28.60000,69.80000,35.70000,41.90000,0.47967,403.04041
2025-06-21 10:54:27+07:00,6790,28.60000,69.90000,33.50000,38.70000,0.45655,403.05978
2025-06-21 10:55:16+07:00,6791,28.70000,69.40000,31.80000,36.50000,0.48707,402.98285
2025-06-21 10:56:07+07:00,6792,28.60000,68.90000,32.90000,37.60000,0.48410,403.07278
2025-06-21 10:56:58+07:00,6793,28.60000,69.60000,35.20000,40.20000,0.46368,402.96384
2025-06-21 10:57:48+07:00,6794,28.70000,69.40000,32.80000,39.30000,0.47381,403.09885
2025-06-21 10:58:39+07:00,6795,28.70000,69.30000,33.50000,39.20000,0.47673,403.04684
2025-06-21 10:59:34+07:00,6796,28.70000,69.60000,33.90000,39.70000,0.44393,403.17151
2025-06-21 11:00:25+07:00,6797,28.70000,69.70000,35.10000,41.00000,0.48558,403.11197
2025-06-21 11:01:20+07:00,6798,28.80000,70.00000,35.10000,43.30000,0.47967,402.89502
2025-06-21 11:02:10+07:00,6799,28.80000,69.60000,37.40000,47.30000,0.48114,403.17819
2025-06-21 11:02:59+07:00,6800,28.70000,69.40000,38.00000,46.50000,0.48856,402.97015
2025-06-21 11:03:49+07:00,6801,28.70000,69.60000,32.70000,38.00000,0.46225,402.98285
2025-06-21 11:04:43+07:00,6802,28.70000,69.70000,34.00000,41.40000,0.46944,403.03397
2025-06-21 11:05:32+07:00,6803,28.70000,69.70000,35.80000,41.20000,0.47673,403.14493
2025-06-21 11:06:22+07:00,6804,28.70000,69.80000,34.20000,40.70000,0.45939,402.97015
2025-06-21 11:07:16+07:00,6805,28.80000,70.00000,36.80000,48.80000,0.48410,403.02112
2025-06-21 11:08:06+07:00,6806,28.90000,69.50000,35.20000,43.90000,0.42483,403.11853
2025-06-21 11:08:56+07:00,6807,29.00000,69.00000,31.40000,38.00000,0.49306,402.98285
2025-06-21 11:09:48+07:00,6808,29.10000,69.10000,30.20000,35.90000,0.47967,403.11853
2025-06-21 11:10:41+07:00,6809,29.00000,69.30000,27.40000,31.10000,0.47967,403.13171
2025-06-21 11:11:31+07:00,6810,29.00000,68.80000,27.10000,31.10000,0.49608,403.11197
2025-06-21 11:12:21+07:00,6811,28.90000,68.30000,30.80000,35.20000,0.52386,403.36960
2025-06-21 11:13:10+07:00,6812,28.90000,68.60000,27.30000,32.40000,0.56609,403.29333
2025-06-21 11:14:03+07:00,6813,28.90000,68.60000,28.20000,31.60000,0.52071,403.37659
2025-06-21 11:14:53+07:00,6814,28.90000,68.80000,27.90000,31.90000,0.52544,403.33475
2025-06-21 11:15:45+07:00,6815,29.00000,68.80000,27.50000,31.80000,0.53019,403.26593
2025-06-21 11:16:35+07:00,6816,29.00000,68.50000,27.70000,34.50000,0.55283,403.37659
2025-06-21 11:17:25+07:00,6817,29.00000,68.70000,27.60000,31.00000,0.51602,403.30020
2025-06-21 11:19:08+07:00,6818,29.20000,68.40000,30.80000,36.60000,0.53819,403.31400
2025-06-21 11:19:58+07:00,6819,29.20000,68.20000,28.70000,32.20000,0.49306,403.19156
2025-06-21 11:20:47+07:00,6820,29.30000,67.90000,27.00000,31.00000,0.49457,403.30020
2025-06-21 11:21:37+07:00,6821,29.20000,67.50000,28.40000,35.30000,0.48114,403.14493
2025-06-21 11:22:26+07:00,6822,29.20000,67.70000,31.40000,37.00000,0.52544,403.20499
2025-06-21 11:23:20+07:00,6823,29.30000,67.70000,27.10000,30.40000,0.50521,403.35562
2025-06-21 11:24:10+07:00,6824,29.30000,67.80000,28.50000,34.40000,0.48410,403.28647
2025-06-21 11:25:00+07:00,6825,29.30000,68.30000,32.50000,38.70000,0.51758,403.10541
2025-06-21 11:25:50+07:00,6826,29.30000,68.10000,31.30000,36.90000,0.49006,403.15820
2025-06-21 11:26:40+07:00,6827,29.40000,67.90000,28.30000,33.10000,0.51291,403.19156
2025-06-21 11:27:30+07:00,6828,29.40000,67.60000,26.60000,33.40000,0.52071,403.34866
2025-06-21 11:28:19+07:00,6829,29.40000,67.10000,29.40000,36.10000,0.47820,403.17151
2025-06-21 11:29:09+07:00,6830,29.30000,66.70000,30.20000,39.20000,0.46800,403.28647
2025-06-21 11:30:01+07:00,6831,29.30000,67.00000,28.70000,34.80000,0.47967,403.22519
2025-06-21 11:30:55+07:00,6832,29.20000,67.40000,29.50000,35.10000,0.50982,403.30020
2025-06-21 11:31:45+07:00,6833,29.30000,67.40000,29.60000,34.50000,0.45513,403.14493
2025-06-21 11:32:42+07:00,6834,29.30000,68.00000,28.20000,36.80000,0.49759,402.97650
2025-06-21 11:33:32+07:00,6835,29.30000,67.70000,27.60000,31.10000,0.44811,402.97015
2025-06-21 11:34:21+07:00,6836,29.30000,67.70000,28.00000,36.00000,0.49156,403.06628
2025-06-21 11:35:10+07:00,6837,29.40000,67.50000,27.80000,33.70000,0.44116,403.10541
2025-06-21 11:36:00+07:00,6838,29.40000,67.40000,27.70000,33.30000,0.45797,402.98920
2025-06-21 11:36:52+07:00,6839,29.20000,67.40000,26.60000,31.40000,0.47967,403.05331
2025-06-21 11:37:42+07:00,6840,29.10000,67.00000,24.00000,27.80000,0.47673,403.04684
2025-06-21 11:38:32+07:00,6841,29.10000,67.00000,22.80000,27.10000,0.44116,402.99554
2025-06-21 11:39:26+07:00,6842,29.00000,66.30000,22.50000,25.70000,0.45939,403.02753
2025-06-21 11:40:18+07:00,6843,29.10000,65.70000,22.90000,27.10000,0.50215,402.98920
2025-06-21 11:41:07+07:00,6844,29.10000,66.00000,22.60000,25.40000,0.47527,402.97650
2025-06-21 11:41:57+07:00,6845,29.10000,66.50000,22.20000,25.20000,0.48707,403.04041
2025-06-21 11:42:47+07:00,6846,29.10000,66.60000,24.00000,30.20000,0.46512,403.02112
2025-06-21 11:43:37+07:00,6847,29.10000,66.20000,23.30000,26.20000,0.45231,403.11197
2025-06-21 11:44:31+07:00,6848,29.10000,67.20000,25.50000,28.60000,0.47673,402.98285
2025-06-21 11:45:21+07:00,6849,29.10000,66.80000,26.30000,30.90000,0.45655,402.88882
2025-06-21 11:46:11+07:00,6850,29.00000,67.10000,23.40000,26.20000,0.46800,403.00833
2025-06-21 11:47:01+07:00,6851,29.00000,67.40000,25.60000,29.50000,0.43430,403.00192
2025-06-21 11:47:52+07:00,6852,29.00000,67.50000,27.50000,30.90000,0.46082,402.98285
2025-06-21 11:48:46+07:00,6853,29.00000,67.70000,23.40000,29.20000,0.47235,403.13834
2025-06-21 11:49:42+07:00,6854,29.00000,66.30000,24.60000,28.00000,0.47089,402.95123
2025-06-21 11:50:32+07:00,6855,28.90000,65.70000,22.20000,27.20000,0.45655,402.98920
2025-06-21 11:51:22+07:00,6856,28.90000,67.00000,22.30000,27.10000,0.47089,402.90121
2025-06-21 11:52:15+07:00,6857,28.90000,67.10000,23.00000,26.40000,0.46368,402.94495
2025-06-21 11:53:05+07:00,6858,29.00000,66.70000,22.20000,25.70000,0.43704,403.02112
2025-06-21 11:53:55+07:00,6859,28.90000,66.40000,19.80000,24.70000,0.45372,402.97015
2025-06-21 11:54:47+07:00,6860,28.90000,67.30000,22.10000,25.60000,0.44811,403.00833
2025-06-21 11:55:37+07:00,6861,28.90000,66.70000,20.50000,23.00000,0.44951,402.98920
2025-06-21 11:56:27+07:00,6862,28.90000,66.30000,18.90000,21.60000,0.44811,403.00192
2025-06-21 11:57:16+07:00,6863,28.90000,66.00000,23.30000,27.00000,0.45372,402.97650
2025-06-21 11:58:06+07:00,6864,29.00000,67.00000,24.40000,30.20000,0.46512,402.90121
2025-06-21 11:58:56+07:00,6865,28.90000,66.70000,24.70000,28.70000,0.45797,402.87030
2025-06-21 11:59:46+07:00,6866,28.90000,67.50000,26.20000,30.20000,0.47673,403.02753
2025-06-21 12:00:36+07:00,6867,28.90000,68.40000,28.50000,33.00000,0.46368,403.16486
2025-06-21 12:01:26+07:00,6868,28.90000,68.60000,27.80000,33.20000,0.42350,403.06628
2025-06-21 12:02:16+07:00,6869,29.00000,68.10000,26.00000,30.70000,0.45513,403.06628
2025-06-21 12:03:05+07:00,6870,28.90000,68.00000,26.90000,31.60000,0.47381,403.09232
2025-06-21 12:03:56+07:00,6871,28.90000,68.00000,30.90000,35.90000,0.44811,403.11197
2025-06-21 12:04:46+07:00,6872,29.00000,67.50000,45.60000,56.20000,0.43294,403.05331
2025-06-21 12:05:36+07:00,6873,29.10000,67.10000,30.30000,36.10000,0.46082,403.13834
2025-06-21 12:06:25+07:00,6874,29.10000,67.40000,24.60000,28.20000,0.47235,403.15155
2025-06-21 12:07:15+07:00,6875,29.20000,68.20000,26.20000,33.90000,0.46225,403.05978
2025-06-21 12:08:04+07:00,6876,29.20000,68.50000,26.60000,32.00000,0.46368,402.95123
2025-06-21 12:08:54+07:00,6877,29.30000,68.90000,25.10000,29.70000,0.42350,403.09232
2025-06-21 12:09:43+07:00,6878,29.30000,68.40000,25.00000,28.10000,0.46082,403.09232
2025-06-21 12:10:33+07:00,6879,29.30000,67.20000,26.40000,30.00000,0.46368,402.95123
2025-06-21 12:11:23+07:00,6880,29.40000,67.80000,28.10000,32.90000,0.44254,402.97650
2025-06-21 12:12:13+07:00,6881,29.40000,67.90000,26.90000,31.70000,0.46082,403.05331
2025-06-21 12:13:02+07:00,6882,29.40000,67.80000,25.40000,30.50000,0.46225,402.95752
2025-06-21 12:13:52+07:00,6883,29.30000,67.30000,26.10000,30.70000,0.46512,402.99554
2025-06-21 12:14:42+07:00,6884,29.30000,67.60000,26.90000,30.00000,0.44671,402.98285
2025-06-21 12:15:32+07:00,6885,29.30000,67.50000,27.00000,31.60000,0.47820,402.99554
2025-06-21 12:16:21+07:00,6886,29.30000,67.10000,28.00000,32.30000,0.46800,403.00192
2025-06-21 12:17:11+07:00,6887,29.20000,67.50000,27.30000,31.70000,0.43567,402.95123
2025-06-21 12:18:00+07:00,6888,29.20000,68.00000,27.60000,35.40000,0.46225,402.92615
2025-06-21 12:18:50+07:00,6889,29.20000,68.80000,28.20000,32.40000,0.43430,403.04041
2025-06-21 12:19:39+07:00,6890,29.20000,68.90000,27.90000,35.50000,0.46512,402.98285
2025-06-21 12:20:28+07:00,6891,29.30000,69.50000,29.20000,33.90000,0.45091,403.04041
2025-06-21 12:21:19+07:00,6892,29.20000,68.90000,28.40000,36.20000,0.47673,402.93240
2025-06-21 12:22:09+07:00,6893,29.20000,68.60000,28.40000,34.60000,0.44671,403.05978
2025-06-21 12:23:50+07:00,6894,29.10000,69.00000,26.40000,32.90000,0.44116,402.95123
2025-06-21 12:24:40+07:00,6895,29.10000,68.20000,25.70000,33.30000,0.46082,403.06628
2025-06-21 12:25:30+07:00,6896,29.20000,69.00000,26.00000,29.80000,0.44951,403.02753
2025-06-21 12:26:20+07:00,6897,29.20000,69.40000,28.10000,31.70000,0.46800,403.11197
2025-06-21 12:27:10+07:00,6898,29.30000,69.50000,26.70000,32.90000,0.45655,403.03397
2025-06-21 12:28:02+07:00,6899,29.30000,69.40000,24.50000,29.90000,0.41817,403.00192
2025-06-21 12:28:51+07:00,6900,29.20000,68.90000,23.80000,27.50000,0.43430,403.00833
2025-06-21 12:29:41+07:00,6901,29.20000,67.90000,22.50000,25.50000,0.45231,403.05978
2025-06-21 12:30:30+07:00,6902,29.10000,67.80000,23.00000,25.70000,0.43158,403.09232
2025-06-21 12:31:21+07:00,6903,29.10000,67.50000,22.20000,25.20000,0.45513,403.05331
2025-06-21 12:32:11+07:00,6904,29.10000,67.70000,21.70000,24.30000,0.44116,402.96384
2025-06-21 12:33:00+07:00,6905,29.20000,68.20000,22.50000,27.00000,0.48262,402.91367
2025-06-21 12:33:51+07:00,6906,29.20000,67.60000,22.20000,26.20000,0.46944,402.85187
2025-06-21 12:34:42+07:00,6907,29.30000,67.00000,22.90000,26.80000,0.45797,402.95752
2025-06-21 12:35:31+07:00,6908,29.30000,67.50000,21.70000,26.30000,0.45513,403.00833
2025-06-21 12:36:21+07:00,6909,29.40000,67.00000,20.70000,24.60000,0.45231,403.17151
2025-06-21 12:37:16+07:00,6910,29.40000,66.00000,21.20000,24.30000,0.45231,402.97650
2025-06-21 12:38:06+07:00,6911,29.30000,66.90000,20.80000,25.80000,0.40122,402.91989
2025-06-21 12:38:58+07:00,6912,29.30000,67.00000,19.90000,23.50000,0.42083,403.02112
2025-06-21 12:39:51+07:00,6913,29.30000,67.70000,20.20000,23.10000,0.44951,402.98920
2025-06-21 12:40:42+07:00,6914,29.30000,67.10000,20.50000,23.10000,0.46512,403.17151
2025-06-21 12:41:31+07:00,6915,29.30000,66.60000,20.80000,24.20000,0.41685,403.00192
2025-06-21 12:42:21+07:00,6916,29.30000,66.50000,20.70000,25.70000,0.43704,402.98285
2025-06-21 12:43:10+07:00,6917,29.30000,67.10000,20.70000,25.30000,0.42752,402.95123
2025-06-21 12:44:00+07:00,6918,29.20000,66.50000,19.00000,23.20000,0.46800,402.99554
2025-06-21 12:44:50+07:00,6919,29.30000,66.70000,19.10000,21.40000,0.47381,402.87646
2025-06-21 12:45:40+07:00,6920,29.20000,66.60000,19.40000,22.50000,0.43022,402.89502
2025-06-21 12:46:29+07:00,6921,29.30000,67.50000,20.10000,22.60000,0.42083,403.03397
2025-06-21 12:47:20+07:00,6922,29.40000,67.50000,19.00000,21.30000,0.42752,402.97015
2025-06-21 12:48:09+07:00,6923,29.30000,66.10000,18.70000,21.70000,0.41553,402.97015
2025-06-21 12:48:59+07:00,6924,29.30000,65.80000,19.60000,22.20000,0.45091,402.82745
2025-06-21 12:49:48+07:00,6925,29.30000,66.10000,20.40000,22.90000,0.43567,402.93240
2025-06-21 12:50:38+07:00,6926,29.40000,66.30000,19.10000,22.10000,0.39994,402.96384
2025-06-21 12:51:28+07:00,6927,29.40000,66.70000,18.10000,21.50000,0.39738,402.88882
2025-06-21 12:52:17+07:00,6928,29.50000,67.30000,19.80000,22.80000,0.43978,403.12512
2025-06-21 12:53:07+07:00,6929,29.60000,66.60000,19.20000,22.60000,0.43841,402.87030
2025-06-21 12:53:57+07:00,6930,29.60000,66.10000,20.40000,23.00000,0.44671,402.96384
2025-06-21 12:54:47+07:00,6931,29.60000,66.00000,20.70000,25.00000,0.42350,402.83963
2025-06-21 12:55:36+07:00,6932,29.50000,66.40000,22.30000,27.40000,0.41950,402.80927
2025-06-21 12:56:26+07:00,6933,29.40000,67.00000,23.10000,29.30000,0.37010,402.75519
2025-06-21 12:57:15+07:00,6934,29.40000,66.90000,19.60000,23.60000,0.38232,402.85800
2025-06-21 12:58:04+07:00,6935,29.30000,67.10000,19.60000,23.70000,0.42618,402.91367
2025-06-21 12:58:54+07:00,6936,29.30000,67.10000,19.80000,22.40000,0.42350,402.79718
2025-06-21 12:59:43+07:00,6937,29.40000,66.60000,19.20000,22.90000,0.40379,402.95752
2025-06-21 13:00:33+07:00,6938,29.30000,66.30000,18.50000,20.70000,0.41950,402.97650
2025-06-21 13:01:22+07:00,6939,29.20000,66.30000,19.30000,21.70000,0.44393,402.83963
2025-06-21 13:02:12+07:00,6940,29.20000,66.70000,21.10000,23.70000,0.43294,402.96384
2025-06-21 13:03:01+07:00,6941,29.20000,67.30000,24.20000,27.00000,0.42752,402.90121
2025-06-21 13:03:51+07:00,6942,29.20000,67.70000,22.80000,25.70000,0.40250,402.90121
2025-06-21 13:04:40+07:00,6943,29.30000,67.60000,20.50000,23.00000,0.42618,402.98285
2025-06-21 13:05:30+07:00,6944,29.40000,67.40000,21.10000,23.60000,0.40638,402.93866
2025-06-21 13:06:23+07:00,6945,29.40000,67.00000,19.70000,22.60000,0.42216,402.97650
2025-06-21 13:07:12+07:00,6946,29.40000,66.50000,19.00000,21.90000,0.45797,402.87646
2025-06-21 13:08:03+07:00,6947,29.40000,66.20000,21.00000,25.70000,0.44951,402.92615
2025-06-21 13:08:53+07:00,6948,29.20000,66.10000,21.70000,28.60000,0.43704,402.96384
2025-06-21 13:09:43+07:00,6949,29.20000,66.30000,22.70000,26.90000,0.44116,402.98285
2025-06-21 13:10:33+07:00,6950,29.20000,66.50000,22.10000,25.90000,0.41553,402.90121
2025-06-21 13:11:22+07:00,6951,29.20000,67.90000,20.50000,24.70000,0.40638,402.85800
2025-06-21 13:12:12+07:00,6952,29.30000,67.70000,18.40000,23.80000,0.42216,402.92615
2025-06-21 13:13:02+07:00,6953,29.30000,67.50000,19.30000,21.70000,0.43022,402.83356
2025-06-21 13:13:56+07:00,6954,29.30000,66.70000,19.70000,24.20000,0.41421,402.97650
2025-06-21 13:14:45+07:00,6955,29.30000,67.40000,19.60000,22.20000,0.43430,402.94495
2025-06-21 13:15:35+07:00,6956,29.30000,67.20000,19.40000,21.70000,0.43022,402.95752
2025-06-21 13:16:25+07:00,6957,29.30000,67.10000,18.70000,20.80000,0.41950,402.96384
2025-06-21 13:17:14+07:00,6958,29.40000,67.50000,20.70000,23.20000,0.43158,402.82745
2025-06-21 13:18:04+07:00,6959,29.50000,67.80000,20.30000,22.70000,0.44671,403.02753
2025-06-21 13:18:54+07:00,6960,29.50000,67.70000,20.10000,24.60000,0.42350,402.82138
2025-06-21 13:19:43+07:00,6961,29.40000,67.60000,20.20000,22.90000,0.44532,402.99554
2025-06-21 13:20:33+07:00,6962,29.40000,67.70000,19.50000,21.90000,0.43294,403.11197
2025-06-21 13:21:23+07:00,6963,29.40000,67.70000,20.80000,24.20000,0.44671,403.19156
2025-06-21 13:22:13+07:00,6964,29.50000,67.40000,51.40000,67.70000,0.42083,403.17151
2025-06-21 13:23:03+07:00,6965,29.50000,69.40000,60.60000,75.10000,0.44671,403.29333
2025-06-21 13:23:52+07:00,6966,29.40000,70.30000,66.00000,84.40000,0.43294,403.42593
2025-06-21 13:24:42+07:00,6967,29.30000,71.30000,69.90000,93.30000,0.40379,403.26593
2025-06-21 13:25:31+07:00,6968,29.30000,71.70000,71.10000,94.30000,0.44393,403.39767
2025-06-21 13:26:21+07:00,6969,29.20000,72.40000,74.10000,98.70000,0.47967,403.48303
2025-06-21 13:27:12+07:00,6970,29.10000,72.60000,72.20000,94.60000,0.49457,403.44727
2025-06-21 13:28:02+07:00,6971,29.10000,73.10000,74.40000,93.10000,0.48262,403.51910
2025-06-21 13:28:51+07:00,6972,29.10000,72.90000,70.10000,93.20000,0.48856,403.56277
2025-06-21 13:29:41+07:00,6973,29.10000,73.00000,72.00000,96.80000,0.49457,403.46869
2025-06-21 13:30:30+07:00,6974,29.00000,73.30000,74.60000,96.60000,0.48856,403.44012
2025-06-21 13:31:20+07:00,6975,29.00000,73.80000,73.60000,97.00000,0.48707,403.81860
2025-06-21 13:32:09+07:00,6976,29.00000,73.50000,73.80000,96.80000,0.47673,403.50464
2025-06-21 13:33:53+07:00,6977,29.00000,73.80000,74.20000,94.90000,0.49759,403.62170
2025-06-21 13:34:42+07:00,6978,29.00000,74.00000,66.80000,88.90000,0.51447,403.42593
2025-06-21 13:35:32+07:00,6979,28.90000,73.70000,67.20000,88.70000,0.53338,403.44727
2025-06-21 13:36:21+07:00,6980,28.90000,73.70000,65.10000,83.80000,0.46368,403.44727
2025-06-21 13:37:11+07:00,6981,28.90000,73.70000,65.20000,83.00000,0.52386,403.62170
2025-06-21 13:38:00+07:00,6982,28.90000,73.50000,63.00000,83.90000,0.52544,403.57745
2025-06-21 13:38:50+07:00,6983,29.00000,73.50000,63.00000,83.90000,0.50982,403.63657
2025-06-21 13:39:40+07:00,6984,29.00000,73.50000,62.10000,79.60000,0.52228,403.46869
2025-06-21 13:40:30+07:00,6985,29.00000,73.60000,61.20000,79.90000,0.53658,403.46152
2025-06-21 13:42:22+07:00,6986,29.00000,73.40000,62.70000,83.40000,0.54792,403.57745
2025-06-21 13:43:12+07:00,6987,29.00000,73.50000,64.20000,84.80000,0.52860,403.54089
2025-06-21 13:44:02+07:00,6988,29.00000,73.40000,59.90000,76.10000,0.54466,403.69644
2025-06-21 13:44:51+07:00,6989,28.90000,73.30000,58.70000,76.90000,0.53338,403.56277
2025-06-21 13:45:42+07:00,6990,28.90000,72.80000,56.50000,75.00000,0.53819,403.52637
2025-06-21 13:46:32+07:00,6991,28.90000,73.20000,59.10000,77.20000,0.54142,403.41177
2025-06-21 13:47:23+07:00,6992,28.90000,73.30000,56.20000,75.00000,0.53498,403.59213
2025-06-21 13:48:15+07:00,6993,29.00000,73.30000,56.90000,72.10000,0.55612,403.49023
2025-06-21 13:49:05+07:00,6994,29.00000,73.50000,54.40000,74.10000,0.55612,403.51187
2025-06-21 13:49:54+07:00,6995,28.90000,73.40000,54.00000,70.20000,0.55612,403.54819
2025-06-21 13:50:44+07:00,6996,28.80000,74.00000,55.30000,69.80000,0.53498,403.62170
2025-06-21 13:51:34+07:00,6997,28.80000,73.80000,55.60000,68.10000,0.50368,403.57010
2025-06-21 13:52:23+07:00,6998,28.80000,72.70000,57.40000,73.30000,0.55119,403.41177
2025-06-21 13:53:14+07:00,6999,28.60000,73.00000,56.90000,72.90000,0.53819,403.51187
2025-06-21 13:54:04+07:00,7000,28.60000,73.30000,55.30000,69.10000,0.60035,403.36261
2025-06-21 13:54:53+07:00,7001,28.60000,73.80000,55.80000,70.60000,0.48856,403.49744
2025-06-21 13:55:43+07:00,7002,28.70000,73.40000,53.10000,68.20000,0.54955,403.43304
2025-06-21 13:56:34+07:00,7003,28.70000,73.30000,52.70000,67.10000,0.53819,403.41885
2025-06-21 13:57:24+07:00,7004,28.60000,73.30000,51.50000,65.10000,0.55447,403.41885
2025-06-21 13:58:14+07:00,7005,28.60000,73.60000,53.70000,65.40000,0.53980,403.35562
2025-06-21 13:59:03+07:00,7006,28.60000,73.50000,50.60000,61.30000,0.48707,403.53363
2025-06-21 13:59:53+07:00,7007,28.50000,74.10000,50.80000,64.90000,0.50828,403.57745
2025-06-21 14:00:42+07:00,7008,28.50000,74.00000,50.90000,61.00000,0.55447,403.50464
2025-06-21 14:01:32+07:00,7009,28.40000,74.00000,51.10000,62.30000,0.51915,403.51187
2025-06-21 14:02:21+07:00,7010,28.50000,74.20000,51.00000,65.30000,0.48410,403.46152
2025-06-21 14:03:11+07:00,7011,28.40000,74.30000,50.40000,61.00000,0.50828,403.34171
2025-06-21 14:04:53+07:00,7012,28.40000,74.70000,52.10000,61.70000,0.54792,403.51187
2025-06-21 14:05:42+07:00,7013,28.50000,74.60000,55.00000,68.50000,0.54955,403.49023
2025-06-21 14:06:32+07:00,7014,28.40000,74.90000,54.60000,70.80000,0.56609,403.36960
2025-06-21 14:07:21+07:00,7015,28.40000,75.00000,51.80000,67.70000,0.53980,403.52637
2025-06-21 14:08:11+07:00,7016,28.40000,74.50000,49.70000,61.80000,0.53498,403.46152
2025-06-21 14:09:02+07:00,7017,28.40000,74.50000,52.40000,66.00000,0.54629,403.39767
2025-06-21 14:09:56+07:00,7018,28.50000,74.70000,51.80000,65.20000,0.52702,403.50464
2025-06-21 14:10:48+07:00,7019,28.40000,74.90000,54.70000,69.00000,0.52386,403.66641
2025-06-21 14:11:37+07:00,7020,28.40000,75.70000,54.40000,66.90000,0.55943,403.71155
2025-06-21 14:12:27+07:00,7021,28.40000,75.50000,55.00000,68.30000,0.55777,403.67389
2025-06-21 14:13:18+07:00,7022,28.40000,75.90000,51.40000,64.30000,0.53819,403.61429
2025-06-21 14:14:11+07:00,7023,28.30000,75.70000,52.60000,65.50000,0.54466,403.56277
2025-06-21 14:15:05+07:00,7024,28.30000,75.80000,52.50000,66.60000,0.54629,403.54089
2025-06-21 14:15:55+07:00,7025,28.20000,75.80000,52.70000,67.70000,0.56945,403.54089
2025-06-21 14:16:44+07:00,7026,28.20000,75.40000,53.00000,68.30000,0.56442,403.50464
2025-06-21 14:17:34+07:00,7027,28.10000,75.90000,52.90000,66.90000,0.55447,403.44012
2025-06-21 14:18:24+07:00,7028,28.00000,76.20000,54.90000,66.20000,0.51136,403.35562
2025-06-21 14:19:14+07:00,7029,27.90000,76.30000,54.30000,66.30000,0.54955,403.52637
2025-06-21 14:20:03+07:00,7030,27.90000,76.70000,51.30000,64.50000,0.50062,403.41177
2025-06-21 14:20:53+07:00,7031,27.90000,76.40000,53.40000,63.50000,0.52544,403.46869
2025-06-21 14:21:42+07:00,7032,27.90000,76.50000,53.10000,66.40000,0.49156,403.46152
2025-06-21 14:22:34+07:00,7033,27.90000,76.70000,53.50000,66.30000,0.55777,403.40472
2025-06-21 14:23:23+07:00,7034,27.90000,76.90000,52.80000,65.10000,0.50368,403.63657
2025-06-21 14:24:12+07:00,7035,27.90000,77.00000,52.60000,66.70000,0.50215,403.49744
2025-06-21 14:25:02+07:00,7036,27.90000,76.70000,52.00000,66.30000,0.57113,403.57010
2025-06-21 14:25:51+07:00,7037,27.90000,76.70000,53.10000,65.20000,0.53019,403.53363
2025-06-21 14:26:41+07:00,7038,27.90000,76.70000,53.30000,65.50000,0.55119,403.57010
2025-06-21 14:27:30+07:00,7039,27.90000,76.80000,54.90000,71.50000,0.54792,403.57745
2025-06-21 14:28:20+07:00,7040,28.00000,77.20000,57.80000,74.30000,0.54142,403.49023
2025-06-21 14:29:10+07:00,7041,28.10000,77.00000,59.50000,71.00000,0.52544,403.41177
2025-06-21 14:29:59+07:00,7042,28.10000,76.70000,58.00000,74.20000,0.52228,403.62170
2025-06-21 14:30:49+07:00,7043,28.20000,76.60000,56.80000,70.80000,0.55283,403.46152
2025-06-21 14:31:38+07:00,7044,28.20000,76.30000,55.50000,68.20000,0.56609,403.65894
2025-06-21 14:32:28+07:00,7045,28.20000,76.40000,54.70000,66.70000,0.56777,403.67389
2025-06-21 14:33:17+07:00,7046,28.10000,76.70000,54.60000,67.90000,0.55119,403.52637
2025-06-21 14:34:06+07:00,7047,28.10000,76.70000,53.90000,67.30000,0.52860,403.41885
2025-06-21 14:34:56+07:00,7048,28.10000,76.70000,53.80000,64.60000,0.50521,403.55548
2025-06-21 14:35:45+07:00,7049,28.10000,76.80000,54.30000,67.10000,0.48856,403.51187
2025-06-21 14:36:35+07:00,7050,28.10000,76.90000,52.60000,63.20000,0.55943,403.49744
2025-06-21 14:37:24+07:00,7051,28.10000,76.80000,54.20000,67.00000,0.56276,403.46869
2025-06-21 14:38:14+07:00,7052,28.10000,77.10000,53.40000,64.90000,0.53498,403.47586
2025-06-21 14:39:03+07:00,7053,28.10000,77.10000,52.80000,67.90000,0.53658,403.33475
2025-06-21 14:39:52+07:00,7054,28.10000,77.20000,56.60000,70.10000,0.57113,403.41885
2025-06-21 14:40:42+07:00,7055,28.20000,77.20000,57.00000,79.00000,0.56276,403.54819
2025-06-21 14:41:31+07:00,7056,28.20000,77.20000,56.50000,72.00000,0.56777,403.52637
2025-06-21 14:42:21+07:00,7057,28.20000,77.10000,58.70000,74.10000,0.53819,403.63657
2025-06-21 14:43:10+07:00,7058,28.20000,76.70000,61.40000,78.50000,0.54955,403.90448
2025-06-21 14:44:00+07:00,7059,28.20000,76.60000,57.30000,75.20000,0.54142,403.85745
2025-06-21 14:44:49+07:00,7060,28.20000,76.60000,55.20000,77.00000,0.58474,403.70398
2025-06-21 14:45:39+07:00,7061,28.10000,76.60000,56.10000,72.50000,0.56609,403.75714
2025-06-21 14:46:28+07:00,7062,28.10000,76.90000,56.50000,71.00000,0.52386,403.68890
2025-06-21 14:47:18+07:00,7063,28.10000,77.00000,59.60000,76.10000,0.55777,403.72668
2025-06-21 14:48:07+07:00,7064,28.20000,77.30000,59.90000,78.50000,0.57791,403.62170
2025-06-21 14:48:57+07:00,7065,28.20000,77.40000,55.90000,75.10000,0.57451,403.65146
2025-06-21 14:49:46+07:00,7066,28.10000,77.30000,56.90000,74.50000,0.57113,403.51910
2025-06-21 14:50:35+07:00,7067,28.20000,77.30000,58.60000,76.10000,0.56609,403.68890
2025-06-21 14:51:25+07:00,7068,28.20000,77.20000,61.10000,82.70000,0.54792,403.65146
2025-06-21 14:52:14+07:00,7069,28.20000,77.30000,57.30000,72.80000,0.57113,403.41885
2025-06-21 14:53:04+07:00,7070,28.10000,77.20000,58.90000,75.60000,0.57961,403.60690
2025-06-21 14:53:53+07:00,7071,28.20000,77.20000,57.00000,77.20000,0.57961,403.54819
2025-06-21 14:54:43+07:00,7072,28.20000,77.10000,58.90000,74.30000,0.55283,403.53363
2025-06-21 14:55:32+07:00,7073,28.20000,77.30000,58.00000,73.80000,0.57791,403.53363
2025-06-21 14:56:21+07:00,7074,28.10000,77.40000,57.00000,72.80000,0.55119,403.59952
2025-06-21 14:57:11+07:00,7075,28.20000,77.30000,58.40000,77.40000,0.55777,403.47586
2025-06-21 14:58:00+07:00,7076,28.20000,77.30000,59.90000,75.50000,0.56276,403.43304
2025-06-21 14:58:51+07:00,7077,28.20000,77.30000,58.00000,76.60000,0.56276,403.51910
2025-06-21 14:59:40+07:00,7078,28.20000,77.30000,59.70000,73.20000,0.55447,403.39062
2025-06-21 15:00:30+07:00,7079,28.20000,77.30000,58.10000,78.50000,0.55612,403.62170
2025-06-21 15:01:19+07:00,7080,28.30000,77.30000,58.60000,79.70000,0.54792,403.42593
2025-06-21 15:02:13+07:00,7081,28.40000,77.10000,61.00000,78.70000,0.57621,403.63657
2025-06-21 15:03:03+07:00,7082,28.30000,77.20000,57.60000,73.30000,0.53019,403.41177
2025-06-21 15:03:52+07:00,7083,28.20000,77.00000,56.50000,70.80000,0.53019,403.53363
2025-06-21 15:04:42+07:00,7084,28.20000,77.10000,55.90000,70.90000,0.53658,403.48303
2025-06-21 15:05:31+07:00,7085,28.20000,77.10000,57.00000,72.60000,0.52228,403.62170
2025-06-21 15:06:21+07:00,7086,28.20000,77.00000,54.50000,70.50000,0.55612,403.42593
2025-06-21 15:07:11+07:00,7087,28.20000,76.80000,53.90000,72.20000,0.56276,403.44012
2025-06-21 15:08:01+07:00,7088,28.20000,76.70000,53.70000,72.60000,0.56109,403.39767
2025-06-21 15:08:50+07:00,7089,28.20000,76.90000,52.60000,68.50000,0.54466,403.37659
2025-06-21 15:09:40+07:00,7090,28.10000,76.60000,52.40000,66.00000,0.56109,403.37659
2025-06-21 15:10:30+07:00,7091,28.10000,76.50000,51.50000,64.60000,0.49156,403.50464
2025-06-21 15:11:20+07:00,7092,28.20000,76.60000,54.20000,69.00000,0.54792,403.36261
2025-06-21 15:12:09+07:00,7093,28.20000,76.60000,53.70000,81.10000,0.54304,403.44727
2025-06-21 15:12:59+07:00,7094,28.30000,76.30000,52.40000,68.50000,0.54304,403.64401
2025-06-21 15:13:48+07:00,7095,28.20000,76.50000,51.80000,67.00000,0.54955,403.43304
2025-06-21 15:14:37+07:00,7096,28.20000,76.70000,51.60000,63.60000,0.56442,403.51910
2025-06-21 15:15:27+07:00,7097,28.00000,77.00000,50.90000,63.70000,0.55283,403.44727
2025-06-21 15:16:16+07:00,7098,28.00000,77.10000,52.00000,65.70000,0.57282,403.49023
2025-06-21 15:17:06+07:00,7099,28.00000,77.30000,52.00000,68.40000,0.55612,403.41177
2025-06-21 15:17:56+07:00,7100,28.10000,77.20000,55.50000,75.90000,0.55283,403.40472
2025-06-21 15:18:45+07:00,7101,28.20000,77.30000,54.20000,70.80000,0.56609,403.35562
2025-06-21 15:19:34+07:00,7102,28.10000,77.30000,54.10000,69.00000,0.55447,403.33475
2025-06-21 15:20:24+07:00,7103,28.10000,77.40000,56.30000,73.20000,0.52702,403.44012
2025-06-21 15:21:14+07:00,7104,28.00000,77.50000,51.30000,68.60000,0.53658,403.51187
2025-06-21 15:22:03+07:00,7105,28.00000,77.70000,53.50000,70.50000,0.48707,403.36261
2025-06-21 15:22:55+07:00,7106,28.10000,77.50000,50.90000,63.40000,0.57113,403.42593
2025-06-21 15:23:45+07:00,7107,28.10000,77.30000,52.30000,68.20000,0.55283,403.28647
2025-06-21 15:24:38+07:00,7108,28.10000,77.20000,52.50000,68.30000,0.53658,403.48303
2025-06-21 15:25:27+07:00,7109,28.10000,77.30000,52.10000,67.70000,0.54142,403.66641
2025-06-21 15:26:19+07:00,7110,28.20000,77.20000,52.80000,69.30000,0.56945,403.38361
2025-06-21 15:27:08+07:00,7111,28.10000,77.30000,49.70000,62.10000,0.52228,403.55548
2025-06-21 15:28:01+07:00,7112,28.10000,77.10000,47.20000,63.80000,0.53819,403.34866
2025-06-21 15:28:51+07:00,7113,28.10000,76.80000,49.50000,62.90000,0.54466,403.41177
2025-06-21 15:29:40+07:00,7114,28.10000,76.60000,49.60000,67.40000,0.55119,403.41177
2025-06-21 15:30:29+07:00,7115,28.00000,76.80000,48.70000,62.70000,0.54142,403.41177
2025-06-21 15:31:19+07:00,7116,28.00000,76.80000,49.20000,65.30000,0.56609,403.36960
2025-06-21 15:33:00+07:00,7117,28.00000,76.80000,45.70000,60.20000,0.53338,403.43304
2025-06-21 15:33:50+07:00,7118,28.00000,76.30000,47.80000,64.40000,0.53178,403.40472
2025-06-21 15:34:39+07:00,7119,27.90000,76.40000,45.90000,63.00000,0.54142,403.44727
2025-06-21 15:35:29+07:00,7120,28.00000,76.60000,46.30000,60.40000,0.52386,403.26593
2025-06-21 15:36:18+07:00,7121,28.00000,76.80000,47.10000,57.90000,0.51915,403.34866
2025-06-21 15:37:08+07:00,7122,28.00000,76.80000,46.60000,59.30000,0.51136,403.62912
2025-06-21 15:38:01+07:00,7123,28.10000,76.70000,46.70000,62.70000,0.51291,403.41885
2025-06-21 15:38:54+07:00,7124,28.10000,76.40000,44.50000,58.20000,0.53980,403.43304
2025-06-21 15:39:43+07:00,7125,28.20000,76.20000,43.90000,57.80000,0.54792,403.32782
2025-06-21 15:40:33+07:00,7126,28.20000,76.00000,44.60000,57.30000,0.54629,403.43304
2025-06-21 15:41:22+07:00,7127,28.10000,76.00000,46.40000,62.70000,0.50215,403.43304
2025-06-21 15:42:12+07:00,7128,28.10000,76.10000,49.00000,66.70000,0.53980,403.33475
2025-06-21 15:43:01+07:00,7129,28.10000,76.30000,50.40000,64.70000,0.54466,403.30710
2025-06-21 15:43:50+07:00,7130,28.10000,76.30000,50.70000,67.10000,0.50521,403.44012
2025-06-21 15:44:43+07:00,7131,28.20000,76.30000,48.50000,63.00000,0.54304,403.51187
2025-06-21 15:45:33+07:00,7132,28.10000,76.20000,47.90000,57.20000,0.48707,403.29333
2025-06-21 15:46:23+07:00,7133,28.00000,76.40000,47.80000,57.20000,0.50215,403.27277
2025-06-21 15:47:12+07:00,7134,27.90000,76.60000,47.60000,59.60000,0.50368,403.43304
2025-06-21 15:48:02+07:00,7135,27.80000,76.80000,47.30000,57.40000,0.53658,403.37659
2025-06-21 15:48:51+07:00,7136,27.80000,77.00000,49.30000,58.20000,0.50982,403.36261
2025-06-21 15:49:42+07:00,7137,27.80000,77.10000,50.10000,62.00000,0.51136,403.48303
2025-06-21 15:50:31+07:00,7138,27.70000,77.30000,53.20000,66.70000,0.56609,403.51910
2025-06-21 15:51:20+07:00,7139,27.70000,77.60000,53.60000,68.80000,0.55119,403.57745
2025-06-21 15:52:10+07:00,7140,27.80000,77.80000,54.90000,68.70000,0.52702,403.36960
2025-06-21 15:53:00+07:00,7141,27.70000,78.00000,54.10000,67.00000,0.54466,403.43304
2025-06-21 15:53:52+07:00,7142,27.70000,78.20000,54.20000,66.40000,0.55612,403.35562
2025-06-21 15:54:42+07:00,7143,27.80000,78.20000,55.20000,69.00000,0.54466,403.32089
2025-06-21 15:55:36+07:00,7144,27.80000,77.90000,57.30000,70.70000,0.54142,403.41885
2025-06-21 15:56:25+07:00,7145,27.80000,78.00000,60.30000,78.90000,0.51291,403.30020
2025-06-21 15:57:15+07:00,7146,27.80000,78.10000,60.30000,76.00000,0.52860,403.31400
2025-06-21 15:58:04+07:00,7147,27.80000,78.20000,57.40000,73.40000,0.53658,403.36261
2025-06-21 15:58:58+07:00,7148,27.80000,78.10000,57.30000,69.50000,0.53338,403.44727
2025-06-21 15:59:49+07:00,7149,27.90000,77.90000,55.20000,66.90000,0.54304,403.35562
2025-06-21 16:00:39+07:00,7150,27.90000,77.70000,54.90000,68.00000,0.52544,403.38361
2025-06-21 16:01:29+07:00,7151,28.00000,77.60000,56.50000,68.30000,0.53819,403.50464
2025-06-21 16:02:20+07:00,7152,28.00000,77.60000,57.60000,67.80000,0.52702,403.47586
2025-06-21 16:03:13+07:00,7153,28.00000,77.40000,58.30000,72.30000,0.54142,403.41885
2025-06-21 16:04:04+07:00,7154,28.00000,77.30000,59.50000,71.70000,0.51758,403.36261
2025-06-21 16:04:54+07:00,7155,28.00000,77.40000,63.60000,76.00000,0.53980,403.59952
2025-06-21 16:05:43+07:00,7156,28.00000,77.40000,63.20000,74.90000,0.46512,403.48303
2025-06-21 16:06:33+07:00,7157,27.90000,77.70000,61.20000,72.20000,0.52860,403.47586
2025-06-21 16:07:22+07:00,7158,27.80000,77.80000,65.30000,75.50000,0.46512,403.46869
2025-06-21 16:08:15+07:00,7159,27.70000,78.00000,68.20000,79.40000,0.54142,403.45438
2025-06-21 16:09:05+07:00,7160,27.70000,78.30000,64.20000,74.10000,0.50828,403.48303
2025-06-21 16:09:54+07:00,7161,27.70000,78.20000,70.80000,79.80000,0.49156,403.40472
2025-06-21 16:10:48+07:00,7162,27.80000,78.10000,77.70000,90.40000,0.50521,403.46152
2025-06-21 16:11:37+07:00,7163,27.80000,78.10000,73.40000,83.00000,0.53658,403.39062
2025-06-21 16:12:28+07:00,7164,27.80000,78.20000,79.80000,89.60000,0.51915,403.44727
2025-06-21 16:13:18+07:00,7165,27.70000,78.20000,82.80000,93.10000,0.47381,403.49023
2025-06-21 16:14:07+07:00,7166,27.70000,78.30000,68.50000,78.00000,0.46944,403.44727
2025-06-21 16:14:57+07:00,7167,27.70000,78.20000,65.40000,77.80000,0.51602,403.49023
2025-06-21 16:15:47+07:00,7168,27.80000,78.00000,59.80000,71.80000,0.52228,403.46152
2025-06-21 16:16:36+07:00,7169,27.90000,77.80000,58.60000,72.50000,0.52544,403.40472
2025-06-21 16:17:26+07:00,7170,28.00000,77.60000,59.00000,72.60000,0.50982,403.51910
2025-06-21 16:18:15+07:00,7171,27.90000,77.30000,58.50000,68.00000,0.51602,403.62912
2025-06-21 16:19:04+07:00,7172,27.80000,77.80000,60.10000,76.40000,0.47381,403.51910
2025-06-21 16:19:54+07:00,7173,27.70000,77.90000,62.50000,74.40000,0.52228,403.45438
2025-06-21 16:20:45+07:00,7174,27.70000,78.00000,60.80000,74.10000,0.53338,403.49023
2025-06-21 16:21:34+07:00,7175,27.70000,78.00000,58.70000,74.00000,0.55447,403.53363
2025-06-21 16:22:26+07:00,7176,27.70000,78.00000,57.90000,74.50000,0.50828,403.55548
2025-06-21 16:23:25+07:00,7177,27.70000,78.90000,54.80000,78.90000,0.52228,403.33475
2025-06-21 16:24:17+07:00,7178,27.50000,81.00000,47.10000,63.00000,0.53338,403.48303
2025-06-21 16:25:06+07:00,7179,27.30000,80.90000,42.50000,57.50000,0.51291,403.36261
2025-06-21 16:25:56+07:00,7180,27.10000,82.40000,41.20000,57.90000,0.49457,403.22519
2025-06-21 16:26:46+07:00,7181,27.10000,82.70000,42.70000,58.00000,0.51291,403.34171
2025-06-21 16:27:36+07:00,7182,27.20000,82.90000,43.50000,58.20000,0.50674,403.32089
2025-06-21 16:28:26+07:00,7183,27.10000,83.00000,51.70000,71.10000,0.49759,403.20499
2025-06-21 16:29:15+07:00,7184,27.10000,83.40000,52.60000,67.90000,0.49910,403.74188
2025-06-21 16:30:05+07:00,7185,27.20000,82.90000,53.10000,68.10000,0.56777,403.88092
2025-06-21 16:30:54+07:00,7186,27.30000,83.50000,59.40000,76.20000,0.53658,403.74188
2025-06-21 16:31:44+07:00,7187,27.30000,83.80000,61.00000,75.20000,0.52860,403.86526
2025-06-21 16:32:34+07:00,7188,27.40000,83.30000,56.40000,69.90000,0.63802,403.64401
2025-06-21 16:33:23+07:00,7189,27.50000,82.40000,59.10000,75.00000,0.56777,403.78778
2025-06-21 16:34:13+07:00,7190,27.60000,82.10000,64.50000,84.10000,0.56276,403.81860
2025-06-21 16:35:02+07:00,7191,27.50000,81.70000,67.60000,85.70000,0.57961,403.54819
2025-06-21 16:35:52+07:00,7192,27.50000,83.80000,69.20000,93.10000,0.57451,403.67389
2025-06-21 16:36:41+07:00,7193,27.50000,84.10000,68.90000,89.80000,0.56276,403.43304
2025-06-21 16:37:31+07:00,7194,27.40000,85.30000,71.70000,92.10000,0.54142,403.46869
2025-06-21 16:38:20+07:00,7195,27.30000,85.50000,65.40000,86.60000,0.53178,403.48303
2025-06-21 16:39:12+07:00,7196,27.30000,85.20000,68.30000,84.30000,0.55612,403.48303
2025-06-21 16:40:03+07:00,7197,27.30000,85.20000,67.20000,85.00000,0.56945,403.51910
2025-06-21 16:40:52+07:00,7198,27.30000,84.60000,68.70000,88.90000,0.52228,403.48303
2025-06-21 16:41:42+07:00,7199,27.20000,85.70000,65.30000,83.80000,0.55612,403.34866
2025-06-21 16:42:32+07:00,7200,27.20000,84.90000,69.60000,92.60000,0.57113,403.48303
2025-06-21 16:43:22+07:00,7201,27.20000,85.50000,68.90000,91.40000,0.56276,403.49023
2025-06-21 16:44:12+07:00,7202,27.20000,84.80000,67.10000,87.20000,0.55119,403.31400
2025-06-21 16:45:01+07:00,7203,27.20000,85.10000,69.40000,88.20000,0.53819,403.48303
2025-06-21 16:45:50+07:00,7204,27.20000,85.00000,67.70000,85.40000,0.50982,403.41177
2025-06-21 16:46:40+07:00,7205,27.20000,84.40000,68.40000,86.50000,0.52860,403.49023
2025-06-21 16:47:29+07:00,7206,27.20000,84.30000,67.60000,85.30000,0.55283,403.39767
2025-06-21 16:48:19+07:00,7207,27.10000,84.60000,68.20000,86.30000,0.52386,403.41885
2025-06-21 16:49:12+07:00,7208,27.20000,84.40000,69.20000,84.00000,0.55447,403.32089
2025-06-21 16:50:03+07:00,7209,27.20000,84.60000,74.80000,94.50000,0.54466,403.37659
2025-06-21 16:51:49+07:00,7210,27.20000,85.70000,74.50000,93.30000,0.55612,403.42593
2025-06-21 16:52:38+07:00,7211,27.20000,85.20000,70.40000,89.80000,0.54629,403.42593
2025-06-21 16:53:29+07:00,7212,27.20000,85.20000,65.80000,85.80000,0.55283,403.41885
2025-06-21 16:54:19+07:00,7213,27.20000,85.50000,71.30000,93.10000,0.55447,403.41177
2025-06-21 16:55:09+07:00,7214,27.20000,85.90000,72.40000,90.70000,0.59164,403.54819
2025-06-21 16:55:58+07:00,7215,27.10000,85.60000,70.10000,90.00000,0.55447,403.53363
2025-06-21 16:56:48+07:00,7216,27.10000,85.10000,69.30000,89.30000,0.50982,403.50464
2025-06-21 16:57:38+07:00,7217,27.10000,85.80000,69.10000,86.90000,0.51602,403.48303
2025-06-21 16:58:28+07:00,7218,27.00000,86.40000,65.90000,84.10000,0.55283,403.57745
2025-06-21 16:59:19+07:00,7219,27.00000,85.90000,67.90000,87.60000,0.56945,403.59952
2025-06-21 17:00:08+07:00,7220,27.00000,87.10000,68.60000,88.80000,0.55943,403.45438
2025-06-21 17:00:58+07:00,7221,27.00000,86.90000,70.00000,89.90000,0.56109,403.57010
2025-06-21 17:01:48+07:00,7222,26.90000,87.90000,68.10000,84.00000,0.51915,403.52637
2025-06-21 17:02:37+07:00,7223,27.00000,87.20000,67.00000,82.70000,0.56777,403.51187
2025-06-21 17:03:27+07:00,7224,27.10000,86.90000,60.30000,74.50000,0.53658,403.45438
2025-06-21 17:04:17+07:00,7225,27.10000,86.60000,84.80000,107.40000,0.54466,403.56277
2025-06-21 17:05:07+07:00,7226,26.90000,86.50000,94.60000,110.50000,0.53819,403.44012
2025-06-21 17:05:56+07:00,7227,26.90000,86.90000,111.80000,133.70000,0.52228,403.41177
2025-06-21 17:06:46+07:00,7228,26.80000,87.00000,113.30000,140.00000,0.53980,403.49023
2025-06-21 17:07:36+07:00,7229,26.80000,87.20000,103.60000,124.00000,0.55612,403.52637
2025-06-21 17:08:25+07:00,7230,26.70000,87.00000,87.00000,108.50000,0.57961,403.43304
2025-06-21 17:09:15+07:00,7231,26.70000,87.40000,77.30000,93.30000,0.54466,403.42593
2025-06-21 17:10:04+07:00,7232,26.80000,87.30000,71.50000,87.20000,0.54955,403.59213
2025-06-21 17:10:59+07:00,7233,26.80000,87.10000,70.90000,87.90000,0.53980,403.38361
2025-06-21 17:11:48+07:00,7234,26.80000,87.50000,75.30000,91.00000,0.55943,403.46152
2025-06-21 17:12:38+07:00,7235,26.80000,87.70000,75.50000,90.80000,0.54955,403.38361
2025-06-21 17:13:27+07:00,7236,26.80000,87.30000,77.50000,95.70000,0.56109,403.51187
2025-06-21 17:14:17+07:00,7237,26.70000,87.30000,77.50000,93.60000,0.55119,403.34866
2025-06-21 17:15:07+07:00,7238,26.70000,88.10000,74.50000,91.90000,0.57791,403.47586
2025-06-21 17:15:57+07:00,7239,26.90000,86.80000,72.50000,90.50000,0.57451,403.55548
2025-06-21 17:16:46+07:00,7240,27.00000,86.90000,75.50000,91.50000,0.54466,403.53363
2025-06-21 17:17:35+07:00,7241,26.90000,86.90000,72.50000,87.60000,0.56109,403.43304
2025-06-21 17:18:25+07:00,7242,26.80000,86.60000,69.00000,83.30000,0.52386,403.51187
2025-06-21 17:19:14+07:00,7243,26.80000,86.50000,67.80000,84.40000,0.56276,403.41885
2025-06-21 17:20:03+07:00,7244,26.80000,86.80000,68.60000,82.10000,0.54792,403.43304
2025-06-21 17:20:53+07:00,7245,26.80000,86.70000,68.10000,83.20000,0.53980,403.46152
2025-06-21 17:21:42+07:00,7246,26.80000,86.70000,69.40000,80.50000,0.52702,403.46869
2025-06-21 17:22:32+07:00,7247,26.90000,86.30000,68.50000,82.00000,0.53658,403.33475
2025-06-21 17:23:21+07:00,7248,27.00000,85.70000,70.70000,84.40000,0.55119,403.44012
2025-06-21 17:24:11+07:00,7249,27.10000,85.70000,71.20000,82.40000,0.53178,403.46152
2025-06-21 17:25:00+07:00,7250,27.10000,85.10000,69.10000,83.00000,0.54142,403.60690
2025-06-21 17:25:50+07:00,7251,27.10000,84.70000,71.00000,87.40000,0.51136,403.48303
2025-06-21 17:26:40+07:00,7252,27.10000,85.30000,72.20000,86.00000,0.53658,403.63657
2025-06-21 17:27:29+07:00,7253,27.00000,86.20000,71.00000,87.40000,0.57791,403.68890
2025-06-21 17:28:20+07:00,7254,27.00000,87.00000,73.80000,87.60000,0.56609,403.61429
2025-06-21 17:29:10+07:00,7255,27.00000,86.10000,69.30000,82.30000,0.56276,403.81860
2025-06-21 17:29:59+07:00,7256,27.10000,86.40000,71.60000,86.50000,0.60386,403.87308
2025-06-21 17:30:48+07:00,7257,27.10000,86.00000,70.70000,82.90000,0.58991,403.81860
2025-06-21 17:31:38+07:00,7258,27.10000,86.30000,72.10000,86.10000,0.57621,403.80316
2025-06-21 17:32:28+07:00,7259,27.10000,86.40000,71.20000,88.40000,0.58991,403.76477
2025-06-21 17:33:18+07:00,7260,27.00000,86.40000,72.40000,87.50000,0.58991,403.59213
2025-06-21 17:34:07+07:00,7261,27.00000,86.10000,74.40000,88.30000,0.57621,403.74188
2025-06-21 17:34:57+07:00,7262,27.00000,86.10000,71.10000,83.30000,0.58131,403.71912
2025-06-21 17:35:46+07:00,7263,27.00000,86.30000,69.90000,86.30000,0.55943,403.71912
2025-06-21 17:36:36+07:00,7264,26.90000,86.00000,69.60000,84.30000,0.57451,403.62170
2025-06-21 17:37:25+07:00,7265,26.80000,86.70000,71.20000,84.10000,0.56442,403.63657
2025-06-21 17:38:15+07:00,7266,26.80000,86.60000,76.60000,89.80000,0.58474,403.61429
2025-06-21 17:39:05+07:00,7267,26.80000,86.40000,78.10000,91.30000,0.57621,403.49023
2025-06-21 17:39:54+07:00,7268,26.80000,86.50000,83.40000,95.90000,0.53338,403.57745
2025-06-21 17:40:44+07:00,7269,26.80000,87.00000,82.80000,98.30000,0.59337,403.64401
2025-06-21 17:41:33+07:00,7270,26.80000,86.60000,93.30000,114.00000,0.56442,403.81860
2025-06-21 17:42:23+07:00,7271,26.80000,86.30000,102.20000,123.90000,0.56777,403.76477
2025-06-21 17:43:12+07:00,7272,26.70000,86.30000,102.30000,121.10000,0.56609,403.97589
2025-06-21 17:44:01+07:00,7273,26.70000,86.60000,87.70000,102.30000,0.53498,403.79547
2025-06-21 17:44:51+07:00,7274,26.80000,86.20000,88.90000,105.40000,0.58302,403.78778
2025-06-21 17:45:42+07:00,7275,26.80000,86.30000,89.40000,105.80000,0.53819,403.81088
2025-06-21 17:46:33+07:00,7276,26.80000,87.00000,77.80000,95.80000,0.58302,403.79547
2025-06-21 17:47:22+07:00,7277,26.70000,85.40000,73.20000,94.60000,0.59164,403.73428
2025-06-21 17:48:11+07:00,7278,26.80000,84.40000,76.80000,94.30000,0.63986,403.66641
2025-06-21 17:49:01+07:00,7279,26.70000,85.10000,77.10000,92.80000,0.59164,403.59952
2025-06-21 17:49:50+07:00,7280,26.70000,85.50000,83.70000,97.90000,0.54304,403.74951
2025-06-21 17:50:41+07:00,7281,26.70000,85.50000,87.30000,103.40000,0.59860,403.49023
2025-06-21 17:51:32+07:00,7282,26.80000,85.20000,86.10000,101.00000,0.54142,403.44012
2025-06-21 17:52:25+07:00,7283,26.80000,85.20000,82.50000,98.30000,0.58646,403.65146
2025-06-21 17:53:14+07:00,7284,26.80000,85.60000,81.10000,98.50000,0.54792,403.65894
2025-06-21 17:54:08+07:00,7285,26.70000,85.60000,79.60000,97.60000,0.58302,403.54819
2025-06-21 17:54:57+07:00,7286,26.80000,85.60000,75.50000,94.70000,0.60035,403.59213
2025-06-21 17:55:47+07:00,7287,26.90000,85.10000,74.40000,95.90000,0.57961,403.81860
2025-06-21 17:56:40+07:00,7288,26.90000,84.70000,70.10000,88.50000,0.55612,403.67389
2025-06-21 17:57:29+07:00,7289,27.00000,84.20000,70.60000,84.20000,0.58646,403.68890
2025-06-21 17:58:19+07:00,7290,27.00000,84.10000,68.70000,88.90000,0.57791,403.66641
2025-06-21 17:59:12+07:00,7291,26.90000,83.60000,70.10000,89.20000,0.56609,403.68140
2025-06-21 18:00:02+07:00,7292,26.90000,83.30000,70.30000,88.60000,0.57961,403.63657
2025-06-21 18:00:55+07:00,7293,26.80000,83.70000,69.30000,87.40000,0.54629,403.34171
2025-06-21 18:01:49+07:00,7294,26.80000,84.70000,72.80000,90.70000,0.56945,403.44012
2025-06-21 18:02:38+07:00,7295,26.80000,85.00000,73.40000,91.30000,0.57791,403.46869
2025-06-21 18:03:27+07:00,7296,26.80000,85.00000,78.40000,97.10000,0.59164,403.39767
2025-06-21 18:04:17+07:00,7297,26.90000,85.00000,75.40000,93.90000,0.55612,403.65146
2025-06-21 18:05:07+07:00,7298,26.90000,85.10000,74.20000,93.40000,0.57961,403.59952
2025-06-21 18:05:57+07:00,7299,26.90000,85.10000,72.00000,92.20000,0.57961,403.61429
2025-06-21 18:06:47+07:00,7300,26.90000,84.70000,74.60000,96.40000,0.55612,403.73428
2025-06-21 18:07:36+07:00,7301,26.90000,84.50000,70.50000,89.50000,0.57961,403.70398
2025-06-21 18:08:27+07:00,7302,26.90000,84.60000,72.50000,90.80000,0.54629,403.67389
2025-06-21 18:09:16+07:00,7303,26.90000,84.60000,76.00000,95.40000,0.59511,403.59952
2025-06-21 18:10:09+07:00,7304,26.90000,84.90000,78.20000,98.20000,0.59337,403.63657
2025-06-21 18:10:58+07:00,7305,26.90000,85.10000,75.50000,94.80000,0.56945,403.81860
2025-06-21 18:11:48+07:00,7306,26.80000,85.30000,77.20000,100.60000,0.57113,403.66641
2025-06-21 18:12:40+07:00,7307,26.80000,85.70000,78.80000,97.20000,0.58474,403.76477
2025-06-21 18:13:30+07:00,7308,26.70000,85.50000,73.60000,95.30000,0.58474,403.82635
2025-06-21 18:14:20+07:00,7309,26.80000,85.50000,77.20000,99.60000,0.60386,403.64401
2025-06-21 18:15:09+07:00,7310,26.80000,84.90000,77.10000,94.30000,0.58131,403.74188
2025-06-21 18:15:58+07:00,7311,26.90000,85.00000,78.70000,98.20000,0.53658,403.67389
2025-06-21 18:16:48+07:00,7312,26.80000,85.50000,79.80000,102.40000,0.58991,403.74188
2025-06-21 18:17:39+07:00,7313,26.80000,85.40000,81.60000,102.20000,0.57961,403.76477
2025-06-21 18:18:29+07:00,7314,26.90000,86.10000,80.60000,106.60000,0.56109,403.87308
2025-06-21 18:19:19+07:00,7315,26.80000,85.90000,82.80000,104.40000,0.58991,403.84967
2025-06-21 18:20:09+07:00,7316,26.70000,86.30000,80.40000,100.30000,0.59860,403.66641
2025-06-21 18:20:58+07:00,7317,26.70000,85.70000,80.10000,102.70000,0.55612,403.74951
2025-06-21 18:21:48+07:00,7318,26.80000,85.70000,82.00000,103.80000,0.60386,403.76477
2025-06-21 18:22:37+07:00,7319,26.70000,85.80000,79.00000,99.40000,0.55612,403.84189
2025-06-21 18:23:27+07:00,7320,26.70000,85.80000,82.90000,100.90000,0.63253,403.71912
2025-06-21 18:24:16+07:00,7321,26.70000,86.00000,82.00000,101.00000,0.58302,404.04022
2025-06-21 18:25:06+07:00,7322,26.60000,86.20000,79.30000,102.20000,0.63802,403.84189
2025-06-21 18:25:55+07:00,7323,26.70000,85.60000,77.60000,96.10000,0.58991,403.81088
2025-06-21 18:26:44+07:00,7324,26.70000,85.20000,77.20000,92.00000,0.59511,403.75714
2025-06-21 18:27:34+07:00,7325,26.70000,85.20000,76.00000,95.20000,0.58646,403.57010
2025-06-21 18:28:23+07:00,7326,26.70000,85.20000,76.60000,96.20000,0.58991,403.65146
2025-06-21 18:29:12+07:00,7327,26.70000,85.20000,76.50000,96.50000,0.56442,403.70398
2025-06-21 18:30:02+07:00,7328,26.70000,85.40000,78.70000,101.20000,0.58818,403.62170
2025-06-21 18:30:51+07:00,7329,26.60000,86.00000,77.60000,95.70000,0.55119,403.62170
2025-06-21 18:31:41+07:00,7330,26.60000,86.20000,79.30000,100.50000,0.56945,403.68140
2025-06-21 18:32:31+07:00,7331,26.60000,86.60000,78.50000,96.60000,0.57961,403.64401
2025-06-21 18:33:21+07:00,7332,26.60000,86.90000,81.30000,101.20000,0.58474,403.70398
2025-06-21 18:34:10+07:00,7333,26.50000,87.00000,80.00000,98.90000,0.58131,403.50464
2025-06-21 18:35:00+07:00,7334,26.50000,86.90000,79.60000,95.40000,0.58131,403.65894
2025-06-21 18:35:50+07:00,7335,26.50000,86.50000,77.10000,93.90000,0.57961,403.68890
2025-06-21 18:36:40+07:00,7336,26.50000,86.70000,76.70000,95.30000,0.58646,403.59213
2025-06-21 18:37:29+07:00,7337,26.50000,87.00000,81.50000,102.30000,0.53498,403.73428
2025-06-21 18:38:19+07:00,7338,26.50000,87.30000,79.60000,95.40000,0.54466,403.59952
2025-06-21 18:39:08+07:00,7339,26.50000,87.30000,81.30000,98.10000,0.59164,403.62912
2025-06-21 18:39:58+07:00,7340,26.40000,87.20000,79.80000,98.00000,0.55119,403.54819
2025-06-21 18:40:47+07:00,7341,26.50000,87.30000,80.30000,97.10000,0.57451,403.62912
2025-06-21 18:41:37+07:00,7342,26.50000,87.10000,80.90000,100.70000,0.58131,403.58478
2025-06-21 18:42:26+07:00,7343,26.50000,86.60000,76.10000,93.60000,0.54629,403.58478
2025-06-21 18:43:18+07:00,7344,26.50000,86.60000,81.10000,95.70000,0.55447,403.34866
2025-06-21 18:44:10+07:00,7345,26.50000,87.30000,79.90000,95.90000,0.57621,403.54089
2025-06-21 18:45:00+07:00,7346,26.50000,87.00000,76.00000,94.20000,0.56609,403.60690
2025-06-21 18:45:51+07:00,7347,26.50000,87.30000,77.60000,97.30000,0.55447,403.71912
2025-06-21 18:46:44+07:00,7348,26.50000,87.20000,78.90000,96.30000,0.56777,403.69644
2025-06-21 18:47:34+07:00,7349,26.50000,86.70000,76.60000,93.90000,0.56945,403.71912
2025-06-21 18:48:24+07:00,7350,26.60000,86.50000,77.20000,98.20000,0.55447,403.57745
2025-06-21 18:49:13+07:00,7351,26.70000,85.80000,78.40000,94.10000,0.53019,403.62912
2025-06-21 18:50:03+07:00,7352,26.70000,85.70000,77.60000,96.50000,0.58302,403.55548
2025-06-21 18:50:52+07:00,7353,26.70000,86.00000,80.80000,96.80000,0.56609,403.49023
2025-06-21 18:51:43+07:00,7354,26.60000,86.40000,78.10000,97.60000,0.54792,403.59952
2025-06-21 18:52:32+07:00,7355,26.50000,86.60000,77.90000,95.60000,0.56109,403.65894
2025-06-21 18:53:22+07:00,7356,26.50000,86.70000,80.60000,100.80000,0.57621,403.67389
2025-06-21 18:54:13+07:00,7357,26.50000,86.30000,76.00000,97.20000,0.51915,403.62912
2025-06-21 18:55:03+07:00,7358,26.50000,86.00000,79.00000,98.90000,0.57451,403.89661
2025-06-21 18:55:59+07:00,7359,26.60000,85.60000,74.90000,96.50000,0.58302,403.81088
2025-06-21 18:56:49+07:00,7360,26.60000,85.50000,73.30000,91.50000,0.59685,403.91235
2025-06-21 18:57:38+07:00,7361,26.60000,85.10000,77.30000,94.00000,0.59337,403.73428
2025-06-21 18:58:28+07:00,7362,26.70000,85.90000,83.50000,107.50000,0.58646,403.62912
2025-06-21 18:59:17+07:00,7363,26.60000,86.00000,96.20000,139.30000,0.57961,403.78778
2025-06-21 19:00:07+07:00,7364,26.70000,85.80000,97.10000,137.70000,0.58646,403.68890
2025-06-21 19:00:56+07:00,7365,26.80000,86.00000,100.30000,143.39999,0.57113,404.03214
2025-06-21 19:01:46+07:00,7366,26.90000,86.40000,101.60000,144.70000,0.57113,404.14658
2025-06-21 19:02:37+07:00,7367,26.90000,86.10000,97.10000,136.30000,0.57621,404.08087
2025-06-21 19:03:26+07:00,7368,26.80000,86.60000,98.30000,146.89999,0.63253,403.88092
2025-06-21 19:04:16+07:00,7369,26.80000,86.40000,84.40000,117.20000,0.63253,403.91235
2025-06-21 19:05:05+07:00,7370,26.80000,86.40000,83.20000,114.60000,0.57621,403.99188
2025-06-21 19:05:55+07:00,7371,26.90000,86.20000,75.10000,99.90000,0.65847,403.92026
2025-06-21 19:06:44+07:00,7372,26.90000,86.00000,73.00000,96.20000,0.61093,403.91235
2025-06-21 19:07:34+07:00,7373,26.90000,85.50000,75.20000,99.50000,0.62346,403.75714
2025-06-21 19:08:23+07:00,7374,26.90000,85.90000,74.50000,95.60000,0.66604,403.88873
2025-06-21 19:09:13+07:00,7375,26.90000,85.40000,74.10000,96.90000,0.58131,403.77243
2025-06-21 19:10:03+07:00,7376,26.70000,85.60000,73.20000,96.20000,0.59860,403.84189
2025-06-21 19:10:52+07:00,7377,26.70000,85.90000,71.80000,92.70000,0.61093,403.68890
2025-06-21 19:11:42+07:00,7378,26.70000,86.10000,70.40000,87.60000,0.56276,403.78009
2025-06-21 19:12:31+07:00,7379,26.70000,86.20000,72.20000,92.10000,0.60915,403.87308
2025-06-21 19:13:20+07:00,7380,26.70000,86.00000,71.80000,93.00000,0.60210,403.72668
2025-06-21 19:14:10+07:00,7381,26.70000,86.00000,68.60000,85.20000,0.56945,403.84189
2025-06-21 19:14:59+07:00,7382,26.80000,85.70000,69.50000,88.20000,0.62346,403.86526
2025-06-21 19:15:49+07:00,7383,26.80000,85.90000,70.40000,86.20000,0.60386,403.88873
2025-06-21 19:16:40+07:00,7384,26.80000,85.70000,69.70000,86.90000,0.57621,403.88092
2025-06-21 19:17:30+07:00,7385,26.70000,85.40000,68.20000,86.10000,0.61271,403.98389
2025-06-21 19:18:19+07:00,7386,26.70000,85.70000,71.20000,94.20000,0.60562,403.89661
2025-06-21 19:19:19+07:00,7387,26.70000,85.60000,70.40000,88.30000,0.58131,403.83411
2025-06-21 19:20:08+07:00,7388,26.70000,85.60000,68.20000,86.90000,0.56442,403.90448
2025-06-21 19:20:58+07:00,7389,26.80000,85.70000,70.70000,91.70000,0.57621,403.84967
2025-06-21 19:21:47+07:00,7390,26.80000,85.60000,70.70000,88.60000,0.58646,403.92816
2025-06-21 19:22:36+07:00,7391,26.80000,85.60000,72.80000,88.50000,0.60210,403.92816
2025-06-21 19:23:27+07:00,7392,26.80000,85.70000,73.20000,93.30000,0.63071,403.95197
2025-06-21 19:24:18+07:00,7393,26.80000,85.70000,72.70000,89.80000,0.59860,403.95197
2025-06-21 19:25:07+07:00,7394,26.80000,85.30000,75.10000,94.20000,0.61806,403.77243
2025-06-21 19:26:50+07:00,7395,26.80000,85.10000,76.40000,95.10000,0.61627,403.81860
2025-06-21 19:27:40+07:00,7396,26.80000,85.10000,79.80000,98.20000,0.62346,403.92026
2025-06-21 19:28:31+07:00,7397,26.80000,85.10000,79.20000,95.60000,0.58646,403.91235
2025-06-21 19:29:23+07:00,7398,26.80000,85.00000,83.10000,102.80000,0.61449,404.06458
2025-06-21 19:30:12+07:00,7399,26.70000,85.20000,81.90000,101.60000,0.61986,403.95993
2025-06-21 19:31:03+07:00,7400,26.70000,85.60000,81.00000,100.70000,0.59164,404.08087
2025-06-21 19:31:55+07:00,7401,26.70000,85.60000,80.00000,104.90000,0.62707,403.94400
2025-06-21 19:32:45+07:00,7402,26.70000,85.70000,82.70000,106.70000,0.63253,404.02405
2025-06-21 19:33:35+07:00,7403,26.80000,85.40000,84.90000,103.60000,0.61986,404.08905
2025-06-21 19:34:24+07:00,7404,26.80000,85.60000,90.80000,114.80000,0.65098,403.87308
2025-06-21 19:35:14+07:00,7405,26.80000,85.80000,102.20000,131.30000,0.61093,403.95993
2025-06-21 19:36:03+07:00,7406,26.80000,85.80000,107.40000,137.80000,0.61449,403.82635
2025-06-21 19:36:53+07:00,7407,26.80000,86.10000,104.90000,133.89999,0.62166,403.95993
2025-06-21 19:37:42+07:00,7408,26.80000,86.10000,104.90000,134.39999,0.64170,404.01599
2025-06-21 19:38:32+07:00,7409,26.80000,86.10000,108.70000,138.89999,0.62346,404.02405
2025-06-21 19:39:21+07:00,7410,26.80000,86.00000,108.30000,138.89999,0.65659,404.17145
2025-06-21 19:40:10+07:00,7411,26.80000,86.00000,106.90000,139.10001,0.58818,404.24677
2025-06-21 19:41:00+07:00,7412,26.80000,86.00000,106.60000,139.10001,0.64911,404.05646
2025-06-21 19:41:49+07:00,7413,26.70000,86.00000,104.60000,140.39999,0.64355,404.17978
2025-06-21 19:42:39+07:00,7414,26.70000,86.10000,107.70000,143.39999,0.63435,404.16315
2025-06-21 19:43:29+07:00,7415,26.60000,86.50000,103.50000,135.00000,0.63253,404.02405
2025-06-21 19:44:19+07:00,7416,26.60000,86.40000,111.20000,141.50000,0.63071,404.17978
2025-06-21 19:45:08+07:00,7417,26.70000,86.10000,104.10000,134.70000,0.61806,404.11362
2025-06-21 19:45:58+07:00,7418,26.70000,85.80000,102.50000,135.10001,0.65285,404.06458
2025-06-21 19:46:47+07:00,7419,26.70000,85.90000,99.70000,131.89999,0.65098,404.20480
2025-06-21 19:47:36+07:00,7420,26.60000,86.30000,101.40000,135.70000,0.61806,404.17145
2025-06-21 19:48:26+07:00,7421,26.60000,86.30000,100.90000,130.39999,0.60915,404.22153
2025-06-21 19:49:15+07:00,7422,26.70000,85.80000,101.30000,132.10001,0.64540,404.15485
2025-06-21 19:50:05+07:00,7423,26.60000,86.00000,101.50000,132.50000,0.67176,404.16315
2025-06-21 19:50:54+07:00,7424,26.70000,85.80000,103.20000,133.70000,0.65659,404.09723
2025-06-21 19:51:44+07:00,7425,26.60000,85.60000,106.00000,139.20000,0.66036,404.24677
2025-06-21 19:52:33+07:00,7426,26.70000,85.60000,104.70000,134.89999,0.71486,404.40939
2025-06-21 19:53:23+07:00,7427,26.70000,85.40000,103.10000,134.50000,0.65285,404.32318
2025-06-21 19:54:13+07:00,7428,26.70000,85.50000,103.30000,136.30000,0.70092,404.23834
2025-06-21 19:55:03+07:00,7429,26.70000,85.80000,104.80000,132.10001,0.67367,404.22153
2025-06-21 19:55:53+07:00,7430,26.60000,85.90000,102.40000,137.00000,0.63986,404.22992
2025-06-21 19:56:42+07:00,7431,26.60000,85.90000,100.40000,133.89999,0.66414,404.35748
2025-06-21 19:57:32+07:00,7432,26.50000,86.10000,104.50000,142.50000,0.63802,404.17978
2025-06-21 19:58:21+07:00,7433,26.50000,86.10000,99.90000,136.00000,0.67944,404.24677
2025-06-21 19:59:11+07:00,7434,26.50000,86.00000,99.10000,132.70000,0.65847,404.30609
2025-06-21 20:00:00+07:00,7435,26.50000,86.10000,99.20000,130.10001,0.66985,404.13007
2025-06-21 20:00:50+07:00,7436,26.50000,86.30000,102.30000,131.10001,0.63435,404.18808
2025-06-21 20:01:39+07:00,7437,26.40000,86.50000,101.30000,133.20000,0.64726,404.21317
2025-06-21 20:02:28+07:00,7438,26.40000,86.80000,103.90000,138.00000,0.65472,404.19644
2025-06-21 20:03:18+07:00,7439,26.30000,87.00000,103.60000,137.10001,0.61986,404.07272
2025-06-21 20:04:08+07:00,7440,26.30000,87.30000,104.30000,134.00000,0.63253,404.20480
2025-06-21 20:04:58+07:00,7441,26.30000,87.50000,102.20000,134.80000,0.66036,404.08087
2025-06-21 20:05:47+07:00,7442,26.30000,87.40000,102.30000,136.20000,0.61986,404.09723
2025-06-21 20:06:37+07:00,7443,26.30000,87.10000,100.90000,136.10001,0.64355,403.90448
2025-06-21 20:07:26+07:00,7444,26.30000,87.30000,105.10000,137.50000,0.60386,404.06458
2025-06-21 20:08:15+07:00,7445,26.30000,87.50000,104.20000,135.30000,0.60210,404.07272
2025-06-21 20:09:05+07:00,7446,26.30000,87.50000,102.60000,139.70000,0.64540,404.21317
2025-06-21 20:09:55+07:00,7447,26.40000,87.10000,100.90000,131.30000,0.63986,404.26364
2025-06-21 20:10:44+07:00,7448,26.40000,86.80000,103.90000,132.60001,0.63253,404.02405
2025-06-21 20:11:34+07:00,7449,26.40000,86.60000,101.00000,131.20000,0.65098,404.16315
2025-06-21 20:12:23+07:00,7450,26.50000,86.20000,104.60000,135.39999,0.64911,404.10541
2025-06-21 20:13:12+07:00,7451,26.50000,86.10000,100.80000,132.39999,0.65098,403.96790
2025-06-21 20:14:02+07:00,7452,26.50000,85.70000,102.90000,133.39999,0.63435,404.17145
2025-06-21 20:14:52+07:00,7453,26.60000,85.70000,104.00000,129.70000,0.62889,404.13834
2025-06-21 20:15:41+07:00,7454,26.60000,85.70000,102.30000,135.89999,0.64726,404.13007
2025-06-21 20:16:33+07:00,7455,26.60000,85.80000,101.10000,133.10001,0.59164,404.26364
2025-06-21 20:17:22+07:00,7456,26.60000,85.70000,97.10000,126.90000,0.64726,404.08087
2025-06-21 20:18:11+07:00,7457,26.60000,85.70000,102.70000,130.30000,0.61986,403.94400
2025-06-21 20:19:04+07:00,7458,26.60000,85.70000,98.90000,125.00000,0.61806,404.17145
2025-06-21 20:19:53+07:00,7459,26.60000,85.70000,96.90000,124.50000,0.61806,404.08905
2025-06-21 20:20:45+07:00,7460,26.60000,85.40000,94.90000,123.30000,0.63619,403.89661
2025-06-21 20:21:35+07:00,7461,26.60000,85.70000,99.70000,130.89999,0.61093,404.00793
2025-06-21 20:22:25+07:00,7462,26.50000,85.90000,96.10000,125.10000,0.60562,404.02405
2025-06-21 20:23:14+07:00,7463,26.50000,86.10000,94.40000,122.40000,0.60562,403.88873
2025-06-21 20:24:04+07:00,7464,26.50000,86.20000,94.60000,120.20000,0.63802,404.09723
2025-06-21 20:24:56+07:00,7465,26.40000,86.40000,94.60000,119.80000,0.62889,404.04022
2025-06-21 20:25:45+07:00,7466,26.40000,86.50000,96.20000,123.60000,0.60386,404.28058
2025-06-21 20:27:39+07:00,7467,26.30000,87.00000,100.00000,126.10000,0.63802,404.33173
2025-06-21 20:28:33+07:00,7468,26.30000,86.90000,98.40000,129.00000,0.67559,404.29758
2025-06-21 20:29:33+07:00,7469,26.30000,87.00000,97.90000,126.50000,0.68330,404.40070
2025-06-21 20:30:26+07:00,7470,26.30000,87.40000,97.50000,124.40000,0.65472,404.25519
2025-06-21 20:31:26+07:00,7471,26.30000,87.70000,97.30000,123.50000,0.66036,404.31464
2025-06-21 20:32:18+07:00,7472,26.30000,87.50000,99.40000,123.90000,0.68137,404.34891
2025-06-21 20:33:10+07:00,7473,26.40000,86.80000,101.70000,126.50000,0.63986,404.08905
2025-06-21 20:34:00+07:00,7474,26.50000,86.20000,98.90000,129.60001,0.60738,404.10541
2025-06-21 20:34:53+07:00,7475,26.40000,86.40000,99.60000,131.50000,0.67751,404.01599
2025-06-21 20:35:47+07:00,7476,26.40000,86.60000,99.80000,128.10001,0.69697,404.13007
2025-06-21 20:36:36+07:00,7477,26.50000,86.40000,104.50000,130.70000,0.63435,404.02405
2025-06-21 20:37:26+07:00,7478,26.40000,86.40000,98.60000,127.90000,0.62526,404.17978
2025-06-21 20:38:16+07:00,7479,26.40000,86.30000,99.30000,129.20000,0.63253,404.10541
2025-06-21 20:39:06+07:00,7480,26.40000,86.40000,101.40000,132.30000,0.60035,404.15485
2025-06-21 20:39:55+07:00,7481,26.30000,86.70000,102.60000,133.80000,0.64726,404.10541
2025-06-21 20:40:44+07:00,7482,26.30000,86.70000,92.70000,122.40000,0.62889,403.95197
2025-06-21 20:41:34+07:00,7483,26.30000,86.80000,99.70000,129.89999,0.60915,404.04022
2025-06-21 20:42:23+07:00,7484,26.20000,87.00000,99.40000,128.30000,0.63071,403.99991
2025-06-21 20:43:13+07:00,7485,26.20000,87.20000,100.70000,125.80000,0.59511,403.99188
2025-06-21 20:44:04+07:00,7486,26.10000,87.30000,102.50000,130.30000,0.61806,404.03214
2025-06-21 20:44:56+07:00,7487,26.20000,86.90000,100.10000,125.20000,0.63986,404.00793
2025-06-21 20:45:46+07:00,7488,26.20000,87.30000,108.90000,137.50000,0.59337,404.06458
2025-06-21 20:46:35+07:00,7489,26.20000,87.60000,108.30000,140.39999,0.61806,403.92816
2025-06-21 20:47:25+07:00,7490,26.20000,87.80000,103.40000,132.30000,0.60210,404.07272
2025-06-21 20:48:14+07:00,7491,26.20000,87.90000,106.10000,139.30000,0.56109,404.06458
2025-06-21 20:49:04+07:00,7492,26.20000,87.80000,110.80000,137.70000,0.63802,404.12186
2025-06-21 20:49:53+07:00,7493,26.20000,87.70000,118.70000,151.50000,0.63071,404.06458
2025-06-21 20:50:43+07:00,7494,26.30000,87.70000,108.90000,140.10001,0.63071,404.14658
2025-06-21 20:51:33+07:00,7495,26.30000,87.60000,123.30000,155.20000,0.62889,404.17978
2025-06-21 20:52:22+07:00,7496,26.30000,87.60000,112.70000,142.60001,0.61271,403.94400
2025-06-21 20:53:11+07:00,7497,26.20000,87.70000,145.20000,183.60001,0.60738,404.15485
2025-06-21 20:54:01+07:00,7498,26.30000,87.60000,137.50000,174.10001,0.64726,404.21317
2025-06-21 20:54:50+07:00,7499,26.40000,87.20000,129.70000,171.89999,0.64911,404.09723
2025-06-21 20:55:40+07:00,7500,26.40000,87.00000,123.40000,164.39999,0.60738,404.09723
2025-06-21 20:56:30+07:00,7501,26.40000,86.90000,121.00000,158.30000,0.62166,404.28909
2025-06-21 20:57:19+07:00,7502,26.40000,87.10000,114.90000,150.50000,0.63435,404.22153
2025-06-21 20:58:08+07:00,7503,26.40000,87.10000,114.10000,150.89999,0.65659,404.10541
2025-06-21 20:58:58+07:00,7504,26.40000,87.10000,113.40000,150.39999,0.63986,404.19644
2025-06-21 20:59:47+07:00,7505,26.50000,87.00000,113.00000,147.00000,0.67559,404.17978
2025-06-21 21:00:37+07:00,7506,26.50000,87.00000,120.40000,159.30000,0.65472,404.05646
2025-06-21 21:01:26+07:00,7507,26.50000,86.80000,122.50000,156.20000,0.70488,404.13007
2025-06-21 21:02:15+07:00,7508,26.50000,86.80000,119.50000,158.60001,0.59860,404.15485
2025-06-21 21:03:05+07:00,7509,26.50000,86.70000,123.40000,161.20000,0.62889,404.19644
2025-06-21 21:03:54+07:00,7510,26.50000,86.60000,123.90000,162.60001,0.62166,404.01599
2025-06-21 21:04:44+07:00,7511,26.40000,86.80000,120.80000,163.50000,0.62889,404.34030
2025-06-21 21:05:33+07:00,7512,26.40000,87.00000,122.80000,160.30000,0.62707,404.16315
2025-06-21 21:06:23+07:00,7513,26.40000,87.00000,124.30000,166.00000,0.64726,404.08905
2025-06-21 21:07:12+07:00,7514,26.40000,87.10000,122.10000,156.10001,0.59511,403.87308
2025-06-21 21:08:01+07:00,7515,26.40000,87.30000,126.60000,167.50000,0.63253,404.34030
2025-06-21 21:08:51+07:00,7516,26.40000,87.30000,126.50000,164.70000,0.64911,404.40070
2025-06-21 21:09:40+07:00,7517,26.30000,87.40000,129.20000,168.30000,0.64726,404.17145
2025-06-21 21:10:30+07:00,7518,26.30000,87.40000,133.10001,172.30000,0.61627,404.39203
2025-06-21 21:11:19+07:00,7519,26.30000,87.60000,130.60001,170.70000,0.64540,404.35748
2025-06-21 21:12:09+07:00,7520,26.30000,87.50000,127.30000,162.89999,0.63071,404.28058
2025-06-21 21:12:59+07:00,7521,26.30000,87.50000,131.20000,168.20000,0.64726,403.86526
2025-06-21 21:13:48+07:00,7522,26.40000,87.40000,128.00000,163.80000,0.65659,404.24677
2025-06-21 21:14:37+07:00,7523,26.40000,87.60000,130.20000,166.60001,0.68330,404.28909
2025-06-21 21:15:27+07:00,7524,26.30000,87.50000,129.70000,170.30000,0.63986,404.32318
2025-06-21 21:16:16+07:00,7525,26.30000,87.60000,122.80000,159.50000,0.64540,404.23834
2025-06-21 21:17:06+07:00,7526,26.40000,87.30000,125.20000,161.00000,0.63071,404.28909
2025-06-21 21:17:55+07:00,7527,26.40000,87.30000,121.90000,162.70000,0.66794,404.19644
2025-06-21 21:18:45+07:00,7528,26.40000,87.10000,121.50000,166.70000,0.63435,404.31464
2025-06-21 21:19:34+07:00,7529,26.40000,87.20000,118.00000,154.39999,0.68137,404.32318
2025-06-21 21:20:23+07:00,7530,26.40000,86.90000,118.60000,157.80000,0.64726,404.16315
2025-06-21 21:21:13+07:00,7531,26.40000,87.00000,118.40000,150.70000,0.61806,404.25519
2025-06-21 21:22:02+07:00,7532,26.40000,87.20000,119.40000,157.60001,0.61271,404.07272
2025-06-21 21:22:52+07:00,7533,26.40000,87.00000,115.60000,151.30000,0.64540,404.17145
2025-06-21 21:23:41+07:00,7534,26.30000,86.90000,112.50000,147.10001,0.64540,404.04834
2025-06-21 21:24:31+07:00,7535,26.30000,87.00000,115.50000,148.50000,0.65098,404.22153
2025-06-21 21:25:20+07:00,7536,26.40000,86.90000,113.10000,148.30000,0.59685,404.11362
2025-06-21 21:26:09+07:00,7537,26.30000,87.10000,111.40000,142.80000,0.60915,404.08905
2025-06-21 21:26:59+07:00,7538,26.30000,87.40000,110.40000,141.00000,0.64355,404.00793
2025-06-21 21:27:48+07:00,7539,26.20000,87.40000,105.90000,137.20000,0.63802,404.02405
2025-06-21 21:28:37+07:00,7540,26.30000,87.40000,107.60000,140.39999,0.58991,404.08905
2025-06-21 21:29:27+07:00,7541,26.20000,87.40000,109.50000,141.60001,0.61271,404.12186
2025-06-21 21:30:16+07:00,7542,26.20000,87.30000,104.30000,131.89999,0.63253,403.94400
2025-06-21 21:31:06+07:00,7543,26.10000,87.60000,101.40000,127.60000,0.61986,404.05646
2025-06-21 21:31:55+07:00,7544,26.10000,87.60000,107.50000,137.89999,0.59511,404.08087
2025-06-21 21:32:45+07:00,7545,26.10000,87.70000,101.80000,128.80000,0.59685,404.00793
2025-06-21 21:33:34+07:00,7546,26.10000,87.50000,99.90000,128.39999,0.60386,404.03214
2025-06-21 21:34:23+07:00,7547,26.10000,87.50000,102.70000,129.70000,0.63071,403.88092
2025-06-21 21:35:13+07:00,7548,26.10000,87.60000,103.30000,134.39999,0.59860,403.96790
2025-06-21 21:36:02+07:00,7549,26.10000,87.40000,98.20000,122.50000,0.60738,403.90448
2025-06-21 21:36:52+07:00,7550,26.20000,87.00000,97.90000,125.10000,0.60915,403.95197
2025-06-21 21:37:44+07:00,7551,26.20000,87.00000,99.40000,126.70000,0.66225,403.92026
2025-06-21 21:38:34+07:00,7552,26.20000,86.80000,103.80000,131.50000,0.60915,403.91235
2025-06-21 21:39:23+07:00,7553,26.30000,86.70000,102.80000,126.60000,0.60210,403.94400
2025-06-21 21:40:12+07:00,7554,26.30000,86.30000,101.90000,129.20000,0.65659,403.77243
2025-06-21 21:41:02+07:00,7555,26.30000,86.50000,100.40000,131.70000,0.58131,403.86526
2025-06-21 21:41:51+07:00,7556,26.20000,86.70000,101.50000,130.10001,0.59860,403.71912
2025-06-21 21:42:40+07:00,7557,26.20000,86.80000,98.60000,128.10001,0.57113,403.92816
2025-06-21 21:43:30+07:00,7558,26.20000,87.00000,98.90000,128.39999,0.61627,403.90448
2025-06-21 21:44:19+07:00,7559,26.10000,87.00000,105.10000,131.70000,0.58474,403.89661
2025-06-21 21:45:09+07:00,7560,26.10000,87.10000,101.50000,131.80000,0.61093,403.83411
2025-06-21 21:45:58+07:00,7561,26.20000,87.00000,102.80000,133.10001,0.61449,403.93607
2025-06-21 21:46:47+07:00,7562,26.20000,86.90000,101.80000,130.60001,0.58131,403.95993
2025-06-21 21:47:37+07:00,7563,26.20000,86.60000,105.20000,134.10001,0.58991,403.77243
2025-06-21 21:48:26+07:00,7564,26.20000,86.60000,106.40000,134.10001,0.60738,403.80316
2025-06-21 21:49:16+07:00,7565,26.20000,86.60000,109.70000,138.80000,0.58991,404.04834
2025-06-21 21:50:05+07:00,7566,26.30000,86.10000,113.10000,145.50000,0.57961,403.78778
2025-06-21 21:50:55+07:00,7567,26.30000,86.00000,109.30000,140.89999,0.58646,403.84189
2025-06-21 21:51:44+07:00,7568,26.20000,86.20000,108.40000,137.70000,0.57621,403.81860
2025-06-21 21:52:33+07:00,7569,26.30000,86.30000,106.40000,142.70000,0.61271,403.84967
2025-06-21 21:53:28+07:00,7570,26.30000,86.30000,111.50000,141.89999,0.57961,404.04834
2025-06-21 21:54:18+07:00,7571,26.30000,86.30000,113.50000,143.50000,0.58474,403.93607
2025-06-21 21:55:07+07:00,7572,26.20000,86.50000,108.20000,141.70000,0.58131,403.73428
2025-06-21 21:55:57+07:00,7573,26.30000,86.50000,108.60000,135.80000,0.56945,403.84189
2025-06-21 21:56:46+07:00,7574,26.30000,86.60000,112.10000,143.30000,0.58474,404.02405
2025-06-21 21:57:35+07:00,7575,26.30000,86.60000,108.80000,140.20000,0.59511,403.89661
2025-06-21 21:58:25+07:00,7576,26.30000,86.60000,114.70000,145.20000,0.59164,403.93607
2025-06-21 21:59:14+07:00,7577,26.30000,86.60000,112.20000,144.39999,0.61986,404.07272
2025-06-21 22:00:05+07:00,7578,26.40000,86.10000,113.40000,147.00000,0.59685,404.08905
2025-06-21 22:00:54+07:00,7579,26.40000,86.20000,116.00000,153.10001,0.57282,404.01599
2025-06-21 22:01:43+07:00,7580,26.40000,86.20000,113.00000,146.00000,0.59860,404.04022
2025-06-21 22:02:33+07:00,7581,26.40000,86.30000,114.20000,148.10001,0.59860,403.86526
2025-06-21 22:03:25+07:00,7582,26.40000,86.40000,117.70000,151.39999,0.58818,404.13007
2025-06-21 22:04:14+07:00,7583,26.40000,86.30000,118.50000,152.00000,0.58131,403.90448
2025-06-21 22:05:04+07:00,7584,26.40000,86.20000,117.30000,152.30000,0.60035,404.10541
2025-06-21 22:05:53+07:00,7585,26.40000,86.20000,116.60000,155.00000,0.57961,403.84189
2025-06-21 22:06:43+07:00,7586,26.40000,86.40000,119.50000,155.80000,0.60915,403.94400
2025-06-21 22:07:32+07:00,7587,26.40000,86.60000,120.50000,156.50000,0.59337,403.88092
2025-06-21 22:08:22+07:00,7588,26.40000,86.50000,117.60000,155.39999,0.59860,404.04022
2025-06-21 22:09:12+07:00,7589,26.30000,86.50000,123.00000,162.10001,0.60210,404.12186
2025-06-21 22:10:55+07:00,7590,26.40000,86.70000,122.40000,153.60001,0.62526,403.98389
2025-06-21 22:11:49+07:00,7591,26.40000,86.80000,121.90000,153.80000,0.60035,404.04022
2025-06-21 22:12:39+07:00,7592,26.30000,87.00000,115.80000,149.20000,0.58991,404.09723
2025-06-21 22:13:28+07:00,7593,26.30000,87.00000,119.40000,152.60001,0.62526,403.94400
2025-06-21 22:14:17+07:00,7594,26.30000,87.10000,117.90000,152.80000,0.60738,404.01599
2025-06-21 22:15:09+07:00,7595,26.30000,87.00000,124.00000,161.20000,0.59164,404.06458
2025-06-21 22:16:01+07:00,7596,26.30000,87.20000,131.30000,170.60001,0.59685,404.01599
2025-06-21 22:16:51+07:00,7597,26.30000,87.30000,131.70000,173.30000,0.62346,404.01599
2025-06-21 22:17:40+07:00,7598,26.20000,87.40000,131.70000,179.50000,0.60386,404.09723
2025-06-21 22:18:30+07:00,7599,26.30000,87.40000,135.10001,179.80000,0.61449,404.00793
2025-06-21 22:19:19+07:00,7600,26.30000,87.50000,134.80000,184.00000,0.62526,403.97589
2025-06-21 22:20:08+07:00,7601,26.30000,87.20000,131.70000,180.10001,0.61986,404.08905
2025-06-21 22:20:58+07:00,7602,26.30000,86.90000,136.39999,188.30000,0.59164,404.04834
2025-06-21 22:21:48+07:00,7603,26.30000,87.30000,138.89999,187.20000,0.58302,404.24677
2025-06-21 22:22:38+07:00,7604,26.30000,87.40000,144.39999,199.20000,0.60386,403.99188
2025-06-21 22:23:28+07:00,7605,26.20000,87.40000,140.30000,193.30000,0.59337,404.08905
2025-06-21 22:24:17+07:00,7606,26.30000,87.20000,140.80000,198.20000,0.60562,404.10541
2025-06-21 22:25:06+07:00,7607,26.30000,87.20000,138.80000,193.00000,0.60386,404.25519
2025-06-21 22:25:56+07:00,7608,26.30000,87.20000,137.10001,184.00000,0.61449,404.06458
2025-06-21 22:26:47+07:00,7609,26.30000,87.20000,137.39999,184.30000,0.66036,404.15485
2025-06-21 22:27:41+07:00,7610,26.30000,87.30000,137.00000,185.60001,0.61449,404.02405
2025-06-21 22:28:31+07:00,7611,26.20000,87.20000,144.70000,190.10001,0.62889,404.04834
2025-06-21 22:29:20+07:00,7612,26.30000,87.30000,140.50000,189.89999,0.61449,404.36612
2025-06-21 22:30:10+07:00,7613,26.30000,87.30000,137.39999,185.20000,0.62707,404.08087
2025-06-21 22:30:59+07:00,7614,26.30000,87.50000,137.10001,188.60001,0.61806,404.06458
2025-06-21 22:31:49+07:00,7615,26.30000,87.30000,136.00000,189.20000,0.63253,404.13834
2025-06-21 22:32:38+07:00,7616,26.30000,87.30000,140.10001,194.10001,0.60562,404.21317
2025-06-21 22:33:30+07:00,7617,26.30000,87.60000,140.39999,196.70000,0.61093,403.92026
2025-06-21 22:34:19+07:00,7618,26.20000,87.70000,138.50000,188.60001,0.62707,404.08087
2025-06-21 22:35:09+07:00,7619,26.20000,87.70000,141.50000,193.89999,0.60562,404.13007
2025-06-21 22:35:58+07:00,7620,26.20000,87.70000,141.50000,194.50000,0.61627,404.39203
2025-06-21 22:36:48+07:00,7621,26.20000,87.80000,139.89999,195.60001,0.60562,404.07272
2025-06-21 22:37:37+07:00,7622,26.10000,88.10000,136.10001,190.39999,0.64355,404.10541
2025-06-21 22:38:26+07:00,7623,26.20000,87.80000,142.00000,195.70000,0.63071,404.13007
2025-06-21 22:39:16+07:00,7624,26.20000,87.90000,138.60001,192.10001,0.66036,404.16315
2025-06-21 22:40:05+07:00,7625,26.10000,88.00000,137.60001,198.20000,0.61806,404.27213
2025-06-21 22:40:55+07:00,7626,26.10000,88.10000,128.00000,182.20000,0.60915,404.24677
2025-06-21 22:41:44+07:00,7627,26.20000,88.00000,132.00000,185.10001,0.60915,404.28058
2025-06-21 22:42:34+07:00,7628,26.20000,87.80000,132.89999,180.00000,0.60386,404.14658
2025-06-21 22:43:23+07:00,7629,26.20000,87.80000,128.10001,181.60001,0.61271,404.17145
2025-06-21 22:44:12+07:00,7630,26.10000,87.70000,123.60000,167.50000,0.64540,403.99991
2025-06-21 22:45:02+07:00,7631,26.10000,87.90000,122.70000,167.89999,0.60386,404.00793
2025-06-21 22:45:51+07:00,7632,26.10000,87.90000,122.20000,168.00000,0.65285,404.10541
2025-06-21 22:46:41+07:00,7633,26.10000,87.70000,116.10000,154.10001,0.62889,404.10541
2025-06-21 22:47:30+07:00,7634,26.10000,87.90000,114.60000,153.50000,0.60386,403.98389
2025-06-21 22:48:22+07:00,7635,26.00000,88.10000,115.00000,154.10001,0.63802,403.92816
2025-06-21 22:49:11+07:00,7636,26.00000,88.20000,116.30000,150.89999,0.60035,403.84967
2025-06-21 22:50:00+07:00,7637,26.00000,88.30000,111.80000,149.10001,0.56945,403.88092
2025-06-21 22:50:50+07:00,7638,26.00000,87.90000,120.00000,158.70000,0.62166,403.88873
2025-06-21 22:51:39+07:00,7639,26.10000,88.00000,116.70000,152.00000,0.58818,403.93607
2025-06-21 22:52:29+07:00,7640,26.00000,88.00000,109.70000,141.20000,0.60035,403.94400
2025-06-21 22:53:18+07:00,7641,26.00000,87.80000,115.10000,153.50000,0.59337,404.05646
2025-06-21 22:54:11+07:00,7642,26.00000,88.40000,115.70000,148.00000,0.59337,403.82635
2025-06-21 22:55:01+07:00,7643,26.00000,88.20000,112.50000,145.60001,0.59511,403.92026
2025-06-21 22:55:53+07:00,7644,26.00000,88.30000,114.90000,154.39999,0.60562,403.78778
2025-06-21 22:56:42+07:00,7645,26.00000,88.00000,114.20000,150.39999,0.58646,403.82635
2025-06-21 22:57:32+07:00,7646,26.00000,88.10000,115.10000,155.50000,0.55777,403.93607
2025-06-21 22:58:21+07:00,7647,26.00000,88.10000,115.40000,149.80000,0.58991,403.78009
2025-06-21 22:59:14+07:00,7648,26.00000,88.00000,113.30000,152.70000,0.56945,403.86526
2025-06-21 23:00:07+07:00,7649,26.00000,88.00000,116.00000,152.30000,0.54955,403.88092
2025-06-21 23:01:01+07:00,7650,26.00000,87.70000,114.20000,152.30000,0.57961,403.86526
2025-06-21 23:01:54+07:00,7651,26.00000,88.00000,117.40000,157.89999,0.55119,403.74188
2025-06-21 23:02:50+07:00,7652,26.10000,87.80000,121.90000,162.80000,0.58646,403.82635
2025-06-21 23:03:39+07:00,7653,26.10000,87.60000,122.80000,159.70000,0.57961,403.87308
2025-06-21 23:04:29+07:00,7654,26.10000,87.60000,124.70000,164.20000,0.56276,403.76477
2025-06-21 23:05:18+07:00,7655,26.10000,87.70000,120.60000,158.20000,0.58131,403.78778
2025-06-21 23:06:08+07:00,7656,26.00000,88.00000,120.80000,158.39999,0.57282,403.87308
2025-06-21 23:06:58+07:00,7657,26.00000,88.30000,119.80000,159.80000,0.56945,403.82635
2025-06-21 23:07:47+07:00,7658,25.90000,88.60000,116.10000,151.10001,0.58302,403.88092
2025-06-21 23:08:39+07:00,7659,25.90000,88.70000,125.40000,162.80000,0.57113,403.70398
2025-06-21 23:09:29+07:00,7660,25.90000,89.10000,120.20000,155.20000,0.57621,403.96790
2025-06-21 23:10:21+07:00,7661,25.90000,89.00000,117.70000,154.10001,0.56609,403.78009
2025-06-21 23:11:11+07:00,7662,25.90000,89.10000,120.90000,156.70000,0.56442,403.75714
2025-06-21 23:12:00+07:00,7663,25.90000,88.80000,124.20000,162.89999,0.57282,403.89661
2025-06-21 23:12:53+07:00,7664,26.00000,88.30000,122.00000,158.80000,0.59337,403.84189
2025-06-21 23:13:42+07:00,7665,26.10000,88.40000,122.50000,162.50000,0.54304,403.82635
2025-06-21 23:14:32+07:00,7666,26.10000,88.10000,120.10000,158.20000,0.55612,403.74951
2025-06-21 23:15:21+07:00,7667,26.10000,87.80000,118.50000,157.39999,0.57113,403.88873
2025-06-21 23:16:11+07:00,7668,26.10000,87.70000,120.20000,159.80000,0.58302,403.81860
2025-06-21 23:17:04+07:00,7669,26.00000,87.90000,121.50000,156.80000,0.59860,403.87308
2025-06-21 23:17:53+07:00,7670,26.10000,87.70000,119.50000,161.20000,0.56777,403.78009
2025-06-21 23:18:45+07:00,7671,26.10000,87.80000,121.50000,159.50000,0.57791,403.93607
2025-06-21 23:19:46+07:00,7672,26.10000,87.60000,119.90000,159.20000,0.56109,403.84189
2025-06-21 23:20:38+07:00,7673,26.10000,87.30000,121.40000,160.39999,0.55612,403.92026
2025-06-21 23:21:31+07:00,7674,26.10000,87.40000,124.20000,165.20000,0.58131,403.84189
2025-06-21 23:22:20+07:00,7675,26.00000,87.80000,124.30000,162.50000,0.55612,403.98389
2025-06-21 23:23:09+07:00,7676,26.00000,88.10000,122.00000,162.30000,0.59337,403.90448
2025-06-21 23:23:59+07:00,7677,26.00000,88.30000,124.30000,169.20000,0.60386,403.79547
2025-06-21 23:24:48+07:00,7678,26.00000,88.60000,130.20000,172.00000,0.57621,403.95993
2025-06-21 23:25:38+07:00,7679,25.90000,88.70000,121.90000,165.20000,0.56276,403.88092
2025-06-21 23:26:27+07:00,7680,25.90000,88.70000,124.90000,167.70000,0.55612,403.77243
2025-06-21 23:27:17+07:00,7681,25.90000,88.70000,124.00000,168.20000,0.61271,403.88092
2025-06-21 23:28:06+07:00,7682,25.90000,88.70000,122.10000,162.60001,0.55119,403.84189
2025-06-21 23:28:56+07:00,7683,25.80000,88.60000,119.70000,155.89999,0.57621,403.84189
2025-06-21 23:29:45+07:00,7684,25.80000,88.40000,112.50000,148.30000,0.58474,403.80316
2025-06-21 23:30:35+07:00,7685,25.90000,87.90000,108.90000,146.89999,0.58131,403.86526
2025-06-21 23:32:20+07:00,7686,26.00000,87.30000,119.00000,148.70000,0.54955,403.80316
2025-06-21 23:33:09+07:00,7687,26.00000,87.20000,109.30000,142.70000,0.58991,403.67389
2025-06-21 23:33:59+07:00,7688,25.90000,87.20000,106.10000,137.60001,0.57961,403.85745
2025-06-21 23:34:48+07:00,7689,25.90000,87.10000,107.40000,134.39999,0.54955,403.78009
2025-06-21 23:35:38+07:00,7690,25.90000,86.90000,104.20000,136.00000,0.50982,403.76477
2025-06-21 23:36:27+07:00,7691,25.90000,86.80000,109.00000,138.10001,0.55612,403.68890
2025-06-21 23:37:17+07:00,7692,25.90000,86.90000,109.80000,138.60001,0.57961,403.72668
2025-06-21 23:38:06+07:00,7693,25.80000,87.20000,101.70000,129.10001,0.53980,403.74951
2025-06-21 23:38:55+07:00,7694,25.90000,87.00000,102.80000,133.39999,0.55943,403.92026
2025-06-21 23:39:45+07:00,7695,25.80000,87.20000,106.70000,132.30000,0.54629,403.66641
2025-06-21 23:40:34+07:00,7696,25.70000,87.20000,99.50000,125.50000,0.49910,403.62170
2025-06-21 23:41:24+07:00,7697,25.70000,87.30000,99.80000,124.20000,0.52386,403.70398
2025-06-21 23:42:13+07:00,7698,25.80000,87.40000,100.00000,124.60000,0.54955,403.64401
2025-06-21 23:43:02+07:00,7699,25.80000,87.30000,105.40000,131.30000,0.53338,403.65894
2025-06-21 23:43:52+07:00,7700,25.80000,87.50000,102.80000,128.00000,0.54955,403.62912
2025-06-21 23:44:41+07:00,7701,25.80000,87.60000,96.80000,124.80000,0.54142,403.67389
2025-06-21 23:45:31+07:00,7702,25.80000,87.40000,94.90000,119.00000,0.54142,403.61429
2025-06-21 23:46:20+07:00,7703,25.80000,87.20000,98.90000,128.50000,0.54629,403.74951
2025-06-21 23:47:10+07:00,7704,25.80000,87.60000,98.20000,127.90000,0.55943,403.57010
2025-06-21 23:47:59+07:00,7705,25.80000,87.50000,100.20000,126.60000,0.56276,403.57745
2025-06-21 23:48:49+07:00,7706,25.80000,87.30000,93.40000,121.00000,0.55943,403.71912
2025-06-21 23:49:38+07:00,7707,25.80000,87.20000,97.70000,126.00000,0.56609,403.60690
2025-06-21 23:50:27+07:00,7708,25.80000,86.80000,94.20000,117.60000,0.55777,403.66641
2025-06-21 23:51:20+07:00,7709,25.80000,86.80000,92.40000,123.90000,0.56276,403.64401
2025-06-21 23:52:09+07:00,7710,25.80000,86.70000,92.80000,116.30000,0.51136,403.70398
2025-06-21 23:52:59+07:00,7711,25.80000,86.90000,93.00000,118.50000,0.51136,403.68890
2025-06-21 23:53:48+07:00,7712,25.80000,86.90000,95.50000,118.70000,0.58131,403.65894
2025-06-21 23:54:38+07:00,7713,25.80000,86.80000,106.90000,142.30000,0.50521,403.57010
2025-06-21 23:55:27+07:00,7714,25.90000,86.70000,99.10000,131.60001,0.55943,403.70398
2025-06-21 23:56:17+07:00,7715,26.00000,86.60000,103.10000,135.70000,0.52228,403.68140
2025-06-21 23:57:11+07:00,7716,26.00000,86.50000,103.60000,135.60001,0.51291,403.65894
2025-06-21 23:58:03+07:00,7717,26.00000,86.30000,94.10000,124.90000,0.51136,403.71155
2025-06-21 23:58:53+07:00,7718,26.00000,86.20000,94.80000,122.20000,0.54142,403.68140
2025-06-21 23:59:42+07:00,7719,26.00000,86.00000,99.00000,129.60001,0.54466,403.50464
2025-06-22 00:00:32+07:00,7720,26.00000,86.10000,98.10000,122.00000,0.54629,403.57745
2025-06-22 00:01:22+07:00,7721,26.00000,86.00000,94.00000,116.80000,0.54304,403.45438
2025-06-22 00:02:11+07:00,7722,26.00000,86.00000,94.30000,123.00000,0.53178,403.54089
2025-06-22 00:03:01+07:00,7723,26.00000,85.90000,95.40000,118.60000,0.54792,403.58478
2025-06-22 00:03:50+07:00,7724,26.00000,85.60000,96.50000,122.50000,0.52860,403.57745
2025-06-22 00:04:40+07:00,7725,25.90000,85.70000,93.20000,120.20000,0.54792,403.46869
2025-06-22 00:05:29+07:00,7726,25.90000,85.80000,93.00000,119.80000,0.55612,403.52637
2025-06-22 00:06:19+07:00,7727,25.90000,86.00000,95.20000,120.00000,0.52544,403.71155
2025-06-22 00:07:09+07:00,7728,25.90000,86.10000,96.60000,119.90000,0.51447,403.51187
2025-06-22 00:07:58+07:00,7729,25.90000,86.60000,92.40000,116.30000,0.55447,403.61429
2025-06-22 00:08:47+07:00,7730,25.90000,86.50000,97.80000,128.10001,0.51136,403.64401
2025-06-22 00:09:37+07:00,7731,25.80000,86.80000,96.50000,124.10000,0.53338,403.64401
2025-06-22 00:10:26+07:00,7732,25.90000,86.80000,100.30000,134.30000,0.50674,403.51910
2025-06-22 00:11:16+07:00,7733,25.80000,86.90000,99.40000,126.50000,0.52702,403.56277
2025-06-22 00:12:05+07:00,7734,25.80000,86.80000,101.40000,129.00000,0.51602,403.57010
2025-06-22 00:12:54+07:00,7735,25.80000,86.80000,100.50000,127.60000,0.50521,403.47586
2025-06-22 00:13:44+07:00,7736,25.80000,86.70000,95.90000,124.50000,0.54629,403.54089
2025-06-22 00:14:33+07:00,7737,25.80000,87.20000,100.00000,127.10000,0.55447,403.65894
2025-06-22 00:15:23+07:00,7738,25.80000,86.90000,101.20000,125.90000,0.54466,403.67389
2025-06-22 00:16:12+07:00,7739,25.80000,87.00000,96.80000,125.70000,0.53980,403.70398
2025-06-22 00:17:02+07:00,7740,25.80000,86.70000,98.30000,121.80000,0.53498,403.61429
2025-06-22 00:17:54+07:00,7741,25.80000,87.00000,100.90000,130.30000,0.51447,403.57745
2025-06-22 00:18:43+07:00,7742,25.80000,87.20000,102.40000,131.20000,0.52860,403.56277
2025-06-22 00:19:33+07:00,7743,25.80000,86.90000,97.50000,123.60000,0.50674,403.68140
2025-06-22 00:20:23+07:00,7744,25.70000,87.20000,99.30000,126.10000,0.52071,403.65894
2025-06-22 00:21:12+07:00,7745,25.80000,87.50000,102.40000,128.00000,0.54142,403.65894
2025-06-22 00:22:02+07:00,7746,25.80000,87.40000,102.90000,131.00000,0.49910,403.68890
2025-06-22 00:22:52+07:00,7747,25.80000,87.40000,101.90000,130.00000,0.51291,403.67389
2025-06-22 00:23:46+07:00,7748,25.90000,87.30000,100.50000,128.60001,0.54466,403.63657
2025-06-22 00:24:37+07:00,7749,25.90000,87.30000,101.40000,127.50000,0.50062,403.64401
2025-06-22 00:25:29+07:00,7750,25.90000,87.30000,105.40000,135.39999,0.51758,403.58478
2025-06-22 00:26:19+07:00,7751,25.90000,87.60000,107.30000,139.50000,0.53498,403.60690
2025-06-22 00:27:08+07:00,7752,25.90000,87.60000,103.80000,133.00000,0.55119,403.64401
2025-06-22 00:27:58+07:00,7753,26.00000,87.60000,103.60000,131.50000,0.52386,403.68890
2025-06-22 00:28:47+07:00,7754,25.90000,87.50000,104.10000,135.50000,0.52071,403.59952
2025-06-22 00:29:37+07:00,7755,25.90000,87.70000,104.90000,129.39999,0.49910,403.64401
2025-06-22 00:30:26+07:00,7756,25.90000,87.60000,103.00000,130.00000,0.54304,403.63657
2025-06-22 00:31:16+07:00,7757,25.90000,87.50000,100.60000,127.80000,0.53019,403.57745
2025-06-22 00:32:08+07:00,7758,25.90000,87.40000,102.80000,130.00000,0.51602,403.68140
2025-06-22 00:32:58+07:00,7759,25.90000,87.50000,99.80000,127.70000,0.52702,403.64401
2025-06-22 00:33:48+07:00,7760,25.90000,87.60000,97.70000,125.00000,0.48856,403.70398
2025-06-22 00:34:37+07:00,7761,25.80000,87.80000,101.70000,132.00000,0.54629,403.60690
2025-06-22 00:35:27+07:00,7762,25.90000,87.80000,103.20000,132.30000,0.53980,403.57010
2025-06-22 00:39:02+07:00,7763,25.80000,88.00000,101.30000,128.30000,0.53980,403.59213
2025-06-22 00:39:52+07:00,7764,25.90000,88.20000,104.30000,131.39999,0.51291,403.59213
2025-06-22 00:40:41+07:00,7765,25.80000,88.20000,115.60000,149.89999,0.52860,403.62912
2025-06-22 00:41:31+07:00,7766,25.80000,88.00000,115.10000,148.10001,0.53498,403.63657
2025-06-22 00:42:20+07:00,7767,25.80000,88.50000,112.70000,145.50000,0.53338,403.62170
2025-06-22 00:43:10+07:00,7768,25.90000,88.40000,115.30000,151.60001,0.54955,403.68140
2025-06-22 00:43:59+07:00,7769,25.90000,88.30000,111.30000,142.70000,0.51447,403.69644
2025-06-22 00:44:48+07:00,7770,25.80000,88.40000,112.10000,148.50000,0.54955,403.69644
2025-06-22 00:45:38+07:00,7771,25.80000,88.40000,113.20000,145.20000,0.55943,403.63657
2025-06-22 00:46:27+07:00,7772,25.80000,88.50000,115.60000,152.30000,0.51291,403.70398
2025-06-22 00:47:18+07:00,7773,25.80000,88.60000,113.80000,150.39999,0.54304,403.70398
2025-06-22 00:48:07+07:00,7774,25.80000,88.50000,113.10000,145.60001,0.55777,403.74951
2025-06-22 00:48:56+07:00,7775,25.80000,88.80000,110.80000,142.80000,0.51758,403.70398
2025-06-22 00:49:46+07:00,7776,25.70000,88.90000,114.00000,147.30000,0.53980,403.74951
2025-06-22 00:50:35+07:00,7777,25.70000,88.90000,113.40000,145.10001,0.52386,403.71155
2025-06-22 00:51:25+07:00,7778,25.80000,88.80000,114.30000,147.39999,0.52386,403.68890
2025-06-22 00:52:15+07:00,7779,25.80000,88.60000,110.70000,146.10001,0.55612,403.69644
2025-06-22 00:53:04+07:00,7780,25.80000,88.50000,116.90000,153.10001,0.53819,403.76477
2025-06-22 00:53:54+07:00,7781,25.90000,88.40000,114.00000,148.60001,0.55447,403.78009
2025-06-22 00:54:43+07:00,7782,25.90000,88.60000,115.20000,152.00000,0.55612,403.65894
2025-06-22 00:55:33+07:00,7783,25.90000,88.30000,117.20000,151.30000,0.53980,403.74188
2025-06-22 00:56:23+07:00,7784,25.80000,88.40000,116.20000,151.00000,0.53019,403.68140
2025-06-22 00:57:13+07:00,7785,25.80000,88.40000,116.70000,150.10001,0.55447,403.67389
2025-06-22 00:58:02+07:00,7786,25.80000,88.20000,120.80000,157.39999,0.54304,403.71155
2025-06-22 00:58:52+07:00,7787,25.80000,88.20000,117.00000,150.60001,0.54304,403.72668
2025-06-22 00:59:41+07:00,7788,25.70000,88.50000,122.50000,155.50000,0.55612,403.78009
2025-06-22 01:00:30+07:00,7789,25.70000,88.80000,119.60000,155.70000,0.53498,403.62912
2025-06-22 01:01:20+07:00,7790,25.70000,88.90000,119.30000,159.10001,0.56777,403.62170
2025-06-22 01:02:09+07:00,7791,25.70000,88.60000,121.90000,161.39999,0.53658,403.69644
2025-06-22 01:02:59+07:00,7792,25.70000,88.50000,117.50000,154.20000,0.55119,403.69644
2025-06-22 01:03:48+07:00,7793,25.70000,88.80000,117.90000,155.00000,0.53178,403.56277
2025-06-22 01:04:38+07:00,7794,25.70000,89.20000,119.90000,154.60001,0.56609,403.71155
2025-06-22 01:05:27+07:00,7795,25.60000,89.30000,123.60000,159.70000,0.54142,403.71912
2025-06-22 01:06:17+07:00,7796,25.70000,89.20000,118.50000,153.20000,0.54304,403.72668
2025-06-22 01:07:06+07:00,7797,25.60000,89.30000,115.10000,150.80000,0.51915,403.69644
2025-06-22 01:07:56+07:00,7798,25.60000,89.40000,116.80000,153.00000,0.50521,403.75714
2025-06-22 01:08:45+07:00,7799,25.60000,89.60000,119.80000,155.39999,0.53980,403.75714
2025-06-22 01:09:35+07:00,7800,25.50000,89.90000,118.50000,151.30000,0.56945,403.54089
2025-06-22 01:10:24+07:00,7801,25.60000,89.70000,121.00000,159.39999,0.54955,403.68140
2025-06-22 01:11:14+07:00,7802,25.60000,89.60000,115.70000,151.70000,0.53019,403.70398
2025-06-22 01:12:03+07:00,7803,25.70000,89.40000,120.40000,153.10001,0.53819,403.65894
2025-06-22 01:12:53+07:00,7804,25.80000,88.90000,116.30000,146.80000,0.55447,403.62912
2025-06-22 01:13:42+07:00,7805,25.80000,89.20000,116.60000,155.80000,0.52860,403.70398
2025-06-22 01:14:31+07:00,7806,25.80000,89.10000,117.10000,150.50000,0.53498,403.59952
2025-06-22 01:15:21+07:00,7807,25.80000,89.00000,119.20000,155.70000,0.54466,403.74188
2025-06-22 01:16:10+07:00,7808,25.80000,89.00000,117.70000,158.10001,0.51447,403.60690
2025-06-22 01:17:00+07:00,7809,25.80000,88.80000,121.80000,160.80000,0.54792,403.89661
2025-06-22 01:17:49+07:00,7810,25.90000,88.50000,125.40000,163.89999,0.52386,403.59952
2025-06-22 01:18:38+07:00,7811,25.80000,88.70000,127.90000,170.89999,0.54304,403.92816
2025-06-22 01:19:28+07:00,7812,25.80000,88.80000,126.30000,165.80000,0.52702,403.75714
2025-06-22 01:20:17+07:00,7813,25.70000,89.10000,130.50000,175.10001,0.52860,403.77243
2025-06-22 01:21:09+07:00,7814,25.70000,89.20000,129.80000,173.60001,0.53980,403.77243
2025-06-22 01:21:59+07:00,7815,25.70000,89.40000,133.60001,181.30000,0.55447,403.67389
2025-06-22 01:22:48+07:00,7816,25.60000,89.60000,130.39999,174.10001,0.54629,403.77243
2025-06-22 01:23:40+07:00,7817,25.60000,89.80000,130.10001,171.80000,0.56609,403.68140
2025-06-22 01:24:30+07:00,7818,25.60000,90.20000,134.20000,179.70000,0.52544,403.69644
2025-06-22 01:25:19+07:00,7819,25.50000,90.20000,129.70000,173.80000,0.56442,403.74188
2025-06-22 01:26:08+07:00,7820,25.60000,89.90000,133.00000,179.10001,0.51136,403.58478
2025-06-22 01:26:58+07:00,7821,25.70000,89.70000,128.60001,173.20000,0.55283,403.76477
2025-06-22 01:27:47+07:00,7822,25.70000,89.40000,129.00000,170.70000,0.53658,403.68140
2025-06-22 01:28:36+07:00,7823,25.80000,89.10000,127.50000,171.30000,0.53498,403.78778
2025-06-22 01:29:26+07:00,7824,25.70000,89.20000,129.60001,174.89999,0.52544,403.65894
2025-06-22 01:30:15+07:00,7825,25.70000,89.30000,128.00000,174.80000,0.54304,403.67389
2025-06-22 01:31:05+07:00,7826,25.70000,89.60000,128.30000,174.39999,0.54142,403.78778
2025-06-22 01:31:54+07:00,7827,25.70000,89.50000,128.10001,170.80000,0.53338,403.76477
2025-06-22 01:32:43+07:00,7828,25.70000,89.70000,129.50000,173.10001,0.54629,403.80316
2025-06-22 01:33:33+07:00,7829,25.70000,89.70000,129.89999,172.80000,0.52544,403.71912
2025-06-22 01:34:22+07:00,7830,25.70000,89.70000,135.30000,181.00000,0.53658,403.71155
2025-06-22 01:35:11+07:00,7831,25.80000,89.70000,130.30000,177.70000,0.54955,403.72668
2025-06-22 01:36:01+07:00,7832,25.80000,89.70000,135.00000,176.50000,0.55283,403.70398
2025-06-22 01:36:50+07:00,7833,25.80000,89.80000,133.00000,176.60001,0.59685,403.84189
2025-06-22 01:37:40+07:00,7834,25.80000,89.60000,131.30000,177.50000,0.54792,403.90448
2025-06-22 01:38:29+07:00,7835,25.70000,89.80000,134.00000,177.80000,0.54955,403.78778
2025-06-22 01:39:18+07:00,7836,25.70000,89.90000,132.39999,175.89999,0.57451,403.73428
2025-06-22 01:40:08+07:00,7837,25.70000,89.70000,129.80000,176.70000,0.55612,403.75714
2025-06-22 01:40:57+07:00,7838,25.70000,89.70000,129.70000,171.89999,0.55119,403.81088
2025-06-22 01:41:46+07:00,7839,25.70000,89.60000,128.30000,172.80000,0.55283,403.79547
2025-06-22 01:42:36+07:00,7840,25.70000,89.80000,128.00000,173.20000,0.56609,403.89661
2025-06-22 01:43:25+07:00,7841,25.60000,89.90000,125.60000,168.00000,0.57282,403.66641
2025-06-22 01:44:15+07:00,7842,25.60000,90.10000,127.20000,175.30000,0.54629,403.62912
2025-06-22 01:45:05+07:00,7843,25.60000,89.90000,124.20000,171.70000,0.54629,403.74188
2025-06-22 01:45:55+07:00,7844,25.60000,89.80000,121.90000,166.70000,0.57113,403.72668
2025-06-22 01:46:45+07:00,7845,25.60000,89.40000,122.00000,164.80000,0.53019,403.78778
2025-06-22 01:47:35+07:00,7846,25.60000,89.50000,121.00000,165.39999,0.57282,403.64401
2025-06-22 01:48:27+07:00,7847,25.60000,89.70000,124.90000,168.89999,0.56109,403.92026
2025-06-22 01:49:16+07:00,7848,25.60000,89.70000,126.90000,170.39999,0.56109,403.74188
2025-06-22 01:50:06+07:00,7849,25.70000,89.40000,124.30000,168.10001,0.56442,403.79547
2025-06-22 01:50:58+07:00,7850,25.70000,89.20000,128.39999,171.89999,0.52386,403.67389
2025-06-22 01:51:48+07:00,7851,25.80000,89.10000,127.80000,174.39999,0.57451,403.81860
2025-06-22 01:52:39+07:00,7852,25.80000,89.00000,126.50000,175.70000,0.54142,403.67389
2025-06-22 01:53:29+07:00,7853,25.70000,88.90000,127.80000,176.60001,0.53498,403.81088
2025-06-22 01:54:19+07:00,7854,25.70000,89.10000,133.60001,183.70000,0.53980,403.68890
2025-06-22 01:55:08+07:00,7855,25.60000,89.10000,130.60001,182.70000,0.56777,403.74951
2025-06-22 01:55:59+07:00,7856,25.70000,89.20000,135.20000,188.10001,0.54792,403.74951
2025-06-22 01:56:49+07:00,7857,25.70000,89.10000,134.10001,190.20000,0.55447,403.73428
2025-06-22 01:57:38+07:00,7858,25.60000,89.20000,138.39999,192.30000,0.55777,403.51187
2025-06-22 01:58:32+07:00,7859,25.60000,89.20000,138.10001,193.30000,0.53819,403.62912
2025-06-22 01:59:22+07:00,7860,25.70000,89.20000,138.89999,190.20000,0.56609,403.78778
2025-06-22 02:00:11+07:00,7861,25.70000,89.30000,135.60001,188.20000,0.54304,403.88873
2025-06-22 02:01:01+07:00,7862,25.70000,89.10000,139.30000,196.10001,0.55943,403.59213
2025-06-22 02:01:50+07:00,7863,25.70000,89.20000,138.00000,195.10001,0.58131,404.14658
2025-06-22 02:02:40+07:00,7864,25.70000,89.20000,139.60001,200.20000,0.53819,403.75714
2025-06-22 02:03:29+07:00,7865,25.70000,89.20000,140.10001,199.10001,0.56609,403.77243
2025-06-22 02:04:19+07:00,7866,25.70000,89.30000,136.50000,191.70000,0.52702,403.79547
2025-06-22 02:05:08+07:00,7867,25.70000,89.10000,139.20000,199.80000,0.56109,403.95197
2025-06-22 02:05:58+07:00,7868,25.70000,89.20000,139.80000,199.30000,0.52228,403.74951
2025-06-22 02:06:47+07:00,7869,25.70000,89.10000,138.70000,194.50000,0.54629,403.67389
2025-06-22 02:07:36+07:00,7870,25.60000,89.40000,134.10001,189.00000,0.56945,403.78009
2025-06-22 02:08:26+07:00,7871,25.60000,89.70000,140.60001,195.70000,0.56442,403.70398
2025-06-22 02:09:15+07:00,7872,25.50000,89.80000,132.80000,187.89999,0.55447,403.60690
2025-06-22 02:10:04+07:00,7873,25.60000,89.60000,134.80000,189.00000,0.53498,403.81088
2025-06-22 02:10:54+07:00,7874,25.50000,90.10000,134.89999,190.20000,0.57961,403.78778
2025-06-22 02:11:43+07:00,7875,25.50000,90.40000,140.70000,194.00000,0.53658,403.74951
2025-06-22 02:12:33+07:00,7876,25.40000,90.60000,141.89999,200.60001,0.55283,403.88873
2025-06-22 02:13:22+07:00,7877,25.40000,90.80000,141.80000,203.39999,0.55943,403.74951
2025-06-22 02:14:11+07:00,7878,25.40000,90.70000,137.00000,196.80000,0.56442,403.73428
2025-06-22 02:15:01+07:00,7879,25.40000,90.70000,137.30000,191.20000,0.54955,403.71155
2025-06-22 02:15:51+07:00,7880,25.50000,90.50000,140.30000,204.10001,0.54304,403.71155
2025-06-22 02:16:40+07:00,7881,25.50000,90.20000,142.20000,201.39999,0.51291,403.89661
2025-06-22 02:17:29+07:00,7882,25.60000,90.20000,139.60001,195.39999,0.55447,403.80316
2025-06-22 02:18:19+07:00,7883,25.60000,90.00000,144.20000,207.80000,0.54466,403.51910
2025-06-22 02:19:08+07:00,7884,25.60000,89.80000,142.30000,205.10001,0.57282,403.78009
2025-06-22 02:19:57+07:00,7885,25.60000,89.80000,144.00000,209.39999,0.57621,403.69644
2025-06-22 02:20:47+07:00,7886,25.60000,89.90000,149.89999,216.70000,0.56442,403.75714
2025-06-22 02:21:36+07:00,7887,25.60000,89.90000,146.60001,209.10001,0.55612,403.69644
2025-06-22 02:22:26+07:00,7888,25.60000,90.00000,149.60001,213.30000,0.57621,403.83411
2025-06-22 02:23:15+07:00,7889,25.60000,90.10000,149.10001,214.50000,0.55612,403.78009
2025-06-22 02:24:04+07:00,7890,25.50000,90.20000,147.70000,213.80000,0.54466,403.88873
2025-06-22 02:24:54+07:00,7891,25.60000,90.00000,143.10001,204.89999,0.57451,403.59213
2025-06-22 02:25:43+07:00,7892,25.60000,89.70000,141.30000,200.89999,0.56109,403.65146
2025-06-22 02:26:33+07:00,7893,25.60000,89.50000,140.50000,202.50000,0.58131,403.67389
2025-06-22 02:27:22+07:00,7894,25.60000,89.40000,140.80000,203.39999,0.56609,403.70398
2025-06-22 02:28:12+07:00,7895,25.60000,89.60000,137.80000,200.70000,0.55283,403.79547
2025-06-22 02:29:01+07:00,7896,25.50000,89.60000,134.80000,192.80000,0.52702,403.66641
2025-06-22 02:29:50+07:00,7897,25.50000,89.60000,142.60001,204.60001,0.55283,403.71912
2025-06-22 02:30:40+07:00,7898,25.60000,89.50000,141.00000,204.70000,0.53338,403.67389
2025-06-22 02:31:29+07:00,7899,25.50000,89.50000,137.50000,202.50000,0.54304,403.66641
2025-06-22 02:32:19+07:00,7900,25.60000,89.40000,143.50000,213.10001,0.54466,403.71155
2025-06-22 02:33:08+07:00,7901,25.50000,89.70000,142.20000,208.39999,0.51602,403.64401
2025-06-22 02:33:57+07:00,7902,25.40000,89.90000,139.30000,202.00000,0.55612,403.71912
2025-06-22 02:34:47+07:00,7903,25.40000,90.00000,139.70000,204.00000,0.52860,403.77243
2025-06-22 02:35:36+07:00,7904,25.40000,90.10000,138.70000,202.20000,0.55119,403.66641
2025-06-22 02:36:25+07:00,7905,25.50000,89.90000,145.00000,206.50000,0.55943,403.59213
2025-06-22 02:37:15+07:00,7906,25.50000,89.70000,144.30000,207.50000,0.53019,403.74188
2025-06-22 02:38:04+07:00,7907,25.60000,89.50000,142.50000,203.10001,0.52702,403.83411
2025-06-22 02:38:54+07:00,7908,25.60000,89.70000,142.50000,208.00000,0.54629,403.64401
2025-06-22 02:39:43+07:00,7909,25.60000,89.50000,141.50000,202.39999,0.50674,403.63657
2025-06-22 02:40:32+07:00,7910,25.60000,89.40000,139.89999,201.89999,0.52860,403.65146
2025-06-22 02:41:22+07:00,7911,25.60000,89.40000,139.30000,203.50000,0.54792,403.62912
2025-06-22 02:42:11+07:00,7912,25.60000,89.50000,142.10001,201.70000,0.55283,403.67389
2025-06-22 02:43:01+07:00,7913,25.50000,89.60000,137.70000,193.20000,0.57791,403.71912
2025-06-22 02:43:50+07:00,7914,25.60000,89.80000,137.89999,195.60001,0.56109,403.71155
2025-06-22 02:44:39+07:00,7915,25.60000,89.70000,137.89999,195.20000,0.51915,403.62912
2025-06-22 02:45:29+07:00,7916,25.60000,89.70000,133.20000,190.20000,0.55283,403.78009
2025-06-22 02:46:18+07:00,7917,25.60000,89.70000,136.30000,193.50000,0.54304,403.70398
2025-06-22 02:47:08+07:00,7918,25.60000,89.50000,134.30000,193.70000,0.54304,403.68140
2025-06-22 02:47:57+07:00,7919,25.60000,89.50000,136.89999,193.00000,0.53498,403.71155
2025-06-22 02:48:46+07:00,7920,25.60000,89.30000,133.60001,191.00000,0.56777,403.89661
2025-06-22 02:49:36+07:00,7921,25.60000,89.20000,135.39999,189.50000,0.52702,403.71155
2025-06-22 02:50:26+07:00,7922,25.50000,89.30000,132.70000,185.20000,0.55447,403.66641
2025-06-22 02:51:15+07:00,7923,25.60000,89.20000,135.39999,189.30000,0.56609,403.76477
2025-06-22 02:52:08+07:00,7924,25.60000,89.30000,135.70000,189.70000,0.53498,403.70398
2025-06-22 02:52:57+07:00,7925,25.50000,89.50000,136.89999,194.89999,0.51447,403.71912
2025-06-22 02:53:46+07:00,7926,25.40000,89.80000,137.20000,192.00000,0.51915,403.70398
2025-06-22 02:54:36+07:00,7927,25.40000,90.10000,135.60001,187.20000,0.54629,403.74951
2025-06-22 02:55:25+07:00,7928,25.30000,90.50000,132.60001,185.00000,0.53980,403.68890
2025-06-22 02:56:14+07:00,7929,25.30000,90.90000,130.39999,184.50000,0.54142,403.82635
2025-06-22 02:57:04+07:00,7930,25.30000,91.10000,128.80000,180.50000,0.49910,403.69644
2025-06-22 02:57:53+07:00,7931,25.30000,90.70000,132.20000,187.80000,0.52071,403.74951
2025-06-22 02:58:43+07:00,7932,25.40000,90.50000,138.89999,199.80000,0.50368,403.69644
2025-06-22 02:59:32+07:00,7933,25.30000,90.50000,135.80000,195.80000,0.53980,403.70398
2025-06-22 03:00:21+07:00,7934,25.30000,90.70000,135.39999,196.89999,0.53980,403.81860
2025-06-22 03:01:11+07:00,7935,25.30000,90.70000,137.30000,201.70000,0.57451,403.75714
2025-06-22 03:02:00+07:00,7936,25.20000,90.80000,142.39999,203.70000,0.53178,403.68140
2025-06-22 03:02:52+07:00,7937,25.30000,90.90000,138.80000,198.10001,0.55119,403.79547
2025-06-22 03:03:42+07:00,7938,25.20000,91.00000,134.39999,197.30000,0.52860,403.68890
2025-06-22 03:04:31+07:00,7939,25.20000,90.90000,137.10001,199.39999,0.52544,403.65894
2025-06-22 03:05:21+07:00,7940,25.20000,90.90000,136.50000,194.10001,0.52860,403.57010
2025-06-22 03:06:10+07:00,7941,25.30000,91.10000,140.00000,206.10001,0.51136,403.71912
2025-06-22 03:07:00+07:00,7942,25.20000,91.20000,139.20000,204.70000,0.54304,403.80316
2025-06-22 03:07:49+07:00,7943,25.20000,91.30000,143.89999,213.30000,0.53658,403.72668
2025-06-22 03:08:41+07:00,7944,25.20000,91.40000,138.10001,203.00000,0.54792,403.62170
2025-06-22 03:09:31+07:00,7945,25.30000,91.50000,140.70000,208.89999,0.53178,403.65146
2025-06-22 03:10:25+07:00,7946,25.30000,91.40000,140.80000,205.60001,0.50982,403.66641
2025-06-22 03:11:15+07:00,7947,25.30000,91.30000,142.39999,207.80000,0.53980,403.71912
2025-06-22 03:12:04+07:00,7948,25.30000,91.20000,136.89999,202.80000,0.53498,403.75714
2025-06-22 03:12:54+07:00,7949,25.30000,91.10000,139.00000,202.70000,0.52702,403.81860
2025-06-22 03:13:45+07:00,7950,25.30000,90.70000,133.00000,196.80000,0.54629,403.68140
2025-06-22 03:14:34+07:00,7951,25.30000,90.60000,138.70000,200.70000,0.54955,403.57745
2025-06-22 03:15:24+07:00,7952,25.30000,90.60000,135.70000,198.39999,0.52071,403.57010
2025-06-22 03:16:13+07:00,7953,25.30000,90.50000,136.00000,201.60001,0.52386,403.68140
2025-06-22 03:17:02+07:00,7954,25.30000,90.50000,137.60001,205.30000,0.54304,403.63657
2025-06-22 03:17:52+07:00,7955,25.30000,90.40000,143.10001,208.50000,0.52228,403.63657
2025-06-22 03:18:44+07:00,7956,25.40000,90.30000,137.20000,205.39999,0.51758,403.71912
2025-06-22 03:19:34+07:00,7957,25.40000,90.00000,139.89999,209.30000,0.53658,403.54819
2025-06-22 03:20:23+07:00,7958,25.30000,90.20000,135.10001,199.10001,0.51758,403.69644
2025-06-22 03:21:13+07:00,7959,25.30000,90.40000,137.20000,200.60001,0.55612,403.62912
2025-06-22 03:22:02+07:00,7960,25.30000,90.70000,137.50000,200.60001,0.54142,403.64401
2025-06-22 03:22:52+07:00,7961,25.30000,90.90000,139.39999,203.50000,0.51291,403.57745
2025-06-22 03:23:41+07:00,7962,25.20000,90.90000,140.00000,205.70000,0.53980,403.59952
2025-06-22 03:24:30+07:00,7963,25.20000,91.10000,138.20000,197.70000,0.53658,403.63657
2025-06-22 03:25:20+07:00,7964,25.20000,91.20000,134.30000,200.20000,0.53178,403.62912
2025-06-22 03:26:16+07:00,7965,25.30000,91.30000,134.39999,200.50000,0.49608,403.58478
2025-06-22 03:27:08+07:00,7966,25.20000,91.20000,136.50000,200.00000,0.52544,403.59213
2025-06-22 03:27:58+07:00,7967,25.20000,91.10000,134.39999,193.30000,0.52071,403.54089
2025-06-22 03:28:47+07:00,7968,25.30000,90.70000,134.80000,197.30000,0.54142,403.61429
2025-06-22 03:29:37+07:00,7969,25.30000,90.70000,131.10001,193.39999,0.52386,403.59213
2025-06-22 03:30:28+07:00,7970,25.40000,90.40000,135.50000,195.50000,0.49759,403.71912
2025-06-22 03:31:18+07:00,7971,25.30000,90.60000,137.89999,200.20000,0.53819,403.54089
2025-06-22 03:32:07+07:00,7972,25.40000,90.50000,135.00000,197.60001,0.48707,403.60690
2025-06-22 03:32:56+07:00,7973,25.40000,90.40000,133.89999,191.50000,0.54142,403.68140
2025-06-22 03:33:46+07:00,7974,25.40000,90.20000,133.80000,191.39999,0.54304,403.63657
2025-06-22 03:34:35+07:00,7975,25.50000,90.00000,131.89999,195.30000,0.50674,403.59952
2025-06-22 03:35:25+07:00,7976,25.40000,89.90000,132.60001,200.39999,0.51602,403.63657
2025-06-22 03:36:14+07:00,7977,25.50000,90.10000,134.80000,196.80000,0.54629,403.63657
2025-06-22 03:37:03+07:00,7978,25.40000,89.90000,134.50000,191.20000,0.51136,403.65894
2025-06-22 03:37:53+07:00,7979,25.40000,90.00000,129.80000,188.30000,0.49306,403.51187
2025-06-22 03:38:42+07:00,7980,25.40000,89.80000,130.39999,184.50000,0.55777,403.62170
2025-06-22 03:39:31+07:00,7981,25.50000,89.60000,127.20000,185.60001,0.52228,403.60690
2025-06-22 03:40:21+07:00,7982,25.50000,89.50000,130.89999,187.20000,0.55447,403.54089
2025-06-22 03:41:10+07:00,7983,25.50000,89.40000,128.10001,186.20000,0.49608,403.56277
2025-06-22 03:41:59+07:00,7984,25.50000,89.40000,128.10001,182.80000,0.49759,403.65894
2025-06-22 03:42:49+07:00,7985,25.50000,89.40000,129.39999,180.89999,0.50521,403.62170
2025-06-22 03:43:42+07:00,7986,25.60000,89.20000,129.00000,186.80000,0.50982,403.64401
2025-06-22 03:44:31+07:00,7987,25.60000,89.10000,128.60001,184.39999,0.53819,403.62912
2025-06-22 03:45:21+07:00,7988,25.50000,89.20000,128.39999,185.30000,0.57791,403.65146
2025-06-22 03:46:10+07:00,7989,25.50000,89.30000,128.70000,186.00000,0.54304,403.59952
2025-06-22 03:46:59+07:00,7990,25.40000,89.60000,125.00000,177.30000,0.50215,403.51910
2025-06-22 03:47:52+07:00,7991,25.40000,89.60000,130.80000,187.60001,0.52386,403.52637
2025-06-22 03:48:41+07:00,7992,25.50000,89.50000,128.60001,185.70000,0.51447,403.62170
2025-06-22 03:49:31+07:00,7993,25.50000,89.50000,124.10000,180.89999,0.50215,403.58478
2025-06-22 03:50:20+07:00,7994,25.50000,89.60000,123.20000,173.20000,0.52228,403.54089
2025-06-22 03:51:09+07:00,7995,25.50000,89.60000,122.80000,169.50000,0.50521,403.56277
2025-06-22 03:51:59+07:00,7996,25.50000,89.40000,119.60000,172.80000,0.49608,403.62170
2025-06-22 03:52:48+07:00,7997,25.50000,89.30000,119.30000,166.30000,0.48558,403.64401
2025-06-22 03:53:38+07:00,7998,25.50000,89.40000,122.30000,171.30000,0.51136,403.64401
2025-06-22 03:54:27+07:00,7999,25.50000,89.60000,121.30000,170.00000,0.50674,403.53363
2025-06-22 03:55:21+07:00,8000,25.50000,89.40000,123.80000,167.50000,0.53819,403.57010
2025-06-22 03:56:14+07:00,8001,25.40000,89.70000,127.10000,175.89999,0.50982,403.52637
2025-06-22 03:57:09+07:00,8002,25.40000,90.00000,123.20000,176.39999,0.49910,403.41177
2025-06-22 03:57:59+07:00,8003,25.40000,90.00000,123.00000,173.39999,0.51291,403.65146
2025-06-22 03:58:49+07:00,8004,25.40000,89.70000,123.90000,173.70000,0.52071,403.70398
2025-06-22 03:59:38+07:00,8005,25.40000,90.00000,122.40000,174.10001,0.55612,403.57745
2025-06-22 04:00:28+07:00,8006,25.40000,90.00000,124.50000,181.80000,0.52071,403.63657
2025-06-22 04:01:18+07:00,8007,25.50000,89.90000,127.90000,179.20000,0.53178,403.63657
2025-06-22 04:02:07+07:00,8008,25.50000,89.70000,125.00000,178.80000,0.58302,403.61429
2025-06-22 04:02:57+07:00,8009,25.40000,89.90000,126.00000,176.80000,0.51447,403.54089
2025-06-22 04:03:47+07:00,8010,25.40000,89.90000,123.80000,179.10001,0.49306,404.05646
2025-06-22 04:04:37+07:00,8011,25.30000,90.00000,124.60000,176.10001,0.53338,403.54819
2025-06-22 04:06:23+07:00,8012,25.30000,89.90000,130.80000,184.70000,0.52544,403.66641
2025-06-22 04:07:12+07:00,8013,25.30000,89.80000,122.10000,177.20000,0.54466,403.61429
2025-06-22 04:08:02+07:00,8014,25.30000,90.00000,123.30000,174.60001,0.49608,403.74188
2025-06-22 04:08:54+07:00,8015,25.30000,90.10000,119.40000,170.70000,0.54466,403.56277
2025-06-22 04:09:44+07:00,8016,25.30000,90.20000,116.80000,165.30000,0.53980,403.67389
2025-06-22 04:10:33+07:00,8017,25.20000,90.50000,118.80000,164.80000,0.51915,403.57745
2025-06-22 04:11:23+07:00,8018,25.20000,90.30000,120.40000,170.60001,0.54792,403.57010
2025-06-22 04:12:13+07:00,8019,25.20000,90.40000,116.90000,170.10001,0.49457,403.64401
2025-06-22 04:13:03+07:00,8020,25.20000,90.40000,124.00000,177.50000,0.53338,403.62912
2025-06-22 04:13:53+07:00,8021,25.20000,90.70000,117.30000,162.10001,0.50828,403.63657
2025-06-22 04:14:42+07:00,8022,25.10000,90.80000,119.50000,165.00000,0.53178,403.68890
2025-06-22 04:15:32+07:00,8023,25.20000,90.80000,121.20000,168.39999,0.53498,403.62170
2025-06-22 04:16:26+07:00,8024,25.10000,90.90000,123.10000,169.30000,0.50828,403.70398
2025-06-22 04:17:20+07:00,8025,25.10000,91.10000,121.20000,167.80000,0.51447,403.74951
2025-06-22 04:18:10+07:00,8026,25.10000,91.20000,121.20000,172.39999,0.49910,403.71155
2025-06-22 04:19:00+07:00,8027,25.10000,91.20000,124.40000,175.89999,0.53819,403.52637
2025-06-22 04:19:50+07:00,8028,25.10000,91.30000,117.00000,163.80000,0.51602,403.57745
2025-06-22 04:20:44+07:00,8029,25.10000,91.30000,122.80000,175.50000,0.51915,403.62912
2025-06-22 04:21:34+07:00,8030,25.10000,91.00000,124.40000,178.00000,0.52860,403.57010
2025-06-22 04:23:30+07:00,8031,25.20000,90.70000,124.60000,177.50000,0.53338,403.55548
2025-06-22 04:25:28+07:00,8032,25.20000,91.10000,127.10000,174.60001,0.52860,403.47586
2025-06-22 04:26:20+07:00,8033,25.20000,91.00000,119.00000,169.70000,0.49608,403.62170
2025-06-22 04:27:13+07:00,8034,25.20000,91.00000,117.80000,167.30000,0.53498,403.65146
2025-06-22 04:28:05+07:00,8035,25.20000,90.80000,113.10000,154.39999,0.54304,403.65146
2025-06-22 04:28:54+07:00,8036,25.20000,91.00000,111.20000,156.39999,0.54792,403.59213
2025-06-22 04:29:44+07:00,8037,25.30000,90.00000,103.00000,139.20000,0.50368,403.61429
2025-06-22 04:30:34+07:00,8038,25.30000,89.40000,102.80000,142.30000,0.55612,403.71912
2025-06-22 04:31:23+07:00,8039,25.30000,89.90000,99.60000,132.70000,0.51602,403.67389
2025-06-22 04:32:22+07:00,8040,25.30000,90.20000,90.10000,121.90000,0.53338,403.49023
2025-06-22 04:33:15+07:00,8041,25.20000,89.90000,86.80000,115.30000,0.51291,403.59952
2025-06-22 04:34:05+07:00,8042,25.20000,89.50000,88.50000,116.00000,0.51602,403.49744
2025-06-22 04:34:54+07:00,8043,25.30000,89.20000,84.80000,112.70000,0.52071,403.49744
2025-06-22 04:35:44+07:00,8044,25.30000,88.60000,87.10000,115.20000,0.49457,403.57010
2025-06-22 04:36:33+07:00,8045,25.30000,89.10000,82.50000,108.60000,0.50828,403.51910
2025-06-22 04:37:23+07:00,8046,25.30000,89.10000,84.70000,111.60000,0.51915,403.59213
2025-06-22 04:38:12+07:00,8047,25.30000,89.20000,85.90000,114.50000,0.52544,403.43304
2025-06-22 04:39:02+07:00,8048,25.20000,89.60000,87.90000,116.10000,0.50368,403.58478
2025-06-22 04:39:51+07:00,8049,25.20000,89.80000,85.30000,110.30000,0.47527,403.56277
2025-06-22 04:40:40+07:00,8050,25.20000,89.20000,86.80000,116.90000,0.50521,403.53363
2025-06-22 04:41:30+07:00,8051,25.20000,89.80000,87.10000,116.60000,0.51136,403.56277
2025-06-22 04:42:19+07:00,8052,25.20000,89.30000,86.80000,111.20000,0.48262,403.44012
2025-06-22 04:43:08+07:00,8053,25.20000,89.00000,83.40000,108.60000,0.50982,403.51187
2025-06-22 04:43:58+07:00,8054,25.30000,89.10000,78.90000,104.00000,0.49457,403.59213
2025-06-22 04:44:47+07:00,8055,25.30000,88.00000,83.10000,107.80000,0.49759,403.68140
2025-06-22 04:45:36+07:00,8056,25.30000,89.00000,83.80000,108.60000,0.50674,403.55548
2025-06-22 04:46:26+07:00,8057,25.30000,89.30000,81.70000,102.30000,0.48707,403.46869
2025-06-22 04:47:15+07:00,8058,25.30000,88.30000,81.00000,109.40000,0.54304,403.68140
2025-06-22 04:48:05+07:00,8059,25.40000,88.60000,83.80000,111.40000,0.50215,403.62912
2025-06-22 04:48:54+07:00,8060,25.30000,89.30000,83.70000,110.30000,0.51602,403.53363
2025-06-22 04:49:43+07:00,8061,25.30000,88.40000,85.10000,119.00000,0.49306,403.62912
2025-06-22 04:50:33+07:00,8062,25.30000,88.60000,86.80000,116.10000,0.51291,403.65894
2025-06-22 04:51:22+07:00,8063,25.30000,89.00000,86.60000,119.70000,0.50062,403.54819
2025-06-22 04:52:12+07:00,8064,25.30000,89.30000,87.50000,120.20000,0.50062,403.53363
2025-06-22 04:53:01+07:00,8065,25.20000,89.50000,91.10000,137.10001,0.50062,403.59213
2025-06-22 04:53:50+07:00,8066,25.30000,89.40000,88.20000,125.90000,0.50215,403.51910
2025-06-22 04:54:40+07:00,8067,25.30000,89.30000,86.30000,122.20000,0.49457,403.54089
2025-06-22 04:55:32+07:00,8068,25.30000,89.20000,85.90000,120.20000,0.55612,403.55548
2025-06-22 04:56:22+07:00,8069,25.30000,89.60000,85.60000,115.20000,0.49457,403.43304
2025-06-22 04:57:11+07:00,8070,25.30000,89.40000,86.10000,116.60000,0.53498,403.43304
2025-06-22 04:58:01+07:00,8071,25.20000,89.60000,82.90000,115.60000,0.51447,403.51187
2025-06-22 04:58:50+07:00,8072,25.20000,89.50000,81.80000,118.40000,0.49910,403.58478
2025-06-22 04:59:43+07:00,8073,25.30000,89.40000,86.00000,118.30000,0.50368,403.53363
2025-06-22 05:00:34+07:00,8074,25.20000,89.70000,83.90000,115.00000,0.49910,403.41885
2025-06-22 05:01:24+07:00,8075,25.20000,90.00000,83.80000,114.40000,0.52860,403.40472
2025-06-22 05:02:13+07:00,8076,25.20000,90.00000,83.30000,117.60000,0.49457,403.51910
2025-06-22 05:03:02+07:00,8077,25.10000,90.20000,85.00000,117.80000,0.50062,403.55548
2025-06-22 05:03:52+07:00,8078,25.10000,90.10000,84.10000,110.30000,0.49006,403.49744
2025-06-22 05:04:41+07:00,8079,25.20000,89.50000,83.00000,116.90000,0.49759,403.50464
2025-06-22 05:05:30+07:00,8080,25.20000,89.90000,85.00000,115.60000,0.49910,403.53363
2025-06-22 05:06:20+07:00,8081,25.20000,89.90000,83.90000,112.40000,0.49759,403.49023
2025-06-22 05:07:10+07:00,8082,25.20000,89.80000,87.30000,118.40000,0.48114,403.51187
2025-06-22 05:07:59+07:00,8083,25.20000,89.80000,84.20000,115.30000,0.50368,403.54819
2025-06-22 05:08:48+07:00,8084,25.20000,90.00000,84.40000,114.50000,0.52386,403.57745
2025-06-22 05:09:38+07:00,8085,25.20000,89.90000,86.90000,116.50000,0.50521,403.57010
2025-06-22 05:10:27+07:00,8086,25.10000,90.10000,87.00000,121.90000,0.52860,403.45438
2025-06-22 05:11:16+07:00,8087,25.10000,90.30000,87.00000,119.00000,0.51291,403.44727
2025-06-22 05:12:06+07:00,8088,25.00000,90.50000,80.10000,105.90000,0.50215,403.43304
2025-06-22 05:12:56+07:00,8089,25.00000,90.50000,83.10000,117.90000,0.51758,403.50464
2025-06-22 05:13:45+07:00,8090,25.00000,90.70000,86.80000,115.50000,0.47967,403.59213
2025-06-22 05:14:35+07:00,8091,25.00000,90.90000,86.50000,112.00000,0.49006,403.49744
2025-06-22 05:15:24+07:00,8092,25.00000,90.90000,85.10000,113.10000,0.49156,403.41177
2025-06-22 05:16:14+07:00,8093,25.00000,90.90000,87.40000,113.10000,0.49759,403.74951
2025-06-22 05:17:03+07:00,8094,25.00000,91.20000,87.90000,113.60000,0.49006,403.46869
2025-06-22 05:17:52+07:00,8095,24.90000,91.50000,84.60000,119.30000,0.48262,403.55548
2025-06-22 05:18:42+07:00,8096,24.90000,91.60000,89.40000,115.40000,0.50982,403.59213
2025-06-22 05:19:33+07:00,8097,24.90000,91.60000,88.30000,116.10000,0.49006,403.44727
2025-06-22 05:20:22+07:00,8098,25.00000,91.20000,86.70000,115.00000,0.51758,403.47586
2025-06-22 05:21:12+07:00,8099,25.00000,91.00000,89.50000,116.10000,0.50828,403.45438
2025-06-22 05:22:01+07:00,8100,25.00000,91.00000,86.20000,109.00000,0.49306,403.68890
2025-06-22 05:22:51+07:00,8101,24.90000,91.10000,87.80000,113.40000,0.48707,403.62170
2025-06-22 05:23:40+07:00,8102,24.90000,91.10000,86.90000,114.30000,0.48262,403.51187
2025-06-22 05:24:30+07:00,8103,24.90000,91.20000,84.20000,112.60000,0.50062,403.62170
2025-06-22 05:25:22+07:00,8104,25.00000,91.10000,87.50000,114.50000,0.48856,403.49023
2025-06-22 05:26:12+07:00,8105,25.00000,91.10000,82.80000,109.30000,0.51291,403.54089
2025-06-22 05:27:01+07:00,8106,25.00000,91.20000,86.00000,115.40000,0.49910,403.58478
2025-06-22 05:27:54+07:00,8107,25.00000,91.20000,87.90000,113.60000,0.49759,403.51187
2025-06-22 05:28:43+07:00,8108,25.00000,91.00000,86.20000,112.90000,0.47967,403.45438
2025-06-22 05:29:33+07:00,8109,25.10000,91.00000,88.40000,118.30000,0.48856,403.70398
2025-06-22 05:30:22+07:00,8110,25.10000,90.90000,86.70000,118.80000,0.51291,403.49744
2025-06-22 05:31:12+07:00,8111,25.20000,90.40000,89.20000,117.60000,0.49759,403.57010
2025-06-22 05:32:01+07:00,8112,25.10000,90.40000,87.00000,116.60000,0.49608,403.59952
2025-06-22 05:32:51+07:00,8113,25.10000,90.30000,87.20000,114.30000,0.51915,403.57745
2025-06-22 05:33:43+07:00,8114,25.10000,90.40000,90.30000,120.30000,0.49306,403.51910
2025-06-22 05:34:33+07:00,8115,25.20000,90.30000,87.40000,113.20000,0.48856,403.55548
2025-06-22 05:35:22+07:00,8116,25.20000,90.00000,87.10000,118.40000,0.54792,403.65146
2025-06-22 05:36:11+07:00,8117,25.30000,90.00000,95.00000,126.00000,0.51136,403.70398
2025-06-22 05:37:01+07:00,8118,25.30000,89.50000,93.80000,120.80000,0.50062,403.52637
2025-06-22 05:37:50+07:00,8119,25.20000,89.40000,89.40000,115.70000,0.49156,403.56277
2025-06-22 05:38:40+07:00,8120,25.20000,89.70000,93.60000,123.30000,0.50982,403.59952
2025-06-22 05:39:32+07:00,8121,25.10000,89.60000,95.00000,121.20000,0.53178,403.51910
2025-06-22 05:40:22+07:00,8122,25.10000,89.80000,90.80000,119.40000,0.49006,403.54089
2025-06-22 05:41:16+07:00,8123,25.10000,89.70000,90.90000,116.90000,0.50982,403.61429
2025-06-22 05:42:05+07:00,8124,25.10000,89.90000,95.10000,121.30000,0.50368,403.52637
2025-06-22 05:42:55+07:00,8125,25.00000,90.10000,93.60000,117.20000,0.51758,403.59213
2025-06-22 05:43:44+07:00,8126,24.90000,90.30000,94.30000,122.10000,0.50521,403.44727
2025-06-22 05:44:33+07:00,8127,25.00000,90.30000,89.80000,118.80000,0.46800,403.49744
2025-06-22 05:45:23+07:00,8128,25.00000,90.20000,92.40000,119.20000,0.53338,403.52637
2025-06-22 05:46:12+07:00,8129,25.00000,90.10000,93.50000,119.70000,0.50521,403.60690
2025-06-22 05:47:02+07:00,8130,25.10000,90.00000,92.90000,120.10000,0.51602,403.59213
2025-06-22 05:47:51+07:00,8131,25.10000,89.80000,93.50000,122.20000,0.49306,403.57010
2025-06-22 05:48:41+07:00,8132,25.10000,90.00000,95.00000,123.10000,0.51602,403.43304
2025-06-22 05:49:30+07:00,8133,25.10000,90.00000,94.30000,128.30000,0.49457,403.59952
2025-06-22 05:50:20+07:00,8134,25.10000,89.90000,89.70000,117.70000,0.51291,403.57745
2025-06-22 05:51:09+07:00,8135,25.10000,90.00000,87.20000,116.40000,0.49910,403.53363
2025-06-22 05:51:58+07:00,8136,25.10000,90.20000,88.90000,118.90000,0.50828,403.51187
2025-06-22 05:52:48+07:00,8137,25.10000,90.30000,86.20000,118.80000,0.47381,403.62912
2025-06-22 05:53:37+07:00,8138,25.10000,90.30000,89.70000,119.90000,0.49306,403.63657
2025-06-22 05:54:27+07:00,8139,25.10000,90.10000,90.00000,114.00000,0.49608,403.56277
2025-06-22 05:55:16+07:00,8140,25.10000,90.10000,85.90000,113.40000,0.51915,403.63657
2025-06-22 05:56:05+07:00,8141,25.20000,90.10000,87.70000,118.30000,0.50521,403.59952
2025-06-22 05:56:55+07:00,8142,25.20000,89.70000,90.10000,118.90000,0.50215,403.54819
2025-06-22 05:57:44+07:00,8143,25.20000,89.80000,87.00000,119.70000,0.52544,403.61429
2025-06-22 05:58:34+07:00,8144,25.30000,89.70000,88.50000,119.70000,0.52071,403.69644
2025-06-22 05:59:23+07:00,8145,25.20000,90.00000,89.40000,120.40000,0.51447,403.71155
2025-06-22 06:00:12+07:00,8146,25.20000,89.90000,87.40000,114.90000,0.52071,403.62170
2025-06-22 06:01:02+07:00,8147,25.20000,89.90000,90.30000,117.80000,0.49608,403.63657
2025-06-22 06:01:51+07:00,8148,25.20000,89.70000,89.20000,117.30000,0.51136,403.66641
2025-06-22 06:02:40+07:00,8149,25.20000,89.70000,87.30000,114.50000,0.54629,403.65894
2025-06-22 06:03:30+07:00,8150,25.20000,89.70000,90.10000,118.50000,0.52386,403.43304
2025-06-22 06:04:19+07:00,8151,25.20000,89.70000,91.50000,116.40000,0.54955,403.68140
2025-06-22 06:05:09+07:00,8152,25.20000,89.60000,90.10000,117.10000,0.50062,403.56277
2025-06-22 06:05:58+07:00,8153,25.10000,89.80000,90.90000,120.80000,0.48707,403.60690
2025-06-22 06:06:47+07:00,8154,25.10000,89.80000,88.30000,116.80000,0.52386,403.63657
2025-06-22 06:07:37+07:00,8155,25.10000,90.00000,86.20000,118.10000,0.51291,403.66641
2025-06-22 06:08:26+07:00,8156,25.10000,89.80000,87.60000,114.50000,0.51291,403.42593
2025-06-22 06:09:15+07:00,8157,25.00000,90.20000,88.20000,118.90000,0.52544,403.74188
2025-06-22 06:10:05+07:00,8158,25.00000,90.10000,86.90000,112.50000,0.51136,403.61429
2025-06-22 06:10:54+07:00,8159,25.00000,90.20000,85.30000,116.60000,0.51291,403.66641
2025-06-22 06:11:43+07:00,8160,25.10000,89.90000,83.50000,111.20000,0.53019,403.63657
2025-06-22 06:12:33+07:00,8161,25.10000,89.70000,85.40000,112.80000,0.52544,403.69644
2025-06-22 06:13:22+07:00,8162,25.10000,89.60000,85.10000,110.80000,0.52071,403.69644
2025-06-22 06:14:12+07:00,8163,25.10000,89.70000,82.90000,111.30000,0.53178,403.67389
2025-06-22 06:15:01+07:00,8164,25.10000,89.70000,82.90000,110.60000,0.53498,403.67389
2025-06-22 06:15:51+07:00,8165,25.10000,89.40000,79.40000,104.80000,0.53338,403.72668
2025-06-22 06:16:40+07:00,8166,25.10000,89.40000,83.30000,108.70000,0.51136,403.72668
2025-06-22 06:17:29+07:00,8167,25.10000,89.30000,83.40000,113.20000,0.52544,403.73428
2025-06-22 06:18:19+07:00,8168,25.10000,89.30000,83.30000,110.50000,0.52544,403.98389
2025-06-22 06:19:08+07:00,8169,25.10000,89.10000,80.60000,108.60000,0.53658,403.66641
2025-06-22 06:19:58+07:00,8170,25.10000,89.20000,80.80000,107.70000,0.53338,403.78009
2025-06-22 06:20:47+07:00,8171,25.10000,89.00000,83.70000,114.70000,0.50062,403.66641
2025-06-22 06:21:36+07:00,8172,25.10000,89.20000,80.70000,109.20000,0.51915,403.73428
2025-06-22 06:22:26+07:00,8173,25.10000,89.10000,83.20000,113.90000,0.53980,403.74951
2025-06-22 06:23:15+07:00,8174,25.10000,89.10000,82.70000,112.50000,0.53819,403.81088
2025-06-22 06:24:05+07:00,8175,25.10000,89.00000,82.40000,113.90000,0.51758,403.84967
2025-06-22 06:24:54+07:00,8176,25.20000,88.90000,84.20000,118.30000,0.52071,403.87308
2025-06-22 06:25:45+07:00,8177,25.20000,88.80000,86.10000,125.20000,0.52860,403.83411
2025-06-22 06:26:35+07:00,8178,25.10000,88.90000,87.50000,122.10000,0.50982,403.76477
2025-06-22 06:27:24+07:00,8179,25.10000,89.00000,85.30000,121.10000,0.53980,403.81088
2025-06-22 06:28:13+07:00,8180,25.00000,89.30000,86.60000,124.00000,0.52228,403.88873
2025-06-22 06:29:03+07:00,8181,25.00000,89.20000,84.70000,119.20000,0.55283,403.60690
2025-06-22 06:29:52+07:00,8182,25.00000,89.50000,84.40000,116.20000,0.52228,403.86526
2025-06-22 06:30:41+07:00,8183,25.00000,89.60000,84.20000,116.00000,0.56777,403.70398
2025-06-22 06:31:31+07:00,8184,25.10000,89.30000,84.70000,115.80000,0.56777,403.88873
2025-06-22 06:32:20+07:00,8185,25.00000,89.60000,85.70000,118.60000,0.57621,403.88092
2025-06-22 06:33:10+07:00,8186,25.00000,89.80000,86.90000,118.60000,0.55447,403.86526
2025-06-22 06:33:59+07:00,8187,25.00000,90.00000,85.30000,118.20000,0.55777,403.78009
2025-06-22 06:34:49+07:00,8188,25.00000,89.70000,85.50000,117.30000,0.56442,403.78778
2025-06-22 06:35:38+07:00,8189,25.00000,89.50000,87.70000,117.90000,0.55612,403.84967
2025-06-22 06:36:27+07:00,8190,25.00000,89.70000,84.60000,114.20000,0.49910,403.88873
2025-06-22 06:37:17+07:00,8191,25.00000,90.00000,86.10000,121.40000,0.55612,403.75714
2025-06-22 06:38:06+07:00,8192,25.00000,90.00000,83.90000,114.90000,0.55119,403.88873
2025-06-22 06:38:55+07:00,8193,25.00000,89.70000,84.60000,113.30000,0.56945,403.95197
2025-06-22 06:39:45+07:00,8194,25.10000,89.40000,88.20000,119.80000,0.53338,403.81860
2025-06-22 06:40:34+07:00,8195,25.10000,89.20000,86.60000,121.40000,0.57451,403.78778
2025-06-22 06:41:24+07:00,8196,25.10000,89.20000,87.20000,116.70000,0.52860,403.89661
2025-06-22 06:42:13+07:00,8197,25.10000,89.10000,89.40000,124.40000,0.55612,403.85745
2025-06-22 06:43:03+07:00,8198,25.20000,89.00000,79.00000,112.40000,0.54629,403.88092
2025-06-22 06:43:52+07:00,8199,25.10000,89.10000,83.90000,115.60000,0.53980,403.81088
2025-06-22 06:44:41+07:00,8200,25.10000,89.30000,84.20000,114.50000,0.53658,403.87308
2025-06-22 06:45:31+07:00,8201,25.00000,89.40000,82.70000,114.50000,0.56109,404.03214
2025-06-22 06:46:20+07:00,8202,25.00000,89.70000,83.80000,111.10000,0.53178,403.78009
2025-06-22 06:47:10+07:00,8203,24.90000,89.80000,83.20000,107.30000,0.58131,403.78009
2025-06-22 06:47:59+07:00,8204,24.90000,90.10000,81.50000,107.00000,0.57113,403.88092
2025-06-22 06:48:49+07:00,8205,24.90000,90.00000,82.30000,114.30000,0.54629,403.84967
2025-06-22 06:49:38+07:00,8206,24.90000,90.20000,81.80000,109.50000,0.53819,403.82635
2025-06-22 06:50:28+07:00,8207,24.90000,90.40000,80.90000,108.80000,0.57961,403.77243
2025-06-22 06:51:17+07:00,8208,24.90000,90.30000,82.90000,110.30000,0.52386,403.94400
2025-06-22 06:52:07+07:00,8209,25.00000,89.90000,83.10000,111.70000,0.52071,403.98389
2025-06-22 06:52:56+07:00,8210,25.10000,89.90000,83.60000,109.70000,0.54792,403.89661
2025-06-22 06:53:46+07:00,8211,25.10000,90.00000,84.80000,114.40000,0.57791,404.14658
2025-06-22 06:54:35+07:00,8212,25.00000,90.20000,85.80000,117.00000,0.55777,404.31464
2025-06-22 06:55:25+07:00,8213,25.00000,90.30000,80.20000,105.70000,0.58818,404.24677
2025-06-22 06:56:14+07:00,8214,25.10000,90.00000,73.40000,100.30000,0.53338,404.14658
2025-06-22 06:57:03+07:00,8215,25.20000,88.90000,79.70000,111.20000,0.55777,404.04834
2025-06-22 06:57:53+07:00,8216,25.20000,88.50000,84.10000,115.30000,0.55777,403.86526
2025-06-22 06:58:42+07:00,8217,25.20000,88.50000,82.10000,111.20000,0.58302,403.80316
2025-06-22 06:59:32+07:00,8218,25.20000,88.70000,79.10000,111.50000,0.55612,403.77243
2025-06-22 07:00:21+07:00,8219,25.20000,88.50000,80.40000,109.70000,0.56276,403.74951
2025-06-22 07:01:11+07:00,8220,25.20000,88.30000,79.70000,106.10000,0.56609,403.84967
2025-06-22 07:02:00+07:00,8221,25.20000,87.80000,77.60000,106.50000,0.55283,403.71155
2025-06-22 07:02:50+07:00,8222,25.20000,87.80000,79.20000,112.40000,0.58646,403.79547
2025-06-22 07:03:39+07:00,8223,25.20000,87.70000,72.10000,100.00000,0.52386,403.84189
2025-06-22 07:04:29+07:00,8224,25.30000,87.70000,65.60000,89.00000,0.57621,403.76477
2025-06-22 07:05:18+07:00,8225,25.30000,87.10000,60.80000,85.40000,0.53658,403.74188
2025-06-22 07:06:08+07:00,8226,25.30000,86.50000,62.50000,85.40000,0.55119,403.71912
2025-06-22 07:06:57+07:00,8227,25.30000,86.10000,60.10000,79.20000,0.54304,403.68890
2025-06-22 07:07:47+07:00,8228,25.30000,86.60000,62.20000,84.70000,0.54142,403.81088
2025-06-22 07:08:36+07:00,8229,25.30000,86.20000,59.00000,77.60000,0.50674,403.67389
2025-06-22 07:09:25+07:00,8230,25.40000,85.70000,57.20000,75.40000,0.53019,403.72668
2025-06-22 07:10:15+07:00,8231,25.40000,85.70000,59.20000,78.20000,0.50982,403.72668
2025-06-22 07:11:04+07:00,8232,25.40000,86.00000,57.70000,80.00000,0.54466,403.59952
2025-06-22 07:11:54+07:00,8233,25.40000,85.90000,58.20000,76.80000,0.48856,403.62912
2025-06-22 07:12:43+07:00,8234,25.40000,86.10000,60.40000,80.10000,0.53980,403.64401
2025-06-22 07:13:33+07:00,8235,25.30000,86.50000,60.20000,81.30000,0.51602,403.59952
2025-06-22 07:14:23+07:00,8236,25.30000,86.30000,57.70000,75.40000,0.49608,403.55548
2025-06-22 07:15:13+07:00,8237,25.30000,86.30000,57.40000,74.70000,0.48707,403.57010
2025-06-22 07:16:08+07:00,8238,25.30000,85.70000,59.80000,81.30000,0.50828,403.65146
2025-06-22 07:16:58+07:00,8239,25.30000,85.20000,57.90000,77.90000,0.54142,403.51187
2025-06-22 07:17:47+07:00,8240,25.40000,85.60000,60.00000,84.20000,0.50215,403.66641
2025-06-22 07:18:36+07:00,8241,25.30000,86.30000,61.60000,84.70000,0.50521,403.59213
2025-06-22 07:19:26+07:00,8242,25.30000,86.00000,59.80000,81.30000,0.48856,403.80316
2025-06-22 07:20:15+07:00,8243,25.20000,86.30000,63.70000,88.50000,0.51915,403.54819
2025-06-22 07:21:05+07:00,8244,25.20000,86.30000,61.10000,84.80000,0.50982,403.56277
2025-06-22 07:21:54+07:00,8245,25.20000,86.60000,63.90000,86.00000,0.49156,403.65146
2025-06-22 07:22:43+07:00,8246,25.20000,86.40000,65.30000,88.30000,0.50828,403.62912
2025-06-22 07:23:33+07:00,8247,25.20000,87.00000,66.90000,90.40000,0.48707,403.61429
2025-06-22 07:24:22+07:00,8248,25.30000,86.90000,66.40000,87.50000,0.48410,403.68890
2025-06-22 07:25:12+07:00,8249,25.20000,86.40000,71.00000,94.10000,0.51291,403.70398
2025-06-22 07:26:01+07:00,8250,25.30000,86.90000,72.00000,96.50000,0.49006,403.62170
2025-06-22 07:26:51+07:00,8251,25.30000,86.50000,80.20000,108.40000,0.50521,403.68140
2025-06-22 07:27:40+07:00,8252,25.30000,86.30000,96.30000,128.39999,0.50062,403.59213
2025-06-22 07:28:30+07:00,8253,25.40000,85.90000,109.90000,153.60001,0.50368,403.56277
2025-06-22 07:29:19+07:00,8254,25.30000,86.90000,95.70000,126.40000,0.52544,403.65894
2025-06-22 07:30:09+07:00,8255,25.30000,84.50000,88.60000,119.30000,0.48114,403.84967
2025-06-22 07:30:58+07:00,8256,25.40000,85.70000,87.80000,120.30000,0.49910,403.71912
2025-06-22 07:31:48+07:00,8257,25.40000,86.30000,80.30000,110.40000,0.50521,403.79547
2025-06-22 07:32:37+07:00,8258,25.40000,85.40000,80.30000,105.70000,0.49457,403.73428
2025-06-22 07:33:27+07:00,8259,25.50000,85.40000,77.10000,103.90000,0.51136,403.84967
2025-06-22 07:34:16+07:00,8260,25.50000,85.30000,85.30000,116.20000,0.52071,403.67389
2025-06-22 07:35:05+07:00,8261,25.50000,85.50000,74.30000,99.80000,0.50062,403.99188
2025-06-22 07:35:58+07:00,8262,25.50000,85.10000,98.90000,143.39999,0.50828,403.66641
2025-06-22 07:36:48+07:00,8263,25.60000,84.80000,99.20000,142.50000,0.49910,403.65894
2025-06-22 07:37:38+07:00,8264,25.60000,84.80000,97.90000,137.00000,0.53658,403.83411
2025-06-22 07:38:28+07:00,8265,25.60000,85.40000,100.00000,141.60001,0.49910,403.78778
2025-06-22 07:39:17+07:00,8266,25.60000,85.70000,88.90000,119.90000,0.54466,403.67389
2025-06-22 07:40:07+07:00,8267,25.50000,84.10000,89.80000,125.10000,0.51602,403.78778
2025-06-22 07:40:57+07:00,8268,25.60000,84.80000,84.40000,114.70000,0.53338,403.79547
2025-06-22 07:41:46+07:00,8269,25.60000,85.10000,82.40000,107.30000,0.49306,403.75714
2025-06-22 07:42:36+07:00,8270,25.60000,84.70000,71.10000,99.40000,0.51291,403.71912
2025-06-22 07:43:26+07:00,8271,25.60000,84.80000,67.30000,91.90000,0.51447,403.63657
2025-06-22 07:44:16+07:00,8272,25.50000,84.90000,66.60000,90.70000,0.50674,403.69644
2025-06-22 07:45:06+07:00,8273,25.40000,85.20000,63.20000,87.30000,0.52860,403.66641
2025-06-22 07:45:56+07:00,8274,25.40000,85.00000,61.30000,85.90000,0.51758,403.72668
2025-06-22 07:46:49+07:00,8275,25.40000,84.90000,62.10000,86.60000,0.49910,403.59952
2025-06-22 07:47:38+07:00,8276,25.50000,85.50000,59.90000,79.50000,0.49006,403.63657
2025-06-22 07:48:28+07:00,8277,25.50000,84.50000,62.00000,86.50000,0.51291,403.65894
2025-06-22 07:49:21+07:00,8278,25.50000,84.90000,59.60000,82.20000,0.50215,403.62912
2025-06-22 07:50:10+07:00,8279,25.50000,84.30000,67.30000,93.30000,0.51758,403.75714
2025-06-22 07:51:00+07:00,8280,25.40000,85.50000,62.90000,87.00000,0.49910,403.67389
2025-06-22 07:52:47+07:00,8281,25.50000,84.70000,62.80000,84.60000,0.51291,403.68140
2025-06-22 07:53:38+07:00,8282,25.50000,84.10000,67.00000,90.20000,0.52860,403.75714
2025-06-22 07:54:31+07:00,8283,25.60000,82.70000,69.40000,95.50000,0.50368,403.72668
2025-06-22 07:55:22+07:00,8284,25.60000,84.90000,70.20000,93.80000,0.52386,403.59952
2025-06-22 07:56:15+07:00,8285,25.60000,83.20000,76.80000,107.60000,0.49006,403.78778
2025-06-22 07:57:05+07:00,8286,25.70000,85.10000,68.60000,95.00000,0.52386,403.80316
2025-06-22 07:57:55+07:00,8287,25.60000,85.30000,69.80000,93.00000,0.51447,403.65894
2025-06-22 07:58:48+07:00,8288,25.50000,85.30000,70.50000,98.50000,0.51758,403.74951
2025-06-22 07:59:38+07:00,8289,25.50000,85.60000,68.60000,91.90000,0.50215,403.65894
2025-06-22 08:00:28+07:00,8290,25.50000,85.90000,74.00000,98.40000,0.53819,403.73428
2025-06-22 08:01:18+07:00,8291,25.40000,86.20000,71.80000,95.00000,0.50982,403.70398
2025-06-22 08:02:07+07:00,8292,25.40000,86.50000,73.40000,101.20000,0.51136,403.67389
2025-06-22 08:02:57+07:00,8293,25.40000,86.60000,73.00000,99.30000,0.54142,403.73428
2025-06-22 08:03:47+07:00,8294,25.40000,86.60000,77.30000,104.10000,0.51447,403.66641
2025-06-22 08:04:41+07:00,8295,25.50000,86.50000,75.40000,103.00000,0.53819,403.68890
2025-06-22 08:05:34+07:00,8296,25.50000,86.50000,77.80000,103.30000,0.50215,403.55548
2025-06-22 08:06:27+07:00,8297,25.50000,86.30000,80.40000,107.10000,0.50368,403.74951
2025-06-22 08:07:20+07:00,8298,25.50000,86.50000,80.90000,109.30000,0.51291,403.60690
2025-06-22 08:08:09+07:00,8299,25.50000,86.80000,82.40000,114.70000,0.51758,403.66641
2025-06-22 08:08:58+07:00,8300,25.50000,86.80000,80.60000,109.00000,0.52860,403.71155
2025-06-22 08:09:48+07:00,8301,25.50000,86.80000,81.30000,107.10000,0.53338,403.64401
2025-06-22 08:10:37+07:00,8302,25.50000,86.60000,78.00000,106.10000,0.52228,403.71912
2025-06-22 08:11:27+07:00,8303,25.50000,86.40000,79.00000,106.60000,0.51291,403.70398
2025-06-22 08:12:19+07:00,8304,25.60000,86.30000,71.70000,101.70000,0.50674,403.63657
2025-06-22 08:13:08+07:00,8305,25.50000,85.90000,68.80000,94.50000,0.49910,403.63657
2025-06-22 08:14:06+07:00,8306,25.50000,85.90000,67.70000,94.30000,0.50368,403.66641
2025-06-22 08:14:55+07:00,8307,25.50000,86.10000,71.70000,100.20000,0.50828,403.65146
2025-06-22 08:15:45+07:00,8308,25.50000,86.40000,72.10000,103.40000,0.51447,403.59952
2025-06-22 08:16:35+07:00,8309,25.50000,86.30000,76.30000,108.50000,0.49006,403.52637
2025-06-22 08:17:29+07:00,8310,25.50000,86.30000,74.10000,105.40000,0.49306,403.55548
2025-06-22 08:18:19+07:00,8311,25.60000,86.40000,72.30000,97.60000,0.55283,403.64401
2025-06-22 08:19:08+07:00,8312,25.60000,85.90000,74.20000,107.10000,0.48558,403.53363
2025-06-22 08:19:58+07:00,8313,25.60000,85.20000,73.50000,104.80000,0.53338,403.65894
2025-06-22 08:20:47+07:00,8314,25.60000,85.40000,78.20000,110.10000,0.54792,403.74951
2025-06-22 08:21:36+07:00,8315,25.60000,85.00000,69.70000,94.20000,0.53498,403.77243
2025-06-22 08:22:26+07:00,8316,25.60000,83.80000,74.60000,99.70000,0.52702,403.59952
2025-06-22 08:23:15+07:00,8317,25.80000,83.90000,82.30000,115.70000,0.49457,403.81860
2025-06-22 08:24:05+07:00,8318,25.70000,85.00000,78.30000,108.70000,0.53819,403.91235
2025-06-22 08:24:54+07:00,8319,25.70000,85.20000,75.50000,99.50000,0.50062,403.75714
2025-06-22 08:25:43+07:00,8320,25.70000,85.20000,75.00000,102.40000,0.51291,403.74188
2025-06-22 08:26:33+07:00,8321,25.80000,85.30000,73.50000,101.30000,0.49006,403.63657
2025-06-22 08:27:22+07:00,8322,25.90000,85.10000,71.90000,102.20000,0.52228,403.68140
2025-06-22 08:28:12+07:00,8323,25.80000,84.20000,75.60000,104.40000,0.52860,403.62170
2025-06-22 08:29:01+07:00,8324,25.80000,84.70000,73.60000,102.30000,0.50368,403.49744
2025-06-22 08:29:51+07:00,8325,25.80000,84.70000,71.10000,99.80000,0.53980,403.62912
2025-06-22 08:30:40+07:00,8326,25.80000,84.70000,73.70000,99.20000,0.51915,403.70398
2025-06-22 08:31:29+07:00,8327,25.80000,84.80000,74.60000,104.30000,0.52544,403.74951
2025-06-22 08:32:19+07:00,8328,25.90000,84.80000,78.30000,106.80000,0.51291,403.69644
2025-06-22 08:33:08+07:00,8329,25.90000,84.70000,75.20000,102.90000,0.50674,403.71155
2025-06-22 08:33:57+07:00,8330,25.90000,83.90000,75.70000,107.10000,0.52702,403.71912
2025-06-22 08:34:47+07:00,8331,26.00000,84.20000,76.20000,106.50000,0.54955,403.71912
2025-06-22 08:35:36+07:00,8332,26.00000,83.80000,78.80000,107.10000,0.50521,403.78009
2025-06-22 08:36:26+07:00,8333,26.00000,83.90000,79.60000,114.00000,0.50215,403.62170
2025-06-22 08:37:15+07:00,8334,26.00000,84.00000,78.10000,106.50000,0.53819,403.94400
2025-06-22 08:38:04+07:00,8335,26.00000,84.10000,78.70000,114.10000,0.51291,403.76477
2025-06-22 08:38:54+07:00,8336,26.10000,84.10000,78.30000,109.60000,0.52071,403.53363
2025-06-22 08:39:43+07:00,8337,26.00000,84.00000,78.80000,106.30000,0.53178,403.81860
2025-06-22 08:40:32+07:00,8338,26.00000,84.30000,75.80000,103.60000,0.54142,403.57745
2025-06-22 08:41:22+07:00,8339,26.10000,83.60000,77.90000,105.00000,0.52544,403.73428
2025-06-22 08:42:11+07:00,8340,26.20000,84.00000,78.50000,106.20000,0.54629,403.79547
2025-06-22 08:43:01+07:00,8341,26.30000,83.50000,79.10000,110.90000,0.53658,403.86526
2025-06-22 08:43:50+07:00,8342,26.30000,83.80000,81.20000,111.40000,0.49306,403.86526
2025-06-22 08:44:39+07:00,8343,26.30000,83.90000,76.50000,105.50000,0.51291,403.82635
2025-06-22 08:45:29+07:00,8344,26.30000,83.50000,73.90000,98.20000,0.51915,403.81860
2025-06-22 08:46:18+07:00,8345,26.40000,83.10000,73.60000,102.00000,0.54955,403.81088
2025-06-22 08:47:07+07:00,8346,26.50000,83.00000,71.50000,97.30000,0.52071,403.87308
2025-06-22 08:47:57+07:00,8347,26.50000,82.90000,67.90000,96.40000,0.45372,403.71912
2025-06-22 08:48:46+07:00,8348,26.50000,83.40000,61.60000,85.50000,0.49759,403.69644
2025-06-22 08:49:35+07:00,8349,26.50000,82.40000,55.60000,75.30000,0.51447,403.64401
2025-06-22 08:50:25+07:00,8350,26.50000,81.60000,51.90000,70.10000,0.49306,403.39062
2025-06-22 08:51:14+07:00,8351,26.50000,81.30000,52.90000,71.10000,0.55447,403.70398
2025-06-22 08:52:04+07:00,8352,26.50000,81.30000,50.90000,69.00000,0.51291,403.65894
2025-06-22 08:52:53+07:00,8353,26.40000,81.40000,51.70000,69.20000,0.46944,403.43304
2025-06-22 08:53:43+07:00,8354,26.40000,81.40000,53.90000,73.10000,0.51447,403.67389
2025-06-22 08:54:32+07:00,8355,26.50000,80.70000,55.30000,71.40000,0.50674,403.49023
2025-06-22 08:55:22+07:00,8356,26.60000,80.90000,55.80000,73.10000,0.50828,403.54819
2025-06-22 08:56:11+07:00,8357,26.70000,80.70000,54.50000,75.60000,0.48856,403.62912
2025-06-22 08:57:00+07:00,8358,26.70000,81.60000,46.30000,62.10000,0.50982,403.57745
2025-06-22 08:57:50+07:00,8359,26.70000,80.80000,42.00000,56.00000,0.52544,403.67389
2025-06-22 08:58:39+07:00,8360,26.60000,80.80000,43.00000,54.60000,0.57282,403.52637
2025-06-22 08:59:29+07:00,8361,26.70000,80.60000,47.80000,65.00000,0.50368,403.41885
2025-06-22 09:00:18+07:00,8362,26.70000,80.30000,45.40000,59.90000,0.51447,403.50464
2025-06-22 09:01:07+07:00,8363,26.70000,80.00000,47.90000,62.70000,0.48262,403.46152
2025-06-22 09:01:57+07:00,8364,26.70000,80.70000,46.30000,60.90000,0.46082,403.44727
2025-06-22 09:02:46+07:00,8365,26.60000,81.20000,46.30000,61.00000,0.48558,403.49744
2025-06-22 09:03:36+07:00,8366,26.60000,80.90000,44.90000,57.40000,0.47089,403.60690
2025-06-22 09:04:25+07:00,8367,26.60000,79.50000,45.10000,59.50000,0.47235,403.60690
2025-06-22 09:05:15+07:00,8368,26.70000,80.40000,46.20000,61.90000,0.51136,403.54819
2025-06-22 09:06:05+07:00,8369,26.70000,80.80000,44.40000,58.90000,0.51291,403.60690
2025-06-22 09:06:59+07:00,8370,26.60000,81.00000,44.80000,58.10000,0.45797,403.54819
2025-06-22 09:07:48+07:00,8371,26.60000,81.00000,42.80000,57.40000,0.48707,403.64401
2025-06-22 09:08:37+07:00,8372,26.60000,81.20000,44.50000,59.20000,0.50521,403.42593
2025-06-22 09:09:27+07:00,8373,26.60000,81.00000,43.80000,58.10000,0.49759,403.50464
2025-06-22 09:10:16+07:00,8374,26.50000,81.40000,44.00000,57.10000,0.48856,403.51187
2025-06-22 09:11:05+07:00,8375,26.50000,80.20000,46.00000,62.00000,0.47089,403.41885
2025-06-22 09:11:55+07:00,8376,26.50000,81.20000,45.60000,58.00000,0.47381,403.57010
2025-06-22 09:12:44+07:00,8377,26.50000,80.30000,45.40000,60.30000,0.49608,403.51910
2025-06-22 09:13:33+07:00,8378,26.60000,80.80000,46.60000,62.50000,0.50521,403.60690
2025-06-22 09:14:23+07:00,8379,26.50000,80.20000,45.50000,57.50000,0.49608,403.57010
2025-06-22 09:15:12+07:00,8380,26.50000,80.00000,45.00000,59.60000,0.47967,403.53363
2025-06-22 09:16:02+07:00,8381,26.50000,80.40000,45.90000,61.00000,0.50521,403.58478
2025-06-22 09:16:51+07:00,8382,26.50000,80.90000,43.30000,56.30000,0.50062,403.44727
2025-06-22 09:17:42+07:00,8383,26.50000,80.90000,44.00000,58.50000,0.49608,403.52637
2025-06-22 09:18:31+07:00,8384,26.50000,80.90000,43.10000,54.60000,0.46512,403.47586
2025-06-22 09:19:20+07:00,8385,26.50000,79.60000,41.60000,55.10000,0.48410,403.61429
2025-06-22 09:20:10+07:00,8386,26.60000,80.50000,38.60000,48.90000,0.49156,403.43304
2025-06-22 09:20:59+07:00,8387,26.50000,79.90000,39.50000,52.30000,0.48707,403.51910
2025-06-22 09:21:49+07:00,8388,26.50000,80.20000,39.40000,51.00000,0.46368,403.46869
2025-06-22 09:22:38+07:00,8389,26.50000,78.80000,38.90000,49.70000,0.49306,403.54089
2025-06-22 09:23:28+07:00,8390,26.60000,79.40000,38.30000,54.40000,0.48114,403.41885
2025-06-22 09:24:17+07:00,8391,26.60000,79.00000,37.80000,48.60000,0.45655,403.39062
2025-06-22 09:25:06+07:00,8392,26.60000,79.30000,37.60000,49.60000,0.47673,403.49744
2025-06-22 09:25:56+07:00,8393,26.60000,78.50000,37.80000,48.60000,0.46082,403.47586
2025-06-22 09:26:45+07:00,8394,26.60000,79.10000,39.20000,48.80000,0.47673,403.59213
2025-06-22 09:27:35+07:00,8395,26.60000,79.30000,37.30000,49.10000,0.46512,403.71155
2025-06-22 09:28:24+07:00,8396,26.60000,79.50000,38.60000,50.90000,0.45372,403.47586
2025-06-22 09:29:13+07:00,8397,26.50000,79.00000,38.40000,49.60000,0.46082,403.44727
2025-06-22 09:30:03+07:00,8398,26.50000,79.70000,38.50000,50.00000,0.47381,403.41885
2025-06-22 09:30:52+07:00,8399,26.50000,79.50000,39.00000,51.40000,0.48262,403.45438
2025-06-22 09:31:42+07:00,8400,26.60000,79.80000,39.90000,51.90000,0.48707,403.49023
2025-06-22 09:32:31+07:00,8401,26.60000,79.70000,39.20000,50.70000,0.46512,403.41885
2025-06-22 09:33:20+07:00,8402,26.50000,79.70000,38.40000,50.00000,0.46944,403.40472
2025-06-22 09:34:10+07:00,8403,26.50000,79.90000,37.50000,47.60000,0.47967,403.60690
2025-06-22 09:34:59+07:00,8404,26.50000,80.30000,38.90000,51.90000,0.47673,403.31400
2025-06-22 09:35:49+07:00,8405,26.50000,80.30000,39.40000,50.00000,0.47381,403.37659
2025-06-22 09:36:39+07:00,8406,26.60000,80.00000,38.00000,49.60000,0.47089,403.47586
2025-06-22 09:37:28+07:00,8407,26.60000,79.40000,38.00000,49.60000,0.48707,403.44012
2025-06-22 09:38:17+07:00,8408,26.60000,79.30000,36.90000,48.40000,0.43430,403.40472
2025-06-22 09:39:07+07:00,8409,26.50000,79.60000,37.10000,48.00000,0.45231,403.48303
2025-06-22 09:39:56+07:00,8410,26.50000,80.00000,35.90000,45.40000,0.47089,403.39062
2025-06-22 09:40:46+07:00,8411,26.40000,79.80000,35.40000,43.50000,0.45513,403.39767
2025-06-22 09:41:36+07:00,8412,26.40000,79.70000,34.40000,44.80000,0.44671,403.33475
2025-06-22 09:42:25+07:00,8413,26.40000,80.10000,35.30000,46.00000,0.46944,403.41177
2025-06-22 09:43:14+07:00,8414,26.40000,80.10000,33.10000,40.30000,0.46512,403.27960
2025-06-22 09:44:04+07:00,8415,26.40000,79.80000,31.60000,40.50000,0.44393,403.27960
2025-06-22 09:44:53+07:00,8416,26.40000,79.60000,32.20000,39.50000,0.43567,403.33475
2025-06-22 09:45:42+07:00,8417,26.40000,79.60000,31.30000,40.30000,0.41685,403.34171
2025-06-22 09:46:32+07:00,8418,26.40000,79.30000,32.30000,40.90000,0.45372,403.25912
2025-06-22 09:47:21+07:00,8419,26.40000,79.10000,32.90000,40.30000,0.44254,403.25912
2025-06-22 09:48:10+07:00,8420,26.40000,79.10000,30.30000,37.40000,0.43294,403.35562
2025-06-22 09:49:00+07:00,8421,26.40000,78.80000,28.70000,34.80000,0.41421,403.21844
2025-06-22 09:49:49+07:00,8422,26.50000,78.60000,29.90000,37.30000,0.47527,403.35562
2025-06-22 09:50:39+07:00,8423,26.50000,78.50000,30.30000,35.40000,0.45091,403.35562
2025-06-22 09:51:28+07:00,8424,26.50000,78.10000,31.10000,39.00000,0.46800,403.30020
2025-06-22 09:52:17+07:00,8425,26.60000,78.50000,30.00000,38.30000,0.46082,403.32782
2025-06-22 09:53:07+07:00,8426,26.70000,77.90000,28.30000,34.90000,0.46800,403.21170
2025-06-22 09:53:57+07:00,8427,26.70000,78.00000,28.70000,35.30000,0.44116,403.34866
2025-06-22 09:54:46+07:00,8428,26.70000,77.70000,27.90000,33.70000,0.45372,403.30020
2025-06-22 09:55:36+07:00,8429,26.70000,77.70000,27.40000,35.10000,0.44811,403.18488
2025-06-22 09:56:25+07:00,8430,26.80000,78.00000,27.70000,34.80000,0.45655,403.35562
2025-06-22 09:57:15+07:00,8431,26.90000,77.60000,27.90000,32.80000,0.45797,403.27277
2025-06-22 09:58:04+07:00,8432,26.90000,77.70000,26.70000,33.80000,0.43294,403.31400
2025-06-22 09:58:53+07:00,8433,26.80000,77.50000,27.60000,32.70000,0.44532,403.24551
2025-06-22 09:59:43+07:00,8434,26.80000,77.70000,28.40000,33.50000,0.45091,403.28647
2025-06-22 10:00:32+07:00,8435,27.00000,77.50000,28.70000,37.10000,0.41817,403.30710
2025-06-22 10:01:21+07:00,8436,27.10000,76.50000,27.60000,33.20000,0.46082,403.27960
2025-06-22 10:02:11+07:00,8437,27.10000,76.40000,26.90000,33.40000,0.44811,403.07928
2025-06-22 10:03:00+07:00,8438,27.20000,75.90000,25.80000,30.50000,0.43430,403.26593
2025-06-22 10:03:49+07:00,8439,27.20000,75.50000,26.00000,31.60000,0.45091,403.21170
2025-06-22 10:04:39+07:00,8440,27.30000,75.10000,27.20000,33.40000,0.43567,403.20499
2025-06-22 10:05:28+07:00,8441,27.30000,75.00000,27.00000,30.90000,0.43430,403.23874
2025-06-22 10:06:17+07:00,8442,27.30000,74.90000,25.80000,30.70000,0.44116,403.22519
2025-06-22 10:07:07+07:00,8443,27.30000,74.90000,26.30000,31.20000,0.43567,403.15820
2025-06-22 10:07:56+07:00,8444,27.30000,74.70000,25.90000,29.40000,0.43158,403.27277
2025-06-22 10:08:46+07:00,8445,27.40000,74.60000,26.10000,30.50000,0.44811,403.07928
2025-06-22 10:09:36+07:00,8446,27.40000,74.90000,27.40000,33.70000,0.44254,403.11853
2025-06-22 10:10:25+07:00,8447,27.50000,75.10000,26.60000,31.60000,0.44393,403.19156
2025-06-22 10:11:15+07:00,8448,27.60000,75.00000,26.60000,32.80000,0.40379,403.04684
2025-06-22 10:12:04+07:00,8449,27.50000,74.80000,27.20000,34.00000,0.41553,403.27960
2025-06-22 10:12:53+07:00,8450,27.60000,74.40000,27.60000,34.70000,0.43430,403.19827
2025-06-22 10:13:43+07:00,8451,27.60000,74.30000,27.70000,33.30000,0.42618,403.18488
2025-06-22 10:14:32+07:00,8452,27.60000,75.60000,27.40000,33.30000,0.42618,403.21170
2025-06-22 10:15:22+07:00,8453,27.70000,76.10000,29.90000,36.00000,0.43294,403.20499
2025-06-22 10:16:11+07:00,8454,27.70000,75.70000,30.20000,35.40000,0.42216,403.25232
2025-06-22 10:17:00+07:00,8455,27.70000,74.90000,29.20000,37.80000,0.43158,403.21170
2025-06-22 10:17:50+07:00,8456,27.70000,75.10000,30.50000,38.10000,0.42618,403.21170
2025-06-22 10:18:39+07:00,8457,27.70000,74.50000,30.40000,37.20000,0.43158,403.46152
2025-06-22 10:19:29+07:00,8458,27.70000,74.80000,30.60000,37.40000,0.43022,403.29333
2025-06-22 10:20:18+07:00,8459,27.70000,75.80000,30.60000,37.90000,0.41685,403.08578
2025-06-22 10:21:08+07:00,8460,27.80000,75.60000,30.00000,37.50000,0.39866,403.27960
2025-06-22 10:21:57+07:00,8461,27.80000,75.70000,30.20000,36.40000,0.41685,403.30020
2025-06-22 10:22:46+07:00,8462,27.80000,74.90000,30.00000,37.20000,0.41028,403.21844
2025-06-22 10:23:36+07:00,8463,27.80000,74.20000,27.90000,33.60000,0.41159,403.21170
2025-06-22 10:24:25+07:00,8464,27.70000,74.20000,29.40000,35.90000,0.43704,403.20499
2025-06-22 10:25:15+07:00,8465,27.70000,74.30000,27.90000,35.60000,0.40122,403.21844
2025-06-22 10:26:04+07:00,8466,27.70000,73.80000,29.60000,35.60000,0.39866,403.12512
2025-06-22 10:26:53+07:00,8467,27.70000,74.30000,28.60000,34.90000,0.40508,403.13834
2025-06-22 10:27:43+07:00,8468,27.80000,74.80000,28.00000,34.90000,0.39994,403.27960
2025-06-22 10:28:32+07:00,8469,27.80000,74.60000,27.70000,33.80000,0.44116,403.09885
2025-06-22 10:29:22+07:00,8470,27.80000,74.40000,27.30000,33.80000,0.41817,403.25912
2025-06-22 10:30:11+07:00,8471,27.90000,74.70000,27.60000,34.20000,0.42350,403.25232
2025-06-22 10:31:01+07:00,8472,27.90000,74.50000,26.40000,33.90000,0.40897,403.25912
2025-06-22 10:31:50+07:00,8473,28.00000,73.10000,27.20000,31.50000,0.41290,403.11197
2025-06-22 10:32:40+07:00,8474,28.00000,72.90000,27.20000,31.30000,0.43022,403.15155
2025-06-22 10:33:30+07:00,8475,28.00000,73.00000,26.60000,33.40000,0.41817,403.27960
2025-06-22 10:34:19+07:00,8476,28.10000,73.70000,27.50000,33.30000,0.46082,403.22519
2025-06-22 10:35:09+07:00,8477,28.10000,73.30000,27.50000,33.90000,0.40638,403.23874
2025-06-22 10:35:59+07:00,8478,28.10000,73.50000,27.20000,31.20000,0.40897,403.11197
2025-06-22 10:36:49+07:00,8479,28.10000,73.10000,27.80000,34.00000,0.40638,403.28647
2025-06-22 10:37:38+07:00,8480,28.00000,72.80000,27.90000,32.30000,0.40508,403.18488
2025-06-22 10:38:28+07:00,8481,28.00000,73.70000,26.90000,32.80000,0.43704,403.21170
2025-06-22 10:39:18+07:00,8482,28.10000,73.70000,27.80000,33.50000,0.41290,403.17819
2025-06-22 10:40:08+07:00,8483,28.10000,74.20000,28.30000,36.20000,0.42752,403.11853
2025-06-22 10:41:01+07:00,8484,28.10000,73.30000,27.80000,33.00000,0.39357,403.12512
2025-06-22 10:41:51+07:00,8485,28.10000,73.20000,28.10000,33.40000,0.41421,403.40472
2025-06-22 10:42:41+07:00,8486,28.10000,73.30000,28.70000,33.60000,0.40379,403.16486
2025-06-22 10:43:31+07:00,8487,28.10000,73.10000,27.10000,34.10000,0.40897,403.09232
2025-06-22 10:44:20+07:00,8488,28.20000,73.30000,27.80000,34.90000,0.44116,403.23196
2025-06-22 10:45:10+07:00,8489,28.20000,74.30000,29.20000,34.80000,0.39357,403.36261
2025-06-22 10:46:00+07:00,8490,28.20000,73.50000,28.10000,35.00000,0.42752,403.19827
2025-06-22 10:46:49+07:00,8491,28.20000,73.50000,29.10000,35.50000,0.42752,403.16486
2025-06-22 10:47:38+07:00,8492,28.30000,73.10000,28.70000,36.80000,0.42216,403.10541
2025-06-22 10:48:28+07:00,8493,28.30000,72.20000,28.20000,34.20000,0.43978,403.17151
2025-06-22 10:49:21+07:00,8494,28.30000,72.40000,27.60000,33.50000,0.41950,403.05331
2025-06-22 10:50:10+07:00,8495,28.30000,72.90000,28.60000,34.10000,0.41421,403.17819
2025-06-22 10:51:00+07:00,8496,28.40000,73.30000,26.40000,31.20000,0.40508,403.09885
2025-06-22 10:51:49+07:00,8497,28.40000,72.40000,27.10000,32.80000,0.42083,403.21170
2025-06-22 10:52:39+07:00,8498,28.40000,72.10000,28.50000,35.20000,0.42618,403.21170
2025-06-22 10:53:28+07:00,8499,28.50000,72.20000,27.60000,33.50000,0.39611,403.31400
2025-06-22 10:54:17+07:00,8500,28.60000,71.90000,27.80000,34.10000,0.40122,403.16486
2025-06-22 10:55:07+07:00,8501,28.50000,71.60000,28.00000,34.10000,0.42083,403.29333
2025-06-22 10:55:59+07:00,8502,28.50000,72.10000,27.70000,34.40000,0.42618,403.18488
2025-06-22 10:56:48+07:00,8503,28.50000,72.50000,27.50000,33.10000,0.43158,403.23874
2025-06-22 10:57:38+07:00,8504,28.50000,72.60000,27.40000,33.70000,0.40122,403.21844
2025-06-22 10:58:27+07:00,8505,28.60000,72.80000,27.30000,33.50000,0.43294,403.15155
2025-06-22 10:59:17+07:00,8506,28.60000,72.30000,25.00000,29.50000,0.41421,403.22519
2025-06-22 11:00:08+07:00,8507,28.60000,71.80000,26.30000,31.10000,0.43567,403.23874
2025-06-22 11:00:57+07:00,8508,28.60000,72.70000,23.50000,26.80000,0.40767,403.09885
2025-06-22 11:01:47+07:00,8509,28.60000,71.70000,24.10000,29.40000,0.41290,403.08578
2025-06-22 11:02:36+07:00,8510,28.60000,71.10000,25.30000,28.30000,0.43430,403.21170
2025-06-22 11:03:26+07:00,8511,28.60000,71.90000,25.50000,31.10000,0.43430,403.17151
2025-06-22 11:04:19+07:00,8512,28.70000,72.10000,25.10000,31.10000,0.39231,403.20499
2025-06-22 11:05:09+07:00,8513,28.60000,71.80000,25.30000,32.20000,0.42618,403.05331
2025-06-22 11:05:58+07:00,8514,28.50000,71.10000,24.40000,27.70000,0.42483,403.14493
2025-06-22 11:06:47+07:00,8515,28.40000,71.50000,24.30000,27.80000,0.41685,403.13171
2025-06-22 11:07:37+07:00,8516,28.50000,71.40000,25.60000,29.10000,0.40122,403.14493
2025-06-22 11:08:30+07:00,8517,28.50000,71.90000,25.40000,28.80000,0.42216,403.32782
2025-06-22 11:09:20+07:00,8518,28.60000,72.20000,26.40000,32.00000,0.39994,403.16486
2025-06-22 11:10:10+07:00,8519,28.70000,72.50000,26.10000,31.40000,0.39484,403.11853
2025-06-22 11:10:59+07:00,8520,28.60000,72.50000,25.70000,30.80000,0.40638,403.08578
2025-06-22 11:11:54+07:00,8521,28.60000,72.00000,25.80000,30.10000,0.40638,403.04041
2025-06-22 11:12:44+07:00,8522,28.60000,71.80000,25.80000,30.80000,0.42483,403.03397
2025-06-22 11:13:33+07:00,8523,28.60000,71.60000,24.40000,27.50000,0.42483,403.04684
2025-06-22 11:14:23+07:00,8524,28.60000,71.10000,24.60000,28.60000,0.42483,403.15155
2025-06-22 11:15:14+07:00,8525,28.70000,72.00000,25.80000,29.50000,0.40767,403.02112
2025-06-22 11:16:04+07:00,8526,28.60000,71.30000,27.00000,30.90000,0.41421,403.12512
2025-06-22 11:16:53+07:00,8527,28.60000,71.40000,27.20000,32.10000,0.38108,403.07928
2025-06-22 11:17:43+07:00,8528,28.60000,71.40000,26.40000,30.50000,0.39484,403.00192
2025-06-22 11:18:35+07:00,8529,28.60000,71.20000,25.60000,29.80000,0.42083,403.21844
2025-06-22 11:19:28+07:00,8530,28.60000,71.70000,26.90000,31.40000,0.39611,403.01471
2025-06-22 11:20:22+07:00,8531,28.70000,72.00000,27.30000,32.40000,0.40897,403.11197
2025-06-22 11:21:11+07:00,8532,28.70000,71.60000,24.60000,28.40000,0.41553,403.08578
2025-06-22 11:22:03+07:00,8533,28.70000,70.50000,25.50000,30.40000,0.38729,403.10541
2025-06-22 11:22:53+07:00,8534,28.70000,71.00000,25.90000,29.90000,0.40250,402.90121
2025-06-22 11:23:42+07:00,8535,28.80000,71.70000,26.40000,32.20000,0.42350,402.93240
2025-06-22 11:24:32+07:00,8536,28.80000,72.40000,25.30000,29.90000,0.40508,403.05331
2025-06-22 11:25:28+07:00,8537,28.80000,72.40000,26.20000,33.10000,0.41685,403.04684
2025-06-22 11:26:22+07:00,8538,28.80000,72.60000,25.80000,32.90000,0.39738,403.21844
2025-06-22 11:27:11+07:00,8539,28.80000,71.00000,25.90000,29.10000,0.39866,403.14493
2025-06-22 11:28:01+07:00,8540,28.70000,71.90000,25.90000,29.10000,0.41553,403.30710
2025-06-22 11:28:50+07:00,8541,28.70000,70.90000,26.90000,30.70000,0.39866,403.17819
2025-06-22 11:29:40+07:00,8542,28.70000,71.40000,27.00000,31.10000,0.40897,403.21170
2025-06-22 11:30:29+07:00,8543,28.80000,72.20000,27.40000,33.00000,0.40638,403.19156
2025-06-22 11:31:18+07:00,8544,28.80000,71.60000,27.30000,32.70000,0.41028,403.03397
2025-06-22 11:32:08+07:00,8545,28.80000,71.50000,25.90000,30.20000,0.39357,403.15155
2025-06-22 11:32:57+07:00,8546,28.80000,71.60000,26.40000,31.40000,0.39105,403.19156
2025-06-22 11:33:46+07:00,8547,28.70000,71.10000,25.00000,28.80000,0.42216,403.17819
2025-06-22 11:34:36+07:00,8548,28.70000,70.30000,26.30000,30.70000,0.39994,403.19156
2025-06-22 11:35:26+07:00,8549,28.70000,70.10000,24.90000,29.50000,0.37010,403.04684
2025-06-22 11:36:16+07:00,8550,28.80000,69.90000,24.40000,28.20000,0.40897,403.11197
2025-06-22 11:37:06+07:00,8551,28.80000,70.60000,25.70000,29.20000,0.41028,403.17151
2025-06-22 11:37:58+07:00,8552,28.90000,71.00000,24.60000,28.10000,0.38108,403.20499
2025-06-22 11:38:48+07:00,8553,28.90000,69.90000,25.80000,32.10000,0.39611,403.20499
2025-06-22 11:39:38+07:00,8554,28.90000,71.00000,26.50000,32.10000,0.42083,403.24551
2025-06-22 11:40:27+07:00,8555,29.00000,71.10000,26.30000,29.50000,0.41950,403.27277
2025-06-22 11:41:17+07:00,8556,28.90000,70.00000,26.50000,30.50000,0.41421,403.06628
2025-06-22 11:42:06+07:00,8557,28.80000,69.00000,23.90000,28.60000,0.42083,403.31400
2025-06-22 11:43:04+07:00,8558,28.80000,68.80000,23.70000,27.00000,0.39611,403.07928
2025-06-22 11:43:53+07:00,8559,28.80000,70.00000,23.70000,28.20000,0.41685,403.21844
2025-06-22 11:44:43+07:00,8560,28.80000,69.50000,22.70000,26.70000,0.43158,403.04684
2025-06-22 11:45:32+07:00,8561,28.80000,69.10000,24.70000,28.50000,0.39231,403.24551
2025-06-22 11:46:26+07:00,8562,28.80000,68.60000,25.20000,30.00000,0.42083,403.19156
2025-06-22 11:47:16+07:00,8563,28.80000,69.50000,24.90000,29.30000,0.41553,403.18488
2025-06-22 11:48:05+07:00,8564,28.80000,70.10000,26.10000,30.50000,0.42618,403.25232
2025-06-22 11:48:54+07:00,8565,28.80000,70.50000,25.70000,32.30000,0.41553,403.21170
2025-06-22 11:49:46+07:00,8566,28.80000,71.20000,27.00000,32.00000,0.38108,403.17819
2025-06-22 11:50:36+07:00,8567,28.90000,70.70000,26.80000,33.70000,0.37739,403.23874
2025-06-22 11:51:25+07:00,8568,28.90000,70.20000,28.50000,32.50000,0.42752,403.41177
2025-06-22 11:52:23+07:00,8569,28.80000,70.30000,33.70000,39.40000,0.39866,403.17819
2025-06-22 11:53:12+07:00,8570,28.90000,70.80000,34.60000,42.40000,0.39611,403.13834
2025-06-22 11:54:01+07:00,8571,28.90000,70.40000,32.00000,39.50000,0.42618,403.39062
2025-06-22 11:54:51+07:00,8572,29.00000,70.80000,26.70000,33.30000,0.41421,403.32782
2025-06-22 11:55:40+07:00,8573,29.10000,69.80000,35.10000,43.40000,0.42083,403.32782
2025-06-22 11:56:30+07:00,8574,29.10000,69.00000,29.40000,34.80000,0.40508,403.25912
2025-06-22 11:57:22+07:00,8575,29.10000,69.90000,42.00000,52.80000,0.41028,403.17151
2025-06-22 11:58:11+07:00,8576,29.10000,68.70000,48.00000,56.90000,0.40122,403.25912
2025-06-22 11:59:01+07:00,8577,29.20000,68.70000,40.20000,47.30000,0.39231,403.13834
2025-06-22 11:59:50+07:00,8578,29.20000,68.10000,28.00000,32.20000,0.43158,403.24551
2025-06-22 12:00:41+07:00,8579,29.10000,67.40000,25.10000,28.10000,0.41028,403.28647
2025-06-22 12:01:35+07:00,8580,29.10000,68.50000,25.50000,29.80000,0.41950,403.23874
2025-06-22 12:02:25+07:00,8581,29.10000,68.70000,24.20000,27.40000,0.39231,403.29333
2025-06-22 12:03:15+07:00,8582,29.10000,68.40000,24.50000,27.50000,0.39231,403.19827
2025-06-22 12:04:10+07:00,8583,29.10000,68.30000,25.00000,28.20000,0.40638,403.26593
2025-06-22 12:05:03+07:00,8584,29.10000,69.00000,26.50000,30.80000,0.39105,403.25912
2025-06-22 12:06:01+07:00,8585,29.10000,69.70000,29.10000,33.40000,0.42350,403.15155
2025-06-22 12:06:52+07:00,8586,29.10000,69.90000,27.30000,31.10000,0.40638,403.30710
2025-06-22 12:07:42+07:00,8587,29.10000,70.80000,28.90000,33.40000,0.40250,403.21844
2025-06-22 12:08:32+07:00,8588,29.20000,70.80000,29.00000,33.70000,0.38232,403.23196
2025-06-22 12:09:21+07:00,8589,29.20000,70.60000,26.90000,33.20000,0.39738,403.16486
2025-06-22 12:10:14+07:00,8590,29.20000,69.50000,24.90000,27.90000,0.41817,403.31400
2025-06-22 12:11:03+07:00,8591,29.10000,67.70000,24.70000,29.40000,0.38979,403.30020
2025-06-22 12:11:53+07:00,8592,29.10000,66.60000,27.00000,30.80000,0.38979,403.19156
2025-06-22 12:13:37+07:00,8593,29.10000,68.30000,27.00000,35.90000,0.38232,403.20499
2025-06-22 12:14:28+07:00,8594,29.20000,68.80000,27.40000,32.90000,0.42216,403.24551
2025-06-22 12:15:19+07:00,8595,29.10000,68.50000,25.80000,29.40000,0.38854,403.27277
2025-06-22 12:16:09+07:00,8596,29.10000,68.20000,20.10000,23.50000,0.38232,403.16486
2025-06-22 12:16:59+07:00,8597,29.10000,66.50000,22.40000,25.50000,0.41950,403.21844
2025-06-22 12:17:49+07:00,8598,29.10000,66.70000,25.10000,29.60000,0.41290,403.20499
2025-06-22 12:18:38+07:00,8599,29.20000,67.00000,24.60000,28.30000,0.42216,403.14493
2025-06-22 12:19:28+07:00,8600,29.20000,67.10000,28.70000,32.40000,0.39866,403.08578
2025-06-22 12:20:18+07:00,8601,29.20000,67.20000,24.60000,27.80000,0.39231,403.18488
2025-06-22 12:21:10+07:00,8602,29.20000,67.20000,22.60000,25.30000,0.38729,403.20499
2025-06-22 12:21:59+07:00,8603,29.30000,66.50000,24.10000,27.10000,0.38979,403.19827
2025-06-22 12:22:49+07:00,8604,29.20000,66.70000,23.50000,27.50000,0.38604,403.21170
2025-06-22 12:23:39+07:00,8605,29.20000,68.10000,23.30000,27.90000,0.42083,403.07278
2025-06-22 12:24:29+07:00,8606,29.20000,67.60000,27.00000,30.20000,0.42350,403.01471
2025-06-22 12:25:19+07:00,8607,29.20000,67.50000,26.40000,31.70000,0.41421,403.17819
2025-06-22 12:26:09+07:00,8608,29.20000,67.80000,24.90000,28.00000,0.40897,402.97650
2025-06-22 12:26:59+07:00,8609,29.20000,67.50000,27.10000,32.90000,0.39105,403.23196
2025-06-22 12:27:48+07:00,8610,29.20000,68.00000,25.00000,28.40000,0.40122,403.21844
2025-06-22 12:28:38+07:00,8611,29.20000,67.00000,23.80000,27.60000,0.38108,403.21844
2025-06-22 12:29:28+07:00,8612,29.20000,66.60000,21.10000,25.40000,0.40638,403.05331
2025-06-22 12:30:18+07:00,8613,29.20000,66.20000,25.40000,30.10000,0.40122,403.08578
2025-06-22 12:31:08+07:00,8614,29.20000,68.10000,28.40000,32.70000,0.40250,403.09232
2025-06-22 12:31:57+07:00,8615,29.30000,68.30000,29.10000,33.50000,0.39484,403.07278
2025-06-22 12:32:47+07:00,8616,29.40000,68.60000,23.30000,26.80000,0.39611,403.13171
2025-06-22 12:33:37+07:00,8617,29.40000,65.90000,22.90000,27.20000,0.41290,403.17151
2025-06-22 12:34:27+07:00,8618,29.40000,66.50000,22.80000,26.00000,0.40250,402.98920
2025-06-22 12:35:16+07:00,8619,29.30000,66.60000,30.50000,34.30000,0.39231,403.29333
2025-06-22 12:36:09+07:00,8620,29.30000,66.90000,38.20000,42.90000,0.40122,403.06628
2025-06-22 12:37:53+07:00,8621,29.40000,68.10000,26.00000,29.90000,0.39994,403.13834
2025-06-22 12:39:42+07:00,8622,29.40000,68.70000,24.40000,27.60000,0.39105,403.19156
2025-06-22 12:40:32+07:00,8623,29.40000,68.50000,25.50000,29.80000,0.38232,403.19156
2025-06-22 12:41:25+07:00,8624,29.40000,67.50000,23.90000,27.70000,0.40122,403.34866
2025-06-22 12:42:14+07:00,8625,29.40000,67.40000,24.10000,26.90000,0.37862,403.04684
2025-06-22 12:43:04+07:00,8626,29.40000,67.10000,24.40000,28.10000,0.35467,403.20499
2025-06-22 12:43:53+07:00,8627,29.30000,67.40000,25.20000,28.20000,0.38356,403.15155
2025-06-22 12:44:43+07:00,8628,29.30000,67.50000,24.60000,27.70000,0.40250,403.12512
2025-06-22 12:45:32+07:00,8629,29.30000,66.80000,25.90000,29.30000,0.38604,403.09232
2025-06-22 12:46:21+07:00,8630,29.30000,67.60000,25.30000,29.10000,0.41817,403.28647
2025-06-22 12:47:15+07:00,8631,29.40000,67.30000,24.90000,27.90000,0.39611,403.10541
2025-06-22 12:49:09+07:00,8632,29.40000,68.50000,26.30000,31.00000,0.40638,403.23196
2025-06-22 12:50:57+07:00,8633,29.40000,69.20000,25.10000,28.10000,0.38604,403.04041
2025-06-22 12:51:53+07:00,8634,29.40000,67.80000,24.50000,27.50000,0.43158,403.11853
2025-06-22 12:52:42+07:00,8635,29.40000,67.30000,24.80000,28.30000,0.40638,403.05331
2025-06-22 12:53:32+07:00,8636,29.40000,68.10000,24.40000,27.70000,0.34086,403.10541
2025-06-22 12:55:19+07:00,8637,29.40000,68.80000,23.90000,27.00000,0.39994,403.04684
2025-06-22 12:56:16+07:00,8638,29.30000,67.80000,39.40000,46.20000,0.40897,403.05331
2025-06-22 12:57:10+07:00,8639,29.30000,68.50000,28.90000,33.70000,0.39994,403.16486
2025-06-22 12:58:06+07:00,8640,29.30000,69.10000,35.30000,41.70000,0.40638,403.25232
2025-06-22 12:58:56+07:00,8641,29.40000,69.20000,29.00000,33.90000,0.43022,403.17819
2025-06-22 12:59:46+07:00,8642,29.40000,68.50000,27.70000,32.10000,0.42618,403.05331
2025-06-22 13:00:39+07:00,8643,29.30000,69.40000,31.10000,35.40000,0.37373,403.16486
2025-06-22 13:01:29+07:00,8644,29.30000,69.20000,33.60000,37.70000,0.37862,403.27960
2025-06-22 13:02:18+07:00,8645,29.30000,69.80000,32.60000,39.20000,0.40638,403.36960
2025-06-22 13:03:08+07:00,8646,29.30000,69.60000,27.60000,31.10000,0.42887,403.26593
2025-06-22 13:03:57+07:00,8647,29.20000,69.50000,28.10000,33.50000,0.39994,403.23196
2025-06-22 13:04:46+07:00,8648,29.20000,70.20000,29.60000,34.50000,0.40122,403.25232
2025-06-22 13:05:36+07:00,8649,29.20000,69.80000,30.60000,35.10000,0.38604,403.21844
2025-06-22 13:06:25+07:00,8650,29.20000,70.60000,59.60000,70.80000,0.41685,403.27277
2025-06-22 13:07:15+07:00,8651,29.30000,70.90000,43.80000,52.30000,0.39231,403.32782
2025-06-22 13:08:04+07:00,8652,29.30000,71.70000,38.20000,46.20000,0.40379,403.45438
2025-06-22 13:08:53+07:00,8653,29.30000,71.60000,31.60000,38.40000,0.43294,403.43304
2025-06-22 13:09:43+07:00,8654,29.30000,71.70000,35.30000,42.30000,0.39231,403.36960
2025-06-22 13:10:32+07:00,8655,29.20000,71.20000,32.60000,39.00000,0.42752,403.34171
2025-06-22 13:11:21+07:00,8656,29.20000,71.70000,32.80000,37.20000,0.39484,403.34866
2025-06-22 13:12:11+07:00,8657,29.20000,71.60000,37.30000,46.30000,0.40508,403.34866
2025-06-22 13:13:00+07:00,8658,29.20000,72.00000,34.00000,40.30000,0.41553,403.28647
2025-06-22 13:13:49+07:00,8659,29.10000,71.20000,33.90000,38.40000,0.41290,403.15820
2025-06-22 13:14:39+07:00,8660,29.10000,71.10000,40.80000,47.90000,0.40638,403.09885
2025-06-22 13:15:28+07:00,8661,29.10000,69.70000,29.30000,33.90000,0.43567,403.25912
2025-06-22 13:16:18+07:00,8662,29.00000,69.90000,29.80000,33.60000,0.41290,403.04684
2025-06-22 13:17:07+07:00,8663,29.00000,70.90000,31.00000,34.80000,0.39484,403.26593
2025-06-22 13:17:56+07:00,8664,29.00000,71.20000,33.50000,40.10000,0.41159,403.21170
2025-06-22 13:18:46+07:00,8665,29.00000,70.60000,32.90000,40.00000,0.40379,403.16486
2025-06-22 13:19:35+07:00,8666,28.90000,69.80000,27.80000,33.40000,0.41950,403.21170
2025-06-22 13:20:25+07:00,8667,28.90000,70.00000,30.60000,35.20000,0.36649,403.23196
2025-06-22 13:21:14+07:00,8668,28.90000,70.50000,30.90000,34.70000,0.39611,403.30020
2025-06-22 13:22:03+07:00,8669,29.00000,70.70000,32.50000,36.50000,0.40897,403.27277
2025-06-22 13:22:53+07:00,8670,29.00000,70.60000,37.00000,42.20000,0.42752,403.17819
2025-06-22 13:23:42+07:00,8671,29.00000,70.80000,31.90000,36.00000,0.41290,403.22519
2025-06-22 13:24:31+07:00,8672,29.00000,70.50000,31.40000,35.30000,0.40122,403.26593
2025-06-22 13:25:21+07:00,8673,29.00000,69.70000,26.30000,29.60000,0.41685,403.17819
2025-06-22 13:26:10+07:00,8674,29.10000,69.20000,28.40000,34.00000,0.39357,403.13834
2025-06-22 13:27:02+07:00,8675,29.10000,69.90000,29.60000,34.30000,0.41159,403.30020
2025-06-22 13:27:52+07:00,8676,29.10000,70.20000,45.40000,51.70000,0.41159,403.15155
2025-06-22 13:28:41+07:00,8677,29.10000,69.70000,74.10000,85.60000,0.38854,403.11197
2025-06-22 13:29:32+07:00,8678,29.00000,69.60000,77.10000,93.60000,0.39105,403.12512
2025-06-22 13:30:21+07:00,8679,28.90000,70.20000,113.20000,140.20000,0.41817,403.29333
2025-06-22 13:31:10+07:00,8680,28.80000,71.50000,98.60000,118.30000,0.41553,403.27960
2025-06-22 13:32:00+07:00,8681,28.80000,72.20000,45.70000,53.90000,0.42618,403.54819
2025-06-22 13:32:49+07:00,8682,28.80000,70.90000,43.70000,50.80000,0.39994,403.27960
2025-06-22 13:33:47+07:00,8683,28.80000,70.10000,49.60000,57.30000,0.40897,403.36960
2025-06-22 13:34:37+07:00,8684,28.80000,70.80000,54.60000,67.40000,0.39611,403.43304
2025-06-22 13:36:21+07:00,8685,28.90000,71.20000,61.90000,80.90000,0.42350,403.40472
2025-06-22 13:37:10+07:00,8686,28.90000,70.80000,72.10000,96.20000,0.39866,403.30020
2025-06-22 13:38:00+07:00,8687,28.90000,71.00000,57.90000,76.60000,0.42618,403.41885
2025-06-22 13:38:49+07:00,8688,29.00000,71.00000,31.50000,38.60000,0.42618,403.44012
2025-06-22 13:39:38+07:00,8689,29.00000,70.60000,28.90000,34.70000,0.43294,403.43304
2025-06-22 13:40:28+07:00,8690,29.00000,70.30000,41.50000,52.50000,0.39611,403.41177
2025-06-22 13:41:21+07:00,8691,29.00000,69.80000,49.50000,63.20000,0.42752,403.21170
2025-06-22 13:42:10+07:00,8692,29.00000,69.50000,62.40000,81.50000,0.43567,403.37659
2025-06-22 13:43:00+07:00,8693,29.10000,70.60000,37.10000,43.30000,0.42618,403.30020
2025-06-22 13:43:49+07:00,8694,29.10000,70.70000,30.40000,34.30000,0.42618,403.19827
2025-06-22 13:44:39+07:00,8695,29.20000,69.80000,45.30000,59.50000,0.41553,403.27960
2025-06-22 13:45:28+07:00,8696,29.20000,70.40000,43.70000,62.30000,0.39994,403.32782
2025-06-22 13:46:18+07:00,8697,29.20000,71.50000,47.10000,69.40000,0.41553,403.36960
2025-06-22 13:47:07+07:00,8698,29.20000,70.10000,53.40000,74.30000,0.40767,403.34866
2025-06-22 13:47:56+07:00,8699,29.10000,70.60000,58.80000,85.40000,0.42618,403.32782
2025-06-22 13:48:46+07:00,8700,29.10000,69.60000,55.70000,82.60000,0.42752,403.27960
2025-06-22 13:49:35+07:00,8701,29.20000,70.20000,38.10000,51.00000,0.42350,403.30710
2025-06-22 13:50:24+07:00,8702,29.20000,70.10000,36.60000,44.40000,0.42752,403.16486
2025-06-22 13:51:14+07:00,8703,29.20000,69.30000,44.60000,61.40000,0.43430,403.24551
2025-06-22 13:52:03+07:00,8704,29.20000,69.30000,43.80000,57.70000,0.46082,403.41885
2025-06-22 13:52:53+07:00,8705,29.30000,69.40000,37.50000,48.40000,0.42752,403.23874
2025-06-22 13:53:42+07:00,8706,29.30000,70.40000,31.60000,40.60000,0.42483,403.15820
2025-06-22 13:54:31+07:00,8707,29.20000,70.70000,30.40000,37.90000,0.42618,403.11197
2025-06-22 13:55:21+07:00,8708,29.20000,70.60000,40.30000,53.90000,0.42752,403.16486
2025-06-22 13:56:10+07:00,8709,29.20000,70.60000,32.80000,39.20000,0.39231,403.22519
2025-06-22 13:57:00+07:00,8710,29.20000,70.30000,38.50000,53.60000,0.40638,403.27960
2025-06-22 13:57:49+07:00,8711,29.30000,70.90000,46.10000,64.80000,0.40508,403.28647
2025-06-22 13:58:38+07:00,8712,29.30000,70.40000,36.40000,45.50000,0.42216,403.24551
2025-06-22 13:59:28+07:00,8713,29.20000,70.50000,34.80000,42.80000,0.38480,403.34171
2025-06-22 14:00:17+07:00,8714,29.10000,71.70000,35.10000,44.70000,0.43022,403.09232
2025-06-22 14:01:07+07:00,8715,29.10000,71.30000,34.40000,40.60000,0.41159,403.25912
2025-06-22 14:01:56+07:00,8716,29.10000,71.50000,33.00000,38.30000,0.40122,403.08578
2025-06-22 14:02:45+07:00,8717,29.10000,71.30000,32.10000,38.30000,0.43704,403.12512
2025-06-22 14:03:35+07:00,8718,29.10000,71.80000,32.90000,37.10000,0.40379,403.11197
2025-06-22 14:04:24+07:00,8719,29.10000,71.90000,30.00000,34.30000,0.41685,403.22519
2025-06-22 14:05:13+07:00,8720,29.20000,72.00000,30.70000,35.30000,0.39611,403.31400
2025-06-22 14:06:03+07:00,8721,29.30000,72.20000,28.50000,36.10000,0.35467,403.17819
2025-06-22 14:06:52+07:00,8722,29.30000,70.80000,26.20000,31.80000,0.42752,403.21844
2025-06-22 14:07:42+07:00,8723,29.30000,70.80000,28.40000,33.40000,0.40250,403.31400
2025-06-22 14:08:31+07:00,8724,29.30000,70.90000,31.60000,37.20000,0.41950,403.19156
2025-06-22 14:09:20+07:00,8725,29.30000,71.70000,32.50000,39.30000,0.40250,403.22519
2025-06-22 14:10:10+07:00,8726,29.40000,71.60000,29.00000,32.60000,0.40638,403.23196
2025-06-22 14:10:59+07:00,8727,29.40000,70.60000,49.00000,63.50000,0.36890,403.39062
2025-06-22 14:11:49+07:00,8728,29.40000,69.90000,36.60000,43.20000,0.39994,403.32782
2025-06-22 14:12:38+07:00,8729,29.40000,70.60000,35.70000,46.60000,0.42887,403.30710
2025-06-22 14:13:27+07:00,8730,29.40000,69.30000,36.70000,45.80000,0.43567,403.14493
2025-06-22 14:14:17+07:00,8731,29.30000,70.10000,37.80000,46.30000,0.44671,403.39062
2025-06-22 14:15:08+07:00,8732,29.30000,70.50000,30.70000,38.50000,0.37862,403.42593
2025-06-22 14:15:57+07:00,8733,29.30000,70.10000,27.50000,31.70000,0.41421,403.34866
2025-06-22 14:16:47+07:00,8734,29.30000,69.40000,45.60000,62.90000,0.39105,403.12512
2025-06-22 14:17:43+07:00,8735,29.30000,69.50000,51.30000,69.60000,0.38604,403.26593
2025-06-22 14:18:33+07:00,8736,29.30000,70.30000,76.00000,104.10000,0.40638,403.08578
2025-06-22 14:19:23+07:00,8737,29.40000,69.40000,67.20000,85.40000,0.38480,403.35562
2025-06-22 14:20:15+07:00,8738,29.30000,70.70000,29.60000,34.90000,0.40897,403.29333
2025-06-22 14:21:05+07:00,8739,29.30000,69.00000,27.60000,33.40000,0.41685,403.22519
2025-06-22 14:21:55+07:00,8740,29.20000,69.40000,49.10000,68.30000,0.38854,403.27960
2025-06-22 14:23:43+07:00,8741,29.10000,70.70000,31.60000,38.90000,0.39994,403.17151
2025-06-22 14:24:36+07:00,8742,29.20000,70.60000,37.60000,45.50000,0.39611,403.10541
2025-06-22 14:25:30+07:00,8743,29.20000,71.20000,31.50000,35.70000,0.40508,403.23196
2025-06-22 14:26:22+07:00,8744,29.30000,70.90000,37.00000,46.60000,0.40379,403.24551
2025-06-22 14:27:16+07:00,8745,29.30000,71.10000,33.00000,40.30000,0.39484,403.15820
2025-06-22 14:28:08+07:00,8746,29.40000,71.40000,36.20000,44.00000,0.41421,403.22519
2025-06-22 14:28:58+07:00,8747,29.40000,72.40000,39.60000,53.70000,0.41950,403.19156
2025-06-22 14:29:47+07:00,8748,29.40000,71.40000,42.60000,59.20000,0.39231,403.13834
2025-06-22 14:30:37+07:00,8749,29.30000,71.30000,45.00000,61.90000,0.40897,403.17151
2025-06-22 14:31:26+07:00,8750,29.20000,71.90000,48.30000,63.40000,0.40379,403.18488
2025-06-22 14:32:19+07:00,8751,29.30000,72.20000,41.80000,54.00000,0.39611,403.30020
2025-06-22 14:33:09+07:00,8752,29.30000,72.00000,40.60000,51.60000,0.39105,403.17819
2025-06-22 14:33:58+07:00,8753,29.30000,71.10000,39.20000,50.70000,0.39357,403.19156
2025-06-22 14:34:57+07:00,8754,29.30000,71.10000,29.10000,36.00000,0.40767,403.20499
2025-06-22 14:35:46+07:00,8755,29.30000,69.10000,28.60000,33.80000,0.40379,403.25232
2025-06-22 14:36:35+07:00,8756,29.20000,68.00000,29.40000,35.80000,0.38854,403.17151
2025-06-22 14:37:29+07:00,8757,29.20000,68.80000,32.20000,40.60000,0.42083,403.22519
2025-06-22 14:38:19+07:00,8758,29.20000,69.20000,31.60000,38.20000,0.41817,403.23874
2025-06-22 14:39:08+07:00,8759,29.20000,70.50000,32.70000,40.90000,0.38854,403.19827
2025-06-22 14:39:57+07:00,8760,29.20000,70.40000,29.00000,33.80000,0.39738,403.16486
2025-06-22 14:40:47+07:00,8761,29.20000,70.60000,36.00000,50.80000,0.38108,403.23874
2025-06-22 14:41:36+07:00,8762,29.20000,71.40000,37.90000,57.80000,0.38729,403.25912
2025-06-22 14:42:26+07:00,8763,29.20000,71.50000,41.70000,58.60000,0.41421,403.32782
2025-06-22 14:43:15+07:00,8764,29.10000,71.40000,38.00000,49.70000,0.40508,403.30020
2025-06-22 14:44:04+07:00,8765,29.10000,71.90000,36.90000,46.60000,0.39105,403.22519
2025-06-22 14:44:54+07:00,8766,29.10000,72.00000,40.50000,55.40000,0.40638,403.25912
2025-06-22 14:45:43+07:00,8767,29.10000,72.40000,37.10000,46.80000,0.40767,403.32782
2025-06-22 14:46:33+07:00,8768,29.10000,73.00000,35.50000,40.70000,0.39994,403.40472
2025-06-22 14:47:22+07:00,8769,29.10000,73.50000,33.20000,39.00000,0.42083,403.44012
2025-06-22 14:48:11+07:00,8770,29.00000,73.70000,35.20000,41.20000,0.39231,403.30710
2025-06-22 14:49:01+07:00,8771,29.00000,73.10000,35.30000,41.50000,0.41685,403.41885
2025-06-22 14:49:50+07:00,8772,29.00000,73.10000,35.50000,43.80000,0.40897,403.44727
2025-06-22 14:50:39+07:00,8773,29.00000,73.20000,37.00000,44.30000,0.39105,403.17819
2025-06-22 14:51:29+07:00,8774,29.00000,73.70000,32.90000,40.00000,0.39231,403.21170
2025-06-22 14:52:18+07:00,8775,29.00000,72.70000,36.40000,44.50000,0.42350,403.23196
2025-06-22 14:53:08+07:00,8776,29.00000,72.50000,34.50000,43.50000,0.42887,403.21844
2025-06-22 14:53:57+07:00,8777,28.90000,72.50000,37.70000,46.40000,0.39611,403.31400
2025-06-22 14:54:46+07:00,8778,28.90000,72.50000,35.20000,42.60000,0.41685,403.28647
2025-06-22 14:55:36+07:00,8779,28.90000,72.10000,32.20000,37.80000,0.39738,403.13834
2025-06-22 14:56:25+07:00,8780,28.90000,72.20000,35.60000,43.50000,0.40379,403.21170
2025-06-22 14:57:14+07:00,8781,28.90000,72.80000,35.50000,45.10000,0.41159,403.22519
2025-06-22 14:58:04+07:00,8782,28.90000,73.10000,34.70000,41.90000,0.38979,403.19827
2025-06-22 14:58:53+07:00,8783,28.90000,72.50000,33.60000,37.70000,0.39738,403.17819
2025-06-22 14:59:43+07:00,8784,28.90000,72.60000,33.50000,41.80000,0.41290,403.25912
2025-06-22 15:00:32+07:00,8785,28.90000,72.50000,33.20000,40.20000,0.35584,403.32782
2025-06-22 15:01:22+07:00,8786,28.90000,72.30000,33.90000,39.10000,0.40897,403.24551
2025-06-22 15:02:11+07:00,8787,28.90000,72.70000,34.40000,42.10000,0.39994,403.09885
2025-06-22 15:03:00+07:00,8788,28.80000,73.70000,36.70000,44.80000,0.42618,403.22519
2025-06-22 15:03:50+07:00,8789,28.80000,74.20000,38.80000,46.80000,0.39105,403.30020
2025-06-22 15:04:43+07:00,8790,28.80000,74.40000,37.00000,43.00000,0.41159,403.18488
2025-06-22 15:05:32+07:00,8791,28.70000,74.00000,35.40000,41.40000,0.39105,403.09232
2025-06-22 15:06:21+07:00,8792,28.70000,74.50000,36.70000,45.60000,0.42216,403.27960
2025-06-22 15:07:11+07:00,8793,28.60000,74.70000,33.40000,39.60000,0.41817,403.27960
2025-06-22 15:08:03+07:00,8794,28.60000,73.80000,33.00000,38.00000,0.40638,403.05331
2025-06-22 15:08:52+07:00,8795,28.70000,73.40000,33.60000,40.70000,0.41685,403.23196
2025-06-22 15:09:42+07:00,8796,28.70000,74.00000,33.20000,39.30000,0.40379,403.05978
2025-06-22 15:10:34+07:00,8797,28.70000,72.60000,35.40000,44.60000,0.39231,403.20499
2025-06-22 15:11:32+07:00,8798,28.70000,73.00000,35.50000,41.00000,0.40250,403.36261
2025-06-22 15:12:26+07:00,8799,28.70000,73.10000,35.80000,40.40000,0.39105,403.13171
2025-06-22 15:13:15+07:00,8800,28.70000,73.20000,35.20000,39.50000,0.33748,403.12512
2025-06-22 15:14:11+07:00,8801,28.70000,73.10000,40.00000,48.60000,0.39738,403.24551
2025-06-22 15:15:01+07:00,8802,28.70000,73.40000,36.20000,44.10000,0.41290,403.20499
2025-06-22 15:15:50+07:00,8803,28.80000,73.50000,35.30000,41.00000,0.40767,403.18488
2025-06-22 15:16:43+07:00,8804,28.80000,73.20000,35.70000,41.60000,0.40638,403.09885
2025-06-22 15:17:36+07:00,8805,28.70000,73.70000,37.20000,42.20000,0.40122,403.25232
2025-06-22 15:18:30+07:00,8806,28.70000,73.60000,49.60000,59.70000,0.40379,403.21844
2025-06-22 15:19:20+07:00,8807,28.60000,74.20000,46.90000,53.50000,0.37617,403.13834
2025-06-22 15:20:09+07:00,8808,28.60000,74.90000,60.70000,70.00000,0.41290,403.30710
2025-06-22 15:22:00+07:00,8809,28.60000,75.30000,48.20000,58.50000,0.40897,403.28647
2025-06-22 15:22:49+07:00,8810,28.60000,76.10000,37.70000,43.80000,0.40897,403.40472
2025-06-22 15:23:39+07:00,8811,28.60000,75.20000,37.10000,44.10000,0.41159,403.29333
2025-06-22 15:24:28+07:00,8812,28.60000,75.10000,32.70000,38.70000,0.42752,403.41177
2025-06-22 15:25:18+07:00,8813,28.50000,74.10000,31.40000,36.30000,0.42618,403.37659
2025-06-22 15:26:11+07:00,8814,28.50000,73.80000,35.80000,42.80000,0.42483,403.18488
2025-06-22 15:27:00+07:00,8815,28.50000,74.00000,34.00000,40.20000,0.42752,403.30020
2025-06-22 15:27:50+07:00,8816,28.60000,74.70000,34.90000,41.10000,0.42618,403.37659
2025-06-22 15:28:40+07:00,8817,28.60000,74.40000,28.70000,32.90000,0.42083,403.41177
2025-06-22 15:29:29+07:00,8818,28.60000,74.10000,28.30000,32.20000,0.42350,403.21170
2025-06-22 15:30:19+07:00,8819,28.50000,73.30000,27.20000,31.10000,0.41817,403.41177
2025-06-22 15:31:08+07:00,8820,28.50000,72.50000,25.40000,29.90000,0.39231,403.27960
2025-06-22 15:31:57+07:00,8821,28.50000,71.90000,25.60000,29.20000,0.39994,403.31400
2025-06-22 15:32:47+07:00,8822,28.50000,72.20000,25.30000,29.40000,0.38979,403.36261
2025-06-22 15:33:36+07:00,8823,28.50000,71.60000,25.80000,29.50000,0.43158,403.04041
2025-06-22 15:34:26+07:00,8824,28.50000,71.20000,28.60000,32.40000,0.39231,403.15820
2025-06-22 15:35:15+07:00,8825,28.50000,72.50000,44.60000,51.30000,0.43841,403.35562
2025-06-22 15:36:04+07:00,8826,28.50000,72.50000,41.90000,48.70000,0.40897,403.30710
2025-06-22 15:36:54+07:00,8827,28.40000,72.80000,41.80000,46.90000,0.38232,403.38361
2025-06-22 15:37:43+07:00,8828,28.40000,73.50000,42.20000,48.80000,0.42752,403.27277
2025-06-22 15:38:33+07:00,8829,28.40000,73.20000,35.80000,40.10000,0.42350,403.19827
2025-06-22 15:39:22+07:00,8830,28.40000,73.00000,39.30000,45.90000,0.39105,403.34866
2025-06-22 15:40:11+07:00,8831,28.40000,73.70000,39.80000,48.20000,0.39994,403.12512
2025-06-22 15:41:01+07:00,8832,28.50000,73.10000,32.30000,37.40000,0.40767,403.22519
2025-06-22 15:41:50+07:00,8833,28.50000,73.20000,31.90000,38.00000,0.39105,403.25232
2025-06-22 15:42:40+07:00,8834,28.50000,72.80000,31.00000,36.10000,0.42216,403.26593
2025-06-22 15:43:29+07:00,8835,28.40000,72.40000,32.40000,36.30000,0.39738,403.27277
2025-06-22 15:44:18+07:00,8836,28.40000,72.90000,42.00000,49.30000,0.42216,403.23874
2025-06-22 15:45:08+07:00,8837,28.30000,72.40000,50.50000,60.20000,0.41685,403.15820
2025-06-22 15:45:57+07:00,8838,28.30000,73.10000,38.60000,43.50000,0.43294,403.23874
2025-06-22 15:46:46+07:00,8839,28.30000,72.80000,29.60000,34.80000,0.41685,403.34171
2025-06-22 15:47:36+07:00,8840,28.20000,71.90000,33.50000,38.90000,0.40897,403.01471
2025-06-22 15:48:25+07:00,8841,28.30000,72.20000,32.60000,36.60000,0.40122,403.09232
2025-06-22 15:49:15+07:00,8842,28.20000,71.30000,31.00000,35.50000,0.39994,403.24551
2025-06-22 15:50:04+07:00,8843,28.10000,71.90000,29.40000,37.30000,0.39994,403.15820
2025-06-22 15:50:53+07:00,8844,28.10000,72.10000,37.40000,41.80000,0.42216,403.24551
2025-06-22 15:51:43+07:00,8845,28.20000,72.70000,35.90000,40.60000,0.40508,403.14493
2025-06-22 15:52:32+07:00,8846,28.20000,72.90000,32.10000,38.80000,0.39994,403.23874
2025-06-22 15:53:22+07:00,8847,28.10000,72.20000,29.90000,34.30000,0.36890,403.12512
2025-06-22 15:54:11+07:00,8848,28.10000,72.40000,31.50000,37.90000,0.38604,403.09232
2025-06-22 15:55:00+07:00,8849,28.10000,72.90000,41.90000,47.00000,0.41028,403.04684
2025-06-22 15:55:50+07:00,8850,28.10000,72.70000,34.70000,40.90000,0.36649,403.21844
2025-06-22 15:56:39+07:00,8851,28.00000,72.70000,33.90000,39.40000,0.39105,403.17819
2025-06-22 15:57:29+07:00,8852,28.00000,73.30000,36.40000,41.70000,0.39611,403.14493
2025-06-22 15:58:18+07:00,8853,28.10000,73.90000,37.60000,44.40000,0.35701,403.22519
2025-06-22 15:59:08+07:00,8854,28.20000,73.90000,36.40000,42.50000,0.39738,403.00192
2025-06-22 15:59:57+07:00,8855,28.20000,73.10000,32.10000,38.40000,0.39357,403.21844
2025-06-22 16:00:46+07:00,8856,28.10000,73.50000,41.60000,46.80000,0.37495,403.23874
2025-06-22 16:01:36+07:00,8857,28.20000,73.70000,44.50000,50.00000,0.38232,403.33475
2025-06-22 16:02:25+07:00,8858,28.20000,74.00000,45.70000,54.50000,0.40122,403.25232
2025-06-22 16:03:15+07:00,8859,28.10000,73.80000,41.60000,46.70000,0.40897,403.27277
2025-06-22 16:04:05+07:00,8860,28.10000,74.00000,33.10000,38.00000,0.39484,403.22519
2025-06-22 16:04:54+07:00,8861,28.00000,72.90000,41.10000,47.00000,0.39866,403.15155
2025-06-22 16:05:44+07:00,8862,28.00000,73.50000,36.60000,42.40000,0.39866,403.27277
2025-06-22 16:06:36+07:00,8863,28.00000,73.10000,47.50000,54.20000,0.40767,403.15820
2025-06-22 16:07:25+07:00,8864,28.00000,73.00000,68.40000,76.90000,0.40379,403.09232
2025-06-22 16:08:15+07:00,8865,28.00000,73.90000,47.60000,53.30000,0.38108,402.98285
2025-06-22 16:09:10+07:00,8866,28.00000,73.40000,34.80000,38.90000,0.41028,403.17151
2025-06-22 16:09:59+07:00,8867,28.10000,73.20000,43.30000,48.50000,0.39866,403.33475
2025-06-22 16:10:49+07:00,8868,28.00000,73.20000,38.80000,43.50000,0.36890,403.15155
2025-06-22 16:11:38+07:00,8869,28.10000,73.00000,47.80000,53.60000,0.38854,403.13171
2025-06-22 16:12:28+07:00,8870,28.10000,73.20000,57.20000,64.00000,0.41290,403.15155
2025-06-22 16:13:18+07:00,8871,28.10000,72.70000,44.50000,50.30000,0.40122,403.39062
2025-06-22 16:14:08+07:00,8872,28.00000,73.10000,41.10000,46.10000,0.40508,403.33475
2025-06-22 16:14:57+07:00,8873,28.00000,72.80000,46.40000,54.20000,0.40122,403.40472
2025-06-22 16:15:47+07:00,8874,27.90000,73.00000,59.50000,66.40000,0.41290,403.37659
2025-06-22 16:16:37+07:00,8875,28.00000,73.90000,74.00000,83.00000,0.42752,403.36261
2025-06-22 16:17:26+07:00,8876,28.00000,73.80000,79.80000,95.50000,0.38604,403.32782
2025-06-22 16:18:16+07:00,8877,27.90000,74.10000,68.90000,83.70000,0.38854,403.24551
2025-06-22 16:19:08+07:00,8878,27.90000,74.10000,53.60000,63.60000,0.41028,403.37659
2025-06-22 16:20:00+07:00,8879,28.00000,73.70000,49.90000,58.60000,0.40250,403.38361
2025-06-22 16:20:58+07:00,8880,28.00000,73.30000,64.00000,77.60000,0.39231,403.13834
2025-06-22 16:21:48+07:00,8881,27.90000,73.70000,60.00000,71.80000,0.39866,403.23874
2025-06-22 16:22:37+07:00,8882,27.90000,74.70000,47.10000,54.60000,0.42216,403.30710
2025-06-22 16:23:27+07:00,8883,28.00000,74.80000,93.00000,107.30000,0.41421,403.34866
2025-06-22 16:24:16+07:00,8884,28.00000,74.80000,74.60000,90.00000,0.35819,403.31400
2025-06-22 16:25:05+07:00,8885,28.10000,75.20000,54.90000,65.10000,0.39357,403.36960
2025-06-22 16:25:55+07:00,8886,28.10000,74.40000,49.30000,56.70000,0.39231,403.19827
2025-06-22 16:26:44+07:00,8887,28.00000,74.60000,56.40000,63.40000,0.41159,403.32089
2025-06-22 16:27:34+07:00,8888,27.90000,75.50000,46.90000,52.60000,0.42216,403.34866
2025-06-22 16:28:24+07:00,8889,27.90000,75.70000,62.70000,70.10000,0.43022,403.25912
2025-06-22 16:29:13+07:00,8890,27.90000,75.50000,65.00000,72.70000,0.41685,403.41177
2025-06-22 16:30:05+07:00,8891,27.90000,75.30000,53.70000,60.00000,0.41553,403.40472
2025-06-22 16:30:58+07:00,8892,27.80000,75.10000,54.00000,60.40000,0.43158,403.25912
2025-06-22 16:31:54+07:00,8893,27.80000,75.20000,42.70000,48.00000,0.39484,403.23874
2025-06-22 16:32:43+07:00,8894,27.80000,75.40000,51.50000,58.20000,0.43704,403.37659
2025-06-22 16:33:33+07:00,8895,27.80000,75.40000,52.40000,58.80000,0.42752,403.45438
2025-06-22 16:34:25+07:00,8896,27.80000,75.60000,54.70000,61.30000,0.40122,403.41885
2025-06-22 16:35:18+07:00,8897,27.90000,75.60000,49.90000,55.90000,0.39994,403.34171
2025-06-22 16:36:13+07:00,8898,27.80000,74.80000,51.60000,57.80000,0.43158,403.55548
2025-06-22 16:37:06+07:00,8899,27.70000,75.20000,55.20000,62.00000,0.41028,403.44727
2025-06-22 16:37:55+07:00,8900,27.70000,75.70000,53.00000,59.50000,0.43158,403.41885
2025-06-22 16:38:45+07:00,8901,27.70000,75.70000,50.30000,56.50000,0.42350,403.85745
2025-06-22 16:39:38+07:00,8902,27.70000,76.10000,51.20000,57.90000,0.43294,403.59952
2025-06-22 16:40:33+07:00,8903,27.80000,76.20000,45.00000,50.40000,0.44811,403.44012
2025-06-22 16:41:23+07:00,8904,27.70000,75.10000,44.00000,50.10000,0.43022,403.46869
2025-06-22 16:42:12+07:00,8905,27.60000,75.50000,40.60000,49.00000,0.38108,403.54089
2025-06-22 16:43:02+07:00,8906,27.70000,75.60000,39.10000,45.40000,0.43704,403.44727
2025-06-22 16:43:52+07:00,8907,27.70000,75.80000,41.30000,50.00000,0.43978,403.23196
2025-06-22 16:44:41+07:00,8908,27.70000,75.50000,42.10000,47.90000,0.41685,403.34866
2025-06-22 16:45:30+07:00,8909,27.70000,75.70000,42.90000,50.30000,0.41817,403.34866
2025-06-22 16:46:20+07:00,8910,27.70000,75.70000,41.30000,48.80000,0.43158,403.39767
2025-06-22 16:47:09+07:00,8911,27.60000,75.60000,40.20000,45.20000,0.41817,403.39062
2025-06-22 16:47:59+07:00,8912,27.60000,75.70000,41.10000,49.70000,0.40638,403.24551
2025-06-22 16:48:48+07:00,8913,27.70000,76.10000,40.80000,50.10000,0.43567,403.36960
2025-06-22 16:49:38+07:00,8914,27.70000,75.70000,40.10000,46.50000,0.42887,403.32089
2025-06-22 16:50:27+07:00,8915,27.70000,75.20000,46.60000,53.90000,0.41290,403.40472
2025-06-22 16:51:21+07:00,8916,27.70000,75.80000,42.90000,52.00000,0.43022,403.36261
2025-06-22 16:52:10+07:00,8917,27.80000,76.10000,39.40000,45.90000,0.41159,403.39062
2025-06-22 16:53:00+07:00,8918,27.70000,75.50000,40.10000,45.90000,0.42887,403.17151
2025-06-22 16:53:49+07:00,8919,27.70000,75.70000,39.50000,47.00000,0.42618,403.22519
2025-06-22 16:54:38+07:00,8920,27.70000,75.40000,37.00000,43.50000,0.42483,403.39062
2025-06-22 16:55:28+07:00,8921,27.60000,75.00000,38.20000,44.20000,0.41817,403.29333
2025-06-22 16:56:17+07:00,8922,27.60000,75.10000,39.60000,48.40000,0.39611,403.20499
2025-06-22 16:57:07+07:00,8923,27.50000,75.50000,41.50000,47.10000,0.41290,403.30710
2025-06-22 16:57:56+07:00,8924,27.50000,75.40000,38.30000,44.20000,0.42752,403.32782
2025-06-22 16:58:45+07:00,8925,27.60000,75.00000,37.90000,43.00000,0.42887,403.38361
2025-06-22 16:59:35+07:00,8926,27.60000,75.20000,40.30000,48.60000,0.41950,403.30710
2025-06-22 17:00:24+07:00,8927,27.60000,75.30000,38.00000,45.20000,0.41421,403.01471
2025-06-22 17:01:13+07:00,8928,27.50000,75.20000,37.90000,42.90000,0.41685,403.32089
2025-06-22 17:02:03+07:00,8929,27.50000,75.40000,38.90000,48.20000,0.40638,403.33475
2025-06-22 17:02:52+07:00,8930,27.50000,75.80000,36.90000,43.90000,0.39357,403.39767
2025-06-22 17:03:41+07:00,8931,27.40000,75.40000,36.80000,45.30000,0.41290,403.32782
2025-06-22 17:04:31+07:00,8932,27.40000,75.90000,40.40000,46.00000,0.41817,403.39767
2025-06-22 17:05:20+07:00,8933,27.40000,76.10000,39.70000,44.90000,0.40638,403.34866
2025-06-22 17:06:10+07:00,8934,27.30000,76.30000,39.60000,45.80000,0.41421,403.37659
2025-06-22 17:06:59+07:00,8935,27.40000,76.10000,40.70000,46.40000,0.39357,403.18488
2025-06-22 17:07:52+07:00,8936,27.40000,76.00000,39.20000,47.20000,0.41817,403.44012
2025-06-22 17:09:35+07:00,8937,27.30000,76.60000,42.00000,48.90000,0.39357,403.39767
2025-06-22 17:10:25+07:00,8938,27.30000,76.70000,42.50000,49.00000,0.40897,403.17819
2025-06-22 17:11:17+07:00,8939,27.30000,76.70000,41.80000,49.50000,0.43158,403.36261
2025-06-22 17:12:06+07:00,8940,27.30000,76.90000,42.80000,51.50000,0.39231,403.39062
2025-06-22 17:12:56+07:00,8941,27.30000,77.20000,43.60000,50.80000,0.40379,403.31400
2025-06-22 17:13:46+07:00,8942,27.30000,77.30000,45.60000,53.30000,0.42752,403.31400
2025-06-22 17:14:36+07:00,8943,27.30000,77.50000,44.80000,52.90000,0.39611,403.27960
2025-06-22 17:15:26+07:00,8944,27.30000,77.30000,44.30000,51.70000,0.39738,403.34171
2025-06-22 17:16:15+07:00,8945,27.30000,76.80000,43.60000,53.30000,0.41817,403.28647
2025-06-22 17:17:04+07:00,8946,27.30000,77.00000,45.30000,55.70000,0.42216,403.23196
2025-06-22 17:17:54+07:00,8947,27.30000,77.10000,43.70000,51.60000,0.42083,403.36960
2025-06-22 17:18:43+07:00,8948,27.20000,77.10000,46.90000,57.70000,0.37010,403.25912
2025-06-22 17:19:35+07:00,8949,27.20000,76.70000,45.70000,59.10000,0.40508,403.27277
2025-06-22 17:20:25+07:00,8950,27.20000,76.70000,45.60000,53.00000,0.41290,403.19156
2025-06-22 17:21:14+07:00,8951,27.20000,76.80000,45.10000,55.60000,0.43978,403.24551
2025-06-22 17:22:04+07:00,8952,27.20000,76.50000,46.90000,56.70000,0.39357,403.28647
2025-06-22 17:22:53+07:00,8953,27.20000,76.90000,46.30000,60.40000,0.40897,403.39062
2025-06-22 17:23:42+07:00,8954,27.20000,77.10000,46.70000,56.90000,0.41553,403.35562
2025-06-22 17:24:32+07:00,8955,27.20000,77.20000,51.30000,65.60000,0.40508,403.41177
2025-06-22 17:25:21+07:00,8956,27.30000,77.30000,49.50000,63.20000,0.42083,403.26593
2025-06-22 17:26:10+07:00,8957,27.20000,77.30000,47.90000,58.80000,0.42350,403.39062
2025-06-22 17:27:02+07:00,8958,27.20000,77.00000,45.10000,54.70000,0.41817,403.20499
2025-06-22 17:27:52+07:00,8959,27.20000,76.70000,46.80000,57.50000,0.40250,403.23196
2025-06-22 17:28:41+07:00,8960,27.20000,77.00000,51.40000,65.50000,0.41950,403.30020
2025-06-22 17:29:31+07:00,8961,27.20000,77.40000,52.20000,67.30000,0.42752,403.21170
2025-06-22 17:30:20+07:00,8962,27.20000,77.10000,51.70000,68.20000,0.43022,403.37659
2025-06-22 17:31:10+07:00,8963,27.20000,77.20000,56.50000,74.00000,0.42350,403.42593
2025-06-22 17:32:02+07:00,8964,27.30000,77.30000,53.10000,67.50000,0.41290,403.36261
2025-06-22 17:32:55+07:00,8965,27.20000,77.10000,50.10000,69.90000,0.40897,403.37659
2025-06-22 17:33:45+07:00,8966,27.20000,77.20000,53.60000,73.40000,0.42618,403.36261
2025-06-22 17:35:33+07:00,8967,27.20000,77.20000,55.40000,76.30000,0.41553,403.34866
2025-06-22 17:36:25+07:00,8968,27.20000,76.90000,56.80000,77.00000,0.40508,403.41177
2025-06-22 17:37:14+07:00,8969,27.20000,77.10000,53.70000,73.90000,0.43294,403.44727
2025-06-22 17:38:04+07:00,8970,27.20000,76.80000,53.60000,72.60000,0.44116,403.41177
2025-06-22 17:38:54+07:00,8971,27.20000,77.00000,53.30000,72.50000,0.42216,403.49023
2025-06-22 17:39:43+07:00,8972,27.20000,76.80000,55.70000,79.80000,0.39994,403.30020
2025-06-22 17:40:33+07:00,8973,27.20000,77.00000,62.20000,94.10000,0.39994,403.46869
2025-06-22 17:41:22+07:00,8974,27.30000,77.00000,58.70000,79.20000,0.43158,403.23196
2025-06-22 17:42:12+07:00,8975,27.30000,77.00000,61.90000,74.40000,0.42483,403.36261
2025-06-22 17:43:01+07:00,8976,27.30000,76.90000,55.40000,66.70000,0.43430,403.39062
2025-06-22 17:43:50+07:00,8977,27.30000,76.60000,54.20000,69.60000,0.43567,403.41885
2025-06-22 17:44:40+07:00,8978,27.30000,76.50000,53.60000,67.70000,0.41950,403.44012
2025-06-22 17:45:29+07:00,8979,27.30000,76.80000,49.20000,60.80000,0.46800,403.33475
2025-06-22 17:46:19+07:00,8980,27.30000,76.70000,50.50000,61.50000,0.41950,403.44012
2025-06-22 17:47:08+07:00,8981,27.20000,76.70000,49.90000,59.30000,0.45797,403.41177
2025-06-22 17:47:58+07:00,8982,27.20000,77.20000,53.80000,65.10000,0.41421,403.34171
2025-06-22 17:48:47+07:00,8983,27.20000,77.50000,50.60000,65.70000,0.42618,403.31400
2025-06-22 17:49:36+07:00,8984,27.20000,77.40000,49.60000,61.70000,0.42350,403.36261
2025-06-22 17:50:26+07:00,8985,27.10000,77.70000,54.90000,75.00000,0.41028,403.33475
2025-06-22 17:51:15+07:00,8986,27.20000,77.70000,56.60000,79.60000,0.37862,403.34866
2025-06-22 17:52:04+07:00,8987,27.20000,77.70000,51.60000,67.90000,0.43978,403.38361
2025-06-22 17:53:01+07:00,8988,27.10000,78.00000,50.80000,66.30000,0.41553,403.28647
2025-06-22 17:53:51+07:00,8989,27.10000,77.90000,50.70000,64.40000,0.42216,403.32782
2025-06-22 17:54:40+07:00,8990,27.00000,78.00000,49.20000,59.70000,0.42083,403.40472
2025-06-22 17:55:29+07:00,8991,27.10000,78.10000,50.10000,63.60000,0.41950,403.34171
2025-06-22 17:56:19+07:00,8992,27.10000,78.20000,49.80000,61.00000,0.40897,403.32782
2025-06-22 17:57:11+07:00,8993,27.10000,78.20000,52.10000,61.30000,0.41553,403.41177
2025-06-22 17:58:02+07:00,8994,27.00000,78.20000,51.80000,64.50000,0.43294,403.32782
2025-06-22 17:58:51+07:00,8995,27.00000,78.50000,51.10000,61.40000,0.42083,403.41177
2025-06-22 17:59:42+07:00,8996,27.00000,78.50000,52.00000,63.30000,0.41817,403.41177
2025-06-22 18:00:36+07:00,8997,27.00000,78.80000,51.40000,61.10000,0.42752,403.37659
2025-06-22 18:01:25+07:00,8998,26.90000,78.90000,53.00000,63.80000,0.42350,403.37659
2025-06-22 18:02:18+07:00,8999,26.90000,79.00000,55.80000,72.30000,0.43294,403.40472
2025-06-22 18:03:11+07:00,9000,27.00000,79.10000,53.10000,67.50000,0.43158,403.40472
2025-06-22 18:04:00+07:00,9001,27.00000,79.00000,57.30000,67.90000,0.41290,403.39767
2025-06-22 18:04:50+07:00,9002,27.00000,78.90000,53.30000,66.00000,0.43294,403.37659
2025-06-22 18:05:39+07:00,9003,27.00000,79.00000,54.60000,68.00000,0.41159,403.27960
2025-06-22 18:06:29+07:00,9004,26.90000,79.00000,54.30000,66.40000,0.48558,403.46152
2025-06-22 18:07:18+07:00,9005,27.00000,79.30000,55.80000,68.10000,0.39611,403.39062
2025-06-22 18:08:07+07:00,9006,27.00000,79.20000,55.30000,68.50000,0.43704,403.39767
2025-06-22 18:08:57+07:00,9007,27.10000,79.20000,55.60000,70.40000,0.40508,403.33475
2025-06-22 18:09:46+07:00,9008,27.10000,79.10000,54.70000,68.00000,0.43430,403.34866
2025-06-22 18:10:36+07:00,9009,27.00000,79.10000,57.30000,69.00000,0.39866,403.27277
2025-06-22 18:11:25+07:00,9010,27.00000,79.20000,54.80000,66.80000,0.41421,403.31400
2025-06-22 18:12:15+07:00,9011,26.90000,79.60000,56.60000,70.20000,0.39231,403.36261
2025-06-22 18:13:04+07:00,9012,26.90000,79.60000,55.80000,69.10000,0.39231,403.40472
2025-06-22 18:13:53+07:00,9013,26.90000,79.60000,60.00000,73.60000,0.41553,403.30710
2025-06-22 18:14:43+07:00,9014,26.90000,80.00000,60.10000,76.00000,0.41159,403.41177
2025-06-22 18:15:32+07:00,9015,27.00000,80.10000,60.40000,75.90000,0.44116,403.25912
2025-06-22 18:16:22+07:00,9016,26.90000,80.10000,60.70000,76.50000,0.40897,403.44727
2025-06-22 18:17:14+07:00,9017,26.90000,79.90000,59.80000,74.20000,0.41421,403.41177
2025-06-22 18:18:03+07:00,9018,26.90000,80.00000,57.90000,68.70000,0.42887,403.45438
2025-06-22 18:18:52+07:00,9019,26.90000,79.90000,59.40000,72.20000,0.42216,403.41177
2025-06-22 18:19:42+07:00,9020,27.00000,79.90000,60.40000,73.10000,0.43841,403.35562
2025-06-22 18:20:31+07:00,9021,27.00000,80.20000,58.70000,74.90000,0.43158,403.40472
2025-06-22 18:21:21+07:00,9022,26.90000,80.10000,58.80000,70.90000,0.40379,403.64401
2025-06-22 18:22:13+07:00,9023,26.90000,80.30000,59.60000,75.40000,0.40638,403.35562
2025-06-22 18:23:03+07:00,9024,26.90000,80.20000,58.20000,71.20000,0.47527,403.71155
2025-06-22 18:23:52+07:00,9025,26.90000,80.30000,57.70000,71.70000,0.42483,403.42593
2025-06-22 18:24:41+07:00,9026,26.80000,80.40000,57.60000,72.20000,0.42752,403.30710
2025-06-22 18:25:31+07:00,9027,26.90000,80.80000,60.40000,76.80000,0.42483,403.30710
2025-06-22 18:26:20+07:00,9028,26.90000,80.90000,60.30000,77.00000,0.42083,403.30710
2025-06-22 18:27:10+07:00,9029,26.90000,81.00000,62.60000,77.10000,0.41159,403.41885
2025-06-22 18:27:59+07:00,9030,26.90000,81.30000,61.20000,74.60000,0.41817,403.41177
2025-06-22 18:28:48+07:00,9031,26.90000,81.20000,59.80000,75.60000,0.43294,403.39767
2025-06-22 18:29:38+07:00,9032,26.80000,81.40000,62.70000,80.80000,0.39738,403.40472
2025-06-22 18:30:27+07:00,9033,26.80000,81.70000,65.20000,79.50000,0.43294,403.32782
2025-06-22 18:31:17+07:00,9034,26.80000,81.60000,63.70000,77.70000,0.44951,403.47586
2025-06-22 18:32:07+07:00,9035,26.80000,81.80000,64.10000,79.20000,0.45513,403.41885
2025-06-22 18:32:56+07:00,9036,26.80000,81.70000,62.50000,79.20000,0.40897,403.34171
2025-06-22 18:33:46+07:00,9037,26.70000,81.60000,65.10000,78.30000,0.41553,403.40472
2025-06-22 18:34:35+07:00,9038,26.70000,81.90000,66.60000,81.30000,0.40767,403.36960
2025-06-22 18:35:24+07:00,9039,26.60000,82.30000,66.20000,83.10000,0.43430,403.44012
2025-06-22 18:36:14+07:00,9040,26.60000,82.30000,68.60000,85.10000,0.42216,403.28647
2025-06-22 18:37:03+07:00,9041,26.70000,82.40000,68.60000,86.40000,0.42216,403.36960
2025-06-22 18:37:54+07:00,9042,26.70000,82.20000,69.50000,89.60000,0.41028,403.40472
2025-06-22 18:38:43+07:00,9043,26.70000,82.20000,69.40000,86.70000,0.42618,403.40472
2025-06-22 18:39:33+07:00,9044,26.70000,82.20000,69.10000,86.00000,0.41817,403.47586
2025-06-22 18:40:28+07:00,9045,26.70000,82.40000,69.20000,92.20000,0.41421,403.45438
2025-06-22 18:42:24+07:00,9046,26.70000,82.90000,68.50000,86.30000,0.40897,403.36960
2025-06-22 18:43:14+07:00,9047,26.60000,82.90000,71.90000,91.50000,0.42483,403.39767
2025-06-22 18:44:04+07:00,9048,26.60000,82.90000,70.60000,91.10000,0.41290,403.50464
2025-06-22 18:44:53+07:00,9049,26.60000,82.80000,72.50000,93.10000,0.41159,403.41177
2025-06-22 18:45:42+07:00,9050,26.60000,82.90000,71.30000,91.10000,0.40767,403.31400
2025-06-22 18:46:32+07:00,9051,26.60000,82.90000,73.40000,89.10000,0.42887,403.46152
2025-06-22 18:47:23+07:00,9052,26.60000,82.90000,74.30000,95.30000,0.43158,403.60690
2025-06-22 18:48:13+07:00,9053,26.60000,83.00000,71.80000,90.80000,0.41553,403.47586
2025-06-22 18:49:02+07:00,9054,26.70000,82.80000,70.50000,91.00000,0.42887,403.41177
2025-06-22 18:49:51+07:00,9055,26.60000,83.10000,72.00000,94.80000,0.42483,403.45438
2025-06-22 18:50:49+07:00,9056,26.70000,83.40000,70.50000,87.70000,0.43158,403.46869
2025-06-22 18:51:38+07:00,9057,26.60000,83.40000,73.90000,97.20000,0.43158,403.34171
2025-06-22 18:52:28+07:00,9058,26.60000,83.60000,71.60000,90.60000,0.41817,403.43304
2025-06-22 18:53:17+07:00,9059,26.60000,83.70000,71.40000,92.80000,0.42216,403.38361
2025-06-22 18:54:09+07:00,9060,26.70000,83.70000,75.00000,95.40000,0.43704,403.34866
2025-06-22 18:55:01+07:00,9061,26.70000,83.40000,70.40000,90.80000,0.43430,403.60690
2025-06-22 18:55:51+07:00,9062,26.70000,83.50000,74.20000,99.80000,0.42083,403.32782
2025-06-22 18:56:42+07:00,9063,26.60000,83.50000,73.00000,92.70000,0.41028,403.31400
2025-06-22 18:57:32+07:00,9064,26.50000,83.70000,73.60000,93.90000,0.43158,403.35562
2025-06-22 18:58:21+07:00,9065,26.60000,84.10000,75.20000,98.00000,0.41159,403.37659
2025-06-22 18:59:12+07:00,9066,26.60000,83.80000,72.60000,95.00000,0.41159,403.34866
2025-06-22 19:00:01+07:00,9067,26.60000,83.80000,75.60000,95.50000,0.41159,403.48303
2025-06-22 19:00:51+07:00,9068,26.60000,83.90000,73.80000,96.10000,0.42083,403.38361
2025-06-22 19:01:41+07:00,9069,26.50000,84.10000,72.60000,93.30000,0.41553,403.39767
2025-06-22 19:02:30+07:00,9070,26.50000,84.40000,73.60000,94.70000,0.42483,403.36261
2025-06-22 19:03:19+07:00,9071,26.50000,84.50000,77.10000,100.90000,0.41685,403.23874
2025-06-22 19:04:09+07:00,9072,26.50000,84.60000,74.60000,96.30000,0.41421,403.41885
2025-06-22 19:04:58+07:00,9073,26.50000,84.50000,77.50000,99.50000,0.41950,403.34866
2025-06-22 19:05:48+07:00,9074,26.60000,84.40000,78.70000,100.60000,0.42618,403.34171
2025-06-22 19:06:37+07:00,9075,26.50000,84.40000,79.70000,102.10000,0.40379,403.38361
2025-06-22 19:07:26+07:00,9076,26.50000,84.40000,80.00000,101.10000,0.42483,403.46869
2025-06-22 19:08:16+07:00,9077,26.50000,84.40000,77.60000,98.90000,0.40638,403.41177
2025-06-22 19:09:05+07:00,9078,26.50000,84.50000,81.90000,103.60000,0.41685,403.40472
2025-06-22 19:09:54+07:00,9079,26.40000,84.60000,80.80000,107.40000,0.42483,403.36960
2025-06-22 19:10:44+07:00,9080,26.40000,84.80000,80.70000,105.00000,0.42887,403.46152
2025-06-22 19:11:33+07:00,9081,26.30000,84.80000,79.20000,101.90000,0.42216,403.39767
2025-06-22 19:12:23+07:00,9082,26.30000,84.80000,79.40000,103.00000,0.43567,403.57010
2025-06-22 19:13:12+07:00,9083,26.30000,85.00000,80.60000,106.20000,0.44116,403.39062
2025-06-22 19:14:01+07:00,9084,26.30000,85.00000,81.20000,107.30000,0.44393,403.46869
2025-06-22 19:14:51+07:00,9085,26.30000,85.00000,80.10000,108.80000,0.41685,403.39767
2025-06-22 19:15:40+07:00,9086,26.30000,85.20000,80.20000,105.40000,0.40767,403.38361
2025-06-22 19:16:29+07:00,9087,26.40000,85.30000,81.60000,103.70000,0.42483,403.35562
2025-06-22 19:17:19+07:00,9088,26.40000,85.20000,81.40000,109.10000,0.42483,403.41177
2025-06-22 19:18:08+07:00,9089,26.30000,85.20000,81.50000,106.10000,0.41421,403.44727
2025-06-22 19:18:58+07:00,9090,26.30000,85.10000,82.70000,106.40000,0.42483,403.42593
2025-06-22 19:19:47+07:00,9091,26.40000,85.10000,80.60000,101.00000,0.42618,403.44727
2025-06-22 19:20:36+07:00,9092,26.40000,84.80000,84.30000,110.00000,0.39484,403.66641
2025-06-22 19:21:26+07:00,9093,26.40000,85.00000,81.60000,103.60000,0.42483,403.38361
2025-06-22 19:22:15+07:00,9094,26.30000,84.90000,82.50000,105.00000,0.41553,403.35562
2025-06-22 19:23:04+07:00,9095,26.40000,84.70000,83.10000,109.70000,0.40897,403.34866
2025-06-22 19:23:54+07:00,9096,26.40000,84.50000,88.80000,114.30000,0.43978,403.30710
2025-06-22 19:24:43+07:00,9097,26.40000,84.60000,86.60000,111.20000,0.43841,403.48303
2025-06-22 19:25:32+07:00,9098,26.50000,84.50000,85.70000,114.40000,0.43978,403.37659
2025-06-22 19:26:22+07:00,9099,26.50000,84.70000,85.30000,112.70000,0.40122,403.52637
2025-06-22 19:27:11+07:00,9100,26.50000,84.80000,87.30000,114.80000,0.44393,403.41177
2025-06-22 19:28:01+07:00,9101,26.50000,84.70000,89.00000,117.00000,0.42216,403.43304
2025-06-22 19:28:50+07:00,9102,26.50000,84.60000,91.00000,118.40000,0.39994,403.46152
2025-06-22 19:29:39+07:00,9103,26.50000,84.70000,86.50000,111.70000,0.43430,403.42593
2025-06-22 19:30:29+07:00,9104,26.50000,84.70000,83.40000,103.60000,0.44532,403.37659
2025-06-22 19:31:18+07:00,9105,26.50000,84.60000,86.60000,109.20000,0.45372,403.46152
2025-06-22 19:32:08+07:00,9106,26.40000,84.70000,91.50000,115.70000,0.41817,403.41177
2025-06-22 19:32:57+07:00,9107,26.40000,85.00000,88.30000,114.20000,0.42350,403.37659
2025-06-22 19:33:47+07:00,9108,26.50000,85.00000,85.40000,107.70000,0.42350,403.35562
2025-06-22 19:34:37+07:00,9109,26.40000,84.70000,86.90000,111.40000,0.42483,403.33475
2025-06-22 19:35:26+07:00,9110,26.50000,84.60000,89.50000,116.70000,0.42083,403.39767
2025-06-22 19:36:16+07:00,9111,26.40000,84.80000,83.20000,105.20000,0.41421,403.40472
2025-06-22 19:37:05+07:00,9112,26.40000,84.60000,80.50000,104.40000,0.43841,403.44727
2025-06-22 19:37:55+07:00,9113,26.40000,84.70000,85.10000,107.70000,0.43567,403.36960
2025-06-22 19:38:45+07:00,9114,26.30000,85.10000,81.90000,106.50000,0.43430,403.48303
2025-06-22 19:39:34+07:00,9115,26.30000,85.20000,84.20000,107.50000,0.41950,403.41177
2025-06-22 19:40:24+07:00,9116,26.30000,85.40000,84.80000,109.00000,0.41950,403.42593
2025-06-22 19:41:17+07:00,9117,26.30000,85.30000,85.70000,108.60000,0.42887,403.22519
2025-06-22 19:42:07+07:00,9118,26.30000,85.40000,85.30000,107.40000,0.41553,403.34866
2025-06-22 19:42:58+07:00,9119,26.30000,85.50000,89.00000,112.20000,0.43430,403.44727
2025-06-22 19:43:47+07:00,9120,26.30000,85.70000,86.70000,110.50000,0.41950,403.46152
2025-06-22 19:44:40+07:00,9121,26.20000,86.10000,85.40000,109.10000,0.43430,403.37659
2025-06-22 19:45:30+07:00,9122,26.20000,86.20000,85.70000,110.50000,0.42350,403.21170
2025-06-22 19:46:19+07:00,9123,26.20000,86.40000,84.30000,110.80000,0.45231,403.34866
2025-06-22 19:47:09+07:00,9124,26.20000,86.50000,84.70000,109.80000,0.41159,403.13171
2025-06-22 19:47:58+07:00,9125,26.10000,86.70000,82.80000,108.80000,0.45231,403.49744
2025-06-22 19:48:47+07:00,9126,26.20000,86.60000,82.20000,104.50000,0.44532,403.42593
2025-06-22 19:49:37+07:00,9127,26.20000,86.90000,81.70000,105.60000,0.38854,403.41885
2025-06-22 19:50:27+07:00,9128,26.10000,86.90000,82.00000,107.60000,0.42483,403.35562
2025-06-22 19:51:18+07:00,9129,26.20000,86.70000,81.00000,101.40000,0.40897,403.41885
2025-06-22 19:52:07+07:00,9130,26.30000,86.50000,81.30000,104.80000,0.43841,403.36960
2025-06-22 19:52:57+07:00,9131,26.30000,86.40000,83.50000,105.60000,0.42752,403.36261
2025-06-22 19:53:46+07:00,9132,26.30000,86.40000,75.30000,96.20000,0.43567,403.41177
2025-06-22 19:54:36+07:00,9133,26.30000,85.90000,77.60000,100.10000,0.42887,403.37659
2025-06-22 19:55:25+07:00,9134,26.20000,86.20000,76.00000,99.50000,0.42483,403.39767
2025-06-22 19:56:15+07:00,9135,26.20000,86.20000,69.40000,87.10000,0.42483,403.44727
2025-06-22 19:57:04+07:00,9136,26.20000,85.60000,68.80000,86.60000,0.42350,403.33475
2025-06-22 19:57:54+07:00,9137,26.20000,85.40000,69.10000,86.40000,0.41950,403.41177
2025-06-22 19:58:44+07:00,9138,26.20000,85.50000,66.20000,83.20000,0.42350,403.44727
2025-06-22 19:59:34+07:00,9139,26.20000,84.80000,63.00000,79.60000,0.39994,403.45438
2025-06-22 20:00:23+07:00,9140,26.20000,84.50000,60.60000,77.40000,0.42083,403.42593
2025-06-22 20:01:12+07:00,9141,26.20000,84.80000,60.70000,79.80000,0.43022,403.41177
2025-06-22 20:02:02+07:00,9142,26.20000,84.70000,62.70000,79.90000,0.43841,403.34171
2025-06-22 20:02:51+07:00,9143,26.20000,84.90000,61.40000,77.00000,0.41553,403.16486
2025-06-22 20:03:41+07:00,9144,26.20000,84.70000,54.80000,72.60000,0.42350,403.28647
2025-06-22 20:04:30+07:00,9145,26.10000,84.60000,58.90000,73.60000,0.41817,403.36261
2025-06-22 20:05:19+07:00,9146,26.20000,84.50000,53.10000,67.50000,0.47527,403.41177
2025-06-22 20:06:09+07:00,9147,26.20000,84.10000,56.90000,70.00000,0.43978,403.32089
2025-06-22 20:06:58+07:00,9148,26.10000,84.10000,59.00000,75.10000,0.40379,403.42593
2025-06-22 20:07:48+07:00,9149,26.20000,83.80000,58.30000,73.00000,0.41421,403.19827
2025-06-22 20:08:38+07:00,9150,26.20000,83.80000,59.10000,78.40000,0.43294,403.32782
2025-06-22 20:09:28+07:00,9151,26.20000,83.90000,59.60000,77.50000,0.42618,403.36960
2025-06-22 20:10:17+07:00,9152,26.20000,83.90000,59.80000,75.60000,0.42752,403.43304
2025-06-22 20:11:06+07:00,9153,26.20000,83.70000,62.60000,78.20000,0.41421,403.39767
2025-06-22 20:11:56+07:00,9154,26.20000,83.90000,64.00000,80.10000,0.37617,403.32089
2025-06-22 20:12:45+07:00,9155,26.20000,84.10000,64.90000,82.60000,0.41159,403.41177
2025-06-22 20:13:35+07:00,9156,26.30000,84.10000,63.40000,83.30000,0.42350,403.42593
2025-06-22 20:14:27+07:00,9157,26.30000,84.00000,67.30000,87.40000,0.42887,403.47586
2025-06-22 20:15:17+07:00,9158,26.30000,84.10000,69.80000,89.80000,0.41159,403.45438
2025-06-22 20:16:06+07:00,9159,26.30000,84.10000,73.50000,96.80000,0.43704,403.34866
2025-06-22 20:16:56+07:00,9160,26.30000,84.10000,73.50000,94.70000,0.43430,403.46152
2025-06-22 20:17:45+07:00,9161,26.30000,84.10000,63.40000,82.70000,0.40250,403.42593
2025-06-22 20:18:35+07:00,9162,26.30000,83.80000,64.10000,84.00000,0.43567,403.41885
2025-06-22 20:19:24+07:00,9163,26.30000,83.80000,62.30000,80.40000,0.43158,403.41177
2025-06-22 20:20:14+07:00,9164,26.30000,83.70000,62.50000,80.20000,0.43158,403.37659
2025-06-22 20:21:03+07:00,9165,26.30000,83.70000,72.10000,91.00000,0.41950,403.42593
2025-06-22 20:21:53+07:00,9166,26.40000,83.50000,68.90000,86.60000,0.43158,403.40472
2025-06-22 20:22:42+07:00,9167,26.40000,83.60000,66.40000,84.40000,0.41685,403.42593
2025-06-22 20:23:32+07:00,9168,26.30000,83.40000,63.40000,81.80000,0.42483,403.33475
2025-06-22 20:24:21+07:00,9169,26.30000,83.40000,60.00000,75.10000,0.41950,403.27277
2025-06-22 20:25:10+07:00,9170,26.30000,83.40000,59.10000,78.40000,0.43158,403.37659
2025-06-22 20:26:00+07:00,9171,26.20000,83.80000,65.10000,81.10000,0.41290,403.27277
2025-06-22 20:26:49+07:00,9172,26.20000,83.80000,62.40000,80.30000,0.41685,403.44727
2025-06-22 20:27:39+07:00,9173,26.30000,83.60000,64.30000,84.00000,0.39866,403.41177
2025-06-22 20:28:28+07:00,9174,26.20000,83.70000,63.50000,79.90000,0.42350,403.39767
2025-06-22 20:29:18+07:00,9175,26.20000,83.60000,67.00000,83.80000,0.45091,403.34171
2025-06-22 20:30:07+07:00,9176,26.30000,83.60000,75.40000,93.60000,0.41290,403.41885
2025-06-22 20:30:57+07:00,9177,26.30000,83.70000,83.10000,101.50000,0.42752,403.42593
2025-06-22 20:31:46+07:00,9178,26.30000,83.70000,83.50000,105.60000,0.42752,403.36960
2025-06-22 20:32:36+07:00,9179,26.30000,83.70000,66.10000,85.90000,0.43430,403.45438
2025-06-22 20:33:25+07:00,9180,26.20000,83.60000,64.60000,82.50000,0.43022,403.52637
2025-06-22 20:34:14+07:00,9181,26.20000,83.70000,72.50000,91.90000,0.43841,403.56277
2025-06-22 20:35:04+07:00,9182,26.10000,83.90000,72.00000,92.00000,0.32419,403.43304
2025-06-22 20:35:53+07:00,9183,26.20000,83.90000,78.40000,98.00000,0.41685,403.38361
2025-06-22 20:36:43+07:00,9184,26.10000,84.00000,69.10000,84.60000,0.43704,403.38361
2025-06-22 20:37:32+07:00,9185,26.10000,84.30000,76.10000,93.10000,0.40508,403.41885
2025-06-22 20:38:22+07:00,9186,26.00000,84.50000,66.00000,84.50000,0.38604,403.36261
2025-06-22 20:39:11+07:00,9187,26.00000,84.30000,61.90000,76.50000,0.43567,403.08578
2025-06-22 20:40:01+07:00,9188,26.00000,84.30000,60.10000,77.00000,0.42216,403.51910
2025-06-22 20:40:50+07:00,9189,26.00000,84.30000,68.20000,85.40000,0.42083,403.39062
2025-06-22 20:41:40+07:00,9190,26.00000,84.40000,63.60000,81.40000,0.41028,403.39062
2025-06-22 20:42:29+07:00,9191,26.00000,84.30000,57.50000,75.00000,0.41421,403.39767
2025-06-22 20:43:19+07:00,9192,26.00000,84.40000,59.30000,76.10000,0.43978,403.40472
2025-06-22 20:44:08+07:00,9193,26.00000,84.30000,62.70000,80.50000,0.43158,403.32089
2025-06-22 20:45:01+07:00,9194,26.20000,83.90000,55.00000,71.40000,0.41685,403.38361
2025-06-22 20:45:52+07:00,9195,26.20000,83.80000,52.10000,65.40000,0.40767,403.34171
2025-06-22 20:46:41+07:00,9196,26.10000,83.90000,55.20000,73.20000,0.43567,403.42593
2025-06-22 20:47:30+07:00,9197,26.10000,84.10000,51.80000,67.00000,0.42887,403.41177
2025-06-22 20:48:20+07:00,9198,26.00000,84.00000,53.40000,68.70000,0.42483,403.36960
2025-06-22 20:49:09+07:00,9199,26.00000,84.10000,52.30000,66.40000,0.41290,403.42593
2025-06-22 20:49:59+07:00,9200,26.10000,84.10000,48.90000,63.70000,0.41290,403.42593
2025-06-22 20:50:51+07:00,9201,26.10000,84.10000,48.70000,65.00000,0.42216,403.39767
2025-06-22 20:51:40+07:00,9202,26.10000,84.20000,47.20000,62.60000,0.40767,403.41177
2025-06-22 20:52:30+07:00,9203,26.00000,84.30000,47.00000,59.70000,0.41817,403.32782
2025-06-22 20:54:14+07:00,9204,26.00000,84.10000,44.90000,56.70000,0.41685,403.19156
2025-06-22 20:55:04+07:00,9205,26.00000,83.90000,45.60000,55.60000,0.42216,403.36261
2025-06-22 20:55:53+07:00,9206,25.90000,84.00000,47.00000,58.50000,0.41159,403.25232
2025-06-22 20:56:43+07:00,9207,26.00000,83.80000,48.20000,56.50000,0.40897,403.18488
2025-06-22 20:57:33+07:00,9208,26.00000,83.80000,47.70000,59.40000,0.39357,403.24551
2025-06-22 20:58:25+07:00,9209,26.00000,83.90000,48.00000,57.50000,0.41950,403.22519
2025-06-22 20:59:14+07:00,9210,25.90000,83.90000,45.80000,55.20000,0.39105,403.38361
2025-06-22 21:00:10+07:00,9211,25.90000,83.80000,45.90000,55.20000,0.39738,403.27277
2025-06-22 21:01:00+07:00,9212,25.90000,83.70000,47.30000,60.40000,0.40122,403.34866
2025-06-22 21:01:49+07:00,9213,25.80000,84.00000,47.30000,56.20000,0.39231,403.37659
2025-06-22 21:02:39+07:00,9214,25.80000,84.20000,48.60000,59.40000,0.40638,403.29333
2025-06-22 21:03:29+07:00,9215,25.80000,84.10000,50.20000,59.60000,0.42216,403.23874
2025-06-22 21:04:19+07:00,9216,25.80000,84.00000,48.70000,60.20000,0.40379,403.29333
2025-06-22 21:05:09+07:00,9217,25.90000,83.90000,49.70000,60.80000,0.41553,403.41177
2025-06-22 21:06:01+07:00,9218,25.90000,83.80000,50.00000,61.40000,0.40122,403.32782
2025-06-22 21:06:51+07:00,9219,26.00000,83.60000,49.70000,61.40000,0.42618,403.48303
2025-06-22 21:07:44+07:00,9220,26.00000,83.40000,47.90000,58.20000,0.39738,403.39767
2025-06-22 21:08:33+07:00,9221,26.00000,83.20000,48.50000,60.80000,0.38480,403.24551
2025-06-22 21:09:23+07:00,9222,25.90000,83.50000,48.70000,59.20000,0.39105,403.35562
2025-06-22 21:10:12+07:00,9223,25.90000,83.70000,50.80000,63.20000,0.42483,403.27960
2025-06-22 21:11:06+07:00,9224,26.00000,83.50000,50.90000,63.20000,0.40250,403.30710
2025-06-22 21:11:55+07:00,9225,25.90000,83.20000,48.30000,60.30000,0.41553,403.23874
2025-06-22 21:12:45+07:00,9226,26.00000,83.00000,50.90000,60.90000,0.38356,403.34171
2025-06-22 21:13:34+07:00,9227,25.90000,83.40000,49.90000,62.60000,0.39738,403.33475
2025-06-22 21:14:23+07:00,9228,26.00000,83.10000,52.90000,65.40000,0.39994,403.19827
2025-06-22 21:15:14+07:00,9229,26.00000,83.00000,51.10000,65.30000,0.40897,403.37659
2025-06-22 21:16:04+07:00,9230,26.00000,82.90000,51.70000,63.00000,0.37617,403.28647
2025-06-22 21:16:54+07:00,9231,26.10000,82.80000,50.50000,61.90000,0.37985,403.19156
2025-06-22 21:17:43+07:00,9232,26.10000,82.70000,52.10000,64.50000,0.39231,403.15820
2025-06-22 21:18:32+07:00,9233,26.10000,82.70000,54.00000,65.40000,0.41159,403.32089
2025-06-22 21:19:22+07:00,9234,26.10000,82.60000,52.80000,66.90000,0.38854,403.30710
2025-06-22 21:20:11+07:00,9235,26.10000,83.00000,56.20000,69.00000,0.38729,403.31400
2025-06-22 21:21:00+07:00,9236,26.10000,82.70000,58.20000,72.20000,0.39994,403.33475
2025-06-22 21:21:50+07:00,9237,26.20000,82.90000,54.30000,67.40000,0.38729,403.41885
2025-06-22 21:22:40+07:00,9238,26.20000,82.60000,56.60000,70.40000,0.41553,403.39767
2025-06-22 21:23:30+07:00,9239,26.10000,82.80000,55.30000,69.50000,0.40379,403.34171
2025-06-22 21:24:19+07:00,9240,26.10000,83.00000,55.00000,70.20000,0.42083,403.42593
2025-06-22 21:25:09+07:00,9241,26.10000,83.00000,54.50000,71.20000,0.40250,403.52637
2025-06-22 21:25:58+07:00,9242,26.20000,83.10000,55.50000,71.90000,0.43158,403.40472
2025-06-22 21:26:47+07:00,9243,26.20000,83.20000,55.40000,71.70000,0.38480,403.58478
2025-06-22 21:27:37+07:00,9244,26.40000,82.90000,59.20000,78.40000,0.44671,403.65894
2025-06-22 21:28:26+07:00,9245,26.40000,82.50000,58.10000,73.70000,0.45797,403.77243
2025-06-22 21:29:16+07:00,9246,26.50000,82.50000,57.10000,75.30000,0.45797,403.85745
2025-06-22 21:30:05+07:00,9247,26.50000,82.10000,56.60000,71.50000,0.45231,403.67389
2025-06-22 21:30:54+07:00,9248,26.40000,82.10000,56.70000,72.10000,0.46368,403.39062
2025-06-22 21:31:44+07:00,9249,26.50000,82.20000,56.80000,72.60000,0.42483,403.73428
2025-06-22 21:32:33+07:00,9250,26.50000,82.10000,56.50000,73.00000,0.46944,403.86526
2025-06-22 21:33:23+07:00,9251,26.50000,81.80000,55.70000,72.60000,0.47089,403.59213
2025-06-22 21:34:12+07:00,9252,26.40000,82.10000,57.70000,79.40000,0.43841,403.79547
2025-06-22 21:35:02+07:00,9253,26.40000,82.20000,58.00000,79.60000,0.45655,403.70398
2025-06-22 21:35:51+07:00,9254,26.40000,82.30000,56.90000,76.00000,0.46225,403.67389
2025-06-22 21:36:41+07:00,9255,26.40000,82.30000,54.60000,71.50000,0.45655,403.34171
2025-06-22 21:37:30+07:00,9256,26.30000,82.40000,54.20000,71.80000,0.44393,403.44012
2025-06-22 21:38:19+07:00,9257,26.30000,82.20000,55.50000,71.00000,0.44254,403.59952
2025-06-22 21:39:09+07:00,9258,26.20000,82.40000,55.40000,72.10000,0.43567,403.49744
2025-06-22 21:39:58+07:00,9259,26.20000,82.70000,55.00000,70.70000,0.44811,403.51187
2025-06-22 21:40:47+07:00,9260,26.20000,83.10000,56.90000,70.60000,0.45655,403.62170
2025-06-22 21:41:37+07:00,9261,26.30000,82.70000,55.00000,70.30000,0.45655,403.62912
2025-06-22 21:42:26+07:00,9262,26.30000,82.30000,55.70000,71.70000,0.46368,403.59952
2025-06-22 21:43:16+07:00,9263,26.30000,82.60000,56.80000,73.10000,0.46368,403.60690
2025-06-22 21:44:05+07:00,9264,26.30000,82.40000,55.40000,67.90000,0.48558,403.64401
2025-06-22 21:44:54+07:00,9265,26.40000,82.30000,58.60000,73.00000,0.46225,403.62170
2025-06-22 21:45:44+07:00,9266,26.30000,82.20000,56.70000,73.10000,0.43567,403.59952
2025-06-22 21:47:25+07:00,9267,26.20000,82.80000,61.80000,81.80000,0.45513,403.51910
2025-06-22 21:48:14+07:00,9268,26.10000,83.00000,61.90000,80.50000,0.45797,403.50464
2025-06-22 21:49:04+07:00,9269,26.10000,83.10000,64.00000,84.00000,0.43294,403.48303
2025-06-22 21:49:56+07:00,9270,26.10000,83.30000,64.80000,87.20000,0.44811,403.45438
2025-06-22 21:50:45+07:00,9271,26.10000,83.40000,63.40000,82.40000,0.41290,403.38361
2025-06-22 21:51:35+07:00,9272,26.10000,83.40000,62.30000,80.00000,0.43022,403.42593
2025-06-22 21:52:24+07:00,9273,26.10000,83.50000,57.80000,75.50000,0.44393,403.34171
2025-06-22 21:53:13+07:00,9274,26.10000,83.50000,59.70000,76.60000,0.46800,403.59213
2025-06-22 21:54:03+07:00,9275,26.10000,83.40000,58.40000,76.20000,0.43704,403.39767
2025-06-22 21:54:52+07:00,9276,26.10000,83.70000,55.20000,71.50000,0.43841,403.47586
2025-06-22 21:55:42+07:00,9277,26.10000,83.40000,57.80000,72.80000,0.42752,403.49744
2025-06-22 21:56:31+07:00,9278,26.10000,83.30000,57.50000,72.00000,0.44254,403.38361
2025-06-22 21:57:20+07:00,9279,26.10000,83.50000,55.80000,73.10000,0.43567,403.23874
2025-06-22 21:58:10+07:00,9280,26.10000,83.50000,55.20000,69.20000,0.44254,403.41885
2025-06-22 21:58:59+07:00,9281,26.10000,83.40000,55.40000,68.50000,0.44254,403.46152
2025-06-22 21:59:48+07:00,9282,26.20000,83.30000,56.20000,70.60000,0.45231,403.49023
2025-06-22 22:00:38+07:00,9283,26.20000,83.10000,53.20000,66.70000,0.46225,403.52637
2025-06-22 22:01:27+07:00,9284,26.20000,83.20000,57.50000,73.00000,0.46656,403.51910
2025-06-22 22:02:17+07:00,9285,26.30000,82.80000,57.20000,75.70000,0.44393,403.66641
2025-06-22 22:03:06+07:00,9286,26.30000,82.70000,58.00000,76.00000,0.44811,403.63657
2025-06-22 22:03:55+07:00,9287,26.40000,82.60000,58.70000,75.80000,0.43430,403.71155
2025-06-22 22:04:45+07:00,9288,26.40000,82.40000,56.90000,73.80000,0.47089,403.68140
2025-06-22 22:05:34+07:00,9289,26.40000,82.50000,57.30000,75.00000,0.43022,403.61429
2025-06-22 22:06:25+07:00,9290,26.40000,82.60000,57.80000,76.90000,0.45091,403.56277
2025-06-22 22:07:15+07:00,9291,26.30000,82.80000,59.20000,75.10000,0.42752,403.55548
2025-06-22 22:08:04+07:00,9292,26.30000,82.90000,59.00000,77.60000,0.45797,403.65146
2025-06-22 22:08:54+07:00,9293,26.30000,83.10000,57.30000,73.20000,0.45513,403.66641
2025-06-22 22:09:46+07:00,9294,26.40000,83.10000,57.70000,76.90000,0.47820,403.53363
2025-06-22 22:10:36+07:00,9295,26.30000,83.10000,56.40000,73.90000,0.46800,403.54819
2025-06-22 22:11:25+07:00,9296,26.30000,83.20000,58.30000,76.80000,0.45939,403.44727
2025-06-22 22:12:14+07:00,9297,26.20000,83.50000,56.10000,74.30000,0.46225,403.63657
2025-06-22 22:13:04+07:00,9298,26.20000,83.50000,58.00000,73.50000,0.45513,403.53363
2025-06-22 22:13:53+07:00,9299,26.20000,83.50000,57.10000,71.50000,0.44254,403.39767
2025-06-22 22:14:43+07:00,9300,26.10000,83.60000,55.00000,71.60000,0.48262,403.62912
2025-06-22 22:15:33+07:00,9301,26.20000,83.60000,54.40000,72.30000,0.45939,403.46152
2025-06-22 22:16:22+07:00,9302,26.30000,83.30000,58.20000,76.20000,0.46656,403.65894
2025-06-22 22:17:12+07:00,9303,26.30000,83.10000,57.20000,72.10000,0.52071,403.62170
2025-06-22 22:18:02+07:00,9304,26.40000,82.90000,55.80000,71.30000,0.45091,403.75714
2025-06-22 22:18:52+07:00,9305,26.40000,82.60000,57.50000,72.90000,0.46082,403.68890
2025-06-22 22:19:41+07:00,9306,26.50000,82.50000,59.60000,77.30000,0.46944,403.80316
2025-06-22 22:20:30+07:00,9307,26.50000,82.10000,58.30000,82.30000,0.47820,403.59952
2025-06-22 22:21:20+07:00,9308,26.40000,82.40000,59.70000,77.80000,0.46225,403.74188
2025-06-22 22:22:12+07:00,9309,26.40000,82.40000,56.00000,75.00000,0.44532,403.89661
2025-06-22 22:23:02+07:00,9310,26.50000,82.30000,57.00000,73.60000,0.47381,403.68140
2025-06-22 22:23:56+07:00,9311,26.50000,82.10000,56.80000,74.40000,0.47967,403.74188
2025-06-22 22:24:46+07:00,9312,26.40000,82.40000,57.00000,75.80000,0.48856,403.66641
2025-06-22 22:25:35+07:00,9313,26.40000,82.50000,56.70000,73.00000,0.46225,403.84189
2025-06-22 22:26:25+07:00,9314,26.40000,82.70000,58.70000,74.70000,0.47381,403.49744
2025-06-22 22:27:19+07:00,9315,26.40000,82.70000,59.40000,74.40000,0.43978,403.50464
2025-06-22 22:28:11+07:00,9316,26.30000,82.90000,61.10000,76.80000,0.44811,403.57745
2025-06-22 22:29:00+07:00,9317,26.20000,83.20000,60.10000,77.30000,0.44532,403.40472
2025-06-22 22:29:49+07:00,9318,26.20000,83.30000,60.90000,77.00000,0.44951,403.43304
2025-06-22 22:30:39+07:00,9319,26.20000,83.30000,58.60000,73.10000,0.47089,403.44727
2025-06-22 22:31:29+07:00,9320,26.20000,83.20000,59.90000,74.10000,0.43022,403.49744
2025-06-22 22:32:19+07:00,9321,26.30000,83.10000,60.90000,77.80000,0.44254,403.42593
2025-06-22 22:33:09+07:00,9322,26.30000,83.10000,59.50000,75.00000,0.44116,403.25232
2025-06-22 22:33:59+07:00,9323,26.30000,82.90000,59.80000,72.90000,0.44393,403.41177
2025-06-22 22:34:48+07:00,9324,26.30000,82.70000,57.20000,72.00000,0.43567,403.46869
2025-06-22 22:35:38+07:00,9325,26.30000,82.80000,57.30000,73.60000,0.44951,403.53363
2025-06-22 22:36:28+07:00,9326,26.30000,82.60000,60.90000,76.40000,0.43841,403.46869
2025-06-22 22:37:17+07:00,9327,26.30000,82.70000,59.50000,76.10000,0.42752,403.36261
2025-06-22 22:38:07+07:00,9328,26.30000,82.90000,58.20000,76.10000,0.43704,403.46869
2025-06-22 22:38:56+07:00,9329,26.30000,82.90000,61.00000,76.10000,0.43158,403.41885
2025-06-22 22:39:46+07:00,9330,26.20000,82.90000,59.70000,76.90000,0.40508,403.41177
2025-06-22 22:40:35+07:00,9331,26.10000,83.20000,58.60000,76.90000,0.43978,403.62170
2025-06-22 22:41:25+07:00,9332,26.10000,83.40000,60.30000,75.90000,0.46225,403.47586
2025-06-22 22:42:15+07:00,9333,26.10000,83.30000,60.10000,76.80000,0.43294,403.43304
2025-06-22 22:43:04+07:00,9334,26.20000,83.20000,59.10000,77.40000,0.44116,403.37659
2025-06-22 22:43:54+07:00,9335,26.20000,83.10000,61.30000,76.70000,0.44811,403.46869
2025-06-22 22:44:43+07:00,9336,26.30000,82.90000,61.20000,80.40000,0.44393,403.46869
2025-06-22 22:45:33+07:00,9337,26.20000,83.00000,62.30000,80.80000,0.41817,403.46869
2025-06-22 22:46:22+07:00,9338,26.20000,83.10000,63.80000,83.30000,0.45091,403.49023
2025-06-22 22:47:12+07:00,9339,26.20000,83.10000,60.40000,80.70000,0.42618,403.37659
2025-06-22 22:48:01+07:00,9340,26.20000,83.20000,62.70000,82.80000,0.42752,403.48303
2025-06-22 22:48:51+07:00,9341,26.20000,83.10000,62.90000,83.50000,0.43430,403.52637
2025-06-22 22:49:40+07:00,9342,26.20000,83.00000,66.00000,85.80000,0.45091,403.33475
2025-06-22 22:50:29+07:00,9343,26.20000,83.00000,65.70000,88.50000,0.42887,403.71912
2025-06-22 22:51:19+07:00,9344,26.20000,83.00000,66.20000,88.40000,0.42083,403.28647
2025-06-22 22:52:09+07:00,9345,26.20000,83.10000,65.40000,84.30000,0.41685,403.41885
2025-06-22 22:52:58+07:00,9346,26.20000,83.10000,66.30000,86.30000,0.43294,403.42593
2025-06-22 22:53:47+07:00,9347,26.10000,83.20000,64.70000,85.70000,0.45797,403.41885
2025-06-22 22:54:37+07:00,9348,26.10000,83.10000,62.00000,80.80000,0.40122,403.41885
2025-06-22 22:55:29+07:00,9349,26.10000,83.30000,66.90000,87.50000,0.43978,403.62170
2025-06-22 22:56:18+07:00,9350,26.10000,83.50000,65.50000,84.90000,0.46656,403.59213
2025-06-22 22:57:08+07:00,9351,26.00000,83.80000,60.40000,82.60000,0.42350,403.44012
2025-06-22 22:57:57+07:00,9352,26.00000,83.70000,63.50000,82.60000,0.42752,403.49023
2025-06-22 22:58:47+07:00,9353,26.10000,83.50000,62.60000,82.10000,0.43158,403.63657
2025-06-22 22:59:36+07:00,9354,26.20000,82.90000,62.50000,81.40000,0.44811,403.56277
2025-06-22 23:00:25+07:00,9355,26.30000,82.60000,64.30000,84.80000,0.47527,403.88873
2025-06-22 23:01:15+07:00,9356,26.30000,82.60000,63.70000,81.90000,0.45231,403.74188
2025-06-22 23:02:05+07:00,9357,26.20000,82.90000,63.40000,82.70000,0.45372,403.71155
2025-06-22 23:02:55+07:00,9358,26.20000,83.00000,65.40000,88.80000,0.45939,403.57745
2025-06-22 23:03:47+07:00,9359,26.20000,83.00000,65.30000,85.60000,0.45231,403.51187
2025-06-22 23:04:37+07:00,9360,26.20000,83.10000,65.70000,88.00000,0.44116,403.61429
2025-06-22 23:05:29+07:00,9361,26.10000,83.20000,64.20000,84.90000,0.45231,403.62170
2025-06-22 23:06:22+07:00,9362,26.10000,83.20000,63.00000,84.80000,0.44811,403.60690
2025-06-22 23:07:16+07:00,9363,26.10000,83.10000,65.20000,85.40000,0.45372,403.65146
2025-06-22 23:08:10+07:00,9364,26.10000,83.10000,63.10000,84.10000,0.45655,403.61429
2025-06-22 23:09:00+07:00,9365,26.20000,83.00000,66.10000,85.60000,0.43978,403.65894
2025-06-22 23:09:49+07:00,9366,26.20000,83.20000,65.50000,85.60000,0.43978,403.78009
2025-06-22 23:10:39+07:00,9367,26.20000,83.30000,65.70000,86.60000,0.45797,403.61429
2025-06-22 23:11:28+07:00,9368,26.10000,83.40000,64.90000,83.10000,0.46368,403.62912
2025-06-22 23:13:12+07:00,9369,26.10000,83.40000,64.40000,84.50000,0.44951,403.62912
2025-06-22 23:14:02+07:00,9370,26.20000,83.10000,65.20000,87.50000,0.46368,403.51187
2025-06-22 23:14:51+07:00,9371,26.20000,82.80000,65.00000,85.00000,0.41685,403.64401
2025-06-22 23:15:41+07:00,9372,26.20000,82.80000,63.20000,82.70000,0.43841,403.59213
2025-06-22 23:16:30+07:00,9373,26.10000,83.00000,62.00000,82.30000,0.42483,403.65146
2025-06-22 23:17:19+07:00,9374,26.20000,83.00000,63.00000,82.90000,0.44116,403.61429
2025-06-22 23:18:09+07:00,9375,26.20000,82.70000,64.40000,84.00000,0.45655,403.57745
2025-06-22 23:18:58+07:00,9376,26.20000,82.70000,64.00000,85.90000,0.46225,403.62170
2025-06-22 23:19:47+07:00,9377,26.20000,82.40000,63.10000,82.00000,0.41817,403.65146
2025-06-22 23:20:37+07:00,9378,26.20000,82.40000,63.30000,83.00000,0.47235,403.72668
2025-06-22 23:21:26+07:00,9379,26.20000,82.50000,65.00000,84.10000,0.43841,403.53363
2025-06-22 23:22:15+07:00,9380,26.20000,82.40000,62.00000,80.90000,0.44393,403.54819
2025-06-22 23:23:08+07:00,9381,26.20000,82.40000,63.90000,83.10000,0.44532,403.55548
2025-06-22 23:23:57+07:00,9382,26.20000,82.30000,62.90000,81.90000,0.46225,403.57745
2025-06-22 23:24:49+07:00,9383,26.20000,82.40000,66.70000,87.80000,0.43978,403.62170
2025-06-22 23:25:39+07:00,9384,26.10000,82.40000,63.40000,83.60000,0.44671,403.53363
2025-06-22 23:26:28+07:00,9385,26.10000,82.40000,63.30000,83.90000,0.41290,403.52637
2025-06-22 23:27:18+07:00,9386,26.20000,82.10000,63.10000,84.30000,0.43430,403.54819
2025-06-22 23:28:07+07:00,9387,26.10000,82.20000,63.20000,84.20000,0.43567,403.46869
2025-06-22 23:28:56+07:00,9388,26.10000,82.30000,63.80000,86.10000,0.45939,403.44012
2025-06-22 23:29:46+07:00,9389,26.10000,82.20000,61.80000,81.90000,0.43841,403.48303
2025-06-22 23:30:35+07:00,9390,26.00000,82.30000,63.90000,84.10000,0.42618,403.50464
2025-06-22 23:32:16+07:00,9391,26.00000,82.60000,64.10000,85.70000,0.44254,403.38361
2025-06-22 23:33:05+07:00,9392,26.00000,82.60000,63.90000,82.90000,0.42752,403.47586
2025-06-22 23:33:55+07:00,9393,26.00000,82.60000,67.20000,90.10000,0.44393,403.51187
2025-06-22 23:34:44+07:00,9394,26.00000,82.60000,64.50000,88.50000,0.44393,403.53363
2025-06-22 23:35:34+07:00,9395,25.90000,82.70000,67.00000,89.40000,0.43704,403.37659
2025-06-22 23:36:23+07:00,9396,25.90000,82.70000,67.50000,88.50000,0.43430,403.51910
2025-06-22 23:37:13+07:00,9397,25.90000,82.70000,71.20000,96.20000,0.45091,403.59952
2025-06-22 23:38:02+07:00,9398,25.90000,82.80000,69.50000,90.80000,0.41950,403.65146
2025-06-22 23:38:51+07:00,9399,25.90000,83.00000,68.20000,92.80000,0.43841,403.45438
2025-06-22 23:39:41+07:00,9400,25.90000,82.90000,70.80000,93.00000,0.43567,403.44012
2025-06-22 23:40:30+07:00,9401,25.90000,83.10000,66.40000,90.40000,0.43158,403.44727
2025-06-22 23:41:20+07:00,9402,25.90000,83.40000,62.50000,84.00000,0.42887,403.49023
2025-06-22 23:42:09+07:00,9403,25.90000,83.20000,70.20000,96.70000,0.43294,403.54819
2025-06-22 23:42:59+07:00,9404,25.90000,83.10000,69.90000,94.30000,0.41685,403.60690
2025-06-22 23:43:49+07:00,9405,26.00000,83.10000,69.30000,93.90000,0.46800,403.68890
2025-06-22 23:44:38+07:00,9406,26.00000,83.20000,68.80000,93.20000,0.43704,403.66641
2025-06-22 23:45:28+07:00,9407,26.00000,83.00000,70.20000,94.70000,0.44393,403.78009
2025-06-22 23:46:17+07:00,9408,26.10000,83.00000,72.70000,98.10000,0.45939,403.71155
2025-06-22 23:47:07+07:00,9409,26.10000,83.00000,74.10000,98.90000,0.43158,403.62912
2025-06-22 23:47:57+07:00,9410,26.00000,83.10000,70.70000,94.30000,0.44254,403.55548
2025-06-22 23:48:46+07:00,9411,26.00000,83.20000,71.40000,94.90000,0.43704,403.54819
2025-06-22 23:49:35+07:00,9412,26.00000,83.20000,72.10000,95.30000,0.44116,403.50464
2025-06-22 23:50:25+07:00,9413,26.00000,83.40000,69.90000,96.10000,0.44254,403.49023
2025-06-22 23:51:14+07:00,9414,25.90000,83.50000,67.30000,92.10000,0.44951,403.53363
2025-06-22 23:52:04+07:00,9415,26.00000,83.40000,72.80000,99.70000,0.44671,403.52637
2025-06-22 23:52:53+07:00,9416,26.00000,83.60000,71.80000,96.90000,0.44532,403.61429
2025-06-22 23:53:43+07:00,9417,26.00000,83.50000,69.10000,92.30000,0.44811,403.50464
2025-06-22 23:54:32+07:00,9418,26.00000,83.50000,70.10000,94.60000,0.43978,403.59213
2025-06-22 23:55:21+07:00,9419,26.00000,83.50000,69.30000,93.00000,0.45231,403.65894
2025-06-22 23:56:11+07:00,9420,26.00000,83.40000,68.20000,92.70000,0.45091,403.51187
2025-06-22 23:57:00+07:00,9421,26.00000,83.40000,70.70000,93.10000,0.45091,403.50464
2025-06-22 23:57:49+07:00,9422,26.00000,83.40000,68.10000,91.20000,0.44254,403.49744
2025-06-22 23:58:39+07:00,9423,26.00000,83.30000,64.50000,85.70000,0.44951,403.40472
2025-06-22 23:59:28+07:00,9424,26.00000,83.00000,68.30000,91.60000,0.50062,403.40472
2025-06-23 00:00:17+07:00,9425,26.00000,82.90000,67.00000,90.00000,0.44393,403.49023
2025-06-23 00:01:07+07:00,9426,26.00000,82.90000,64.40000,84.80000,0.40638,403.56277
2025-06-23 00:01:56+07:00,9427,25.90000,83.10000,66.00000,83.70000,0.42350,403.40472
2025-06-23 00:02:46+07:00,9428,25.80000,83.30000,64.90000,87.30000,0.43978,403.46152
2025-06-23 00:03:35+07:00,9429,25.80000,83.50000,63.20000,84.50000,0.44116,403.42593
2025-06-23 00:04:25+07:00,9430,25.80000,83.50000,61.60000,82.00000,0.44811,403.43304
2025-06-23 00:05:14+07:00,9431,25.80000,83.50000,65.80000,87.80000,0.46512,403.67389
2025-06-23 00:06:04+07:00,9432,25.70000,83.60000,63.70000,83.10000,0.45091,403.44012
2025-06-23 00:06:53+07:00,9433,25.70000,83.70000,63.40000,81.80000,0.41950,403.42593
2025-06-23 00:07:43+07:00,9434,25.70000,83.60000,62.90000,81.90000,0.42216,403.44727
2025-06-23 00:08:33+07:00,9435,25.80000,83.30000,62.60000,84.00000,0.43022,403.41177
2025-06-23 00:09:22+07:00,9436,25.80000,83.30000,61.60000,80.00000,0.44393,403.44012
2025-06-23 00:10:12+07:00,9437,25.80000,83.20000,60.80000,77.90000,0.43704,403.42593
2025-06-23 00:11:01+07:00,9438,25.80000,83.10000,61.90000,81.60000,0.43430,403.41177
2025-06-23 00:11:51+07:00,9439,25.80000,83.10000,63.50000,82.50000,0.44116,403.43304
2025-06-23 00:12:40+07:00,9440,25.80000,83.00000,61.30000,80.70000,0.44393,403.43304
2025-06-23 00:13:29+07:00,9441,25.70000,83.20000,64.20000,85.70000,0.40897,403.36261
2025-06-23 00:14:19+07:00,9442,25.70000,83.30000,62.80000,83.50000,0.42887,403.41177
2025-06-23 00:15:08+07:00,9443,25.70000,83.40000,61.70000,80.20000,0.42887,403.41177
2025-06-23 00:15:57+07:00,9444,25.60000,83.70000,61.90000,81.40000,0.42887,403.29333
2025-06-23 00:16:47+07:00,9445,25.70000,83.70000,59.00000,76.10000,0.41817,403.36960
2025-06-23 00:17:36+07:00,9446,25.70000,83.50000,60.80000,76.70000,0.43294,403.32089
2025-06-23 00:18:26+07:00,9447,25.80000,83.40000,60.00000,79.60000,0.43022,403.35562
2025-06-23 00:19:15+07:00,9448,25.80000,83.50000,60.40000,78.00000,0.42618,403.46869
2025-06-23 00:20:04+07:00,9449,25.70000,83.60000,59.60000,74.70000,0.40122,403.40472
2025-06-23 00:20:54+07:00,9450,25.70000,83.70000,60.50000,78.70000,0.46368,403.35562
2025-06-23 00:21:43+07:00,9451,25.80000,83.50000,58.00000,74.70000,0.41553,403.36261
2025-06-23 00:22:33+07:00,9452,25.70000,83.70000,56.90000,74.20000,0.43158,403.37659
2025-06-23 00:23:22+07:00,9453,25.80000,83.70000,58.30000,76.80000,0.42083,403.17151
2025-06-23 00:24:11+07:00,9454,25.80000,83.60000,58.80000,77.60000,0.41685,403.39062
2025-06-23 00:25:01+07:00,9455,25.80000,83.50000,57.60000,75.10000,0.42618,403.43304
2025-06-23 00:25:50+07:00,9456,25.80000,83.50000,58.30000,73.00000,0.41159,403.54089
2025-06-23 00:26:39+07:00,9457,25.80000,83.40000,60.60000,79.00000,0.43022,403.57745
2025-06-23 00:27:29+07:00,9458,25.80000,83.30000,58.60000,74.40000,0.41817,403.49744
2025-06-23 00:28:18+07:00,9459,25.80000,83.30000,57.50000,75.90000,0.44393,403.62912
2025-06-23 00:29:07+07:00,9460,25.80000,83.10000,59.10000,78.80000,0.41950,403.53363
2025-06-23 00:29:57+07:00,9461,25.80000,83.20000,60.60000,79.60000,0.41950,403.51187
2025-06-23 00:30:46+07:00,9462,25.80000,83.30000,58.90000,77.70000,0.42618,403.41177
2025-06-23 00:31:36+07:00,9463,25.80000,83.30000,58.80000,75.40000,0.43567,403.39062
2025-06-23 00:32:25+07:00,9464,25.80000,83.50000,58.10000,78.70000,0.42887,403.49744
2025-06-23 00:33:14+07:00,9465,25.70000,83.50000,58.70000,77.50000,0.45513,403.41885
2025-06-23 00:34:04+07:00,9466,25.70000,83.40000,57.40000,77.10000,0.41950,403.46869
2025-06-23 00:34:53+07:00,9467,25.80000,83.10000,58.90000,75.90000,0.44116,403.37659
2025-06-23 00:35:43+07:00,9468,25.80000,82.80000,61.00000,80.40000,0.40897,403.34866
2025-06-23 00:36:32+07:00,9469,25.80000,83.00000,59.90000,80.60000,0.41159,403.41885
2025-06-23 00:37:21+07:00,9470,25.70000,83.10000,61.00000,83.50000,0.41421,403.34171
2025-06-23 00:38:11+07:00,9471,25.70000,83.10000,60.90000,82.00000,0.41817,403.30710
2025-06-23 00:39:00+07:00,9472,25.70000,83.20000,62.90000,85.10000,0.43022,403.29333
2025-06-23 00:39:50+07:00,9473,25.70000,83.30000,60.60000,80.10000,0.42483,403.36261
2025-06-23 00:40:39+07:00,9474,25.60000,83.50000,60.40000,77.20000,0.42618,403.34171
2025-06-23 00:41:32+07:00,9475,25.60000,83.50000,57.70000,76.40000,0.38108,403.46152
2025-06-23 00:43:18+07:00,9476,25.90000,82.70000,59.70000,78.00000,0.43022,403.65894
2025-06-23 00:44:10+07:00,9477,26.00000,82.20000,59.00000,77.30000,0.41553,403.66641
2025-06-23 00:44:59+07:00,9478,26.00000,82.10000,57.20000,74.60000,0.42887,403.51910
2025-06-23 00:45:51+07:00,9479,25.90000,82.20000,60.70000,81.60000,0.41159,403.65894
2025-06-23 00:46:40+07:00,9480,26.00000,82.10000,60.30000,79.60000,0.42350,403.49023
2025-06-23 00:47:29+07:00,9481,25.90000,82.20000,62.40000,85.50000,0.44116,403.35562
2025-06-23 00:48:19+07:00,9482,25.90000,82.20000,64.70000,87.00000,0.45231,403.35562
2025-06-23 00:49:08+07:00,9483,25.80000,82.40000,63.70000,89.60000,0.41950,403.44012
2025-06-23 00:50:00+07:00,9484,25.70000,82.40000,62.10000,84.50000,0.41290,403.61429
2025-06-23 00:50:53+07:00,9485,25.70000,82.60000,63.90000,86.60000,0.40122,403.25232
2025-06-23 00:51:43+07:00,9486,25.70000,82.60000,63.50000,93.30000,0.38979,403.30710
2025-06-23 00:52:33+07:00,9487,25.70000,82.60000,64.40000,89.70000,0.42216,403.32089
2025-06-23 00:53:22+07:00,9488,25.70000,82.70000,63.00000,85.70000,0.43978,403.44012
2025-06-23 00:54:12+07:00,9489,25.60000,82.90000,66.40000,90.90000,0.41685,403.41177
2025-06-23 00:55:04+07:00,9490,25.70000,82.80000,67.60000,93.00000,0.43567,403.37659
2025-06-23 00:55:54+07:00,9491,25.60000,83.20000,66.70000,95.40000,0.43294,403.39767
2025-06-23 00:56:43+07:00,9492,25.60000,83.30000,66.60000,94.20000,0.41553,403.33475
2025-06-23 00:57:33+07:00,9493,25.50000,83.60000,68.80000,92.70000,0.41421,403.53363
2025-06-23 00:58:22+07:00,9494,25.50000,83.70000,69.50000,99.30000,0.41290,403.31400
2025-06-23 00:59:12+07:00,9495,25.50000,83.80000,69.30000,95.30000,0.41421,403.42593
2025-06-23 01:00:01+07:00,9496,25.50000,83.90000,73.60000,101.80000,0.42216,403.32782
2025-06-23 01:00:51+07:00,9497,25.50000,83.90000,69.70000,100.90000,0.42887,403.59213
2025-06-23 01:01:41+07:00,9498,25.50000,84.00000,67.30000,93.10000,0.41553,403.42593
2025-06-23 01:02:30+07:00,9499,25.50000,84.00000,71.60000,100.30000,0.44671,403.42593
2025-06-23 01:03:20+07:00,9500,25.50000,84.00000,74.20000,103.50000,0.42618,403.39767
2025-06-23 01:04:10+07:00,9501,25.50000,84.00000,74.80000,106.00000,0.43022,403.44012
2025-06-23 01:05:00+07:00,9502,25.50000,84.20000,75.40000,107.10000,0.42887,403.41885
2025-06-23 01:05:50+07:00,9503,25.40000,84.40000,78.80000,109.20000,0.43158,403.43304
2025-06-23 01:06:42+07:00,9504,25.40000,84.40000,76.90000,106.70000,0.41685,403.45438
2025-06-23 01:07:32+07:00,9505,25.40000,84.50000,76.90000,108.90000,0.43704,403.36261
2025-06-23 01:08:22+07:00,9506,25.40000,84.70000,75.60000,106.90000,0.43294,403.30710
2025-06-23 01:09:16+07:00,9507,25.40000,84.70000,76.40000,106.30000,0.42483,403.35562
2025-06-23 01:10:05+07:00,9508,25.40000,84.70000,76.60000,109.20000,0.41950,403.44727
2025-06-23 01:10:55+07:00,9509,25.40000,84.80000,75.50000,108.50000,0.40897,403.44012
2025-06-23 01:11:45+07:00,9510,25.40000,84.70000,81.50000,119.50000,0.42216,403.34171
2025-06-23 01:12:34+07:00,9511,25.40000,84.60000,76.30000,111.40000,0.41421,403.39062
2025-06-23 01:13:27+07:00,9512,25.40000,84.90000,78.80000,117.20000,0.41159,403.39062
2025-06-23 01:14:22+07:00,9513,25.40000,85.00000,82.00000,116.70000,0.42483,403.35562
2025-06-23 01:15:15+07:00,9514,25.30000,85.10000,78.80000,113.90000,0.43294,403.49023
2025-06-23 01:16:08+07:00,9515,25.40000,85.10000,79.20000,116.20000,0.41159,403.44012
2025-06-23 01:17:57+07:00,9516,25.40000,85.10000,76.00000,110.60000,0.41421,403.43304
2025-06-23 01:18:50+07:00,9517,25.50000,84.70000,78.70000,117.50000,0.43841,403.55548
2025-06-23 01:19:40+07:00,9518,25.60000,84.70000,77.60000,113.10000,0.44116,403.42593
2025-06-23 01:20:29+07:00,9519,25.50000,84.60000,80.30000,117.80000,0.43158,403.69644
2025-06-23 01:21:18+07:00,9520,25.60000,84.30000,79.10000,115.30000,0.43022,403.51910
2025-06-23 01:22:11+07:00,9521,25.60000,84.20000,79.30000,114.70000,0.43430,403.44012
2025-06-23 01:23:03+07:00,9522,25.70000,83.90000,77.10000,112.70000,0.43294,403.54819
2025-06-23 01:23:53+07:00,9523,25.70000,83.70000,81.60000,118.80000,0.43704,403.65894
2025-06-23 01:24:42+07:00,9524,25.70000,83.90000,80.20000,117.60000,0.45939,403.76477
2025-06-23 01:25:32+07:00,9525,25.70000,84.00000,82.60000,119.50000,0.44811,403.72668
2025-06-23 01:26:21+07:00,9526,25.70000,84.10000,82.90000,119.70000,0.45513,403.69644
2025-06-23 01:27:11+07:00,9527,25.70000,84.00000,81.60000,115.70000,0.44811,403.59213
2025-06-23 01:28:03+07:00,9528,25.70000,84.10000,79.10000,116.40000,0.43022,403.57010
2025-06-23 01:28:53+07:00,9529,25.70000,84.20000,81.70000,118.20000,0.45939,403.42593
2025-06-23 01:29:42+07:00,9530,25.60000,84.30000,76.80000,109.60000,0.42752,403.55548
2025-06-23 01:30:32+07:00,9531,25.60000,84.10000,81.60000,123.40000,0.43158,403.57010
2025-06-23 01:31:21+07:00,9532,25.70000,84.10000,81.60000,119.70000,0.44393,403.62170
2025-06-23 01:32:11+07:00,9533,25.60000,84.10000,79.10000,114.50000,0.44811,403.63657
2025-06-23 01:33:00+07:00,9534,25.60000,84.20000,77.90000,115.20000,0.46082,403.60690
2025-06-23 01:33:50+07:00,9535,25.60000,84.10000,79.70000,117.30000,0.45513,403.68890
2025-06-23 01:34:40+07:00,9536,25.60000,84.30000,75.50000,110.00000,0.45797,403.61429
2025-06-23 01:35:29+07:00,9537,25.60000,84.40000,80.70000,116.30000,0.45797,403.63657
2025-06-23 01:36:19+07:00,9538,25.50000,84.50000,80.20000,113.80000,0.43978,403.51910
2025-06-23 01:37:09+07:00,9539,25.50000,84.50000,83.00000,123.80000,0.42083,403.53363
2025-06-23 01:37:58+07:00,9540,25.50000,84.70000,81.30000,116.40000,0.41950,403.55548
2025-06-23 01:38:47+07:00,9541,25.40000,85.10000,78.50000,117.10000,0.43022,403.48303
2025-06-23 01:39:37+07:00,9542,25.40000,85.20000,82.80000,121.00000,0.46225,403.38361
2025-06-23 01:40:27+07:00,9543,25.40000,85.20000,80.90000,120.40000,0.45231,403.50464
2025-06-23 01:41:19+07:00,9544,25.40000,85.10000,83.20000,122.60000,0.45655,403.52637
2025-06-23 01:42:09+07:00,9545,25.40000,85.20000,83.60000,122.10000,0.43158,403.67389
2025-06-23 01:42:58+07:00,9546,25.40000,85.50000,81.70000,122.00000,0.42618,403.44012
2025-06-23 01:43:48+07:00,9547,25.40000,85.50000,81.30000,119.90000,0.43430,403.49744
2025-06-23 01:44:38+07:00,9548,25.50000,85.20000,82.50000,123.40000,0.44532,403.55548
2025-06-23 01:45:27+07:00,9549,25.50000,85.00000,82.10000,120.30000,0.42618,403.57745
2025-06-23 01:46:20+07:00,9550,25.40000,85.10000,81.50000,119.80000,0.43430,403.53363
2025-06-23 01:47:10+07:00,9551,25.40000,85.40000,79.10000,117.10000,0.44254,403.49023
2025-06-23 01:48:00+07:00,9552,25.40000,85.70000,80.70000,117.70000,0.39994,403.47586
2025-06-23 01:48:50+07:00,9553,25.40000,85.60000,80.70000,117.00000,0.41421,403.57010
2025-06-23 01:49:39+07:00,9554,25.40000,85.40000,84.00000,122.50000,0.42483,403.57010
2025-06-23 01:50:29+07:00,9555,25.30000,85.30000,81.10000,123.80000,0.41950,403.54819
2025-06-23 01:51:22+07:00,9556,25.30000,85.20000,76.10000,112.90000,0.45939,403.51910
2025-06-23 01:52:12+07:00,9557,25.40000,85.00000,82.50000,125.30000,0.42618,403.62912
2025-06-23 01:53:03+07:00,9558,25.30000,85.20000,80.30000,120.00000,0.44393,403.58478
2025-06-23 01:53:52+07:00,9559,25.30000,85.30000,83.60000,126.50000,0.44671,403.61429
2025-06-23 01:54:42+07:00,9560,25.30000,85.40000,86.80000,129.30000,0.43567,403.56277
2025-06-23 01:55:31+07:00,9561,25.30000,85.30000,85.30000,123.00000,0.42618,403.67389
2025-06-23 01:56:21+07:00,9562,25.30000,85.00000,82.40000,121.50000,0.44951,403.53363
2025-06-23 01:57:10+07:00,9563,25.30000,85.10000,78.00000,114.00000,0.43978,403.57745
2025-06-23 01:58:00+07:00,9564,25.40000,85.00000,78.00000,116.30000,0.44951,403.67389
2025-06-23 01:58:50+07:00,9565,25.40000,84.60000,78.80000,120.00000,0.43294,403.68890
2025-06-23 01:59:39+07:00,9566,25.40000,84.60000,75.90000,112.60000,0.44671,403.63657
2025-06-23 02:00:29+07:00,9567,25.40000,84.50000,76.50000,115.70000,0.43567,403.51910
2025-06-23 02:01:18+07:00,9568,25.40000,84.30000,76.20000,113.60000,0.44254,403.70398
2025-06-23 02:02:08+07:00,9569,25.50000,84.10000,74.00000,105.20000,0.46944,403.70398
2025-06-23 02:02:57+07:00,9570,25.50000,84.00000,75.90000,108.90000,0.46368,403.74951
2025-06-23 02:03:47+07:00,9571,25.60000,83.90000,82.40000,122.30000,0.46656,403.88873
2025-06-23 02:04:37+07:00,9572,25.60000,84.30000,75.40000,107.90000,0.43430,403.60690
2025-06-23 02:05:27+07:00,9573,25.70000,83.80000,79.40000,113.50000,0.49457,403.84967
2025-06-23 02:06:19+07:00,9574,25.70000,83.50000,78.90000,115.10000,0.45372,403.68890
2025-06-23 02:07:09+07:00,9575,25.70000,83.60000,82.40000,122.00000,0.47673,403.77243
2025-06-23 02:07:59+07:00,9576,25.70000,83.80000,81.40000,121.60000,0.50062,403.72668
2025-06-23 02:08:52+07:00,9577,25.60000,83.90000,81.60000,117.70000,0.45655,403.74188
2025-06-23 02:09:42+07:00,9578,25.60000,83.70000,81.00000,119.70000,0.46944,403.72668
2025-06-23 02:10:32+07:00,9579,25.60000,83.90000,81.60000,119.70000,0.45655,403.74188
2025-06-23 02:11:29+07:00,9580,25.50000,84.00000,77.40000,114.30000,0.46512,403.74188
2025-06-23 02:12:19+07:00,9581,25.50000,83.90000,82.60000,122.80000,0.47820,403.75714
2025-06-23 02:13:14+07:00,9582,25.50000,83.90000,78.60000,117.80000,0.45091,403.69644
2025-06-23 02:14:11+07:00,9583,25.60000,83.90000,83.20000,125.30000,0.47527,403.71912
2025-06-23 02:15:00+07:00,9584,25.60000,83.90000,80.10000,116.90000,0.43841,403.75714
2025-06-23 02:15:53+07:00,9585,25.60000,83.90000,78.40000,114.70000,0.45655,403.87308
2025-06-23 02:16:42+07:00,9586,25.60000,84.00000,81.10000,119.40000,0.46368,403.73428
2025-06-23 02:17:31+07:00,9587,25.60000,84.00000,82.00000,128.50000,0.46512,403.82635
2025-06-23 02:18:21+07:00,9588,25.70000,83.70000,82.00000,119.60000,0.46512,403.73428
2025-06-23 02:19:11+07:00,9589,25.70000,83.90000,84.00000,129.50000,0.47235,403.81088
2025-06-23 02:20:00+07:00,9590,25.50000,84.20000,82.40000,121.90000,0.47673,403.45438
2025-06-23 02:20:50+07:00,9591,25.60000,84.10000,81.10000,121.30000,0.46944,403.67389
2025-06-23 02:21:39+07:00,9592,25.50000,84.00000,80.40000,117.00000,0.46368,403.67389
2025-06-23 02:22:29+07:00,9593,25.50000,84.20000,77.10000,112.50000,0.45939,403.83411
2025-06-23 02:23:19+07:00,9594,25.40000,84.50000,82.40000,121.80000,0.46225,403.62912
2025-06-23 02:24:09+07:00,9595,25.40000,84.70000,72.60000,105.70000,0.44671,403.65894
2025-06-23 02:24:58+07:00,9596,25.50000,84.30000,77.80000,114.20000,0.47089,403.58478
2025-06-23 02:25:48+07:00,9597,25.50000,84.30000,82.80000,123.00000,0.47527,403.79547
2025-06-23 02:26:37+07:00,9598,25.50000,84.50000,82.70000,123.60000,0.46225,403.87308
2025-06-23 02:27:27+07:00,9599,25.50000,84.40000,83.70000,125.20000,0.45655,403.77243
2025-06-23 02:28:16+07:00,9600,25.50000,84.50000,81.10000,118.80000,0.45797,403.73428
2025-06-23 02:29:06+07:00,9601,25.50000,84.70000,88.60000,132.20000,0.47235,403.70398
2025-06-23 02:29:55+07:00,9602,25.40000,84.90000,83.60000,126.20000,0.47235,403.68890
2025-06-23 02:30:45+07:00,9603,25.40000,85.10000,85.10000,124.00000,0.46944,403.70398
2025-06-23 02:31:34+07:00,9604,25.30000,85.30000,86.10000,131.50000,0.47527,403.68140
2025-06-23 02:32:23+07:00,9605,25.30000,85.50000,87.50000,132.80000,0.47089,403.63657
2025-06-23 02:33:13+07:00,9606,25.20000,85.50000,88.00000,133.20000,0.43841,403.57745
2025-06-23 02:34:02+07:00,9607,25.30000,85.60000,88.60000,129.10001,0.45797,403.49744
2025-06-23 02:34:52+07:00,9608,25.30000,85.70000,90.50000,137.80000,0.45939,403.57010
2025-06-23 02:35:41+07:00,9609,25.30000,85.70000,90.10000,134.00000,0.42483,403.65146
2025-06-23 02:36:31+07:00,9610,25.20000,85.70000,92.10000,136.20000,0.47235,403.71155
2025-06-23 02:37:20+07:00,9611,25.30000,85.70000,88.10000,131.60001,0.45091,403.65894
2025-06-23 02:38:09+07:00,9612,25.40000,85.20000,85.00000,124.80000,0.44951,403.66641
2025-06-23 02:38:59+07:00,9613,25.40000,85.20000,90.10000,137.30000,0.46512,403.71912
2025-06-23 02:39:48+07:00,9614,25.40000,85.20000,93.10000,138.70000,0.48114,403.78009
2025-06-23 02:40:38+07:00,9615,25.30000,85.50000,88.60000,127.80000,0.45797,403.69644
2025-06-23 02:41:27+07:00,9616,25.30000,85.30000,89.90000,132.39999,0.45655,403.78778
2025-06-23 02:42:17+07:00,9617,25.30000,85.40000,90.70000,133.60001,0.47967,403.64401
2025-06-23 02:43:06+07:00,9618,25.30000,85.40000,80.70000,116.80000,0.45939,403.69644
2025-06-23 02:43:56+07:00,9619,25.40000,84.80000,73.50000,104.70000,0.47820,403.64401
2025-06-23 02:44:45+07:00,9620,25.50000,84.40000,82.30000,122.30000,0.45939,403.64401
2025-06-23 02:45:40+07:00,9621,25.50000,84.30000,80.10000,117.50000,0.45372,403.53363
2025-06-23 02:46:29+07:00,9622,25.40000,84.50000,83.00000,114.70000,0.45939,403.67389
2025-06-23 02:47:18+07:00,9623,25.30000,84.70000,81.30000,115.20000,0.44116,403.61429
2025-06-23 02:48:08+07:00,9624,25.30000,84.60000,83.20000,122.10000,0.50062,403.53363
2025-06-23 02:48:57+07:00,9625,25.30000,84.70000,81.40000,116.40000,0.46656,403.49744
2025-06-23 02:49:47+07:00,9626,25.40000,84.60000,79.40000,116.10000,0.45939,403.69644
2025-06-23 02:50:36+07:00,9627,25.30000,84.90000,75.00000,106.60000,0.44671,403.45438
2025-06-23 02:51:26+07:00,9628,25.20000,85.00000,76.70000,108.90000,0.46944,403.49744
2025-06-23 02:52:15+07:00,9629,25.30000,84.90000,77.70000,114.10000,0.44393,403.52637
2025-06-23 02:53:05+07:00,9630,25.20000,85.10000,71.90000,102.80000,0.45655,403.57745
2025-06-23 02:53:54+07:00,9631,25.10000,85.40000,75.80000,109.80000,0.43022,403.65146
2025-06-23 02:54:44+07:00,9632,25.10000,85.50000,79.70000,114.90000,0.45939,403.57745
2025-06-23 02:55:33+07:00,9633,25.10000,85.60000,83.80000,117.60000,0.44393,403.61429
2025-06-23 02:56:22+07:00,9634,25.10000,85.70000,78.50000,116.90000,0.46800,403.67389
2025-06-23 02:57:12+07:00,9635,25.20000,85.30000,77.20000,111.60000,0.47381,403.53363
2025-06-23 02:58:01+07:00,9636,25.30000,85.00000,80.60000,112.30000,0.47381,403.58478
2025-06-23 02:58:51+07:00,9637,25.30000,85.10000,79.70000,117.40000,0.44532,403.48303
2025-06-23 02:59:40+07:00,9638,25.30000,85.00000,73.50000,106.30000,0.44951,403.61429
2025-06-23 03:00:29+07:00,9639,25.20000,85.30000,73.50000,105.90000,0.41028,403.59952
2025-06-23 03:01:19+07:00,9640,25.20000,85.60000,71.10000,99.00000,0.44671,403.50464
2025-06-23 03:02:08+07:00,9641,25.20000,85.40000,68.50000,98.80000,0.45513,403.27277
2025-06-23 03:02:58+07:00,9642,25.20000,85.40000,67.80000,96.50000,0.43567,403.41885
2025-06-23 03:03:47+07:00,9643,25.30000,84.80000,68.30000,98.50000,0.48558,403.53363
2025-06-23 03:04:37+07:00,9644,25.30000,84.70000,69.80000,97.30000,0.44254,403.66641
2025-06-23 03:05:26+07:00,9645,25.30000,84.90000,69.20000,98.50000,0.44532,403.57745
2025-06-23 03:06:16+07:00,9646,25.30000,85.10000,71.50000,101.50000,0.46656,403.71155
2025-06-23 03:07:05+07:00,9647,25.20000,85.10000,74.40000,105.10000,0.42887,403.56277
2025-06-23 03:07:54+07:00,9648,25.30000,84.80000,78.10000,111.00000,0.42618,403.79547
2025-06-23 03:08:44+07:00,9649,25.40000,85.10000,85.10000,124.90000,0.43567,403.59952
2025-06-23 03:09:33+07:00,9650,25.30000,85.40000,86.70000,122.20000,0.43704,403.77243
2025-06-23 03:10:23+07:00,9651,25.30000,85.40000,88.50000,128.50000,0.44671,403.73428
2025-06-23 03:11:12+07:00,9652,25.30000,85.60000,93.50000,136.39999,0.43841,403.65894
2025-06-23 03:12:01+07:00,9653,25.30000,86.00000,93.40000,138.70000,0.43841,403.59952
2025-06-23 03:12:51+07:00,9654,25.20000,86.00000,85.70000,127.60000,0.44116,403.62170
2025-06-23 03:13:40+07:00,9655,25.30000,85.60000,91.60000,132.50000,0.43978,403.70398
2025-06-23 03:14:29+07:00,9656,25.30000,85.60000,79.90000,113.10000,0.44116,403.57745
2025-06-23 03:15:19+07:00,9657,25.30000,85.30000,84.80000,122.30000,0.46800,404.10541
2025-06-23 03:16:08+07:00,9658,25.40000,84.80000,80.90000,120.70000,0.45231,403.76477
2025-06-23 03:16:57+07:00,9659,25.40000,84.70000,86.90000,127.60000,0.47235,403.78778
2025-06-23 03:17:47+07:00,9660,25.50000,84.30000,87.60000,130.20000,0.46800,403.72668
2025-06-23 03:18:36+07:00,9661,25.50000,84.80000,86.00000,127.50000,0.47089,403.63657
2025-06-23 03:19:25+07:00,9662,25.40000,85.00000,84.80000,127.80000,0.43430,403.68140
2025-06-23 03:20:15+07:00,9663,25.30000,85.30000,87.20000,124.80000,0.47967,403.65146
2025-06-23 03:21:04+07:00,9664,25.30000,85.40000,84.00000,123.60000,0.46225,403.74951
2025-06-23 03:21:54+07:00,9665,25.40000,85.30000,84.30000,126.40000,0.46800,403.64401
2025-06-23 03:22:43+07:00,9666,25.30000,85.00000,84.30000,125.60000,0.46082,403.61429
2025-06-23 03:23:32+07:00,9667,25.30000,85.20000,82.70000,124.00000,0.46082,403.69644
2025-06-23 03:24:22+07:00,9668,25.30000,85.30000,81.70000,121.60000,0.46944,403.58478
2025-06-23 03:25:11+07:00,9669,25.30000,85.50000,82.30000,124.50000,0.46082,403.65146
2025-06-23 03:26:00+07:00,9670,25.20000,85.80000,81.60000,123.50000,0.45797,403.57010
2025-06-23 03:26:50+07:00,9671,25.20000,85.80000,77.60000,114.40000,0.45797,403.84189
2025-06-23 03:27:39+07:00,9672,25.30000,85.40000,78.10000,117.70000,0.45513,403.63657
2025-06-23 03:28:29+07:00,9673,25.30000,85.20000,73.90000,107.50000,0.44671,403.59213
2025-06-23 03:29:18+07:00,9674,25.40000,84.90000,77.90000,109.90000,0.46512,403.57010
2025-06-23 03:30:08+07:00,9675,25.40000,84.90000,76.20000,111.10000,0.46800,403.68890
2025-06-23 03:30:57+07:00,9676,25.30000,85.00000,77.60000,111.30000,0.47820,403.66641
2025-06-23 03:31:46+07:00,9677,25.30000,85.00000,80.90000,120.00000,0.42752,403.75714
2025-06-23 03:32:36+07:00,9678,25.30000,85.00000,78.90000,113.80000,0.46656,403.72668
2025-06-23 03:33:25+07:00,9679,25.30000,85.00000,79.70000,112.50000,0.47089,403.53363
2025-06-23 03:34:15+07:00,9680,25.30000,85.10000,70.40000,101.10000,0.45939,403.50464
2025-06-23 03:35:04+07:00,9681,25.20000,84.90000,70.90000,100.90000,0.44532,403.57010
2025-06-23 03:35:53+07:00,9682,25.30000,84.80000,73.20000,106.30000,0.45513,403.63657
2025-06-23 03:36:43+07:00,9683,25.20000,85.10000,72.50000,101.00000,0.46656,403.57010
2025-06-23 03:37:33+07:00,9684,25.10000,85.30000,64.70000,93.20000,0.44393,403.57745
2025-06-23 03:38:22+07:00,9685,25.10000,85.20000,72.10000,104.80000,0.44811,403.62912
2025-06-23 03:39:11+07:00,9686,25.20000,85.20000,69.70000,98.80000,0.44393,403.52637
2025-06-23 03:40:02+07:00,9687,25.20000,85.00000,66.70000,96.50000,0.44254,403.51910
2025-06-23 03:40:54+07:00,9688,25.20000,84.80000,71.70000,104.20000,0.42216,403.58478
2025-06-23 03:41:44+07:00,9689,25.30000,85.10000,72.30000,101.40000,0.46512,403.57010
2025-06-23 03:42:34+07:00,9690,25.20000,85.10000,73.20000,104.10000,0.42618,403.55548
2025-06-23 03:43:23+07:00,9691,25.20000,85.20000,75.10000,107.10000,0.44532,403.46869
2025-06-23 03:44:13+07:00,9692,25.20000,85.20000,74.10000,104.40000,0.44393,403.31400
2025-06-23 03:45:02+07:00,9693,25.20000,85.20000,73.10000,107.40000,0.42618,403.51187
2025-06-23 03:45:55+07:00,9694,25.20000,85.40000,72.20000,103.60000,0.44811,403.46152
2025-06-23 03:46:45+07:00,9695,25.20000,85.40000,72.00000,109.50000,0.43294,403.57745
2025-06-23 03:47:35+07:00,9696,25.20000,85.20000,74.10000,104.70000,0.43704,403.51910
2025-06-23 03:48:24+07:00,9697,25.30000,85.10000,74.90000,110.30000,0.43978,403.43304
2025-06-23 03:49:14+07:00,9698,25.20000,85.40000,75.60000,109.70000,0.43978,403.59213
2025-06-23 03:50:04+07:00,9699,25.10000,85.70000,72.60000,105.60000,0.44532,403.56277
2025-06-23 03:50:54+07:00,9700,25.10000,85.50000,74.20000,105.50000,0.43841,403.62912
2025-06-23 03:51:44+07:00,9701,25.30000,85.10000,72.10000,100.70000,0.43567,403.58478
2025-06-23 03:52:34+07:00,9702,25.30000,85.20000,71.60000,104.30000,0.44116,403.58478
2025-06-23 03:53:23+07:00,9703,25.40000,84.50000,73.60000,108.20000,0.44254,403.67389
2025-06-23 03:55:07+07:00,9704,25.40000,84.70000,76.50000,113.30000,0.45231,403.81860
2025-06-23 03:55:56+07:00,9705,25.30000,85.10000,66.90000,93.10000,0.45091,403.57010
2025-06-23 03:56:46+07:00,9706,25.30000,84.10000,77.80000,111.60000,0.43430,403.75714
2025-06-23 03:57:35+07:00,9707,25.40000,84.70000,76.30000,111.20000,0.45797,403.68890
2025-06-23 03:58:25+07:00,9708,25.40000,85.10000,76.80000,108.80000,0.44116,403.61429
2025-06-23 03:59:14+07:00,9709,25.30000,85.50000,72.70000,104.20000,0.46225,403.64401
2025-06-23 04:00:03+07:00,9710,25.20000,85.70000,73.30000,103.60000,0.42083,403.57010
2025-06-23 04:00:53+07:00,9711,25.20000,85.70000,70.80000,103.40000,0.44811,403.62170
2025-06-23 04:01:42+07:00,9712,25.20000,85.70000,71.70000,103.00000,0.43704,403.46152
2025-06-23 04:02:31+07:00,9713,25.20000,85.80000,75.60000,111.50000,0.41950,403.40472
2025-06-23 04:03:21+07:00,9714,25.20000,85.90000,74.80000,108.10000,0.43294,403.46869
2025-06-23 04:04:10+07:00,9715,25.10000,86.20000,75.60000,108.70000,0.47673,403.45438
2025-06-23 04:05:00+07:00,9716,25.10000,86.40000,72.80000,105.80000,0.44393,403.42593
2025-06-23 04:05:49+07:00,9717,25.00000,86.70000,72.20000,104.40000,0.41159,403.45438
2025-06-23 04:06:39+07:00,9718,25.10000,86.20000,71.00000,101.10000,0.44951,403.52637
2025-06-23 04:07:32+07:00,9719,25.20000,85.70000,68.30000,98.50000,0.45091,403.53363
2025-06-23 04:08:24+07:00,9720,25.30000,85.20000,74.30000,105.50000,0.45939,403.54089
2025-06-23 04:09:13+07:00,9721,25.30000,85.40000,68.60000,95.70000,0.43841,403.58478
2025-06-23 04:10:02+07:00,9722,25.30000,85.30000,64.80000,93.00000,0.44116,403.52637
2025-06-23 04:10:55+07:00,9723,25.40000,84.80000,69.40000,98.30000,0.45091,403.57745
2025-06-23 04:11:44+07:00,9724,25.40000,84.50000,74.90000,108.80000,0.44951,403.57010
2025-06-23 04:12:34+07:00,9725,25.50000,84.90000,71.50000,106.30000,0.44811,403.57745
2025-06-23 04:13:23+07:00,9726,25.50000,84.50000,72.00000,106.30000,0.43978,403.59213
2025-06-23 04:14:12+07:00,9727,25.50000,84.40000,69.10000,100.20000,0.45655,403.57745
2025-06-23 04:15:02+07:00,9728,25.50000,84.40000,71.20000,104.00000,0.46944,403.65894
2025-06-23 04:15:51+07:00,9729,25.50000,84.30000,69.20000,101.30000,0.44116,403.57010
2025-06-23 04:16:41+07:00,9730,25.50000,84.40000,69.00000,102.30000,0.44254,403.62912
2025-06-23 04:17:30+07:00,9731,25.50000,83.90000,73.00000,105.50000,0.44116,403.73428
2025-06-23 04:18:20+07:00,9732,25.50000,84.90000,71.90000,103.80000,0.47527,403.64401
2025-06-23 04:19:09+07:00,9733,25.50000,84.80000,71.20000,101.40000,0.42618,403.57010
2025-06-23 04:19:58+07:00,9734,25.40000,84.50000,73.20000,105.00000,0.45231,403.60690
2025-06-23 04:20:48+07:00,9735,25.40000,84.80000,68.40000,96.00000,0.44671,403.44012
2025-06-23 04:21:37+07:00,9736,25.40000,84.80000,67.70000,95.70000,0.45091,403.51187
2025-06-23 04:22:27+07:00,9737,25.30000,84.90000,64.20000,90.70000,0.43294,403.50464
2025-06-23 04:23:16+07:00,9738,25.30000,84.50000,64.70000,92.60000,0.43841,403.61429
2025-06-23 04:24:09+07:00,9739,25.30000,85.00000,64.90000,92.00000,0.45091,403.52637
2025-06-23 04:24:58+07:00,9740,25.40000,84.80000,66.80000,96.00000,0.43567,403.47586
2025-06-23 04:25:48+07:00,9741,25.40000,85.00000,67.60000,101.20000,0.41290,403.49744
2025-06-23 04:26:37+07:00,9742,25.30000,84.80000,65.80000,92.60000,0.43841,403.67389
2025-06-23 04:27:27+07:00,9743,25.30000,84.80000,64.20000,89.80000,0.42350,403.55548
2025-06-23 04:28:16+07:00,9744,25.40000,84.60000,61.90000,91.30000,0.45091,403.53363
2025-06-23 04:29:05+07:00,9745,25.30000,84.50000,65.10000,93.10000,0.43022,403.54089
2025-06-23 04:29:55+07:00,9746,25.30000,84.40000,62.70000,89.90000,0.44951,403.55548
2025-06-23 04:30:44+07:00,9747,25.30000,84.40000,59.60000,86.10000,0.44254,403.61429
2025-06-23 04:31:33+07:00,9748,25.40000,84.20000,58.30000,78.10000,0.44951,403.52637
2025-06-23 04:32:23+07:00,9749,25.40000,84.20000,57.20000,79.70000,0.44393,403.52637
2025-06-23 04:33:12+07:00,9750,25.40000,84.10000,56.30000,80.30000,0.49006,403.50464
2025-06-23 04:34:02+07:00,9751,25.30000,84.30000,56.50000,75.70000,0.44254,403.46152
2025-06-23 04:34:51+07:00,9752,25.30000,84.30000,57.00000,79.10000,0.42618,403.48303
2025-06-23 04:35:40+07:00,9753,25.30000,84.20000,56.70000,80.40000,0.44671,403.43304
2025-06-23 04:36:30+07:00,9754,25.30000,84.00000,58.10000,79.70000,0.43704,403.42593
2025-06-23 04:37:19+07:00,9755,25.30000,84.40000,56.30000,78.80000,0.42216,403.46152
2025-06-23 04:38:08+07:00,9756,25.30000,84.50000,57.20000,77.70000,0.43022,403.47586
2025-06-23 04:38:58+07:00,9757,25.30000,84.40000,59.80000,81.20000,0.42350,403.44727
2025-06-23 04:39:47+07:00,9758,25.30000,84.50000,55.60000,76.70000,0.43704,403.40472
2025-06-23 04:40:37+07:00,9759,25.20000,84.70000,58.40000,80.40000,0.43978,403.41177
2025-06-23 04:41:26+07:00,9760,25.20000,84.90000,56.80000,81.10000,0.43294,403.38361
2025-06-23 04:42:15+07:00,9761,25.20000,85.10000,59.50000,82.70000,0.39357,403.38361
2025-06-23 04:43:05+07:00,9762,25.10000,85.20000,56.00000,80.20000,0.42483,403.33475
2025-06-23 04:43:54+07:00,9763,25.10000,85.50000,56.90000,78.20000,0.43022,403.36960
2025-06-23 04:44:43+07:00,9764,25.10000,85.40000,55.30000,78.10000,0.42083,403.41177
2025-06-23 04:45:33+07:00,9765,25.10000,85.50000,59.00000,83.90000,0.43294,403.36960
2025-06-23 04:46:22+07:00,9766,25.10000,85.60000,55.90000,76.80000,0.39738,403.38361
2025-06-23 04:47:12+07:00,9767,25.10000,85.40000,56.70000,77.30000,0.40638,403.36261
2025-06-23 04:48:01+07:00,9768,25.10000,85.40000,54.90000,75.20000,0.41817,403.64401
2025-06-23 04:48:50+07:00,9769,25.10000,85.50000,55.70000,77.10000,0.40250,403.31400
2025-06-23 04:49:40+07:00,9770,25.10000,85.40000,56.00000,76.70000,0.41421,403.33475
2025-06-23 04:50:29+07:00,9771,25.00000,85.50000,53.90000,74.40000,0.40638,403.30020
2025-06-23 04:51:18+07:00,9772,25.10000,85.60000,53.00000,77.40000,0.40767,403.41885
2025-06-23 04:52:08+07:00,9773,25.10000,85.10000,53.20000,76.80000,0.42216,403.37659
2025-06-23 04:52:57+07:00,9774,25.10000,85.40000,52.60000,71.90000,0.40508,403.39062
2025-06-23 04:53:47+07:00,9775,25.10000,85.30000,52.60000,74.30000,0.43841,403.34171
2025-06-23 04:54:36+07:00,9776,25.20000,85.00000,53.50000,79.50000,0.43022,403.44727
2025-06-23 04:55:25+07:00,9777,25.10000,85.40000,53.30000,74.50000,0.40122,403.57010
2025-06-23 04:56:15+07:00,9778,25.00000,85.60000,53.30000,76.90000,0.42618,403.24551
2025-06-23 04:57:04+07:00,9779,25.00000,85.70000,57.10000,79.90000,0.40638,403.32782
2025-06-23 04:57:53+07:00,9780,25.00000,85.80000,56.00000,76.00000,0.44254,403.40472
2025-06-23 04:58:43+07:00,9781,25.10000,85.50000,55.60000,74.90000,0.40379,403.46152
2025-06-23 04:59:32+07:00,9782,25.10000,85.10000,52.90000,70.90000,0.40767,403.50464
2025-06-23 05:00:22+07:00,9783,25.20000,84.50000,54.70000,72.80000,0.42083,403.47586
2025-06-23 05:01:11+07:00,9784,25.20000,84.90000,55.20000,77.90000,0.43704,403.45438
2025-06-23 05:02:00+07:00,9785,25.20000,84.80000,56.80000,77.70000,0.42083,403.66641
2025-06-23 05:02:50+07:00,9786,25.20000,84.80000,55.70000,77.80000,0.44671,403.59952
2025-06-23 05:03:42+07:00,9787,25.20000,84.60000,62.50000,87.10000,0.41950,403.46152
2025-06-23 05:04:31+07:00,9788,25.20000,85.10000,62.20000,90.30000,0.41290,403.41885
2025-06-23 05:05:21+07:00,9789,25.20000,85.20000,61.60000,89.80000,0.42350,403.50464
2025-06-23 05:06:10+07:00,9790,25.20000,85.00000,60.00000,86.70000,0.42887,403.54819
2025-06-23 05:06:59+07:00,9791,25.30000,84.50000,60.30000,85.90000,0.42083,403.53363
2025-06-23 05:07:49+07:00,9792,25.20000,84.70000,60.10000,86.10000,0.43978,403.54089
2025-06-23 05:08:38+07:00,9793,25.20000,85.00000,60.10000,82.60000,0.43158,403.48303
2025-06-23 05:09:28+07:00,9794,25.10000,85.00000,61.20000,85.70000,0.42483,403.54089
2025-06-23 05:10:17+07:00,9795,25.10000,85.20000,58.40000,81.10000,0.41685,403.40472
2025-06-23 05:11:06+07:00,9796,25.10000,84.80000,54.50000,75.20000,0.40379,403.47586
2025-06-23 05:11:56+07:00,9797,25.10000,84.40000,57.10000,78.70000,0.40379,403.52637
2025-06-23 05:12:45+07:00,9798,25.10000,84.60000,56.30000,76.90000,0.43022,403.40472
2025-06-23 05:13:34+07:00,9799,25.10000,84.70000,56.60000,78.90000,0.43704,403.34866
2025-06-23 05:14:24+07:00,9800,25.00000,85.10000,51.70000,71.10000,0.43430,403.41177
2025-06-23 05:15:13+07:00,9801,25.00000,84.90000,52.60000,77.80000,0.40122,403.45438
2025-06-23 05:16:03+07:00,9802,25.00000,85.00000,52.80000,72.50000,0.40508,403.38361
2025-06-23 05:16:52+07:00,9803,25.00000,85.10000,51.50000,70.90000,0.41159,403.34866
2025-06-23 05:17:41+07:00,9804,25.00000,85.00000,50.10000,66.80000,0.41553,403.41177
2025-06-23 05:18:31+07:00,9805,25.00000,84.90000,50.60000,67.00000,0.38979,403.27277
2025-06-23 05:19:20+07:00,9806,24.90000,85.20000,50.20000,69.50000,0.39357,403.27277
2025-06-23 05:20:09+07:00,9807,24.90000,85.20000,49.70000,67.60000,0.37985,403.30020
2025-06-23 05:20:59+07:00,9808,24.90000,85.20000,50.40000,67.30000,0.37862,403.21844
2025-06-23 05:21:48+07:00,9809,24.90000,85.30000,50.20000,65.10000,0.38604,403.28647
2025-06-23 05:22:37+07:00,9810,24.90000,85.40000,49.90000,69.40000,0.38729,403.27960
2025-06-23 05:23:27+07:00,9811,24.80000,85.40000,48.60000,65.30000,0.37985,403.26593
2025-06-23 05:24:16+07:00,9812,24.90000,85.50000,50.20000,68.30000,0.40638,403.30020
2025-06-23 05:25:06+07:00,9813,24.90000,85.40000,48.40000,65.60000,0.42083,403.34171
2025-06-23 05:25:55+07:00,9814,25.00000,84.90000,50.40000,68.50000,0.39738,403.41885
2025-06-23 05:26:45+07:00,9815,25.10000,84.90000,49.40000,65.80000,0.44254,403.39767
2025-06-23 05:27:34+07:00,9816,25.10000,84.80000,52.10000,70.90000,0.39866,403.30710
2025-06-23 05:28:23+07:00,9817,25.10000,84.70000,52.00000,73.20000,0.41553,403.49023
2025-06-23 05:29:13+07:00,9818,25.10000,84.70000,50.80000,69.60000,0.40122,403.43304
2025-06-23 05:30:02+07:00,9819,25.10000,84.40000,52.00000,70.60000,0.41159,403.52637
2025-06-23 05:30:52+07:00,9820,25.20000,84.50000,52.20000,71.30000,0.37739,403.39767
2025-06-23 05:31:41+07:00,9821,25.20000,84.00000,58.60000,79.00000,0.41290,403.57745
2025-06-23 05:32:30+07:00,9822,25.40000,83.90000,60.90000,84.10000,0.42887,403.62912
2025-06-23 05:33:20+07:00,9823,25.20000,84.00000,63.40000,90.20000,0.41159,403.51187
2025-06-23 05:34:09+07:00,9824,25.20000,84.60000,65.20000,88.60000,0.40767,403.58478
2025-06-23 05:34:59+07:00,9825,25.20000,84.00000,75.70000,98.90000,0.41028,403.62912
2025-06-23 05:35:48+07:00,9826,25.30000,84.50000,78.20000,102.00000,0.44116,403.58478
2025-06-23 05:36:38+07:00,9827,25.20000,84.70000,66.80000,90.00000,0.41421,403.68140
2025-06-23 05:37:27+07:00,9828,25.30000,84.50000,66.40000,89.60000,0.43704,403.59952
2025-06-23 05:38:17+07:00,9829,25.30000,84.10000,60.00000,83.30000,0.42216,403.52637
2025-06-23 05:39:06+07:00,9830,25.40000,83.80000,62.10000,87.70000,0.44393,403.60690
2025-06-23 05:39:56+07:00,9831,25.40000,84.20000,59.10000,81.20000,0.44116,403.70398
2025-06-23 05:40:45+07:00,9832,25.40000,83.90000,61.60000,85.60000,0.45091,403.66641
2025-06-23 05:41:35+07:00,9833,25.40000,83.80000,66.80000,91.70000,0.41685,403.65146
2025-06-23 05:42:24+07:00,9834,25.40000,84.00000,62.60000,86.10000,0.41817,403.57745
2025-06-23 05:43:13+07:00,9835,25.40000,83.90000,65.30000,90.90000,0.41950,403.65146
2025-06-23 05:44:03+07:00,9836,25.30000,84.40000,61.50000,87.10000,0.41817,403.57745
2025-06-23 05:44:52+07:00,9837,25.20000,84.60000,62.50000,87.20000,0.44254,403.54089
2025-06-23 05:45:41+07:00,9838,25.10000,84.80000,61.40000,85.00000,0.42483,403.54819
2025-06-23 05:46:31+07:00,9839,25.10000,85.10000,61.30000,84.20000,0.43841,403.61429
2025-06-23 05:47:21+07:00,9840,25.10000,85.00000,59.30000,82.00000,0.43978,403.59213
2025-06-23 05:48:10+07:00,9841,25.10000,85.10000,56.70000,78.50000,0.41421,403.76477
2025-06-23 05:49:00+07:00,9842,25.00000,85.20000,58.00000,80.80000,0.43978,403.62912
2025-06-23 05:49:49+07:00,9843,25.00000,85.30000,58.60000,83.20000,0.43978,403.68890
2025-06-23 05:50:38+07:00,9844,24.90000,85.40000,55.00000,76.80000,0.42752,403.63657
2025-06-23 05:51:28+07:00,9845,25.00000,85.20000,55.80000,79.70000,0.41421,403.65146
2025-06-23 05:52:17+07:00,9846,25.00000,85.20000,56.00000,80.70000,0.43294,403.56277
2025-06-23 05:53:07+07:00,9847,25.00000,85.20000,60.40000,89.50000,0.43158,403.69644
2025-06-23 05:53:56+07:00,9848,24.90000,85.50000,54.10000,75.30000,0.43704,403.70398
2025-06-23 05:54:45+07:00,9849,24.90000,85.40000,58.50000,81.70000,0.41685,403.65894
2025-06-23 05:55:35+07:00,9850,24.90000,85.90000,58.50000,84.40000,0.45231,403.68890
2025-06-23 05:56:24+07:00,9851,24.90000,85.70000,58.10000,83.50000,0.44811,403.66641
2025-06-23 05:57:14+07:00,9852,24.80000,86.10000,61.90000,87.60000,0.47089,403.65894
2025-06-23 05:58:03+07:00,9853,24.80000,86.40000,59.30000,83.10000,0.43978,403.65894
2025-06-23 05:58:52+07:00,9854,24.90000,85.90000,60.30000,83.90000,0.46800,403.63657
2025-06-23 05:59:42+07:00,9855,24.90000,86.10000,57.90000,83.70000,0.43158,403.72668
2025-06-23 06:00:32+07:00,9856,24.90000,85.90000,58.60000,80.80000,0.44671,403.74951
2025-06-23 06:01:21+07:00,9857,24.90000,86.20000,57.00000,78.70000,0.46800,403.65894
2025-06-23 06:02:11+07:00,9858,24.90000,86.00000,54.80000,76.80000,0.41421,403.65146
2025-06-23 06:03:00+07:00,9859,24.90000,85.70000,55.40000,76.60000,0.46368,403.64401
2025-06-23 06:03:50+07:00,9860,25.00000,85.40000,55.00000,73.20000,0.44671,403.64401
2025-06-23 06:04:39+07:00,9861,25.00000,85.30000,51.70000,73.30000,0.45513,403.57745
2025-06-23 06:05:28+07:00,9862,25.00000,85.10000,53.00000,75.80000,0.45513,403.64401
2025-06-23 06:06:18+07:00,9863,25.00000,85.00000,52.10000,69.50000,0.42752,403.88092
2025-06-23 06:07:07+07:00,9864,25.10000,84.70000,54.20000,72.60000,0.47820,403.61429
2025-06-23 06:07:57+07:00,9865,25.10000,84.80000,54.60000,75.40000,0.45372,403.83411
2025-06-23 06:08:46+07:00,9866,25.10000,84.80000,53.20000,73.10000,0.44393,403.75714
2025-06-23 06:09:35+07:00,9867,25.10000,84.80000,51.70000,68.30000,0.45372,403.74188
2025-06-23 06:10:25+07:00,9868,25.10000,84.80000,51.10000,67.40000,0.45091,403.81860
2025-06-23 06:11:14+07:00,9869,25.00000,84.80000,50.80000,69.10000,0.46656,403.59213
2025-06-23 06:12:04+07:00,9870,25.00000,84.90000,49.50000,67.00000,0.47381,403.66641
2025-06-23 06:12:53+07:00,9871,24.90000,84.90000,49.10000,66.10000,0.45513,403.66641
2025-06-23 06:13:43+07:00,9872,24.90000,85.00000,48.60000,66.70000,0.44393,403.68890
2025-06-23 06:14:32+07:00,9873,24.90000,85.00000,50.20000,66.70000,0.44393,403.62912
2025-06-23 06:15:21+07:00,9874,24.90000,85.10000,51.20000,68.30000,0.42216,403.63657
2025-06-23 06:16:11+07:00,9875,24.90000,85.20000,49.40000,66.80000,0.43704,403.61429
2025-06-23 06:17:00+07:00,9876,25.00000,85.10000,51.00000,72.40000,0.46082,403.68140
2025-06-23 06:17:50+07:00,9877,24.90000,85.30000,52.70000,71.70000,0.46368,403.57745
2025-06-23 06:18:39+07:00,9878,24.90000,85.70000,51.60000,67.40000,0.47089,403.59213
2025-06-23 06:19:28+07:00,9879,24.90000,85.60000,52.20000,71.80000,0.41421,403.57745
2025-06-23 06:20:18+07:00,9880,24.90000,85.40000,51.30000,70.30000,0.40638,403.60690
2025-06-23 06:21:07+07:00,9881,24.90000,85.50000,53.20000,72.10000,0.41950,403.59952
2025-06-23 06:21:59+07:00,9882,25.00000,85.50000,54.00000,77.60000,0.43704,403.65894
2025-06-23 06:22:49+07:00,9883,25.00000,85.20000,57.10000,82.80000,0.45372,403.74188
2025-06-23 06:23:38+07:00,9884,25.10000,85.30000,56.70000,82.40000,0.43022,403.69644
2025-06-23 06:24:27+07:00,9885,25.10000,85.20000,56.40000,81.70000,0.44116,403.67389
2025-06-23 06:25:17+07:00,9886,25.10000,85.40000,57.20000,82.30000,0.45231,403.77243
2025-06-23 06:26:07+07:00,9887,25.00000,85.20000,56.70000,78.40000,0.44951,403.69644
2025-06-23 06:26:56+07:00,9888,25.10000,85.40000,55.90000,79.20000,0.45231,403.62912
2025-06-23 06:27:45+07:00,9889,25.10000,85.40000,57.60000,80.20000,0.44951,403.67389
2025-06-23 06:28:36+07:00,9890,25.00000,85.60000,56.60000,79.20000,0.47089,403.60690
2025-06-23 06:29:26+07:00,9891,25.00000,85.80000,60.30000,86.20000,0.45655,403.60690
2025-06-23 06:30:15+07:00,9892,24.90000,86.00000,57.70000,83.10000,0.43841,403.71155
2025-06-23 06:31:05+07:00,9893,24.90000,86.20000,56.40000,80.90000,0.43841,403.68140
2025-06-23 06:31:54+07:00,9894,24.80000,86.30000,56.00000,78.50000,0.45091,403.65146
2025-06-23 06:32:44+07:00,9895,24.90000,86.10000,58.00000,79.70000,0.45513,403.58478
2025-06-23 06:33:33+07:00,9896,24.90000,85.80000,57.00000,78.70000,0.44811,403.71912
2025-06-23 06:34:23+07:00,9897,25.00000,85.50000,58.20000,80.30000,0.46944,403.77243
2025-06-23 06:35:12+07:00,9898,25.00000,85.50000,58.30000,84.10000,0.44254,403.67389
2025-06-23 06:36:02+07:00,9899,25.10000,85.60000,55.70000,76.50000,0.43430,403.70398
2025-06-23 06:36:51+07:00,9900,25.00000,85.80000,56.80000,78.90000,0.46082,403.70398
2025-06-23 06:37:41+07:00,9901,25.10000,85.60000,59.60000,84.00000,0.44393,403.62170
2025-06-23 06:38:30+07:00,9902,25.00000,85.70000,51.90000,70.20000,0.44951,403.78009
2025-06-23 06:39:20+07:00,9903,25.00000,85.40000,53.80000,75.50000,0.43978,403.82635
2025-06-23 06:40:10+07:00,9904,25.10000,85.30000,57.30000,83.30000,0.44116,403.78778
2025-06-23 06:40:59+07:00,9905,25.10000,85.50000,55.50000,76.90000,0.47820,403.68890
2025-06-23 06:41:49+07:00,9906,25.10000,85.40000,58.30000,80.90000,0.49457,403.81860
2025-06-23 06:42:38+07:00,9907,25.10000,85.60000,59.00000,84.30000,0.46368,403.72668
2025-06-23 06:43:27+07:00,9908,25.00000,85.80000,62.00000,85.00000,0.45513,403.66641
2025-06-23 06:44:17+07:00,9909,25.00000,85.90000,58.30000,83.00000,0.47235,403.84189
2025-06-23 06:45:06+07:00,9910,25.00000,85.90000,61.70000,87.90000,0.44951,403.77243
2025-06-23 06:45:56+07:00,9911,25.00000,86.10000,59.10000,86.50000,0.45655,403.89661
2025-06-23 06:46:45+07:00,9912,25.00000,85.90000,59.20000,84.60000,0.41421,403.71912
2025-06-23 06:47:35+07:00,9913,25.10000,85.80000,61.70000,85.90000,0.47527,403.82635
2025-06-23 06:48:24+07:00,9914,25.10000,85.60000,65.20000,91.80000,0.45655,403.79547
2025-06-23 06:49:13+07:00,9915,25.10000,85.80000,64.20000,95.40000,0.46944,403.76477
2025-06-23 06:50:54+07:00,9916,25.00000,86.10000,64.00000,91.70000,0.44951,403.88092
2025-06-23 06:51:44+07:00,9917,25.00000,86.00000,68.30000,99.90000,0.46225,403.79547
2025-06-23 06:52:33+07:00,9918,25.00000,86.30000,65.60000,93.90000,0.46656,403.81860
2025-06-23 06:53:23+07:00,9919,25.00000,86.10000,61.20000,85.90000,0.46944,403.88873
2025-06-23 06:54:12+07:00,9920,25.00000,85.80000,63.40000,91.50000,0.46800,403.89661
2025-06-23 06:55:02+07:00,9921,25.10000,85.70000,61.80000,90.30000,0.52702,403.78778
2025-06-23 06:55:51+07:00,9922,25.00000,85.70000,62.60000,90.70000,0.47673,403.79547
2025-06-23 06:56:41+07:00,9923,25.00000,85.60000,65.20000,95.50000,0.46368,403.87308
2025-06-23 06:57:30+07:00,9924,25.00000,85.70000,63.80000,92.10000,0.48114,403.78778
2025-06-23 06:58:19+07:00,9925,25.00000,85.70000,64.20000,95.80000,0.44393,403.78778
2025-06-23 06:59:09+07:00,9926,25.00000,85.80000,62.60000,89.40000,0.45091,403.84189
2025-06-23 06:59:58+07:00,9927,24.90000,86.00000,62.10000,89.50000,0.46656,403.71155
2025-06-23 07:00:47+07:00,9928,25.00000,85.90000,61.40000,91.40000,0.43704,403.80316
2025-06-23 07:01:37+07:00,9929,25.00000,85.60000,61.80000,87.90000,0.51447,403.80316
2025-06-23 07:02:26+07:00,9930,25.00000,85.70000,60.30000,86.00000,0.45091,403.84189
2025-06-23 07:03:16+07:00,9931,24.90000,86.00000,60.30000,89.30000,0.47089,403.97589
2025-06-23 07:04:05+07:00,9932,25.00000,85.80000,63.70000,92.70000,0.49156,403.62170
2025-06-23 07:04:55+07:00,9933,25.10000,85.50000,62.60000,89.30000,0.49006,403.83411
2025-06-23 07:05:44+07:00,9934,25.10000,85.70000,66.70000,97.00000,0.43567,403.92026
2025-06-23 07:06:34+07:00,9935,25.10000,85.60000,75.70000,112.70000,0.48262,403.96790
2025-06-23 07:07:23+07:00,9936,25.10000,85.50000,79.10000,118.00000,0.49306,404.03214
2025-06-23 07:08:13+07:00,9937,25.20000,85.50000,80.60000,122.60000,0.49759,404.00793
2025-06-23 07:09:02+07:00,9938,25.10000,85.80000,77.20000,120.20000,0.49006,404.13834
2025-06-23 07:09:52+07:00,9939,25.20000,85.60000,73.00000,110.10000,0.48114,404.04834
2025-06-23 07:10:41+07:00,9940,25.20000,85.30000,74.90000,113.70000,0.48114,404.02405
2025-06-23 07:11:31+07:00,9941,25.30000,85.00000,75.50000,112.90000,0.50062,403.98389
2025-06-23 07:12:20+07:00,9942,25.30000,85.00000,74.90000,110.50000,0.50062,403.95993
2025-06-23 07:13:10+07:00,9943,25.30000,85.00000,81.20000,114.50000,0.48558,403.95993
2025-06-23 07:13:59+07:00,9944,25.30000,85.20000,74.80000,112.50000,0.50062,403.89661
2025-06-23 07:14:48+07:00,9945,25.20000,85.50000,78.10000,113.90000,0.46512,403.95197
2025-06-23 07:15:38+07:00,9946,25.10000,85.70000,74.70000,112.60000,0.52702,403.88092
2025-06-23 07:16:27+07:00,9947,25.20000,85.70000,72.70000,106.90000,0.48114,403.96790
2025-06-23 07:17:16+07:00,9948,25.20000,85.60000,75.90000,112.40000,0.50674,403.91235
2025-06-23 07:18:06+07:00,9949,25.20000,85.70000,75.30000,110.10000,0.46656,403.88873
2025-06-23 07:18:55+07:00,9950,25.20000,85.40000,70.20000,102.80000,0.48114,403.98389
2025-06-23 07:19:45+07:00,9951,25.30000,85.00000,74.20000,109.50000,0.48410,403.99188
2025-06-23 07:20:34+07:00,9952,25.40000,84.90000,72.80000,105.50000,0.49306,404.08087
2025-06-23 07:21:24+07:00,9953,25.30000,85.00000,72.90000,103.20000,0.48707,404.02405
2025-06-23 07:22:13+07:00,9954,25.40000,84.60000,76.60000,109.60000,0.48262,404.04834
2025-06-23 07:23:03+07:00,9955,25.40000,84.50000,74.50000,112.60000,0.47381,404.09723
2025-06-23 07:23:52+07:00,9956,25.40000,84.70000,79.60000,120.00000,0.51136,404.06458
2025-06-23 07:24:41+07:00,9957,25.30000,85.00000,72.60000,103.90000,0.45513,403.94400
2025-06-23 07:25:31+07:00,9958,25.30000,84.90000,81.40000,119.60000,0.48114,404.01599
2025-06-23 07:26:20+07:00,9959,25.40000,85.10000,75.20000,108.90000,0.50215,403.95197
2025-06-23 07:27:10+07:00,9960,25.40000,84.80000,79.10000,116.70000,0.51915,404.00793
2025-06-23 07:27:59+07:00,9961,25.50000,84.60000,76.70000,115.10000,0.50215,404.00793
2025-06-23 07:28:49+07:00,9962,25.40000,84.70000,71.90000,107.10000,0.53019,404.10541
2025-06-23 07:29:38+07:00,9963,25.50000,84.70000,74.20000,110.80000,0.49608,403.96790
2025-06-23 07:30:27+07:00,9964,25.40000,84.80000,73.80000,110.50000,0.48410,403.96790
2025-06-23 07:31:20+07:00,9965,25.40000,84.90000,75.10000,110.00000,0.49759,403.99188
2025-06-23 07:32:10+07:00,9966,25.40000,85.10000,69.90000,101.10000,0.49306,404.08905
2025-06-23 07:32:59+07:00,9967,25.40000,84.80000,76.30000,120.70000,0.47967,404.10541
2025-06-23 07:33:49+07:00,9968,25.40000,84.80000,72.60000,110.40000,0.50674,404.11362
2025-06-23 07:34:38+07:00,9969,25.40000,84.80000,69.30000,100.80000,0.52071,403.94400
2025-06-23 07:35:27+07:00,9970,25.40000,84.40000,73.50000,113.40000,0.47820,404.09723
2025-06-23 07:36:17+07:00,9971,25.50000,84.50000,68.10000,103.70000,0.50062,404.11362
2025-06-23 07:37:06+07:00,9972,25.60000,84.20000,66.70000,99.40000,0.50674,404.06458
2025-06-23 07:37:56+07:00,9973,25.60000,84.00000,64.60000,95.90000,0.43978,404.04834
2025-06-23 07:38:45+07:00,9974,25.60000,83.90000,67.80000,100.10000,0.52386,403.97589
2025-06-23 07:39:34+07:00,9975,25.60000,83.90000,71.20000,106.20000,0.52702,404.09723
2025-06-23 07:40:24+07:00,9976,25.60000,84.10000,67.50000,97.60000,0.53019,403.97589
2025-06-23 07:41:13+07:00,9977,25.50000,84.00000,71.90000,102.20000,0.51291,403.78009
2025-06-23 07:42:03+07:00,9978,25.70000,83.80000,70.00000,101.00000,0.53019,404.01599
2025-06-23 07:42:52+07:00,9979,25.70000,83.40000,70.10000,104.50000,0.50215,403.97589
2025-06-23 07:43:42+07:00,9980,25.70000,83.70000,83.00000,125.00000,0.52228,403.98389
2025-06-23 07:44:32+07:00,9981,25.60000,83.90000,88.80000,143.10001,0.49457,404.03214
2025-06-23 07:45:21+07:00,9982,25.50000,84.30000,74.00000,113.70000,0.49306,403.92026
2025-06-23 07:46:10+07:00,9983,25.40000,84.60000,77.40000,117.30000,0.49006,403.89661
2025-06-23 07:47:00+07:00,9984,25.40000,84.60000,67.40000,96.80000,0.49306,403.89661
2025-06-23 07:47:49+07:00,9985,25.40000,84.50000,71.20000,104.50000,0.48707,403.72668
2025-06-23 07:48:38+07:00,9986,25.40000,84.50000,73.10000,110.50000,0.47235,403.97589
2025-06-23 07:49:28+07:00,9987,25.40000,84.50000,72.00000,108.10000,0.46082,403.89661
2025-06-23 07:50:17+07:00,9988,25.40000,84.50000,70.60000,107.70000,0.49156,403.83411
2025-06-23 07:51:07+07:00,9989,25.30000,84.80000,70.90000,105.70000,0.47673,403.82635
2025-06-23 07:51:56+07:00,9990,25.30000,84.90000,70.70000,102.50000,0.47967,403.88092
2025-06-23 07:52:46+07:00,9991,25.30000,85.00000,69.50000,102.40000,0.47967,403.85745
2025-06-23 07:53:35+07:00,9992,25.40000,84.80000,71.30000,105.50000,0.46800,403.70398
2025-06-23 07:54:24+07:00,9993,25.40000,84.50000,71.30000,106.10000,0.45091,403.85745
2025-06-23 07:55:14+07:00,9994,25.50000,84.40000,68.20000,102.20000,0.48410,403.83411
2025-06-23 07:56:04+07:00,9995,25.40000,84.40000,68.10000,98.80000,0.50062,403.82635
2025-06-23 07:56:53+07:00,9996,25.40000,84.50000,68.90000,102.60000,0.46082,403.78009
2025-06-23 07:57:43+07:00,9997,25.40000,84.60000,69.00000,104.80000,0.48262,403.74951
2025-06-23 07:58:32+07:00,9998,25.50000,84.40000,68.70000,98.90000,0.47673,403.73428
2025-06-23 07:59:22+07:00,9999,25.50000,84.50000,70.30000,100.60000,0.46512,403.70398
2025-06-23 08:00:11+07:00,10000,25.50000,84.40000,69.10000,98.70000,0.47820,403.88092
2025-06-23 08:01:01+07:00,10001,25.60000,84.40000,68.80000,98.90000,0.46368,403.75714
2025-06-23 08:01:50+07:00,10002,25.60000,84.20000,68.80000,100.40000,0.48856,403.65146
2025-06-23 08:02:39+07:00,10003,25.70000,84.10000,67.00000,97.30000,0.48707,403.86526
2025-06-23 08:03:29+07:00,10004,25.70000,84.00000,67.50000,97.30000,0.49759,403.79547
2025-06-23 08:04:18+07:00,10005,25.70000,83.90000,69.00000,99.90000,0.47381,403.72668
2025-06-23 08:05:08+07:00,10006,25.70000,83.80000,69.00000,98.00000,0.47967,403.77243
2025-06-23 08:05:57+07:00,10007,25.80000,83.60000,72.70000,103.70000,0.47089,403.78778
2025-06-23 08:06:46+07:00,10008,25.90000,83.30000,71.50000,105.40000,0.45655,403.92816
2025-06-23 08:07:36+07:00,10009,25.90000,83.10000,69.90000,101.30000,0.52071,403.82635
2025-06-23 08:08:25+07:00,10010,26.00000,82.80000,69.80000,100.00000,0.46944,403.87308
2025-06-23 08:09:15+07:00,10011,26.00000,82.70000,66.20000,92.00000,0.46944,403.88092
2025-06-23 08:10:04+07:00,10012,26.00000,82.50000,66.00000,94.50000,0.48262,403.92816
2025-06-23 08:10:54+07:00,10013,26.10000,82.00000,61.30000,86.30000,0.48707,403.87308
2025-06-23 08:11:44+07:00,10014,26.20000,81.40000,58.10000,79.00000,0.46512,403.83411
2025-06-23 08:12:36+07:00,10015,26.30000,81.10000,58.50000,80.10000,0.46368,404.02405
2025-06-23 08:13:25+07:00,10016,26.60000,80.60000,61.10000,85.30000,0.49006,403.85745
2025-06-23 08:14:15+07:00,10017,26.70000,80.10000,58.90000,80.10000,0.47235,403.92816
2025-06-23 08:15:04+07:00,10018,26.70000,80.00000,61.50000,86.50000,0.47527,404.08087
2025-06-23 08:15:54+07:00,10019,26.70000,79.90000,62.20000,85.70000,0.46800,403.89661
2025-06-23 08:16:43+07:00,10020,26.70000,79.90000,62.10000,86.50000,0.50521,403.95197
2025-06-23 08:17:32+07:00,10021,26.70000,79.90000,61.60000,88.00000,0.50521,404.04022
2025-06-23 08:18:22+07:00,10022,26.70000,79.90000,61.30000,83.90000,0.49306,403.96790
2025-06-23 08:19:11+07:00,10023,26.50000,79.90000,62.10000,88.30000,0.49608,404.08905
2025-06-23 08:20:01+07:00,10024,26.40000,80.30000,56.80000,81.60000,0.45513,403.92026
2025-06-23 08:20:50+07:00,10025,26.30000,80.20000,56.40000,79.20000,0.48856,403.88092
2025-06-23 08:21:39+07:00,10026,26.30000,80.50000,56.50000,79.00000,0.49457,403.96790
2025-06-23 08:22:29+07:00,10027,26.30000,80.30000,55.70000,78.50000,0.47381,403.93607
2025-06-23 08:23:18+07:00,10028,26.30000,80.10000,53.80000,72.50000,0.47820,403.92026
2025-06-23 08:24:08+07:00,10029,26.30000,79.60000,55.70000,73.10000,0.49006,403.84967
2025-06-23 08:24:57+07:00,10030,26.20000,79.90000,55.10000,75.40000,0.46082,403.82635
2025-06-23 08:25:47+07:00,10031,26.30000,79.80000,54.40000,75.10000,0.47381,403.82635
2025-06-23 08:26:36+07:00,10032,26.30000,79.90000,51.90000,74.70000,0.47527,403.82635
2025-06-23 08:27:25+07:00,10033,26.20000,80.20000,51.50000,70.60000,0.50215,403.78778
2025-06-23 08:28:15+07:00,10034,26.20000,80.20000,48.30000,64.20000,0.48410,403.89661
2025-06-23 08:29:04+07:00,10035,26.10000,80.20000,49.00000,67.00000,0.46800,403.77243
2025-06-23 08:29:55+07:00,10036,26.00000,80.20000,48.60000,63.90000,0.47673,403.59952
2025-06-23 08:30:44+07:00,10037,26.10000,80.10000,48.00000,63.00000,0.45939,403.74188
2025-06-23 08:31:34+07:00,10038,26.10000,79.90000,48.30000,66.20000,0.44671,403.74188
2025-06-23 08:32:23+07:00,10039,26.00000,80.10000,46.30000,61.40000,0.45091,403.63657
2025-06-23 08:33:13+07:00,10040,26.00000,79.90000,45.40000,58.20000,0.45513,403.56277
2025-06-23 08:34:02+07:00,10041,26.10000,80.10000,46.60000,61.70000,0.44116,403.54819
2025-06-23 08:34:51+07:00,10042,26.20000,79.80000,44.20000,60.70000,0.43294,403.62170
2025-06-23 08:35:41+07:00,10043,26.20000,79.30000,44.50000,60.00000,0.41685,403.62912
2025-06-23 08:36:30+07:00,10044,26.30000,79.50000,46.10000,58.50000,0.40767,403.48303
2025-06-23 08:37:20+07:00,10045,26.40000,79.30000,48.10000,63.30000,0.47089,403.61429
2025-06-23 08:38:10+07:00,10046,26.30000,79.50000,44.10000,57.40000,0.44532,403.58478
2025-06-23 08:39:00+07:00,10047,26.30000,79.40000,42.70000,55.70000,0.43022,403.57745
2025-06-23 08:39:49+07:00,10048,26.20000,78.90000,44.10000,56.30000,0.43841,403.51187
2025-06-23 08:40:39+07:00,10049,26.20000,78.70000,42.40000,56.30000,0.44811,403.58478
2025-06-23 08:41:28+07:00,10050,26.20000,78.70000,43.40000,64.30000,0.44254,403.57745
2025-06-23 08:42:20+07:00,10051,26.30000,78.80000,41.50000,52.90000,0.43567,403.49023
2025-06-23 08:44:05+07:00,10052,26.40000,78.60000,40.00000,49.40000,0.45231,403.64401
2025-06-23 08:44:54+07:00,10053,26.40000,78.70000,39.80000,50.70000,0.44811,403.51187
2025-06-23 08:45:46+07:00,10054,26.50000,78.80000,40.50000,51.20000,0.40379,403.25232
2025-06-23 08:46:36+07:00,10055,26.60000,78.10000,38.10000,46.80000,0.44116,403.44012
2025-06-23 08:47:29+07:00,10056,26.60000,77.50000,38.20000,47.30000,0.40250,403.49023
2025-06-23 08:48:18+07:00,10057,26.60000,77.00000,37.00000,45.50000,0.41950,403.49023
2025-06-23 08:49:08+07:00,10058,26.60000,76.70000,39.20000,49.50000,0.42752,403.34171
2025-06-23 08:49:58+07:00,10059,26.60000,76.80000,37.60000,46.20000,0.42618,403.41885
2025-06-23 08:50:47+07:00,10060,26.50000,76.60000,36.70000,45.50000,0.40897,403.46152
2025-06-23 08:51:37+07:00,10061,26.50000,76.90000,38.40000,48.70000,0.41817,403.42593
2025-06-23 08:52:27+07:00,10062,26.50000,77.20000,38.80000,49.00000,0.37617,403.31400
2025-06-23 08:53:16+07:00,10063,26.50000,77.00000,39.00000,48.90000,0.39611,403.41177
2025-06-23 08:54:05+07:00,10064,26.60000,77.50000,38.90000,48.30000,0.42752,403.44727
2025-06-23 08:54:55+07:00,10065,26.60000,76.90000,39.30000,49.10000,0.40897,403.35562
2025-06-23 08:55:44+07:00,10066,26.60000,76.60000,38.80000,49.10000,0.40379,403.41177
2025-06-23 08:56:34+07:00,10067,26.60000,76.80000,37.20000,48.20000,0.41950,403.43304
2025-06-23 08:57:23+07:00,10068,26.60000,77.00000,36.70000,46.50000,0.41817,403.38361
2025-06-23 08:58:12+07:00,10069,26.60000,76.70000,36.40000,44.30000,0.40897,403.36960
2025-06-23 08:59:02+07:00,10070,26.60000,77.00000,36.60000,44.70000,0.41817,403.43304
2025-06-23 08:59:51+07:00,10071,26.50000,77.00000,39.40000,48.20000,0.41290,403.41885
2025-06-23 09:00:41+07:00,10072,26.60000,77.10000,39.40000,49.20000,0.40508,403.37659
2025-06-23 09:01:30+07:00,10073,26.60000,76.80000,38.60000,50.00000,0.40508,403.43304
2025-06-23 09:02:19+07:00,10074,26.60000,76.90000,38.40000,47.70000,0.41685,403.45438
2025-06-23 09:03:09+07:00,10075,26.70000,77.10000,38.20000,46.50000,0.41028,403.29333
2025-06-23 09:03:59+07:00,10076,26.70000,77.10000,37.80000,46.50000,0.41950,403.35562
2025-06-23 09:04:52+07:00,10077,26.80000,76.60000,38.50000,50.40000,0.39231,403.41885
2025-06-23 09:05:42+07:00,10078,26.80000,76.40000,39.70000,49.50000,0.41553,403.39062
2025-06-23 09:06:31+07:00,10079,26.80000,76.60000,38.30000,54.10000,0.41159,403.43304
2025-06-23 09:07:21+07:00,10080,26.90000,76.30000,38.10000,45.30000,0.39994,403.42593
2025-06-23 09:08:10+07:00,10081,27.00000,75.80000,37.10000,44.70000,0.39866,403.35562
2025-06-23 09:08:59+07:00,10082,27.00000,75.60000,36.00000,44.80000,0.41553,403.33475
2025-06-23 09:09:49+07:00,10083,27.00000,75.50000,39.60000,51.10000,0.39738,403.30020
2025-06-23 09:10:38+07:00,10084,27.00000,76.10000,38.80000,51.30000,0.38854,403.30710
2025-06-23 09:11:27+07:00,10085,27.00000,75.90000,40.80000,52.60000,0.40508,403.38361
2025-06-23 09:12:17+07:00,10086,26.90000,75.20000,42.30000,54.60000,0.40508,403.46152
2025-06-23 09:13:06+07:00,10087,26.90000,75.90000,43.00000,55.20000,0.44116,403.51910
2025-06-23 09:13:56+07:00,10088,27.00000,75.20000,41.00000,50.90000,0.40767,403.52637
2025-06-23 09:14:45+07:00,10089,27.00000,76.30000,41.00000,50.20000,0.43022,403.57010
2025-06-23 09:15:35+07:00,10090,27.10000,76.40000,40.00000,49.80000,0.41421,403.66641
2025-06-23 09:16:24+07:00,10091,27.30000,75.20000,40.40000,49.10000,0.40897,403.63657
2025-06-23 09:17:13+07:00,10092,27.30000,74.80000,40.40000,53.20000,0.47235,403.60690
2025-06-23 09:18:03+07:00,10093,27.20000,74.30000,40.90000,50.50000,0.41685,403.56277
2025-06-23 09:18:52+07:00,10094,27.10000,74.70000,40.80000,49.70000,0.39994,403.61429
2025-06-23 09:19:42+07:00,10095,27.00000,75.40000,40.10000,49.90000,0.41421,403.54819
2025-06-23 09:20:31+07:00,10096,26.90000,75.30000,42.10000,51.90000,0.42083,403.51910
2025-06-23 09:21:20+07:00,10097,26.90000,75.30000,42.60000,54.80000,0.41421,403.57010
2025-06-23 09:22:10+07:00,10098,26.90000,75.70000,45.00000,57.00000,0.46368,403.52637
2025-06-23 09:23:00+07:00,10099,26.90000,75.60000,46.90000,57.90000,0.42752,403.50464
2025-06-23 09:23:49+07:00,10100,26.90000,76.10000,44.80000,58.80000,0.40897,403.54089
2025-06-23 09:24:39+07:00,10101,26.80000,76.10000,44.60000,59.00000,0.41817,403.41885
2025-06-23 09:25:28+07:00,10102,26.90000,76.40000,44.80000,54.70000,0.40897,403.49023
2025-06-23 09:26:17+07:00,10103,26.90000,76.00000,45.40000,58.10000,0.40767,403.54089
2025-06-23 09:27:08+07:00,10104,26.80000,75.90000,44.50000,55.00000,0.43022,403.60690
2025-06-23 09:27:57+07:00,10105,26.80000,76.00000,46.30000,60.30000,0.39611,403.59213
2025-06-23 09:28:47+07:00,10106,26.90000,76.00000,45.50000,60.20000,0.40638,403.52637
2025-06-23 09:29:38+07:00,10107,26.90000,75.80000,46.00000,63.10000,0.41421,403.54819
2025-06-23 09:30:27+07:00,10108,27.00000,75.80000,45.60000,59.60000,0.44811,403.67389
2025-06-23 09:31:17+07:00,10109,26.90000,76.40000,45.00000,58.70000,0.40638,403.73428
2025-06-23 09:32:09+07:00,10110,27.00000,76.10000,45.40000,58.40000,0.42887,403.65146
2025-06-23 09:33:02+07:00,10111,27.10000,76.00000,43.70000,54.20000,0.40767,403.62170
2025-06-23 09:33:53+07:00,10112,27.10000,75.60000,42.30000,53.80000,0.42216,403.73428
2025-06-23 09:34:43+07:00,10113,27.10000,75.20000,44.30000,55.00000,0.42752,403.68890
2025-06-23 09:36:25+07:00,10114,27.20000,74.80000,41.30000,52.30000,0.46082,403.52637
2025-06-23 09:37:14+07:00,10115,27.20000,74.80000,40.90000,52.60000,0.41028,403.64401
2025-06-23 09:38:04+07:00,10116,27.20000,74.30000,38.80000,48.70000,0.40122,403.60690
2025-06-23 09:38:55+07:00,10117,27.30000,74.30000,41.20000,51.80000,0.41421,403.54089
2025-06-23 09:39:44+07:00,10118,27.30000,74.30000,40.20000,51.30000,0.39357,403.78778
2025-06-23 09:40:33+07:00,10119,27.30000,74.20000,35.40000,43.80000,0.42083,403.34866
2025-06-23 09:41:24+07:00,10120,27.30000,73.30000,38.00000,44.80000,0.40379,403.49744
2025-06-23 09:42:13+07:00,10121,27.20000,73.70000,38.90000,49.10000,0.41421,403.45438
2025-06-23 09:43:03+07:00,10122,27.30000,73.30000,39.50000,47.20000,0.41950,403.49023
2025-06-23 09:43:52+07:00,10123,27.30000,74.00000,39.30000,48.50000,0.41950,403.46869
2025-06-23 09:44:42+07:00,10124,27.40000,73.60000,39.00000,45.80000,0.42350,403.54089
2025-06-23 09:45:31+07:00,10125,27.40000,73.50000,39.10000,49.10000,0.40897,403.59213
2025-06-23 09:46:20+07:00,10126,27.50000,72.90000,39.80000,49.20000,0.41290,403.66641
2025-06-23 09:47:10+07:00,10127,27.60000,73.40000,38.60000,48.00000,0.43567,403.66641
2025-06-23 09:47:59+07:00,10128,27.80000,72.90000,37.90000,47.10000,0.41421,403.65894
2025-06-23 09:48:49+07:00,10129,28.00000,73.20000,34.10000,41.60000,0.43430,403.78009
2025-06-23 09:49:38+07:00,10130,28.10000,71.90000,33.20000,39.60000,0.43841,403.85745
2025-06-23 09:50:27+07:00,10131,28.20000,70.80000,34.60000,39.80000,0.41553,403.64401
2025-06-23 09:51:17+07:00,10132,28.20000,70.90000,29.50000,33.10000,0.42350,403.62170
2025-06-23 09:52:06+07:00,10133,28.20000,70.20000,30.00000,33.90000,0.45797,403.65146
2025-06-23 09:52:55+07:00,10134,28.30000,69.90000,35.10000,45.10000,0.43704,403.53363
2025-06-23 09:53:55+07:00,10135,28.30000,70.50000,36.80000,43.90000,0.42752,403.52637
2025-06-23 09:54:46+07:00,10136,28.10000,71.10000,33.50000,41.00000,0.43158,403.49744
2025-06-23 09:55:36+07:00,10137,28.20000,70.50000,34.20000,40.70000,0.42350,403.50464
2025-06-23 09:56:29+07:00,10138,28.20000,70.60000,36.30000,43.00000,0.39231,403.49744
2025-06-23 09:57:25+07:00,10139,28.30000,70.80000,33.60000,41.10000,0.45231,403.56277
2025-06-23 09:58:16+07:00,10140,28.30000,70.30000,29.20000,34.10000,0.42887,403.57745
2025-06-23 09:59:06+07:00,10141,28.30000,69.50000,27.90000,32.20000,0.41817,403.54089
2025-06-23 09:59:56+07:00,10142,28.30000,69.10000,27.20000,30.50000,0.42752,403.62170
2025-06-23 10:00:45+07:00,10143,28.30000,68.50000,27.50000,31.60000,0.43704,403.51187
2025-06-23 10:01:35+07:00,10144,28.30000,68.60000,28.60000,33.00000,0.40508,403.41177
2025-06-23 10:02:26+07:00,10145,28.20000,68.30000,28.30000,32.40000,0.41553,403.36261
2025-06-23 10:03:18+07:00,10146,28.20000,68.50000,28.60000,33.60000,0.41028,403.51187
2025-06-23 10:04:07+07:00,10147,28.20000,68.70000,28.30000,32.60000,0.40897,403.34866
2025-06-23 10:04:57+07:00,10148,28.20000,68.40000,33.10000,38.60000,0.41421,403.34866
2025-06-23 10:05:50+07:00,10149,28.20000,70.20000,27.40000,32.40000,0.38108,403.48303
2025-06-23 10:06:39+07:00,10150,28.30000,68.20000,28.70000,36.50000,0.39357,403.51187
2025-06-23 10:07:36+07:00,10151,28.20000,68.50000,26.90000,32.50000,0.41553,403.17819
2025-06-23 10:08:25+07:00,10152,28.10000,68.30000,27.90000,32.60000,0.41028,403.44012
2025-06-23 10:09:15+07:00,10153,28.20000,67.80000,29.00000,33.50000,0.38729,403.41177
2025-06-23 10:10:04+07:00,10154,28.30000,68.10000,29.20000,34.90000,0.42618,403.39767
2025-06-23 10:10:54+07:00,10155,28.30000,68.90000,31.20000,39.30000,0.38729,403.33475
2025-06-23 10:11:43+07:00,10156,28.40000,68.40000,30.50000,34.60000,0.41159,403.41177
2025-06-23 10:12:33+07:00,10157,28.40000,69.30000,26.60000,32.10000,0.40508,403.40472
2025-06-23 10:13:22+07:00,10158,28.40000,69.10000,26.00000,30.10000,0.40508,403.46152
2025-06-23 10:14:12+07:00,10159,28.40000,68.20000,24.00000,28.30000,0.40379,403.45438
2025-06-23 10:15:01+07:00,10160,28.30000,68.90000,23.20000,26.00000,0.43430,403.25232
2025-06-23 10:15:51+07:00,10161,28.20000,68.20000,21.80000,24.60000,0.39611,403.25232
2025-06-23 10:16:40+07:00,10162,28.20000,68.00000,21.50000,24.80000,0.40897,403.27960
2025-06-23 10:17:30+07:00,10163,28.10000,69.00000,20.60000,23.30000,0.43158,403.36960
2025-06-23 10:18:19+07:00,10164,28.10000,68.30000,21.60000,25.60000,0.38604,403.25232
2025-06-23 10:19:08+07:00,10165,28.10000,67.80000,22.20000,24.80000,0.37985,403.17151
2025-06-23 10:19:58+07:00,10166,28.10000,68.40000,22.10000,26.10000,0.38108,403.28647
2025-06-23 10:20:48+07:00,10167,28.10000,68.70000,22.80000,26.00000,0.38480,403.24551
2025-06-23 10:21:37+07:00,10168,28.10000,68.30000,22.10000,27.40000,0.39231,403.23196
2025-06-23 10:22:27+07:00,10169,28.10000,68.70000,22.70000,25.50000,0.36411,403.25232
2025-06-23 10:23:16+07:00,10170,28.10000,68.40000,23.90000,26.70000,0.36769,403.19156
2025-06-23 10:24:11+07:00,10171,28.10000,68.20000,23.00000,26.40000,0.39484,403.15820
2025-06-23 10:25:00+07:00,10172,28.10000,68.60000,21.80000,26.00000,0.38979,403.23196
2025-06-23 10:25:50+07:00,10173,28.10000,68.00000,23.70000,26.60000,0.39611,403.15155
2025-06-23 10:26:39+07:00,10174,28.10000,68.90000,26.50000,30.60000,0.39231,403.25232
2025-06-23 10:27:29+07:00,10175,28.10000,68.90000,26.50000,29.70000,0.36173,403.22519
2025-06-23 10:28:18+07:00,10176,28.20000,68.10000,23.20000,27.60000,0.34657,403.39062
2025-06-23 10:29:07+07:00,10177,28.20000,67.40000,23.00000,28.00000,0.37373,403.32089
2025-06-23 10:29:57+07:00,10178,28.00000,67.80000,25.20000,28.30000,0.37985,403.25232
2025-06-23 10:30:46+07:00,10179,28.00000,69.40000,23.90000,27.20000,0.38604,403.28647
2025-06-23 10:31:36+07:00,10180,28.10000,69.10000,25.60000,29.90000,0.41290,403.39062
2025-06-23 10:32:25+07:00,10181,28.10000,70.50000,23.10000,25.90000,0.38979,403.30710
2025-06-23 10:33:14+07:00,10182,28.10000,68.40000,23.10000,25.80000,0.37252,403.36960
2025-06-23 10:34:04+07:00,10183,28.10000,68.30000,23.50000,26.20000,0.36769,403.41177
2025-06-23 10:34:53+07:00,10184,28.10000,68.70000,24.50000,27.50000,0.33412,403.35562
2025-06-23 10:35:43+07:00,10185,28.10000,68.90000,24.90000,28.00000,0.36530,403.23196
2025-06-23 10:36:33+07:00,10186,28.10000,69.40000,27.70000,31.80000,0.37617,403.15820
2025-06-23 10:37:23+07:00,10187,28.00000,69.40000,24.90000,28.40000,0.37739,403.36960
2025-06-23 10:38:12+07:00,10188,28.00000,69.60000,25.40000,29.70000,0.37010,403.34171
2025-06-23 10:39:02+07:00,10189,28.10000,69.80000,26.30000,29.90000,0.39231,403.30710
2025-06-23 10:39:51+07:00,10190,28.10000,69.30000,27.50000,31.60000,0.39611,403.34866
2025-06-23 10:40:40+07:00,10191,28.10000,68.70000,28.20000,32.40000,0.39105,403.33475
2025-06-23 10:41:30+07:00,10192,28.00000,68.70000,29.30000,35.00000,0.39357,403.34866
2025-06-23 10:42:19+07:00,10193,27.90000,70.50000,26.80000,31.60000,0.36530,403.30710
2025-06-23 10:43:09+07:00,10194,28.00000,70.00000,27.30000,32.20000,0.38480,403.44012
2025-06-23 10:43:58+07:00,10195,28.00000,69.40000,27.20000,31.20000,0.37862,403.39062
2025-06-23 10:44:47+07:00,10196,28.00000,69.90000,25.20000,30.60000,0.39994,403.33475
2025-06-23 10:45:37+07:00,10197,28.00000,69.30000,25.50000,32.40000,0.38232,403.41177
2025-06-23 10:46:26+07:00,10198,28.00000,69.00000,26.70000,31.50000,0.35350,403.30020
2025-06-23 10:47:16+07:00,10199,27.90000,70.10000,24.90000,30.40000,0.38232,403.24551
2025-06-23 10:48:09+07:00,10200,27.90000,69.10000,25.80000,30.10000,0.39738,403.26593
2025-06-23 10:48:59+07:00,10201,27.90000,69.20000,26.70000,31.10000,0.36890,403.30710
2025-06-23 10:49:48+07:00,10202,27.80000,69.90000,27.60000,33.60000,0.36292,403.39062
2025-06-23 10:50:38+07:00,10203,27.80000,69.70000,26.20000,30.70000,0.37252,403.36261
2025-06-23 10:51:27+07:00,10204,27.90000,69.80000,26.50000,31.60000,0.37739,403.23196
2025-06-23 10:52:17+07:00,10205,27.90000,70.00000,26.00000,31.80000,0.35819,403.30020
2025-06-23 10:53:06+07:00,10206,27.80000,69.70000,26.30000,32.10000,0.38232,403.35562
2025-06-23 10:53:59+07:00,10207,27.80000,70.40000,26.40000,30.90000,0.36411,403.30710
2025-06-23 10:54:49+07:00,10208,27.90000,69.70000,24.80000,31.30000,0.39105,403.28647
2025-06-23 10:55:38+07:00,10209,27.90000,69.40000,25.40000,31.30000,0.37252,403.26593
2025-06-23 10:56:28+07:00,10210,27.90000,68.90000,26.00000,32.00000,0.39231,403.32089
2025-06-23 10:57:17+07:00,10211,27.90000,69.10000,25.20000,29.90000,0.38979,403.30710
2025-06-23 10:58:06+07:00,10212,27.80000,69.40000,26.40000,30.00000,0.37862,403.26593
2025-06-23 10:58:56+07:00,10213,27.80000,69.60000,25.50000,30.80000,0.36890,403.13834
2025-06-23 10:59:45+07:00,10214,27.80000,70.30000,27.30000,32.80000,0.38480,403.32782
2025-06-23 11:00:37+07:00,10215,27.90000,70.60000,26.20000,31.60000,0.38108,403.27277
2025-06-23 11:01:27+07:00,10216,27.90000,71.10000,27.20000,31.10000,0.36769,403.27277
2025-06-23 11:02:16+07:00,10217,27.90000,70.60000,25.80000,30.50000,0.37010,403.35562
2025-06-23 11:03:05+07:00,10218,28.00000,69.60000,25.30000,30.20000,0.36292,403.21170
2025-06-23 11:03:55+07:00,10219,27.90000,69.60000,25.00000,30.10000,0.37373,403.21844
2025-06-23 11:04:43+07:00,10220,27.80000,68.80000,24.40000,30.30000,0.36890,403.27960
2025-06-23 11:06:26+07:00,10221,27.70000,69.50000,26.00000,30.90000,0.37862,403.23874
2025-06-23 11:07:16+07:00,10222,27.70000,69.00000,25.90000,31.70000,0.36890,403.36960
2025-06-23 11:08:07+07:00,10223,27.80000,68.90000,26.10000,32.60000,0.37739,403.18488
2025-06-23 11:08:57+07:00,10224,27.80000,68.50000,30.20000,33.90000,0.38232,403.30020
2025-06-23 11:09:46+07:00,10225,27.90000,69.00000,25.90000,30.30000,0.38232,403.23874
2025-06-23 11:10:36+07:00,10226,27.80000,68.60000,26.40000,31.00000,0.37739,403.28647
2025-06-23 11:11:25+07:00,10227,27.80000,68.70000,24.30000,29.50000,0.34428,403.21844
2025-06-23 11:48:45+07:00,10228,28.80000,67.00000,25.10000,31.30000,0.39738,403.34171
2025-06-23 11:49:34+07:00,10229,28.80000,66.60000,23.50000,27.60000,0.36173,403.29333
2025-06-23 11:51:15+07:00,10230,28.50000,65.70000,24.00000,29.10000,0.38356,403.25912
2025-06-23 11:52:05+07:00,10231,28.50000,66.00000,23.80000,28.20000,0.39105,403.30710
2025-06-23 11:52:54+07:00,10232,28.60000,65.90000,23.80000,27.50000,0.39611,403.33475
2025-06-23 11:53:43+07:00,10233,28.60000,66.30000,24.80000,28.00000,0.38356,403.17151
2025-06-23 11:54:33+07:00,10234,28.60000,67.70000,24.80000,29.10000,0.39105,403.30710
2025-06-23 11:55:22+07:00,10235,28.60000,66.20000,23.60000,27.20000,0.35467,403.36960
2025-06-23 11:56:12+07:00,10236,28.70000,66.90000,23.50000,26.70000,0.36054,403.37659
2025-06-23 11:57:01+07:00,10237,28.80000,67.80000,23.50000,27.20000,0.36173,403.36960
2025-06-23 11:57:51+07:00,10238,28.80000,66.70000,24.90000,31.40000,0.36530,403.41177
2025-06-23 11:58:40+07:00,10239,28.80000,65.80000,23.60000,26.40000,0.39866,403.30710
2025-06-23 11:59:29+07:00,10240,28.80000,66.40000,25.70000,32.60000,0.38232,403.25232
2025-06-23 12:00:19+07:00,10241,28.80000,66.60000,23.30000,26.60000,0.36411,403.23874
2025-06-23 12:01:08+07:00,10242,28.80000,66.40000,23.90000,28.20000,0.38108,403.39767
2025-06-23 12:01:58+07:00,10243,28.80000,67.10000,23.40000,27.40000,0.40379,403.36960
2025-06-23 12:02:47+07:00,10244,28.80000,67.00000,23.90000,27.70000,0.39738,403.34866
2025-06-23 12:03:36+07:00,10245,28.80000,67.00000,23.80000,28.50000,0.39484,403.42593
2025-06-23 12:04:26+07:00,10246,28.80000,67.10000,25.00000,28.30000,0.37373,403.40472
2025-06-23 12:05:15+07:00,10247,28.80000,67.30000,24.80000,27.80000,0.37617,403.40472
2025-06-23 12:06:05+07:00,10248,28.80000,68.10000,25.10000,29.40000,0.39105,403.36960
2025-06-23 12:06:54+07:00,10249,28.70000,67.70000,24.30000,29.30000,0.38480,403.36960
2025-06-23 12:07:48+07:00,10250,28.70000,67.20000,24.90000,29.40000,0.37985,403.37659
2025-06-23 12:08:37+07:00,10251,28.60000,67.50000,23.50000,26.40000,0.37617,403.36261
2025-06-23 12:09:27+07:00,10252,28.70000,67.40000,21.40000,25.00000,0.38854,403.41177
2025-06-23 12:10:16+07:00,10253,28.60000,66.90000,22.60000,25.40000,0.37617,403.20499
2025-06-23 12:11:06+07:00,10254,28.60000,67.00000,23.10000,26.00000,0.36890,403.30710
2025-06-23 12:11:55+07:00,10255,28.60000,67.60000,24.40000,27.30000,0.36649,403.30020
2025-06-23 12:12:45+07:00,10256,28.70000,68.30000,23.40000,28.10000,0.38232,403.30020
2025-06-23 12:13:34+07:00,10257,28.70000,67.90000,22.30000,26.60000,0.38979,403.38361
2025-06-23 12:14:24+07:00,10258,28.70000,66.40000,23.00000,27.90000,0.36173,403.15820
2025-06-23 12:15:13+07:00,10259,28.80000,66.50000,22.20000,26.50000,0.35350,403.35562
2025-06-23 12:16:02+07:00,10260,28.80000,67.10000,23.30000,26.10000,0.38108,403.15155
2025-06-23 12:16:52+07:00,10261,28.90000,67.40000,23.20000,28.20000,0.39738,403.22519
2025-06-23 12:17:41+07:00,10262,29.00000,66.90000,22.30000,25.60000,0.41817,403.17151
2025-06-23 12:18:31+07:00,10263,28.90000,67.40000,21.60000,27.20000,0.38480,403.27960
2025-06-23 12:19:20+07:00,10264,29.00000,66.70000,20.90000,27.20000,0.41290,403.33475
2025-06-23 12:20:10+07:00,10265,29.00000,66.40000,21.00000,24.30000,0.35701,403.38361
2025-06-23 12:20:59+07:00,10266,29.00000,67.30000,21.40000,27.30000,0.34542,403.18488
2025-06-23 12:21:48+07:00,10267,29.10000,67.50000,21.60000,26.20000,0.37495,403.19827
2025-06-23 12:22:38+07:00,10268,29.20000,67.40000,20.10000,24.60000,0.35467,403.19827
2025-06-23 12:23:27+07:00,10269,29.20000,66.00000,20.80000,24.40000,0.37617,403.31400
2025-06-23 12:24:16+07:00,10270,29.20000,66.50000,19.20000,22.10000,0.37252,403.26593
2025-06-23 12:25:06+07:00,10271,29.10000,65.00000,19.20000,22.10000,0.37252,403.15820
2025-06-23 12:25:56+07:00,10272,29.00000,65.30000,19.70000,22.50000,0.37862,403.12512
2025-06-23 12:26:45+07:00,10273,29.00000,66.10000,19.90000,24.10000,0.34200,403.04684
2025-06-23 12:27:35+07:00,10274,29.10000,66.00000,21.00000,24.20000,0.36530,403.19156
2025-06-23 12:28:24+07:00,10275,29.10000,66.20000,20.80000,23.80000,0.35936,403.13171
2025-06-23 12:29:14+07:00,10276,29.20000,66.10000,19.80000,25.60000,0.35118,403.12512
2025-06-23 12:30:04+07:00,10277,29.00000,65.90000,21.30000,27.70000,0.34200,403.25232
2025-06-23 12:30:54+07:00,10278,29.00000,66.80000,20.40000,22.90000,0.30605,403.15155
2025-06-23 12:31:43+07:00,10279,29.10000,66.80000,20.60000,23.60000,0.37373,403.07928
2025-06-23 12:32:32+07:00,10280,29.10000,66.70000,19.70000,22.70000,0.35819,403.17819
2025-06-23 12:33:22+07:00,10281,29.10000,67.00000,19.70000,22.00000,0.37617,403.30710
2025-06-23 12:34:12+07:00,10282,29.10000,66.50000,18.70000,21.10000,0.34771,403.17819
2025-06-23 12:35:01+07:00,10283,29.10000,66.30000,19.00000,22.20000,0.38356,403.32782
2025-06-23 12:35:51+07:00,10284,29.00000,65.80000,17.90000,20.00000,0.34314,403.06628
2025-06-23 12:36:40+07:00,10285,29.00000,65.60000,19.90000,23.20000,0.35936,403.05978
2025-06-23 12:37:29+07:00,10286,29.10000,66.20000,20.60000,24.80000,0.36890,403.26593
2025-06-23 12:38:19+07:00,10287,29.30000,66.30000,20.30000,23.50000,0.37985,403.25912
2025-06-23 12:39:08+07:00,10288,29.30000,66.00000,19.70000,22.60000,0.37495,403.19827
2025-06-23 12:39:58+07:00,10289,29.30000,65.40000,18.60000,20.80000,0.31663,403.13171
2025-06-23 12:40:47+07:00,10290,29.30000,65.30000,19.80000,24.80000,0.35584,403.21170
2025-06-23 12:41:37+07:00,10291,29.20000,65.50000,20.30000,24.40000,0.38480,403.09885
2025-06-23 12:42:26+07:00,10292,29.30000,66.00000,20.40000,23.50000,0.33636,403.05978
2025-06-23 12:43:15+07:00,10293,29.30000,66.60000,20.90000,24.30000,0.35002,403.27277
2025-06-23 12:44:05+07:00,10294,29.40000,67.10000,20.10000,22.70000,0.37495,403.21170
2025-06-23 12:44:54+07:00,10295,29.40000,67.10000,20.20000,24.00000,0.36173,403.27277
2025-06-23 12:45:47+07:00,10296,29.40000,66.40000,20.30000,23.00000,0.37252,403.11853
2025-06-23 12:46:36+07:00,10297,29.30000,66.50000,19.70000,22.10000,0.37862,403.27277
2025-06-23 12:47:26+07:00,10298,29.30000,66.40000,19.10000,23.20000,0.34428,403.16486
2025-06-23 12:48:15+07:00,10299,29.30000,66.50000,18.60000,21.50000,0.34200,403.36960
2025-06-23 12:49:04+07:00,10300,29.30000,65.40000,19.20000,21.30000,0.37617,403.19827
2025-06-23 12:49:54+07:00,10301,29.20000,65.60000,18.80000,23.10000,0.37131,403.19156
2025-06-23 12:50:43+07:00,10302,29.20000,65.10000,18.20000,20.60000,0.34200,403.16486
2025-06-23 12:51:36+07:00,10303,29.20000,65.80000,19.50000,21.90000,0.37985,403.12512
2025-06-23 12:52:25+07:00,10304,29.20000,65.00000,19.00000,23.20000,0.34771,403.10541
2025-06-23 12:53:15+07:00,10305,29.10000,65.10000,17.50000,19.90000,0.35701,403.17151
2025-06-23 12:54:08+07:00,10306,29.10000,65.50000,19.00000,21.30000,0.36649,403.15155
2025-06-23 12:54:57+07:00,10307,29.20000,65.90000,18.30000,20.50000,0.36292,403.14493
2025-06-23 12:55:47+07:00,10308,29.30000,65.70000,15.90000,17.90000,0.34314,403.06628
2025-06-23 12:56:36+07:00,10309,29.30000,63.80000,15.60000,17.40000,0.36890,403.13834
2025-06-23 12:57:25+07:00,10310,29.40000,64.30000,15.90000,18.20000,0.36292,403.25232
2025-06-23 12:58:15+07:00,10311,29.30000,63.60000,16.60000,18.60000,0.36890,402.98920
2025-06-23 12:59:05+07:00,10312,29.30000,64.00000,15.70000,17.60000,0.34771,403.09232
2025-06-23 12:59:55+07:00,10313,29.20000,64.20000,16.30000,18.20000,0.35819,403.13834
2025-06-23 13:00:44+07:00,10314,29.20000,64.70000,15.90000,17.80000,0.36054,403.02753
2025-06-23 13:01:37+07:00,10315,29.30000,64.60000,16.00000,19.00000,0.35234,403.19156
2025-06-23 13:02:26+07:00,10316,29.30000,63.90000,15.60000,18.80000,0.30087,403.12512
2025-06-23 13:03:16+07:00,10317,29.30000,63.20000,15.90000,17.70000,0.36530,403.11197
2025-06-23 13:04:05+07:00,10318,29.30000,63.80000,14.70000,16.60000,0.37373,403.05331
2025-06-23 13:04:54+07:00,10319,29.30000,63.80000,16.20000,20.20000,0.32310,403.39062
2025-06-23 13:05:44+07:00,10320,29.40000,64.20000,16.00000,17.90000,0.37985,403.13171
2025-06-23 13:06:38+07:00,10321,29.30000,63.50000,15.20000,17.00000,0.34086,403.09885
2025-06-23 13:07:27+07:00,10322,29.30000,63.20000,15.40000,17.20000,0.32310,402.94495
2025-06-23 13:08:17+07:00,10323,29.30000,63.30000,14.70000,16.50000,0.35002,403.04684
2025-06-23 13:09:06+07:00,10324,29.20000,63.30000,15.10000,18.10000,0.35819,403.11853
2025-06-23 13:09:55+07:00,10325,29.20000,62.90000,14.90000,16.70000,0.36769,403.17151
2025-06-23 13:10:47+07:00,10326,29.20000,62.40000,13.80000,15.50000,0.34657,403.13171
2025-06-23 13:11:36+07:00,10327,29.10000,61.80000,15.40000,18.80000,0.34657,403.05331
2025-06-23 13:12:26+07:00,10328,29.10000,63.60000,13.50000,16.20000,0.34428,403.19156
2025-06-23 13:13:15+07:00,10329,29.10000,62.40000,14.60000,16.30000,0.35350,403.19156
2025-06-23 13:14:09+07:00,10330,29.10000,62.30000,13.90000,15.50000,0.33189,403.15155
2025-06-23 13:14:58+07:00,10331,29.00000,62.50000,14.70000,16.40000,0.34200,403.13171
2025-06-23 13:15:47+07:00,10332,29.00000,62.70000,14.70000,17.00000,0.34771,403.19827
2025-06-23 13:16:37+07:00,10333,29.00000,61.30000,14.40000,17.50000,0.35701,403.09232
2025-06-23 13:17:26+07:00,10334,28.90000,60.70000,15.10000,17.50000,0.34887,403.17819
2025-06-23 13:18:16+07:00,10335,28.80000,61.00000,14.50000,16.20000,0.31449,403.19156
2025-06-23 13:19:05+07:00,10336,28.80000,62.00000,15.20000,17.60000,0.29170,403.11853
2025-06-23 13:19:54+07:00,10337,28.80000,61.10000,15.40000,17.50000,0.35584,403.17151
2025-06-23 13:20:44+07:00,10338,28.80000,61.60000,15.70000,19.00000,0.32093,403.19827
2025-06-23 13:21:33+07:00,10339,28.70000,61.80000,16.60000,18.50000,0.33412,403.16486
2025-06-23 13:23:14+07:00,10340,28.80000,62.80000,16.80000,20.30000,0.33189,403.15820
2025-06-23 13:24:06+07:00,10341,28.80000,63.00000,16.60000,18.60000,0.34542,403.13171
2025-06-23 13:24:55+07:00,10342,28.70000,62.50000,15.20000,17.90000,0.33860,403.07278
2025-06-23 13:25:44+07:00,10343,28.70000,62.40000,15.70000,17.90000,0.32857,403.13171
2025-06-23 13:26:34+07:00,10344,28.70000,62.90000,15.50000,17.40000,0.34657,403.16486
2025-06-23 13:27:24+07:00,10345,28.70000,62.10000,16.20000,18.80000,0.33412,403.06628
2025-06-23 13:28:13+07:00,10346,28.70000,62.40000,15.50000,17.80000,0.34657,403.20499
2025-06-23 13:29:02+07:00,10347,28.70000,61.90000,16.70000,19.80000,0.35819,402.98920
2025-06-23 13:29:53+07:00,10348,28.70000,62.30000,15.80000,20.00000,0.35467,403.15155
2025-06-23 13:30:42+07:00,10349,28.70000,61.00000,15.20000,16.90000,0.34086,403.09885
2025-06-23 13:31:32+07:00,10350,28.70000,61.10000,14.20000,17.00000,0.33636,403.08578
2025-06-23 13:32:21+07:00,10351,28.70000,61.50000,14.30000,16.80000,0.31877,403.07928
2025-06-23 13:33:11+07:00,10352,28.70000,60.90000,14.60000,16.30000,0.35584,402.90744
2025-06-23 13:34:08+07:00,10353,28.80000,61.20000,15.00000,18.10000,0.34771,403.16486
2025-06-23 13:35:04+07:00,10354,28.90000,60.30000,14.40000,16.10000,0.35701,403.10541
2025-06-23 13:35:56+07:00,10355,28.90000,60.20000,12.70000,15.90000,0.32528,403.13834
2025-06-23 13:36:48+07:00,10356,29.00000,58.90000,13.30000,14.90000,0.34200,403.03397
2025-06-23 13:37:41+07:00,10357,29.00000,59.10000,13.50000,15.10000,0.32968,403.16486
2025-06-23 13:38:30+07:00,10358,29.00000,60.50000,14.20000,16.90000,0.31770,403.00833
2025-06-23 13:39:20+07:00,10359,29.10000,59.20000,13.40000,16.10000,0.33748,403.11197
2025-06-23 13:40:09+07:00,10360,29.10000,58.80000,13.30000,14.90000,0.33524,403.08578
2025-06-23 13:40:59+07:00,10361,29.10000,58.60000,13.20000,14.70000,0.34887,402.99554
2025-06-23 13:41:49+07:00,10362,29.10000,58.90000,14.50000,17.10000,0.33189,403.09885
2025-06-23 13:42:38+07:00,10363,29.10000,58.80000,13.10000,15.80000,0.32638,402.97650
2025-06-23 13:43:28+07:00,10364,29.10000,58.10000,13.80000,15.40000,0.34428,403.14493
2025-06-23 13:44:17+07:00,10365,29.00000,58.30000,14.40000,16.10000,0.35936,403.10541
2025-06-23 13:45:10+07:00,10366,29.00000,58.50000,14.20000,15.90000,0.33300,403.03397
2025-06-23 13:46:03+07:00,10367,29.10000,58.30000,13.80000,15.70000,0.36173,403.16486
2025-06-23 13:46:53+07:00,10368,29.10000,58.90000,13.20000,14.80000,0.35936,403.19156
2025-06-23 13:47:42+07:00,10369,29.10000,57.60000,13.50000,15.90000,0.36890,403.11197
2025-06-23 13:48:32+07:00,10370,29.00000,58.00000,13.30000,15.00000,0.34887,402.80319
2025-06-23 13:49:21+07:00,10371,29.10000,58.80000,14.00000,15.60000,0.33189,403.16486
2025-06-23 13:50:11+07:00,10372,29.10000,57.90000,13.70000,15.30000,0.32202,403.06628
2025-06-23 13:51:01+07:00,10373,29.10000,58.00000,14.50000,16.20000,0.34542,403.00192
2025-06-23 13:51:54+07:00,10374,29.10000,58.90000,14.60000,17.20000,0.34657,403.03397
2025-06-23 13:52:44+07:00,10375,29.20000,59.70000,13.90000,15.50000,0.36054,403.07278
2025-06-23 13:53:36+07:00,10376,29.20000,58.20000,13.20000,15.70000,0.34086,403.13834
2025-06-23 13:55:18+07:00,10377,29.20000,57.40000,13.00000,14.50000,0.34200,403.23874
2025-06-23 13:56:08+07:00,10378,29.20000,57.60000,14.00000,16.40000,0.35234,403.19827
2025-06-23 13:56:57+07:00,10379,29.10000,58.40000,13.80000,15.60000,0.36292,403.05331
2025-06-23 13:57:47+07:00,10380,29.20000,58.90000,14.40000,18.00000,0.32310,403.07278
2025-06-23 13:58:36+07:00,10381,29.10000,58.10000,13.00000,14.60000,0.30710,403.09885
2025-06-23 13:59:26+07:00,10382,29.10000,57.50000,13.00000,14.60000,0.33189,402.98285
2025-06-23 14:00:15+07:00,10383,29.00000,57.30000,13.70000,15.40000,0.35002,403.11197
2025-06-23 14:01:05+07:00,10384,29.10000,58.00000,14.20000,15.90000,0.34200,403.12512
2025-06-23 14:01:54+07:00,10385,29.20000,58.30000,13.30000,14.80000,0.34314,403.11197
2025-06-23 14:02:44+07:00,10386,29.20000,56.90000,12.00000,14.40000,0.34200,403.13834
2025-06-23 14:03:33+07:00,10387,29.20000,57.10000,13.50000,15.10000,0.32310,403.35562
2025-06-23 14:04:23+07:00,10388,29.20000,56.80000,13.50000,15.90000,0.31556,402.97015
2025-06-23 14:05:12+07:00,10389,29.20000,56.90000,12.60000,15.50000,0.32747,403.05978
2025-06-23 14:06:03+07:00,10390,29.20000,56.40000,12.20000,14.60000,0.34200,403.00192
2025-06-23 14:06:53+07:00,10391,29.20000,54.50000,11.60000,14.10000,0.31770,402.99554
2025-06-23 14:07:42+07:00,10392,29.20000,54.50000,11.20000,13.00000,0.34771,403.11197
2025-06-23 14:08:31+07:00,10393,29.20000,53.80000,11.40000,13.00000,0.33189,403.08578
2025-06-23 14:09:21+07:00,10394,29.20000,54.00000,11.90000,13.50000,0.34428,403.02753
2025-06-23 14:10:10+07:00,10395,29.30000,54.60000,12.00000,14.30000,0.33748,403.04041
2025-06-23 14:11:00+07:00,10396,29.30000,55.40000,11.50000,13.90000,0.35467,403.21844
2025-06-23 14:11:50+07:00,10397,29.30000,55.10000,10.80000,12.90000,0.34428,403.11853
2025-06-23 14:12:39+07:00,10398,29.20000,54.20000,11.40000,14.60000,0.31985,403.16486
2025-06-23 14:13:29+07:00,10399,29.20000,55.60000,11.00000,12.60000,0.34771,402.97015
2025-06-23 14:14:18+07:00,10400,29.20000,55.10000,11.30000,14.20000,0.32638,403.11853
2025-06-23 14:15:07+07:00,10401,29.10000,54.80000,12.10000,14.00000,0.33860,402.90121
2025-06-23 14:15:57+07:00,10402,29.10000,55.50000,12.00000,14.10000,0.29984,403.02112
2025-06-23 14:16:46+07:00,10403,29.10000,55.60000,12.40000,13.90000,0.34314,402.98920
2025-06-23 14:17:36+07:00,10404,29.10000,55.50000,11.90000,13.40000,0.35118,403.12512
2025-06-23 14:18:26+07:00,10405,29.20000,55.10000,10.80000,12.40000,0.33078,403.05978
2025-06-23 14:19:15+07:00,10406,29.10000,55.20000,12.10000,13.50000,0.33412,403.07928
2025-06-23 14:20:05+07:00,10407,29.20000,56.10000,12.10000,15.00000,0.32093,403.11853
2025-06-23 14:20:54+07:00,10408,29.20000,55.90000,12.60000,14.30000,0.30293,403.11197
2025-06-23 14:21:43+07:00,10409,29.20000,55.20000,13.10000,14.90000,0.33524,402.97650
2025-06-23 14:22:33+07:00,10410,29.20000,56.20000,13.00000,16.60000,0.34887,403.09885
2025-06-23 14:23:23+07:00,10411,29.30000,56.70000,12.70000,14.20000,0.32093,403.02112
2025-06-23 14:24:12+07:00,10412,29.20000,56.40000,12.50000,14.10000,0.36649,403.05331
2025-06-23 14:25:04+07:00,10413,29.20000,56.30000,11.60000,15.20000,0.33189,402.94495
2025-06-23 14:25:54+07:00,10414,29.20000,55.10000,11.90000,14.00000,0.34428,403.08578
2025-06-23 14:26:43+07:00,10415,29.20000,55.90000,12.40000,14.10000,0.34657,403.07278
2025-06-23 14:27:33+07:00,10416,29.20000,55.70000,12.10000,15.50000,0.34200,403.07928
2025-06-23 14:28:23+07:00,10417,29.20000,55.30000,11.70000,14.20000,0.35701,402.98285
2025-06-23 14:29:13+07:00,10418,29.20000,54.70000,12.90000,14.40000,0.31663,402.98285
2025-06-23 14:30:02+07:00,10419,29.20000,55.40000,11.70000,13.50000,0.37010,402.93240
2025-06-23 14:30:52+07:00,10420,29.10000,54.30000,10.50000,12.10000,0.33189,402.89502
2025-06-23 14:31:45+07:00,10421,29.10000,54.30000,11.80000,13.60000,0.34314,403.11197
2025-06-23 14:32:38+07:00,10422,29.00000,55.00000,11.00000,12.20000,0.34200,403.06628
2025-06-23 14:33:28+07:00,10423,29.00000,54.50000,12.10000,14.70000,0.32857,403.00192
2025-06-23 14:34:18+07:00,10424,29.00000,54.50000,12.30000,13.80000,0.31770,402.96384
2025-06-23 14:35:07+07:00,10425,29.00000,55.10000,12.30000,13.90000,0.33189,403.01471
2025-06-23 14:35:56+07:00,10426,29.10000,54.40000,11.60000,13.00000,0.31985,403.13834
2025-06-23 14:36:48+07:00,10427,29.10000,54.90000,13.10000,15.00000,0.35002,402.93240
2025-06-23 14:37:38+07:00,10428,29.00000,56.00000,12.70000,15.50000,0.32968,403.04684
2025-06-23 14:38:27+07:00,10429,29.00000,55.10000,12.80000,16.90000,0.32747,403.13834
2025-06-23 14:39:17+07:00,10430,29.00000,55.00000,13.60000,16.30000,0.36292,403.15820
2025-06-23 14:40:07+07:00,10431,29.00000,56.10000,12.80000,15.60000,0.32419,403.00192
2025-06-23 14:40:56+07:00,10432,29.10000,54.50000,12.80000,15.70000,0.32419,403.07278
2025-06-23 14:41:46+07:00,10433,29.10000,54.90000,12.90000,14.50000,0.33300,403.15820
2025-06-23 14:42:35+07:00,10434,29.10000,56.10000,13.10000,18.50000,0.35002,403.18488
2025-06-23 14:43:24+07:00,10435,29.00000,56.40000,12.30000,18.30000,0.35118,403.00192
2025-06-23 14:44:14+07:00,10436,29.00000,55.60000,12.80000,15.70000,0.34200,402.99554
2025-06-23 14:45:04+07:00,10437,28.90000,55.60000,12.90000,15.60000,0.33973,403.14493
2025-06-23 14:45:54+07:00,10438,28.90000,56.20000,13.40000,15.00000,0.33189,403.04041
2025-06-23 14:46:43+07:00,10439,28.90000,56.60000,13.50000,16.60000,0.33973,403.06628
2025-06-23 14:47:32+07:00,10440,28.90000,56.80000,13.60000,15.20000,0.30710,403.12512
2025-06-23 14:48:25+07:00,10441,28.80000,58.00000,15.30000,17.10000,0.33524,403.15155
2025-06-23 14:49:15+07:00,10442,28.90000,59.40000,14.20000,17.40000,0.31985,402.90121
2025-06-23 14:50:04+07:00,10443,28.90000,58.70000,14.30000,17.30000,0.31770,402.98285
2025-06-23 14:50:54+07:00,10444,28.90000,58.50000,15.30000,17.30000,0.35701,403.07278
2025-06-23 14:51:43+07:00,10445,28.90000,58.70000,14.60000,16.30000,0.33412,403.33475
2025-06-23 14:52:33+07:00,10446,28.90000,58.80000,14.20000,16.60000,0.30087,403.17819
2025-06-23 14:53:22+07:00,10447,28.90000,59.10000,14.60000,16.80000,0.32419,402.95123
2025-06-23 14:54:12+07:00,10448,28.90000,59.20000,15.30000,17.60000,0.33412,403.04041
2025-06-23 14:55:01+07:00,10449,28.80000,60.20000,15.70000,19.80000,0.34086,403.13834
2025-06-23 14:55:51+07:00,10450,28.90000,60.50000,16.20000,19.30000,0.33189,402.98285
2025-06-23 14:56:40+07:00,10451,28.90000,60.30000,16.00000,18.80000,0.29070,402.99554
2025-06-23 14:57:30+07:00,10452,28.80000,60.70000,16.20000,18.10000,0.33412,403.14493
2025-06-23 14:58:19+07:00,10453,28.80000,60.60000,16.20000,18.30000,0.32968,403.15820
2025-06-23 14:59:08+07:00,10454,28.80000,60.90000,15.40000,17.30000,0.33636,402.89502
2025-06-23 15:00:01+07:00,10455,28.80000,60.50000,15.00000,19.00000,0.32857,403.01471
2025-06-23 15:00:51+07:00,10456,28.80000,60.40000,16.60000,18.60000,0.30190,403.17819
2025-06-23 15:01:41+07:00,10457,28.70000,60.40000,17.50000,20.30000,0.32093,403.08578
2025-06-23 15:02:30+07:00,10458,28.70000,61.70000,16.50000,19.60000,0.33524,403.05978
2025-06-23 15:03:20+07:00,10459,28.70000,60.90000,17.40000,21.60000,0.31556,403.05978
2025-06-23 15:04:09+07:00,10460,28.70000,62.50000,17.00000,19.00000,0.34200,402.93240
2025-06-23 15:05:01+07:00,10461,28.70000,61.20000,17.30000,20.80000,0.33748,403.20499
2025-06-23 15:05:50+07:00,10462,28.70000,61.80000,17.80000,20.50000,0.32747,403.07928
2025-06-23 15:06:39+07:00,10463,28.70000,62.00000,17.40000,19.70000,0.34428,403.06628
2025-06-23 15:07:29+07:00,10464,28.70000,62.30000,18.00000,21.50000,0.33636,403.18488
2025-06-23 15:08:18+07:00,10465,28.70000,62.70000,18.30000,22.40000,0.32419,403.15155
2025-06-23 15:09:08+07:00,10466,28.70000,63.30000,18.30000,23.60000,0.32093,403.17151
2025-06-23 15:09:57+07:00,10467,28.80000,63.80000,17.30000,21.00000,0.33524,403.03397
2025-06-23 15:10:47+07:00,10468,28.80000,61.40000,17.10000,21.80000,0.33973,403.05978
2025-06-23 15:11:36+07:00,10469,28.70000,62.20000,17.20000,19.80000,0.33078,403.21170
2025-06-23 15:12:26+07:00,10470,28.70000,62.10000,17.10000,19.90000,0.36769,403.04684
2025-06-23 15:13:16+07:00,10471,28.70000,62.10000,17.50000,20.30000,0.33189,403.12512
2025-06-23 15:14:05+07:00,10472,28.70000,63.00000,17.50000,21.20000,0.31877,402.98285
2025-06-23 15:14:55+07:00,10473,28.70000,62.10000,17.00000,21.60000,0.35350,403.17151
2025-06-23 15:15:44+07:00,10474,28.70000,62.50000,17.30000,20.30000,0.34200,403.19827
2025-06-23 15:16:34+07:00,10475,28.60000,61.90000,17.60000,20.80000,0.33189,403.18488
2025-06-23 15:17:23+07:00,10476,28.60000,62.20000,17.30000,20.40000,0.34428,403.29333
2025-06-23 15:18:13+07:00,10477,28.60000,62.40000,18.10000,21.00000,0.35701,403.09232
2025-06-23 15:19:02+07:00,10478,28.50000,62.10000,17.40000,20.40000,0.31877,403.07278
2025-06-23 15:19:52+07:00,10479,28.50000,62.80000,18.80000,22.10000,0.34086,403.24551
2025-06-23 15:20:41+07:00,10480,28.60000,63.10000,18.00000,21.60000,0.33636,403.14493
2025-06-23 15:21:33+07:00,10481,28.60000,62.90000,18.00000,26.60000,0.33860,403.13834
2025-06-23 15:22:23+07:00,10482,28.60000,63.40000,19.00000,23.10000,0.33973,403.10541
2025-06-23 15:23:13+07:00,10483,28.50000,63.00000,19.00000,21.30000,0.33748,403.17151
2025-06-23 15:24:03+07:00,10484,28.40000,63.40000,18.70000,22.50000,0.34542,403.05978
2025-06-23 15:24:53+07:00,10485,28.40000,64.20000,19.10000,21.70000,0.36173,403.19156
2025-06-23 15:25:42+07:00,10486,28.40000,64.30000,19.30000,23.00000,0.31342,403.18488
2025-06-23 15:26:32+07:00,10487,28.40000,64.60000,20.40000,23.10000,0.35936,403.10541
