date,entry_id,Temperature,Humidity,PM2.5,PM10,CO,CO2
2025-06-17T07:08:50+00:00,464,25.9,71.3,26.4,35.1,1.32246,402.82861
2025-06-17T07:09:40+00:00,465,25.9,70.1,26.2,33.3,1.28997,402.73026
2025-06-17T07:10:36+00:00,466,25.9,69.7,24.5,32.5,1.31978,402.81689
2025-06-17T07:11:26+00:00,467,25.9,69.3,24.1,31.9,1.32873,402.75455
2025-06-17T07:12:15+00:00,468,25.8,69.1,25.1,32.0,1.30203,402.64542
2025-06-17T07:13:05+00:00,469,25.8,68.8,24.7,32.8,1.2991,402.4985
2025-06-17T07:13:54+00:00,470,25.8,68.5,24.5,31.4,1.36808,402.36978
2025-06-17T07:14:44+00:00,471,25.9,71.3,23.8,30.9,1.28448,402.1171
2025-06-17T07:15:34+00:00,472,26.0,73.8,24.9,31.6,1.30793,402.22324
2025-06-17T07:16:23+00:00,473,26.2,74.4,24.5,32.3,1.21897,402.02173
2025-06-17T07:17:12+00:00,474,26.1,67.4,24.2,29.9,1.32276,402.11063
2025-06-17T07:18:02+00:00,475,26.0,67.2,102.0,114.1,1.31384,402.00931
2025-06-17T07:18:51+00:00,476,25.9,69.5,103.2,114.2,1.29031,401.96335
2025-06-17T07:19:41+00:00,477,26.0,71.2,25.9,34.9,1.14027,401.76373
2025-06-17T07:20:30+00:00,478,26.0,66.8,25.0,32.5,1.12975,401.48962
2025-06-17T07:21:19+00:00,479,26.0,66.4,24.6,33.2,1.17773,401.56985
2025-06-17T07:22:09+00:00,480,26.0,66.0,25.6,34.6,1.14027,401.40396
2025-06-17T07:23:02+00:00,481,26.0,65.8,25.8,31.9,1.14556,401.44507
2025-06-17T07:23:52+00:00,482,26.0,65.6,24.6,33.8,1.135,401.48251
2025-06-17T07:24:41+00:00,483,25.9,65.5,24.9,32.3,1.135,401.41754
2025-06-17T07:25:31+00:00,484,25.9,65.7,24.6,31.2,1.14291,401.39722
2025-06-17T07:26:20+00:00,485,25.9,65.4,23.3,30.8,1.15087,401.35291
2025-06-17T07:27:10+00:00,486,25.9,65.2,23.4,32.1,1.17232,401.29086
2025-06-17T07:28:03+00:00,487,25.8,65.1,23.5,30.5,1.04098,401.16837
2025-06-17T07:28:56+00:00,488,25.8,65.2,23.3,31.6,0.84863,401.0918
2025-06-17T07:29:47+00:00,489,25.9,65.6,23.5,33.8,1.08336,401.27213
2025-06-17T07:30:36+00:00,490,26.0,64.9,22.8,29.6,1.10636,401.24344
2025-06-17T07:31:25+00:00,491,26.0,65.5,30.9,39.7,1.12452,401.2536
2025-06-17T07:32:15+00:00,492,26.2,66.2,23.4,32.1,1.22736,401.22931
2025-06-17T07:33:06+00:00,493,26.2,66.1,24.5,34.3,1.29323,401.17221
2025-06-17T07:33:56+00:00,494,26.3,66.3,25.3,32.0,1.27289,401.20737
2025-06-17T07:34:45+00:00,495,26.4,66.1,24.5,33.6,1.36196,401.21729
2025-06-17T07:36:34+00:00,496,26.7,68.0,26.0,36.0,1.4273,401.23737
2025-06-17T07:37:27+00:00,497,26.8,67.0,25.8,34.0,1.41781,401.25565
2025-06-17T07:38:16+00:00,498,26.9,66.0,25.7,35.0,1.31088,401.18967
2025-06-17T07:39:06+00:00,499,26.9,66.2,25.2,33.3,1.33773,401.15878
2025-06-17T07:39:55+00:00,500,27.0,66.3,25.2,32.8,1.2991,401.08276
2025-06-17T07:40:45+00:00,501,27.1,66.8,24.9,31.1,1.24711,401.02988
2025-06-17T07:41:40+00:00,502,27.1,66.8,25.4,32.1,1.19409,400.99924
2025-06-17T07:42:32+00:00,503,27.2,66.8,24.3,34.1,1.24995,401.05075
2025-06-17T07:43:22+00:00,504,27.3,67.2,24.2,32.0,1.28739,401.08636
2025-06-17T07:44:12+00:00,505,27.3,67.0,25.5,34.9,1.23861,401.05075
2025-06-17T07:45:01+00:00,506,27.4,67.3,24.8,34.1,1.19135,401.04727
2025-06-17T07:45:51+00:00,507,27.4,67.5,24.7,31.0,1.26712,401.03506
2025-06-17T07:46:41+00:00,508,27.5,67.6,24.5,31.8,1.23016,401.04376
2025-06-17T07:47:30+00:00,509,27.5,67.4,25.0,35.1,1.26138,400.96609
2025-06-17T07:48:19+00:00,510,27.5,67.6,24.9,32.2,1.2528,400.9892
2025-06-17T07:49:09+00:00,511,27.6,68.1,25.2,31.7,1.23016,400.96286
2025-06-17T07:49:58+00:00,512,27.6,68.0,25.1,33.1,1.23298,400.96609
2025-06-17T07:50:54+00:00,513,27.6,68.0,25.2,33.2,1.27289,400.95312
2025-06-17T07:51:44+00:00,514,27.7,68.1,24.9,32.5,1.29031,400.97595
2025-06-17T07:52:34+00:00,515,27.7,68.4,24.3,31.9,1.31681,400.9809
2025-06-17T07:54:20+00:00,516,27.8,68.6,24.6,32.7,1.32873,400.93869
2025-06-17T07:55:09+00:00,517,27.8,68.5,25.3,32.9,1.33172,400.91818
2025-06-17T07:55:58+00:00,518,27.9,68.5,24.3,32.2,1.30793,400.90573
2025-06-17T07:56:48+00:00,519,27.9,68.8,24.6,33.5,1.27867,400.87378
2025-06-17T07:57:38+00:00,520,27.9,69.1,26.4,33.7,1.29616,400.87677
2025-06-17T07:58:27+00:00,521,27.9,69.1,26.3,35.0,1.32276,400.88736
2025-06-17T07:59:17+00:00,522,27.9,69.5,26.6,34.0,1.27,400.9213
2025-06-17T08:00:06+00:00,523,27.9,69.2,28.0,37.2,1.29323,400.87979
2025-06-17T08:00:55+00:00,524,27.9,69.3,26.9,35.1,1.30498,400.87228
2025-06-17T08:01:45+00:00,525,27.9,69.6,25.3,31.4,1.25566,400.88281
2025-06-17T08:02:34+00:00,526,27.9,69.8,26.7,33.8,1.20786,400.8486
2025-06-17T08:03:24+00:00,527,27.9,69.9,28.0,37.5,1.22736,400.87378
2025-06-17T08:04:13+00:00,528,28.0,70.0,26.9,35.6,1.19958,400.81979
2025-06-17T08:05:03+00:00,529,28.0,70.0,27.3,35.3,1.24144,400.8269
2025-06-17T08:05:52+00:00,530,28.0,70.1,27.6,34.6,1.24711,400.84714
2025-06-17T08:06:42+00:00,531,28.0,70.1,27.0,35.0,1.19683,400.83121
2025-06-17T08:07:31+00:00,532,28.0,70.1,28.0,36.0,1.22176,400.81696
2025-06-17T08:08:21+00:00,533,28.0,70.2,27.6,35.7,1.27289,400.78766
2025-06-17T08:09:13+00:00,534,27.9,70.3,27.2,36.8,1.31516,402.83102
2025-06-17T08:10:02+00:00,535,27.9,70.6,26.2,33.0,1.31217,402.81625
2025-06-17T08:10:52+00:00,536,27.9,70.7,26.8,36.9,1.33926,402.80154
2025-06-17T08:12:01+00:00,537,27.9,70.8,26.2,33.9,1.35609,402.70502
2025-06-17T08:12:50+00:00,538,27.9,71.1,25.7,32.3,1.33783,402.85104
2025-06-17T08:13:40+00:00,539,27.9,71.2,26.4,34.9,1.31677,402.84113
2025-06-17T08:14:29+00:00,540,27.9,71.3,27.2,37.6,1.26965,402.83121
2025-06-17T08:15:46+00:00,541,27.9,71.4,26.3,35.8,1.27887,402.81131
2025-06-17T08:16:36+00:00,542,27.9,71.5,27.3,33.5,1.31134,402.84106
2025-06-17T08:17:25+00:00,543,27.8,71.6,25.7,34.4,1.36899,402.78671
2025-06-17T08:19:04+00:00,544,27.9,71.8,26.1,32.7,1.29621,402.84515
2025-06-17T08:19:53+00:00,545,27.9,72.1,26.0,32.4,1.34724,402.8252
2025-06-17T08:20:42+00:00,546,27.8,72.3,25.5,30.8,1.32603,402.79056
2025-06-17T08:21:32+00:00,547,27.8,72.3,27.1,36.2,1.32905,402.77582
2025-06-17T08:22:52+00:00,548,27.9,72.5,26.0,34.0,1.29947,402.70636
2025-06-17T08:23:41+00:00,549,27.9,72.5,26.2,35.4,1.29358,402.91049
2025-06-17T08:24:30+00:00,550,27.8,72.6,25.5,34.3,1.32326,402.76974
2025-06-17T08:25:20+00:00,551,27.8,72.6,26.5,32.8,1.25293,402.82935
2025-06-17T08:26:51+00:00,552,27.8,72.8,26.0,34.0,1.30941,402.82516
2025-06-17T08:27:40+00:00,553,27.8,73.0,26.3,34.1,1.30051,402.8002
2025-06-17T08:28:30+00:00,554,27.8,73.2,26.2,33.1,1.33945,402.86548
2025-06-17T08:30:32+00:00,555,27.8,73.6,25.3,34.1,1.47634,402.56805
2025-06-17T08:31:22+00:00,556,27.9,78.8,26.3,32.1,3.96702,403.0806
2025-06-17T08:32:11+00:00,557,28.1,78.2,25.7,32.8,2.92957,403.22253
2025-06-17T08:33:00+00:00,558,28.2,77.8,25.5,32.1,2.79299,403.16275
2025-06-17T08:33:50+00:00,559,28.3,77.7,25.3,32.2,2.50753,403.4711
2025-06-17T08:34:39+00:00,560,28.3,77.5,25.7,31.8,2.74465,403.42017
2025-06-17T08:35:28+00:00,561,28.3,77.4,25.5,33.2,2.70291,403.65436
2025-06-17T08:36:18+00:00,562,28.4,77.5,25.4,30.7,2.79299,403.95139
2025-06-17T08:37:07+00:00,563,28.4,77.5,24.1,29.2,2.87305,403.77634
2025-06-17T08:37:56+00:00,564,28.4,78.1,24.7,31.3,2.53551,403.89465
2025-06-17T08:38:46+00:00,565,28.4,78.4,24.5,32.5,2.45232,403.54214
2025-06-17T08:39:35+00:00,566,28.4,78.2,25.7,31.2,2.35017,403.53564
2025-06-17T08:40:25+00:00,567,28.4,78.3,24.8,31.7,2.51869,403.35736
2025-06-17T08:41:14+00:00,568,28.4,78.6,24.3,31.7,2.0501,403.09805
2025-06-17T08:42:04+00:00,569,28.4,78.5,24.9,31.2,2.08341,403.09222
2025-06-17T08:42:54+00:00,570,28.5,78.6,25.4,33.9,2.00327,403.15683
2025-06-17T08:43:43+00:00,571,28.5,79.0,24.3,31.5,1.97101,403.19254
2025-06-17T08:44:33+00:00,572,28.5,79.1,23.7,31.3,1.98018,403.14499
2025-06-17T08:45:22+00:00,573,28.4,79.0,24.6,32.5,2.03596,403.069
2025-06-17T08:46:12+00:00,574,28.4,79.0,24.2,30.4,1.89884,403.0748
2025-06-17T08:47:02+00:00,575,28.4,79.1,24.7,30.4,1.89884,403.069
2025-06-17T08:47:51+00:00,576,28.4,79.1,24.9,32.0,1.90774,403.03445
2025-06-17T08:48:41+00:00,577,28.4,79.0,24.7,33.4,1.98939,403.0864
2025-06-17T08:49:30+00:00,578,28.4,79.1,24.7,32.4,1.92565,403.25885
2025-06-17T08:50:20+00:00,579,28.4,79.1,23.3,27.7,1.91221,403.2467
2025-06-17T08:51:10+00:00,580,28.4,79.2,24.1,29.8,1.91668,403.38864
2025-06-17T08:52:00+00:00,581,28.4,79.3,23.8,31.1,2.01723,403.43283
2025-06-17T08:52:49+00:00,582,28.4,79.4,24.4,31.5,1.92116,403.4519
2025-06-17T08:53:39+00:00,583,28.4,79.4,23.8,31.6,1.94369,403.47751
2025-06-17T08:54:28+00:00,584,28.3,79.5,23.2,30.1,1.96643,403.54214
2025-06-17T08:55:18+00:00,585,28.3,79.6,23.1,29.5,2.0219,403.50323
2025-06-17T08:56:07+00:00,586,28.4,79.6,23.6,29.5,1.95731,403.57486
2025-06-17T08:56:57+00:00,587,28.3,79.6,23.2,30.7,2.21603,403.5683
2025-06-17T08:57:46+00:00,588,28.3,79.7,23.1,30.3,1.97101,403.58801
2025-06-17T08:58:36+00:00,589,28.3,79.6,23.2,31.2,2.00791,403.50323
2025-06-17T08:59:25+00:00,590,28.4,79.7,23.1,28.0,1.98939,403.52264
2025-06-17T09:00:16+00:00,591,28.4,79.7,24.0,30.2,1.95276,403.51617
2025-06-17T09:01:06+00:00,592,28.3,79.6,24.5,31.7,1.93465,403.45831
2025-06-17T09:01:56+00:00,593,28.4,79.6,23.5,29.8,1.81594,403.26495
2025-06-17T09:02:46+00:00,594,28.4,79.7,23.3,28.8,1.85483,403.4968
2025-06-17T09:03:36+00:00,595,28.4,79.7,24.1,31.8,2.00327,403.57486
2025-06-17T09:04:26+00:00,596,28.4,79.7,23.1,29.6,2.0219,403.69464
2025-06-17T09:05:15+00:00,597,28.4,79.6,22.1,28.2,2.02658,403.69464
2025-06-17T09:06:05+00:00,598,28.4,79.7,23.0,28.9,1.98478,403.70139
2025-06-17T09:06:54+00:00,599,28.4,79.6,24.1,29.8,2.00327,403.62769
2025-06-17T09:07:44+00:00,600,28.4,79.7,24.0,31.4,1.99863,403.63434
2025-06-17T09:08:34+00:00,601,28.4,79.8,23.6,30.3,2.01256,403.64099
2025-06-17T09:09:23+00:00,602,28.4,79.6,24.1,31.7,2.0219,403.64767
2025-06-17T09:10:13+00:00,603,28.4,79.5,23.2,30.0,2.0219,403.60779
2025-06-17T09:11:04+00:00,604,28.4,79.4,23.1,31.4,2.01256,403.62769
2025-06-17T09:11:54+00:00,605,28.4,79.5,22.4,26.9,1.99401,403.58801
2025-06-17T09:12:44+00:00,606,28.4,79.8,23.0,28.1,1.98478,403.62103
2025-06-17T09:13:35+00:00,607,28.4,79.7,24.4,30.5,1.97559,403.64099
2025-06-17T09:14:25+00:00,608,28.4,79.9,23.6,29.1,1.96187,403.66772
2025-06-17T09:15:15+00:00,609,28.4,80.0,23.7,30.6,2.01256,403.68115
2025-06-17T09:16:04+00:00,610,28.4,80.1,24.3,29.7,2.01256,403.65436
2025-06-17T09:16:53+00:00,611,28.3,80.2,24.7,32.7,2.00791,403.58142
2025-06-17T09:17:43+00:00,612,28.4,80.1,23.8,30.8,2.01723,403.67444
2025-06-17T09:18:32+00:00,613,28.4,80.1,24.6,31.2,2.03596,403.6012
2025-06-17T09:19:22+00:00,614,28.4,80.0,24.2,31.9,2.06432,403.53564
2025-06-17T09:20:11+00:00,615,28.4,80.2,24.3,29.7,2.00791,403.48392
2025-06-17T09:21:00+00:00,616,28.4,80.3,24.6,33.2,1.98478,403.50323
2025-06-17T09:21:50+00:00,617,28.4,80.1,25.5,32.4,2.04066,403.47751
2025-06-17T09:22:39+00:00,618,28.3,80.1,24.1,31.0,2.0219,403.45831
2025-06-17T09:23:28+00:00,619,28.4,80.0,24.9,32.5,2.05957,403.47751
2025-06-17T09:24:18+00:00,620,28.4,80.0,25.5,34.5,2.0219,403.4711
2025-06-17T09:25:07+00:00,621,28.4,80.1,24.3,32.8,2.0219,403.5097
2025-06-17T09:25:57+00:00,622,28.3,80.1,25.4,31.6,2.04538,403.48392
2025-06-17T09:26:46+00:00,623,28.3,80.0,23.7,30.4,2.01723,403.48392
2025-06-17T09:27:35+00:00,624,28.3,79.9,23.8,30.1,1.98478,403.48392
2025-06-17T09:28:25+00:00,625,28.3,80.1,24.6,31.5,2.01256,403.48392
2025-06-17T09:29:14+00:00,626,28.3,79.9,24.4,30.9,1.96643,403.4519
2025-06-17T09:30:04+00:00,627,28.3,80.0,24.5,33.3,1.90329,403.35114
2025-06-17T09:30:53+00:00,628,28.3,79.7,24.8,33.6,1.99863,403.42648
2025-06-17T09:31:43+00:00,629,28.4,79.8,23.5,29.6,1.96187,403.47751
2025-06-17T09:32:32+00:00,630,28.4,79.6,23.4,30.5,1.99401,403.47751
2025-06-17T09:33:21+00:00,631,28.3,79.5,23.3,28.9,1.94822,403.52264
2025-06-17T09:34:11+00:00,632,28.3,79.7,23.6,30.7,2.0219,403.54868
2025-06-17T09:35:00+00:00,633,28.3,79.6,24.4,33.0,1.96643,403.53564
2025-06-17T09:35:49+00:00,634,28.3,79.3,26.2,36.3,1.97101,403.55521
2025-06-17T09:36:39+00:00,635,28.3,79.5,24.4,31.3,2.0882,403.53564
2025-06-17T09:37:28+00:00,636,28.2,79.5,25.6,33.1,1.99863,403.53564
2025-06-17T09:38:18+00:00,637,28.3,79.5,26.1,35.2,2.09301,403.58801
2025-06-17T09:39:07+00:00,638,28.3,79.6,25.0,33.7,2.07385,403.53564
2025-06-17T09:39:57+00:00,639,28.3,79.2,27.0,36.6,2.19596,403.62769
2025-06-17T09:40:46+00:00,640,28.3,79.4,27.3,33.9,2.14153,403.61441
2025-06-17T09:41:35+00:00,641,28.3,79.3,26.9,35.4,2.00791,403.5683
2025-06-17T09:42:25+00:00,642,28.3,79.3,26.2,35.5,2.211,403.4968
2025-06-17T09:43:14+00:00,643,28.3,79.2,25.8,32.4,2.28746,403.66772
2025-06-17T09:44:03+00:00,644,28.3,79.2,25.9,32.4,1.99863,403.63434
2025-06-17T09:44:53+00:00,645,28.3,79.2,25.6,34.1,1.94822,403.61441
2025-06-17T09:45:42+00:00,646,28.3,79.2,24.8,32.4,1.98478,403.62769
2025-06-17T09:46:35+00:00,647,28.3,78.9,24.7,33.9,1.97559,403.62769
2025-06-17T09:47:25+00:00,648,28.3,78.9,25.0,32.5,1.97559,403.61441
2025-06-17T09:48:14+00:00,649,28.3,79.0,24.2,31.1,1.94369,403.64099
2025-06-17T09:49:03+00:00,650,28.3,78.9,24.7,33.1,1.98018,403.58801
2025-06-17T09:49:53+00:00,651,28.3,79.0,24.9,31.6,1.97559,403.59457
2025-06-17T09:50:42+00:00,652,28.3,79.2,25.1,32.0,1.97101,403.65436
2025-06-17T09:51:31+00:00,653,28.3,79.0,25.6,32.0,1.99401,403.58142
2025-06-17T09:52:21+00:00,654,28.3,79.1,25.4,35.0,2.02658,403.62769
2025-06-17T09:53:11+00:00,655,28.3,79.2,24.5,32.2,1.98018,403.56174
2025-06-17T09:54:00+00:00,656,28.2,79.2,24.8,31.2,1.98478,403.53564
2025-06-17T09:54:50+00:00,657,28.2,79.2,24.0,29.9,2.0219,403.66104
2025-06-17T09:55:39+00:00,658,28.2,79.2,23.0,31.2,2.06908,403.57486
2025-06-17T09:56:28+00:00,659,28.2,79.0,23.8,31.0,1.93916,403.59457
2025-06-17T09:57:18+00:00,660,28.2,79.3,26.0,34.7,1.98478,403.54214
2025-06-17T09:58:07+00:00,661,28.2,79.2,25.1,31.7,1.95731,403.65436
2025-06-17T09:58:56+00:00,662,28.2,79.1,25.1,31.7,1.93916,403.62769
2025-06-17T09:59:46+00:00,663,28.2,78.9,23.9,31.0,1.94369,403.62103
2025-06-17T10:00:35+00:00,664,28.2,79.2,22.6,28.0,1.91668,403.66104
2025-06-17T10:01:24+00:00,665,28.2,79.0,23.8,30.9,1.94822,403.62103
2025-06-17T10:02:15+00:00,666,28.2,78.6,24.3,32.1,1.94822,403.66104
2025-06-17T10:03:04+00:00,667,28.2,78.7,23.3,30.5,1.93465,403.65436
2025-06-17T10:03:53+00:00,668,28.2,78.9,22.5,27.8,1.94822,403.64099
2025-06-17T10:04:43+00:00,669,28.2,79.0,23.3,29.7,1.98478,403.65436
2025-06-17T10:05:32+00:00,670,28.2,78.9,22.9,30.8,1.96187,403.68115
2025-06-17T10:06:22+00:00,671,28.2,78.8,23.8,28.6,1.97101,403.68115
2025-06-17T10:07:12+00:00,672,28.2,78.8,23.0,29.8,1.99863,403.64099
2025-06-17T10:08:01+00:00,673,28.2,78.8,23.5,29.6,1.98018,403.66104
2025-06-17T10:08:51+00:00,674,28.2,78.4,24.0,31.1,1.93465,403.65436
2025-06-17T10:09:40+00:00,675,28.2,78.1,23.4,30.6,2.00791,403.66104
2025-06-17T10:10:29+00:00,676,28.2,78.2,23.1,30.1,1.98478,403.65436
2025-06-17T10:11:19+00:00,677,28.2,78.0,22.5,28.6,1.99863,403.68115
2025-06-17T10:12:08+00:00,678,28.1,75.8,21.8,28.0,1.98018,403.66772
2025-06-17T10:12:58+00:00,679,28.0,74.0,22.1,28.0,2.00791,403.56174
2025-06-17T10:13:47+00:00,680,28.0,73.4,27.0,34.4,1.96643,403.66104
2025-06-17T10:14:37+00:00,681,28.0,72.5,44.2,55.2,1.93916,403.72171
2025-06-17T10:15:26+00:00,682,27.9,72.2,67.6,81.8,1.98018,403.70139
2025-06-17T10:16:16+00:00,683,28.0,72.0,72.2,86.7,2.11716,403.66772
2025-06-17T10:17:05+00:00,684,28.0,71.7,98.0,114.3,1.90774,403.70139
2025-06-17T10:17:55+00:00,685,28.0,71.9,106.9,124.5,1.95276,403.74213
2025-06-17T10:18:44+00:00,686,28.0,72.1,109.9,129.0,1.97101,403.73529
2025-06-17T10:19:34+00:00,687,28.0,72.6,116.4,134.2,2.01256,403.7901
2025-06-17T10:20:23+00:00,688,28.0,73.4,119.4,137.89999,1.98939,403.86655
2025-06-17T10:21:12+00:00,689,28.0,73.8,126.3,147.60001,2.00327,403.88055
2025-06-17T10:22:02+00:00,690,28.0,73.8,144.7,170.10001,2.0219,403.90875
2025-06-17T10:22:51+00:00,691,27.9,74.1,158.89999,181.2,2.04066,403.93002
2025-06-17T10:23:40+00:00,692,28.0,74.5,162.3,188.5,2.26174,403.91583
2025-06-17T10:24:30+00:00,693,28.0,74.8,164.10001,190.89999,2.0501,403.98718
2025-06-17T10:25:19+00:00,694,28.0,74.6,170.0,198.2,2.10747,403.93002
2025-06-17T10:26:09+00:00,695,28.0,74.4,186.39999,212.39999,2.2823,404.02325
2025-06-17T10:26:58+00:00,696,28.0,74.6,188.3,215.10001,2.28746,403.92291
2025-06-17T10:27:48+00:00,697,28.0,75.5,173.60001,201.3,2.04066,403.93713
2025-06-17T10:28:37+00:00,698,28.0,75.8,167.5,193.60001,2.0501,404.03778
2025-06-17T10:29:26+00:00,699,28.0,76.0,163.5,190.5,2.25662,403.98718
2025-06-17T10:30:16+00:00,700,28.0,75.9,155.0,181.5,2.17604,404.04504
2025-06-17T10:31:05+00:00,701,27.9,76.5,155.7,182.8,2.09301,403.98001
2025-06-17T10:31:55+00:00,702,27.9,76.3,142.3,163.7,2.33962,403.93713
2025-06-17T10:32:45+00:00,703,28.0,76.4,145.3,171.60001,2.27714,403.98001
2025-06-17T10:33:34+00:00,704,27.9,76.0,150.2,175.5,2.28746,403.98001
2025-06-17T10:34:23+00:00,705,27.9,76.3,146.7,171.8,2.272,404.00879
2025-06-17T10:35:14+00:00,706,27.9,76.2,147.89999,172.89999,2.38205,404.04504
2025-06-17T10:36:04+00:00,707,27.9,76.3,143.39999,164.3,2.14153,404.00879
2025-06-17T10:36:53+00:00,708,28.0,76.5,149.39999,171.60001,2.33962,403.95139
2025-06-17T10:37:43+00:00,709,27.9,76.3,143.5,165.2,2.1612,403.95853
2025-06-17T10:38:34+00:00,710,28.0,76.3,133.39999,155.10001,2.41427,403.90875
2025-06-17T10:39:24+00:00,711,28.0,76.8,130.39999,152.10001,2.35017,403.9017
2025-06-17T10:40:13+00:00,712,27.9,76.7,129.7,151.7,2.20097,403.94424
2025-06-17T10:41:02+00:00,713,28.0,77.2,106.8,121.7,2.272,403.85254
2025-06-17T10:41:53+00:00,714,28.0,77.9,114.1,132.5,2.0882,403.90875
2025-06-17T10:42:42+00:00,715,27.9,77.8,105.8,121.8,2.1612,403.89465
2025-06-17T10:43:32+00:00,716,28.0,78.3,104.3,122.6,2.32911,403.82468
2025-06-17T10:44:22+00:00,717,28.0,78.1,107.3,123.6,2.18598,403.89465
2025-06-17T10:45:12+00:00,718,28.0,77.8,110.7,127.5,2.12688,403.86655
2025-06-17T10:46:02+00:00,719,28.0,77.9,109.5,125.9,2.10747,403.86655
2025-06-17T10:46:52+00:00,720,27.9,78.5,93.8,111.2,2.36606,403.90875
2025-06-17T10:47:41+00:00,721,27.9,78.8,107.3,124.0,2.09301,403.87354
2025-06-17T10:48:31+00:00,722,27.9,78.9,102.6,119.2,2.37671,403.86655
2025-06-17T10:49:21+00:00,723,27.9,78.4,100.3,114.8,2.10264,403.81775
2025-06-17T10:50:11+00:00,724,27.9,78.7,100.0,115.0,2.07862,403.83859
2025-06-17T10:51:01+00:00,725,27.9,78.8,97.3,112.6,2.10264,403.83859
2025-06-17T10:51:50+00:00,726,27.9,78.6,95.2,110.8,2.05957,403.86655
2025-06-17T10:52:41+00:00,727,27.9,78.5,93.3,107.5,2.05957,403.85254
2025-06-17T10:53:31+00:00,728,27.9,78.4,91.9,106.5,2.30301,403.83859
2025-06-17T10:54:20+00:00,729,28.0,78.2,94.9,108.9,2.10264,403.88055
2025-06-17T10:55:11+00:00,730,28.0,78.6,89.4,103.3,2.10264,403.85953
2025-06-17T10:56:01+00:00,731,28.0,78.8,88.1,101.7,2.25152,403.87354
2025-06-17T10:56:51+00:00,732,27.9,79.3,78.9,91.6,2.211,403.83859
2025-06-17T10:57:40+00:00,733,27.9,79.9,78.3,90.6,2.36075,403.85254
2025-06-17T10:58:30+00:00,734,27.9,79.7,76.3,87.9,2.272,403.88055
2025-06-17T10:59:19+00:00,735,27.9,79.7,78.8,92.6,2.06908,403.82468
2025-06-17T11:00:09+00:00,736,27.8,80.0,76.0,86.7,2.12201,403.797
2025-06-17T11:00:58+00:00,737,27.8,80.0,76.6,88.5,2.32387,403.76947
2025-06-17T11:01:48+00:00,738,27.8,80.2,81.7,94.3,2.07862,403.74893
2025-06-17T11:02:37+00:00,739,27.8,80.3,77.4,90.0,2.0501,403.77634
2025-06-17T11:03:27+00:00,740,27.8,79.6,79.9,92.2,2.36075,403.6879
2025-06-17T11:04:16+00:00,741,27.8,79.9,79.2,91.6,2.22613,403.72849
2025-06-17T11:05:05+00:00,742,27.9,79.7,80.8,93.1,2.32911,403.73529
2025-06-17T11:05:55+00:00,743,27.9,79.5,81.0,94.8,2.0501,403.74213
2025-06-17T11:06:45+00:00,744,27.9,79.0,81.1,94.7,2.22108,403.70139
2025-06-17T11:07:35+00:00,745,27.9,78.7,82.5,96.8,2.21603,403.7832
2025-06-17T11:08:25+00:00,746,27.9,79.2,72.5,88.1,2.0219,403.797
2025-06-17T11:09:15+00:00,747,27.9,79.7,72.9,87.6,2.03596,403.77634
2025-06-17T11:10:05+00:00,748,27.9,80.0,74.5,90.7,2.06908,403.49036
2025-06-17T11:10:55+00:00,749,28.0,79.7,75.1,92.5,2.32387,403.56174
2025-06-17T11:11:45+00:00,750,28.0,79.7,77.0,91.0,2.25152,403.6879
2025-06-17T11:12:35+00:00,751,27.9,79.7,74.5,88.9,2.19097,403.73529
2025-06-17T11:13:24+00:00,752,27.9,80.0,76.2,89.1,2.08341,403.74893
2025-06-17T11:14:14+00:00,753,28.0,80.1,71.1,84.7,2.0882,403.77634
2025-06-17T11:15:03+00:00,754,28.0,80.3,70.7,85.0,2.13175,403.73529
2025-06-17T11:15:53+00:00,755,28.0,80.2,69.8,84.0,2.16614,403.71494
2025-06-17T11:16:43+00:00,756,28.0,80.6,68.2,79.9,2.22613,403.72849
2025-06-17T11:17:34+00:00,757,28.0,80.5,69.4,81.8,1.96187,403.73529
2025-06-17T11:18:24+00:00,758,28.0,80.4,66.5,80.5,1.95276,403.70816
2025-06-17T11:19:14+00:00,759,28.0,80.2,65.1,76.9,2.14643,403.72171
2025-06-17T11:20:07+00:00,760,28.0,80.5,68.9,80.7,2.19596,403.68115
2025-06-17T11:20:56+00:00,761,28.0,80.6,67.2,78.2,2.20598,403.66772
2025-06-17T11:21:46+00:00,762,28.0,80.6,66.7,78.4,2.20598,403.72171
2025-06-17T11:22:35+00:00,763,28.0,80.5,66.8,79.2,2.04538,403.71494
2025-06-17T11:23:25+00:00,764,28.0,80.7,65.6,78.9,2.19097,403.64099
2025-06-17T11:24:15+00:00,765,28.0,80.7,70.0,83.6,2.18101,403.64099
2025-06-17T11:25:06+00:00,766,28.0,80.4,73.7,85.2,2.1612,403.70139
2025-06-17T11:25:55+00:00,767,28.0,79.8,69.5,82.5,2.19596,403.68115
2025-06-17T11:26:45+00:00,768,28.0,79.9,65.3,76.1,2.13664,403.72849
2025-06-17T11:27:34+00:00,769,28.0,80.4,66.0,77.8,2.15135,403.72171
2025-06-17T11:28:24+00:00,770,28.0,80.7,63.8,75.2,2.10264,403.70816
2025-06-17T11:29:14+00:00,771,28.0,81.0,64.6,75.9,2.12688,403.68115
2025-06-17T11:30:04+00:00,772,27.9,80.8,66.5,79.6,2.09782,403.66772
2025-06-17T11:30:53+00:00,773,27.9,81.0,66.7,78.5,2.03126,403.67444
2025-06-17T11:31:43+00:00,774,27.9,80.8,65.7,77.3,1.87234,403.7832
2025-06-17T11:32:35+00:00,775,27.9,81.0,67.3,80.0,1.87673,403.70816
2025-06-17T11:33:25+00:00,776,27.9,80.7,66.7,78.5,1.95276,403.6879
2025-06-17T11:34:15+00:00,777,27.8,80.3,70.2,83.1,2.0882,403.70139
2025-06-17T11:35:05+00:00,778,27.8,79.2,70.7,83.8,2.05483,403.71494
2025-06-17T11:35:55+00:00,779,27.9,79.5,65.8,80.0,1.82452,403.74893
2025-06-17T11:36:46+00:00,780,27.9,80.6,67.5,78.6,1.84613,403.7626
2025-06-17T11:37:36+00:00,781,27.9,80.8,64.4,77.9,1.82883,403.69464
2025-06-17T11:38:26+00:00,782,27.8,80.6,68.6,79.7,1.93465,403.7626
2025-06-17T11:39:16+00:00,783,27.8,80.4,68.4,81.5,1.88997,403.74893
2025-06-17T11:40:10+00:00,784,27.8,80.2,67.8,80.2,1.87673,403.69464
2025-06-17T11:41:00+00:00,785,27.8,79.2,64.3,77.7,2.05957,403.71494
2025-06-17T11:41:50+00:00,786,27.9,80.1,62.7,74.8,1.98478,403.69464
2025-06-17T11:42:41+00:00,787,27.9,80.4,63.5,74.0,1.79462,403.64099
2025-06-17T11:43:32+00:00,788,27.9,80.3,59.2,70.0,1.84613,403.65436
2025-06-17T11:44:21+00:00,789,27.9,80.4,61.5,72.3,1.85483,403.64767
2025-06-17T11:45:12+00:00,790,27.9,80.8,58.5,70.3,1.83746,403.62769
2025-06-17T11:46:04+00:00,791,27.9,81.0,59.2,71.2,1.79886,403.66104
2025-06-17T11:47:49+00:00,792,27.9,81.1,61.0,72.7,1.83746,403.62103
2025-06-17T11:48:39+00:00,793,27.8,80.9,60.8,72.1,1.92116,403.61441
2025-06-17T11:49:30+00:00,794,27.8,80.9,59.9,71.6,1.92565,403.64099
2025-06-17T11:50:20+00:00,795,27.8,81.2,59.4,69.4,1.81166,403.64099
2025-06-17T11:51:14+00:00,796,27.8,81.0,62.4,74.4,1.82452,403.6879
2025-06-17T11:52:03+00:00,797,27.8,81.1,60.1,70.8,1.84613,403.60779
2025-06-17T11:52:53+00:00,798,27.8,81.4,58.6,69.3,1.86357,403.69464
2025-06-17T11:53:47+00:00,799,27.8,81.4,57.9,70.4,1.8592,403.62769
2025-06-17T11:54:39+00:00,800,27.8,81.1,60.3,71.7,1.84613,403.68115
2025-06-17T11:55:30+00:00,801,27.8,80.6,55.8,65.4,1.8592,403.63434
2025-06-17T11:56:22+00:00,802,27.9,81.1,57.1,67.8,1.85483,403.64767
2025-06-17T11:57:12+00:00,803,27.9,80.7,58.9,68.7,1.82023,403.57486
2025-06-17T11:58:01+00:00,804,27.9,80.9,54.6,64.9,1.82452,403.58142
2025-06-17T11:58:51+00:00,805,27.9,80.9,54.7,65.3,2.02658,403.52914
2025-06-17T11:59:41+00:00,806,27.9,81.0,55.4,64.6,1.82452,403.60779
2025-06-17T12:00:31+00:00,807,27.9,80.7,57.8,68.6,1.81166,403.5683
2025-06-17T12:01:20+00:00,808,27.9,80.1,53.1,63.3,1.83746,403.54868
2025-06-17T12:02:10+00:00,809,27.9,80.8,52.8,64.1,1.84613,403.61441
2025-06-17T12:02:59+00:00,810,27.9,81.0,53.3,64.2,1.82023,403.52264
2025-06-17T12:04:50+00:00,811,27.9,80.9,51.9,59.4,1.84179,403.52264
2025-06-17T12:06:30+00:00,812,27.8,80.8,55.2,66.4,1.86795,403.5683
2025-06-17T12:07:20+00:00,813,27.7,80.5,55.9,70.1,1.82452,403.5683
2025-06-17T12:08:10+00:00,814,27.7,80.0,56.0,66.7,1.82452,403.63434
2025-06-17T12:08:59+00:00,815,27.7,80.1,57.6,67.8,1.96187,403.54868
2025-06-17T12:09:49+00:00,816,27.7,80.3,55.6,65.5,1.82023,403.57486
2025-06-17T12:10:39+00:00,817,27.7,79.8,58.3,70.6,1.82883,403.59457
2025-06-17T12:11:28+00:00,818,27.7,80.0,54.6,68.7,1.82883,403.60779
2025-06-17T12:12:17+00:00,819,27.7,78.9,59.7,73.7,1.80738,403.5683
2025-06-17T12:13:07+00:00,820,27.7,79.1,57.5,70.0,1.85483,403.67444
2025-06-17T12:14:04+00:00,821,27.7,79.0,53.7,63.6,1.85048,403.61441
2025-06-17T12:14:58+00:00,822,27.7,79.9,54.7,65.8,1.82883,403.58801
2025-06-17T12:15:47+00:00,823,27.7,80.5,53.7,62.2,1.85048,403.58142
2025-06-17T12:16:37+00:00,824,27.7,81.1,54.1,63.3,1.97559,403.6012
2025-06-17T12:18:26+00:00,825,27.6,80.5,54.7,65.0,1.79462,403.58801
2025-06-17T12:19:16+00:00,826,27.6,80.6,56.9,68.1,1.78614,403.57486
2025-06-17T12:20:06+00:00,827,27.7,80.3,54.2,65.2,1.7777,403.54214
2025-06-17T12:20:58+00:00,828,27.7,80.3,53.3,61.9,1.85483,403.58801
2025-06-17T12:21:55+00:00,829,27.7,80.4,57.6,66.3,1.82883,403.52914
2025-06-17T12:22:51+00:00,830,27.6,80.5,54.2,64.6,1.82452,403.57486
2025-06-17T12:23:41+00:00,831,27.6,80.7,53.2,62.0,1.94822,403.52914
2025-06-17T12:24:34+00:00,832,27.5,80.7,54.7,65.5,1.93014,403.52914
2025-06-17T12:25:25+00:00,833,27.6,80.7,53.5,61.8,1.7651,403.4968
2025-06-17T12:26:15+00:00,834,27.5,80.8,51.9,61.6,1.88114,403.50323
2025-06-17T12:27:08+00:00,835,27.5,80.8,52.0,60.2,1.78614,403.53564
2025-06-17T12:27:59+00:00,836,27.6,80.7,54.6,65.6,1.79886,403.5097
2025-06-17T12:28:57+00:00,837,27.6,80.6,53.5,62.6,1.75674,403.54868
2025-06-17T12:30:43+00:00,838,27.7,80.4,54.0,64.7,1.82883,403.52264
2025-06-17T12:32:38+00:00,839,27.8,80.2,50.8,60.8,1.79462,403.53564
2025-06-17T12:33:34+00:00,840,27.7,80.3,52.5,61.4,1.79037,403.54868
2025-06-17T12:34:30+00:00,841,27.7,80.9,51.2,60.2,1.7651,403.52264
2025-06-17T12:35:24+00:00,842,27.6,79.9,50.4,61.1,1.78614,403.50323
2025-06-17T12:36:15+00:00,843,27.6,79.0,48.4,59.4,1.68697,403.47751
2025-06-17T12:37:10+00:00,844,27.7,80.0,49.4,58.5,1.78192,403.52914
2025-06-17T12:38:00+00:00,845,27.7,80.0,50.1,60.0,1.78614,403.51617
2025-06-17T12:38:52+00:00,846,27.7,80.3,47.6,55.7,1.74842,403.50323
2025-06-17T12:39:46+00:00,847,27.7,80.6,48.6,58.9,1.78614,403.49036
2025-06-17T12:40:40+00:00,848,27.8,80.5,49.9,57.5,1.88114,403.47751
2025-06-17T12:41:32+00:00,849,27.8,80.4,48.2,56.2,1.78192,403.47751
2025-06-17T12:43:18+00:00,850,27.7,80.6,48.2,56.9,1.7735,403.5097
2025-06-17T12:44:12+00:00,851,27.7,80.6,48.1,59.8,1.7735,403.54868
2025-06-17T12:45:07+00:00,852,27.7,80.7,46.4,55.5,1.7735,403.50323
2025-06-17T12:45:58+00:00,853,27.7,80.6,48.0,57.5,1.83746,403.54868
2025-06-17T12:46:53+00:00,854,27.7,80.7,46.5,54.9,1.75674,403.51617
2025-06-17T12:48:40+00:00,855,27.7,80.8,46.6,55.8,1.76929,403.52264
2025-06-17T12:49:32+00:00,856,27.8,80.7,46.7,53.3,1.76929,403.4968
2025-06-17T12:50:30+00:00,857,27.7,80.9,46.3,55.2,1.74012,403.4968
2025-06-17T12:51:31+00:00,858,27.8,80.8,46.5,55.4,1.73598,403.46469
2025-06-17T12:52:22+00:00,859,27.8,80.8,45.1,53.2,1.74426,403.4519
2025-06-17T12:53:14+00:00,860,27.8,80.8,47.1,56.4,1.74426,403.45831
2025-06-17T12:54:09+00:00,861,27.8,80.6,45.8,53.1,1.74426,403.4519
2025-06-17T12:55:02+00:00,862,27.8,80.6,46.5,57.8,1.7651,403.48392
2025-06-17T12:56:00+00:00,863,27.7,80.0,46.8,55.2,1.7735,403.52264
2025-06-17T12:56:52+00:00,864,27.7,80.8,45.7,56.0,1.74012,403.47751
2025-06-17T12:57:45+00:00,865,27.7,80.3,45.2,55.8,1.74012,403.47751
2025-06-17T12:58:36+00:00,866,27.7,80.6,45.8,56.9,1.73598,403.4711
2025-06-17T12:59:28+00:00,867,27.7,80.3,46.4,54.9,1.70318,403.48392
2025-06-17T13:00:25+00:00,868,27.7,80.1,45.5,54.9,1.72774,403.48392
2025-06-17T13:01:21+00:00,869,27.7,79.9,45.5,54.5,1.7651,403.45831
2025-06-17T13:02:12+00:00,870,27.7,79.7,45.0,54.1,1.74842,403.49036
2025-06-17T13:03:04+00:00,871,27.6,80.1,44.4,52.1,1.75674,403.45831
2025-06-17T13:03:55+00:00,872,27.7,80.4,44.9,52.9,1.70318,403.47751
2025-06-17T13:04:49+00:00,873,27.7,80.1,44.3,52.7,1.74842,403.49036
2025-06-17T13:05:39+00:00,874,27.7,80.7,44.6,53.6,1.72774,403.48392
2025-06-17T13:06:30+00:00,875,27.7,80.7,45.5,54.0,1.72774,403.46469
2025-06-17T13:07:21+00:00,876,27.6,80.2,43.2,48.5,1.72362,403.42648
2025-06-17T13:09:06+00:00,877,27.6,80.6,43.8,51.7,1.73598,403.48392
2025-06-17T13:09:57+00:00,878,27.6,80.6,43.5,51.5,1.75258,403.44556
2025-06-17T13:11:40+00:00,879,27.7,81.2,43.1,52.3,1.75258,403.43918
2025-06-17T13:12:30+00:00,880,27.7,81.1,42.6,48.6,1.74012,403.4519
2025-06-17T13:13:20+00:00,881,27.7,81.1,42.5,51.5,1.72774,403.42017
2025-06-17T13:14:10+00:00,882,27.7,81.1,40.7,49.8,1.74012,403.42648
2025-06-17T13:15:01+00:00,883,27.7,80.5,43.0,50.9,1.74426,403.48392
2025-06-17T13:15:51+00:00,884,27.7,80.0,41.4,49.8,1.74012,403.44556
2025-06-17T13:16:41+00:00,885,27.6,79.3,41.5,50.6,1.70318,403.35114
2025-06-17T13:17:31+00:00,886,27.6,80.3,41.0,47.7,1.71542,403.36984
2025-06-17T13:18:23+00:00,887,27.6,80.9,41.3,49.5,1.70725,403.43283
2025-06-17T13:19:13+00:00,888,27.7,81.0,42.6,51.4,1.71952,403.34491
2025-06-17T13:20:05+00:00,889,27.7,81.0,41.4,49.4,1.70725,403.32013
2025-06-17T13:21:00+00:00,890,27.7,80.7,41.4,48.8,1.69506,403.27103
2025-06-17T13:21:53+00:00,891,27.7,80.8,42.0,49.9,1.7735,403.44556
2025-06-17T13:22:43+00:00,892,27.7,80.8,40.6,48.2,1.70725,403.43283
2025-06-17T13:23:34+00:00,893,27.7,80.6,41.9,48.4,1.83314,403.40121
2025-06-17T13:24:26+00:00,894,27.7,80.6,40.6,47.7,1.7735,403.42648
2025-06-17T13:25:21+00:00,895,27.7,80.6,41.5,46.6,1.70318,403.42648
2025-06-17T13:26:16+00:00,896,27.8,80.4,40.6,48.3,1.6312,403.40121
2025-06-17T13:27:06+00:00,897,27.7,80.5,40.4,49.3,1.74012,403.4519
2025-06-17T13:28:00+00:00,898,27.7,80.5,41.3,50.4,1.68697,403.34491
2025-06-17T13:28:51+00:00,899,27.8,80.3,41.1,48.2,1.61164,403.35736
2025-06-17T13:29:44+00:00,900,27.8,80.5,40.7,50.2,1.72774,403.38864
2025-06-17T13:30:35+00:00,901,27.8,80.5,39.1,44.9,1.68697,403.33871
2025-06-17T13:31:28+00:00,902,27.8,80.5,39.2,45.5,1.71952,403.25885
2025-06-17T13:33:13+00:00,903,27.8,80.4,41.0,47.8,1.70318,403.27103
2025-06-17T13:34:07+00:00,904,27.8,80.6,40.1,46.7,1.69912,403.35736
2025-06-17T13:35:56+00:00,905,27.7,80.6,40.0,46.9,1.71542,403.32632
2025-06-17T13:36:49+00:00,906,27.8,80.6,39.5,48.6,1.78614,403.41382
2025-06-17T13:37:44+00:00,907,27.7,80.6,41.5,48.1,1.70725,403.35114
2025-06-17T13:38:37+00:00,908,27.7,80.6,40.2,46.6,1.67891,403.43283
2025-06-17T13:39:29+00:00,909,27.8,80.6,39.5,48.2,1.70318,403.43283
2025-06-17T13:40:21+00:00,910,27.8,80.5,39.6,46.2,1.67891,403.40753
2025-06-17T13:41:12+00:00,911,27.8,80.5,40.4,47.6,1.68697,403.27103
2025-06-17T13:42:04+00:00,912,27.8,80.4,39.7,46.4,1.66288,403.32013
2025-06-17T13:42:54+00:00,913,27.8,80.4,38.7,47.3,1.65889,403.36359
2025-06-17T13:43:49+00:00,914,27.7,80.6,39.6,46.1,1.71134,403.36984
2025-06-17T13:44:42+00:00,915,27.7,80.8,39.6,45.9,1.71542,403.46469
2025-06-17T13:45:32+00:00,916,27.6,80.9,40.4,45.4,1.67489,403.43918
2025-06-17T13:46:22+00:00,917,27.6,80.8,39.1,43.9,1.71952,403.47751
2025-06-17T13:48:14+00:00,918,27.6,80.9,38.9,45.1,1.68293,403.44556
2025-06-17T13:49:11+00:00,919,27.6,81.1,39.8,48.2,1.67891,403.43283
2025-06-17T13:50:06+00:00,920,27.6,81.1,39.3,47.0,1.68293,403.41382
2025-06-17T13:50:57+00:00,921,27.6,81.2,39.2,44.9,1.69506,403.46469
2025-06-17T13:52:46+00:00,922,27.7,80.9,39.8,45.7,1.66688,403.42017
2025-06-17T13:53:36+00:00,923,27.7,81.0,41.1,48.0,1.6312,403.48392
2025-06-17T13:54:28+00:00,924,27.7,80.9,39.1,47.5,1.65889,403.4711
2025-06-17T13:55:24+00:00,925,27.7,81.1,38.9,46.7,1.67489,403.44556
2025-06-17T13:56:14+00:00,926,27.7,81.1,39.7,45.7,1.74842,403.36984
2025-06-17T13:57:09+00:00,927,27.6,81.2,38.9,44.3,1.75674,403.3761
2025-06-17T13:58:01+00:00,928,27.6,81.4,40.5,46.7,1.70318,403.47751
2025-06-17T13:59:45+00:00,929,27.6,81.4,40.0,47.4,1.66688,403.46469
2025-06-17T14:00:36+00:00,930,27.7,81.4,39.5,46.4,1.7651,403.44556
2025-06-17T14:02:23+00:00,931,27.7,81.3,39.7,46.0,1.71542,403.4711
2025-06-17T14:03:16+00:00,932,27.7,81.3,39.6,45.0,1.68293,403.43918
2025-06-17T14:04:06+00:00,933,27.6,81.4,39.1,45.4,1.68697,403.48392
2025-06-17T14:04:58+00:00,934,27.6,81.7,38.5,45.4,1.71134,403.50323
2025-06-17T14:05:49+00:00,935,27.7,81.7,39.5,45.0,1.70318,403.4711
2025-06-17T14:06:39+00:00,936,27.7,81.5,40.5,47.4,1.69506,403.45831
2025-06-17T14:07:30+00:00,937,27.7,81.4,38.2,46.1,1.69506,403.43918
2025-06-17T14:08:24+00:00,938,27.7,81.0,39.1,46.1,1.70725,403.47751
2025-06-17T14:09:14+00:00,939,27.6,80.6,38.7,45.8,1.65094,403.48392
2025-06-17T14:10:05+00:00,940,27.7,80.0,40.0,48.2,1.72362,403.4968
2025-06-17T14:10:56+00:00,941,27.7,80.6,41.3,48.2,1.69912,403.49036
2025-06-17T14:11:45+00:00,942,27.6,80.6,44.9,53.2,1.70318,403.48392
2025-06-17T14:12:38+00:00,943,27.6,80.2,43.5,50.7,1.74012,403.4968
2025-06-17T14:13:31+00:00,944,27.6,81.0,53.5,63.2,1.71134,403.4968
2025-06-17T14:14:30+00:00,945,27.6,81.0,66.3,78.8,1.74012,403.48392
2025-06-17T14:15:24+00:00,946,27.6,80.5,81.2,96.1,1.72774,403.48392
2025-06-17T14:16:21+00:00,947,27.6,81.2,138.0,164.0,1.74842,403.5683
2025-06-17T14:17:18+00:00,948,27.6,79.7,171.10001,204.0,1.72362,403.53564
2025-06-17T14:18:10+00:00,949,27.5,80.1,372.79999,428.20001,1.75674,403.5683
2025-06-17T14:19:00+00:00,950,27.4,78.5,387.20001,442.0,1.76929,403.7832
2025-06-17T14:19:51+00:00,951,27.4,77.8,357.0,405.89999,1.8592,403.90875
2025-06-17T14:21:32+00:00,952,27.4,77.1,298.39999,335.60001,1.8944,403.95139
2025-06-17T14:22:22+00:00,953,27.4,77.1,273.5,308.39999,1.92565,404.00879
2025-06-17T14:23:12+00:00,954,27.3,76.8,245.0,278.0,1.90774,403.98718
2025-06-17T14:24:01+00:00,955,27.3,76.7,229.0,263.29999,1.96187,403.98001
2025-06-17T14:24:53+00:00,956,27.3,76.5,216.10001,248.89999,1.91668,403.97284
2025-06-17T14:25:44+00:00,957,27.2,76.5,200.2,233.39999,1.94822,403.94424
2025-06-17T14:26:35+00:00,958,27.2,76.5,189.39999,222.2,1.95731,403.95139
2025-06-17T14:27:25+00:00,959,27.2,76.5,179.3,213.39999,1.98478,403.94424
2025-06-17T14:28:14+00:00,960,27.2,76.5,171.3,201.39999,1.96643,403.90875
2025-06-17T14:29:06+00:00,961,27.3,76.0,171.3,201.7,1.92565,403.90875
2025-06-17T14:29:58+00:00,962,27.2,75.9,161.5,195.7,1.98478,403.92291
2025-06-17T14:30:47+00:00,963,27.3,75.8,159.8,191.10001,1.94822,403.9017
2025-06-17T14:31:38+00:00,964,27.2,76.3,158.7,191.89999,1.98018,403.89465
2025-06-17T14:32:27+00:00,965,27.3,76.8,141.3,172.39999,1.98939,403.8876
2025-06-17T14:33:18+00:00,966,27.5,79.4,141.60001,166.7,2.33436,405.82745
2025-06-17T14:34:07+00:00,967,27.5,78.0,136.10001,159.60001,1.54656,405.30414
2025-06-17T14:34:57+00:00,968,27.4,78.0,129.7,154.89999,1.48361,404.90613
2025-06-17T14:35:46+00:00,969,27.5,78.0,133.60001,159.0,1.49091,404.63873
2025-06-17T14:36:35+00:00,970,27.5,78.9,106.4,127.7,1.53156,404.54968
2025-06-17T14:37:25+00:00,971,27.5,79.6,117.5,138.7,1.49823,404.44632
2025-06-17T14:38:14+00:00,972,27.5,79.6,109.3,131.89999,1.47997,404.42276
2025-06-17T14:39:04+00:00,973,27.5,80.0,110.3,128.60001,1.41921,404.36816
2025-06-17T14:39:56+00:00,974,27.5,80.0,110.8,131.89999,1.44398,404.27588
2025-06-17T14:40:45+00:00,975,27.5,80.2,109.2,129.7,1.37068,404.26068
2025-06-17T14:41:37+00:00,976,27.5,80.3,111.1,129.60001,1.4052,404.21527
2025-06-17T14:42:27+00:00,977,27.6,80.4,112.7,134.2,1.42625,404.18524
2025-06-17T14:45:13+00:00,978,27.5,80.1,119.8,140.5,1.45829,404.09622
2025-06-17T14:46:11+00:00,979,27.5,80.3,119.6,144.3,1.4052,404.06693
2025-06-17T14:47:03+00:00,980,27.5,80.4,119.4,140.39999,1.45112,404.07422
2025-06-17T14:47:56+00:00,981,27.6,80.3,118.6,136.5,1.4691,404.03778
2025-06-17T14:48:48+00:00,982,27.6,80.3,118.5,140.3,1.49091,404.00879
2025-06-17T14:49:43+00:00,983,27.6,80.2,117.6,137.60001,1.4547,403.98718
2025-06-17T14:50:37+00:00,984,27.5,80.3,119.4,140.10001,1.40869,404.03778
2025-06-17T14:51:33+00:00,985,27.6,80.2,118.5,143.2,1.4052,404.00879
2025-06-17T14:52:23+00:00,986,27.6,80.2,120.4,141.2,1.41219,403.97284
2025-06-17T14:53:17+00:00,987,27.6,80.1,119.9,141.3,1.36386,403.93002
2025-06-17T14:54:09+00:00,988,27.6,80.2,116.7,141.0,1.30695,404.02325
2025-06-17T14:55:03+00:00,989,27.6,80.2,116.9,139.0,1.55789,403.95853
2025-06-17T14:55:55+00:00,990,27.6,80.3,115.8,136.39999,1.51297,403.92291
2025-06-17T14:56:46+00:00,991,27.6,80.3,112.9,134.3,1.52039,403.91583
2025-06-17T14:57:40+00:00,992,27.6,80.2,112.0,131.0,1.50191,403.91583
2025-06-17T14:58:33+00:00,993,27.6,80.3,111.8,130.60001,1.53905,403.93002
2025-06-17T14:59:25+00:00,994,27.6,80.2,111.0,131.7,1.51297,403.9017
2025-06-17T15:00:17+00:00,995,27.6,80.2,112.1,132.89999,1.5353,403.84555
2025-06-17T15:01:10+00:00,996,27.6,80.2,108.6,129.8,1.51667,403.91583
2025-06-17T15:02:02+00:00,997,27.6,80.3,109.0,130.39999,1.56168,403.93002
2025-06-17T15:02:59+00:00,998,27.6,80.4,109.9,129.5,1.5353,403.93713
2025-06-17T15:03:52+00:00,999,27.6,80.3,108.4,129.89999,1.55789,403.97284
2025-06-17T15:04:46+00:00,1000,27.6,80.3,109.8,128.89999,1.51297,403.94424
2025-06-17T15:05:39+00:00,1001,27.6,80.4,104.6,121.9,1.53905,403.87354
2025-06-17T15:07:25+00:00,1002,27.6,80.5,101.7,120.3,1.55789,403.90875
2025-06-17T15:08:15+00:00,1003,27.6,80.5,109.1,126.4,1.58458,403.91583
2025-06-17T15:09:11+00:00,1004,27.6,80.4,104.8,123.8,1.5731,403.90875
2025-06-17T15:10:01+00:00,1005,27.5,80.6,101.3,118.6,1.52039,403.89465
2025-06-17T15:10:54+00:00,1006,27.6,80.7,102.8,121.7,1.51667,403.82468
2025-06-17T15:11:43+00:00,1007,27.5,80.7,101.5,118.8,1.52783,403.91583
2025-06-17T15:13:30+00:00,1008,27.5,80.8,101.1,120.9,1.59614,403.85953
2025-06-17T15:14:21+00:00,1009,27.5,80.6,100.4,117.7,1.55789,403.84555
2025-06-17T15:15:11+00:00,1010,27.6,80.6,101.7,120.8,1.54656,403.84555
2025-06-17T15:16:03+00:00,1011,27.6,80.7,98.4,117.4,1.50191,403.7901
2025-06-17T15:16:54+00:00,1012,27.5,80.8,99.1,116.6,1.55033,403.88055
2025-06-17T15:17:46+00:00,1013,27.5,80.2,98.1,115.3,1.59228,403.75577
2025-06-17T15:18:37+00:00,1014,27.4,80.7,94.8,110.6,1.57692,403.7626
2025-06-17T15:19:29+00:00,1015,27.4,80.9,97.4,116.2,1.62335,403.74213
2025-06-17T15:20:25+00:00,1016,27.4,80.8,99.8,117.8,1.66288,403.81082
2025-06-17T15:21:17+00:00,1017,27.4,80.8,99.3,117.2,1.60775,403.74893
2025-06-17T15:22:06+00:00,1018,27.5,80.8,99.0,117.1,1.65094,403.82468
2025-06-17T15:22:56+00:00,1019,27.5,80.7,98.4,118.0,1.61164,403.77634
2025-06-17T15:23:51+00:00,1020,27.5,80.5,96.0,114.3,1.59228,403.70139
2025-06-17T15:24:43+00:00,1021,27.5,80.6,96.7,114.9,1.58458,403.7901
2025-06-17T15:25:33+00:00,1022,27.5,80.5,96.3,112.9,1.60775,403.69464
2025-06-17T15:26:26+00:00,1023,27.4,80.7,97.5,114.6,1.6,403.73529
2025-06-17T15:27:18+00:00,1024,27.4,80.8,95.6,113.6,1.5731,403.82468
2025-06-17T15:28:07+00:00,1025,27.5,80.7,94.4,108.5,1.56929,403.80389
2025-06-17T15:29:07+00:00,1026,27.5,80.6,93.0,110.6,1.61164,403.68115
2025-06-17T15:30:01+00:00,1027,27.5,80.6,92.1,109.0,1.59228,403.64767
2025-06-17T15:30:51+00:00,1028,27.5,80.6,89.1,105.6,1.56929,403.77634
2025-06-17T15:31:44+00:00,1029,27.5,80.8,86.5,102.2,1.62335,403.72171
2025-06-17T15:32:37+00:00,1030,27.5,80.7,86.0,100.6,1.58458,403.66772
2025-06-17T15:33:27+00:00,1031,27.5,80.7,87.9,107.4,1.61164,403.68115
2025-06-17T15:34:19+00:00,1032,27.5,80.6,87.5,102.2,1.58075,403.70816
2025-06-17T15:35:13+00:00,1033,27.5,80.6,84.8,103.2,1.56929,403.70816
2025-06-17T15:36:06+00:00,1034,27.5,80.6,86.3,102.3,1.60775,403.65436
2025-06-17T15:36:55+00:00,1035,27.4,80.8,86.1,100.8,1.58843,403.64767
2025-06-17T15:37:45+00:00,1036,27.5,80.6,87.6,105.4,1.5428,403.70139
2025-06-17T15:38:34+00:00,1037,27.5,80.5,86.3,102.5,1.55033,403.65436
2025-06-17T15:39:23+00:00,1038,27.6,80.5,87.7,105.9,1.56929,403.62769
2025-06-17T15:40:13+00:00,1039,27.6,80.3,87.4,103.1,1.56548,403.62769
2025-06-17T15:41:02+00:00,1040,27.6,80.2,81.9,99.3,1.55033,403.68115
2025-06-17T15:41:52+00:00,1041,27.6,80.2,84.0,100.0,1.5241,403.65436
2025-06-17T15:42:41+00:00,1042,27.6,80.1,85.2,100.7,1.52039,403.58801
2025-06-17T15:43:30+00:00,1043,27.6,80.3,83.9,99.4,1.53156,403.64767
2025-06-17T15:44:20+00:00,1044,27.6,80.3,82.2,98.2,1.5428,403.67444
2025-06-17T15:45:09+00:00,1045,27.6,80.2,83.4,99.0,1.5353,403.62103
2025-06-17T15:45:58+00:00,1046,27.6,80.2,80.8,97.7,1.56168,403.67444
2025-06-17T15:46:48+00:00,1047,27.5,80.3,81.7,95.1,1.50559,403.58142
2025-06-17T15:47:37+00:00,1048,27.6,80.2,81.6,97.1,1.55411,403.63434
2025-06-17T15:48:27+00:00,1049,27.6,80.2,79.7,94.7,1.5241,403.6012
2025-06-17T15:49:16+00:00,1050,27.6,80.2,79.5,93.9,1.5731,403.57486
2025-06-17T15:50:05+00:00,1051,27.6,80.2,78.8,92.0,1.56168,403.6012
2025-06-17T15:50:55+00:00,1052,27.5,80.3,79.6,93.9,1.53905,403.62769
2025-06-17T15:51:44+00:00,1053,27.4,80.5,82.3,98.2,1.55789,403.61441
2025-06-17T15:52:34+00:00,1054,27.4,80.7,80.8,95.9,1.49457,403.58142
2025-06-17T15:53:23+00:00,1055,27.4,80.9,80.7,95.0,1.50559,403.62103
2025-06-17T15:54:13+00:00,1056,27.4,80.7,76.9,94.6,1.51297,403.62769
2025-06-17T15:55:02+00:00,1057,27.5,80.7,74.9,90.2,1.5353,403.56174
2025-06-17T15:55:51+00:00,1058,27.5,80.6,74.9,89.0,1.54656,403.53564
2025-06-17T15:56:41+00:00,1059,27.5,80.7,71.7,87.0,1.5731,403.58142
2025-06-17T15:57:33+00:00,1060,27.5,80.6,72.0,86.7,1.5241,403.56174
2025-06-17T15:58:22+00:00,1061,27.6,80.5,76.2,92.8,1.52039,403.54214
2025-06-17T15:59:12+00:00,1062,27.5,80.3,75.1,87.2,1.50191,403.57486
2025-06-17T16:00:01+00:00,1063,27.5,80.5,72.5,84.9,1.50191,403.52914
2025-06-17T16:00:51+00:00,1064,27.5,80.6,73.4,86.9,1.56168,403.53564
2025-06-17T16:01:40+00:00,1065,27.5,80.5,74.7,88.6,1.52783,403.50323
2025-06-17T16:02:30+00:00,1066,27.5,80.5,74.7,86.9,1.55789,403.54214
2025-06-17T16:03:19+00:00,1067,27.5,80.2,73.5,88.5,1.53156,403.50323
2025-06-17T16:04:08+00:00,1068,27.4,80.7,74.0,87.4,1.53905,403.53564
2025-06-17T16:04:58+00:00,1069,27.4,80.6,76.3,89.2,1.54656,403.59457
2025-06-17T16:05:47+00:00,1070,27.3,80.8,76.4,89.7,1.53156,403.51617
2025-06-17T16:06:36+00:00,1071,27.3,80.9,75.7,90.0,1.56548,403.68115
2025-06-17T16:07:26+00:00,1072,27.3,81.0,76.9,89.9,1.52783,403.57486
2025-06-17T16:08:15+00:00,1073,27.3,81.0,75.4,86.6,1.53905,403.54214
2025-06-17T16:09:04+00:00,1074,27.3,81.1,73.9,89.9,1.54656,403.57486
2025-06-17T16:09:54+00:00,1075,27.3,81.1,74.4,87.3,1.56548,403.54214
2025-06-17T16:10:43+00:00,1076,27.3,81.0,73.3,87.4,1.5353,403.50323
2025-06-17T16:11:33+00:00,1077,27.4,81.1,70.6,83.8,1.61164,403.53564
2025-06-17T16:12:22+00:00,1078,27.4,79.9,73.3,84.3,1.5353,403.48392
2025-06-17T16:13:11+00:00,1079,27.4,80.7,72.0,88.4,1.64698,403.4968
2025-06-17T16:14:01+00:00,1080,27.3,81.0,73.2,86.4,1.58843,403.50323
2025-06-17T16:14:53+00:00,1081,27.3,81.1,72.0,84.6,1.53905,403.4968
2025-06-17T16:15:42+00:00,1082,27.3,81.1,71.0,84.6,1.58075,403.51617
2025-06-17T16:16:31+00:00,1083,27.3,81.1,74.2,85.8,1.52039,403.45831
2025-06-17T16:17:21+00:00,1084,27.3,80.9,70.6,83.6,1.55411,403.53564
2025-06-17T16:18:10+00:00,1085,27.4,81.0,72.6,85.5,1.5353,403.50323
2025-06-17T16:19:02+00:00,1086,27.4,80.7,69.0,83.8,1.56548,403.49036
2025-06-17T16:19:52+00:00,1087,27.4,80.7,70.7,83.0,1.56168,403.51617
2025-06-17T16:20:41+00:00,1088,27.4,80.6,69.8,81.2,1.58458,403.52914
2025-06-17T16:21:31+00:00,1089,27.4,80.6,70.3,79.7,1.55789,403.5097
2025-06-17T16:22:24+00:00,1090,27.3,80.8,65.8,77.7,1.58075,403.48392
2025-06-17T16:23:14+00:00,1091,27.3,80.8,67.0,78.3,1.5731,403.45831
2025-06-17T16:24:03+00:00,1092,27.3,80.8,65.5,76.4,1.55411,403.4968
2025-06-17T16:25:51+00:00,1093,27.3,81.0,64.5,77.3,1.55033,403.43918
2025-06-17T16:26:44+00:00,1094,27.3,81.0,64.2,76.8,1.5428,403.50323
2025-06-17T16:27:33+00:00,1095,27.3,80.9,65.4,78.9,1.5428,403.48392
2025-06-17T16:29:14+00:00,1096,27.2,81.0,63.6,77.2,1.56548,403.44556
2025-06-17T16:30:07+00:00,1097,27.2,81.2,64.0,75.2,1.51297,403.4711
2025-06-17T16:30:56+00:00,1098,27.2,81.0,63.8,76.7,1.52783,403.47751
2025-06-17T16:31:45+00:00,1099,27.2,80.9,62.8,73.3,1.55789,403.44556
2025-06-17T16:32:35+00:00,1100,27.2,81.1,61.5,71.9,1.55411,403.44556
2025-06-17T16:33:24+00:00,1101,27.2,81.1,60.4,70.5,1.49823,403.48392
2025-06-17T16:34:13+00:00,1102,27.2,81.1,60.7,72.7,1.49091,403.46469
2025-06-17T16:35:03+00:00,1103,27.2,80.9,59.2,72.7,1.52039,403.43283
2025-06-17T16:35:57+00:00,1104,27.2,81.0,60.4,72.7,1.50928,403.46469
2025-06-17T16:36:51+00:00,1105,27.2,81.0,60.0,71.3,1.56929,403.46469
2025-06-17T16:37:40+00:00,1106,27.2,81.1,59.5,69.4,1.50928,403.4519
2025-06-17T16:38:32+00:00,1107,27.2,81.0,60.4,70.4,1.50928,403.45831
2025-06-17T16:39:22+00:00,1108,27.2,81.0,59.7,69.3,1.49091,403.43918
2025-06-17T16:40:11+00:00,1109,27.2,81.0,58.1,67.1,1.49091,403.23462
2025-06-17T16:41:01+00:00,1110,27.2,81.1,55.5,65.8,1.47997,403.32632
2025-06-17T16:41:50+00:00,1111,27.2,81.0,57.4,69.8,1.49457,403.41382
2025-06-17T16:42:42+00:00,1112,27.3,80.8,55.8,66.5,1.50191,403.36359
2025-06-17T16:43:32+00:00,1113,27.3,80.8,54.9,65.8,1.48361,403.42017
2025-06-17T16:44:21+00:00,1114,27.2,81.1,56.4,66.0,1.49457,403.35736
2025-06-17T16:45:10+00:00,1115,27.2,81.0,55.6,66.4,1.50191,403.35114
2025-06-17T16:46:00+00:00,1116,27.2,81.1,56.6,65.9,1.50191,403.27103
2025-06-17T16:46:49+00:00,1117,27.2,81.1,54.5,65.9,1.49457,403.42648
2025-06-17T16:47:39+00:00,1118,27.2,81.1,52.2,62.2,1.49457,403.41382
2025-06-17T16:48:28+00:00,1119,27.2,81.0,54.7,65.5,1.50559,403.36359
2025-06-17T16:49:18+00:00,1120,27.2,80.9,54.7,65.0,1.50559,403.35736
2025-06-17T16:50:07+00:00,1121,27.2,81.0,53.6,63.6,1.48361,403.33871
2025-06-17T16:50:57+00:00,1122,27.2,81.0,54.6,66.2,1.49823,403.27103
2025-06-17T16:51:49+00:00,1123,27.2,81.1,51.2,59.5,1.45829,403.26495
2025-06-17T16:52:39+00:00,1124,27.2,81.0,52.1,61.8,1.47271,403.27103
2025-06-17T16:53:29+00:00,1125,27.1,81.1,49.0,58.3,1.45829,403.25885
2025-06-17T16:54:18+00:00,1126,27.2,81.0,51.2,61.1,1.49823,403.26495
2025-06-17T16:55:07+00:00,1127,27.2,80.9,51.6,60.1,1.45112,403.27103
2025-06-17T16:56:00+00:00,1128,27.2,80.9,47.5,57.5,1.48361,403.19852
2025-06-17T16:56:49+00:00,1129,27.3,80.7,50.2,60.0,1.4691,403.22253
2025-06-17T16:57:39+00:00,1130,27.3,80.6,49.5,59.5,1.48361,403.21051
2025-06-17T16:58:31+00:00,1131,27.3,80.7,50.6,58.3,1.47997,403.19254
2025-06-17T16:59:20+00:00,1132,27.3,80.6,49.7,58.9,1.4691,403.2045
2025-06-17T17:00:10+00:00,1133,27.2,80.8,46.9,55.8,1.44042,403.26495
2025-06-17T17:01:00+00:00,1134,27.2,80.8,50.4,59.3,1.47997,403.25885
2025-06-17T17:01:49+00:00,1135,27.2,80.8,49.1,59.1,1.45829,403.22253
2025-06-17T17:02:39+00:00,1136,27.2,80.9,48.9,58.1,1.42272,403.1687
2025-06-17T17:03:28+00:00,1137,27.1,81.0,49.4,59.1,1.47997,403.21051
2025-06-17T17:04:17+00:00,1138,27.1,80.9,47.2,57.5,1.43687,403.23462
2025-06-17T17:05:07+00:00,1139,27.2,80.9,47.1,57.2,1.44042,403.21652
2025-06-17T17:06:00+00:00,1140,27.2,80.9,46.1,55.3,1.44398,403.24066
2025-06-17T17:06:49+00:00,1141,27.2,80.8,45.4,54.9,1.42978,403.25278
2025-06-17T17:07:39+00:00,1142,27.2,80.9,46.1,55.2,1.42625,403.19254
2025-06-17T17:08:28+00:00,1143,27.2,80.8,45.6,54.1,1.41921,403.21652
2025-06-17T17:09:21+00:00,1144,27.2,80.7,45.2,53.6,1.44755,403.15091
2025-06-17T17:10:10+00:00,1145,27.2,80.6,44.7,55.4,1.42625,403.19852
2025-06-17T17:11:00+00:00,1146,27.2,80.6,44.2,51.8,1.42978,403.15091
2025-06-17T17:11:49+00:00,1147,27.2,80.6,43.0,53.5,1.42978,403.17465
2025-06-17T17:12:39+00:00,1148,27.2,80.6,42.4,49.8,1.40869,403.1687
2025-06-17T17:13:28+00:00,1149,27.2,80.5,39.8,47.5,1.49823,403.14499
2025-06-17T17:14:18+00:00,1150,27.2,79.9,43.4,50.9,1.42978,403.17465
2025-06-17T17:15:07+00:00,1151,27.2,80.4,44.6,53.5,1.42272,403.12732
2025-06-17T17:15:57+00:00,1152,27.1,80.7,42.5,50.5,1.36726,403.1687
2025-06-17T17:16:46+00:00,1153,27.1,80.8,43.6,51.9,1.40172,403.1806
2025-06-17T17:17:35+00:00,1154,27.1,80.8,43.4,53.0,1.40172,403.17465
2025-06-17T17:18:25+00:00,1155,27.1,80.9,42.1,52.3,1.41219,403.15683
2025-06-17T17:19:18+00:00,1156,27.1,80.7,41.7,50.1,1.38096,403.15683
2025-06-17T17:20:07+00:00,1157,27.1,80.6,38.2,45.3,1.41921,403.18655
2025-06-17T17:20:56+00:00,1158,27.2,80.5,41.4,50.3,1.36386,403.1156
2025-06-17T17:21:46+00:00,1159,27.2,80.5,41.8,47.5,1.38096,403.14499
2025-06-17T17:22:35+00:00,1160,27.2,80.4,41.7,49.9,1.36045,403.1806
2025-06-17T17:23:24+00:00,1161,27.2,80.4,41.7,49.6,1.35029,403.1687
2025-06-17T17:24:14+00:00,1162,27.1,80.4,40.4,48.8,1.38785,403.14499
2025-06-17T17:25:03+00:00,1163,27.1,80.5,39.8,48.1,1.37753,403.1156
2025-06-17T17:25:53+00:00,1164,27.1,80.5,40.1,47.6,1.39131,403.15683
2025-06-17T17:26:42+00:00,1165,27.1,80.5,39.0,46.8,1.44042,403.13321
2025-06-17T17:27:31+00:00,1166,27.1,80.6,39.1,48.9,1.33349,403.15091
2025-06-17T17:28:21+00:00,1167,27.1,80.5,39.0,47.1,1.37068,403.1391
2025-06-17T17:29:10+00:00,1168,27.1,80.4,38.2,46.4,1.3741,403.10388
2025-06-17T17:29:59+00:00,1169,27.1,80.5,40.1,46.8,1.34692,403.12732
2025-06-17T17:30:49+00:00,1170,27.1,80.5,37.7,45.5,1.3741,403.1391
2025-06-17T17:31:38+00:00,1171,27.1,80.3,38.7,47.8,1.34019,403.10388
2025-06-17T17:32:28+00:00,1172,27.1,80.3,35.7,44.0,1.38785,403.15683
2025-06-17T17:33:17+00:00,1173,27.2,80.2,35.3,42.6,1.37068,403.12146
2025-06-17T17:34:06+00:00,1174,27.3,79.8,35.9,43.8,1.37753,403.09222
2025-06-17T17:34:56+00:00,1175,27.2,79.9,36.4,43.6,1.3741,403.0748
2025-06-17T17:35:45+00:00,1176,27.1,80.1,36.3,42.9,1.40869,403.0748
2025-06-17T17:36:35+00:00,1177,27.1,80.1,34.6,41.2,1.38096,403.02872
2025-06-17T17:37:24+00:00,1178,27.1,80.1,36.1,43.2,1.39824,403.06323
2025-06-17T17:38:13+00:00,1179,27.0,80.3,35.6,44.8,1.3741,403.04019
2025-06-17T17:39:03+00:00,1180,27.0,80.5,34.7,41.2,1.4052,403.03445
2025-06-17T17:39:52+00:00,1181,27.0,80.6,34.4,42.1,1.39477,403.02298
2025-06-17T17:40:42+00:00,1182,26.9,80.7,33.9,41.6,1.39477,403.03445
2025-06-17T17:41:31+00:00,1183,26.9,80.8,34.4,39.8,1.38441,403.0806
2025-06-17T17:42:20+00:00,1184,26.9,80.9,35.2,41.5,1.35706,403.02298
2025-06-17T17:43:10+00:00,1185,26.9,81.0,35.2,42.3,1.3741,403.05743
2025-06-17T17:43:59+00:00,1186,26.9,81.0,35.8,42.7,1.39824,403.0864
2025-06-17T17:44:48+00:00,1187,26.9,80.9,34.2,39.3,1.38096,403.09222
2025-06-17T17:45:38+00:00,1188,27.0,80.8,33.9,39.8,1.41219,403.03445
2025-06-17T17:46:27+00:00,1189,27.0,80.8,35.2,41.3,1.4052,403.069
2025-06-17T17:47:16+00:00,1190,27.0,80.7,34.0,40.4,1.39477,403.06323
2025-06-17T17:48:06+00:00,1191,27.0,80.6,34.0,41.1,1.39477,403.04593
2025-06-17T17:48:55+00:00,1192,27.0,80.6,34.4,41.2,1.37068,403.00589
2025-06-17T17:49:45+00:00,1193,27.1,80.5,34.6,40.9,1.37068,403.04019
2025-06-17T17:50:34+00:00,1194,27.1,80.4,34.2,40.2,1.34692,403.0517
2025-06-17T17:51:23+00:00,1195,27.0,80.5,32.8,38.5,1.38441,402.96628
2025-06-17T17:52:13+00:00,1196,27.0,80.6,33.3,40.1,1.34692,403.01727
2025-06-17T17:53:02+00:00,1197,27.0,80.7,33.5,40.9,1.38096,403.00021
2025-06-17T17:53:51+00:00,1198,27.0,80.7,33.1,38.6,1.35706,402.99454
2025-06-17T17:54:41+00:00,1199,27.0,80.8,32.4,37.3,1.38441,403.0517
2025-06-17T17:55:30+00:00,1200,27.0,80.8,32.5,39.3,1.39477,403.00589
2025-06-17T17:56:19+00:00,1201,26.9,80.8,33.3,40.1,1.30695,403.03445
2025-06-17T17:57:09+00:00,1202,27.0,80.8,31.3,37.2,1.38096,402.97754
2025-06-17T17:57:58+00:00,1203,27.0,80.8,31.9,37.3,1.36386,403.00589
2025-06-17T17:58:48+00:00,1204,27.0,80.7,32.1,38.5,1.35706,403.03445
2025-06-17T17:59:37+00:00,1205,27.0,80.6,31.2,38.1,1.36726,403.01157
2025-06-17T18:00:26+00:00,1206,27.0,80.6,30.4,37.7,1.34692,403.03445
2025-06-17T18:01:16+00:00,1207,27.1,80.4,32.3,38.4,1.33015,403.0517
2025-06-17T18:02:05+00:00,1208,27.1,80.4,31.7,37.9,1.37068,403.02872
2025-06-17T18:02:54+00:00,1209,27.1,80.3,31.2,38.9,1.34019,402.99454
2025-06-17T18:03:44+00:00,1210,27.1,80.3,30.4,38.2,1.39477,402.98322
2025-06-17T18:04:33+00:00,1211,27.1,80.3,31.1,37.7,1.35706,402.95505
2025-06-17T18:05:23+00:00,1212,27.0,80.5,31.0,37.3,1.36045,402.98886
2025-06-17T18:06:12+00:00,1213,27.0,80.4,30.7,38.0,1.33683,403.03445
2025-06-17T18:07:01+00:00,1214,27.0,80.4,30.3,36.9,1.39131,403.02872
2025-06-17T18:07:51+00:00,1215,27.0,80.5,31.1,37.2,1.35029,402.99454
2025-06-17T18:08:40+00:00,1216,27.0,80.5,30.1,36.2,1.36386,402.98322
2025-06-17T18:09:29+00:00,1217,27.1,80.4,30.4,36.7,1.32016,403.03445
2025-06-17T18:10:19+00:00,1218,27.0,80.4,30.7,35.7,1.33349,402.96066
2025-06-17T18:11:08+00:00,1219,27.0,80.5,30.1,36.1,1.34355,403.01157
2025-06-17T18:11:58+00:00,1220,27.0,80.5,29.3,35.5,1.31354,402.98322
2025-06-17T18:12:47+00:00,1221,27.0,80.5,29.1,34.2,1.43332,402.97754
2025-06-17T18:13:37+00:00,1222,27.0,80.6,29.7,35.7,1.36726,402.96628
2025-06-17T18:14:26+00:00,1223,27.0,80.5,29.6,35.8,1.38096,402.97192
2025-06-17T18:15:16+00:00,1224,27.0,80.6,29.0,35.6,1.31354,402.95505
2025-06-17T18:16:05+00:00,1225,27.0,80.6,28.7,35.0,1.36726,402.97754
2025-06-17T18:16:54+00:00,1226,27.0,80.6,28.8,34.6,1.33015,402.96628
2025-06-17T18:17:44+00:00,1227,27.0,80.8,27.5,32.1,1.34692,402.96066
2025-06-17T18:18:34+00:00,1228,26.9,80.8,28.9,35.3,1.31685,402.96628
2025-06-17T18:19:23+00:00,1229,26.9,80.9,28.0,35.0,1.35367,402.91599
2025-06-17T18:20:12+00:00,1230,26.9,81.1,27.9,32.2,1.35367,402.97192
2025-06-17T18:21:02+00:00,1231,26.9,81.1,27.9,33.6,1.33683,402.93826
2025-06-17T18:21:51+00:00,1232,26.9,81.0,27.5,33.1,1.31685,402.89938
2025-06-17T18:22:40+00:00,1233,26.9,81.1,27.9,33.9,1.30695,402.83371
2025-06-17T18:23:30+00:00,1234,26.9,81.0,27.9,33.3,1.31024,402.96066
2025-06-17T18:24:19+00:00,1235,26.9,81.1,27.2,33.8,1.33015,402.90491
2025-06-17T18:25:09+00:00,1236,26.9,81.2,27.3,32.7,1.30038,402.89938
2025-06-17T18:25:58+00:00,1237,26.8,81.2,26.7,32.6,1.30366,402.93826
2025-06-17T18:26:47+00:00,1238,26.8,81.2,26.7,31.8,1.32016,402.90491
2025-06-17T18:27:37+00:00,1239,26.8,81.2,26.5,31.9,1.32016,402.91043
2025-06-17T18:28:26+00:00,1240,26.8,81.1,25.5,31.4,1.34692,402.93826
2025-06-17T18:29:16+00:00,1241,26.8,81.2,26.2,29.5,1.29058,402.91043
2025-06-17T18:30:07+00:00,1242,26.8,81.2,25.7,30.8,1.33683,402.92709
2025-06-17T18:30:57+00:00,1243,26.8,81.2,25.7,32.1,1.28083,402.82831
2025-06-17T18:31:47+00:00,1244,26.8,81.2,25.6,30.0,1.31354,402.89938
2025-06-17T18:32:36+00:00,1245,26.8,81.2,25.4,30.6,1.32349,402.91599
2025-06-17T18:33:26+00:00,1246,26.8,81.2,25.6,31.6,1.32016,402.88834
2025-06-17T18:34:15+00:00,1247,26.8,81.2,24.9,30.4,1.29058,402.91043
2025-06-17T18:35:04+00:00,1248,26.8,81.1,24.9,29.6,1.30366,402.88834
2025-06-17T18:35:54+00:00,1249,26.8,81.2,25.1,29.3,1.29711,402.86639
2025-06-17T18:36:46+00:00,1250,26.8,81.2,25.1,30.0,1.30695,402.89386
2025-06-17T18:37:35+00:00,1251,26.8,81.1,24.8,30.4,1.31024,402.91043
2025-06-17T18:38:25+00:00,1252,26.9,80.9,24.3,29.1,1.28407,402.93826
2025-06-17T18:39:15+00:00,1253,26.9,80.8,25.1,30.3,1.30366,402.91043
2025-06-17T18:40:04+00:00,1254,27.0,80.5,24.0,30.2,1.32349,402.91599
2025-06-17T18:40:54+00:00,1255,27.0,80.3,24.0,29.0,1.31024,402.88284
2025-06-17T18:41:43+00:00,1256,27.0,79.9,23.7,29.0,1.30695,402.91043
2025-06-17T18:42:32+00:00,1257,26.9,80.5,23.6,27.5,1.29058,402.97754
2025-06-17T18:43:22+00:00,1258,26.9,80.7,24.3,29.5,1.30366,402.91043
2025-06-17T18:44:11+00:00,1259,26.9,80.6,24.1,28.7,1.27437,402.89386
2025-06-17T18:45:01+00:00,1260,26.9,80.5,23.5,28.7,1.34692,402.91599
2025-06-17T18:45:50+00:00,1261,27.0,80.4,23.3,27.4,1.29058,402.97192
2025-06-17T18:46:40+00:00,1262,27.0,80.2,24.5,28.4,1.32016,402.91043
2025-06-17T18:47:32+00:00,1263,27.0,80.2,24.8,29.9,1.29058,402.89386
2025-06-17T18:48:21+00:00,1264,26.9,80.2,23.8,29.3,1.29711,402.90491
2025-06-17T18:49:11+00:00,1265,26.9,80.4,24.1,28.1,1.32681,402.87735
2025-06-17T18:50:01+00:00,1266,26.9,80.5,23.4,29.1,1.28732,402.92154
2025-06-17T18:50:51+00:00,1267,26.9,80.5,23.7,28.4,1.28732,402.93268
2025-06-17T18:51:40+00:00,1268,26.9,80.5,23.5,27.9,1.32016,402.91043
2025-06-17T18:52:29+00:00,1269,26.9,80.4,23.3,29.8,1.30695,402.94943
2025-06-17T18:53:19+00:00,1270,26.8,80.4,23.9,28.4,1.30366,402.91599
2025-06-17T18:54:08+00:00,1271,26.9,80.3,23.4,28.8,1.34019,402.90491
2025-06-17T18:54:58+00:00,1272,26.9,80.3,21.1,24.6,1.30038,402.97192
2025-06-17T18:55:47+00:00,1273,26.9,80.1,23.1,28.4,1.30366,402.89938
2025-06-17T18:56:36+00:00,1274,26.9,80.0,23.1,27.9,1.30038,402.92154
2025-06-17T18:57:26+00:00,1275,26.9,80.0,22.5,26.5,1.28083,402.93268
2025-06-17T18:58:15+00:00,1276,26.9,80.0,23.1,28.2,1.33015,402.93826
2025-06-17T18:59:05+00:00,1277,26.9,80.0,22.8,27.5,1.30695,402.89386
2025-06-17T18:59:54+00:00,1278,26.9,80.0,22.7,27.9,1.30038,402.91599
2025-06-17T19:00:44+00:00,1279,26.9,80.0,22.5,27.8,1.30366,402.90491
2025-06-17T19:01:33+00:00,1280,26.9,79.9,22.4,27.4,1.30038,402.93826
2025-06-17T19:02:22+00:00,1281,27.0,79.8,20.8,24.4,1.32349,402.93826
2025-06-17T19:03:12+00:00,1282,27.0,79.8,21.9,28.5,1.29058,402.91043
2025-06-17T19:04:01+00:00,1283,27.0,79.6,22.0,26.6,1.31024,402.93826
2025-06-17T19:04:51+00:00,1284,27.0,79.6,21.3,26.4,1.23928,402.94943
2025-06-17T19:05:40+00:00,1285,27.0,79.7,21.5,28.1,1.30038,402.94943
2025-06-17T19:06:29+00:00,1286,27.0,79.5,21.6,26.6,1.26472,402.94385
2025-06-17T19:07:19+00:00,1287,27.0,79.5,21.5,25.3,1.24877,402.89386
2025-06-17T19:08:08+00:00,1288,27.0,79.5,21.2,27.9,1.29711,403.00021
2025-06-17T19:09:53+00:00,1289,27.0,79.4,21.5,25.2,1.29384,402.87735
2025-06-17T19:10:43+00:00,1290,27.0,79.5,21.5,26.5,1.29711,402.94943
2025-06-17T19:12:35+00:00,1291,27.1,79.4,20.4,24.1,1.29058,402.87186
2025-06-17T19:13:28+00:00,1292,27.0,79.4,20.7,24.8,1.29711,402.92154
2025-06-17T19:14:17+00:00,1293,27.0,79.4,20.9,24.8,1.31024,402.90491
2025-06-17T19:15:07+00:00,1294,27.0,79.4,20.3,24.9,1.27115,402.95505
2025-06-17T19:15:57+00:00,1295,27.0,79.4,20.0,23.9,1.2776,402.97192
2025-06-17T19:16:47+00:00,1296,27.0,79.4,19.6,23.9,1.29711,402.92709
2025-06-17T19:17:36+00:00,1297,27.0,79.2,19.8,23.3,1.30038,402.94385
2025-06-17T19:18:25+00:00,1298,27.0,79.4,19.9,23.3,1.29058,402.92709
2025-06-17T19:19:15+00:00,1299,27.0,79.3,21.0,25.7,1.28732,402.93268
2025-06-17T19:20:04+00:00,1300,27.0,79.4,20.3,24.3,1.28732,402.92154
2025-06-17T19:20:56+00:00,1301,27.0,79.3,19.9,24.6,1.30038,402.94385
2025-06-17T19:21:48+00:00,1302,27.0,79.3,19.6,22.0,1.28407,402.89938
2025-06-17T19:22:40+00:00,1303,27.0,79.2,18.9,21.8,1.31024,402.94385
2025-06-17T19:23:34+00:00,1304,27.0,79.0,19.1,22.3,1.30695,402.89386
2025-06-17T19:24:25+00:00,1305,27.0,79.0,19.1,24.1,1.30695,402.92709
2025-06-17T19:25:19+00:00,1306,27.1,79.0,18.8,23.2,1.34692,402.92154
2025-06-17T19:26:08+00:00,1307,27.1,79.0,19.1,23.5,1.34355,402.89386
2025-06-17T19:26:58+00:00,1308,27.1,79.0,19.6,24.1,1.27437,402.89938
2025-06-17T19:27:50+00:00,1309,27.0,79.0,18.1,22.5,1.31685,402.93268
2025-06-17T19:28:45+00:00,1310,27.0,78.6,18.6,22.2,1.29058,402.92154
2025-06-17T19:29:34+00:00,1311,27.0,78.7,18.7,21.8,1.29384,402.91599
2025-06-17T19:30:24+00:00,1312,27.0,78.7,18.1,21.4,1.31354,402.91043
2025-06-17T19:31:13+00:00,1313,27.0,78.9,17.4,22.4,1.30366,402.92154
2025-06-17T19:32:02+00:00,1314,27.0,78.9,18.3,22.0,1.34019,402.89938
2025-06-17T19:32:52+00:00,1315,27.0,78.9,18.5,21.7,1.38096,402.89938
2025-06-17T19:33:41+00:00,1316,27.0,79.0,17.3,21.4,1.39131,402.92709
2025-06-17T19:34:31+00:00,1317,27.0,78.8,17.5,21.1,1.39131,402.92154
2025-06-17T19:35:20+00:00,1318,27.0,78.7,16.9,19.9,1.40172,402.92709
2025-06-17T19:36:09+00:00,1319,27.0,78.7,17.5,20.4,1.38785,402.87735
2025-06-17T19:36:59+00:00,1320,27.0,78.6,16.9,20.0,1.36386,402.89386
2025-06-17T19:37:49+00:00,1321,27.0,78.4,17.2,19.9,1.31685,402.86093
2025-06-17T19:38:38+00:00,1322,27.0,78.6,16.3,18.9,1.3741,402.85547
2025-06-17T19:39:27+00:00,1323,26.9,78.2,17.2,20.4,1.33683,402.91043
2025-06-17T19:40:17+00:00,1324,26.9,78.5,18.0,22.0,1.32681,402.90491
2025-06-17T19:41:06+00:00,1325,27.0,78.4,17.7,21.8,1.34355,402.89386
2025-06-17T19:41:56+00:00,1326,27.0,78.5,17.4,20.8,1.29058,402.91043
2025-06-17T19:42:45+00:00,1327,27.0,78.5,16.0,19.1,1.35029,402.91599
2025-06-17T19:43:35+00:00,1328,27.0,78.3,16.7,19.6,1.3741,402.94943
2025-06-17T19:44:24+00:00,1329,27.0,78.3,16.4,20.3,1.33683,402.90491
2025-06-17T19:45:13+00:00,1330,26.9,78.5,17.0,20.2,1.38441,402.88834
2025-06-17T19:46:03+00:00,1331,26.9,78.6,16.0,19.1,1.3741,402.86639
2025-06-17T19:46:55+00:00,1332,26.9,78.6,15.6,18.6,1.34019,402.89386
2025-06-17T19:47:44+00:00,1333,26.9,78.3,16.5,19.7,1.38441,402.93826
2025-06-17T19:48:34+00:00,1334,26.9,78.5,15.3,18.5,1.38441,402.90491
2025-06-17T19:49:23+00:00,1335,27.0,78.4,15.8,18.8,1.38096,402.91043
2025-06-17T19:50:12+00:00,1336,27.0,77.7,15.6,18.5,1.38096,402.86639
2025-06-17T19:51:02+00:00,1337,27.0,77.9,15.5,19.1,1.34692,402.92709
2025-06-17T19:51:51+00:00,1338,27.0,78.3,15.6,20.2,1.37068,402.87735
2025-06-17T19:52:40+00:00,1339,27.0,78.2,15.4,19.6,1.30366,402.87735
2025-06-17T19:53:30+00:00,1340,26.9,78.3,16.1,19.2,1.36386,402.82288
2025-06-17T19:54:19+00:00,1341,26.9,78.3,16.2,19.7,1.3741,402.85001
2025-06-17T19:55:10+00:00,1342,26.9,78.3,14.8,17.9,1.35706,402.77994
2025-06-17T19:55:59+00:00,1343,26.9,77.6,15.2,19.0,1.36045,402.89386
2025-06-17T19:56:48+00:00,1344,26.9,78.0,14.4,17.2,1.34355,402.87735
2025-06-17T19:57:38+00:00,1345,26.9,77.6,14.6,18.3,1.35029,402.8067
2025-06-17T19:58:28+00:00,1346,26.8,78.5,14.7,17.0,1.37068,402.91043
2025-06-17T19:59:17+00:00,1347,26.8,78.6,14.5,17.4,1.31354,402.89938
2025-06-17T20:00:06+00:00,1348,26.9,78.5,15.4,20.7,1.34692,402.86639
2025-06-17T20:00:56+00:00,1349,26.9,78.3,14.9,18.3,1.32016,402.85001
2025-06-17T20:01:45+00:00,1350,26.9,78.3,14.8,18.6,1.32681,402.91043
2025-06-17T20:02:35+00:00,1351,26.9,78.2,15.0,17.7,1.32349,402.86639
2025-06-17T20:03:24+00:00,1352,26.9,78.2,14.5,18.1,1.34355,402.90491
2025-06-17T20:04:13+00:00,1353,26.9,78.1,15.0,17.2,1.35706,402.92154
2025-06-17T20:05:03+00:00,1354,26.9,78.1,14.2,16.3,1.32681,402.93268
2025-06-17T20:05:52+00:00,1355,26.9,78.1,14.3,17.7,1.36726,402.95505
2025-06-17T20:06:41+00:00,1356,26.9,77.8,15.0,18.9,1.34355,402.88284
2025-06-17T20:07:31+00:00,1357,26.9,78.4,13.7,16.7,1.33349,402.89938
2025-06-17T20:08:20+00:00,1358,26.8,78.0,14.4,17.6,1.36386,402.87186
2025-06-17T20:09:09+00:00,1359,26.8,77.9,14.2,17.1,1.35367,402.86639
2025-06-17T20:09:59+00:00,1360,26.8,78.1,13.9,17.4,1.29384,402.90491
2025-06-17T20:10:50+00:00,1361,26.8,77.8,13.7,16.9,1.34019,402.87735
2025-06-17T20:11:40+00:00,1362,26.8,78.0,13.3,16.9,1.41569,402.84457
2025-06-17T20:12:30+00:00,1363,26.9,77.3,13.8,15.8,1.31685,402.83914
2025-06-17T20:13:21+00:00,1364,26.9,77.6,13.3,17.8,1.32016,402.91599
2025-06-17T20:14:10+00:00,1365,26.9,77.4,13.7,16.8,1.39131,402.84457
2025-06-17T20:14:59+00:00,1366,26.8,77.7,13.4,16.2,1.31024,402.80133
2025-06-17T20:15:49+00:00,1367,26.8,77.9,13.7,16.6,1.28083,402.88284
2025-06-17T20:16:41+00:00,1368,26.7,78.1,13.1,15.6,1.35367,402.82831
2025-06-17T20:17:30+00:00,1369,26.7,77.6,13.0,16.0,1.30038,402.85547
2025-06-17T20:18:20+00:00,1370,26.7,78.0,13.7,16.3,1.29711,402.91043
2025-06-17T20:19:09+00:00,1371,26.7,78.2,13.1,16.6,1.30366,402.89386
2025-06-17T20:19:58+00:00,1372,26.7,77.7,12.7,15.5,1.36045,402.87735
2025-06-17T20:20:48+00:00,1373,26.7,78.1,12.6,14.9,1.30366,402.86093
2025-06-17T20:21:37+00:00,1374,26.8,78.0,13.1,16.5,1.32349,402.85547
2025-06-17T20:22:26+00:00,1375,26.8,78.0,13.4,15.8,1.32349,402.87186
2025-06-17T20:23:16+00:00,1376,26.8,78.0,13.4,16.2,1.31354,402.86093
2025-06-17T20:24:05+00:00,1377,26.8,78.0,13.3,15.8,1.31024,402.87735
2025-06-17T20:24:54+00:00,1378,26.8,78.0,13.2,16.9,1.33015,402.89386
2025-06-17T20:25:44+00:00,1379,26.8,77.7,13.8,16.0,1.36045,402.92154
2025-06-17T20:26:33+00:00,1380,26.8,77.6,12.5,14.4,1.34692,402.91043
2025-06-17T20:27:22+00:00,1381,26.8,77.3,13.3,14.9,1.32681,402.92154
2025-06-17T20:28:12+00:00,1382,26.7,77.7,13.9,17.3,1.29058,402.85001
2025-06-17T20:29:01+00:00,1383,26.7,77.5,13.2,16.2,1.32681,402.92154
2025-06-17T20:29:51+00:00,1384,26.6,77.7,13.0,15.3,1.31024,402.87186
2025-06-17T20:30:40+00:00,1385,26.6,77.8,12.7,14.2,1.29384,402.90491
2025-06-17T20:31:29+00:00,1386,26.6,77.9,13.6,17.2,1.30695,402.88834
2025-06-17T20:32:19+00:00,1387,26.6,77.7,14.0,18.4,1.28732,402.91043
2025-06-17T20:33:08+00:00,1388,26.7,77.8,13.5,16.2,1.31354,402.88834
2025-06-17T20:33:58+00:00,1389,26.7,77.7,12.9,16.9,1.31685,402.89386
2025-06-17T20:34:47+00:00,1390,26.7,77.7,13.0,15.7,1.25832,402.96066
2025-06-17T20:35:36+00:00,1391,26.7,77.5,12.8,15.4,1.30695,402.95505
2025-06-17T20:36:25+00:00,1392,26.7,77.6,12.8,14.8,1.29058,402.92154
2025-06-17T20:37:15+00:00,1393,26.7,77.6,13.4,16.4,1.30695,402.83914
2025-06-17T20:38:04+00:00,1394,26.7,77.4,12.1,15.0,1.2776,402.90491
2025-06-17T20:38:54+00:00,1395,26.7,77.4,12.2,14.2,1.28083,402.89386
2025-06-17T20:39:43+00:00,1396,26.7,77.4,12.5,15.1,1.2776,402.88834
2025-06-17T20:40:32+00:00,1397,26.6,77.5,13.0,15.2,1.31024,402.89938
2025-06-17T20:41:22+00:00,1398,26.7,77.5,12.6,14.1,1.28732,402.89938
2025-06-17T20:42:11+00:00,1399,26.7,77.4,12.6,15.5,1.29711,402.93268
2025-06-17T20:43:00+00:00,1400,26.7,77.4,12.3,14.4,1.28732,402.92154
2025-06-17T20:43:50+00:00,1401,26.7,77.5,12.8,15.4,1.29058,402.90491
2025-06-17T20:44:39+00:00,1402,26.7,77.4,12.2,14.8,1.32349,402.89938
2025-06-17T20:45:29+00:00,1403,26.7,77.4,12.5,15.0,1.30695,402.93268
2025-06-17T20:46:18+00:00,1404,26.7,77.4,12.7,14.7,1.32349,402.92709
2025-06-17T20:47:07+00:00,1405,26.7,77.3,13.0,15.2,1.30695,402.93826
2025-06-17T20:47:57+00:00,1406,26.7,77.0,11.9,15.6,1.25832,402.88834
2025-06-17T20:48:46+00:00,1407,26.7,77.1,12.2,14.1,1.29058,402.89386
2025-06-17T20:49:35+00:00,1408,26.7,77.2,11.7,13.9,1.32681,402.87186
2025-06-17T20:50:25+00:00,1409,26.7,77.3,12.5,14.8,1.33683,402.91043
2025-06-17T20:51:14+00:00,1410,26.7,77.3,12.1,14.6,1.31685,402.86639
2025-06-17T20:52:04+00:00,1411,26.7,77.1,12.1,14.6,1.30038,402.89938
2025-06-17T20:52:53+00:00,1412,26.7,77.1,12.3,14.6,1.28732,402.89386
2025-06-17T20:53:42+00:00,1413,26.8,77.0,11.6,13.5,1.30038,402.91599
2025-06-17T20:54:32+00:00,1414,26.8,76.9,11.6,13.3,1.35367,402.96066
2025-06-17T20:55:21+00:00,1415,26.7,76.9,11.2,14.7,1.30695,402.91599
2025-06-17T20:56:10+00:00,1416,26.7,77.0,11.9,14.7,1.32681,402.91043
2025-06-17T20:57:00+00:00,1417,26.7,76.8,11.5,14.0,1.29711,402.96628
2025-06-17T20:57:49+00:00,1418,26.7,77.0,11.5,13.8,1.31685,402.91599
2025-06-17T20:58:41+00:00,1419,26.7,77.0,11.8,13.7,1.35706,402.92154
2025-06-17T20:59:31+00:00,1420,26.7,77.0,11.2,13.0,1.29711,402.93268
2025-06-17T21:00:20+00:00,1421,26.7,77.0,11.0,12.4,1.31354,402.91599
2025-06-17T21:01:09+00:00,1422,26.7,77.0,11.4,13.7,1.29058,402.92709
2025-06-17T21:01:59+00:00,1423,26.7,77.0,10.9,13.0,1.31024,402.91043
2025-06-17T21:02:48+00:00,1424,26.7,76.9,11.5,13.5,1.31685,402.93826
2025-06-17T21:03:37+00:00,1425,26.7,76.8,11.4,13.6,1.29384,402.89938
2025-06-17T21:04:27+00:00,1426,26.7,77.0,11.7,14.4,1.35367,402.92154
2025-06-17T21:05:16+00:00,1427,26.7,76.8,10.9,13.0,1.2776,402.94385
2025-06-17T21:06:06+00:00,1428,26.7,76.8,11.3,13.1,1.30695,402.90491
2025-06-17T21:06:55+00:00,1429,26.7,76.8,11.2,13.4,1.31354,402.91599
2025-06-17T21:07:44+00:00,1430,26.7,76.7,10.9,12.2,1.31024,402.89386
2025-06-17T21:08:34+00:00,1431,26.7,76.7,10.8,13.5,1.29384,402.93268
2025-06-17T21:09:23+00:00,1432,26.6,76.8,11.4,13.4,1.29058,402.92709
2025-06-17T21:10:12+00:00,1433,26.6,76.9,11.5,14.3,1.27115,402.88834
2025-06-17T21:11:02+00:00,1434,26.7,77.0,10.9,13.2,1.30695,402.91599
2025-06-17T21:11:51+00:00,1435,26.7,76.9,10.3,11.8,1.31354,402.94385
2025-06-17T21:12:40+00:00,1436,26.7,76.8,11.6,14.4,1.28407,402.89938
2025-06-17T21:13:30+00:00,1437,26.7,76.9,11.7,14.4,1.2776,402.90491
2025-06-17T21:14:19+00:00,1438,26.7,76.8,11.0,14.0,1.29384,402.91599
2025-06-17T21:15:08+00:00,1439,26.7,76.8,11.5,15.5,1.28083,402.89938
2025-06-17T21:15:58+00:00,1440,26.7,76.8,11.2,14.4,1.29384,402.92154
2025-06-17T21:16:47+00:00,1441,26.7,76.9,11.1,14.1,1.32016,402.85547
2025-06-17T21:17:37+00:00,1442,26.7,76.9,11.0,13.8,1.31024,402.87186
2025-06-17T21:18:26+00:00,1443,26.7,76.9,11.3,13.5,1.29058,402.91599
2025-06-17T21:19:15+00:00,1444,26.7,77.0,10.6,13.3,1.28732,402.92154
2025-06-17T21:20:05+00:00,1445,26.7,76.9,11.3,15.4,1.30695,402.90491
2025-06-17T21:20:58+00:00,1446,26.8,76.8,11.4,14.1,1.29058,402.90491
2025-06-17T21:21:47+00:00,1447,26.8,77.0,11.6,14.9,1.30038,402.86639
2025-06-17T21:22:36+00:00,1448,26.7,77.0,11.2,14.5,1.28083,402.88284
2025-06-17T21:23:26+00:00,1449,26.7,77.1,10.6,13.3,1.28407,402.88834
2025-06-17T21:24:15+00:00,1450,26.7,76.8,10.5,13.3,1.29711,402.89386
2025-06-17T21:25:09+00:00,1451,26.7,77.0,11.4,13.8,1.30038,402.88834
2025-06-17T21:26:02+00:00,1452,26.7,76.8,11.2,14.6,1.28407,402.90491
2025-06-17T21:26:51+00:00,1453,26.7,77.0,11.4,14.3,1.28083,402.88284
2025-06-17T21:27:40+00:00,1454,26.7,77.0,11.3,14.5,1.31354,402.91599
2025-06-17T21:28:30+00:00,1455,26.7,77.0,11.4,14.5,1.30366,402.90491
2025-06-17T21:29:19+00:00,1456,26.7,77.0,11.4,14.1,1.28732,402.93268
2025-06-17T21:30:09+00:00,1457,26.7,77.0,11.5,16.0,1.31354,402.87735
2025-06-17T21:30:58+00:00,1458,26.7,77.2,11.2,13.6,1.31354,402.88284
2025-06-17T21:31:48+00:00,1459,26.7,77.3,11.5,13.6,1.24877,402.88834
2025-06-17T21:32:37+00:00,1460,26.7,76.9,11.1,14.0,1.28083,402.87735
2025-06-17T21:33:26+00:00,1461,26.7,76.8,11.6,14.9,1.28732,402.89386
2025-06-17T21:34:16+00:00,1462,26.7,77.0,11.3,13.4,1.28083,402.88284
2025-06-17T21:35:05+00:00,1463,26.7,76.6,11.9,14.4,1.28407,402.88834
2025-06-17T21:35:54+00:00,1464,26.7,77.0,11.5,14.6,1.26472,402.84457
2025-06-17T21:36:44+00:00,1465,26.7,76.5,11.2,15.3,1.27437,402.85001
2025-06-17T21:37:33+00:00,1466,26.7,76.5,11.6,14.9,1.29711,402.91599
2025-06-17T21:38:23+00:00,1467,26.7,77.1,10.9,15.4,1.28407,402.89938
2025-06-17T21:39:12+00:00,1468,26.7,77.1,11.9,15.5,1.28732,402.91599
2025-06-17T21:40:01+00:00,1469,26.7,76.8,11.6,14.9,1.29058,402.83371
2025-06-17T21:40:51+00:00,1470,26.7,76.7,11.8,17.6,1.28083,402.86639
2025-06-17T21:41:40+00:00,1471,26.7,77.0,11.1,14.9,1.31354,402.88284
2025-06-17T21:42:29+00:00,1472,26.7,76.4,11.0,14.4,1.31354,402.91043
2025-06-17T21:43:19+00:00,1473,26.7,76.7,10.8,15.3,1.28407,402.88284
2025-06-17T21:44:08+00:00,1474,26.6,76.9,11.5,16.3,1.27115,402.84457
2025-06-17T21:44:57+00:00,1475,26.7,77.0,11.9,15.6,1.28083,402.89386
2025-06-17T21:45:47+00:00,1476,26.7,76.7,11.4,14.3,1.34692,402.91599
2025-06-17T21:46:36+00:00,1477,26.6,76.9,11.6,14.3,1.29384,402.88284
2025-06-17T21:47:26+00:00,1478,26.6,76.7,11.6,15.5,1.33015,402.89386
2025-06-17T21:48:15+00:00,1479,26.6,76.7,11.3,13.7,1.29384,402.89938
2025-06-17T21:49:04+00:00,1480,26.6,76.9,11.1,15.3,1.29711,402.86093
2025-06-17T21:49:54+00:00,1481,26.6,76.9,11.9,15.5,1.30038,402.84457
2025-06-17T21:50:43+00:00,1482,26.6,76.4,11.3,15.0,1.26793,402.90491
2025-06-17T21:51:32+00:00,1483,26.6,76.6,11.5,15.5,1.27115,402.82288
2025-06-17T21:52:22+00:00,1484,26.6,77.1,11.9,16.6,1.30038,402.81747
2025-06-17T21:53:11+00:00,1485,26.7,77.0,11.7,14.3,1.28083,402.86639
2025-06-17T21:54:00+00:00,1486,26.7,76.9,12.3,16.3,1.29711,402.89386
2025-06-17T21:54:50+00:00,1487,26.7,76.8,12.2,16.6,1.29384,402.8121
2025-06-17T21:55:39+00:00,1488,26.7,76.5,10.9,14.7,1.27115,402.88284
2025-06-17T21:56:28+00:00,1489,26.7,76.3,10.9,14.9,1.27437,402.87735
2025-06-17T21:57:18+00:00,1490,26.6,76.7,11.1,14.6,1.27115,402.87735
2025-06-17T21:58:07+00:00,1491,26.6,77.0,11.3,14.9,1.27115,402.81747
2025-06-17T21:58:57+00:00,1492,26.6,77.0,11.6,15.7,1.28407,402.86093
2025-06-17T21:59:46+00:00,1493,26.7,77.0,11.9,16.7,1.27115,402.85547
2025-06-17T22:00:35+00:00,1494,26.6,77.0,11.8,15.2,1.2456,402.86639
2025-06-17T22:01:28+00:00,1495,26.6,76.5,12.0,18.2,1.26472,402.89386
2025-06-17T22:02:17+00:00,1496,26.6,76.8,12.2,16.2,1.26152,402.86639
2025-06-17T22:03:06+00:00,1497,26.6,76.6,11.9,16.1,1.2776,402.89386
2025-06-17T22:03:56+00:00,1498,26.6,76.0,11.2,14.6,1.2456,402.85547
2025-06-17T22:04:45+00:00,1499,26.5,76.4,11.1,14.2,1.32681,402.87735
2025-06-17T22:05:35+00:00,1500,26.5,76.9,10.9,15.0,1.26472,402.86639
2025-06-17T22:06:24+00:00,1501,26.5,76.7,11.0,14.7,1.27115,402.86639
2025-06-17T22:07:13+00:00,1502,26.5,76.4,11.6,15.6,1.22047,402.85001
2025-06-17T22:08:03+00:00,1503,26.5,76.7,12.2,16.0,1.26793,402.88284
2025-06-17T22:08:52+00:00,1504,26.5,76.8,11.1,15.5,1.26793,402.83914
2025-06-17T22:09:41+00:00,1505,26.5,76.9,11.8,15.2,1.24877,402.83914
2025-06-17T22:10:31+00:00,1506,26.5,76.7,11.8,15.3,1.27437,402.88834
2025-06-17T22:11:20+00:00,1507,26.6,76.5,10.9,14.7,1.26152,402.86639
2025-06-17T22:12:10+00:00,1508,26.6,76.5,10.9,13.6,1.27115,402.86639
2025-06-17T22:12:59+00:00,1509,26.6,76.6,11.0,14.4,1.25513,402.85001
2025-06-17T22:13:48+00:00,1510,26.6,76.0,11.1,13.8,1.26472,402.86639
2025-06-17T22:14:38+00:00,1511,26.6,76.2,11.1,13.6,1.22047,402.81747
2025-06-17T22:15:27+00:00,1512,26.6,76.1,10.9,14.1,1.2456,402.80133
2025-06-17T22:16:16+00:00,1513,26.6,76.1,11.2,14.4,1.25832,402.8067
2025-06-17T22:17:06+00:00,1514,26.6,76.3,11.3,16.1,1.25832,402.8121
2025-06-17T22:17:55+00:00,1515,26.6,76.4,11.8,17.2,1.23613,402.84457
2025-06-17T22:18:44+00:00,1516,26.6,76.4,11.1,13.7,1.25832,402.77994
2025-06-17T22:19:34+00:00,1517,26.6,76.4,11.2,15.8,1.25513,402.91043
2025-06-17T22:20:23+00:00,1518,26.6,76.4,11.8,15.4,1.27115,402.82831
2025-06-17T22:21:13+00:00,1519,26.5,76.4,11.0,14.8,1.27437,402.86639
2025-06-17T22:22:02+00:00,1520,26.5,76.4,11.6,14.3,1.25513,402.82288
2025-06-17T22:22:51+00:00,1521,26.5,76.4,11.9,17.4,1.26152,402.83914
2025-06-17T22:23:41+00:00,1522,26.5,76.2,11.5,14.8,1.26472,402.86639
2025-06-17T22:24:30+00:00,1523,26.5,76.6,11.0,14.6,1.26793,402.87735
2025-06-17T22:25:20+00:00,1524,26.5,76.5,12.3,16.5,1.26152,402.86639
2025-06-17T22:26:09+00:00,1525,26.5,76.5,11.4,14.3,1.25513,402.82831
2025-06-17T22:26:58+00:00,1526,26.5,76.5,11.3,15.0,1.26793,402.84457
2025-06-17T22:27:53+00:00,1527,26.5,76.5,11.2,15.2,1.25832,402.8121
2025-06-17T22:28:50+00:00,1528,26.5,76.6,11.6,16.8,1.26152,402.88834
2025-06-17T22:29:39+00:00,1529,26.6,76.4,11.0,14.5,1.26793,402.87735
2025-06-17T22:30:29+00:00,1530,26.5,76.4,11.5,14.4,1.26793,402.82288
2025-06-17T22:31:22+00:00,1531,26.5,76.5,10.9,14.4,1.27115,402.85547
2025-06-17T22:32:12+00:00,1532,26.4,76.5,10.8,14.3,1.24877,402.83914
2025-06-17T22:33:01+00:00,1533,26.4,76.7,11.1,16.2,1.26472,402.85547
2025-06-17T22:33:50+00:00,1534,26.3,76.8,10.6,14.0,1.30366,402.84457
2025-06-17T22:34:40+00:00,1535,26.3,76.8,10.4,14.6,1.27115,402.86093
2025-06-17T22:35:29+00:00,1536,26.3,76.7,10.8,14.6,1.27115,402.85547
2025-06-17T22:36:19+00:00,1537,26.2,76.7,11.1,14.7,1.27115,402.87186
2025-06-17T22:37:08+00:00,1538,26.3,76.7,10.4,13.6,1.28083,402.87735
2025-06-17T22:38:00+00:00,1539,26.2,76.7,11.3,14.4,1.27115,402.85001
2025-06-17T22:38:50+00:00,1540,26.2,76.6,11.2,15.8,1.27437,402.86093
2025-06-17T22:39:39+00:00,1541,26.2,76.8,11.0,13.6,1.26472,402.7746
2025-06-17T22:40:28+00:00,1542,26.2,76.9,10.8,13.6,1.26152,402.85547
2025-06-17T22:41:18+00:00,1543,26.3,76.7,11.1,16.8,1.2776,402.86639
2025-06-17T22:42:07+00:00,1544,26.3,76.8,11.1,14.1,1.27115,402.87186
2025-06-17T22:42:57+00:00,1545,26.2,76.7,11.5,14.4,1.23613,402.78528
2025-06-17T22:43:49+00:00,1546,26.3,76.6,10.4,14.9,1.26793,402.86639
2025-06-17T22:44:42+00:00,1547,26.3,76.7,10.7,14.9,1.23613,402.82288
2025-06-17T22:45:31+00:00,1548,26.2,76.7,11.2,15.4,1.26472,402.8121
2025-06-17T22:46:25+00:00,1549,26.2,76.7,11.2,15.0,1.26793,402.82288
2025-06-17T22:47:21+00:00,1550,26.2,76.9,10.7,13.8,1.23928,402.85001
2025-06-17T22:48:11+00:00,1551,26.2,76.9,11.9,16.5,1.26152,402.81747
2025-06-17T22:49:00+00:00,1552,26.2,77.0,10.6,14.0,1.20806,402.83371
2025-06-17T22:49:50+00:00,1553,26.2,77.0,11.1,15.6,1.24877,402.8121
2025-06-17T22:50:42+00:00,1554,26.2,77.0,11.4,16.1,1.26472,402.86093
2025-06-17T22:51:34+00:00,1555,26.2,77.0,10.9,13.9,1.25195,402.87186
2025-06-17T22:52:24+00:00,1556,26.2,77.0,11.1,15.8,1.28732,402.86639
2025-06-17T22:53:17+00:00,1557,26.2,77.1,10.9,14.3,1.29711,402.86639
2025-06-17T22:54:07+00:00,1558,26.2,77.1,10.6,14.3,1.19574,402.86093
2025-06-17T22:54:56+00:00,1559,26.1,77.1,10.4,13.8,1.28732,402.82288
2025-06-17T22:55:45+00:00,1560,26.1,77.1,11.2,15.4,1.26152,402.85547
2025-06-17T22:56:35+00:00,1561,26.2,77.1,11.1,16.7,1.27115,402.79596
2025-06-17T22:57:24+00:00,1562,26.2,77.0,11.1,16.0,1.25195,402.82831
2025-06-17T22:58:14+00:00,1563,26.2,77.0,11.3,15.1,1.27115,402.85547
2025-06-17T22:59:06+00:00,1564,26.2,77.0,11.1,15.1,1.2776,402.83914
2025-06-17T22:59:55+00:00,1565,26.2,77.0,11.1,16.2,1.26793,402.87735
2025-06-17T23:00:44+00:00,1566,26.2,77.0,11.4,15.2,1.30366,402.84457
2025-06-17T23:01:34+00:00,1567,26.2,77.1,11.4,18.0,1.26793,402.82288
2025-06-17T23:03:21+00:00,1568,26.2,77.1,11.5,14.7,1.30038,402.86639
2025-06-17T23:04:11+00:00,1569,26.1,77.2,11.4,15.3,1.27437,402.90491
2025-06-17T23:05:00+00:00,1570,26.2,77.1,11.1,16.0,1.27115,402.82831
2025-06-17T23:05:49+00:00,1571,26.2,77.1,11.7,16.4,1.26793,402.89938
2025-06-17T23:06:39+00:00,1572,26.1,77.2,11.2,14.2,1.28083,402.87186
2025-06-17T23:07:28+00:00,1573,26.1,77.2,11.3,15.4,1.28407,402.83371
2025-06-17T23:08:18+00:00,1574,26.1,77.2,11.4,14.9,1.27115,402.89938
2025-06-17T23:09:10+00:00,1575,26.1,77.3,11.2,16.0,1.27115,402.85001
2025-06-17T23:10:00+00:00,1576,26.1,77.2,11.0,15.8,1.25513,402.91599
2025-06-17T23:11:46+00:00,1577,26.1,77.2,11.8,15.7,1.24244,402.87735
2025-06-17T23:12:35+00:00,1578,26.1,77.3,11.3,16.0,1.26793,402.85547
2025-06-17T23:13:24+00:00,1579,26.1,77.3,11.5,14.9,1.2776,402.86093
2025-06-17T23:14:14+00:00,1580,26.1,77.3,12.1,15.4,1.30695,402.89938
2025-06-17T23:15:03+00:00,1581,26.2,77.4,11.2,15.8,1.27437,402.88834
2025-06-17T23:15:52+00:00,1582,26.2,77.1,12.2,16.5,1.27115,402.92709
2025-06-17T23:16:42+00:00,1583,26.2,77.1,11.7,16.6,1.27115,402.91043
2025-06-17T23:17:31+00:00,1584,26.2,77.3,11.5,16.5,1.28083,402.92709
2025-06-17T23:18:21+00:00,1585,26.2,77.3,12.0,17.8,1.29711,402.95505
2025-06-17T23:19:10+00:00,1586,26.2,77.4,11.6,16.2,1.30695,402.88284
2025-06-17T23:19:59+00:00,1587,26.2,77.3,11.7,17.9,1.30366,402.94385
2025-06-17T23:20:49+00:00,1588,26.2,77.4,12.2,16.9,1.30366,402.92154
2025-06-17T23:21:38+00:00,1589,26.2,77.5,12.4,17.6,1.31685,402.92709
2025-06-17T23:22:27+00:00,1590,26.2,77.5,11.3,14.0,1.29384,402.89938
2025-06-17T23:23:17+00:00,1591,26.2,77.6,12.2,15.9,1.32681,402.96066
2025-06-17T23:24:06+00:00,1592,26.2,77.5,12.2,16.2,1.29384,402.93268
2025-06-17T23:24:55+00:00,1593,26.3,77.3,11.8,16.8,1.29058,402.94385
2025-06-17T23:25:45+00:00,1594,26.3,77.2,12.1,15.3,1.32016,402.93268
2025-06-17T23:26:34+00:00,1595,26.2,77.4,12.1,16.9,1.31354,402.93268
2025-06-17T23:27:23+00:00,1596,26.2,77.4,12.1,16.0,1.31685,402.93268
2025-06-17T23:28:13+00:00,1597,26.2,77.6,12.3,16.9,1.2776,402.92709
2025-06-17T23:29:02+00:00,1598,26.2,77.7,12.4,15.8,1.29058,402.94943
2025-06-17T23:29:51+00:00,1599,26.2,77.7,11.7,15.4,1.30366,402.93268
2025-06-17T23:30:41+00:00,1600,26.2,77.7,12.7,18.4,1.31024,402.93826
2025-06-17T23:31:30+00:00,1601,26.2,77.7,12.6,18.5,1.33349,402.95505
2025-06-17T23:32:27+00:00,1602,26.2,77.6,12.6,15.8,1.31024,402.97192
2025-06-17T23:33:17+00:00,1603,26.2,77.5,13.2,17.5,1.32681,403.00021
2025-06-17T23:34:06+00:00,1604,26.2,77.5,12.9,18.6,1.32681,402.98886
2025-06-17T23:34:56+00:00,1605,26.2,77.6,13.1,17.7,1.32016,402.97754
2025-06-17T23:35:45+00:00,1606,26.3,77.5,12.4,16.8,1.34019,402.92709
2025-06-17T23:36:34+00:00,1607,26.3,77.4,12.9,19.0,1.33349,402.96066
2025-06-17T23:37:23+00:00,1608,26.4,77.3,12.3,18.1,1.32016,402.94385
2025-06-17T23:38:13+00:00,1609,26.4,77.3,12.5,16.5,1.36726,403.00021
2025-06-17T23:39:02+00:00,1610,26.3,77.3,12.4,17.5,1.29384,402.98322
2025-06-17T23:39:52+00:00,1611,26.3,77.4,12.6,17.4,1.34019,402.94943
2025-06-17T23:40:41+00:00,1612,26.3,77.5,13.3,17.3,1.35706,402.98322
2025-06-17T23:41:30+00:00,1613,26.3,77.6,13.0,18.1,1.37068,402.97754
2025-06-17T23:42:20+00:00,1614,26.3,77.5,12.3,17.7,1.34692,402.96066
2025-06-17T23:43:09+00:00,1615,26.3,77.6,13.2,18.8,1.39131,403.02298
2025-06-17T23:43:58+00:00,1616,26.3,77.5,12.7,19.1,1.33683,402.93268
2025-06-17T23:44:48+00:00,1617,26.3,77.6,12.8,19.2,1.3741,402.95505
2025-06-17T23:45:37+00:00,1618,26.3,77.5,12.6,17.1,1.37068,403.00589
2025-06-17T23:46:27+00:00,1619,26.2,77.7,13.5,17.8,1.43687,402.95505
2025-06-17T23:47:16+00:00,1620,26.2,77.8,12.6,17.7,1.36386,403.02298
2025-06-17T23:48:05+00:00,1621,26.3,77.6,13.1,18.0,1.37068,402.96628
2025-06-17T23:48:55+00:00,1622,26.3,77.6,13.6,19.0,1.45829,403.0517
2025-06-17T23:49:44+00:00,1623,26.4,77.7,12.7,17.9,1.35029,403.00589
2025-06-17T23:50:33+00:00,1624,26.4,77.4,14.1,18.6,1.47634,403.01157
2025-06-17T23:51:23+00:00,1625,26.4,77.4,12.9,17.9,1.36045,403.02872
2025-06-17T23:52:12+00:00,1626,26.4,77.3,13.9,20.2,1.35029,403.01157
2025-06-17T23:53:01+00:00,1627,26.4,77.3,13.0,17.4,1.43332,403.01727
2025-06-17T23:53:51+00:00,1628,26.5,77.2,13.1,20.6,1.38096,402.98886
2025-06-17T23:54:40+00:00,1629,26.4,77.1,13.7,18.9,1.38096,402.99454
2025-06-17T23:55:30+00:00,1630,26.4,77.0,13.0,21.7,1.43332,403.02872
2025-06-17T23:56:19+00:00,1631,26.5,76.9,13.8,19.1,1.39131,402.99454
2025-06-17T23:57:08+00:00,1632,26.6,77.0,14.1,20.3,1.49457,402.97754
2025-06-17T23:57:58+00:00,1633,26.6,76.7,14.0,19.4,1.39824,403.0517
2025-06-17T23:58:47+00:00,1634,26.6,76.7,14.0,20.6,1.42625,403.04019
2025-06-17T23:59:40+00:00,1635,26.6,77.0,13.7,18.8,1.4052,402.99454
2025-06-18T00:00:29+00:00,1636,26.6,77.1,13.1,18.3,1.3741,403.03445
2025-06-18T00:01:19+00:00,1637,26.5,77.0,12.8,19.0,1.49457,403.09805
2025-06-18T00:02:08+00:00,1638,26.5,77.0,14.8,20.3,1.39824,403.03445
2025-06-18T00:03:02+00:00,1639,26.5,77.2,13.8,19.7,1.3741,403.01727
2025-06-18T00:03:51+00:00,1640,26.5,77.1,13.1,19.4,1.4691,403.02872
2025-06-18T00:04:41+00:00,1641,26.5,77.1,13.9,19.1,1.37753,403.069
2025-06-18T00:05:30+00:00,1642,26.5,77.1,14.9,20.4,1.44755,403.05743
2025-06-18T00:06:20+00:00,1643,26.5,77.4,13.7,18.6,1.42978,403.0517
2025-06-18T00:07:09+00:00,1644,26.6,77.0,13.5,18.5,1.46189,403.06323
2025-06-18T00:07:58+00:00,1645,26.6,76.3,12.3,17.4,1.46189,403.05743
2025-06-18T00:08:48+00:00,1646,26.6,75.9,13.1,18.2,1.39477,403.04593
2025-06-18T00:09:37+00:00,1647,26.6,76.3,13.8,18.6,1.42978,403.02298
2025-06-18T00:10:27+00:00,1648,26.6,76.5,14.1,20.1,1.42978,403.0748
2025-06-18T00:11:16+00:00,1649,26.7,76.4,14.2,18.8,1.44398,403.05743
2025-06-18T00:12:05+00:00,1650,26.7,76.2,14.0,19.3,1.47634,403.03445
2025-06-18T00:12:55+00:00,1651,26.6,76.4,13.3,18.7,1.46549,403.0864
2025-06-18T00:13:47+00:00,1652,26.6,76.4,13.0,17.0,1.47271,403.0806
2025-06-18T00:14:36+00:00,1653,26.6,76.5,13.6,19.9,1.44042,403.0806
2025-06-18T00:15:29+00:00,1654,26.6,76.5,14.4,19.6,1.45829,403.09805
2025-06-18T00:16:18+00:00,1655,26.6,76.7,13.7,18.3,1.42625,403.0864
2025-06-18T00:17:08+00:00,1656,26.7,76.5,15.0,20.5,1.45112,403.1156
2025-06-18T00:17:57+00:00,1657,26.7,76.4,13.5,19.5,1.47634,403.0748
2025-06-18T00:18:47+00:00,1658,26.7,76.4,14.6,19.3,1.44755,403.06323
2025-06-18T00:19:36+00:00,1659,26.6,76.3,14.0,19.8,1.47634,403.09222
2025-06-18T00:20:25+00:00,1660,26.7,76.3,14.1,20.4,1.49091,403.0806
2025-06-18T00:21:15+00:00,1661,26.7,76.5,14.0,18.9,1.49091,403.09222
2025-06-18T00:22:04+00:00,1662,26.7,76.4,14.1,21.5,1.49823,403.09805
2025-06-18T00:22:54+00:00,1663,26.7,76.3,14.4,19.5,1.50928,403.0748
2025-06-18T00:23:43+00:00,1664,26.7,76.5,14.3,21.1,1.49091,403.10974
2025-06-18T00:24:32+00:00,1665,26.7,76.5,13.9,18.4,1.49457,403.09222
2025-06-18T00:25:22+00:00,1666,26.7,76.4,14.7,20.4,1.49091,403.09805
2025-06-18T00:26:11+00:00,1667,26.7,76.4,14.1,20.5,1.47271,403.12146
2025-06-18T00:27:00+00:00,1668,26.7,76.6,14.0,19.0,1.51297,403.09222
2025-06-18T00:27:50+00:00,1669,26.8,76.4,14.2,18.5,1.49091,403.14499
2025-06-18T00:28:39+00:00,1670,26.7,76.4,14.1,20.2,1.49091,403.10974
2025-06-18T00:29:28+00:00,1671,26.7,76.4,15.0,20.6,1.49823,403.09805
2025-06-18T00:30:18+00:00,1672,26.8,76.2,14.1,21.0,1.49091,403.1156
2025-06-18T00:31:07+00:00,1673,26.8,76.2,14.2,20.1,1.49091,403.12146
2025-06-18T00:31:56+00:00,1674,26.7,76.2,13.4,20.5,1.56548,403.10974
2025-06-18T00:33:41+00:00,1675,26.8,75.9,13.9,19.2,1.50928,403.0864
2025-06-18T00:34:30+00:00,1676,26.8,75.9,14.0,20.6,1.49457,403.13321
2025-06-18T00:35:28+00:00,1677,26.9,76.0,13.9,20.3,1.5241,403.09805
2025-06-18T00:36:25+00:00,1678,26.9,75.9,14.4,19.5,1.50191,403.09222
2025-06-18T00:37:18+00:00,1679,26.9,75.9,14.0,21.5,1.48725,403.05743
2025-06-18T00:38:07+00:00,1680,26.9,75.9,13.3,18.5,1.49823,403.10388
2025-06-18T00:38:56+00:00,1681,26.9,75.7,14.0,19.9,1.50191,403.069
2025-06-18T00:39:46+00:00,1682,26.9,75.8,13.4,18.1,1.50928,403.09805
2025-06-18T00:40:35+00:00,1683,26.9,75.8,13.6,18.2,1.49091,403.13321
2025-06-18T00:41:24+00:00,1684,26.9,75.7,14.6,18.7,1.5428,403.1156
2025-06-18T00:42:14+00:00,1685,26.9,75.7,13.6,19.7,1.5428,403.1156
2025-06-18T00:43:03+00:00,1686,26.9,75.6,13.8,18.4,1.52783,403.1391
2025-06-18T00:43:53+00:00,1687,27.0,75.6,13.9,18.6,1.50559,403.12146
2025-06-18T00:44:42+00:00,1688,27.0,75.6,13.7,17.3,1.51297,403.09805
2025-06-18T00:45:31+00:00,1689,27.0,75.7,13.1,18.0,1.5353,403.10974
2025-06-18T00:46:21+00:00,1690,27.0,75.8,14.0,18.7,1.5428,403.13321
2025-06-18T00:47:10+00:00,1691,27.0,75.8,14.0,19.8,1.5428,403.1156
2025-06-18T00:47:59+00:00,1692,27.0,75.9,13.6,19.0,1.56168,403.15091
2025-06-18T00:48:49+00:00,1693,27.0,75.9,14.0,19.4,1.59228,403.10388
2025-06-18T00:49:38+00:00,1694,27.0,75.9,13.9,18.9,1.55411,403.13321
2025-06-18T00:50:27+00:00,1695,27.0,76.0,14.0,20.2,1.55789,403.16275
2025-06-18T00:51:17+00:00,1696,27.0,76.0,14.7,19.6,1.6312,403.1687
2025-06-18T00:52:06+00:00,1697,27.0,75.9,13.3,18.7,1.56929,403.12146
2025-06-18T00:52:56+00:00,1698,27.0,76.0,13.3,19.5,1.55411,403.13321
2025-06-18T00:53:45+00:00,1699,27.0,75.9,13.6,18.2,1.5428,403.12732
2025-06-18T00:54:34+00:00,1700,27.0,75.9,13.5,18.9,1.58458,403.09222
2025-06-18T00:55:24+00:00,1701,27.0,75.8,13.6,18.0,1.55033,403.17465
2025-06-18T00:56:13+00:00,1702,27.0,75.7,13.7,17.5,1.5241,403.12732
2025-06-18T00:57:05+00:00,1703,27.1,75.7,12.4,17.5,1.52039,403.14499
2025-06-18T00:57:55+00:00,1704,27.1,75.7,13.6,17.7,1.51667,403.12732
2025-06-18T00:58:44+00:00,1705,27.1,75.6,13.2,17.8,1.71134,403.14499
2025-06-18T00:59:33+00:00,1706,27.1,75.5,12.7,18.5,1.71542,403.12146
2025-06-18T01:00:23+00:00,1707,27.1,75.5,12.8,17.1,1.5241,403.15091
2025-06-18T01:01:15+00:00,1708,27.1,75.6,13.5,17.3,1.5241,403.21652
2025-06-18T01:02:04+00:00,1709,27.1,75.6,13.2,17.9,1.5353,403.1391
2025-06-18T01:02:53+00:00,1710,27.1,75.7,13.4,20.1,1.52783,403.1687
2025-06-18T01:03:50+00:00,1711,27.1,75.7,13.5,19.0,1.53905,403.18655
2025-06-18T01:04:40+00:00,1712,27.1,75.7,12.8,17.8,1.58843,403.09222
2025-06-18T01:05:29+00:00,1713,27.1,75.6,12.7,16.2,1.5353,403.12732
2025-06-18T01:06:18+00:00,1714,27.1,75.5,14.1,18.7,1.55033,403.16275
2025-06-18T01:07:08+00:00,1715,27.1,75.5,13.5,18.4,1.5731,403.18655
2025-06-18T01:07:57+00:00,1716,27.1,75.5,13.5,18.8,1.59614,403.10974
2025-06-18T01:08:47+00:00,1717,27.1,75.4,13.9,20.0,1.50928,403.16275
2025-06-18T01:09:39+00:00,1718,27.1,75.5,12.9,17.0,1.58843,403.16275
2025-06-18T01:10:33+00:00,1719,27.1,75.5,13.7,21.2,1.5353,403.13321
2025-06-18T01:11:23+00:00,1720,27.2,75.6,12.8,17.6,1.58075,403.12146
2025-06-18T01:12:12+00:00,1721,27.1,75.4,13.8,22.4,1.53156,403.1687
2025-06-18T01:13:02+00:00,1722,27.2,75.4,13.7,20.3,1.5428,403.14499
2025-06-18T01:13:52+00:00,1723,27.2,75.3,13.3,18.2,1.63513,403.19852
2025-06-18T01:15:36+00:00,1724,27.2,75.3,13.3,19.9,1.5731,403.1156
2025-06-18T01:16:25+00:00,1725,27.2,75.2,13.9,19.2,1.58843,403.1806
2025-06-18T01:17:15+00:00,1726,27.2,75.2,12.8,17.3,1.57692,403.1687
2025-06-18T01:18:04+00:00,1727,27.2,75.2,13.2,17.4,1.56548,403.18655
2025-06-18T01:18:53+00:00,1728,27.2,75.1,13.5,18.9,1.54656,403.22253
2025-06-18T01:19:43+00:00,1729,27.2,75.1,13.3,18.7,1.64698,403.17465
2025-06-18T01:20:32+00:00,1730,27.2,75.1,13.6,17.6,1.56548,403.19254
2025-06-18T01:21:21+00:00,1731,27.2,75.2,14.0,19.9,1.5428,403.19852
2025-06-18T01:22:11+00:00,1732,27.3,75.1,13.1,19.1,1.60387,403.1687
2025-06-18T01:23:00+00:00,1733,27.3,75.1,13.3,18.0,1.55789,403.14499
2025-06-18T01:23:49+00:00,1734,27.3,75.2,13.6,19.8,1.58075,403.19254
2025-06-18T01:24:39+00:00,1735,27.3,75.1,14.0,20.7,1.6,403.24066
2025-06-18T01:25:28+00:00,1736,27.3,75.3,13.8,18.4,1.57692,403.2045
2025-06-18T01:26:18+00:00,1737,27.3,75.2,14.2,18.7,1.60775,403.1391
2025-06-18T01:27:07+00:00,1738,27.3,75.3,13.3,18.0,1.58075,403.16275
2025-06-18T01:27:56+00:00,1739,27.3,75.3,14.0,19.1,1.6,403.15091
2025-06-18T01:28:46+00:00,1740,27.3,75.3,14.1,20.0,1.59614,403.13321
2025-06-18T01:29:35+00:00,1741,27.3,75.5,13.8,17.9,1.56929,403.21051
2025-06-18T01:30:25+00:00,1742,27.3,75.4,13.3,19.8,1.57692,403.1687
2025-06-18T01:31:14+00:00,1743,27.3,75.5,13.7,18.0,1.59228,403.15091
2025-06-18T01:32:03+00:00,1744,27.3,75.4,13.8,19.3,1.60775,403.22253
2025-06-18T01:32:53+00:00,1745,27.3,75.4,13.5,19.6,1.60775,403.21051
2025-06-18T01:33:42+00:00,1746,27.3,75.5,14.0,18.6,1.56548,403.19852
2025-06-18T01:34:31+00:00,1747,27.3,75.5,13.5,18.4,1.58458,403.18655
2025-06-18T01:35:21+00:00,1748,27.3,75.5,13.9,19.7,1.59614,403.19852
2025-06-18T01:36:10+00:00,1749,27.3,75.5,13.8,20.7,1.59228,403.15683
2025-06-18T01:36:59+00:00,1750,27.3,75.4,13.5,18.4,1.61944,403.22858
2025-06-18T01:37:49+00:00,1751,27.3,75.5,13.0,17.6,1.61164,403.16275
2025-06-18T01:38:38+00:00,1752,27.4,75.5,13.5,19.6,1.60775,403.21652
2025-06-18T01:39:28+00:00,1753,27.4,75.5,13.3,19.2,1.58843,403.19254
2025-06-18T01:40:17+00:00,1754,27.4,75.5,13.9,18.8,1.58075,403.17465
2025-06-18T01:41:06+00:00,1755,27.4,75.5,13.6,20.5,1.62335,403.18655
2025-06-18T01:41:56+00:00,1756,27.4,75.5,13.6,19.0,1.6,403.21051
2025-06-18T01:42:45+00:00,1757,27.4,75.5,13.2,18.1,1.61164,403.2045
2025-06-18T01:43:34+00:00,1758,27.4,75.5,13.5,18.4,1.65491,403.16275
2025-06-18T01:44:24+00:00,1759,27.4,75.5,14.0,19.0,1.62335,403.1687
2025-06-18T01:45:13+00:00,1760,27.4,75.5,13.1,18.7,1.59614,403.22253
2025-06-18T01:46:02+00:00,1761,27.4,75.5,13.9,18.9,1.58458,403.23462
2025-06-18T01:46:52+00:00,1762,27.4,75.6,14.0,19.1,1.64302,403.19254
2025-06-18T01:47:41+00:00,1763,27.4,75.6,13.4,17.5,1.66288,403.22253
2025-06-18T01:48:31+00:00,1764,27.4,75.7,12.6,17.3,1.60387,403.2045
2025-06-18T01:49:20+00:00,1765,27.4,75.8,13.6,20.7,1.6312,403.1806
2025-06-18T01:50:09+00:00,1766,27.4,75.8,13.2,17.4,1.61164,403.15683
2025-06-18T01:50:59+00:00,1767,27.4,75.9,13.0,16.9,1.61554,403.24066
2025-06-18T01:51:48+00:00,1768,27.4,75.9,13.8,18.3,1.61944,403.1806
2025-06-18T01:52:37+00:00,1769,27.3,75.9,14.3,20.1,1.67489,403.15091
2025-06-18T01:53:27+00:00,1770,27.4,75.9,13.6,18.7,1.64698,403.15091
2025-06-18T01:54:16+00:00,1771,27.4,75.9,13.8,20.4,1.66288,403.16275
2025-06-18T01:55:05+00:00,1772,27.4,75.9,13.5,18.0,1.6312,403.23462
2025-06-18T01:55:55+00:00,1773,27.4,75.9,13.4,17.8,1.60775,403.21051
2025-06-18T01:56:44+00:00,1774,27.4,75.9,13.4,18.6,1.62727,403.17465
2025-06-18T01:57:34+00:00,1775,27.4,76.0,12.9,18.2,1.61164,403.18655
2025-06-18T01:58:23+00:00,1776,27.4,76.0,13.0,17.8,1.6312,403.16275
2025-06-18T01:59:12+00:00,1777,27.4,76.0,13.5,19.3,1.63907,403.22858
2025-06-18T02:00:02+00:00,1778,27.4,75.9,13.1,18.2,1.6312,403.18655
2025-06-18T02:00:51+00:00,1779,27.4,76.1,13.4,18.4,1.63513,403.19254
2025-06-18T02:01:45+00:00,1780,27.4,76.0,13.4,17.9,1.65889,403.19254
2025-06-18T02:02:35+00:00,1781,27.4,76.1,12.8,17.1,1.55789,403.17465
2025-06-18T02:03:24+00:00,1782,27.4,76.1,13.3,17.4,1.61164,403.19254
2025-06-18T02:04:13+00:00,1783,27.4,76.1,13.3,17.9,1.61164,403.21652
2025-06-18T02:05:03+00:00,1784,27.4,76.1,13.5,18.1,1.61554,403.17465
2025-06-18T02:05:52+00:00,1785,27.4,76.3,14.2,18.9,1.64698,403.17465
2025-06-18T02:06:41+00:00,1786,27.4,76.2,14.2,20.3,1.70318,403.17465
2025-06-18T02:07:31+00:00,1787,27.4,76.3,13.4,18.3,1.62335,403.19254
2025-06-18T02:08:20+00:00,1788,27.4,76.2,13.1,17.7,1.62335,403.17465
2025-06-18T02:09:09+00:00,1789,27.4,76.2,13.3,16.7,1.63513,403.1806
2025-06-18T02:09:59+00:00,1790,27.5,76.1,14.1,20.6,1.59614,403.2045
2025-06-18T02:10:48+00:00,1791,27.5,76.1,14.3,19.6,1.63513,403.22253
2025-06-18T02:11:37+00:00,1792,27.5,76.2,13.4,18.1,1.65889,403.2467
2025-06-18T02:12:27+00:00,1793,27.5,76.3,14.2,20.5,1.67088,403.21652
2025-06-18T02:13:16+00:00,1794,27.5,76.3,13.7,19.3,1.65889,403.1687
2025-06-18T02:14:06+00:00,1795,27.5,76.3,13.8,18.3,1.68293,403.13321
2025-06-18T02:14:55+00:00,1796,27.5,76.3,13.8,18.4,1.62727,403.21051
2025-06-18T02:15:44+00:00,1797,27.5,76.3,13.8,20.8,1.63907,403.1687
2025-06-18T02:16:34+00:00,1798,27.5,76.3,13.7,17.3,1.66688,403.1687
2025-06-18T02:17:23+00:00,1799,27.5,76.3,13.5,17.8,1.73186,403.1687
2025-06-18T02:18:12+00:00,1800,27.5,76.2,13.9,17.6,1.66688,403.21652
2025-06-18T02:19:02+00:00,1801,27.5,76.2,14.2,19.7,1.63513,403.21652
2025-06-18T02:19:51+00:00,1802,27.5,76.3,14.4,19.1,1.67489,403.26495
2025-06-18T02:20:40+00:00,1803,27.5,76.3,14.4,19.2,1.5731,403.23462
2025-06-18T02:21:30+00:00,1804,27.6,76.2,13.8,17.4,1.63907,403.32013
2025-06-18T02:22:19+00:00,1805,27.6,76.3,13.9,18.5,1.68293,403.25885
2025-06-18T02:23:08+00:00,1806,27.6,76.3,13.7,16.7,1.70318,403.27103
2025-06-18T02:23:58+00:00,1807,27.6,76.3,13.5,17.1,1.67891,403.2467
2025-06-18T02:24:47+00:00,1808,27.6,76.3,13.9,18.3,1.7735,403.27103
2025-06-18T02:25:37+00:00,1809,27.6,76.2,13.5,16.9,1.65889,403.21652
2025-06-18T02:26:26+00:00,1810,27.6,76.3,14.0,18.2,1.75674,403.24066
2025-06-18T02:27:15+00:00,1811,27.6,76.3,13.8,17.7,1.67489,403.27103
2025-06-18T02:28:05+00:00,1812,27.6,76.3,13.8,17.7,1.70725,403.27103
2025-06-18T02:30:04+00:00,1813,27.6,76.4,13.6,18.1,1.69101,403.25885
2025-06-18T02:30:54+00:00,1814,27.6,76.5,14.0,20.1,1.70725,403.2467
2025-06-18T02:31:43+00:00,1815,27.6,76.4,14.0,18.4,1.72774,403.26495
2025-06-18T02:32:32+00:00,1816,27.6,76.4,13.8,19.3,1.72774,403.23462
2025-06-18T02:33:22+00:00,1817,27.6,76.4,13.8,18.0,1.70318,403.32013
2025-06-18T02:34:11+00:00,1818,27.6,76.5,14.1,17.8,1.69912,403.2467
2025-06-18T02:35:01+00:00,1819,27.6,76.4,13.7,19.2,1.73598,403.25278
2025-06-18T02:35:50+00:00,1820,27.7,76.5,14.5,20.0,1.69506,403.25278
2025-06-18T02:36:39+00:00,1821,27.7,76.5,14.0,18.1,1.71134,403.27103
2025-06-18T02:37:29+00:00,1822,27.6,76.6,14.3,20.2,1.72774,403.27103
2025-06-18T02:38:18+00:00,1823,27.6,76.6,13.7,18.8,1.68697,403.27103
2025-06-18T02:39:07+00:00,1824,27.7,76.7,14.7,19.1,1.67489,403.25885
2025-06-18T02:39:57+00:00,1825,27.6,76.7,13.8,18.0,1.71134,403.27713
2025-06-18T02:40:46+00:00,1826,27.7,76.8,13.3,17.1,1.71134,403.27103
2025-06-18T02:41:35+00:00,1827,27.7,76.8,13.4,18.4,1.65094,403.34491
2025-06-18T02:42:25+00:00,1828,27.7,76.8,14.7,19.2,1.68293,403.23462
2025-06-18T02:43:14+00:00,1829,27.6,76.9,13.3,16.8,1.64302,403.2467
2025-06-18T02:44:03+00:00,1830,27.7,76.9,13.6,17.7,1.62727,403.22253
2025-06-18T02:44:53+00:00,1831,27.7,76.9,13.8,18.9,1.70318,403.2467
2025-06-18T02:45:42+00:00,1832,27.7,76.9,13.5,20.4,1.66688,403.26495
2025-06-18T02:46:31+00:00,1833,27.7,76.9,13.3,16.7,1.67489,403.19254
2025-06-18T02:47:21+00:00,1834,27.7,76.9,13.9,19.9,1.68293,403.25885
2025-06-18T02:48:10+00:00,1835,27.7,76.9,13.3,18.1,1.72362,403.28937
2025-06-18T02:49:00+00:00,1836,27.7,76.9,14.1,19.1,1.74426,403.31396
2025-06-18T02:49:49+00:00,1837,27.7,76.9,14.5,19.7,1.71952,403.32013
2025-06-18T02:50:38+00:00,1838,27.7,76.9,13.7,17.4,1.67489,403.1687
2025-06-18T02:51:28+00:00,1839,27.7,76.8,13.8,18.3,1.71542,403.26495
2025-06-18T02:52:17+00:00,1840,27.8,76.8,14.4,19.0,1.73186,403.22858
2025-06-18T02:53:06+00:00,1841,27.8,76.8,14.0,20.3,1.71542,403.23462
2025-06-18T02:53:56+00:00,1842,27.8,76.8,13.2,16.9,1.72774,403.25885
2025-06-18T02:54:45+00:00,1843,27.8,76.8,13.7,18.6,1.70725,403.23462
2025-06-18T02:55:35+00:00,1844,27.8,76.9,14.1,17.5,1.70725,403.21652
2025-06-18T02:56:24+00:00,1845,27.8,76.9,13.5,18.5,1.74012,403.21652
2025-06-18T02:57:13+00:00,1846,27.8,76.9,14.4,18.9,1.70318,403.21652
2025-06-18T02:58:03+00:00,1847,27.8,76.9,13.4,17.4,1.68697,403.18655
2025-06-18T02:58:52+00:00,1848,27.8,76.9,14.1,16.7,1.72774,403.2467
2025-06-18T02:59:41+00:00,1849,27.8,76.9,13.9,17.7,1.66688,403.25278
2025-06-18T03:00:31+00:00,1850,27.8,77.0,13.7,19.1,1.69506,403.23462
2025-06-18T03:01:20+00:00,1851,27.8,76.9,13.5,17.5,1.69101,403.27103
2025-06-18T03:02:09+00:00,1852,27.9,76.9,13.8,18.6,1.72774,403.21051
2025-06-18T03:02:58+00:00,1853,27.9,76.9,14.2,17.3,1.69912,403.27103
2025-06-18T03:03:48+00:00,1854,27.9,76.9,14.1,19.0,1.67891,403.2467
2025-06-18T03:04:37+00:00,1855,27.9,76.9,13.7,17.4,1.71542,403.24066
2025-06-18T03:05:27+00:00,1856,27.9,77.0,14.2,19.4,1.71134,403.21652
2025-06-18T03:06:16+00:00,1857,27.9,77.0,13.5,19.5,1.66288,403.22253
2025-06-18T03:07:05+00:00,1858,27.9,77.0,13.6,18.1,1.68697,403.2467
2025-06-18T03:07:55+00:00,1859,27.9,77.0,13.6,16.8,1.70318,403.21051
2025-06-18T03:08:44+00:00,1860,27.9,77.1,14.4,19.6,1.70725,403.23462
2025-06-18T03:09:33+00:00,1861,27.9,77.0,14.1,18.0,1.68293,403.25278
2025-06-18T03:10:23+00:00,1862,28.0,76.8,14.1,18.7,1.71134,403.3078
2025-06-18T03:11:12+00:00,1863,28.0,76.9,13.8,17.9,1.67088,403.26495
2025-06-18T03:12:01+00:00,1864,28.0,76.9,13.9,18.6,1.68293,403.24066
2025-06-18T03:12:51+00:00,1865,27.9,77.0,13.4,17.2,1.67891,403.3078
2025-06-18T03:13:40+00:00,1866,28.0,77.0,13.5,17.5,1.68697,403.26495
2025-06-18T03:14:30+00:00,1867,28.0,77.0,14.4,19.9,1.70318,403.26495
2025-06-18T03:15:19+00:00,1868,28.0,76.9,14.3,18.7,1.69506,403.21652
2025-06-18T03:16:08+00:00,1869,28.0,77.0,14.1,18.7,1.65889,403.21652
2025-06-18T03:16:58+00:00,1870,28.0,76.9,14.6,18.3,1.69101,403.2045
2025-06-18T03:17:47+00:00,1871,28.0,77.0,14.0,18.6,1.66688,403.24066
2025-06-18T03:18:36+00:00,1872,28.0,76.9,13.6,19.5,1.69912,403.22858
2025-06-18T03:19:26+00:00,1873,28.0,77.0,14.0,17.9,1.67489,403.25278
2025-06-18T03:20:15+00:00,1874,28.0,77.0,13.4,16.1,1.70318,403.2467
2025-06-18T03:21:04+00:00,1875,28.0,76.9,13.9,19.2,1.67489,403.40753
2025-06-18T03:21:54+00:00,1876,28.1,77.0,14.0,18.2,1.72362,403.27103
2025-06-18T03:22:43+00:00,1877,28.0,76.9,14.2,19.7,1.68293,403.25885
2025-06-18T03:23:32+00:00,1878,28.1,76.9,13.4,17.6,1.65889,403.25278
2025-06-18T03:24:22+00:00,1879,28.0,76.9,14.1,18.2,1.6,403.25885
2025-06-18T03:25:11+00:00,1880,28.1,77.0,14.0,19.5,1.71134,403.27103
2025-06-18T03:26:01+00:00,1881,28.1,76.9,14.3,18.1,1.67891,403.2467
2025-06-18T03:26:50+00:00,1882,28.1,76.9,14.0,18.1,1.69506,403.2467
2025-06-18T03:27:39+00:00,1883,28.1,76.9,14.1,17.9,1.66688,403.27103
2025-06-18T03:28:29+00:00,1884,28.1,76.9,13.6,16.8,1.73186,403.32632
2025-06-18T03:29:18+00:00,1885,28.1,76.9,13.5,16.2,1.65491,403.1687
2025-06-18T03:30:07+00:00,1886,28.1,76.9,13.6,16.8,1.67088,403.22253
2025-06-18T03:30:57+00:00,1887,28.1,77.0,14.7,17.8,1.64698,403.27103
2025-06-18T03:31:46+00:00,1888,28.1,77.0,13.5,17.5,1.69506,403.2467
2025-06-18T03:32:35+00:00,1889,28.1,76.9,13.9,17.8,1.68697,403.22858
2025-06-18T03:33:25+00:00,1890,28.1,76.9,14.5,18.7,1.65889,403.19852
2025-06-18T03:34:14+00:00,1891,28.1,77.0,13.7,18.1,1.67891,403.23462
2025-06-18T03:35:04+00:00,1892,28.1,77.0,14.5,17.7,1.65491,403.2045
2025-06-18T03:35:53+00:00,1893,28.1,77.1,13.8,17.4,1.65491,403.18655
2025-06-18T03:36:42+00:00,1894,28.1,77.1,13.9,17.5,1.64698,403.17465
2025-06-18T03:37:32+00:00,1895,28.1,77.2,14.2,17.6,1.6312,403.16275
2025-06-18T03:38:21+00:00,1896,28.1,77.1,14.0,18.7,1.61164,403.21652
2025-06-18T03:39:11+00:00,1897,28.1,77.1,13.2,19.1,1.63513,403.21051
2025-06-18T03:40:00+00:00,1898,28.1,77.2,14.2,19.9,1.61944,403.24066
2025-06-18T03:40:49+00:00,1899,28.1,77.2,14.3,18.5,1.61164,403.15091
2025-06-18T03:41:39+00:00,1900,28.1,77.2,13.9,18.6,1.66288,403.04593
2025-06-18T03:42:31+00:00,1901,28.1,77.1,14.5,18.9,1.59228,403.10974
2025-06-18T03:43:20+00:00,1902,28.1,77.2,14.4,18.5,1.60387,403.10974
2025-06-18T03:44:10+00:00,1903,28.1,77.2,14.1,18.5,1.60387,403.18655
2025-06-18T03:44:59+00:00,1904,28.1,77.1,14.9,19.6,1.56548,403.19254
2025-06-18T03:45:49+00:00,1905,28.1,77.3,14.3,18.5,1.58075,403.13321
2025-06-18T03:46:38+00:00,1906,28.1,77.0,14.1,17.3,1.58075,403.1806
2025-06-18T03:47:27+00:00,1907,28.1,77.0,14.0,17.1,1.5241,403.18655
2025-06-18T03:48:17+00:00,1908,28.1,77.1,14.4,18.8,1.6,403.13321
2025-06-18T03:49:06+00:00,1909,28.1,77.0,14.3,20.0,1.59614,403.14499
2025-06-18T03:49:55+00:00,1910,28.1,77.0,14.0,18.0,1.60387,403.18655
2025-06-18T03:50:45+00:00,1911,28.1,77.0,13.5,17.4,1.64698,403.12732
2025-06-18T03:51:34+00:00,1912,28.2,76.9,13.7,17.7,1.5731,403.15683
2025-06-18T03:52:24+00:00,1913,28.2,76.9,14.0,17.8,1.60775,403.10974
2025-06-18T03:53:16+00:00,1914,28.2,76.9,13.8,18.2,1.60775,403.12146
2025-06-18T03:54:09+00:00,1915,28.2,76.9,13.9,18.0,1.58458,403.1687
2025-06-18T03:55:00+00:00,1916,28.2,76.9,14.5,17.7,1.62335,403.1687
2025-06-18T03:55:55+00:00,1917,28.2,76.9,14.2,17.3,1.61164,403.21051
2025-06-18T03:56:45+00:00,1918,28.2,76.9,13.5,17.0,1.67489,403.21051
2025-06-18T03:57:39+00:00,1919,28.2,77.0,12.8,18.8,1.64302,403.22858
2025-06-18T03:58:36+00:00,1920,28.2,76.9,14.6,19.7,1.62335,403.2467
2025-06-18T03:59:30+00:00,1921,28.2,77.0,13.8,18.0,1.63513,403.16275
2025-06-18T04:00:24+00:00,1922,28.2,77.0,13.7,17.3,1.6,403.24066
2025-06-18T04:01:17+00:00,1923,28.2,77.0,13.5,17.1,1.58075,403.25278
2025-06-18T04:02:10+00:00,1924,28.2,76.9,13.8,17.1,1.63907,403.1806
2025-06-18T04:04:04+00:00,1925,28.2,76.8,13.5,18.9,1.61944,403.21051
2025-06-18T04:05:49+00:00,1926,28.2,76.8,12.9,16.2,1.59614,403.30167
2025-06-18T04:07:34+00:00,1927,28.3,76.7,13.2,16.6,1.5731,403.21051
2025-06-18T04:08:24+00:00,1928,28.3,76.8,13.1,17.6,1.59228,403.23462
2025-06-18T04:09:17+00:00,1929,28.3,76.8,12.4,15.8,1.59228,403.22858
2025-06-18T04:10:09+00:00,1930,28.3,76.7,13.1,18.0,1.62727,403.22858
2025-06-18T04:10:59+00:00,1931,28.3,76.8,13.6,16.6,1.59614,403.21051
2025-06-18T04:11:49+00:00,1932,28.3,76.7,12.6,14.6,1.59614,403.16275
2025-06-18T04:12:41+00:00,1933,28.3,76.7,12.5,14.8,1.60387,403.2045
2025-06-18T04:13:36+00:00,1934,28.3,76.7,12.8,15.5,1.58843,403.1391
2025-06-18T04:14:26+00:00,1935,28.3,76.7,12.2,16.9,1.58458,403.1806
2025-06-18T04:15:18+00:00,1936,28.3,76.5,12.2,16.6,1.5731,403.18655
2025-06-18T04:17:13+00:00,1937,28.3,76.5,11.9,15.9,1.5731,403.1687
2025-06-18T04:18:03+00:00,1938,28.3,76.5,12.3,16.4,1.54656,403.15091
2025-06-18T04:18:53+00:00,1939,28.3,76.5,12.7,17.4,1.55033,403.12732
2025-06-18T04:19:46+00:00,1940,28.3,76.5,12.7,19.5,1.52783,403.09222
2025-06-18T04:21:30+00:00,1941,28.3,76.6,11.7,15.6,1.52783,403.0517
2025-06-18T04:22:19+00:00,1942,28.3,76.5,12.8,16.8,1.47634,403.00021
2025-06-18T04:23:09+00:00,1943,28.4,76.4,12.1,16.2,1.42978,402.92154
2025-06-18T04:23:58+00:00,1944,28.4,76.1,12.6,16.5,1.39477,402.7746
2025-06-18T04:24:47+00:00,1945,28.3,76.2,11.8,15.9,1.28407,402.88284
2025-06-18T04:25:37+00:00,1946,28.3,76.3,11.5,15.6,1.38785,402.90491
2025-06-18T04:26:26+00:00,1947,28.3,76.4,11.7,14.4,1.47634,403.03445
2025-06-18T04:27:15+00:00,1948,28.3,76.3,11.9,17.5,1.46549,402.98322
2025-06-18T04:28:05+00:00,1949,28.4,76.2,11.8,16.4,1.43332,403.01727
2025-06-18T04:28:54+00:00,1950,28.3,76.2,11.6,14.4,1.45829,402.98322
2025-06-18T04:29:44+00:00,1951,28.3,76.1,11.9,15.8,1.42978,403.03445
2025-06-18T04:30:33+00:00,1952,28.3,76.1,12.4,16.6,1.48361,403.05743
2025-06-18T04:31:22+00:00,1953,28.3,75.9,11.7,14.7,1.48725,403.01727
2025-06-18T04:32:12+00:00,1954,28.4,75.9,11.4,15.7,1.49091,403.05743
2025-06-18T04:33:01+00:00,1955,28.4,75.9,11.1,13.3,1.48361,403.04593
2025-06-18T04:33:50+00:00,1956,28.4,75.8,11.1,13.2,1.48725,403.02298
2025-06-18T04:34:40+00:00,1957,28.4,76.0,10.9,13.8,1.49091,403.06323
2025-06-18T04:35:29+00:00,1958,28.4,76.1,11.5,14.3,1.50191,403.0806
2025-06-18T04:36:25+00:00,1959,28.4,76.1,11.9,15.4,1.47634,403.05743
2025-06-18T04:38:20+00:00,1960,28.5,76.3,11.7,15.6,1.49091,403.09222
2025-06-18T04:39:16+00:00,1961,28.5,76.1,11.2,14.3,1.49091,403.0864
2025-06-18T04:40:08+00:00,1962,28.6,76.1,11.5,16.2,1.4691,403.069
2025-06-18T04:41:01+00:00,1963,28.5,76.1,11.8,15.2,1.49823,403.09222
2025-06-18T04:41:50+00:00,1964,28.5,76.2,11.8,15.2,1.48725,403.04593
2025-06-18T04:42:40+00:00,1965,28.5,76.2,12.7,18.5,1.49091,403.069
2025-06-18T04:43:31+00:00,1966,28.5,76.0,10.9,14.2,1.50928,403.05743
2025-06-18T04:44:20+00:00,1967,28.5,75.9,11.0,14.9,1.46189,403.09805
2025-06-18T04:45:10+00:00,1968,28.4,76.0,11.9,14.4,1.49457,403.09222
2025-06-18T04:45:59+00:00,1969,28.4,76.0,12.1,18.0,1.44042,403.0864
2025-06-18T04:46:48+00:00,1970,28.4,76.5,11.5,14.0,1.47997,403.10388
2025-06-18T04:47:38+00:00,1971,28.5,76.1,11.8,16.9,1.49457,403.15683
2025-06-18T04:48:27+00:00,1972,28.5,76.1,12.3,15.7,1.4691,403.18655
2025-06-18T04:49:16+00:00,1973,28.6,76.2,12.5,16.3,1.47634,403.21652
2025-06-18T04:50:06+00:00,1974,28.7,76.0,11.5,15.3,1.48361,403.2045
2025-06-18T04:50:55+00:00,1975,28.6,75.9,11.1,15.3,1.45829,403.25278
2025-06-18T04:51:45+00:00,1976,28.6,76.3,11.2,13.9,1.49823,403.32013
2025-06-18T04:52:34+00:00,1977,28.5,76.2,12.2,15.5,1.47271,403.43918
2025-06-18T04:53:23+00:00,1978,28.5,76.4,12.1,15.2,1.47634,403.36359
2025-06-18T04:54:13+00:00,1979,28.5,76.4,12.0,16.1,1.54656,403.39493
2025-06-18T04:55:02+00:00,1980,28.5,76.3,11.9,14.7,1.52039,403.43918
2025-06-18T04:55:51+00:00,1981,28.5,76.3,11.9,16.6,1.52783,403.39493
2025-06-18T04:56:42+00:00,1982,28.6,76.3,11.5,16.1,1.51667,403.26495
2025-06-18T04:57:32+00:00,1983,28.6,76.1,12.0,17.1,1.50928,403.34491
2025-06-18T04:58:21+00:00,1984,28.7,75.9,11.2,14.3,1.49091,403.27103
2025-06-18T04:59:11+00:00,1985,28.7,75.8,11.5,14.8,1.51667,403.27103
2025-06-18T05:00:00+00:00,1986,28.7,75.8,11.4,14.9,1.55411,403.32013
2025-06-18T05:00:49+00:00,1987,28.7,76.0,11.3,15.4,1.57692,403.27103
2025-06-18T05:01:39+00:00,1988,28.7,76.0,12.0,16.3,1.5428,403.32632
2025-06-18T05:02:28+00:00,1989,28.7,76.0,11.8,14.8,1.52039,403.27103
2025-06-18T05:03:17+00:00,1990,28.7,76.0,11.3,13.8,1.55411,403.27103
2025-06-18T05:04:07+00:00,1991,28.7,75.7,11.3,15.7,1.55789,403.27103
2025-06-18T05:04:56+00:00,1992,28.7,75.7,11.3,15.0,1.5428,403.32013
2025-06-18T05:05:45+00:00,1993,28.7,75.7,11.7,15.7,1.5241,403.23462
2025-06-18T05:06:35+00:00,1994,28.7,75.8,11.7,16.6,1.5241,403.25278
2025-06-18T05:07:24+00:00,1995,28.8,75.6,11.2,13.8,1.53905,403.23462
2025-06-18T05:08:14+00:00,1996,28.8,75.5,11.0,13.7,1.54656,403.25885
2025-06-18T05:09:03+00:00,1997,28.7,75.5,11.1,13.0,1.5241,403.2467
2025-06-18T05:09:52+00:00,1998,28.7,75.5,10.6,13.9,1.5428,403.18655
2025-06-18T05:10:42+00:00,1999,28.7,75.6,11.5,14.4,1.51667,403.25278
2025-06-18T05:11:31+00:00,2000,28.7,75.8,11.3,13.9,1.54656,403.2045
2025-06-18T05:12:20+00:00,2001,28.7,75.8,10.4,12.8,1.53905,403.12732
2025-06-18T05:13:10+00:00,2002,28.7,75.9,10.7,13.0,1.46189,403.03445
2025-06-18T05:13:59+00:00,2003,28.7,75.8,10.9,13.9,1.38441,402.98322
2025-06-18T05:14:49+00:00,2004,28.6,75.8,10.7,14.2,1.45112,403.09222
2025-06-18T05:15:38+00:00,2005,28.6,75.9,11.3,14.7,1.49091,403.17465
2025-06-18T05:16:27+00:00,2006,28.7,75.4,10.3,15.4,1.48725,403.18655
2025-06-18T05:17:17+00:00,2007,28.7,75.2,9.9,13.2,1.53156,403.24066
2025-06-18T05:18:06+00:00,2008,28.7,75.2,10.1,13.3,1.51297,403.19254
2025-06-18T05:18:55+00:00,2009,28.7,75.3,10.6,14.0,1.54656,403.17465
2025-06-18T05:19:45+00:00,2010,28.6,75.6,10.6,15.2,1.55033,403.1806
2025-06-18T05:20:34+00:00,2011,28.6,75.6,10.3,13.8,1.55411,403.18655
2025-06-18T05:21:23+00:00,2012,28.6,75.6,10.7,13.5,1.50928,403.19852
2025-06-18T05:22:13+00:00,2013,28.6,75.5,10.6,13.7,1.53905,403.16275
2025-06-18T05:23:02+00:00,2014,28.7,75.7,10.0,13.7,1.55033,403.17465
2025-06-18T05:23:51+00:00,2015,28.7,75.6,10.6,14.9,1.5353,403.16275
2025-06-18T05:24:41+00:00,2016,28.6,75.4,9.8,12.2,1.49091,403.18655
2025-06-18T05:25:30+00:00,2017,28.6,75.7,10.4,13.9,1.5353,403.15683
2025-06-18T05:26:20+00:00,2018,28.6,75.8,10.6,15.9,1.5241,403.1391
2025-06-18T05:27:09+00:00,2019,28.6,75.6,10.5,14.3,1.55411,403.15091
2025-06-18T05:27:58+00:00,2020,28.6,75.7,10.1,13.5,1.55789,403.14499
2025-06-18T05:28:48+00:00,2021,28.7,75.4,10.3,12.9,1.52039,403.12732
2025-06-18T05:29:37+00:00,2022,28.7,75.3,10.4,12.7,1.52783,403.1391
2025-06-18T05:30:26+00:00,2023,28.7,75.4,10.3,12.2,1.55411,403.18655
2025-06-18T05:31:16+00:00,2024,28.8,75.2,10.6,13.4,1.50191,403.14499
2025-06-18T05:32:05+00:00,2025,28.9,75.0,10.4,14.0,1.51297,403.10974
2025-06-18T05:32:54+00:00,2026,28.9,74.7,10.1,15.2,1.51667,403.09222
2025-06-18T05:33:44+00:00,2027,28.9,74.7,9.7,12.4,1.5353,403.09805
2025-06-18T05:34:33+00:00,2028,28.8,74.9,10.2,12.4,1.47634,403.10388
2025-06-18T05:35:23+00:00,2029,28.8,75.0,10.8,14.3,1.52039,403.09222
2025-06-18T05:36:12+00:00,2030,28.8,75.1,11.2,14.3,1.53905,403.1687
2025-06-18T05:37:01+00:00,2031,28.7,75.2,10.6,14.6,1.42625,402.94943
2025-06-18T05:37:51+00:00,2032,28.7,75.4,10.8,13.6,1.40869,402.93826
2025-06-18T05:38:40+00:00,2033,28.8,75.2,10.3,12.6,1.44755,402.97754
2025-06-18T05:39:29+00:00,2034,28.8,75.2,10.4,12.6,1.43687,402.96628
2025-06-18T05:40:19+00:00,2035,28.8,75.0,10.2,13.0,1.45112,402.95505
2025-06-18T05:41:08+00:00,2036,28.8,74.9,10.1,12.9,1.43687,402.93268
2025-06-18T05:41:57+00:00,2037,28.8,75.0,9.8,14.5,1.4547,402.95505
2025-06-18T05:42:47+00:00,2038,28.7,75.4,9.6,12.1,1.41569,403.03445
2025-06-18T05:43:36+00:00,2039,28.7,75.4,9.3,12.4,1.47271,402.96066
2025-06-18T05:44:26+00:00,2040,28.8,75.4,10.1,13.3,1.41569,402.97192
2025-06-18T05:45:15+00:00,2041,28.8,75.4,9.7,12.1,1.43687,402.89938
2025-06-18T05:46:04+00:00,2042,28.8,75.5,9.8,13.6,1.49823,402.96628
2025-06-18T05:46:54+00:00,2043,28.8,75.5,10.0,15.2,1.42272,403.0517
2025-06-18T05:47:43+00:00,2044,28.9,75.1,10.3,14.5,1.47271,403.00021
2025-06-18T05:48:32+00:00,2045,28.9,75.0,9.7,12.8,1.39477,403.02872
2025-06-18T05:49:22+00:00,2046,28.9,74.9,9.6,12.5,1.42978,403.01157
2025-06-18T05:50:11+00:00,2047,28.8,75.0,9.4,13.4,1.42978,403.02298
2025-06-18T05:51:01+00:00,2048,28.8,75.1,9.3,12.1,1.45829,403.02872
2025-06-18T05:51:50+00:00,2049,28.8,75.0,9.7,12.8,1.45112,403.03445
2025-06-18T05:52:39+00:00,2050,28.8,74.8,10.1,13.4,1.45829,403.05743
2025-06-18T05:53:31+00:00,2051,28.9,75.1,9.9,12.0,1.48725,403.0864
2025-06-18T05:54:20+00:00,2052,28.8,75.1,9.3,12.7,1.45829,403.09805
2025-06-18T05:55:09+00:00,2053,28.9,75.1,9.9,13.5,1.44398,403.09805
2025-06-18T05:55:59+00:00,2054,28.9,75.0,9.8,12.4,1.41921,403.0864
2025-06-18T05:56:48+00:00,2055,28.9,74.7,9.8,13.1,1.4547,403.09805
2025-06-18T05:57:38+00:00,2056,28.9,74.8,10.0,13.5,1.42978,403.09222
2025-06-18T05:58:27+00:00,2057,28.9,74.9,9.6,12.7,1.41219,403.13321
2025-06-18T05:59:16+00:00,2058,28.9,75.0,9.7,12.2,1.5353,403.15683
2025-06-18T06:00:06+00:00,2059,28.9,75.0,9.9,11.5,1.41921,403.1687
2025-06-18T06:00:55+00:00,2060,28.9,75.2,9.8,13.3,1.4052,403.16275
2025-06-18T06:01:44+00:00,2061,28.9,75.1,9.1,13.2,1.38441,403.0806
2025-06-18T06:02:34+00:00,2062,28.9,75.0,9.5,14.0,1.36726,403.12146
2025-06-18T06:03:23+00:00,2063,28.9,75.1,9.4,13.9,1.32349,403.0517
2025-06-18T06:04:12+00:00,2064,28.9,75.3,9.5,12.3,1.46549,403.27103
2025-06-18T06:05:02+00:00,2065,28.9,75.4,9.9,13.7,1.43687,403.38864
2025-06-18T06:05:51+00:00,2066,28.9,75.3,9.2,12.9,1.47271,403.31396
2025-06-18T06:06:41+00:00,2067,28.9,75.3,9.2,12.1,1.50559,403.27103
2025-06-18T06:07:30+00:00,2068,28.8,75.3,9.7,14.8,1.46189,403.33871
2025-06-18T06:08:19+00:00,2069,28.9,75.4,9.6,12.9,1.47271,403.38864
2025-06-18T06:09:09+00:00,2070,28.9,75.4,9.5,12.5,1.49091,403.33249
2025-06-18T06:09:58+00:00,2071,28.9,75.4,9.1,11.7,1.46189,403.27103
2025-06-18T06:10:48+00:00,2072,28.9,75.4,9.4,12.2,1.48361,403.27103
2025-06-18T06:11:37+00:00,2073,28.9,75.4,9.7,13.8,1.49457,403.26495
2025-06-18T06:12:26+00:00,2074,28.9,75.4,9.1,11.3,1.4547,403.25278
2025-06-18T06:13:16+00:00,2075,28.9,75.4,9.6,12.6,1.47634,403.26495
2025-06-18T06:14:05+00:00,2076,28.9,75.3,9.7,12.3,1.48361,403.1806
2025-06-18T06:14:54+00:00,2077,28.9,75.3,9.1,12.3,1.4547,403.25278
2025-06-18T06:15:44+00:00,2078,28.9,75.2,9.2,13.1,1.4691,403.23462
2025-06-18T06:16:33+00:00,2079,28.9,75.3,9.7,12.6,1.4691,403.25278
2025-06-18T06:17:23+00:00,2080,28.9,75.4,9.2,13.4,1.45829,403.27103
2025-06-18T06:18:12+00:00,2081,28.9,75.6,9.7,12.3,1.48725,403.32013
2025-06-18T06:19:02+00:00,2082,28.9,75.4,9.3,12.9,1.48361,403.35114
2025-06-18T06:19:51+00:00,2083,28.9,75.4,9.8,12.1,1.46549,403.35736
2025-06-18T06:20:40+00:00,2084,28.9,75.4,9.3,12.7,1.49091,403.34491
2025-06-18T06:21:30+00:00,2085,28.9,75.4,9.9,13.5,1.49091,403.27103
2025-06-18T06:22:19+00:00,2086,28.9,75.4,9.5,12.8,1.46189,403.27103
2025-06-18T06:23:08+00:00,2087,28.9,75.4,10.0,13.3,1.47271,403.26495
2025-06-18T06:24:04+00:00,2088,28.9,75.5,9.4,10.9,1.49823,403.32013
2025-06-18T06:24:53+00:00,2089,28.8,75.2,8.8,12.4,1.4691,403.27103
2025-06-18T06:25:42+00:00,2090,28.8,75.1,9.4,12.1,1.50559,403.27103
2025-06-18T06:26:42+00:00,2091,28.8,75.2,9.3,12.5,1.48361,403.42017
2025-06-18T06:27:34+00:00,2092,28.8,75.3,9.0,13.0,1.5241,403.35736
2025-06-18T06:28:26+00:00,2093,28.8,75.6,9.5,11.6,1.49457,403.42648
2025-06-18T06:29:15+00:00,2094,28.9,75.4,9.2,11.8,1.50928,403.42017
2025-06-18T06:30:05+00:00,2095,28.8,75.3,9.7,12.1,1.49823,403.45831
2025-06-18T06:30:57+00:00,2096,28.9,75.2,10.6,13.2,1.50191,403.48392
2025-06-18T06:31:48+00:00,2097,28.8,74.9,21.8,26.1,1.55411,403.50323
2025-06-18T06:32:37+00:00,2098,28.8,74.7,20.6,25.4,1.56168,403.48392
2025-06-18T06:33:27+00:00,2099,28.8,74.9,25.7,29.2,1.54656,403.42648
2025-06-18T06:34:16+00:00,2100,28.8,74.9,27.9,31.3,1.53905,403.48392
2025-06-18T06:35:05+00:00,2101,28.8,74.9,26.4,30.2,1.53156,403.43918
2025-06-18T06:35:55+00:00,2102,28.8,74.9,27.5,31.7,1.5241,403.46469
2025-06-18T06:36:44+00:00,2103,28.8,75.3,23.9,28.2,1.6312,403.49036
2025-06-18T06:37:33+00:00,2104,28.8,75.2,22.1,25.8,1.51667,403.43918
2025-06-18T06:38:23+00:00,2105,28.8,75.3,21.8,25.2,1.51667,403.43918
2025-06-18T06:39:12+00:00,2106,28.8,75.3,20.3,24.1,1.56168,403.43918
2025-06-18T06:40:01+00:00,2107,28.8,75.1,18.6,22.1,1.5353,403.47751
2025-06-18T06:40:51+00:00,2108,28.8,75.1,18.7,21.8,1.53905,403.48392
2025-06-18T06:41:40+00:00,2109,28.8,75.1,19.2,23.0,1.5428,403.48392
2025-06-18T06:42:30+00:00,2110,28.8,75.2,18.2,21.4,1.5353,403.47751
2025-06-18T06:43:19+00:00,2111,28.8,74.8,16.9,19.6,1.56548,403.43918
2025-06-18T06:44:08+00:00,2112,28.7,74.7,15.8,19.4,1.5428,403.43918
2025-06-18T06:44:58+00:00,2113,28.7,74.8,15.1,18.5,1.5353,403.4519
2025-06-18T06:45:47+00:00,2114,28.7,74.9,15.2,18.8,1.54656,403.46469
2025-06-18T06:46:37+00:00,2115,28.7,74.6,14.9,18.0,1.5731,403.42648
2025-06-18T06:47:26+00:00,2116,28.7,74.8,14.3,17.2,1.52039,403.40121
2025-06-18T06:48:15+00:00,2117,28.7,74.9,14.3,17.6,1.56168,403.42648
2025-06-18T06:49:05+00:00,2118,28.7,74.8,14.3,18.2,1.52783,403.46469
2025-06-18T06:49:54+00:00,2119,28.7,74.6,20.9,24.9,1.58458,403.45831
2025-06-18T06:51:27+00:00,2120,28.6,74.7,17.5,20.9,1.39131,402.96646
2025-06-18T06:52:16+00:00,2121,28.7,74.5,18.9,22.9,2.04319,404.21585
2025-06-18T06:53:05+00:00,2122,28.7,73.9,17.4,20.0,2.19878,404.04785
2025-06-18T06:53:55+00:00,2123,28.8,74.0,20.1,23.6,2.09918,404.16946
2025-06-18T06:54:44+00:00,2124,28.7,73.2,18.8,22.8,2.1775,404.18491
2025-06-18T06:55:33+00:00,2125,28.7,73.3,18.1,20.4,2.18812,404.2941
2025-06-18T06:56:23+00:00,2126,28.7,73.2,18.9,22.3,1.9493,404.18491
2025-06-18T06:57:12+00:00,2127,28.7,73.5,18.8,22.4,2.20412,404.11591
2025-06-18T06:58:02+00:00,2128,28.7,73.4,17.8,21.0,2.13023,404.23141
2025-06-18T06:58:51+00:00,2129,28.7,73.5,17.3,21.4,2.16165,404.20035
2025-06-18T06:59:41+00:00,2130,28.7,73.5,17.0,20.7,2.08379,404.23141
2025-06-18T07:00:30+00:00,2131,28.7,73.7,17.2,19.4,2.20412,403.86368
2025-06-18T07:01:19+00:00,2132,28.7,73.8,16.5,19.0,2.04823,404.16946
2025-06-18T07:02:09+00:00,2133,28.7,73.7,15.4,19.2,2.23101,404.18491
2025-06-18T07:02:58+00:00,2134,28.7,74.0,15.1,18.6,2.22022,404.20035
2025-06-18T07:03:47+00:00,2135,28.7,74.0,15.7,17.6,2.2527,404.18491
2025-06-18T07:04:37+00:00,2136,28.7,74.1,15.8,18.4,2.24184,404.2081
2025-06-18T07:05:26+00:00,2137,28.7,74.1,15.4,18.4,2.30214,404.2081
2025-06-18T07:06:15+00:00,2138,28.6,74.1,15.4,19.0,2.04823,404.12354
2025-06-18T07:07:05+00:00,2139,28.7,74.2,15.0,17.7,2.09918,404.1618
2025-06-18T07:07:54+00:00,2140,28.6,74.3,14.2,16.4,2.1775,403.92917
2025-06-18T07:08:44+00:00,2141,28.7,74.3,15.2,17.8,2.12503,404.10831
2025-06-18T07:09:33+00:00,2142,28.6,74.4,15.5,17.4,2.22022,404.12354
2025-06-18T07:10:22+00:00,2143,28.6,74.5,15.8,17.8,2.23101,404.04785
2025-06-18T07:11:12+00:00,2144,28.6,74.6,15.3,18.7,2.17221,404.16946
2025-06-18T07:12:01+00:00,2145,28.6,74.7,17.0,21.8,2.1775,404.17719
2025-06-18T07:12:50+00:00,2146,28.6,74.8,15.9,18.1,2.1775,404.13879
2025-06-18T07:13:40+00:00,2147,28.6,74.8,16.6,22.3,2.13023,404.13113
2025-06-18T07:14:29+00:00,2148,28.6,74.9,16.9,20.6,2.13023,404.17719
2025-06-18T07:15:18+00:00,2149,28.6,74.9,16.7,19.8,2.20948,404.10071
2025-06-18T07:16:08+00:00,2150,28.6,75.0,16.2,19.9,2.14589,404.16946
2025-06-18T07:16:57+00:00,2151,28.6,75.0,17.2,21.1,2.12503,404.15411
2025-06-18T07:17:46+00:00,2152,28.6,75.1,17.6,19.7,2.21485,404.16946
2025-06-18T07:18:36+00:00,2153,28.6,75.0,15.8,19.8,2.20948,404.18491
2025-06-18T07:19:25+00:00,2154,28.6,75.0,16.1,18.1,2.24184,404.18491
2025-06-18T07:20:14+00:00,2155,28.6,75.0,17.3,21.8,2.16692,403.65878
2025-06-18T07:21:04+00:00,2156,28.6,75.0,17.0,22.1,2.1775,404.18491
2025-06-18T07:21:53+00:00,2157,28.6,75.0,17.3,21.5,2.1775,404.19263
2025-06-18T07:22:43+00:00,2158,28.5,75.0,17.2,21.0,2.14066,404.14645
2025-06-18T07:23:32+00:00,2159,28.5,75.0,16.9,20.7,2.11984,404.18491
2025-06-18T07:24:21+00:00,2160,28.5,75.1,17.5,21.4,2.13023,404.0629
2025-06-18T07:25:11+00:00,2161,28.5,75.1,17.3,21.0,2.10433,404.16946
2025-06-18T07:26:00+00:00,2162,28.5,74.9,17.3,21.7,2.13023,404.13879
2025-06-18T07:26:49+00:00,2163,28.5,74.8,17.4,20.9,2.16692,404.07043
2025-06-18T07:27:39+00:00,2164,28.5,74.8,16.5,19.8,2.13544,404.17719
2025-06-18T07:28:28+00:00,2165,28.5,74.8,17.7,21.2,2.1775,404.19263
2025-06-18T07:29:18+00:00,2166,28.5,74.7,17.9,23.6,2.16165,404.13113
2025-06-18T07:30:07+00:00,2167,28.4,74.8,16.4,21.0,2.15114,404.17719
2025-06-18T07:30:57+00:00,2168,28.5,74.8,16.9,20.3,2.20412,404.03287
2025-06-18T07:31:47+00:00,2169,28.4,74.9,17.4,21.2,2.14066,404.13879
2025-06-18T07:32:36+00:00,2170,28.5,75.0,16.5,20.5,2.1775,404.19263
2025-06-18T07:33:25+00:00,2171,28.5,74.8,16.7,19.8,2.13544,404.19263
2025-06-18T07:34:15+00:00,2172,28.5,74.9,17.7,21.2,2.1775,404.18491
2025-06-18T07:35:04+00:00,2173,28.4,74.9,16.4,19.5,1.96389,404.20035
2025-06-18T07:35:54+00:00,2174,28.5,74.8,17.6,22.1,2.20412,404.17719
2025-06-18T07:36:43+00:00,2175,28.4,74.8,17.5,21.5,2.15639,404.23141
2025-06-18T07:37:32+00:00,2176,28.4,74.8,17.7,21.6,2.1775,403.95856
2025-06-18T07:38:22+00:00,2177,28.4,74.8,17.8,23.1,2.24184,404.14645
2025-06-18T07:39:12+00:00,2178,28.4,74.8,17.0,20.4,2.10949,404.17719
2025-06-18T07:40:02+00:00,2179,28.4,74.8,17.1,21.0,2.13023,404.12354
2025-06-18T07:40:54+00:00,2180,28.4,74.8,17.3,20.3,2.01315,404.05536
2025-06-18T07:41:44+00:00,2181,28.4,74.9,18.0,21.9,2.18281,404.16946
2025-06-18T07:42:33+00:00,2182,28.4,74.9,18.1,21.9,2.22561,404.16946
2025-06-18T07:43:23+00:00,2183,28.4,75.0,17.1,20.8,2.14589,404.13113
2025-06-18T07:44:16+00:00,2184,28.4,75.1,18.0,21.5,2.23642,404.15411
2025-06-18T07:45:08+00:00,2185,28.4,75.2,17.5,21.7,2.23101,404.04785
2025-06-18T07:45:57+00:00,2186,28.4,75.5,18.0,21.9,2.13544,403.94385
2025-06-18T07:46:48+00:00,2187,28.4,75.6,17.7,20.7,2.06341,404.1618
2025-06-18T07:47:37+00:00,2188,28.4,75.8,17.0,22.4,2.16165,404.17719
2025-06-18T07:48:27+00:00,2189,28.4,76.0,16.6,19.5,2.21485,404.13879
2025-06-18T07:49:20+00:00,2190,28.4,76.1,17.5,20.1,2.04823,404.13113
2025-06-18T07:50:10+00:00,2191,28.4,76.2,17.5,22.0,2.11466,404.17719
2025-06-18T07:51:00+00:00,2192,28.4,76.3,16.7,19.7,2.11466,404.10071
2025-06-18T07:51:50+00:00,2193,28.4,76.4,17.4,21.5,2.11984,404.17719
2025-06-18T07:52:40+00:00,2194,28.4,76.5,17.2,20.3,2.00322,404.18491
2025-06-18T07:53:30+00:00,2195,28.3,76.7,17.1,21.4,2.20412,404.13879
2025-06-18T07:55:13+00:00,2196,28.3,76.7,16.9,20.8,2.17221,404.1618
2025-06-18T07:56:03+00:00,2197,28.3,76.7,16.9,22.4,2.18812,404.13879
2025-06-18T07:56:52+00:00,2198,28.3,76.8,17.1,21.6,2.03314,404.18491
2025-06-18T07:57:42+00:00,2199,28.3,76.8,17.2,21.7,2.21485,404.21585
2025-06-18T07:58:31+00:00,2200,28.3,76.8,17.2,20.9,2.21485,404.04785
2025-06-18T07:59:21+00:00,2201,28.3,76.8,17.9,24.1,2.21485,404.16946
2025-06-18T08:00:10+00:00,2202,28.3,77.0,17.9,24.3,2.20412,404.21585
2025-06-18T08:01:00+00:00,2203,28.3,77.2,17.8,24.2,2.22561,404.16946
2025-06-18T08:01:49+00:00,2204,28.3,77.4,19.3,24.1,2.20948,404.17719
2025-06-18T08:02:39+00:00,2205,28.2,77.4,18.1,23.7,2.05834,403.61752
2025-06-18T08:03:28+00:00,2206,28.2,77.5,18.7,23.7,2.21485,404.01791
2025-06-18T08:04:18+00:00,2207,28.2,77.6,19.0,23.6,2.16692,404.13879
2025-06-18T08:05:07+00:00,2208,28.2,77.7,18.4,22.7,2.23642,404.09311
2025-06-18T08:06:01+00:00,2209,28.2,77.6,18.2,22.7,2.16692,404.11591
2025-06-18T08:06:50+00:00,2210,28.2,77.5,17.9,20.8,2.24184,404.12354
2025-06-18T08:07:42+00:00,2211,28.2,77.6,18.8,24.8,2.16692,404.1618
2025-06-18T08:08:34+00:00,2212,28.2,77.6,18.0,24.3,2.17221,404.08554
2025-06-18T08:09:26+00:00,2213,28.2,77.6,18.3,23.8,2.20948,403.85648
2025-06-18T08:10:19+00:00,2214,28.2,77.6,17.1,21.4,2.22561,404.13879
2025-06-18T08:11:12+00:00,2215,28.2,77.5,18.1,23.0,2.18281,404.01047
2025-06-18T08:12:06+00:00,2216,28.2,77.4,17.8,21.5,2.20412,404.12354
2025-06-18T08:12:57+00:00,2217,28.2,77.5,18.9,24.0,2.24727,404.01047
2025-06-18T08:13:50+00:00,2218,28.2,77.6,17.9,21.8,2.19878,404.12354
2025-06-18T08:15:33+00:00,2219,28.2,77.5,18.2,24.4,2.20948,404.18491
2025-06-18T08:16:23+00:00,2220,28.1,77.7,18.3,22.0,2.14589,404.18491
2025-06-18T08:17:15+00:00,2221,28.1,77.8,18.1,22.5,2.10949,404.13879
2025-06-18T08:18:05+00:00,2222,28.1,77.8,17.9,22.0,2.11984,404.1618
2025-06-18T08:18:54+00:00,2223,28.1,77.7,17.0,22.0,2.19878,404.12354
2025-06-18T08:19:43+00:00,2224,28.1,77.8,17.4,23.0,2.24184,404.16946
2025-06-18T08:20:33+00:00,2225,28.1,77.9,18.0,21.5,2.23101,404.18491
2025-06-18T08:21:22+00:00,2226,28.2,77.9,18.4,22.6,2.20412,404.17719
2025-06-18T08:22:11+00:00,2227,28.2,77.8,18.4,22.5,2.13544,404.1618
2025-06-18T08:23:01+00:00,2228,28.2,77.7,17.4,21.6,2.22561,404.13113
2025-06-18T08:23:50+00:00,2229,28.2,78.0,18.2,23.7,2.19878,404.15411
2025-06-18T08:24:40+00:00,2230,28.2,77.9,18.6,25.2,2.24184,404.1618
2025-06-18T08:25:29+00:00,2231,28.2,78.1,17.6,21.9,2.30214,404.1618
2025-06-18T08:26:19+00:00,2232,28.1,78.4,18.4,23.3,2.31325,404.08554
2025-06-18T08:27:08+00:00,2233,28.1,78.5,18.8,22.5,2.19344,404.13113
2025-06-18T08:27:58+00:00,2234,28.1,78.5,18.7,24.2,2.12503,404.13113
2025-06-18T08:28:47+00:00,2235,28.1,78.5,18.1,22.2,2.15639,404.17719
2025-06-18T08:29:37+00:00,2236,28.1,78.6,19.9,23.1,2.25815,404.16946
2025-06-18T08:30:26+00:00,2237,28.1,78.6,18.4,22.2,2.32439,404.14645
2025-06-18T08:31:21+00:00,2238,28.1,78.6,18.2,22.1,2.18812,403.98074
2025-06-18T08:32:12+00:00,2239,28.1,78.7,19.2,22.9,2.14589,404.16946
2025-06-18T08:33:06+00:00,2240,28.1,78.7,20.0,25.9,2.18281,404.15411
2025-06-18T08:33:55+00:00,2241,28.1,78.9,19.1,22.8,2.18812,404.12354
2025-06-18T08:34:53+00:00,2242,28.1,78.8,18.1,21.4,2.19878,404.17719
2025-06-18T08:35:42+00:00,2243,28.1,78.7,18.2,24.2,2.20948,404.10831
2025-06-18T08:36:32+00:00,2244,28.1,78.8,18.5,24.5,2.15639,404.14645
2025-06-18T08:37:21+00:00,2245,28.1,78.6,19.1,24.4,2.25815,404.14645
2025-06-18T08:38:11+00:00,2246,28.0,78.8,19.1,23.1,2.25815,404.16946
2025-06-18T08:39:03+00:00,2247,28.0,78.8,19.0,22.2,2.24184,404.18491
2025-06-18T08:39:53+00:00,2248,28.0,78.9,19.5,23.8,2.29108,404.21585
2025-06-18T08:40:42+00:00,2249,28.0,78.8,19.6,24.8,2.26362,404.17719
2025-06-18T08:41:32+00:00,2250,28.0,78.9,19.4,22.2,2.24184,404.18491
2025-06-18T08:42:21+00:00,2251,28.0,78.9,20.4,24.9,2.18281,404.16946
2025-06-18T08:43:11+00:00,2252,28.0,79.0,18.7,23.4,2.19344,404.16946
2025-06-18T08:44:00+00:00,2253,28.0,79.0,18.4,22.9,2.23101,404.14645
2025-06-18T08:44:49+00:00,2254,28.0,78.9,18.3,21.8,2.23642,404.14645
2025-06-18T08:45:40+00:00,2255,28.0,79.0,18.3,24.6,2.23101,404.18491
2025-06-18T08:46:29+00:00,2256,28.0,79.2,18.9,23.6,2.11466,404.18491
2025-06-18T08:47:23+00:00,2257,28.0,79.1,19.5,22.4,2.21485,404.04034
2025-06-18T08:48:12+00:00,2258,28.0,79.2,19.5,24.0,2.20412,404.17719
2025-06-18T08:49:02+00:00,2259,28.0,79.1,19.2,23.1,2.22561,404.20035
2025-06-18T08:49:51+00:00,2260,28.0,79.0,19.3,22.3,2.20412,404.13113
2025-06-18T08:50:40+00:00,2261,28.0,79.1,19.9,24.6,2.07868,404.2081
2025-06-18T08:51:33+00:00,2262,28.0,79.2,19.7,27.3,2.26909,404.13879
2025-06-18T08:52:23+00:00,2263,28.0,79.3,20.6,28.1,2.17221,404.1618
2025-06-18T08:53:12+00:00,2264,27.9,79.3,20.2,24.4,2.22022,404.13879
2025-06-18T08:54:02+00:00,2265,27.9,79.2,19.7,25.5,2.19878,404.1618
2025-06-18T08:54:52+00:00,2266,28.0,79.0,19.4,25.9,2.20948,403.81339
2025-06-18T08:55:41+00:00,2267,28.0,79.1,19.9,26.2,2.24727,404.12354
2025-06-18T08:56:31+00:00,2268,27.9,79.2,18.7,24.6,2.24184,404.11591
2025-06-18T08:57:20+00:00,2269,27.9,79.2,19.1,24.6,2.24184,404.27051
2025-06-18T08:58:10+00:00,2270,27.9,79.2,20.1,27.0,2.27457,404.20035
2025-06-18T08:58:59+00:00,2271,27.9,79.2,19.2,24.7,2.23101,404.16946
2025-06-18T08:59:49+00:00,2272,27.9,79.3,19.2,24.6,2.27457,404.01791
2025-06-18T09:00:38+00:00,2273,27.9,79.2,20.5,27.4,2.22022,404.18491
2025-06-18T09:01:28+00:00,2274,27.9,79.4,20.2,25.1,2.25815,404.15411
2025-06-18T09:02:17+00:00,2275,27.9,79.3,20.5,26.8,2.24727,404.13113
2025-06-18T09:03:07+00:00,2276,27.9,79.4,20.4,25.3,2.23642,404.00299
2025-06-18T09:03:59+00:00,2277,27.9,79.4,20.5,27.5,2.16692,404.1618
2025-06-18T09:04:49+00:00,2278,27.9,79.3,21.2,29.0,2.29108,404.18491
2025-06-18T09:05:38+00:00,2279,27.9,79.3,20.8,25.9,2.22561,404.14645
2025-06-18T09:06:28+00:00,2280,27.9,79.4,20.0,24.0,2.27457,404.13879
2025-06-18T09:07:17+00:00,2281,27.9,79.4,20.6,26.7,2.27457,404.13113
2025-06-18T09:08:07+00:00,2282,27.9,79.4,19.3,24.2,2.19878,404.13879
2025-06-18T09:08:57+00:00,2283,27.9,79.5,19.7,27.6,2.27457,404.17719
2025-06-18T09:09:47+00:00,2284,27.9,79.5,19.2,25.1,2.2527,404.15411
2025-06-18T09:10:36+00:00,2285,27.9,79.5,20.6,26.0,2.31325,404.16946
2025-06-18T09:11:28+00:00,2286,27.8,79.5,19.0,24.1,2.22561,404.2081
2025-06-18T09:12:19+00:00,2287,27.8,79.6,19.5,23.6,2.19878,404.16946
2025-06-18T09:14:02+00:00,2288,27.9,79.3,18.5,22.7,2.28557,404.18491
2025-06-18T09:14:52+00:00,2289,27.9,79.2,19.3,24.2,2.20412,404.13113
2025-06-18T09:15:41+00:00,2290,27.9,79.2,18.4,24.7,2.31881,404.10831
2025-06-18T09:17:22+00:00,2291,27.9,79.1,18.7,22.8,2.29661,404.13113
2025-06-18T09:18:14+00:00,2292,27.9,79.0,18.3,24.3,2.2527,404.1618
2025-06-18T09:19:10+00:00,2293,27.9,79.0,18.1,21.5,2.26362,404.18491
2025-06-18T09:19:59+00:00,2294,27.9,78.9,18.8,21.2,2.27457,404.14645
2025-06-18T09:20:49+00:00,2295,27.9,78.9,19.2,24.4,2.27457,404.1618
2025-06-18T09:21:38+00:00,2296,27.9,78.9,17.7,22.4,2.24727,404.12354
2025-06-18T09:22:27+00:00,2297,27.9,78.9,18.6,23.4,2.25815,404.1618
2025-06-18T09:23:17+00:00,2298,27.9,78.8,18.3,21.7,2.25815,404.19263
2025-06-18T09:24:06+00:00,2299,27.9,79.0,18.0,23.5,2.25815,404.03287
2025-06-18T09:24:56+00:00,2300,27.9,78.7,17.6,20.9,2.22022,404.14645
2025-06-18T09:25:45+00:00,2301,27.9,78.6,18.3,23.1,2.11466,404.13113
2025-06-18T09:26:38+00:00,2302,27.9,78.6,17.6,21.7,2.28006,404.11591
2025-06-18T09:27:27+00:00,2303,27.9,79.2,18.3,23.4,2.32439,403.82053
2025-06-18T09:28:17+00:00,2304,27.8,79.0,18.0,22.3,2.2527,404.17719
2025-06-18T09:29:06+00:00,2305,27.8,79.0,17.8,20.6,2.23101,404.13113
2025-06-18T09:29:56+00:00,2306,27.9,79.0,18.7,21.9,2.27457,404.13879
2025-06-18T09:30:46+00:00,2307,27.8,79.2,17.5,21.5,2.19344,404.13113
2025-06-18T09:31:39+00:00,2308,27.8,79.1,17.2,22.5,2.26909,404.08554
2025-06-18T09:32:29+00:00,2309,27.8,79.0,17.4,21.2,2.26362,404.08554
2025-06-18T09:33:19+00:00,2310,27.8,79.2,18.2,21.9,2.28557,404.03287
2025-06-18T09:34:08+00:00,2311,27.8,79.2,17.9,22.9,2.26362,404.04034
2025-06-18T09:34:58+00:00,2312,27.8,79.2,17.8,22.1,2.20948,404.13113
2025-06-18T09:35:47+00:00,2313,27.8,79.1,18.1,22.6,2.24184,404.17719
2025-06-18T09:36:37+00:00,2314,27.9,79.1,17.4,20.7,2.16692,404.02539
2025-06-18T09:37:27+00:00,2315,27.9,79.2,18.0,22.9,2.27457,404.09311
2025-06-18T09:38:19+00:00,2316,27.8,79.0,17.0,20.7,2.15639,404.00299
2025-06-18T09:39:08+00:00,2317,27.9,79.0,17.3,22.0,2.14066,404.13879
2025-06-18T09:40:02+00:00,2318,27.9,78.4,17.0,23.0,2.28006,403.98816
2025-06-18T09:40:51+00:00,2319,27.9,78.3,17.2,21.0,2.26362,403.86368
2025-06-18T09:41:41+00:00,2320,27.9,78.3,18.2,22.9,2.15639,403.89996
2025-06-18T09:42:33+00:00,2321,27.9,78.5,17.7,25.0,2.23642,403.88541
2025-06-18T09:43:23+00:00,2322,27.9,78.5,17.1,20.8,2.2527,403.84927
2025-06-18T09:44:16+00:00,2323,27.8,78.8,17.0,20.9,2.24184,403.87091
2025-06-18T09:45:57+00:00,2324,27.8,78.8,17.3,20.9,2.22022,403.99557
2025-06-18T09:46:50+00:00,2325,27.8,78.9,17.4,23.4,2.21485,403.88541
2025-06-18T09:47:40+00:00,2326,27.8,78.8,17.1,20.8,2.02813,404.00299
2025-06-18T09:48:30+00:00,2327,27.8,78.7,17.2,21.9,2.07358,403.90726
2025-06-18T09:49:19+00:00,2328,27.8,78.6,17.8,25.0,2.19878,403.92917
2025-06-18T09:50:15+00:00,2329,27.8,78.6,17.5,20.9,2.26909,404.04785
2025-06-18T09:51:09+00:00,2330,27.8,78.4,17.2,20.9,2.18281,404.10831
2025-06-18T09:51:59+00:00,2331,27.8,78.5,17.1,20.9,2.2527,403.92917
2025-06-18T09:52:48+00:00,2332,27.8,78.5,17.9,23.9,2.20412,404.00299
2025-06-18T09:53:40+00:00,2333,27.8,78.5,17.3,20.8,2.20948,404.11591
2025-06-18T09:54:29+00:00,2334,27.8,78.2,16.8,20.3,2.13023,404.08554
2025-06-18T09:55:19+00:00,2335,27.8,78.3,17.3,22.9,2.28006,404.05536
2025-06-18T09:56:08+00:00,2336,27.8,78.0,17.9,21.1,2.30769,404.07797
2025-06-18T09:56:58+00:00,2337,27.8,77.8,16.9,21.0,2.28006,404.10831
2025-06-18T09:57:48+00:00,2338,27.8,77.8,17.0,21.4,2.18812,403.92184
2025-06-18T09:58:37+00:00,2339,27.8,77.9,17.1,20.1,2.23101,403.90726
2025-06-18T09:59:28+00:00,2340,27.8,77.9,17.1,20.3,2.16692,403.89996
2025-06-18T10:00:21+00:00,2341,27.8,78.0,17.2,21.6,2.18812,404.10831
2025-06-18T10:01:11+00:00,2342,27.8,77.9,17.3,22.7,2.23642,404.10831
2025-06-18T10:02:00+00:00,2343,27.8,77.8,17.7,22.5,2.16692,403.98816
2025-06-18T10:02:49+00:00,2344,27.8,77.6,17.3,20.8,2.26362,404.07797
2025-06-18T10:03:39+00:00,2345,27.8,77.7,16.8,19.4,2.1775,403.92184
2025-06-18T10:04:30+00:00,2346,27.8,77.8,17.6,21.0,2.22561,404.05536
2025-06-18T10:05:22+00:00,2347,27.8,77.7,16.9,20.4,2.23642,404.01791
2025-06-18T10:06:11+00:00,2348,27.8,77.7,17.3,21.0,2.2527,404.04785
2025-06-18T10:07:01+00:00,2349,27.8,77.7,16.4,20.6,2.24184,403.92917
2025-06-18T10:07:50+00:00,2350,27.8,77.6,17.0,21.7,2.15114,404.00299
2025-06-18T10:08:39+00:00,2351,27.8,77.6,16.3,20.7,2.26362,403.92917
2025-06-18T10:09:29+00:00,2352,27.8,77.5,16.6,21.5,2.10433,403.99557
2025-06-18T10:10:18+00:00,2353,27.7,77.6,16.4,21.2,2.16692,404.01047
2025-06-18T10:11:08+00:00,2354,27.7,77.3,17.0,20.5,2.26909,404.04785
2025-06-18T10:11:57+00:00,2355,27.7,77.4,17.1,20.8,2.26362,404.05536
2025-06-18T10:12:46+00:00,2356,27.8,77.0,16.7,20.5,2.25815,404.02539
2025-06-18T10:13:36+00:00,2357,27.7,77.0,17.0,21.2,2.23642,404.13879
2025-06-18T10:14:25+00:00,2358,27.7,77.0,16.2,20.3,2.11466,404.10071
2025-06-18T10:15:15+00:00,2359,27.7,77.3,16.8,22.8,2.24727,404.04034
2025-06-18T10:16:04+00:00,2360,27.7,77.3,17.2,21.2,2.24184,404.0629
2025-06-18T10:16:53+00:00,2361,27.7,77.2,16.6,19.8,2.15639,404.1618
2025-06-18T10:17:43+00:00,2362,27.8,77.3,17.2,20.9,2.20948,404.07797
2025-06-18T10:18:32+00:00,2363,27.8,77.3,15.9,20.1,2.24727,404.01791
2025-06-18T10:19:21+00:00,2364,27.7,77.3,16.8,20.6,2.10949,404.04785
2025-06-18T10:20:11+00:00,2365,27.7,77.3,17.8,21.1,2.21485,404.10071
2025-06-18T10:21:01+00:00,2366,27.7,77.3,17.1,22.5,2.25815,403.77777
2025-06-18T10:21:55+00:00,2367,27.7,77.2,17.3,21.6,2.30769,404.13113
2025-06-18T10:22:44+00:00,2368,27.7,77.3,16.8,21.0,2.24727,404.08554
2025-06-18T10:23:37+00:00,2369,27.7,77.2,17.5,21.2,2.30214,404.13879
2025-06-18T10:24:27+00:00,2370,27.7,77.1,17.4,21.4,2.26362,404.11591
2025-06-18T10:25:16+00:00,2371,27.7,76.9,16.8,21.0,2.2527,404.10071
2025-06-18T10:26:06+00:00,2372,27.7,77.0,17.2,22.5,2.26909,404.13113
2025-06-18T10:26:56+00:00,2373,27.7,77.2,16.8,22.1,2.27457,404.10831
2025-06-18T10:27:48+00:00,2374,27.7,77.2,17.7,22.7,2.30769,404.04034
2025-06-18T10:28:41+00:00,2375,27.7,77.2,17.7,21.9,2.31325,403.86368
2025-06-18T10:29:31+00:00,2376,27.7,77.1,17.8,22.4,2.30214,404.10831
2025-06-18T10:30:24+00:00,2377,27.7,77.1,17.7,23.0,2.20948,404.18491
2025-06-18T10:31:14+00:00,2378,27.7,77.1,17.1,21.9,2.28557,404.14645
2025-06-18T10:32:04+00:00,2379,27.7,76.9,16.5,19.5,2.28006,404.14645
2025-06-18T10:32:56+00:00,2380,27.7,76.9,17.3,20.8,2.32439,404.19263
2025-06-18T10:33:46+00:00,2381,27.7,77.0,18.0,23.5,2.32998,404.17719
2025-06-18T10:34:40+00:00,2382,27.7,77.0,16.8,20.6,2.36375,404.12354
2025-06-18T10:35:29+00:00,2383,27.7,76.9,17.0,21.3,2.32439,404.16946
2025-06-18T10:36:19+00:00,2384,27.7,76.7,16.8,20.0,2.33558,404.19263
2025-06-18T10:37:09+00:00,2385,27.6,77.0,17.5,21.7,2.34119,404.2081
2025-06-18T10:37:58+00:00,2386,27.7,76.8,17.4,20.5,2.33558,404.1618
2025-06-18T10:38:52+00:00,2387,27.7,76.6,17.0,20.0,2.1775,404.1618
2025-06-18T10:39:41+00:00,2388,27.7,76.7,18.4,23.3,2.22561,404.18491
2025-06-18T10:40:34+00:00,2389,27.7,76.4,16.7,19.8,2.33558,404.17719
2025-06-18T10:41:30+00:00,2390,27.7,76.2,16.7,19.4,2.33558,404.19263
2025-06-18T10:42:20+00:00,2391,27.7,76.3,16.8,20.1,2.34119,404.15411
2025-06-18T10:43:09+00:00,2392,27.7,76.4,17.5,20.7,2.34682,404.17719
2025-06-18T10:44:03+00:00,2393,27.7,76.6,17.3,20.9,2.35809,404.20035
2025-06-18T10:45:01+00:00,2394,27.7,76.3,17.6,23.2,2.29661,404.14645
2025-06-18T10:45:56+00:00,2395,27.7,76.3,16.2,20.3,2.31325,404.18491
2025-06-18T10:46:46+00:00,2396,27.7,76.4,17.3,22.6,2.35809,404.24701
2025-06-18T10:47:43+00:00,2397,27.7,76.2,16.8,20.8,2.38078,404.1618
2025-06-18T10:48:33+00:00,2398,27.7,76.4,16.7,21.5,2.16692,404.2081
2025-06-18T10:49:22+00:00,2399,27.6,76.1,16.4,20.6,2.37509,404.24701
2025-06-18T10:50:12+00:00,2400,27.6,76.4,17.0,20.0,2.35809,404.26266
2025-06-18T10:51:01+00:00,2401,27.6,76.4,16.4,20.6,2.25815,404.2392
2025-06-18T10:51:58+00:00,2402,27.6,76.4,17.1,20.4,2.40938,404.20035
2025-06-18T10:52:55+00:00,2403,27.7,76.2,17.2,20.6,2.4209,404.22363
2025-06-18T10:53:44+00:00,2404,27.7,76.5,16.2,20.1,2.36375,404.1618
2025-06-18T10:54:34+00:00,2405,27.6,76.5,17.1,21.1,2.20948,404.19263
2025-06-18T10:55:23+00:00,2406,27.6,76.5,18.1,21.3,2.38078,404.18491
2025-06-18T10:56:13+00:00,2407,27.7,76.3,17.8,23.0,2.37509,404.15411
2025-06-18T10:57:02+00:00,2408,27.7,76.1,17.5,23.3,2.35245,404.13879
2025-06-18T10:57:51+00:00,2409,27.6,76.2,16.8,20.9,2.39219,404.12354
2025-06-18T10:58:41+00:00,2410,27.7,76.0,17.4,21.3,2.36375,403.74948
2025-06-18T10:59:30+00:00,2411,27.6,76.1,16.9,20.8,2.28557,404.18491
2025-06-18T11:00:25+00:00,2412,27.6,76.0,16.5,20.6,2.34119,404.19263
2025-06-18T11:01:14+00:00,2413,27.7,76.0,17.8,21.3,2.39791,404.22363
2025-06-18T11:02:03+00:00,2414,27.6,76.2,18.4,24.1,2.38648,404.28622
2025-06-18T11:02:55+00:00,2415,27.6,76.2,19.0,24.3,2.40938,404.19263
2025-06-18T11:03:44+00:00,2416,27.7,76.5,19.6,25.9,2.41513,404.2081
2025-06-18T11:04:36+00:00,2417,27.7,76.6,19.2,25.1,2.41513,404.21585
2025-06-18T11:05:25+00:00,2418,27.7,76.5,19.0,22.9,2.23642,404.18491
2025-06-18T11:06:15+00:00,2419,27.7,76.5,18.1,23.1,2.41513,404.19263
2025-06-18T11:07:04+00:00,2420,27.7,76.2,17.6,23.3,2.38648,404.20035
2025-06-18T11:07:54+00:00,2421,27.7,76.2,19.6,25.6,2.41513,404.18491
2025-06-18T11:08:43+00:00,2422,27.6,76.8,18.5,24.9,2.26362,404.19263
2025-06-18T11:09:35+00:00,2423,27.6,76.2,18.4,24.6,2.4209,404.21585
2025-06-18T11:10:32+00:00,2424,27.6,77.2,18.6,24.1,2.34119,404.18491
2025-06-18T11:11:25+00:00,2425,27.7,77.5,21.1,29.8,2.43826,404.17719
2025-06-18T11:12:16+00:00,2426,27.7,77.9,20.3,26.3,2.37509,404.18491
2025-06-18T11:13:05+00:00,2427,27.7,78.3,21.0,27.6,2.39791,404.08554
2025-06-18T11:13:54+00:00,2428,27.7,78.3,21.2,27.3,2.43826,404.13879
2025-06-18T11:14:44+00:00,2429,27.7,78.5,20.4,25.9,2.35809,404.10071
2025-06-18T11:15:33+00:00,2430,27.7,78.6,19.7,25.9,2.42667,404.1618
2025-06-18T11:16:23+00:00,2431,27.7,78.5,18.7,23.2,2.26362,404.17719
2025-06-18T11:17:12+00:00,2432,27.7,78.5,18.9,23.6,2.2527,404.07043
2025-06-18T11:18:01+00:00,2433,27.7,78.8,19.6,26.0,2.34119,404.14645
2025-06-18T11:18:51+00:00,2434,27.8,78.7,18.8,24.1,2.45572,404.16946
2025-06-18T11:19:40+00:00,2435,27.8,78.6,18.9,25.4,2.24727,404.13879
2025-06-18T11:20:29+00:00,2436,27.8,78.4,19.0,24.6,2.36375,404.13113
2025-06-18T11:21:19+00:00,2437,27.8,78.5,17.9,21.8,2.37509,404.14645
2025-06-18T11:24:17+00:00,2438,27.8,78.2,17.3,23.2,2.40364,404.14645
2025-06-18T11:25:07+00:00,2439,27.7,77.5,16.9,20.3,2.24727,404.12354
2025-06-18T11:25:56+00:00,2440,27.6,76.0,17.1,21.9,2.20948,404.11591
2025-06-18T11:26:50+00:00,2441,27.5,76.1,16.8,22.3,2.43826,404.17719
2025-06-18T11:27:40+00:00,2442,27.6,77.4,16.6,21.9,2.39791,404.0629
2025-06-18T11:28:29+00:00,2443,27.6,78.1,18.3,25.2,2.38648,403.7991
2025-06-18T11:29:23+00:00,2444,27.6,76.7,18.8,27.7,2.43246,404.1618
2025-06-18T11:30:12+00:00,2445,27.6,77.2,17.9,23.6,2.34119,404.17719
2025-06-18T11:31:05+00:00,2446,27.6,77.2,18.8,25.7,2.43246,404.18491
2025-06-18T11:32:48+00:00,2447,27.7,77.7,20.2,27.5,2.31325,404.1618
2025-06-18T11:33:37+00:00,2448,27.6,77.9,19.7,30.2,2.43246,404.11591
2025-06-18T11:34:27+00:00,2449,27.6,78.0,20.1,27.1,2.36941,404.01047
2025-06-18T11:35:16+00:00,2450,27.6,78.1,19.5,27.4,2.43826,404.10831
2025-06-18T11:36:06+00:00,2451,27.6,78.0,18.3,25.4,2.43826,404.18491
2025-06-18T11:36:55+00:00,2452,27.6,78.3,18.0,24.8,2.44407,404.07797
2025-06-18T11:37:44+00:00,2453,27.7,78.1,18.2,24.5,2.30214,404.01791
2025-06-18T11:38:34+00:00,2454,27.7,78.0,17.4,23.5,2.42667,404.13879
2025-06-18T11:39:27+00:00,2455,27.7,78.1,17.1,24.0,2.36375,404.01047
2025-06-18T11:40:19+00:00,2456,27.7,78.0,17.5,23.3,2.41513,404.10831
2025-06-18T11:41:08+00:00,2457,27.7,78.2,17.5,23.1,2.43246,404.13879
2025-06-18T11:41:58+00:00,2458,27.7,78.4,17.7,23.0,2.40364,404.02539
2025-06-18T11:42:50+00:00,2459,27.7,78.2,18.0,23.7,2.31881,404.12354
2025-06-18T11:43:40+00:00,2460,27.7,78.5,17.4,23.0,2.44407,404.1618
2025-06-18T11:45:26+00:00,2461,27.7,78.6,17.7,22.9,2.43246,404.16946
2025-06-18T11:46:18+00:00,2462,27.6,78.4,18.8,25.6,2.16692,404.14645
2025-06-18T11:47:10+00:00,2463,27.7,78.9,18.7,23.4,2.37509,404.20035
2025-06-18T11:48:00+00:00,2464,27.7,78.9,17.4,24.8,2.44407,404.13879
2025-06-18T11:48:51+00:00,2465,27.6,79.1,18.7,28.1,2.4209,404.1618
2025-06-18T11:49:41+00:00,2466,27.6,78.9,18.1,24.5,2.44407,404.16946
2025-06-18T11:50:30+00:00,2467,27.6,78.9,18.5,25.6,2.34682,404.15411
2025-06-18T11:51:20+00:00,2468,27.7,78.7,17.3,23.7,2.46742,404.15411
2025-06-18T11:52:09+00:00,2469,27.7,78.8,17.8,24.0,2.43246,403.70041
2025-06-18T11:53:01+00:00,2470,27.7,79.0,18.4,26.0,2.25815,404.17719
2025-06-18T11:53:51+00:00,2471,27.7,79.1,18.1,23.6,2.44407,404.17719
2025-06-18T11:54:43+00:00,2472,27.7,79.1,18.3,25.0,2.44407,404.20035
2025-06-18T11:55:41+00:00,2473,27.6,79.2,17.8,23.5,2.46742,404.1618
2025-06-18T11:56:31+00:00,2474,27.6,79.4,17.9,26.1,2.46742,404.18491
2025-06-18T11:57:20+00:00,2475,27.6,79.4,18.4,24.7,2.39791,404.13113
2025-06-18T11:58:12+00:00,2476,27.7,79.3,17.2,23.0,2.32998,404.17719
2025-06-18T11:59:05+00:00,2477,27.6,79.3,17.4,24.8,2.45572,404.20035
2025-06-18T11:59:54+00:00,2478,27.6,79.4,17.6,22.7,2.43246,404.18491
2025-06-18T12:00:44+00:00,2479,27.5,79.6,17.9,23.0,2.36375,404.1618
2025-06-18T12:01:33+00:00,2480,27.5,79.7,17.6,22.3,2.43826,404.21585
2025-06-18T12:02:23+00:00,2481,27.5,79.9,17.0,24.2,2.44407,403.94385
2025-06-18T12:03:13+00:00,2482,27.4,79.9,17.6,24.3,2.44989,404.2081
2025-06-18T12:04:05+00:00,2483,27.4,80.1,16.9,22.4,2.52658,404.18491
2025-06-18T12:05:03+00:00,2484,27.3,80.2,17.3,22.7,2.26362,404.12354
2025-06-18T12:06:00+00:00,2485,27.3,80.3,17.2,21.8,2.35809,404.09311
2025-06-18T12:06:49+00:00,2486,27.3,80.3,17.7,23.8,2.35245,404.08554
2025-06-18T12:07:39+00:00,2487,27.4,80.4,17.0,21.0,2.40938,404.03287
2025-06-18T12:08:28+00:00,2488,27.4,80.4,18.2,24.5,2.42667,404.10071
2025-06-18T12:09:18+00:00,2489,27.4,80.3,17.5,21.8,2.38648,404.1618
2025-06-18T12:10:07+00:00,2490,27.4,80.3,17.2,23.6,2.42667,404.13879
2025-06-18T12:10:57+00:00,2491,27.4,80.3,17.4,21.9,2.41513,404.10831
2025-06-18T12:12:45+00:00,2492,27.4,80.5,17.3,22.7,2.36941,404.14645
2025-06-18T12:13:38+00:00,2493,27.4,80.5,16.7,21.5,2.40364,404.01791
2025-06-18T12:14:30+00:00,2494,27.4,80.6,17.2,22.5,2.4209,404.04034
2025-06-18T12:15:20+00:00,2495,27.4,80.4,16.4,21.5,2.32998,404.16946
2025-06-18T12:16:09+00:00,2496,27.5,80.2,17.1,22.6,2.43826,404.09311
2025-06-18T12:17:00+00:00,2497,27.5,80.3,18.1,23.2,2.39219,404.12354
2025-06-18T12:17:49+00:00,2498,27.5,80.0,16.9,23.1,2.33558,404.04034
2025-06-18T12:18:39+00:00,2499,27.5,80.0,17.3,23.0,2.39219,404.14645
2025-06-18T12:19:28+00:00,2500,27.5,80.0,18.1,23.1,2.43826,404.02539
2025-06-18T12:20:19+00:00,2501,27.4,80.3,17.0,24.3,2.43246,403.98816
2025-06-18T12:21:10+00:00,2502,27.4,80.5,18.2,25.3,2.41513,404.07797
2025-06-18T12:22:00+00:00,2503,27.5,80.3,17.5,24.4,2.42667,403.98816
2025-06-18T12:22:49+00:00,2504,27.4,80.5,16.8,21.7,2.42667,404.04034
2025-06-18T12:23:42+00:00,2505,27.4,80.5,17.2,22.1,2.4209,404.08554
2025-06-18T12:24:31+00:00,2506,27.5,80.4,17.5,21.5,2.35245,404.08554
2025-06-18T12:25:20+00:00,2507,27.5,80.2,17.5,24.3,2.38648,403.92917
2025-06-18T12:26:10+00:00,2508,27.5,80.3,17.5,22.6,2.37509,404.10071
2025-06-18T12:27:03+00:00,2509,27.4,80.5,17.0,23.3,2.4209,404.0629
2025-06-18T12:27:55+00:00,2510,27.3,80.8,16.8,21.4,2.43246,403.99557
2025-06-18T12:28:45+00:00,2511,27.3,80.9,16.6,21.4,2.43826,404.10071
2025-06-18T12:29:34+00:00,2512,27.3,81.0,16.9,21.3,2.38648,403.98816
2025-06-18T12:30:24+00:00,2513,27.2,81.2,16.2,19.8,2.42667,404.00299
2025-06-18T12:31:13+00:00,2514,27.2,81.2,17.7,22.4,2.39791,404.01047
2025-06-18T12:32:03+00:00,2515,27.2,81.3,17.2,21.5,2.35245,404.03287
2025-06-18T12:32:55+00:00,2516,27.3,81.1,17.2,21.2,2.39219,403.92917
2025-06-18T12:33:44+00:00,2517,27.3,81.0,16.8,21.7,2.40938,403.90726
2025-06-18T12:34:34+00:00,2518,27.4,80.8,17.4,23.5,2.41513,404.11591
2025-06-18T12:35:23+00:00,2519,27.4,80.9,17.2,21.7,2.40364,404.13879
2025-06-18T12:36:13+00:00,2520,27.4,80.7,17.1,21.6,2.30769,404.17719
2025-06-18T12:37:04+00:00,2521,27.3,80.9,17.3,24.2,2.39791,404.13879
2025-06-18T12:37:58+00:00,2522,27.3,81.0,17.2,22.0,2.42667,404.13879
2025-06-18T12:38:50+00:00,2523,27.2,81.2,16.6,20.9,2.39791,404.10071
2025-06-18T12:39:48+00:00,2524,27.3,81.2,16.9,24.1,2.40938,404.01047
2025-06-18T12:40:37+00:00,2525,27.3,81.2,17.3,21.3,2.40938,404.13113
2025-06-18T12:41:26+00:00,2526,27.2,81.3,16.9,20.3,2.39219,404.04034
2025-06-18T12:43:13+00:00,2527,27.2,81.6,16.9,23.2,2.35245,404.13879
2025-06-18T12:44:02+00:00,2528,27.2,81.5,17.3,23.9,2.40938,404.13113
2025-06-18T12:44:51+00:00,2529,27.2,81.4,17.5,23.9,2.40364,404.12354
2025-06-18T12:45:41+00:00,2530,27.2,81.4,17.3,22.3,2.40364,404.16946
2025-06-18T12:46:30+00:00,2531,27.2,81.5,16.9,21.9,2.40938,404.10831
2025-06-18T12:48:14+00:00,2532,27.2,81.6,16.9,22.0,2.38648,404.12354
2025-06-18T12:49:03+00:00,2533,27.2,81.6,16.8,20.8,2.28557,404.14645
2025-06-18T12:49:55+00:00,2534,27.2,81.6,17.1,22.8,2.4209,404.1618
2025-06-18T12:50:44+00:00,2535,27.3,81.4,17.1,21.7,2.41513,404.13113
2025-06-18T12:51:34+00:00,2536,27.3,81.3,17.4,21.3,2.4209,404.07043
2025-06-18T12:52:24+00:00,2537,27.3,81.4,17.3,21.5,2.38078,404.17719
2025-06-18T12:53:14+00:00,2538,27.3,81.5,17.1,22.6,2.23101,404.13879
2025-06-18T12:54:07+00:00,2539,27.3,81.4,17.7,23.3,2.43246,404.1618
2025-06-18T12:54:57+00:00,2540,27.3,81.3,17.9,22.8,2.39219,404.16946
2025-06-18T12:55:49+00:00,2541,27.3,81.4,17.9,22.3,2.37509,404.18491
2025-06-18T12:56:39+00:00,2542,27.3,81.8,18.3,21.8,2.34119,404.18491
2025-06-18T12:57:28+00:00,2543,27.2,81.8,19.0,22.9,2.40938,404.18491
2025-06-18T12:58:20+00:00,2544,27.2,82.0,20.2,27.6,2.44407,404.26266
2025-06-18T12:59:10+00:00,2545,27.2,82.0,19.0,25.2,2.47916,404.85889
2025-06-18T12:59:59+00:00,2546,27.2,81.8,16.9,22.2,2.61132,404.65289
2025-06-18T13:00:52+00:00,2547,27.3,81.6,19.1,26.4,2.60519,404.49503
2025-06-18T13:01:41+00:00,2548,27.3,81.7,17.6,21.5,2.58079,404.43799
2025-06-18T13:02:31+00:00,2549,27.2,81.7,19.3,26.1,2.62361,404.47052
2025-06-18T13:03:20+00:00,2550,27.2,81.9,18.6,23.2,2.39791,404.52789
2025-06-18T13:04:10+00:00,2551,27.2,81.7,18.4,22.8,2.58079,404.41376
2025-06-18T13:04:59+00:00,2552,27.3,81.6,18.6,24.2,2.61132,404.4299
2025-06-18T13:05:48+00:00,2553,27.3,81.5,18.3,23.3,2.52658,404.51965
2025-06-18T13:06:41+00:00,2554,27.3,81.7,18.7,23.3,2.56866,404.42181
2025-06-18T13:07:30+00:00,2555,27.2,81.7,19.0,26.9,2.58687,404.45422
2025-06-18T13:08:22+00:00,2556,27.2,81.9,18.8,26.4,2.50871,404.44611
2025-06-18T13:09:12+00:00,2557,27.3,81.6,18.4,25.1,2.64213,404.38159
2025-06-18T13:10:01+00:00,2558,27.2,81.8,21.1,27.9,2.55658,404.41376
2025-06-18T13:10:54+00:00,2559,27.2,81.8,19.3,23.6,2.65454,404.51144
2025-06-18T13:11:46+00:00,2560,27.2,81.2,20.0,27.1,2.63595,404.48685
2025-06-18T13:12:38+00:00,2561,27.2,81.4,19.7,25.8,2.49685,404.44611
2025-06-18T13:13:28+00:00,2562,27.2,81.7,19.6,24.8,2.67324,404.53613
2025-06-18T13:14:17+00:00,2563,27.2,81.7,18.4,23.5,2.72999,404.42181
2025-06-18T13:15:07+00:00,2564,27.1,81.9,18.6,24.6,2.65454,404.34961
2025-06-18T13:16:51+00:00,2565,27.1,82.0,18.8,24.3,2.667,404.41376
2025-06-18T13:17:43+00:00,2566,27.1,82.0,18.0,23.3,2.6795,404.47052
2025-06-18T13:18:32+00:00,2567,27.1,82.0,19.5,25.5,2.6795,404.36557
2025-06-18T13:19:21+00:00,2568,27.1,82.0,20.1,28.3,2.72363,404.37357
2025-06-18T13:20:11+00:00,2569,27.1,82.1,19.5,24.6,2.67324,404.4057
2025-06-18T13:21:00+00:00,2570,27.1,82.0,18.5,23.0,2.59297,404.39764
2025-06-18T13:22:41+00:00,2571,27.1,82.0,19.5,26.9,2.68577,404.45422
2025-06-18T13:23:31+00:00,2572,27.2,82.1,19.3,24.5,2.76193,404.41376
2025-06-18T13:24:20+00:00,2573,27.2,81.8,18.9,25.4,2.56866,404.42181
2025-06-18T13:25:09+00:00,2574,27.3,81.7,18.5,22.6,2.56866,404.47052
2025-06-18T13:25:59+00:00,2575,27.3,81.7,19.5,26.8,2.56262,404.38959
2025-06-18T13:26:48+00:00,2576,27.3,81.6,19.6,24.9,2.72999,404.4299
2025-06-18T13:27:38+00:00,2577,27.3,81.6,19.2,25.4,2.76836,404.4057
2025-06-18T13:28:27+00:00,2578,27.3,81.6,20.0,26.4,2.77479,404.38159
2025-06-18T13:29:16+00:00,2579,27.3,81.5,20.6,28.4,2.79418,404.41376
2025-06-18T13:30:06+00:00,2580,27.3,81.5,19.8,25.2,2.72999,404.44611
2025-06-18T13:30:55+00:00,2581,27.3,81.3,19.6,26.3,2.76193,404.47052
2025-06-18T13:31:45+00:00,2582,27.4,81.2,19.8,27.6,2.82673,404.4299
2025-06-18T13:32:34+00:00,2583,27.4,81.1,20.5,28.4,2.83983,404.42181
2025-06-18T13:33:23+00:00,2584,27.3,81.3,19.7,25.8,2.83327,404.43799
2025-06-18T13:34:13+00:00,2585,27.3,81.3,19.5,25.6,2.91951,404.47052
2025-06-18T13:35:02+00:00,2586,27.3,81.4,20.0,27.0,2.9128,404.47867
2025-06-18T13:35:52+00:00,2587,27.4,81.4,20.1,27.6,2.87281,404.48685
2025-06-18T13:36:41+00:00,2588,27.4,81.2,19.1,24.9,2.93296,404.2081
2025-06-18T13:37:31+00:00,2589,27.3,81.2,19.7,26.3,2.78124,404.39764
2025-06-18T13:38:20+00:00,2590,27.3,81.3,20.1,25.8,2.93296,404.46237
2025-06-18T13:39:09+00:00,2591,27.3,81.3,19.7,26.5,2.95324,404.46237
2025-06-18T13:39:59+00:00,2592,27.3,81.4,19.8,26.2,2.6795,404.50323
2025-06-18T13:40:48+00:00,2593,27.3,81.4,19.9,28.0,2.87945,404.53613
2025-06-18T13:41:37+00:00,2594,27.3,81.5,19.7,24.2,2.66076,404.48685
2025-06-18T13:42:27+00:00,2595,27.2,81.6,19.5,25.1,2.86619,404.4057
2025-06-18T13:43:16+00:00,2596,27.3,81.5,18.4,24.8,2.91951,404.6698
2025-06-18T13:44:10+00:00,2597,27.3,81.4,20.0,26.5,2.95324,404.47867
2025-06-18T13:45:02+00:00,2598,27.3,81.4,19.5,27.3,2.96002,404.47867
2025-06-18T13:45:55+00:00,2599,27.3,81.5,18.7,24.4,2.87281,404.51144
2025-06-18T13:46:45+00:00,2600,27.3,81.5,18.1,22.5,2.93296,404.53613
2025-06-18T13:47:37+00:00,2601,27.3,81.5,18.8,25.0,2.90611,404.52789
2025-06-18T13:48:26+00:00,2602,27.2,81.6,19.7,27.4,3.00787,404.52789
2025-06-18T13:49:20+00:00,2603,27.2,81.7,18.5,25.2,2.98045,404.56094
2025-06-18T13:50:10+00:00,2604,27.2,81.7,18.3,23.4,2.89942,404.50323
2025-06-18T13:51:06+00:00,2605,27.2,81.9,19.5,24.3,2.92623,404.50323
2025-06-18T13:51:55+00:00,2606,27.2,81.8,18.6,25.1,2.90611,404.5444
2025-06-18T13:52:44+00:00,2607,27.2,81.8,19.2,25.3,2.96682,404.56094
2025-06-18T13:53:34+00:00,2608,27.2,81.9,19.1,25.8,3.00787,404.47052
2025-06-18T13:54:23+00:00,2609,27.2,81.9,19.2,24.1,2.98045,404.53613
2025-06-18T13:55:13+00:00,2610,27.2,81.9,19.5,25.4,2.96682,404.48685
2025-06-18T13:57:06+00:00,2611,27.2,81.8,17.7,23.6,3.00099,404.60257
2025-06-18T13:57:58+00:00,2612,27.2,81.8,18.5,22.6,3.02856,404.50323
2025-06-18T13:58:48+00:00,2613,27.2,81.8,18.9,25.2,2.93971,404.43799
2025-06-18T13:59:38+00:00,2614,27.2,81.8,19.3,24.3,3.06331,404.47052
2025-06-18T14:00:27+00:00,2615,27.2,82.0,18.6,25.1,2.99413,404.57755
2025-06-18T14:01:17+00:00,2616,27.2,81.9,18.3,23.6,2.93296,404.47867
2025-06-18T14:02:07+00:00,2617,27.2,81.9,18.3,24.5,2.92623,404.51965
2025-06-18T14:02:57+00:00,2618,27.2,82.0,19.1,25.6,2.96002,404.47052
2025-06-18T14:03:47+00:00,2619,27.2,81.8,18.7,23.8,2.92623,404.51144
2025-06-18T14:04:36+00:00,2620,27.3,81.7,18.2,23.1,2.94647,404.48685
2025-06-18T14:05:26+00:00,2621,27.3,81.6,18.1,22.4,2.97363,403.99557
2025-06-18T14:06:15+00:00,2622,27.3,81.6,18.6,26.0,2.96682,404.48685
2025-06-18T14:07:05+00:00,2623,27.3,81.5,18.4,25.9,2.72999,404.47867
2025-06-18T14:07:54+00:00,2624,27.2,81.7,18.7,22.8,2.98729,404.50323
2025-06-18T14:08:43+00:00,2625,27.2,81.8,18.0,26.4,2.89275,404.46237
2025-06-18T14:09:34+00:00,2626,27.2,81.8,18.3,23.6,2.95324,404.47867
2025-06-18T14:10:23+00:00,2627,27.2,81.9,18.1,23.5,3.00787,404.48685
2025-06-18T14:11:12+00:00,2628,27.2,81.9,18.3,25.2,2.91951,404.47052
2025-06-18T14:12:02+00:00,2629,27.2,81.9,18.2,24.2,2.96682,404.44611
2025-06-18T14:12:51+00:00,2630,27.2,81.7,18.2,24.2,3.01475,404.48685
2025-06-18T14:13:41+00:00,2631,27.2,81.7,19.0,24.2,3.00099,404.46237
2025-06-18T14:14:30+00:00,2632,27.2,81.7,17.6,22.7,2.98045,404.51144
2025-06-18T14:15:20+00:00,2633,27.2,81.8,18.5,25.1,2.89275,404.4057
2025-06-18T14:16:09+00:00,2634,27.2,81.7,17.9,21.9,2.72363,404.46237
2025-06-18T14:16:58+00:00,2635,27.2,81.8,17.8,23.9,2.82673,404.49503
2025-06-18T14:17:47+00:00,2636,27.3,81.6,18.4,22.7,2.79418,404.45422
2025-06-18T14:18:37+00:00,2637,27.3,81.5,18.8,24.3,2.7877,404.45422
2025-06-18T14:19:26+00:00,2638,27.2,81.6,18.1,23.5,2.94647,404.48685
2025-06-18T14:20:16+00:00,2639,27.2,81.7,18.3,23.1,2.98729,404.45422
2025-06-18T14:21:05+00:00,2640,27.2,81.8,18.3,24.6,2.91951,404.41376
2025-06-18T14:21:54+00:00,2641,27.2,81.8,18.1,25.8,2.98729,404.51965
2025-06-18T14:22:44+00:00,2642,27.2,81.7,18.2,23.1,2.94647,404.38959
2025-06-18T14:23:33+00:00,2643,27.2,81.7,18.4,24.0,2.94647,404.53613
2025-06-18T14:24:22+00:00,2644,27.2,81.6,18.6,25.9,2.83327,404.41376
2025-06-18T14:25:12+00:00,2645,27.2,81.7,18.6,23.9,3.00099,404.45422
2025-06-18T14:26:01+00:00,2646,27.1,81.7,18.6,23.4,3.09839,404.15411
2025-06-18T14:26:50+00:00,2647,27.1,81.8,18.3,23.4,2.98729,404.46237
2025-06-18T14:27:40+00:00,2648,27.1,81.8,18.9,25.5,2.97363,404.47867
2025-06-18T14:28:29+00:00,2649,27.1,81.8,18.3,24.0,2.87945,404.47052
2025-06-18T14:29:18+00:00,2650,27.1,81.9,19.3,24.7,3.00099,404.46237
2025-06-18T14:30:08+00:00,2651,27.2,81.8,19.5,25.4,2.83983,404.47052
2025-06-18T14:30:57+00:00,2652,27.3,81.6,19.0,25.2,2.76836,404.42181
2025-06-18T14:31:46+00:00,2653,27.2,81.5,18.4,23.5,2.91951,404.47052
2025-06-18T14:32:37+00:00,2654,27.3,81.6,19.4,24.0,2.87945,404.4299
2025-06-18T14:33:27+00:00,2655,27.3,81.4,18.7,26.9,2.78124,404.4057
2025-06-18T14:34:16+00:00,2656,27.3,81.4,18.3,24.8,2.76193,404.36557
2025-06-18T14:35:05+00:00,2657,27.2,81.4,19.4,24.5,2.88609,404.43799
2025-06-18T14:35:54+00:00,2658,27.2,81.6,19.4,28.0,2.78124,404.30991
2025-06-18T14:36:44+00:00,2659,27.2,80.8,18.6,28.0,2.81367,404.47052
2025-06-18T14:37:33+00:00,2660,27.2,81.3,18.6,25.8,2.75552,404.4299
2025-06-18T14:38:26+00:00,2661,27.2,81.3,19.9,26.6,2.93296,404.4057
2025-06-18T14:39:22+00:00,2662,27.1,81.5,17.8,23.2,2.91951,404.45422
2025-06-18T14:40:11+00:00,2663,27.1,81.7,18.3,25.1,2.98045,404.44611
2025-06-18T14:41:01+00:00,2664,27.1,81.6,18.6,25.2,2.85959,404.43799
2025-06-18T14:41:53+00:00,2665,27.1,81.5,18.5,25.0,2.97363,404.41376
2025-06-18T14:42:45+00:00,2666,27.1,81.6,18.8,24.7,2.92623,404.48685
2025-06-18T14:43:37+00:00,2667,27.0,81.8,19.0,25.3,2.89275,404.4299
2025-06-18T14:44:26+00:00,2668,27.0,81.9,19.6,26.6,2.9128,404.43799
2025-06-18T14:45:16+00:00,2669,27.0,81.5,19.6,25.6,2.92623,404.4057
2025-06-18T14:46:12+00:00,2670,27.0,81.1,19.0,27.7,2.92623,404.43799
2025-06-18T14:47:01+00:00,2671,27.1,81.5,18.1,23.6,2.97363,404.47867
2025-06-18T14:47:54+00:00,2672,27.1,81.3,18.8,25.1,2.99413,404.47867
2025-06-18T14:48:48+00:00,2673,27.2,81.1,17.7,24.8,3.00099,404.43799
2025-06-18T14:49:40+00:00,2674,27.2,80.9,18.3,24.7,2.95324,404.44611
2025-06-18T14:50:32+00:00,2675,27.2,80.9,17.8,22.1,2.92623,404.46237
2025-06-18T14:51:31+00:00,2676,27.1,81.2,18.8,25.1,2.93296,404.42181
2025-06-18T14:52:21+00:00,2677,27.0,81.5,17.2,23.7,2.96682,404.51144
2025-06-18T14:53:10+00:00,2678,27.0,81.6,18.2,23.9,2.98045,404.52789
2025-06-18T14:54:03+00:00,2679,27.1,81.5,18.1,23.8,2.93971,404.46237
2025-06-18T14:54:52+00:00,2680,27.1,81.2,18.0,23.7,3.03549,404.5444
2025-06-18T14:55:44+00:00,2681,27.2,81.0,18.4,26.1,2.99413,404.44611
2025-06-18T14:56:34+00:00,2682,27.2,81.0,17.7,23.3,3.00099,404.49503
2025-06-18T14:57:23+00:00,2683,27.2,81.0,18.1,24.9,2.95324,404.4299
2025-06-18T14:58:13+00:00,2684,27.2,80.9,17.8,23.8,3.00099,404.4299
2025-06-18T14:59:05+00:00,2685,27.2,80.9,18.0,24.9,2.93296,404.42181
2025-06-18T15:00:01+00:00,2686,27.2,80.8,17.5,22.4,3.00099,404.5444
2025-06-18T15:00:50+00:00,2687,27.3,79.8,18.0,24.8,3.0703,409.80252
2025-06-18T15:01:40+00:00,2688,27.4,80.2,18.3,24.2,3.11251,409.09464
2025-06-18T15:02:30+00:00,2689,27.5,80.2,17.5,23.3,3.00099,408.12933
2025-06-18T15:03:19+00:00,2690,27.5,79.8,18.0,23.9,2.91951,407.51489
2025-06-18T15:04:08+00:00,2691,27.5,79.8,18.3,24.5,2.87281,406.58282
2025-06-18T15:04:58+00:00,2692,27.4,79.9,18.3,23.9,3.11251,405.97595
2025-06-18T15:05:48+00:00,2693,27.3,80.2,19.3,25.8,3.10544,405.44583
2025-06-18T15:06:40+00:00,2694,27.3,80.1,18.1,25.2,3.04242,405.54272
2025-06-18T15:07:30+00:00,2695,27.3,80.0,18.4,23.9,2.92623,404.78079
2025-06-18T15:08:20+00:00,2696,27.2,80.2,19.5,26.7,3.13379,405.1088
2025-06-18T15:09:09+00:00,2697,27.2,80.3,18.6,26.0,3.13379,404.95581
2025-06-18T15:10:01+00:00,2698,27.2,80.3,20.1,26.4,3.11959,404.8764
2025-06-18T15:10:51+00:00,2699,27.3,80.2,20.3,24.4,3.04242,404.7464
2025-06-18T15:11:40+00:00,2700,27.2,80.3,19.2,26.3,3.15519,404.66135
2025-06-18T15:12:30+00:00,2701,27.2,80.3,18.2,24.3,3.13379,404.61929
2025-06-18T15:13:19+00:00,2702,27.2,80.4,17.9,23.7,3.08432,404.60257
2025-06-18T15:14:09+00:00,2703,27.1,80.5,18.0,23.8,3.08432,404.50323
2025-06-18T15:15:02+00:00,2704,27.0,80.8,18.2,24.5,2.98045,404.44611
2025-06-18T15:15:51+00:00,2705,27.0,81.0,17.4,22.0,2.95324,404.45422
2025-06-18T15:16:41+00:00,2706,26.9,81.1,18.2,24.0,2.96682,404.30991
2025-06-18T15:17:30+00:00,2707,26.9,81.2,18.5,26.1,3.09135,404.31781
2025-06-18T15:18:22+00:00,2708,26.9,81.2,17.9,23.7,2.94647,404.2941
2025-06-18T15:19:11+00:00,2709,26.9,81.3,17.6,23.3,3.08432,404.27838
2025-06-18T15:20:01+00:00,2710,26.9,81.2,18.1,25.8,2.87945,404.16946
2025-06-18T15:20:50+00:00,2711,26.9,81.1,18.3,24.0,2.97363,404.14645
2025-06-18T15:21:40+00:00,2712,27.0,81.0,17.5,22.9,3.04242,404.11591
2025-06-18T15:22:30+00:00,2713,27.0,81.0,18.2,24.8,2.84641,404.13879
2025-06-18T15:23:19+00:00,2714,27.0,81.0,18.0,22.3,2.87281,404.16946
2025-06-18T15:24:09+00:00,2715,27.0,81.1,18.1,23.1,3.04242,404.1618
2025-06-18T15:24:58+00:00,2716,27.0,80.9,17.5,23.0,3.08432,403.73541
2025-06-18T15:25:48+00:00,2717,27.0,80.9,17.3,23.0,3.02165,404.11591
2025-06-18T15:26:37+00:00,2718,26.9,81.0,17.6,23.3,2.85959,404.03287
2025-06-18T15:27:26+00:00,2719,26.9,81.0,18.3,24.5,3.04242,404.18491
2025-06-18T15:28:16+00:00,2720,27.0,81.0,16.9,21.3,3.02165,403.97333
2025-06-18T15:29:08+00:00,2721,26.9,80.9,17.3,22.2,3.02165,404.14645
2025-06-18T15:29:57+00:00,2722,27.0,80.9,16.9,21.7,3.00787,404.01791
2025-06-18T15:30:47+00:00,2723,27.0,80.8,17.7,23.0,2.98729,404.0629
2025-06-18T15:31:39+00:00,2724,27.0,80.7,17.3,23.0,3.11959,404.13879
2025-06-18T15:32:29+00:00,2725,27.0,80.8,17.8,23.5,3.06331,404.11591
2025-06-18T15:33:18+00:00,2726,26.9,81.0,17.6,23.4,3.04937,403.97333
2025-06-18T15:34:08+00:00,2727,26.8,81.1,16.7,22.0,3.13379,404.01047
2025-06-18T15:34:58+00:00,2728,26.8,81.3,17.1,22.2,3.13379,404.04785
2025-06-18T15:36:42+00:00,2729,26.8,81.4,17.0,23.2,3.09839,404.13879
2025-06-18T15:37:34+00:00,2730,26.7,81.4,17.0,23.2,3.03549,403.92184
2025-06-18T15:38:24+00:00,2731,26.7,81.5,17.7,21.7,2.97363,404.01791
2025-06-18T15:39:13+00:00,2732,26.7,81.5,16.1,20.1,2.96002,403.92917
2025-06-18T15:40:06+00:00,2733,26.7,81.5,15.8,19.5,2.97363,403.98074
2025-06-18T15:40:55+00:00,2734,26.7,81.5,17.3,22.3,3.00787,403.91455
2025-06-18T15:41:49+00:00,2735,26.7,81.5,16.7,23.0,3.00787,404.00299
2025-06-18T15:42:42+00:00,2736,26.7,81.6,15.8,20.5,2.76836,404.01791
2025-06-18T15:43:32+00:00,2737,26.7,81.5,16.5,20.2,2.69205,404.07797
2025-06-18T15:44:22+00:00,2738,26.7,81.5,16.8,23.7,2.80716,403.92184
2025-06-18T15:45:11+00:00,2739,26.7,81.5,15.6,19.9,2.97363,403.98816
2025-06-18T15:46:01+00:00,2740,26.7,81.6,16.5,22.5,2.96682,403.89996
2025-06-18T15:46:50+00:00,2741,26.7,81.6,16.0,20.0,3.06331,403.92917
2025-06-18T15:47:43+00:00,2742,26.7,81.6,16.3,19.7,2.89942,403.92184
2025-06-18T15:48:33+00:00,2743,26.7,81.5,16.0,20.5,3.03549,404.00299
2025-06-18T15:49:28+00:00,2744,26.7,81.6,16.5,20.2,2.98045,404.02539
2025-06-18T15:50:17+00:00,2745,26.6,81.5,16.0,19.4,2.96002,403.92917
2025-06-18T15:51:12+00:00,2746,26.6,81.5,15.9,20.8,3.01475,403.89996
2025-06-18T15:52:02+00:00,2747,26.6,81.5,16.1,20.3,2.96002,403.91455
2025-06-18T15:52:54+00:00,2748,26.6,81.5,15.8,22.3,3.00787,403.92917
2025-06-18T15:53:47+00:00,2749,26.6,81.5,16.0,20.3,3.04242,403.92184
2025-06-18T15:54:37+00:00,2750,26.6,81.5,16.9,21.1,2.87945,403.89996
2025-06-18T15:55:26+00:00,2751,26.6,81.4,15.6,20.2,3.00787,404.00299
2025-06-18T15:56:21+00:00,2752,26.6,81.4,15.6,18.0,2.94647,403.92917
2025-06-18T15:57:11+00:00,2753,26.6,81.4,15.3,19.5,3.02856,403.92917
2025-06-18T15:58:00+00:00,2754,26.7,81.3,15.7,20.3,3.02856,404.01791
2025-06-18T15:59:45+00:00,2755,26.6,81.3,15.6,22.6,2.96002,403.68649
2025-06-18T16:00:38+00:00,2756,26.6,81.2,15.0,19.0,2.9128,404.01791
2025-06-18T16:01:28+00:00,2757,26.7,81.1,14.7,20.9,2.87945,403.98816
2025-06-18T16:02:17+00:00,2758,26.7,81.1,14.8,19.6,2.98729,404.01791
2025-06-18T16:03:06+00:00,2759,26.6,81.1,14.9,19.5,2.62977,403.98074
2025-06-18T16:03:56+00:00,2760,26.7,80.2,15.4,18.8,2.93296,403.94385
2025-06-18T16:04:45+00:00,2761,26.8,80.2,15.7,20.5,2.95324,403.92917
2025-06-18T16:05:37+00:00,2762,26.8,80.4,14.3,17.5,2.87945,403.77777
2025-06-18T16:06:29+00:00,2763,26.7,80.5,15.1,18.7,2.90611,403.88541
2025-06-18T16:07:19+00:00,2764,26.7,80.6,14.9,18.8,2.94647,404.18491
2025-06-18T16:08:13+00:00,2765,26.7,80.7,14.8,19.6,3.14091,404.01791
2025-06-18T16:09:02+00:00,2766,26.6,80.8,14.3,18.7,2.88609,403.72137
2025-06-18T16:09:53+00:00,2767,26.6,80.7,14.2,18.3,2.66076,403.81339
2025-06-18T16:10:42+00:00,2768,26.6,80.8,14.5,18.5,2.36375,404.13113
2025-06-18T16:11:32+00:00,2769,26.6,80.8,14.2,18.6,2.80716,404.10071
2025-06-18T16:12:24+00:00,2770,26.6,80.7,14.5,19.5,2.89942,404.10071
2025-06-18T16:13:19+00:00,2771,26.6,80.7,14.5,17.6,2.87281,404.2081
2025-06-18T16:14:17+00:00,2772,26.6,80.8,14.4,17.9,2.78124,404.21585
2025-06-18T16:16:14+00:00,2773,26.6,79.5,15.0,20.8,2.9128,404.75497
2025-06-18T16:17:11+00:00,2774,26.6,79.8,15.1,20.8,2.87281,405.75085
2025-06-18T16:18:02+00:00,2775,26.6,80.2,14.4,17.4,3.2201,404.75497
2025-06-18T16:18:55+00:00,2776,26.6,80.3,14.2,18.0,3.0773,404.94696
2025-06-18T16:19:45+00:00,2777,26.6,80.3,14.7,18.6,3.22738,405.08151
2025-06-18T16:20:37+00:00,2778,26.7,80.3,14.3,18.8,3.24929,405.00043
2025-06-18T16:21:31+00:00,2779,26.7,80.1,15.0,22.3,3.27133,404.89395
2025-06-18T16:22:22+00:00,2780,26.8,79.9,14.6,17.0,3.14091,404.8764
2025-06-18T16:23:12+00:00,2781,26.7,79.9,14.1,17.3,3.25662,404.96472
2025-06-18T16:24:04+00:00,2782,26.7,80.0,13.9,17.8,3.02856,405.02734
2025-06-18T16:24:55+00:00,2783,26.6,80.2,13.6,17.3,3.28609,405.09061
2025-06-18T16:25:46+00:00,2784,26.6,80.3,14.4,18.0,3.15519,405.24704
2025-06-18T16:26:37+00:00,2785,26.6,80.2,14.7,19.3,3.33818,405.1362
2025-06-18T16:27:28+00:00,2786,26.7,80.1,13.5,16.4,3.14804,405.21915
2025-06-18T16:28:19+00:00,2787,26.7,79.9,14.1,17.8,3.08432,405.31262
2025-06-18T16:29:10+00:00,2788,26.7,79.8,13.5,18.4,3.36825,405.37888
2025-06-18T16:30:00+00:00,2789,26.7,79.8,13.6,17.4,3.35319,405.29382
2025-06-18T16:30:49+00:00,2790,26.7,80.0,13.9,17.6,3.42905,405.61139
2025-06-18T16:31:38+00:00,2791,26.8,79.5,13.2,17.7,3.49074,405.56226
2025-06-18T16:32:28+00:00,2792,26.7,79.6,14.7,18.4,3.41376,405.33148
2025-06-18T16:33:17+00:00,2793,26.7,79.7,12.8,17.2,3.31577,405.79126
2025-06-18T16:34:06+00:00,2794,26.7,79.8,13.8,18.2,3.6651,405.80139
2025-06-18T16:34:56+00:00,2795,26.7,79.9,13.6,17.8,3.64896,405.54272
2025-06-18T16:35:45+00:00,2796,26.7,79.8,13.8,18.4,3.45978,404.61093
2025-06-18T16:36:35+00:00,2797,26.7,79.8,13.2,16.9,3.75492,405.90353
2025-06-18T16:37:24+00:00,2798,26.6,80.0,13.5,18.7,3.79634,405.97595
2025-06-18T16:38:13+00:00,2799,26.6,80.0,14.3,17.9,3.88031,405.93448
2025-06-18T16:39:03+00:00,2800,26.6,80.0,13.4,16.4,3.77145,406.14429
2025-06-18T16:39:52+00:00,2801,26.6,80.0,13.4,17.1,4.01784,406.21921
2025-06-18T16:40:41+00:00,2802,26.6,80.0,13.5,16.1,4.17733,406.4819
2025-06-18T16:41:31+00:00,2803,26.6,80.0,13.7,16.3,4.14145,406.43747
2025-06-18T16:42:20+00:00,2804,26.6,80.0,13.9,18.4,4.34201,406.61676
2025-06-18T16:43:09+00:00,2805,26.6,79.9,13.5,17.5,4.1147,406.59412
2025-06-18T16:43:59+00:00,2806,26.6,80.1,13.6,16.4,4.19537,406.68506
2025-06-18T16:44:48+00:00,2807,26.6,80.2,13.4,16.7,3.96581,405.05435
2025-06-18T16:45:37+00:00,2808,26.6,80.1,13.2,16.1,3.99175,406.26233
2025-06-18T16:46:27+00:00,2809,26.6,80.2,13.2,18.7,4.00913,406.13367
2025-06-18T16:47:16+00:00,2810,26.6,80.2,13.2,17.0,4.07044,406.37131
2025-06-18T16:48:05+00:00,2811,26.6,80.3,13.1,16.7,3.82138,406.40433
2025-06-18T16:48:55+00:00,2812,26.6,80.3,13.1,17.0,4.06163,406.30576
2025-06-18T16:49:44+00:00,2813,26.6,80.3,12.7,15.3,4.05284,406.27316
2025-06-18T16:50:33+00:00,2814,26.6,80.3,13.3,15.6,3.81302,406.28403
2025-06-18T16:51:23+00:00,2815,26.6,80.2,12.9,16.1,4.03531,406.08072
2025-06-18T16:52:12+00:00,2816,26.7,80.1,13.4,18.1,3.88031,406.07016
2025-06-18T16:53:01+00:00,2817,26.6,80.0,13.4,17.2,4.08809,406.25153
2025-06-18T16:53:51+00:00,2818,26.6,80.1,12.4,15.4,4.06163,406.1763
2025-06-18T16:54:40+00:00,2819,26.6,80.2,12.7,15.7,3.69756,405.59167
2025-06-18T16:55:30+00:00,2820,26.6,80.3,13.0,15.6,3.78803,406.07016
2025-06-18T16:56:19+00:00,2821,26.6,80.5,12.9,16.2,4.07926,406.09128
2025-06-18T16:57:08+00:00,2822,26.5,80.5,13.1,16.7,4.07926,405.41705
2025-06-18T16:57:58+00:00,2823,26.6,80.4,13.0,19.2,3.62486,406.03864
2025-06-18T16:58:47+00:00,2824,26.5,80.5,12.7,15.6,4.01784,406.04913
2025-06-18T16:59:36+00:00,2825,26.6,80.5,12.7,15.5,3.97444,405.98636
2025-06-18T17:00:26+00:00,2826,26.5,80.5,13.0,16.6,3.48298,405.93448
2025-06-18T17:01:15+00:00,2827,26.6,80.6,13.9,18.6,3.92287,405.56226
2025-06-18T17:02:05+00:00,2828,26.6,80.6,12.8,16.4,3.63288,406.05963
2025-06-18T17:02:54+00:00,2829,26.5,80.6,14.0,18.8,3.60089,406.04913
2025-06-18T17:03:47+00:00,2830,26.5,80.6,12.9,15.9,4.01784,405.96558
2025-06-18T17:04:36+00:00,2831,26.5,80.7,12.8,16.8,3.54546,405.42664
2025-06-18T17:05:26+00:00,2832,26.5,80.7,12.8,15.1,3.51411,405.89325
2025-06-18T17:06:15+00:00,2833,26.5,80.7,13.2,16.3,3.98309,405.85226
2025-06-18T17:08:03+00:00,2834,26.6,80.3,14.0,18.7,4.09695,405.96558
2025-06-18T17:08:52+00:00,2835,26.5,78.8,12.7,16.4,3.34568,406.20844
2025-06-18T17:09:41+00:00,2836,26.5,75.6,13.1,16.7,4.07044,407.01184
2025-06-18T17:10:31+00:00,2837,26.4,75.7,12.2,15.9,4.24075,407.31503
2025-06-18T17:11:20+00:00,2838,26.4,75.0,13.3,17.3,4.22255,407.54022
2025-06-18T17:12:09+00:00,2839,26.5,77.0,13.5,17.0,4.34201,407.45197
2025-06-18T17:12:59+00:00,2840,26.5,79.2,14.4,18.6,4.15936,407.15601
2025-06-18T17:13:48+00:00,2841,26.5,79.3,13.7,16.4,4.48331,406.75397
2025-06-18T17:14:38+00:00,2842,26.5,79.6,13.0,16.4,4.34201,406.44855
2025-06-18T17:15:27+00:00,2843,26.5,79.7,13.4,16.6,4.39808,406.43747
2025-06-18T17:16:16+00:00,2844,26.6,79.8,13.1,15.7,3.52193,405.52322
2025-06-18T17:17:06+00:00,2845,26.6,79.9,12.8,17.2,3.45208,405.47476
2025-06-18T17:17:55+00:00,2846,26.6,80.0,12.2,17.5,4.16833,406.31662
2025-06-18T17:18:44+00:00,2847,26.6,80.0,12.8,17.1,3.68942,406.28403
2025-06-18T17:19:34+00:00,2848,26.6,79.9,12.9,15.9,3.94,405.71072
2025-06-18T17:20:23+00:00,2849,26.6,79.8,12.9,16.9,2.87945,406.09128
2025-06-18T17:21:12+00:00,2850,26.6,79.8,12.2,15.2,4.26817,406.30576
2025-06-18T17:22:02+00:00,2851,26.6,79.7,12.9,16.8,4.13251,406.30576
2025-06-18T17:22:51+00:00,2852,26.5,79.8,13.1,17.3,3.96581,406.33847
2025-06-18T17:23:41+00:00,2853,26.5,79.8,13.4,16.6,4.24987,406.25153
2025-06-18T17:24:30+00:00,2854,26.5,79.9,12.6,17.9,4.16833,406.58282
2025-06-18T17:25:19+00:00,2855,26.6,79.8,13.0,17.1,3.94858,406.51538
2025-06-18T17:26:16+00:00,2856,26.5,79.7,12.6,14.9,4.29574,406.32755
2025-06-18T17:27:06+00:00,2857,26.5,79.7,12.8,15.8,4.36997,406.52658
2025-06-18T17:27:55+00:00,2858,26.5,79.8,13.1,17.2,4.3887,406.40433
2025-06-18T17:28:45+00:00,2859,26.6,79.8,13.0,16.1,4.36997,406.45966
2025-06-18T17:29:34+00:00,2860,26.5,79.7,12.8,16.8,4.3887,406.42642
2025-06-18T17:30:31+00:00,2861,26.5,79.7,13.0,18.8,4.20441,406.40433
2025-06-18T17:31:23+00:00,2862,26.6,79.8,12.5,15.9,4.35132,406.43747
2025-06-18T17:32:17+00:00,2863,26.6,79.6,13.2,16.5,4.23164,406.4819
2025-06-18T17:33:06+00:00,2864,26.6,79.5,12.4,15.2,4.35132,406.49304
2025-06-18T17:33:55+00:00,2865,26.6,79.4,13.5,15.8,4.43579,406.30576
2025-06-18T17:34:45+00:00,2866,26.6,79.5,12.7,14.7,4.3887,406.36035
2025-06-18T17:35:34+00:00,2867,26.6,79.7,12.7,17.5,4.36063,406.38232
2025-06-18T17:36:23+00:00,2868,26.6,79.6,12.0,15.9,4.1147,406.32755
2025-06-18T17:37:13+00:00,2869,26.6,79.5,12.5,15.4,4.35132,406.16562
2025-06-18T17:38:05+00:00,2870,26.6,79.6,13.0,15.5,4.44526,406.13367
2025-06-18T17:38:54+00:00,2871,26.5,79.7,13.2,16.3,4.3142,406.14429
2025-06-18T17:39:44+00:00,2872,26.6,79.7,11.8,14.4,4.23164,406.15494
2025-06-18T17:40:33+00:00,2873,26.6,79.6,12.5,14.5,4.27734,406.14429
2025-06-18T17:41:23+00:00,2874,26.5,79.5,12.2,14.5,4.09695,406.1763
2025-06-18T17:42:12+00:00,2875,26.5,79.7,12.2,15.9,4.33272,406.20844
2025-06-18T17:43:01+00:00,2876,26.5,79.8,13.2,16.6,4.26817,406.08072
2025-06-18T17:43:51+00:00,2877,26.5,79.8,12.7,15.5,3.76318,406.15494
2025-06-18T17:44:43+00:00,2878,26.5,79.8,12.6,14.8,3.76318,406.07016
2025-06-18T17:45:33+00:00,2879,26.5,79.8,12.2,14.3,4.33272,406.18701
2025-06-18T17:46:33+00:00,2880,26.5,79.9,12.3,17.3,4.16833,406.26233
2025-06-18T17:47:26+00:00,2881,26.4,80.0,12.4,15.0,3.82138,406.02814
2025-06-18T17:48:15+00:00,2882,26.5,80.0,12.4,15.4,4.07926,405.3504
2025-06-18T17:49:04+00:00,2883,26.5,79.9,12.3,15.8,3.57705,406.00723
2025-06-18T17:49:58+00:00,2884,26.5,79.9,12.6,17.2,3.88031,406.21921
2025-06-18T17:50:48+00:00,2885,26.4,80.0,11.7,13.2,4.07044,405.46509
2025-06-18T17:51:37+00:00,2886,26.4,80.0,11.7,14.3,3.89729,406.01767
2025-06-18T17:52:29+00:00,2887,26.4,80.0,12.0,14.7,4.27734,406.30576
2025-06-18T17:53:22+00:00,2888,26.4,80.1,12.0,15.0,4.19537,406.10184
2025-06-18T17:54:12+00:00,2889,26.4,80.1,12.1,15.7,4.04407,406.26233
2025-06-18T17:55:01+00:00,2890,26.4,80.0,12.3,16.4,4.1236,406.10184
2025-06-18T17:55:50+00:00,2891,26.5,79.9,12.1,14.9,4.15039,406.11243
2025-06-18T17:56:43+00:00,2892,26.6,79.8,11.9,17.4,4.03531,406.15494
2025-06-18T17:57:32+00:00,2893,26.5,79.8,12.6,17.3,4.28653,406.08072
2025-06-18T17:58:27+00:00,2894,26.5,79.9,11.9,15.2,3.8634,405.96558
2025-06-18T17:59:17+00:00,2895,26.5,80.0,12.7,15.5,4.02657,405.18216
2025-06-18T18:01:04+00:00,2896,26.4,79.9,12.6,15.7,4.18634,406.10184
2025-06-18T18:01:57+00:00,2897,26.4,79.9,12.7,14.9,4.22255,406.01767
2025-06-18T18:02:50+00:00,2898,26.4,79.9,12.7,16.8,4.24987,406.09128
2025-06-18T18:03:39+00:00,2899,26.5,80.0,12.3,14.4,4.30496,405.85226
2025-06-18T18:05:29+00:00,2900,26.5,79.9,13.0,16.7,4.29574,406.04913
2025-06-18T18:07:18+00:00,2901,26.4,80.0,12.8,17.8,4.24075,406.07016
2025-06-18T18:08:08+00:00,2902,26.5,80.0,13.1,16.4,4.29574,405.89325
2025-06-18T18:09:04+00:00,2903,26.4,80.0,13.1,16.9,4.13251,406.02814
2025-06-18T18:09:56+00:00,2904,26.4,80.0,13.0,16.1,4.07926,406.00723
2025-06-18T18:10:52+00:00,2905,26.4,80.0,13.0,16.6,4.19537,405.94482
2025-06-18T18:11:44+00:00,2906,26.4,80.0,13.8,18.2,4.32345,405.98636
2025-06-18T18:13:38+00:00,2907,26.4,80.0,13.4,16.9,4.08809,405.96558
2025-06-18T18:14:27+00:00,2908,26.4,80.0,13.3,16.9,4.23164,405.9968
2025-06-18T18:15:17+00:00,2909,26.4,80.0,14.1,18.8,4.22255,406.07016
2025-06-18T18:17:02+00:00,2910,26.4,80.0,13.5,16.4,4.26817,405.92416
2025-06-18T18:17:51+00:00,2911,26.4,80.0,14.0,17.2,4.24987,405.92416
2025-06-18T18:18:41+00:00,2912,26.4,80.0,13.6,19.0,4.16833,405.90353
2025-06-18T18:19:30+00:00,2913,26.4,80.0,13.9,18.2,4.24987,405.883
2025-06-18T18:20:20+00:00,2914,26.4,80.0,13.1,18.1,4.13251,405.89325
2025-06-18T18:21:09+00:00,2915,26.4,80.0,13.5,17.1,4.04407,405.93448
2025-06-18T18:21:59+00:00,2916,26.4,79.9,13.9,19.0,4.21347,405.90353
2025-06-18T18:22:48+00:00,2917,26.4,79.9,13.3,17.7,4.14145,405.883
2025-06-18T18:23:37+00:00,2918,26.4,80.0,13.2,16.3,4.1236,405.89325
2025-06-18T18:24:27+00:00,2919,26.5,79.8,13.8,16.6,3.98309,405.87274
2025-06-18T18:25:16+00:00,2920,26.5,79.6,13.9,18.9,4.15936,405.92416
2025-06-18T18:26:06+00:00,2921,26.6,79.5,14.5,19.3,4.07926,405.90353
2025-06-18T18:27:51+00:00,2922,26.6,79.5,14.8,18.9,4.00043,405.883
2025-06-18T18:28:43+00:00,2923,26.6,79.3,13.9,17.9,3.97444,405.57205
2025-06-18T18:29:33+00:00,2924,26.6,79.3,13.3,17.5,4.07044,405.90353
2025-06-18T18:30:25+00:00,2925,26.6,79.3,14.1,18.6,4.21347,405.80139
2025-06-18T18:31:14+00:00,2926,26.5,79.4,14.0,18.3,4.10581,405.83188
2025-06-18T18:32:04+00:00,2927,26.5,79.5,13.7,18.5,4.06163,405.76093
2025-06-18T18:32:57+00:00,2928,26.5,79.5,13.5,18.6,3.88031,405.79126
2025-06-18T18:33:46+00:00,2929,26.5,79.6,13.5,18.2,4.04407,405.71072
2025-06-18T18:34:36+00:00,2930,26.5,79.7,13.2,18.3,3.94,405.68076
2025-06-18T18:35:25+00:00,2931,26.5,79.8,12.6,15.5,4.03531,405.76093
2025-06-18T18:36:14+00:00,2932,26.5,79.7,13.3,16.7,4.01784,405.75085
2025-06-18T18:37:04+00:00,2933,26.5,79.8,13.2,18.2,4.00913,405.69073
2025-06-18T18:37:57+00:00,2934,26.5,79.6,14.2,18.9,3.95719,405.74081
2025-06-18T18:38:48+00:00,2935,26.5,79.5,14.2,18.7,3.89729,405.75085
2025-06-18T18:39:38+00:00,2936,26.6,79.4,13.7,17.7,3.96581,405.72073
2025-06-18T18:40:27+00:00,2937,26.6,79.3,13.8,17.7,3.92287,405.70071
2025-06-18T18:41:17+00:00,2938,26.6,79.3,13.9,17.7,3.87185,405.75085
2025-06-18T18:42:06+00:00,2939,26.6,79.3,13.4,17.6,3.95719,405.70071
2025-06-18T18:42:55+00:00,2940,26.6,79.5,13.7,18.2,3.9058,405.74081
2025-06-18T18:43:45+00:00,2941,26.5,79.5,13.9,19.9,3.84654,405.69073
2025-06-18T18:44:37+00:00,2942,26.5,79.5,14.0,18.4,3.87185,405.69073
2025-06-18T18:45:26+00:00,2943,26.6,79.5,14.6,18.0,3.88031,405.66086
2025-06-18T18:46:16+00:00,2944,26.6,79.4,13.8,18.4,3.9058,405.66086
2025-06-18T18:47:05+00:00,2945,26.6,79.3,14.4,18.9,3.89729,405.68076
2025-06-18T18:47:54+00:00,2946,26.6,79.4,13.5,18.3,3.87185,405.61139
2025-06-18T18:48:44+00:00,2947,26.5,79.4,14.4,17.7,3.83814,405.65094
2025-06-18T18:49:36+00:00,2948,26.5,79.3,13.6,19.5,3.82138,405.72073
2025-06-18T18:50:26+00:00,2949,26.5,79.4,13.9,18.0,3.85497,405.65094
2025-06-18T18:51:15+00:00,2950,26.6,79.2,13.2,20.1,3.96581,405.72073
2025-06-18T18:52:04+00:00,2951,26.6,79.2,14.0,18.6,3.95719,405.74081
2025-06-18T18:52:54+00:00,2952,26.6,79.2,14.1,18.6,3.93142,405.77103
2025-06-18T18:53:43+00:00,2953,26.6,79.2,13.8,16.9,3.74668,405.71072
2025-06-18T18:54:33+00:00,2954,26.6,79.1,13.3,17.1,3.94858,405.69073
2025-06-18T18:55:22+00:00,2955,26.5,79.3,14.0,17.8,3.96581,405.68076
2025-06-18T18:56:11+00:00,2956,26.5,79.4,13.6,17.1,3.92287,405.66086
2025-06-18T18:57:02+00:00,2957,26.5,79.4,14.0,19.6,3.75492,405.66086
2025-06-18T18:57:51+00:00,2958,26.5,79.4,13.6,18.7,4.00913,405.64102
2025-06-18T18:58:41+00:00,2959,26.5,79.4,14.2,18.8,3.95719,405.67081
2025-06-18T18:59:30+00:00,2960,26.5,79.3,14.8,19.7,3.81302,405.62125
2025-06-18T19:00:20+00:00,2961,26.5,79.3,14.2,18.4,3.83814,405.72073
2025-06-18T19:01:09+00:00,2962,26.6,79.3,13.7,19.1,3.99175,405.70071
2025-06-18T19:01:58+00:00,2963,26.5,79.1,13.7,19.9,3.91433,405.67081
2025-06-18T19:02:48+00:00,2964,26.5,79.2,14.0,18.7,3.94858,405.67081
2025-06-18T19:03:37+00:00,2965,26.5,79.3,14.1,20.0,3.88031,405.66086
2025-06-18T19:04:27+00:00,2966,26.5,79.3,14.1,19.5,4.03531,405.58185
2025-06-18T19:05:16+00:00,2967,26.6,79.1,13.7,16.9,3.8634,405.69073
2025-06-18T19:06:05+00:00,2968,26.6,78.8,14.1,18.4,3.98309,405.63113
2025-06-18T19:06:55+00:00,2969,26.6,78.9,14.1,18.6,4.00043,405.63113
2025-06-18T19:07:44+00:00,2970,26.7,78.8,13.6,17.9,3.78803,405.46509
2025-06-18T19:08:33+00:00,2971,26.7,78.8,14.3,19.3,3.61686,405.42664
2025-06-18T19:09:23+00:00,2972,26.7,78.7,14.4,18.3,3.5376,405.33148
2025-06-18T19:10:12+00:00,2973,26.6,78.7,13.8,19.9,3.72205,405.32205
2025-06-18T19:11:02+00:00,2974,26.6,78.9,14.0,20.2,3.73025,405.36938
2025-06-18T19:11:51+00:00,2975,26.6,78.8,14.4,20.9,3.70571,405.29382
2025-06-18T19:12:40+00:00,2976,26.6,78.9,14.6,18.6,3.77973,405.21915
2025-06-18T19:13:30+00:00,2977,26.5,79.0,14.6,19.5,3.78803,405.31262
2025-06-18T19:14:19+00:00,2978,26.5,79.0,13.9,18.7,3.79634,405.31262
2025-06-18T19:15:09+00:00,2979,26.5,79.1,14.1,19.3,3.73846,405.27505
2025-06-18T19:15:58+00:00,2980,26.5,79.0,14.1,18.2,3.74668,405.27505
2025-06-18T19:16:47+00:00,2981,26.5,79.0,13.7,17.0,3.77145,405.27505
2025-06-18T19:17:39+00:00,2982,26.5,79.1,14.7,18.5,3.78803,405.26572
2025-06-18T19:18:29+00:00,2983,26.5,79.2,15.4,20.8,3.75492,405.33148
2025-06-18T19:19:23+00:00,2984,26.5,79.1,14.1,20.2,3.71387,405.29382
2025-06-18T19:20:15+00:00,2985,26.5,79.1,13.6,18.0,3.71387,405.19138
2025-06-18T19:21:08+00:00,2986,26.5,79.1,14.0,18.1,3.52193,405.24704
2025-06-18T19:23:52+00:00,2987,26.5,79.1,14.4,20.7,3.6813,405.25638
2025-06-18T19:24:42+00:00,2988,26.5,79.0,14.9,22.0,3.70571,405.05435
2025-06-18T19:25:31+00:00,2989,26.5,79.0,14.2,20.3,3.56123,405.25638
2025-06-18T19:26:20+00:00,2990,26.6,78.9,14.2,18.6,3.75492,405.19138
2025-06-18T19:27:10+00:00,2991,26.5,78.9,14.0,18.5,3.62486,405.26572
2025-06-18T19:27:59+00:00,2992,26.6,78.9,14.9,19.3,3.4675,405.18216
2025-06-18T19:28:50+00:00,2993,26.5,78.9,14.6,20.7,3.59293,405.25638
2025-06-18T19:29:40+00:00,2994,26.5,78.9,14.5,18.3,3.63288,405.22842
2025-06-18T19:30:29+00:00,2995,26.5,79.0,14.1,18.2,3.6651,405.20062
2025-06-18T19:31:18+00:00,2996,26.5,79.0,14.2,18.9,3.63288,405.1362
2025-06-18T19:32:08+00:00,2997,26.5,79.0,13.9,18.6,3.56913,405.20062
2025-06-18T19:32:57+00:00,2998,26.5,79.0,14.3,21.5,3.45978,405.16373
2025-06-18T19:33:46+00:00,2999,26.5,79.1,13.8,19.3,3.59293,405.12704
2025-06-18T19:34:36+00:00,3000,26.5,79.0,14.1,18.7,3.61686,405.16373
2025-06-18T19:35:25+00:00,3001,26.5,79.0,14.3,19.2,3.41376,405.14536
2025-06-18T19:36:15+00:00,3002,26.5,78.9,14.3,18.9,3.55334,405.11792
2025-06-18T19:37:04+00:00,3003,26.5,78.9,13.9,18.6,3.4675,405.0997
2025-06-18T19:37:54+00:00,3004,26.5,78.9,14.4,18.7,3.49074,405.12704
2025-06-18T19:38:43+00:00,3005,26.4,79.1,14.9,18.4,3.55334,405.06342
2025-06-18T19:39:33+00:00,3006,26.4,79.1,14.4,19.9,3.57705,405.18216
2025-06-18T19:40:24+00:00,3007,26.5,78.9,14.5,21.2,3.58498,405.11792
2025-06-18T19:41:14+00:00,3008,26.5,78.8,15.0,22.1,3.48298,404.94696
2025-06-18T19:42:03+00:00,3009,26.5,78.9,14.6,20.8,3.56123,405.14536
2025-06-18T19:42:52+00:00,3010,26.4,79.0,14.4,20.7,3.5063,405.16373
2025-06-18T19:43:42+00:00,3011,26.4,79.0,13.9,18.8,3.58498,405.1088
2025-06-18T19:44:31+00:00,3012,26.5,78.9,14.7,19.0,3.47523,405.12704
2025-06-18T19:45:21+00:00,3013,26.5,78.9,14.1,20.9,3.49852,405.16373
2025-06-18T19:46:24+00:00,3014,26.5,78.9,14.1,19.3,3.5063,405.14536
2025-06-18T19:47:08+00:00,3015,26.5,78.7,13.2,17.5,3.47523,405.23773
2025-06-18T19:48:01+00:00,3016,26.5,78.8,13.6,17.9,3.5376,405.26572
2025-06-18T19:48:51+00:00,3017,26.4,78.9,13.9,19.4,3.40614,405.15454
2025-06-18T19:49:45+00:00,3018,26.4,78.9,14.8,19.6,3.56123,405.14536
2025-06-18T19:50:34+00:00,3019,26.4,79.0,14.7,20.1,3.54546,405.0997
2025-06-18T19:51:24+00:00,3020,26.5,78.8,13.8,20.2,3.59293,405.09061
2025-06-18T19:52:13+00:00,3021,26.4,78.8,14.2,18.5,3.52193,405.11792
2025-06-18T19:53:03+00:00,3022,26.4,78.8,14.8,20.3,3.56123,405.20987
2025-06-18T19:53:56+00:00,3023,26.4,78.9,13.9,20.7,3.5063,405.18216
2025-06-18T19:54:45+00:00,3024,26.4,78.9,13.7,18.7,3.49852,405.1362
2025-06-18T19:55:34+00:00,3025,26.4,79.1,14.7,19.2,3.44438,405.08151
2025-06-18T19:56:24+00:00,3026,26.3,79.1,14.8,19.6,3.51411,405.02734
2025-06-18T19:57:13+00:00,3027,26.3,79.1,14.5,18.5,3.51411,405.02734
2025-06-18T19:58:02+00:00,3028,26.3,79.2,14.1,19.8,3.52976,405.1088
2025-06-18T19:58:52+00:00,3029,26.3,79.2,14.6,23.2,3.39854,405.06342
2025-06-18T19:59:41+00:00,3030,26.3,79.2,14.6,19.5,3.39854,405.12704
2025-06-18T20:00:31+00:00,3031,26.3,79.1,14.2,19.9,3.30091,405.21915
2025-06-18T20:01:21+00:00,3032,26.3,79.1,13.7,19.3,3.49852,405.05435
2025-06-18T20:02:13+00:00,3033,26.3,79.1,14.7,21.4,3.52193,405.11792
2025-06-18T20:03:02+00:00,3034,26.3,79.2,14.3,22.3,3.49852,405.03632
2025-06-18T20:03:52+00:00,3035,26.3,79.2,14.3,20.5,3.5063,405.0997
2025-06-18T20:04:41+00:00,3036,26.3,79.3,14.9,21.6,3.49074,405.08151
2025-06-18T20:05:31+00:00,3037,26.3,79.3,15.0,20.9,3.38336,405.04535
2025-06-18T20:06:23+00:00,3038,26.3,79.2,13.9,19.5,3.5063,405.01834
2025-06-18T20:07:13+00:00,3039,26.3,79.2,14.9,20.6,3.35319,405.05435
2025-06-18T20:08:03+00:00,3040,26.3,79.3,14.2,21.8,3.49074,405.1088
2025-06-18T20:08:56+00:00,3041,26.3,79.3,13.9,19.3,3.3758,405.04535
2025-06-18T20:09:45+00:00,3042,26.3,79.3,13.9,19.1,3.45978,405.03632
2025-06-18T20:10:37+00:00,3043,26.3,79.2,14.9,21.3,3.39094,405.00937
2025-06-18T20:11:29+00:00,3044,26.3,79.3,14.2,21.2,3.45208,405.03632
2025-06-18T20:12:23+00:00,3045,26.3,79.3,15.1,21.3,3.41376,404.98254
2025-06-18T20:13:17+00:00,3046,26.3,79.3,14.1,22.8,3.4214,405.00043
2025-06-18T20:14:07+00:00,3047,26.3,79.3,14.7,20.8,3.45208,405.01834
2025-06-18T20:14:59+00:00,3048,26.2,79.4,14.5,22.9,3.2201,404.97363
2025-06-18T20:15:51+00:00,3049,26.2,79.3,15.2,22.5,3.45978,404.98254
2025-06-18T20:16:40+00:00,3050,26.2,79.4,15.4,21.1,3.45208,404.98254
2025-06-18T20:17:30+00:00,3051,26.3,79.3,14.6,20.0,3.41376,404.99149
2025-06-18T20:18:24+00:00,3052,26.3,79.3,14.8,20.4,3.30833,405.03632
2025-06-18T20:19:14+00:00,3053,26.3,79.3,15.2,24.5,3.42905,405.1088
2025-06-18T20:20:03+00:00,3054,26.3,79.3,15.1,21.4,3.42905,405.05435
2025-06-18T20:20:52+00:00,3055,26.3,79.3,14.9,22.4,3.41376,405.04535
2025-06-18T20:21:42+00:00,3056,26.3,79.3,15.3,23.5,3.45208,405.05435
2025-06-18T20:22:31+00:00,3057,26.3,79.2,14.9,21.2,3.39854,404.98254
2025-06-18T20:23:20+00:00,3058,26.3,79.2,14.9,22.8,3.38336,405.01834
2025-06-18T20:24:10+00:00,3059,26.3,79.2,14.6,20.5,3.39094,404.95581
2025-06-18T20:24:59+00:00,3060,26.3,79.2,14.9,21.7,3.38336,404.99149
2025-06-18T20:25:49+00:00,3061,26.3,79.3,14.7,22.1,3.42905,404.97363
2025-06-18T20:26:41+00:00,3062,26.3,79.3,14.7,25.0,3.27133,405.00043
2025-06-18T20:27:34+00:00,3063,26.3,79.2,15.9,22.8,3.40614,404.95581
2025-06-18T20:28:24+00:00,3064,26.3,79.2,15.4,22.7,3.42905,404.95581
2025-06-18T20:29:13+00:00,3065,26.3,79.1,15.0,21.0,3.42905,404.99149
2025-06-18T20:30:03+00:00,3066,26.3,79.1,15.6,22.7,3.3758,404.98254
2025-06-18T20:31:01+00:00,3067,26.3,79.2,15.7,22.2,3.34568,404.94696
2025-06-18T20:32:47+00:00,3068,26.3,79.1,15.3,22.1,3.39854,405.0997
2025-06-18T20:33:36+00:00,3069,26.3,79.2,15.6,21.5,3.44438,404.85889
2025-06-18T20:34:31+00:00,3070,26.3,79.1,16.3,22.4,3.43671,404.94696
2025-06-18T20:35:24+00:00,3071,26.3,79.1,15.5,24.0,3.4214,404.73782
2025-06-18T20:38:15+00:00,3072,26.4,78.7,15.3,20.5,3.35319,404.89395
2025-06-18T20:39:09+00:00,3073,26.4,78.8,14.9,20.9,3.3758,404.8764
2025-06-18T20:39:59+00:00,3074,26.3,79.0,16.2,24.4,3.25662,404.91156
2025-06-18T20:40:57+00:00,3075,26.3,79.0,16.3,24.3,3.41376,404.89395
2025-06-18T20:41:46+00:00,3076,26.3,79.0,16.0,24.5,3.32323,405.00937
2025-06-18T20:42:35+00:00,3077,26.3,79.0,16.0,22.8,3.39854,404.99149
2025-06-18T20:43:25+00:00,3078,26.3,79.1,16.5,23.3,3.32323,404.92041
2025-06-18T20:44:14+00:00,3079,26.3,79.1,15.5,23.3,3.3758,404.95581
2025-06-18T20:45:04+00:00,3080,26.3,79.1,16.2,24.2,3.39854,404.98254
2025-06-18T20:46:02+00:00,3081,26.3,79.1,17.8,27.2,3.24197,404.89395
2025-06-18T20:46:52+00:00,3082,26.4,78.8,17.2,28.7,3.22738,404.89395
2025-06-18T20:47:41+00:00,3083,26.4,78.9,15.8,23.1,3.23467,404.85016
2025-06-18T20:48:30+00:00,3084,26.5,78.7,16.1,22.1,3.34568,404.99149
2025-06-18T20:49:25+00:00,3085,26.4,78.7,16.8,25.1,3.24929,404.88516
2025-06-18T20:50:14+00:00,3086,26.5,78.5,15.9,23.4,3.27133,404.83273
2025-06-18T20:51:04+00:00,3087,26.4,78.6,16.0,22.2,3.16235,404.92923
2025-06-18T20:51:53+00:00,3088,26.4,78.6,16.2,24.4,3.24197,404.85889
2025-06-18T20:52:44+00:00,3089,26.3,78.9,15.5,21.1,3.13379,404.92923
2025-06-18T20:53:37+00:00,3090,26.3,78.8,15.6,24.1,3.3758,404.93808
2025-06-18T20:54:34+00:00,3091,26.3,78.9,16.3,24.5,3.24929,404.81537
2025-06-18T20:55:27+00:00,3092,26.3,79.0,16.2,25.6,3.20558,404.8067
2025-06-18T20:57:12+00:00,3093,26.3,79.0,16.2,23.2,3.24197,404.79803
2025-06-18T20:58:09+00:00,3094,26.3,78.8,16.4,25.5,3.27133,404.82404
2025-06-18T20:59:01+00:00,3095,26.3,78.8,16.6,22.2,3.20558,404.86765
2025-06-18T20:59:53+00:00,3096,26.3,78.6,16.2,24.6,3.25662,404.7894
2025-06-18T21:00:44+00:00,3097,26.3,78.8,15.3,21.8,3.25662,404.81537
2025-06-18T21:01:34+00:00,3098,26.3,78.9,15.9,25.4,3.06331,404.76355
2025-06-18T21:03:20+00:00,3099,26.4,78.7,14.7,22.1,3.0703,404.81537
2025-06-18T21:04:10+00:00,3100,26.4,78.5,15.4,22.3,3.25662,404.8067
2025-06-18T21:04:59+00:00,3101,26.3,78.7,15.0,20.9,3.14804,404.85016
2025-06-18T21:05:49+00:00,3102,26.3,78.7,15.6,22.5,3.22738,404.72073
2025-06-18T21:06:38+00:00,3103,26.3,78.8,15.9,22.1,3.24197,404.72928
2025-06-18T21:07:28+00:00,3104,26.3,78.7,15.4,21.9,3.21283,404.73782
2025-06-18T21:08:17+00:00,3105,26.3,78.6,14.6,21.5,3.24197,404.75497
2025-06-18T21:09:11+00:00,3106,26.3,78.6,15.5,22.3,3.23467,404.71222
2025-06-18T21:10:01+00:00,3107,26.4,78.5,15.6,22.9,3.28609,404.72928
2025-06-18T21:10:50+00:00,3108,26.4,78.4,15.1,23.5,3.28609,404.81537
2025-06-18T21:11:39+00:00,3109,26.4,78.4,16.2,23.0,3.22738,404.7037
2025-06-18T21:12:29+00:00,3110,26.4,78.4,15.3,20.6,3.16952,404.7464
2025-06-18T21:13:18+00:00,3111,26.3,78.4,15.1,21.3,3.25662,404.76355
2025-06-18T21:14:08+00:00,3112,26.4,78.4,15.2,22.2,3.04937,404.7037
2025-06-18T21:15:51+00:00,3113,26.3,78.4,15.3,23.5,3.01475,404.65289
2025-06-18T21:16:45+00:00,3114,26.3,78.5,15.4,21.5,3.19111,404.72073
2025-06-18T21:17:39+00:00,3115,26.3,78.5,15.4,21.5,3.16235,404.71222
2025-06-18T21:18:29+00:00,3116,26.3,78.6,15.2,23.0,3.19834,404.72928
2025-06-18T21:19:27+00:00,3117,26.3,78.5,15.6,23.8,3.16235,404.7037
2025-06-18T21:20:25+00:00,3118,26.3,78.4,15.4,21.2,3.26397,404.72073
2025-06-18T21:21:15+00:00,3119,26.4,78.3,15.2,21.8,3.27133,404.72073
2025-06-18T21:22:07+00:00,3120,26.4,78.3,15.6,21.9,3.16952,404.82404
2025-06-18T21:23:00+00:00,3121,26.4,78.2,15.1,20.4,2.96002,404.68671
2025-06-18T21:23:50+00:00,3122,26.4,78.2,14.8,22.9,3.08432,404.84146
2025-06-18T21:24:39+00:00,3123,26.4,78.3,15.4,21.2,3.16952,404.72073
2025-06-18T21:25:29+00:00,3124,26.3,78.3,15.8,21.5,3.1839,404.71222
2025-06-18T21:26:18+00:00,3125,26.3,78.3,15.3,22.1,3.16952,404.67825
2025-06-18T21:27:14+00:00,3126,26.4,78.4,14.9,22.3,3.14091,404.7037
2025-06-18T21:28:03+00:00,3127,26.4,78.3,14.9,20.9,3.1767,404.71222
2025-06-18T21:28:53+00:00,3128,26.4,78.2,15.5,22.2,3.19834,404.7037
2025-06-18T21:29:46+00:00,3129,26.4,78.2,14.6,21.1,3.1839,404.46237
2025-06-18T21:30:36+00:00,3130,26.4,78.3,15.0,20.7,3.11251,404.7037
2025-06-18T21:31:29+00:00,3131,26.3,78.3,14.6,23.2,3.2201,404.68671
2025-06-18T21:32:19+00:00,3132,26.3,78.4,14.8,21.9,3.19111,404.72928
2025-06-18T21:33:08+00:00,3133,26.3,78.4,14.9,21.0,3.10544,404.7037
2025-06-18T21:34:00+00:00,3134,26.3,78.4,15.1,21.2,3.19834,404.7037
2025-06-18T21:34:50+00:00,3135,26.3,78.4,15.5,23.1,3.1839,404.72928
2025-06-18T21:35:44+00:00,3136,26.3,78.3,14.6,21.8,2.98729,404.6698
2025-06-18T21:36:33+00:00,3137,26.3,78.4,15.3,22.7,3.09839,404.6698
2025-06-18T21:37:22+00:00,3138,26.3,78.4,14.5,21.4,3.12668,404.66135
2025-06-18T21:38:12+00:00,3139,26.3,78.3,14.0,21.6,2.98729,404.61929
2025-06-18T21:39:04+00:00,3140,26.3,78.3,14.2,19.6,3.09135,404.68671
2025-06-18T21:39:53+00:00,3141,26.3,78.3,14.7,20.6,2.99413,404.66135
2025-06-18T21:40:43+00:00,3142,26.3,78.4,15.0,20.7,3.09839,404.67825
2025-06-18T21:41:32+00:00,3143,26.3,78.3,15.1,21.9,3.11251,404.67825
2025-06-18T21:42:21+00:00,3144,26.3,78.3,14.5,22.4,2.90611,404.57755
2025-06-18T21:43:11+00:00,3145,26.3,78.4,14.6,21.5,3.11959,404.64447
2025-06-18T21:44:00+00:00,3146,26.2,78.4,14.6,21.5,3.11251,404.6698
2025-06-18T21:44:50+00:00,3147,26.3,78.4,14.4,22.4,3.11251,404.66135
2025-06-18T21:45:39+00:00,3148,26.2,78.4,14.9,20.7,3.12668,404.61093
2025-06-18T21:46:28+00:00,3149,26.2,78.5,14.2,21.1,3.16952,404.62769
2025-06-18T21:47:18+00:00,3150,26.3,78.3,14.2,20.9,3.00787,404.56924
2025-06-18T21:48:07+00:00,3151,26.3,78.4,14.8,21.7,3.08432,404.66135
2025-06-18T21:48:56+00:00,3152,26.2,78.5,14.9,20.9,3.03549,404.63608
2025-06-18T21:49:46+00:00,3153,26.2,78.5,14.8,22.0,3.11959,404.61093
2025-06-18T21:51:28+00:00,3154,26.3,78.4,15.8,24.7,3.08432,404.66135
2025-06-18T21:52:18+00:00,3155,26.3,78.4,15.2,21.6,3.08432,404.57755
2025-06-18T21:53:07+00:00,3156,26.3,78.3,14.9,22.5,3.01475,404.5444
2025-06-18T21:53:57+00:00,3157,26.3,78.2,15.7,23.8,2.86619,404.58588
2025-06-18T21:54:46+00:00,3158,26.3,78.3,15.4,22.6,2.89942,404.62769
2025-06-18T21:55:35+00:00,3159,26.2,78.3,14.3,21.6,2.95324,404.59421
2025-06-18T21:56:25+00:00,3160,26.3,78.4,15.2,23.8,2.95324,404.55267
2025-06-18T21:57:14+00:00,3161,26.3,78.3,15.0,23.6,3.05634,404.60257
2025-06-18T21:58:03+00:00,3162,26.3,78.2,13.2,19.7,3.01475,404.58588
2025-06-18T21:58:53+00:00,3163,26.2,78.3,14.0,20.2,3.03549,404.51144
2025-06-18T21:59:42+00:00,3164,26.2,78.4,14.6,21.4,3.14091,404.58588
2025-06-18T22:00:32+00:00,3165,26.2,78.5,14.4,22.3,3.05634,404.56094
2025-06-18T22:01:21+00:00,3166,26.2,78.5,14.5,19.5,2.98729,404.50323
2025-06-18T22:02:11+00:00,3167,26.2,78.4,15.2,25.5,3.06331,404.48685
2025-06-18T22:03:00+00:00,3168,26.2,78.4,14.0,19.2,2.9128,404.53613
2025-06-18T22:03:49+00:00,3169,26.2,78.4,14.2,20.0,3.02856,404.49503
2025-06-18T22:04:39+00:00,3170,26.2,78.6,14.8,20.0,2.87281,404.60257
2025-06-18T22:05:28+00:00,3171,26.2,78.4,15.0,21.5,2.87281,404.49503
2025-06-18T22:06:18+00:00,3172,26.2,78.4,14.4,19.6,2.99413,404.47052
2025-06-18T22:07:11+00:00,3173,26.2,78.5,14.2,20.2,2.87945,404.47867
2025-06-18T22:08:03+00:00,3174,26.2,78.4,13.9,19.4,2.98045,404.48685
2025-06-18T22:08:56+00:00,3175,26.2,78.4,14.4,22.8,3.15519,404.49503
2025-06-18T22:09:49+00:00,3176,26.2,78.5,14.3,21.9,3.00099,404.49503
2025-06-18T22:10:39+00:00,3177,26.2,78.5,14.4,21.1,2.97363,404.47052
2025-06-18T22:11:28+00:00,3178,26.1,78.5,14.4,21.4,2.97363,404.45422
2025-06-18T22:12:17+00:00,3179,26.2,78.5,14.1,20.8,2.98729,404.48685
2025-06-18T22:13:07+00:00,3180,26.1,78.5,14.1,19.9,2.96682,404.47867
2025-06-18T22:13:56+00:00,3181,26.1,78.6,14.4,20.2,3.03549,404.44611
2025-06-18T22:14:45+00:00,3182,26.1,78.7,14.6,22.9,2.88609,404.4299
2025-06-18T22:15:35+00:00,3183,26.1,78.7,14.7,21.9,2.92623,404.44611
2025-06-18T22:16:24+00:00,3184,26.2,78.5,14.7,22.2,3.00787,404.44611
2025-06-18T22:17:13+00:00,3185,26.2,78.4,14.2,20.4,3.00099,404.41376
2025-06-18T22:18:03+00:00,3186,26.2,78.6,14.4,20.0,2.80716,404.42181
2025-06-18T22:18:52+00:00,3187,26.2,78.6,14.2,20.7,2.91951,404.41376
2025-06-18T22:19:41+00:00,3188,26.1,78.8,13.6,20.0,2.98045,404.4057
2025-06-18T22:20:31+00:00,3189,26.1,78.7,14.5,20.6,2.89275,404.4299
2025-06-18T22:21:20+00:00,3190,26.1,78.8,14.4,21.1,2.89942,404.4299
2025-06-18T22:22:10+00:00,3191,26.1,78.9,13.5,19.2,2.91951,404.38959
2025-06-18T22:23:00+00:00,3192,26.1,78.9,15.3,22.3,2.78124,404.4299
2025-06-18T22:23:49+00:00,3193,26.1,78.9,14.7,21.2,2.9128,404.47052
2025-06-18T22:24:39+00:00,3194,26.1,79.0,14.3,21.5,2.93971,404.35757
2025-06-18T22:25:28+00:00,3195,26.1,79.0,14.3,21.2,2.79418,404.4057
2025-06-18T22:26:21+00:00,3196,26.2,78.9,14.7,21.3,2.96002,404.4299
2025-06-18T22:27:10+00:00,3197,26.2,78.8,14.2,20.9,2.90611,404.36557
2025-06-18T22:27:59+00:00,3198,26.2,78.8,14.6,21.1,2.89275,404.41376
2025-06-18T22:28:52+00:00,3199,26.2,78.8,14.6,21.5,2.80066,404.4299
2025-06-18T22:29:42+00:00,3200,26.2,78.8,14.1,20.3,2.79418,404.38959
2025-06-18T22:30:35+00:00,3201,26.2,78.9,14.7,22.3,2.69205,404.38159
2025-06-18T22:31:28+00:00,3202,26.1,79.0,14.1,20.8,2.81367,404.37357
2025-06-18T22:32:23+00:00,3203,26.2,78.9,13.8,19.5,2.89275,404.39764
2025-06-18T22:33:12+00:00,3204,26.2,78.9,14.7,21.4,2.89275,404.34961
2025-06-18T22:34:59+00:00,3205,26.1,79.1,14.4,21.3,2.91951,404.37357
2025-06-18T22:35:48+00:00,3206,26.2,79.0,14.1,21.6,2.85299,404.34961
2025-06-18T22:36:44+00:00,3207,26.2,78.9,15.2,20.7,2.93296,404.33368
2025-06-18T22:37:33+00:00,3208,26.2,79.1,14.7,22.2,2.93971,404.38959
2025-06-18T22:38:22+00:00,3209,26.2,78.9,14.4,20.5,2.91951,404.34164
2025-06-18T22:39:12+00:00,3210,26.2,78.9,14.9,22.8,2.96682,404.35757
2025-06-18T22:40:01+00:00,3211,26.2,79.1,14.8,21.6,2.83327,404.2941
2025-06-18T22:40:51+00:00,3212,26.1,79.1,15.7,24.6,2.96682,404.28622
2025-06-18T22:41:44+00:00,3213,26.2,79.2,14.8,21.8,2.90611,404.36557
2025-06-18T22:42:33+00:00,3214,26.2,79.0,14.6,23.3,2.87945,404.38959
2025-06-18T22:43:23+00:00,3215,26.2,79.0,15.6,21.7,2.87281,404.38159
2025-06-18T22:44:12+00:00,3216,26.2,79.1,14.4,20.1,2.89942,404.42181
2025-06-18T22:45:04+00:00,3217,26.2,79.1,16.0,22.2,2.88609,404.36557
2025-06-18T22:45:54+00:00,3218,26.2,79.2,14.8,21.1,2.87281,404.33368
2025-06-18T22:46:47+00:00,3219,26.1,79.2,14.9,22.5,2.88609,404.28622
2025-06-18T22:47:36+00:00,3220,26.1,79.3,14.0,20.6,2.87945,404.302
2025-06-18T22:48:25+00:00,3221,26.1,79.3,15.2,21.3,2.85299,404.31781
2025-06-18T22:49:21+00:00,3222,26.1,79.4,14.8,21.6,2.93971,404.28622
2025-06-18T22:50:10+00:00,3223,26.1,79.3,15.1,22.7,2.87945,404.34961
2025-06-18T22:51:00+00:00,3224,26.2,79.3,15.0,22.5,2.94647,404.44611
2025-06-18T22:51:49+00:00,3225,26.3,79.1,15.2,23.0,2.88609,404.34961
2025-06-18T22:52:41+00:00,3226,26.3,78.9,14.5,22.2,2.85959,404.31781
2025-06-18T22:53:31+00:00,3227,26.2,79.2,14.7,22.2,2.85959,404.38959
2025-06-18T22:54:20+00:00,3228,26.2,79.2,14.6,23.0,2.88609,404.33368
2025-06-18T22:55:17+00:00,3229,26.2,79.3,14.5,23.3,2.84641,404.2941
2025-06-18T22:57:06+00:00,3230,26.1,79.4,15.1,22.6,2.85959,404.26266
2025-06-18T22:57:56+00:00,3231,26.1,79.5,15.8,22.8,2.90611,404.33368
2025-06-18T22:58:45+00:00,3232,26.1,79.5,15.7,24.2,2.81367,404.32574
2025-06-18T22:59:42+00:00,3233,26.1,79.6,15.5,22.5,2.92623,404.28622
2025-06-18T23:00:31+00:00,3234,26.1,79.7,15.4,24.7,2.87281,404.2941
2025-06-18T23:01:21+00:00,3235,26.1,79.5,15.7,25.7,2.87945,403.9512
2025-06-18T23:02:13+00:00,3236,26.2,79.4,15.3,22.2,2.90611,404.33368
2025-06-18T23:03:06+00:00,3237,26.1,79.5,15.7,23.5,2.73635,404.24701
2025-06-18T23:03:58+00:00,3238,26.1,79.5,15.0,22.9,2.85959,404.33368
2025-06-18T23:04:52+00:00,3239,26.2,79.4,15.4,22.7,2.88609,404.302
2025-06-18T23:05:42+00:00,3240,26.2,79.4,15.4,22.6,2.83983,404.27051
2025-06-18T23:07:25+00:00,3241,26.2,79.4,16.2,23.1,2.73635,404.22363
2025-06-18T23:08:14+00:00,3242,26.1,79.5,15.8,23.2,2.84641,404.2941
2025-06-18T23:09:04+00:00,3243,26.1,79.6,15.3,21.5,2.85299,404.25482
2025-06-18T23:09:53+00:00,3244,26.1,79.6,16.4,23.8,2.85299,404.25482
2025-06-18T23:10:43+00:00,3245,26.2,79.5,16.6,24.5,2.85299,404.302
2025-06-18T23:11:35+00:00,3246,26.2,79.4,15.7,23.4,2.84641,404.27838
2025-06-18T23:12:35+00:00,3247,26.1,79.5,16.4,22.6,2.83983,404.27838
2025-06-18T23:13:28+00:00,3248,26.2,79.5,14.4,21.8,2.84641,404.302
2025-06-18T23:14:20+00:00,3249,26.1,79.5,15.5,23.3,2.77479,404.26266
2025-06-18T23:15:09+00:00,3250,26.2,79.4,15.5,22.0,2.85299,404.27838
2025-06-18T23:15:59+00:00,3251,26.2,79.5,15.2,21.1,2.83983,404.18491
2025-06-18T23:16:51+00:00,3252,26.2,79.4,16.2,24.6,2.87281,404.2941
2025-06-18T23:17:40+00:00,3253,26.2,79.3,15.7,24.0,2.85959,404.31781
2025-06-18T23:18:30+00:00,3254,26.2,79.4,15.7,24.1,2.83983,404.24701
2025-06-18T23:19:19+00:00,3255,26.2,79.4,15.6,22.4,2.74912,404.25482
2025-06-18T23:20:09+00:00,3256,26.2,79.4,15.9,23.3,2.64833,404.26266
2025-06-18T23:21:04+00:00,3257,26.1,79.4,15.6,21.9,2.83327,404.25482
2025-06-18T23:21:54+00:00,3258,26.2,79.4,15.1,22.6,2.84641,404.24701
2025-06-18T23:22:43+00:00,3259,26.1,79.5,16.0,25.2,2.79418,404.19263
2025-06-18T23:23:37+00:00,3260,26.1,79.6,15.8,23.7,2.7877,404.22363
2025-06-18T23:24:27+00:00,3261,26.2,79.4,16.2,24.0,2.83983,404.21585
2025-06-18T23:25:16+00:00,3262,26.2,79.4,15.1,22.4,2.70465,404.23141
2025-06-18T23:26:12+00:00,3263,26.1,79.4,15.0,21.7,2.93971,404.2081
2025-06-18T23:27:05+00:00,3264,26.2,79.3,15.4,21.7,2.83327,404.20035
2025-06-18T23:28:55+00:00,3265,26.1,79.4,15.7,21.7,2.83327,404.19263
2025-06-18T23:29:48+00:00,3266,26.1,79.5,15.2,21.1,2.71096,404.17719
2025-06-18T23:30:37+00:00,3267,26.1,79.5,15.0,21.4,2.84641,404.20035
2025-06-18T23:31:31+00:00,3268,26.0,79.5,14.4,21.9,2.77479,404.16946
2025-06-18T23:32:24+00:00,3269,26.1,79.4,15.2,22.6,2.83327,404.18491
2025-06-18T23:33:16+00:00,3270,26.1,79.4,15.0,21.0,2.70465,404.19263
2025-06-18T23:34:05+00:00,3271,26.1,79.4,14.7,23.0,2.83983,404.18491
2025-06-18T23:34:58+00:00,3272,26.1,79.3,15.1,22.2,2.81367,404.17719
2025-06-18T23:35:47+00:00,3273,26.1,79.3,15.0,22.8,2.65454,404.18491
2025-06-18T23:36:40+00:00,3274,26.1,79.3,15.1,23.8,2.82019,404.04785
2025-06-18T23:37:29+00:00,3275,26.0,79.4,15.0,21.7,2.80066,404.18491
2025-06-18T23:38:19+00:00,3276,26.1,79.3,14.9,22.2,2.83327,404.21585
2025-06-18T23:39:08+00:00,3277,26.1,79.2,14.1,19.1,2.82673,404.20035
2025-06-18T23:39:57+00:00,3278,26.1,79.2,15.3,23.7,2.80066,404.13113
2025-06-18T23:40:47+00:00,3279,26.1,79.2,15.0,22.1,2.76836,404.18491
2025-06-18T23:41:42+00:00,3280,26.1,79.1,14.1,20.0,2.77479,404.18491
2025-06-18T23:42:31+00:00,3281,26.1,79.2,14.0,21.1,2.80716,404.15411
2025-06-18T23:43:21+00:00,3282,26.1,79.2,14.1,19.7,2.62977,404.16946
2025-06-18T23:44:18+00:00,3283,26.1,79.2,13.8,20.7,2.80716,404.16946
2025-06-18T23:45:11+00:00,3284,26.0,79.3,14.3,21.7,2.78124,404.17719
2025-06-18T23:46:00+00:00,3285,26.0,79.3,14.1,20.3,2.73635,404.13879
2025-06-18T23:46:49+00:00,3286,26.0,79.2,14.7,20.8,2.77479,404.18491
2025-06-18T23:47:39+00:00,3287,26.0,79.3,14.7,22.4,2.7877,404.18491
2025-06-18T23:48:28+00:00,3288,26.1,79.1,14.7,22.6,2.81367,404.18491
2025-06-18T23:49:20+00:00,3289,26.1,79.0,14.0,20.8,2.76193,404.21585
2025-06-18T23:50:09+00:00,3290,26.1,79.0,14.4,20.3,2.80066,404.1618
2025-06-18T23:50:59+00:00,3291,26.0,79.1,14.3,20.2,2.77479,404.13113
2025-06-18T23:51:48+00:00,3292,26.0,79.1,15.6,23.3,2.74912,404.15411
2025-06-18T23:52:38+00:00,3293,26.1,79.0,14.0,19.7,2.82673,404.16946
2025-06-18T23:53:27+00:00,3294,26.1,78.9,14.3,19.8,2.62977,404.20035
2025-06-18T23:54:16+00:00,3295,26.1,78.8,14.0,19.3,2.86619,404.19263
2025-06-18T23:55:06+00:00,3296,26.2,78.6,14.2,19.6,2.75552,404.13879
2025-06-18T23:55:55+00:00,3297,26.2,78.5,14.4,23.1,2.6795,404.18491
2025-06-18T23:56:44+00:00,3298,26.2,78.6,13.8,19.1,2.79418,404.1618
2025-06-18T23:57:34+00:00,3299,26.2,78.5,13.2,18.0,2.70465,404.18491
2025-06-18T23:58:23+00:00,3300,26.2,78.4,14.2,20.1,2.85959,404.18491
2025-06-18T23:59:12+00:00,3301,26.2,78.5,14.0,17.9,2.61132,404.18491
2025-06-19T00:00:02+00:00,3302,26.2,78.5,13.7,20.7,2.667,404.18491
2025-06-19T00:00:51+00:00,3303,26.2,78.5,13.4,20.1,2.80716,404.11591
2025-06-19T00:01:41+00:00,3304,26.1,78.5,13.9,20.5,2.667,404.15411
2025-06-19T00:02:30+00:00,3305,26.1,78.6,13.5,21.6,2.69834,404.11591
2025-06-19T00:03:24+00:00,3306,26.1,78.7,13.9,21.8,2.73635,404.13879
2025-06-19T00:04:20+00:00,3307,26.1,78.7,13.8,22.3,2.80716,403.93649
2025-06-19T00:05:12+00:00,3308,26.0,78.7,13.6,17.8,2.77479,404.02539
2025-06-19T00:06:05+00:00,3309,26.0,78.8,13.9,21.1,2.70465,404.12354
2025-06-19T00:06:58+00:00,3310,26.1,78.8,13.7,19.5,2.72363,404.13879
2025-06-19T00:07:52+00:00,3311,26.0,78.7,13.6,20.5,2.75552,404.14645
2025-06-19T00:08:44+00:00,3312,26.0,78.9,13.6,17.6,2.667,404.05536
2025-06-19T00:09:33+00:00,3313,26.0,79.0,14.6,19.8,2.80066,404.13113
2025-06-19T00:10:26+00:00,3314,26.0,79.0,13.9,21.5,2.78124,404.16946
2025-06-19T00:11:18+00:00,3315,26.0,79.0,13.6,20.3,2.75552,404.04034
2025-06-19T00:12:11+00:00,3316,26.0,78.9,14.0,20.1,2.82019,404.13113
2025-06-19T00:13:07+00:00,3317,26.1,78.8,14.1,18.8,2.68577,404.14645
2025-06-19T00:14:00+00:00,3318,26.1,78.7,13.1,18.7,2.71096,404.01791
2025-06-19T00:14:54+00:00,3319,26.1,78.8,13.7,19.7,2.76193,404.13879
2025-06-19T00:15:44+00:00,3320,26.1,78.8,13.1,18.8,2.76836,404.13879
2025-06-19T00:16:34+00:00,3321,26.0,78.8,13.1,21.5,2.74912,404.13879
2025-06-19T00:17:27+00:00,3322,26.0,79.0,12.9,19.9,2.80066,404.12354
2025-06-19T00:18:23+00:00,3323,26.0,79.0,13.5,20.1,2.76193,404.13113
2025-06-19T00:19:16+00:00,3324,26.0,79.1,13.6,17.6,2.76836,404.00299
2025-06-19T00:20:12+00:00,3325,26.0,79.1,13.5,20.1,2.72999,404.14645
2025-06-19T00:21:04+00:00,3326,26.0,79.0,12.8,19.4,2.70465,404.11591
2025-06-19T00:21:56+00:00,3327,26.0,79.1,13.3,19.1,2.75552,404.18491
2025-06-19T00:22:45+00:00,3328,26.0,79.0,13.0,17.9,2.75552,404.11591
2025-06-19T00:23:35+00:00,3329,26.0,79.1,13.2,18.0,2.76836,404.10831
2025-06-19T00:24:27+00:00,3330,26.0,79.0,14.0,18.5,2.76193,404.18491
2025-06-19T00:25:16+00:00,3331,26.0,79.1,13.0,17.4,2.75552,404.1618
2025-06-19T00:26:11+00:00,3332,26.0,79.0,13.8,18.4,2.76193,404.18491
2025-06-19T00:27:00+00:00,3333,26.0,79.0,13.5,18.5,2.75552,404.13879
2025-06-19T00:27:50+00:00,3334,26.0,78.8,13.2,18.6,2.72999,403.83487
2025-06-19T00:28:39+00:00,3335,26.0,79.0,14.1,21.1,2.62361,404.1618
2025-06-19T00:29:29+00:00,3336,26.0,78.9,13.5,20.2,2.70465,404.14645
2025-06-19T00:30:18+00:00,3337,26.0,79.0,13.5,20.5,2.75552,404.03287
2025-06-19T00:31:08+00:00,3338,26.1,78.8,13.4,19.2,2.72999,404.05536
2025-06-19T00:31:57+00:00,3339,26.1,78.8,12.9,16.9,2.6795,404.1618
2025-06-19T00:32:46+00:00,3340,26.0,79.0,13.8,20.9,2.76836,404.13113
2025-06-19T00:33:36+00:00,3341,26.0,79.0,14.4,21.2,2.72363,404.13879
2025-06-19T00:34:25+00:00,3342,26.1,78.8,13.6,20.0,2.58687,404.18491
2025-06-19T00:35:15+00:00,3343,26.1,78.7,14.3,21.7,2.61746,404.1618
2025-06-19T00:36:04+00:00,3344,26.1,78.7,13.2,18.9,2.76836,404.14645
2025-06-19T00:36:53+00:00,3345,26.0,78.8,13.8,21.0,2.82673,404.13113
2025-06-19T00:37:46+00:00,3346,26.0,78.8,12.6,18.8,2.77479,404.12354
2025-06-19T00:38:36+00:00,3347,26.0,78.8,12.9,18.2,2.76193,404.17719
2025-06-19T00:39:28+00:00,3348,26.1,78.8,13.1,18.8,2.73635,404.18491
2025-06-19T00:40:17+00:00,3349,26.0,78.9,12.5,17.9,2.58079,404.13879
2025-06-19T00:41:07+00:00,3350,26.0,78.9,13.1,19.2,2.73635,404.14645
2025-06-19T00:41:56+00:00,3351,26.0,78.9,13.8,19.3,2.73635,404.14645
2025-06-19T00:42:45+00:00,3352,26.0,78.9,14.0,20.1,2.58687,404.07797
2025-06-19T00:43:35+00:00,3353,26.1,78.7,12.8,19.0,2.74273,404.1618
2025-06-19T00:44:24+00:00,3354,26.0,78.7,13.1,19.0,2.76836,404.10831
2025-06-19T00:45:19+00:00,3355,26.0,78.7,13.1,18.5,2.73635,404.14645
2025-06-19T00:46:08+00:00,3356,26.0,78.7,13.0,18.5,2.74273,404.10831
2025-06-19T00:46:58+00:00,3357,26.0,78.8,13.8,21.0,2.74912,404.13879
2025-06-19T00:47:47+00:00,3358,26.0,78.8,13.2,18.6,2.66076,404.14645
2025-06-19T00:48:36+00:00,3359,26.0,78.7,13.7,20.5,2.71729,404.14645
2025-06-19T00:49:26+00:00,3360,26.0,78.7,13.3,17.8,2.74273,404.13879
2025-06-19T00:50:17+00:00,3361,26.0,78.7,13.4,18.9,2.75552,404.03287
2025-06-19T00:51:06+00:00,3362,26.0,78.7,13.3,17.9,2.86619,404.0629
2025-06-19T00:51:56+00:00,3363,26.0,78.7,13.2,17.4,2.75552,404.13879
2025-06-19T00:52:45+00:00,3364,26.0,78.6,13.6,20.8,2.73635,404.13113
2025-06-19T00:53:37+00:00,3365,26.0,78.7,13.0,18.4,2.81367,404.16946
2025-06-19T00:54:27+00:00,3366,26.0,78.7,13.3,17.4,2.74912,403.99557
2025-06-19T00:55:16+00:00,3367,26.0,78.7,13.3,17.9,2.61132,404.1618
2025-06-19T00:56:05+00:00,3368,26.0,78.8,13.4,19.5,2.71096,404.04034
2025-06-19T00:56:55+00:00,3369,26.0,78.7,13.7,19.5,2.75552,404.14645
2025-06-19T00:57:44+00:00,3370,26.0,78.7,13.2,19.1,2.59907,404.16946
2025-06-19T00:58:33+00:00,3371,26.0,78.7,12.8,18.2,2.6795,404.18491
2025-06-19T00:59:23+00:00,3372,26.0,78.8,14.0,20.4,2.80066,404.04785
2025-06-19T01:00:12+00:00,3373,26.1,78.6,14.0,19.6,2.69834,404.14645
2025-06-19T01:01:02+00:00,3374,26.1,78.5,13.1,18.3,2.74912,404.10071
2025-06-19T01:01:51+00:00,3375,26.1,78.5,12.7,17.9,2.6795,404.17719
2025-06-19T01:02:40+00:00,3376,26.1,78.5,13.9,20.0,2.667,404.10071
2025-06-19T01:03:30+00:00,3377,26.0,78.6,13.6,19.9,2.72999,404.01047
2025-06-19T01:04:19+00:00,3378,26.0,78.6,13.3,19.5,2.667,404.14645
2025-06-19T01:05:08+00:00,3379,26.0,78.6,13.5,18.5,2.62361,404.12354
2025-06-19T01:06:02+00:00,3380,26.0,78.6,13.3,18.5,2.68577,404.11591
2025-06-19T01:06:51+00:00,3381,26.1,78.5,13.6,20.4,2.76836,404.13879
2025-06-19T01:07:41+00:00,3382,26.0,78.6,13.3,19.4,2.78124,404.10831
2025-06-19T01:08:31+00:00,3383,26.0,78.6,13.8,20.4,2.82673,404.15411
2025-06-19T01:09:23+00:00,3384,26.0,78.6,13.4,19.0,2.74273,404.14645
2025-06-19T01:10:13+00:00,3385,26.0,78.6,13.7,19.1,2.62977,404.12354
2025-06-19T01:11:03+00:00,3386,26.2,78.3,14.2,19.4,2.74273,404.11591
2025-06-19T01:11:52+00:00,3387,26.2,78.0,13.2,18.6,2.81367,404.25482
2025-06-19T01:12:41+00:00,3388,26.2,78.0,13.3,18.8,2.70465,404.13879
2025-06-19T01:13:31+00:00,3389,26.1,78.1,12.8,18.8,2.82673,404.22363
2025-06-19T01:14:20+00:00,3390,26.1,78.2,12.6,19.4,2.82673,404.08554
2025-06-19T01:15:10+00:00,3391,26.1,78.2,13.5,19.1,2.70465,404.17719
2025-06-19T01:15:59+00:00,3392,26.1,78.2,13.3,18.1,2.71729,404.1618
2025-06-19T01:16:48+00:00,3393,26.1,78.2,13.9,21.0,2.77479,404.1618
2025-06-19T01:17:38+00:00,3394,26.1,78.2,13.4,18.2,2.80066,404.21585
2025-06-19T01:18:27+00:00,3395,26.1,78.1,13.2,18.2,2.76836,404.14645
2025-06-19T01:19:19+00:00,3396,26.1,78.1,13.7,20.9,2.63595,404.1618
2025-06-19T01:21:11+00:00,3397,26.1,78.2,13.6,19.6,2.74273,404.11591
2025-06-19T01:22:08+00:00,3398,26.0,78.3,13.7,20.8,2.65454,404.03287
2025-06-19T01:22:59+00:00,3399,26.1,78.1,13.0,20.7,2.67324,404.11591
2025-06-19T01:23:48+00:00,3400,26.1,78.1,13.5,18.3,2.73635,403.92917
2025-06-19T01:24:38+00:00,3401,26.1,78.1,13.9,21.2,2.80716,404.1618
2025-06-19T01:25:27+00:00,3402,26.1,78.1,13.2,18.9,2.53854,404.13879
2025-06-19T01:26:17+00:00,3403,26.1,78.0,13.7,19.6,2.71729,404.11591
2025-06-19T01:27:06+00:00,3404,26.1,78.0,13.8,20.6,2.71729,404.13113
2025-06-19T01:27:56+00:00,3405,26.1,78.0,13.4,20.2,2.75552,404.05536
2025-06-19T01:28:51+00:00,3406,26.1,78.0,13.5,20.2,2.61746,404.10831
2025-06-19T01:29:41+00:00,3407,26.1,77.9,12.9,18.7,2.74273,404.04785
2025-06-19T01:30:31+00:00,3408,26.1,77.7,13.8,20.0,2.70465,404.14645
2025-06-19T01:31:20+00:00,3409,26.2,77.6,13.5,18.9,2.74273,404.23141
2025-06-19T01:32:10+00:00,3410,26.2,77.6,13.4,20.4,2.74912,404.13113
2025-06-19T01:32:59+00:00,3411,26.2,77.4,14.4,20.4,2.76193,404.00299
2025-06-19T01:33:49+00:00,3412,26.2,77.5,13.9,19.5,2.74912,404.00299
2025-06-19T01:34:42+00:00,3413,26.1,77.6,13.4,19.4,2.56866,404.12354
2025-06-19T01:35:32+00:00,3414,26.2,77.6,13.6,20.5,2.71729,404.09311
2025-06-19T01:36:28+00:00,3415,26.2,77.4,13.9,19.0,2.72363,404.13113
2025-06-19T01:37:18+00:00,3416,26.1,77.6,14.1,19.7,2.49685,404.01047
2025-06-19T01:38:07+00:00,3417,26.1,77.7,13.8,20.3,2.74273,404.08554
2025-06-19T01:38:56+00:00,3418,26.2,77.5,13.9,20.0,2.72363,404.10831
2025-06-19T01:39:46+00:00,3419,26.2,77.5,13.8,19.7,2.70465,404.12354
2025-06-19T01:40:35+00:00,3420,26.2,77.5,14.6,21.2,2.59907,404.01791
2025-06-19T01:41:24+00:00,3421,26.2,77.4,14.5,21.3,2.67324,404.1618
2025-06-19T01:42:14+00:00,3422,26.2,77.4,14.4,24.1,2.68577,404.04785
2025-06-19T01:43:03+00:00,3423,26.2,77.4,14.6,21.1,2.81367,403.80624
2025-06-19T01:43:54+00:00,3424,26.3,77.2,14.5,21.8,2.71729,404.16946
2025-06-19T01:44:44+00:00,3425,26.2,77.3,14.1,20.3,2.64213,404.15411
2025-06-19T01:45:35+00:00,3426,26.2,77.3,14.3,19.1,2.73635,404.04034
2025-06-19T01:46:24+00:00,3427,26.2,77.3,15.1,21.5,2.78124,404.13879
2025-06-19T01:48:07+00:00,3428,26.3,77.3,14.9,21.9,2.83983,404.18491
2025-06-19T01:48:57+00:00,3429,26.3,77.3,14.5,20.2,2.72363,404.1618
2025-06-19T01:49:52+00:00,3430,26.3,77.1,14.7,21.0,2.77479,404.17719
2025-06-19T01:51:37+00:00,3431,26.4,77.0,14.7,21.7,2.7877,404.13879
2025-06-19T01:52:29+00:00,3432,26.4,76.9,15.2,21.2,2.79418,404.13113
2025-06-19T01:53:19+00:00,3433,26.4,76.8,15.8,25.0,2.56262,404.13879
2025-06-19T01:54:09+00:00,3434,26.4,76.9,15.1,22.3,2.62977,404.18491
2025-06-19T01:54:59+00:00,3435,26.4,76.8,14.8,20.7,2.61132,404.13113
2025-06-19T01:55:48+00:00,3436,26.4,76.9,14.9,20.6,2.77479,404.19263
2025-06-19T01:56:38+00:00,3437,26.3,77.0,15.2,23.5,2.72999,404.13113
2025-06-19T01:57:28+00:00,3438,26.4,77.0,16.1,22.7,2.81367,404.14645
2025-06-19T01:58:17+00:00,3439,26.4,76.8,15.5,24.4,2.58687,404.21585
2025-06-19T01:59:11+00:00,3440,26.4,76.8,16.0,22.5,2.76193,404.16946
2025-06-19T02:00:01+00:00,3441,26.4,76.7,15.7,24.6,2.73635,404.1618
2025-06-19T02:00:56+00:00,3442,26.5,76.7,15.3,21.8,2.7877,404.13879
2025-06-19T02:01:50+00:00,3443,26.4,76.6,15.4,21.0,2.76836,404.16946
2025-06-19T02:03:33+00:00,3444,26.4,76.9,14.8,21.4,2.83327,404.07797
2025-06-19T02:04:23+00:00,3445,26.4,76.8,15.2,23.6,2.7877,404.05536
2025-06-19T02:05:15+00:00,3446,26.4,76.8,15.3,23.6,2.75552,404.1618
2025-06-19T02:06:05+00:00,3447,26.4,76.8,15.7,23.4,2.67324,404.16946
2025-06-19T02:06:55+00:00,3448,26.4,76.9,15.7,24.5,2.69834,404.14645
2025-06-19T02:07:44+00:00,3449,26.4,76.8,15.5,22.1,2.77479,404.13113
2025-06-19T02:08:35+00:00,3450,26.4,76.8,15.3,22.7,2.84641,404.14645
2025-06-19T02:10:25+00:00,3451,26.5,76.5,16.5,25.0,2.56262,404.12354
2025-06-19T02:11:25+00:00,3452,26.5,76.5,15.3,21.9,2.70465,404.08554
2025-06-19T02:12:26+00:00,3453,26.5,76.7,15.7,22.8,2.63595,404.07797
2025-06-19T02:13:20+00:00,3454,26.5,76.6,16.0,22.8,2.80066,404.01047
2025-06-19T02:14:15+00:00,3455,26.5,76.6,16.0,24.4,2.74273,404.11591
2025-06-19T02:17:10+00:00,3456,26.5,76.6,15.4,21.6,2.71729,404.02539
2025-06-19T02:19:06+00:00,3457,26.5,76.6,16.2,25.5,2.667,404.1618
2025-06-19T02:21:03+00:00,3458,26.5,76.4,15.6,21.2,2.00322,403.89996
2025-06-19T02:21:59+00:00,3459,26.5,76.5,16.2,23.8,2.53854,403.80624
2025-06-19T02:22:56+00:00,3460,26.5,76.7,15.6,22.3,2.40364,404.19263
2025-06-19T02:25:52+00:00,3461,26.6,76.5,15.5,22.5,2.82019,403.80624
2025-06-19T02:28:37+00:00,3462,26.7,76.2,15.6,22.2,2.76193,404.05536
2025-06-19T02:29:29+00:00,3463,26.7,76.3,15.8,22.6,2.70465,403.99557
2025-06-19T02:30:25+00:00,3464,26.7,76.3,16.3,24.9,2.62361,403.99557
2025-06-19T02:31:17+00:00,3465,26.7,76.3,15.0,21.2,2.62977,403.95856
2025-06-19T02:32:09+00:00,3466,26.7,76.4,15.2,22.0,2.62361,404.15411
2025-06-19T02:33:11+00:00,3467,26.6,76.5,15.5,22.2,2.69834,403.75656
2025-06-19T02:34:06+00:00,3468,26.7,76.4,15.8,23.1,2.76836,404.10831
2025-06-19T02:35:01+00:00,3469,26.7,76.4,15.3,21.4,2.47328,403.46948
2025-06-19T02:35:51+00:00,3470,26.6,76.5,15.8,22.6,2.13023,403.46948
2025-06-19T02:36:46+00:00,3471,26.7,76.4,14.6,22.2,2.40364,403.92917
2025-06-19T02:37:39+00:00,3472,26.7,76.4,15.2,22.6,2.70465,404.24701
2025-06-19T02:39:30+00:00,3473,26.7,76.4,15.2,22.6,2.76836,403.7991
2025-06-19T02:40:25+00:00,3474,26.7,76.4,15.7,25.6,2.53854,404.14645
2025-06-19T02:41:19+00:00,3475,26.8,76.2,15.1,22.4,2.64833,403.81339
2025-06-19T02:42:15+00:00,3476,26.8,76.2,14.8,21.9,2.15114,403.56308
2025-06-19T02:43:10+00:00,3477,26.7,76.4,15.4,22.3,2.71729,404.20035
2025-06-19T02:44:03+00:00,3478,26.8,76.4,15.3,21.2,2.46742,404.26266
2025-06-19T02:45:01+00:00,3479,26.8,76.2,16.2,23.3,2.78124,404.34961
2025-06-19T02:45:57+00:00,3480,26.8,76.2,15.8,21.5,2.58687,404.05536
2025-06-19T02:46:50+00:00,3481,26.8,76.1,15.6,22.3,2.80066,404.30991
2025-06-19T02:47:41+00:00,3482,26.8,76.2,15.2,21.5,2.56262,404.16946
2025-06-19T02:48:38+00:00,3483,26.8,76.1,15.7,22.5,2.44407,404.2081
2025-06-19T02:50:25+00:00,3484,26.8,76.1,16.5,24.8,2.62361,404.1618
2025-06-19T02:51:21+00:00,3485,26.8,76.1,16.4,23.4,2.82673,404.26266
2025-06-19T02:52:15+00:00,3486,26.8,76.1,15.8,24.0,2.71096,404.18491
2025-06-19T02:53:10+00:00,3487,26.9,76.1,15.7,23.3,2.67324,404.08554
2025-06-19T02:54:00+00:00,3488,26.9,76.1,15.7,22.6,2.76193,404.18491
2025-06-19T02:54:54+00:00,3489,26.9,76.2,15.8,23.8,2.80716,404.13113
2025-06-19T02:55:44+00:00,3490,26.8,76.2,15.7,20.6,2.78124,404.21585
2025-06-19T02:56:36+00:00,3491,26.9,76.4,15.8,22.7,2.87281,404.22363
2025-06-19T02:57:29+00:00,3492,26.8,76.3,15.5,23.0,2.73635,404.26266
2025-06-19T02:58:21+00:00,3493,26.9,76.3,15.7,23.5,2.84641,404.21585
2025-06-19T02:59:11+00:00,3494,26.8,76.3,15.9,22.9,2.83983,404.19263
2025-06-19T03:00:05+00:00,3495,26.8,76.4,15.3,22.5,2.82019,404.12354
2025-06-19T03:01:00+00:00,3496,26.8,76.4,16.0,23.0,2.51465,404.2081
2025-06-19T03:01:56+00:00,3497,26.9,76.4,16.1,22.8,2.87945,404.25482
2025-06-19T03:04:53+00:00,3498,26.9,76.4,16.2,22.8,2.83983,404.24701
2025-06-19T03:09:37+00:00,3499,26.9,76.5,15.5,21.1,2.667,404.1618
2025-06-19T03:10:32+00:00,3500,26.9,76.6,15.9,22.9,2.77479,404.19263
2025-06-19T03:11:23+00:00,3501,26.9,76.6,15.9,25.0,2.76193,404.13879
2025-06-19T03:12:18+00:00,3502,26.9,76.4,15.8,22.5,2.75552,404.05536
2025-06-19T03:14:11+00:00,3503,26.9,76.5,15.8,24.7,2.49094,403.32645
2025-06-19T03:15:08+00:00,3504,26.9,76.4,16.4,22.5,2.7877,404.23141
2025-06-19T03:16:01+00:00,3505,27.0,76.5,17.1,23.3,2.74273,404.22363
2025-06-19T03:17:01+00:00,3506,26.9,76.5,15.9,22.8,2.69834,403.84207
2025-06-19T03:17:55+00:00,3507,27.0,76.3,16.5,22.8,2.29661,404.17719
2025-06-19T03:18:52+00:00,3508,27.0,76.5,17.1,23.7,2.64833,403.94385
2025-06-19T03:19:48+00:00,3509,27.0,76.1,16.7,23.8,2.61132,403.74246
2025-06-19T03:20:39+00:00,3510,27.0,76.4,16.2,25.6,2.45572,404.20035
2025-06-19T03:21:33+00:00,3511,27.0,76.3,16.2,22.1,2.81367,404.13879
2025-06-19T03:22:30+00:00,3512,26.9,76.3,17.0,24.3,2.81367,404.27838
2025-06-19T03:23:25+00:00,3513,26.9,76.4,17.6,23.4,2.81367,404.33368
2025-06-19T03:24:17+00:00,3514,26.9,76.4,16.6,23.0,2.82019,404.2081
2025-06-19T03:25:14+00:00,3515,26.9,76.5,16.7,22.6,2.83983,404.2941
2025-06-19T03:26:09+00:00,3516,26.9,76.4,18.1,25.3,2.74912,404.27051
2025-06-19T03:27:02+00:00,3517,27.0,76.1,18.5,25.8,2.83983,404.2081
2025-06-19T03:27:58+00:00,3518,27.0,76.0,17.5,24.5,2.74912,404.18491
2025-06-19T03:28:54+00:00,3519,27.0,76.0,16.4,23.9,2.7877,404.18491
2025-06-19T03:29:53+00:00,3520,27.0,75.2,16.7,23.5,2.73635,404.03287
2025-06-19T03:30:45+00:00,3521,27.1,75.5,15.7,23.7,2.80066,403.82053
2025-06-19T03:31:41+00:00,3522,27.1,74.7,16.1,21.6,2.69834,403.59702
2025-06-19T03:32:35+00:00,3523,27.1,75.4,16.2,24.1,2.71096,403.92917
2025-06-19T03:33:33+00:00,3524,27.1,75.6,15.2,23.8,2.72363,403.39084
2025-06-19T03:34:30+00:00,3525,27.1,74.9,15.9,23.3,2.59297,403.33926
2025-06-19T03:35:24+00:00,3526,27.1,74.8,14.9,20.5,2.72363,404.01791
2025-06-19T03:36:23+00:00,3527,27.1,74.7,15.0,21.0,2.667,404.01047
2025-06-19T03:37:17+00:00,3528,27.1,74.2,15.4,21.5,2.73635,403.63123
2025-06-19T03:38:18+00:00,3529,27.1,74.3,14.6,20.6,2.64213,403.98816
2025-06-19T03:39:19+00:00,3530,27.1,73.8,15.4,23.1,2.71729,403.89267
2025-06-19T03:40:17+00:00,3531,27.1,74.8,15.4,22.8,2.50871,403.84927
2025-06-19T03:43:08+00:00,3532,27.1,74.9,15.7,21.7,2.57472,403.84927
2025-06-19T03:44:00+00:00,3533,27.1,75.3,15.2,25.0,2.65454,403.91455
2025-06-19T03:45:00+00:00,3534,27.1,75.0,14.5,21.2,2.66076,403.89996
2025-06-19T03:45:57+00:00,3535,27.1,74.8,15.5,21.2,2.43826,404.01791
2025-06-19T03:47:54+00:00,3536,27.1,75.0,14.5,19.9,2.58687,404.15411
2025-06-19T03:49:45+00:00,3537,27.1,74.4,14.2,20.7,2.6795,403.98816
2025-06-19T03:50:38+00:00,3538,27.1,73.7,14.8,19.8,2.65454,403.98816
2025-06-19T03:51:29+00:00,3539,27.1,73.7,14.1,20.4,2.71729,403.92184
2025-06-19T03:52:21+00:00,3540,27.1,73.5,14.7,21.1,2.75552,403.89267
2025-06-19T03:53:19+00:00,3541,27.1,74.3,14.1,20.1,2.56262,403.88541
2025-06-19T03:54:14+00:00,3542,27.1,74.0,14.5,19.6,2.59907,403.89267
2025-06-19T03:55:08+00:00,3543,27.1,74.0,15.4,20.6,2.59907,403.91455
2025-06-19T03:56:02+00:00,3544,27.0,74.4,14.8,20.3,2.64833,403.86368
2025-06-19T03:56:57+00:00,3545,27.0,74.7,15.4,20.6,2.63595,403.92917
2025-06-19T03:57:48+00:00,3546,27.0,75.3,14.8,22.8,2.67324,404.01047
2025-06-19T03:58:42+00:00,3547,27.1,75.4,14.9,22.1,2.64833,403.92917
2025-06-19T03:59:36+00:00,3548,27.1,75.2,14.4,21.7,2.67324,404.15411
2025-06-19T04:00:31+00:00,3549,27.1,75.1,14.8,20.2,2.67324,404.11591
2025-06-19T04:02:26+00:00,3550,27.1,75.2,14.3,21.3,2.72999,404.16946
2025-06-19T04:03:20+00:00,3551,27.1,75.0,14.8,20.4,2.67324,404.07043
2025-06-19T04:05:13+00:00,3552,27.2,74.6,14.2,19.1,2.66076,404.01791
2025-06-19T04:07:02+00:00,3553,27.1,74.9,14.2,21.3,2.59907,403.92917
2025-06-19T04:07:59+00:00,3554,27.1,74.5,13.5,19.1,2.45572,403.9512
2025-06-19T04:08:52+00:00,3555,27.1,74.6,14.4,21.7,2.63595,403.88541
2025-06-19T04:09:46+00:00,3556,27.1,74.6,14.2,20.0,2.61132,403.91455
2025-06-19T04:10:39+00:00,3557,27.1,74.8,14.4,20.3,2.66076,403.98816
2025-06-19T04:11:30+00:00,3558,27.1,74.7,14.4,21.1,2.58687,403.96594
2025-06-19T04:12:30+00:00,3559,27.1,75.0,13.7,19.3,2.52658,404.0629
2025-06-19T04:13:22+00:00,3560,27.1,75.0,13.5,19.1,2.53854,403.98816
2025-06-19T04:14:20+00:00,3561,27.1,75.0,14.4,21.2,2.64213,404.01047
2025-06-19T04:17:12+00:00,3562,27.1,75.2,14.6,20.1,2.58687,403.92917
2025-06-19T04:36:40+00:00,3563,27.2,74.7,13.6,17.7,2.23101,403.59021
2025-06-19T04:40:22+00:00,3564,27.3,74.1,13.0,17.8,2.50871,404.01047
2025-06-19T04:41:19+00:00,3565,27.3,74.2,13.1,20.9,2.62361,404.01047
2025-06-19T04:42:12+00:00,3566,27.3,74.4,12.7,21.2,2.36375,403.85648
2025-06-19T04:43:01+00:00,3567,27.3,74.2,13.0,17.5,2.47328,403.59702
2025-06-19T04:43:51+00:00,3568,27.2,74.3,13.6,18.0,2.40364,403.92917
2025-06-19T04:44:40+00:00,3569,27.3,74.1,12.7,16.3,2.49685,403.63809
2025-06-19T04:45:30+00:00,3570,27.3,74.6,12.3,17.6,2.43246,403.92917
2025-06-19T04:46:20+00:00,3571,27.3,74.4,13.4,20.2,2.40364,403.71439
2025-06-19T04:47:10+00:00,3572,27.3,74.4,12.7,18.4,1.96877,403.69345
2025-06-19T04:47:59+00:00,3573,27.3,74.1,13.2,18.4,2.55056,403.67261
2025-06-19T04:48:49+00:00,3574,27.3,73.8,12.5,17.9,2.43826,403.63123
2025-06-19T04:49:38+00:00,3575,27.3,74.2,13.8,19.9,2.37509,403.54959
2025-06-19T04:50:27+00:00,3576,27.3,73.9,13.0,20.7,2.52061,403.93649
2025-06-19T04:51:17+00:00,3577,27.3,73.9,12.5,17.6,2.19344,403.87817
2025-06-19T04:52:06+00:00,3578,27.3,73.8,12.5,18.0,2.41513,403.89996
2025-06-19T04:52:55+00:00,3579,27.3,74.1,12.8,18.5,2.13544,403.74948
2025-06-19T04:53:45+00:00,3580,27.4,74.0,13.0,18.7,2.31325,403.64499
2025-06-19T04:54:34+00:00,3581,27.4,74.5,12.6,18.6,2.10433,403.86368
2025-06-19T04:55:24+00:00,3582,27.4,74.6,12.1,16.5,2.32439,403.06677
2025-06-19T04:56:13+00:00,3583,27.4,74.5,12.5,19.4,2.25815,403.7991
2025-06-19T04:57:02+00:00,3584,27.4,74.2,12.6,18.4,2.35809,403.73541
2025-06-19T04:57:55+00:00,3585,27.4,74.2,11.9,17.1,2.06849,403.92184
2025-06-19T04:58:44+00:00,3586,27.4,74.3,12.5,16.4,2.30769,403.76361
2025-06-19T04:59:34+00:00,3587,27.4,74.3,12.2,17.2,2.16692,403.81339
2025-06-19T05:00:26+00:00,3588,27.4,74.0,12.9,18.4,2.33558,403.62436
2025-06-19T05:01:16+00:00,3589,27.4,74.1,12.3,17.4,2.17221,403.96594
2025-06-19T05:02:06+00:00,3590,27.4,74.2,11.8,17.5,1.97366,403.61066
2025-06-19T05:02:56+00:00,3591,27.4,73.7,11.8,17.7,2.28557,403.51602
2025-06-19T05:03:46+00:00,3592,27.4,73.9,12.4,18.2,2.01315,403.29462
2025-06-19T05:04:38+00:00,3593,27.4,73.8,12.4,19.3,2.09918,403.78488
2025-06-19T05:05:28+00:00,3594,27.4,73.8,12.2,17.1,2.55056,404.14645
2025-06-19T05:06:17+00:00,3595,27.4,73.7,13.2,19.6,2.19344,403.77069
2025-06-19T05:07:08+00:00,3596,27.5,74.0,12.6,16.9,2.38648,404.04785
2025-06-19T05:07:59+00:00,3597,27.5,73.5,12.1,16.3,2.51465,403.99557
2025-06-19T05:08:48+00:00,3598,27.5,73.7,12.7,17.7,2.61132,403.00745
2025-06-19T05:09:38+00:00,3599,27.5,73.8,12.2,17.0,2.58079,404.26266
2025-06-19T05:10:28+00:00,3600,27.5,73.8,12.5,17.2,2.54454,404.23141
2025-06-19T05:11:17+00:00,3601,27.5,73.9,12.9,16.5,2.62361,404.18491
2025-06-19T05:12:09+00:00,3602,27.5,74.1,11.7,17.3,2.62361,404.15411
2025-06-19T05:12:59+00:00,3603,27.5,73.9,12.4,16.7,2.62977,404.05536
2025-06-19T05:13:48+00:00,3604,27.5,74.0,12.3,17.6,2.4209,404.302
2025-06-19T05:14:41+00:00,3605,27.5,74.0,12.5,17.1,2.58079,404.20035
2025-06-19T05:15:31+00:00,3606,27.5,74.1,12.9,17.8,2.49094,404.21585
2025-06-19T05:16:20+00:00,3607,27.5,73.9,12.1,17.8,2.36941,404.17719
2025-06-19T05:17:10+00:00,3608,27.5,74.1,11.9,14.9,2.51465,403.98816
2025-06-19T05:18:04+00:00,3609,27.5,74.1,11.5,15.2,2.19344,403.98074
2025-06-19T05:19:53+00:00,3610,27.5,74.1,12.1,16.4,2.48504,403.98816
2025-06-19T05:20:44+00:00,3611,27.5,74.0,12.0,18.2,2.40364,403.77069
2025-06-19T05:21:34+00:00,3612,27.5,74.0,12.0,16.6,2.49094,404.26266
2025-06-19T05:22:26+00:00,3613,27.5,73.8,12.0,17.3,2.52061,404.18491
2025-06-19T05:23:16+00:00,3614,27.5,73.9,11.5,16.1,2.56866,404.01791
2025-06-19T05:24:05+00:00,3615,27.5,73.9,11.8,15.2,2.52061,404.20035
2025-06-19T05:24:54+00:00,3616,27.6,73.8,11.9,17.6,2.56866,403.46286
2025-06-19T05:25:44+00:00,3617,27.6,73.5,12.2,16.1,2.56866,404.2081
2025-06-19T05:26:34+00:00,3618,27.6,73.7,11.9,17.5,2.52658,404.17719
2025-06-19T05:27:24+00:00,3619,27.5,73.5,12.6,17.7,2.36941,404.1618
2025-06-19T05:28:14+00:00,3620,27.6,73.6,12.0,18.4,2.56866,404.16946
2025-06-19T05:29:04+00:00,3621,27.6,73.4,12.3,17.2,2.58079,404.01791
2025-06-19T05:29:54+00:00,3622,27.6,73.6,12.4,16.8,2.50278,404.10071
2025-06-19T05:30:43+00:00,3623,27.6,73.7,12.2,15.9,2.28006,404.13113
2025-06-19T05:31:45+00:00,3624,27.6,73.7,12.3,17.7,2.28557,404.1618
2025-06-19T05:32:39+00:00,3625,27.6,73.4,11.5,15.4,2.34119,404.01047
2025-06-19T05:33:35+00:00,3626,27.6,73.4,11.9,16.4,2.33558,403.86368
2025-06-19T05:34:25+00:00,3627,27.6,73.3,12.4,16.7,2.58687,404.05536
2025-06-19T05:35:18+00:00,3628,27.6,73.3,12.1,16.1,2.58079,404.12354
2025-06-19T05:36:15+00:00,3629,27.6,73.6,12.8,19.1,2.25815,403.65186
2025-06-19T05:37:04+00:00,3630,27.6,73.7,12.0,17.1,2.55056,404.1618
2025-06-19T05:37:56+00:00,3631,27.6,73.8,12.6,17.9,2.59907,404.13113
2025-06-19T05:39:43+00:00,3632,27.6,73.5,12.9,20.0,2.50871,404.01047
2025-06-19T05:40:32+00:00,3633,27.6,73.9,12.4,17.2,2.52658,403.73541
2025-06-19T05:41:22+00:00,3634,27.6,73.9,12.6,17.7,2.48504,404.00299
2025-06-19T05:42:11+00:00,3635,27.6,73.9,12.2,17.5,2.34119,404.15411
2025-06-19T05:43:01+00:00,3636,27.6,73.7,11.7,15.5,2.40364,404.12354
2025-06-19T05:43:51+00:00,3637,27.6,73.7,12.6,16.7,2.47328,404.02539
2025-06-19T05:44:40+00:00,3638,27.6,73.7,12.9,17.7,2.2527,404.01791
2025-06-19T05:45:30+00:00,3639,27.6,73.7,11.9,16.2,2.55658,404.20035
2025-06-19T05:46:24+00:00,3640,27.6,73.7,12.5,17.5,2.54454,404.15411
2025-06-19T05:47:13+00:00,3641,27.6,73.9,12.4,17.9,2.52061,404.18491
2025-06-19T05:48:03+00:00,3642,27.6,73.8,12.1,17.0,2.52061,403.92184
2025-06-19T05:48:52+00:00,3643,27.6,73.6,11.7,15.8,2.56262,403.86368
2025-06-19T05:49:42+00:00,3644,27.6,73.8,11.8,14.4,2.42667,404.13113
2025-06-19T05:51:32+00:00,3645,27.6,73.9,12.0,16.6,2.56866,404.11591
2025-06-19T05:52:24+00:00,3646,27.6,73.9,12.4,17.1,2.51465,404.19263
2025-06-19T05:53:17+00:00,3647,27.6,73.9,12.1,17.1,2.52061,404.20035
2025-06-19T05:54:07+00:00,3648,27.6,73.6,11.6,14.1,2.61132,404.20035
2025-06-19T05:54:56+00:00,3649,27.6,73.7,12.1,16.9,2.56866,404.19263
2025-06-19T05:55:46+00:00,3650,27.6,73.9,11.8,16.5,2.55056,404.13879
2025-06-19T05:56:38+00:00,3651,27.6,73.9,12.8,17.1,2.52658,404.22363
2025-06-19T05:57:32+00:00,3652,27.6,74.0,11.7,16.5,2.55056,404.05536
2025-06-19T05:58:26+00:00,3653,27.6,74.1,12.0,16.4,2.49094,404.04034
2025-06-19T05:59:23+00:00,3654,27.6,73.9,11.8,14.8,2.51465,403.77777
2025-06-19T06:00:18+00:00,3655,27.6,73.9,12.1,16.7,2.56262,404.27051
2025-06-19T06:01:14+00:00,3656,27.6,73.9,11.6,14.7,2.24184,404.18491
2025-06-19T06:02:10+00:00,3657,27.6,74.0,12.5,17.6,2.57472,404.19263
2025-06-19T06:03:05+00:00,3658,27.6,74.0,12.2,16.7,2.64833,404.27051
2025-06-19T06:04:03+00:00,3659,27.6,73.9,12.1,16.0,2.58079,404.302
2025-06-19T06:04:57+00:00,3660,27.6,74.0,12.6,18.5,2.59297,404.21585
2025-06-19T06:09:48+00:00,3661,27.6,74.0,12.3,17.3,2.52061,404.1618
2025-06-19T06:10:48+00:00,3662,27.6,73.8,12.3,18.4,2.42667,404.13879
2025-06-19T06:11:50+00:00,3663,27.5,74.1,11.7,15.2,2.57472,404.15411
2025-06-19T06:12:48+00:00,3664,27.6,74.1,11.7,15.3,2.47328,404.1618
2025-06-19T06:14:47+00:00,3665,27.6,74.2,12.0,15.8,2.6795,404.20035
2025-06-19T06:15:37+00:00,3666,27.5,74.2,12.8,17.6,2.55658,404.19263
2025-06-19T06:16:27+00:00,3667,27.6,73.9,12.0,15.7,2.60519,404.19263
2025-06-19T06:17:18+00:00,3668,27.6,74.2,11.6,14.6,2.58687,403.55634
2025-06-19T06:20:00+00:00,3669,27.6,74.2,12.7,16.1,2.55056,404.24701
2025-06-19T06:20:49+00:00,3670,27.6,74.4,11.9,15.8,2.59297,404.16946
2025-06-19T06:21:41+00:00,3671,27.5,74.1,12.3,18.0,2.62977,404.0629
2025-06-19T06:22:32+00:00,3672,27.5,74.3,12.1,16.7,2.14066,404.16946
2025-06-19T06:23:25+00:00,3673,27.5,74.4,12.3,15.9,2.39219,404.04785
2025-06-19T06:25:10+00:00,3674,27.5,74.3,12.3,16.1,2.61132,404.2392
2025-06-19T06:26:03+00:00,3675,27.5,74.2,11.6,15.4,2.51465,404.19263
2025-06-19T06:26:52+00:00,3676,27.5,74.7,12.4,17.9,2.55056,404.2392
2025-06-19T06:27:43+00:00,3677,27.5,74.6,12.3,17.0,2.56262,404.2081
2025-06-19T06:28:37+00:00,3678,27.5,74.5,11.7,16.6,2.52061,404.04785
2025-06-19T06:29:32+00:00,3679,27.5,74.0,12.3,16.8,2.30214,404.2081
2025-06-19T06:30:30+00:00,3680,27.5,74.0,12.0,18.0,2.36375,404.27051
2025-06-19T06:31:22+00:00,3681,27.5,74.6,12.2,17.2,2.65454,404.24701
2025-06-19T06:32:12+00:00,3682,27.5,74.6,12.6,20.0,2.58079,404.19263
2025-06-19T06:33:03+00:00,3683,27.5,74.4,12.6,20.9,2.44989,404.27838
2025-06-19T06:33:59+00:00,3684,27.6,74.3,12.8,16.7,2.63595,404.28622
2025-06-19T06:34:54+00:00,3685,27.6,74.3,12.5,16.9,2.20948,404.17719
2025-06-19T06:36:41+00:00,3686,27.7,74.2,11.8,14.8,2.27457,404.27051
2025-06-19T06:37:31+00:00,3687,27.6,74.4,12.7,16.8,2.29108,404.25482
2025-06-19T06:38:21+00:00,3688,27.6,74.5,12.6,17.3,2.64213,404.302
2025-06-19T06:40:05+00:00,3689,27.6,74.3,12.2,17.5,2.21485,404.33368
2025-06-19T06:40:58+00:00,3690,27.5,74.7,11.9,15.8,2.56866,404.47052
2025-06-19T06:41:50+00:00,3691,27.5,74.8,12.7,17.9,2.65454,404.43799
2025-06-19T06:42:39+00:00,3692,27.5,74.1,11.7,16.8,2.64213,404.46237
2025-06-19T06:43:29+00:00,3693,27.6,74.5,12.4,16.0,2.55056,404.47867
2025-06-19T06:44:20+00:00,3694,27.5,74.3,12.5,16.2,2.58687,404.5444
2025-06-19T06:45:15+00:00,3695,27.6,74.6,12.1,16.5,2.42667,404.47867
2025-06-19T06:46:05+00:00,3696,27.5,74.3,11.9,16.9,2.62977,404.4299
2025-06-19T06:46:54+00:00,3697,27.5,74.2,12.1,17.7,2.50871,404.41376
2025-06-19T06:47:45+00:00,3698,27.5,74.4,12.5,17.9,2.52658,404.44611
2025-06-19T06:48:37+00:00,3699,27.5,74.3,12.3,16.2,2.58079,404.27838
2025-06-19T06:49:29+00:00,3700,27.5,74.3,12.1,16.3,2.56866,404.51965
2025-06-19T06:50:19+00:00,3701,27.5,74.4,13.0,19.3,2.64833,404.47052
2025-06-19T06:51:08+00:00,3702,27.5,74.4,12.7,18.2,2.49094,404.46237
2025-06-19T06:51:58+00:00,3703,27.5,74.4,11.8,15.2,2.64833,404.46237
2025-06-19T06:52:52+00:00,3704,27.5,74.3,12.2,16.4,2.52061,404.45422
2025-06-19T06:53:42+00:00,3705,27.5,74.3,12.4,15.5,2.70465,404.43799
2025-06-19T06:54:31+00:00,3706,27.5,74.3,12.2,15.9,2.55056,404.46237
2025-06-19T06:55:25+00:00,3707,27.5,73.9,12.4,16.2,2.53255,404.49503
2025-06-19T06:56:17+00:00,3708,27.5,74.3,12.0,15.5,2.54454,404.50323
2025-06-19T06:57:06+00:00,3709,27.5,73.8,11.4,15.2,2.69834,404.4299
2025-06-19T06:59:58+00:00,3710,27.5,73.6,12.3,17.4,2.63595,404.4057
2025-06-19T07:01:47+00:00,3711,27.5,74.1,12.4,16.4,2.55658,404.36557
2025-06-19T07:02:38+00:00,3712,27.5,74.0,12.0,16.3,2.53854,404.36557
2025-06-19T07:03:28+00:00,3713,27.5,74.2,12.1,16.0,2.56262,404.28622
2025-06-19T07:04:26+00:00,3714,27.5,74.0,12.2,17.7,2.61132,404.27838
2025-06-19T07:05:17+00:00,3715,27.5,74.1,11.8,16.5,2.68577,404.2392
2025-06-19T07:06:09+00:00,3716,27.5,73.8,11.2,15.2,2.65454,404.22363
2025-06-19T07:06:59+00:00,3717,27.5,73.7,12.7,17.6,2.56262,404.22363
2025-06-19T07:07:49+00:00,3718,27.5,73.6,10.9,14.0,2.64213,404.23141
2025-06-19T07:08:41+00:00,3719,27.5,73.7,11.0,14.0,2.62977,404.14645
2025-06-19T07:09:31+00:00,3720,27.5,73.9,12.1,16.5,2.48504,404.00299
2025-06-19T07:10:24+00:00,3721,27.4,73.6,12.7,18.2,2.62361,404.26266
2025-06-19T07:11:18+00:00,3722,27.4,73.2,11.9,17.1,2.56262,404.08554
2025-06-19T07:12:07+00:00,3723,27.4,73.2,11.7,16.8,2.62977,404.1618
2025-06-19T07:13:00+00:00,3724,27.4,73.4,11.5,15.5,2.56866,404.01791
2025-06-19T07:13:51+00:00,3725,27.4,72.9,11.1,14.0,2.48504,404.05536
2025-06-19T07:14:44+00:00,3726,27.4,72.9,11.3,16.2,2.61132,404.11591
2025-06-19T07:15:38+00:00,3727,27.4,72.7,11.2,14.9,2.57472,404.01791
2025-06-19T07:17:32+00:00,3728,27.4,72.8,11.0,16.2,2.44989,402.97229
2025-06-19T07:18:22+00:00,3729,27.4,72.5,11.0,16.2,2.30214,404.01791
2025-06-19T07:19:18+00:00,3730,27.4,72.5,11.5,16.0,1.86356,403.77069
2025-06-19T07:20:08+00:00,3731,27.5,72.3,11.2,16.0,2.55056,404.16946
2025-06-19T07:21:00+00:00,3732,27.5,72.2,11.4,14.8,2.56262,404.13879
2025-06-19T07:22:46+00:00,3733,27.6,72.6,10.7,15.1,2.27457,402.55521
2025-06-19T07:23:40+00:00,3734,27.5,71.3,10.1,15.5,2.09404,403.49603
2025-06-19T07:24:31+00:00,3735,27.5,70.4,10.7,13.9,2.02813,404.23141
2025-06-19T07:25:29+00:00,3736,27.5,70.2,9.6,14.7,2.50278,404.2392
2025-06-19T07:26:19+00:00,3737,27.6,70.4,9.7,13.6,2.64833,404.25482
2025-06-19T07:27:08+00:00,3738,27.5,69.3,9.8,16.9,2.45572,403.82053
2025-06-19T07:28:03+00:00,3739,27.5,69.2,9.3,14.0,2.39219,403.41037
2025-06-19T07:28:55+00:00,3740,27.5,69.5,9.4,13.0,2.30214,403.99557
2025-06-19T07:29:47+00:00,3741,27.5,69.1,9.7,13.9,2.46156,403.38437
2025-06-19T07:30:40+00:00,3742,27.5,69.4,9.8,13.9,2.38648,404.09311
2025-06-19T07:31:36+00:00,3743,27.5,69.1,9.2,13.1,2.43246,403.96594
2025-06-19T07:32:30+00:00,3744,27.5,68.8,9.6,20.5,2.54454,403.7074
2025-06-19T07:33:23+00:00,3745,27.6,69.0,9.3,13.5,2.25815,404.01791
2025-06-19T07:34:17+00:00,3746,27.6,68.7,9.0,13.0,2.48504,404.17719
2025-06-19T07:35:11+00:00,3747,27.6,69.1,8.7,12.9,2.45572,403.56308
2025-06-19T07:36:04+00:00,3748,27.5,68.8,9.0,13.6,2.30214,403.65186
2025-06-19T07:36:54+00:00,3749,27.5,68.2,9.0,13.9,2.10949,403.57663
2025-06-19T07:37:44+00:00,3750,27.5,68.2,9.4,14.9,2.52061,404.18491
2025-06-19T07:38:39+00:00,3751,27.5,68.5,9.3,13.6,2.46742,404.17719
2025-06-19T07:39:35+00:00,3752,27.5,68.2,9.6,13.8,2.4209,403.91455
2025-06-19T07:40:25+00:00,3753,27.5,68.4,9.6,14.9,2.45572,404.1618
2025-06-19T07:41:16+00:00,3754,27.5,68.6,8.9,11.4,2.45572,403.87091
2025-06-19T07:42:06+00:00,3755,27.5,68.0,9.3,13.0,2.44407,404.01791
2025-06-19T07:42:59+00:00,3756,27.5,68.1,9.2,13.8,2.47328,403.99557
2025-06-19T07:43:49+00:00,3757,27.5,68.0,9.7,13.8,2.44989,403.91455
2025-06-19T07:44:44+00:00,3758,27.5,68.5,9.8,16.1,2.50278,404.01791
2025-06-19T07:45:36+00:00,3759,27.6,67.9,10.6,14.0,2.4209,403.89996
2025-06-19T07:46:32+00:00,3760,27.6,68.2,10.3,16.4,2.45572,404.00299
2025-06-19T07:47:22+00:00,3761,27.6,68.1,9.7,14.1,2.47328,403.91455
2025-06-19T07:48:14+00:00,3762,27.5,68.6,10.3,14.1,2.47916,403.90726
2025-06-19T07:49:04+00:00,3763,27.5,69.0,9.9,14.2,2.44989,404.00299
2025-06-19T07:49:55+00:00,3764,27.6,69.0,10.6,14.1,2.46742,403.98816
2025-06-19T07:50:46+00:00,3765,27.6,70.7,10.5,14.6,2.43826,403.84927
2025-06-19T07:51:38+00:00,3766,27.6,68.5,11.2,17.6,2.43826,403.76361
2025-06-19T07:52:27+00:00,3767,27.5,69.7,11.9,17.2,2.39219,404.01791
2025-06-19T07:53:19+00:00,3768,27.5,70.6,11.3,14.3,2.44407,404.13879
2025-06-19T07:54:13+00:00,3769,27.4,69.8,11.1,15.3,2.39791,403.98074
2025-06-19T07:55:04+00:00,3770,27.4,70.6,11.7,16.6,2.38078,404.01791
2025-06-19T07:55:54+00:00,3771,27.4,70.9,11.3,15.1,2.44989,404.11591
2025-06-19T07:56:44+00:00,3772,27.4,70.9,10.9,15.8,2.44407,404.13113
2025-06-19T07:57:33+00:00,3773,27.5,71.0,11.3,16.4,2.38648,403.9512
2025-06-19T07:58:23+00:00,3774,27.5,70.2,10.8,15.7,2.30769,403.92917
2025-06-19T07:59:12+00:00,3775,27.5,70.1,10.9,16.1,2.46156,403.91455
2025-06-19T08:00:05+00:00,3776,27.5,69.9,11.3,17.0,2.42667,403.92917
2025-06-19T08:01:00+00:00,3777,27.5,70.9,11.5,14.9,2.44989,404.00299
2025-06-19T08:01:49+00:00,3778,27.5,71.4,10.2,13.7,2.45572,403.84207
2025-06-19T08:02:42+00:00,3779,27.5,70.7,10.1,16.0,2.42667,403.89996
2025-06-19T08:03:39+00:00,3780,27.5,69.9,10.9,14.8,2.39791,403.98816
2025-06-19T08:04:29+00:00,3781,27.5,69.1,10.9,17.4,2.43826,403.84927
2025-06-19T08:05:19+00:00,3782,27.4,69.4,11.0,16.5,2.40938,403.88541
2025-06-19T08:06:09+00:00,3783,27.5,69.9,11.6,14.8,2.4209,403.92184
2025-06-19T08:06:58+00:00,3784,27.5,69.4,11.1,14.9,2.38648,403.89267
2025-06-19T08:07:48+00:00,3785,27.5,69.0,10.7,15.8,2.40938,403.83487
2025-06-19T08:08:37+00:00,3786,27.5,68.9,11.6,16.3,2.41513,403.86368
2025-06-19T08:09:31+00:00,3787,27.5,69.3,11.1,16.1,2.43246,403.81339
2025-06-19T08:10:28+00:00,3788,27.5,69.2,10.1,14.6,2.43826,403.43655
2025-06-19T08:11:22+00:00,3789,27.5,70.4,11.2,14.9,2.43246,403.92184
2025-06-19T08:12:13+00:00,3790,27.4,70.3,10.6,14.2,2.42667,403.88541
2025-06-19T08:13:06+00:00,3791,27.4,69.7,11.0,15.6,2.49685,403.91455
2025-06-19T08:14:00+00:00,3792,27.4,69.8,11.3,16.0,2.36941,403.92184
2025-06-19T08:14:50+00:00,3793,27.5,69.5,11.1,17.4,2.35245,403.84927
2025-06-19T08:15:44+00:00,3794,27.4,69.5,11.2,16.4,2.41513,403.83487
2025-06-19T08:16:38+00:00,3795,27.4,69.7,11.5,14.3,2.25815,403.74948
2025-06-19T08:17:39+00:00,3796,27.4,69.4,11.8,16.9,2.29661,403.88541
2025-06-19T08:18:29+00:00,3797,27.4,69.6,11.2,15.0,2.22022,403.74948
2025-06-19T08:19:22+00:00,3798,27.4,69.8,11.4,17.9,2.4209,403.89267
2025-06-19T08:20:12+00:00,3799,27.4,69.7,10.4,14.3,2.37509,403.86368
2025-06-19T08:21:03+00:00,3800,27.4,69.8,11.5,15.4,2.4209,403.84207
2025-06-19T08:22:04+00:00,3801,27.4,69.7,11.4,16.3,2.36375,403.88541
2025-06-19T08:23:02+00:00,3802,27.4,69.7,11.3,15.8,2.39791,403.87817
2025-06-19T08:23:52+00:00,3803,27.4,69.7,11.9,16.7,2.41513,403.84207
2025-06-19T08:24:41+00:00,3804,27.4,70.2,11.5,15.0,2.36375,403.83487
2025-06-19T08:25:33+00:00,3805,27.3,70.1,11.6,17.8,2.38078,403.87091
2025-06-19T08:26:22+00:00,3806,27.3,70.6,11.4,13.8,2.38648,403.87817
2025-06-19T08:27:15+00:00,3807,27.3,70.4,11.8,16.0,2.36941,403.89267
2025-06-19T08:28:08+00:00,3808,27.3,70.5,11.7,15.1,2.28006,403.87091
2025-06-19T08:28:59+00:00,3809,27.3,71.0,11.5,16.7,2.11984,403.7991
2025-06-19T08:29:53+00:00,3810,27.4,71.6,11.2,14.5,2.34119,403.75656
2025-06-19T08:30:42+00:00,3811,27.4,71.6,11.8,15.8,2.32998,403.90726
2025-06-19T08:31:34+00:00,3812,27.4,70.9,12.6,17.1,2.40938,403.92184
2025-06-19T08:32:27+00:00,3813,27.4,70.5,13.0,18.0,2.35245,403.98074
2025-06-19T08:33:20+00:00,3814,27.4,70.7,11.7,16.7,2.30769,403.50269
2025-06-19T08:34:10+00:00,3815,27.4,70.9,12.6,17.2,2.35809,403.80624
2025-06-19T08:35:03+00:00,3816,27.4,70.7,13.8,18.2,2.38078,404.01791
2025-06-19T08:35:53+00:00,3817,27.4,70.7,13.0,17.0,2.26362,403.87091
2025-06-19T08:36:42+00:00,3818,27.4,70.5,13.7,18.2,2.34119,403.80624
2025-06-19T08:37:31+00:00,3819,27.3,70.9,12.7,16.7,2.38648,403.80624
2025-06-19T08:38:23+00:00,3820,27.3,70.6,12.1,16.0,2.25815,403.89267
2025-06-19T08:39:13+00:00,3821,27.3,71.2,12.3,15.6,2.36375,403.89267
2025-06-19T08:40:03+00:00,3822,27.3,71.0,12.8,17.3,2.36941,403.90726
2025-06-19T08:40:53+00:00,3823,27.3,70.8,13.6,19.5,2.4209,403.78488
2025-06-19T08:41:48+00:00,3824,27.3,71.1,12.7,17.5,2.34682,403.77069
2025-06-19T08:43:36+00:00,3825,27.3,70.7,12.1,17.0,2.30214,403.76361
2025-06-19T08:44:31+00:00,3826,27.3,70.7,12.6,16.1,1.86824,403.65878
2025-06-19T08:45:23+00:00,3827,27.2,70.9,13.0,18.5,2.32439,403.81339
2025-06-19T08:46:17+00:00,3828,27.2,70.8,12.8,19.0,2.28006,403.86368
2025-06-19T08:47:09+00:00,3829,27.3,71.0,12.5,18.4,2.10949,403.73541
2025-06-19T08:47:58+00:00,3830,27.2,70.7,12.2,16.6,2.19878,403.83487
2025-06-19T08:48:48+00:00,3831,27.3,71.0,13.2,18.8,2.32439,403.85648
2025-06-19T08:49:37+00:00,3832,27.3,70.7,13.0,18.7,2.30769,403.80624
2025-06-19T08:50:27+00:00,3833,27.3,70.5,13.0,18.0,2.34119,403.77777
2025-06-19T08:51:17+00:00,3834,27.3,70.6,13.4,18.0,2.32439,403.72137
2025-06-19T08:52:10+00:00,3835,27.3,70.8,12.7,17.3,2.20412,403.67953
2025-06-19T08:52:59+00:00,3836,27.3,71.6,13.8,20.0,2.26362,403.59702
2025-06-19T08:53:50+00:00,3837,27.3,71.2,16.7,23.0,2.19344,403.80624
2025-06-19T08:54:40+00:00,3838,27.4,71.4,17.8,25.0,2.35809,403.88541
2025-06-19T08:55:29+00:00,3839,27.4,70.8,16.8,24.3,2.38078,403.82053
2025-06-19T08:56:20+00:00,3840,27.4,70.9,16.6,25.6,2.1775,403.82053
2025-06-19T08:57:10+00:00,3841,27.3,70.8,15.1,21.9,2.31325,403.8277
2025-06-19T08:58:02+00:00,3842,27.3,70.8,14.6,21.8,2.35245,403.8277
2025-06-19T08:58:54+00:00,3843,27.3,71.0,15.3,21.6,2.38078,403.53613
2025-06-19T08:59:43+00:00,3844,27.3,70.6,14.1,19.7,2.31881,403.76361
2025-06-19T09:00:33+00:00,3845,27.3,70.9,13.6,18.2,2.35245,403.77069
2025-06-19T09:01:22+00:00,3846,27.4,71.1,13.5,20.2,2.19878,403.73541
2025-06-19T09:02:14+00:00,3847,27.4,70.7,13.7,20.3,2.32998,403.7991
2025-06-19T09:03:04+00:00,3848,27.3,71.0,15.0,22.4,2.27457,403.71439
2025-06-19T09:03:53+00:00,3849,27.3,70.7,14.2,20.1,2.35809,403.83487
2025-06-19T09:04:43+00:00,3850,27.4,70.5,14.7,21.4,2.31881,403.74246
2025-06-19T09:05:32+00:00,3851,27.3,70.8,13.7,18.8,2.30769,403.81339
2025-06-19T09:06:22+00:00,3852,27.3,70.6,13.7,19.2,2.29661,403.82053
2025-06-19T09:07:13+00:00,3853,27.3,70.9,13.3,18.4,2.20948,403.86368
2025-06-19T09:08:06+00:00,3854,27.3,71.2,13.7,18.0,2.35809,403.7991
2025-06-19T09:08:55+00:00,3855,27.3,71.2,13.8,18.6,2.10949,403.79199
2025-06-19T09:10:42+00:00,3856,27.2,71.7,13.3,17.9,2.29661,403.88541
2025-06-19T09:11:37+00:00,3857,27.2,71.3,13.4,17.5,1.79444,404.09311
2025-06-19T09:12:26+00:00,3858,27.2,71.3,12.3,17.5,2.29661,404.10071
2025-06-19T09:14:29+00:00,3859,27.2,71.3,14.7,20.4,2.31325,404.24701
2025-06-19T09:15:26+00:00,3860,27.2,71.3,15.8,21.8,2.40364,404.2081
2025-06-19T09:17:16+00:00,3861,27.2,71.0,15.5,19.6,2.41513,404.20035
2025-06-19T09:19:10+00:00,3862,27.3,71.5,14.6,20.2,2.44407,403.88541
2025-06-19T09:20:02+00:00,3863,27.3,71.3,15.4,21.8,2.40938,404.13879
2025-06-19T09:20:58+00:00,3864,27.3,71.1,14.6,20.8,2.27457,404.16946
2025-06-19T09:22:47+00:00,3865,27.3,71.2,14.5,20.6,2.43826,404.05536
2025-06-19T09:23:43+00:00,3866,27.3,71.7,13.5,18.8,2.33558,404.10071
2025-06-19T09:24:32+00:00,3867,27.3,71.9,14.3,20.8,2.30214,404.10071
2025-06-19T09:25:22+00:00,3868,27.3,71.7,15.4,21.6,2.35245,404.19263
2025-06-19T09:26:13+00:00,3869,27.2,71.8,14.8,20.3,2.35245,404.08554
2025-06-19T09:27:03+00:00,3870,27.2,71.9,14.6,20.0,2.36375,404.11591
2025-06-19T09:27:52+00:00,3871,27.3,72.0,14.5,19.4,2.36941,404.10831
2025-06-19T09:28:42+00:00,3872,27.2,72.3,14.2,19.6,2.4209,404.01047
2025-06-19T09:29:31+00:00,3873,27.2,72.4,14.0,21.2,2.34682,404.13879
2025-06-19T09:30:22+00:00,3874,27.3,72.4,14.5,19.8,2.40938,404.04785
2025-06-19T09:31:11+00:00,3875,27.3,72.1,14.5,19.5,2.40938,404.13879
2025-06-19T09:32:01+00:00,3876,27.2,71.9,14.7,19.7,2.39219,404.08554
2025-06-19T09:32:56+00:00,3877,27.2,71.8,15.0,22.2,2.35809,404.08554
2025-06-19T09:33:46+00:00,3878,27.3,71.8,15.4,21.2,2.35809,403.98816
2025-06-19T09:34:41+00:00,3879,27.2,71.8,14.2,19.5,2.38648,404.13113
2025-06-19T10:03:32+00:00,3880,27.3,73.3,15.5,23.7,2.05834,404.20035
2025-06-19T10:05:13+00:00,3881,27.3,73.3,15.2,21.4,2.34119,403.92917
2025-06-19T10:06:02+00:00,3882,27.3,73.4,15.5,21.2,2.37509,404.27051
2025-06-19T10:06:52+00:00,3883,27.3,73.3,16.4,23.5,2.31881,404.22363
2025-06-19T10:07:48+00:00,3884,27.2,73.3,16.5,23.1,2.46742,404.2081
2025-06-19T10:08:38+00:00,3885,27.2,73.0,16.1,24.0,2.32439,404.17719
2025-06-19T10:09:27+00:00,3886,27.2,73.2,15.7,20.0,2.42667,404.25482
2025-06-19T10:10:17+00:00,3887,27.2,73.1,17.0,22.9,2.22561,404.00299
2025-06-19T10:11:10+00:00,3888,27.2,73.2,17.1,24.1,2.26362,404.17719
2025-06-19T10:11:59+00:00,3889,27.1,73.2,17.4,24.3,2.50278,404.34961
2025-06-19T10:12:49+00:00,3890,27.2,73.1,17.4,24.2,2.53854,404.2392
2025-06-19T10:13:38+00:00,3891,27.2,73.0,17.2,25.6,2.48504,404.38959
2025-06-19T10:14:27+00:00,3892,27.2,73.0,17.1,24.8,2.55658,404.27838
2025-06-19T10:15:17+00:00,3893,27.1,73.2,16.8,24.6,2.48504,404.38159
2025-06-19T10:16:07+00:00,3894,27.1,73.2,17.0,23.1,2.55658,404.04785
2025-06-19T10:16:56+00:00,3895,27.1,73.3,18.9,27.3,2.07358,404.22363
2025-06-19T10:17:46+00:00,3896,27.1,73.1,18.2,25.7,2.43826,404.2941
2025-06-19T10:18:39+00:00,3897,27.1,73.1,17.7,26.2,2.43826,404.27051
2025-06-19T10:19:29+00:00,3898,27.1,73.1,16.5,25.3,2.46156,404.2081
2025-06-19T10:20:18+00:00,3899,27.1,73.3,18.6,27.7,2.49685,404.13879
2025-06-19T10:21:10+00:00,3900,27.1,73.2,17.7,24.0,2.49094,404.24701
2025-06-19T10:22:00+00:00,3901,27.1,73.1,18.2,25.7,2.14066,403.98816
2025-06-19T10:22:49+00:00,3902,27.1,73.1,18.9,27.4,1.77635,404.02539
2025-06-19T10:23:39+00:00,3903,27.2,73.0,16.3,23.3,1.82644,403.73541
2025-06-19T10:24:28+00:00,3904,27.2,73.2,16.3,22.9,1.59922,402.50403
2025-06-19T10:25:18+00:00,3905,27.2,73.2,17.0,24.5,1.51013,404.18491
2025-06-19T10:26:10+00:00,3906,27.2,73.1,16.7,23.5,1.65379,403.92917
2025-06-19T10:26:59+00:00,3907,27.2,73.4,16.6,22.6,2.26362,404.27051
2025-06-19T10:27:48+00:00,3908,27.2,73.5,16.2,22.2,2.51465,404.2081
2025-06-19T10:28:39+00:00,3909,27.2,73.5,15.4,21.6,2.53255,403.1821
2025-06-19T10:30:21+00:00,3910,27.1,73.4,17.1,23.5,1.39131,404.44611
2025-06-19T10:31:10+00:00,3911,27.1,73.5,17.0,24.6,2.54454,404.42181
2025-06-19T10:32:03+00:00,3912,27.1,73.5,16.9,22.6,2.41513,404.13113
2025-06-19T10:32:53+00:00,3913,27.1,73.4,17.8,25.1,2.39791,403.96594
2025-06-19T10:33:42+00:00,3914,27.1,73.4,16.4,23.0,2.28557,404.10831
2025-06-19T10:34:35+00:00,3915,27.1,73.4,16.8,23.5,2.53255,404.33368
2025-06-19T10:35:24+00:00,3916,27.1,73.5,16.9,23.0,2.12503,403.00745
2025-06-19T10:36:22+00:00,3917,27.2,73.4,16.1,23.1,2.06341,403.37143
2025-06-19T10:37:17+00:00,3918,27.2,73.4,17.0,24.4,1.7362,403.50934
2025-06-19T10:39:04+00:00,3919,27.1,73.7,17.1,23.9,2.38648,404.33368
2025-06-19T10:41:54+00:00,3920,27.2,73.6,17.0,21.6,2.35809,404.17719
2025-06-19T10:42:51+00:00,3921,27.2,73.6,16.6,23.6,2.32998,403.61752
2025-06-19T10:43:47+00:00,3922,27.1,73.7,16.6,23.7,2.19878,404.09311
2025-06-19T10:44:43+00:00,3923,27.2,73.7,17.7,27.5,2.49094,404.18491
2025-06-19T10:45:35+00:00,3924,27.1,73.7,16.8,22.4,2.38648,403.92917
2025-06-19T10:47:29+00:00,3925,27.1,73.8,17.5,25.0,2.36941,404.01791
2025-06-19T10:48:23+00:00,3926,27.1,73.7,17.8,24.2,2.01315,404.01791
2025-06-19T10:49:18+00:00,3927,27.1,73.8,18.0,24.0,2.31881,403.82053
2025-06-19T10:50:18+00:00,3928,27.1,73.7,17.6,25.3,2.42667,403.89267
2025-06-19T10:51:09+00:00,3929,27.1,73.8,18.5,26.6,2.34682,403.80624
2025-06-19T10:51:59+00:00,3930,27.1,74.0,18.3,27.7,2.32998,403.84927
2025-06-19T10:52:53+00:00,3931,27.1,74.1,18.6,27.6,2.45572,403.90726
2025-06-19T10:53:47+00:00,3932,27.1,74.2,17.3,25.6,2.26362,404.27051
2025-06-19T10:54:40+00:00,3933,27.1,74.1,19.1,28.1,2.51465,404.1618
2025-06-19T10:55:34+00:00,3934,27.0,74.2,18.5,29.1,2.52061,404.10831
2025-06-19T10:56:26+00:00,3935,27.1,74.1,18.5,26.7,2.54454,404.01047
2025-06-19T10:57:20+00:00,3936,27.1,74.0,17.6,24.3,2.25815,404.10071
2025-06-19T10:58:15+00:00,3937,27.1,74.1,18.1,25.6,2.50278,404.24701
2025-06-19T10:59:06+00:00,3938,27.1,74.0,18.5,27.4,2.57472,404.02539
2025-06-19T10:59:55+00:00,3939,27.1,74.1,17.9,25.8,2.45572,404.14645
2025-06-19T11:00:45+00:00,3940,27.1,74.2,18.0,26.3,2.57472,404.31781
2025-06-19T11:01:35+00:00,3941,27.0,74.3,17.8,27.8,2.20948,403.72137
2025-06-19T11:02:24+00:00,3942,27.0,74.4,19.5,30.0,2.4209,403.92184
2025-06-19T11:03:13+00:00,3943,27.1,74.3,18.0,25.2,2.61746,403.88541
2025-06-19T11:04:03+00:00,3944,27.1,74.3,18.1,25.8,2.52061,403.86368
2025-06-19T11:04:52+00:00,3945,27.0,74.3,17.6,25.8,2.46156,404.18491
2025-06-19T11:05:42+00:00,3946,27.0,74.4,18.4,29.1,2.35245,403.94385
2025-06-19T11:06:31+00:00,3947,27.0,74.5,18.5,25.6,2.01813,404.07043
2025-06-19T11:07:20+00:00,3948,27.0,74.4,18.5,27.2,2.15114,404.0629
2025-06-19T11:08:10+00:00,3949,27.0,74.4,17.6,25.5,2.64213,404.0629
2025-06-19T11:08:59+00:00,3950,27.0,74.5,18.3,25.5,2.38648,404.17719
2025-06-19T11:09:48+00:00,3951,27.0,74.5,17.5,24.4,2.51465,403.84207
2025-06-19T11:10:38+00:00,3952,27.0,74.5,17.3,24.2,2.56866,404.2392
2025-06-19T11:11:27+00:00,3953,27.0,74.4,17.5,26.6,2.40364,404.2392
2025-06-19T11:12:17+00:00,3954,27.0,74.6,17.0,24.2,2.49685,404.20035
2025-06-19T11:13:06+00:00,3955,27.0,74.6,17.6,24.3,2.17221,404.14645
2025-06-19T11:13:56+00:00,3956,27.0,74.6,17.9,25.2,2.44989,404.10071
2025-06-19T11:14:45+00:00,3957,27.0,74.6,18.4,27.5,2.64833,404.302
2025-06-19T11:15:34+00:00,3958,27.0,74.6,17.9,24.7,2.50871,403.04886
2025-06-19T11:16:24+00:00,3959,26.9,74.7,17.5,24.9,2.55056,404.33368
2025-06-19T11:17:13+00:00,3960,27.0,74.8,18.3,26.9,2.26362,404.17719
2025-06-19T11:18:03+00:00,3961,27.0,74.8,17.7,26.1,2.32439,404.18491
2025-06-19T11:18:53+00:00,3962,27.0,74.6,16.9,23.7,2.29661,403.62436
2025-06-19T11:19:42+00:00,3963,27.0,74.7,18.2,25.4,2.56262,404.28622
2025-06-19T11:20:31+00:00,3964,27.0,74.7,18.5,26.5,2.58687,404.19263
2025-06-19T11:21:21+00:00,3965,27.0,74.6,18.8,27.4,2.38078,404.21585
2025-06-19T11:22:10+00:00,3966,27.0,74.7,17.9,24.3,2.28006,404.28622
2025-06-19T11:23:00+00:00,3967,27.0,74.7,18.8,27.6,2.26909,404.302
2025-06-19T11:23:49+00:00,3968,27.0,74.8,18.3,25.8,2.75552,404.27051
2025-06-19T11:24:38+00:00,3969,27.0,74.8,19.5,27.9,2.71729,404.2081
2025-06-19T11:25:28+00:00,3970,27.0,74.8,18.1,26.0,2.49685,404.2941
2025-06-19T11:26:17+00:00,3971,27.0,74.7,18.3,26.2,2.76836,404.20035
2025-06-19T11:27:07+00:00,3972,26.9,74.8,18.2,25.9,2.30214,404.2941
2025-06-19T11:27:56+00:00,3973,27.0,74.9,17.6,25.0,2.667,404.07797
2025-06-19T11:28:46+00:00,3974,27.0,74.9,19.0,29.7,2.47328,404.16946
2025-06-19T11:29:35+00:00,3975,27.0,74.7,18.4,24.5,2.46742,404.26266
2025-06-19T11:30:24+00:00,3976,27.0,74.7,18.5,28.9,2.52061,403.92917
2025-06-19T11:31:15+00:00,3977,27.1,74.6,17.9,27.7,2.59907,403.81339
2025-06-19T11:32:04+00:00,3978,27.0,74.6,18.4,23.4,2.55056,403.92184
2025-06-19T11:32:53+00:00,3979,27.0,74.6,19.0,26.8,2.38648,404.2081
2025-06-19T11:33:44+00:00,3980,27.0,74.7,19.0,26.2,2.61132,404.1618
2025-06-19T11:34:34+00:00,3981,27.0,74.7,19.0,27.0,2.19878,404.16946
2025-06-19T11:35:23+00:00,3982,27.0,74.7,17.4,24.2,2.62361,404.04034
2025-06-19T11:36:12+00:00,3983,27.0,74.8,19.0,26.3,2.29108,404.01791
2025-06-19T11:37:06+00:00,3984,27.0,74.8,18.7,25.3,2.65454,404.10831
2025-06-19T11:37:56+00:00,3985,27.0,74.7,18.7,25.8,2.70465,404.02539
2025-06-19T11:38:46+00:00,3986,27.0,74.8,18.8,26.0,2.52061,404.12354
2025-06-19T11:39:38+00:00,3987,27.0,74.8,19.2,27.4,2.53255,404.17719
2025-06-19T11:40:27+00:00,3988,26.9,74.6,19.4,28.0,2.64833,404.20035
2025-06-19T11:41:17+00:00,3989,27.0,74.8,19.4,28.9,2.37509,404.27051
2025-06-19T11:42:06+00:00,3990,27.0,74.7,17.7,25.6,2.28557,404.2081
2025-06-19T11:43:49+00:00,3991,26.9,74.8,17.8,24.5,2.34119,403.82053
2025-06-19T11:44:39+00:00,3992,26.9,75.0,18.6,25.9,2.58687,404.21585
2025-06-19T11:45:31+00:00,3993,26.9,74.9,18.5,25.5,2.73635,404.31781
2025-06-19T11:46:21+00:00,3994,26.9,75.0,18.6,27.7,2.667,404.14645
2025-06-19T11:47:10+00:00,3995,26.8,75.0,19.3,28.4,2.50278,404.1618
2025-06-19T11:47:59+00:00,3996,26.8,75.1,19.2,26.1,2.65454,404.1618
2025-06-19T11:48:52+00:00,3997,26.8,75.1,19.8,27.1,2.74912,404.43799
2025-06-19T11:49:47+00:00,3998,26.8,75.2,18.5,26.5,2.80066,404.38959
2025-06-19T11:50:39+00:00,3999,26.8,75.2,19.1,27.8,2.61746,404.35757
2025-06-19T11:51:30+00:00,4000,26.8,75.1,20.1,28.5,2.80716,404.35757
2025-06-19T11:52:21+00:00,4001,26.8,75.3,19.5,26.3,2.83327,404.4057
2025-06-19T11:53:10+00:00,4002,26.7,75.3,19.2,26.4,2.86619,404.4057
2025-06-19T11:54:01+00:00,4003,26.8,75.3,18.6,27.2,2.85299,404.30991
2025-06-19T11:54:59+00:00,4004,26.8,75.2,19.4,29.3,2.80716,404.42181
2025-06-19T11:55:57+00:00,4005,26.8,75.2,18.6,26.2,2.78124,404.36557
2025-06-19T11:57:44+00:00,4006,26.8,75.1,17.6,25.0,2.76193,404.35757
2025-06-19T11:58:41+00:00,4007,26.8,75.1,19.2,26.2,2.49685,404.34961
2025-06-19T11:59:30+00:00,4008,26.8,75.3,19.2,26.9,2.84641,404.302
2025-06-19T12:01:19+00:00,4009,26.8,75.1,19.0,26.1,2.47916,404.31781
2025-06-19T12:02:13+00:00,4010,26.8,75.0,18.3,26.0,2.80066,404.34961
2025-06-19T12:03:07+00:00,4011,26.8,75.0,19.6,28.5,2.85299,404.38159
2025-06-19T12:04:01+00:00,4012,26.8,75.1,19.6,27.6,2.74912,404.34961
2025-06-19T12:04:52+00:00,4013,26.7,75.2,19.0,26.3,2.78124,404.44611
2025-06-19T12:05:52+00:00,4014,26.7,75.1,19.3,27.0,2.70465,404.08554
2025-06-19T12:06:55+00:00,4015,26.8,75.1,18.7,27.9,2.89275,404.34164
2025-06-19T12:08:40+00:00,4016,26.8,75.1,19.4,26.2,2.82019,404.31781
2025-06-19T12:09:29+00:00,4017,26.8,75.1,19.0,28.2,2.64213,404.04785
2025-06-19T12:10:19+00:00,4018,26.8,74.9,19.4,28.2,2.74912,404.22363
2025-06-19T12:11:09+00:00,4019,26.8,74.9,18.6,25.7,2.68577,404.01047
2025-06-19T12:12:01+00:00,4020,26.7,75.1,19.1,26.8,2.72999,404.27838
2025-06-19T12:12:51+00:00,4021,26.7,75.1,19.3,27.8,2.74273,404.27051
2025-06-19T12:13:40+00:00,4022,26.7,75.1,20.2,27.2,2.6795,403.96594
2025-06-19T12:14:29+00:00,4023,26.7,75.2,19.5,26.9,2.76836,404.01791
2025-06-19T12:15:19+00:00,4024,26.7,75.0,18.9,26.5,2.88609,404.43799
2025-06-19T12:16:09+00:00,4025,26.7,75.0,19.3,28.1,2.75552,404.39764
2025-06-19T12:16:58+00:00,4026,26.7,75.0,20.1,28.2,2.77479,404.27051
2025-06-19T12:17:47+00:00,4027,26.7,75.1,19.6,27.9,2.85299,404.34961
2025-06-19T12:18:37+00:00,4028,26.7,75.0,19.1,26.9,2.58687,404.34961
2025-06-19T12:19:30+00:00,4029,26.7,74.8,19.2,28.3,2.85959,404.32574
2025-06-19T12:20:19+00:00,4030,26.7,74.8,19.3,27.6,2.76193,404.4057
2025-06-19T12:21:08+00:00,4031,26.7,74.9,19.3,25.8,2.87281,404.36557
2025-06-19T12:22:01+00:00,4032,26.6,74.9,19.2,26.9,2.83327,404.34961
2025-06-19T12:22:56+00:00,4033,26.6,75.1,18.5,25.4,2.82673,404.2392
2025-06-19T12:23:45+00:00,4034,26.7,75.0,19.4,26.0,2.87281,403.77069
2025-06-19T12:24:34+00:00,4035,26.7,74.9,20.2,27.8,2.72363,404.22363
2025-06-19T12:25:24+00:00,4036,26.7,74.7,19.3,27.6,2.81367,404.26266
2025-06-19T12:26:13+00:00,4037,26.7,74.8,18.9,24.8,2.81367,404.13879
2025-06-19T12:27:05+00:00,4038,26.7,74.8,21.0,32.9,2.82673,404.37357
2025-06-19T12:27:55+00:00,4039,26.6,74.4,20.8,30.0,2.62361,404.26266
2025-06-19T12:28:44+00:00,4040,26.7,74.6,19.9,27.4,2.89275,404.42181
2025-06-19T12:29:33+00:00,4041,26.8,74.6,19.3,28.0,2.86619,404.44611
2025-06-19T12:30:23+00:00,4042,26.8,74.4,20.1,28.8,2.87281,404.38959
2025-06-19T12:31:12+00:00,4043,26.7,74.4,20.6,30.9,2.85959,404.4299
2025-06-19T12:32:01+00:00,4044,26.7,74.7,20.3,28.3,2.79418,404.37357
2025-06-19T12:32:51+00:00,4045,26.7,74.6,20.8,30.0,2.79418,404.2941
2025-06-19T12:33:40+00:00,4046,26.6,74.7,19.4,27.2,2.89275,404.42181
2025-06-19T12:34:30+00:00,4047,26.6,74.8,19.4,28.4,2.91951,404.4057
2025-06-19T12:35:19+00:00,4048,26.6,74.9,19.8,26.8,2.84641,404.33368
2025-06-19T12:36:08+00:00,4049,26.6,74.8,19.4,26.1,2.35245,404.31781
2025-06-19T12:36:58+00:00,4050,26.6,74.8,19.8,29.5,2.46156,404.39764
2025-06-19T12:37:47+00:00,4051,26.6,74.9,19.7,27.7,2.57472,404.33368
2025-06-19T12:38:37+00:00,4052,26.6,75.0,19.7,27.0,2.77479,404.1618
2025-06-19T12:39:26+00:00,4053,26.5,75.1,20.2,27.5,2.71729,404.34164
2025-06-19T12:40:15+00:00,4054,26.5,75.3,20.6,27.9,2.82019,404.31781
2025-06-19T12:41:56+00:00,4055,26.4,75.6,20.3,29.4,2.88609,404.26266
2025-06-19T12:42:49+00:00,4056,26.4,75.7,20.3,27.9,2.79418,404.24701
2025-06-19T12:43:43+00:00,4057,26.4,75.7,20.3,28.2,2.81367,404.17719
2025-06-19T12:44:32+00:00,4058,26.4,75.8,20.3,28.1,2.82019,404.27838
2025-06-19T12:45:31+00:00,4059,26.4,75.8,20.5,29.3,2.35245,404.34164
2025-06-19T12:46:26+00:00,4060,26.4,75.8,21.5,30.1,2.44407,404.27838
2025-06-19T12:47:25+00:00,4061,26.4,75.8,21.3,30.5,2.76836,404.12354
2025-06-19T12:48:22+00:00,4062,26.4,75.8,22.3,30.9,2.83983,404.30991
2025-06-19T12:49:12+00:00,4063,26.4,75.8,21.7,30.7,2.42667,404.05536
2025-06-19T12:50:10+00:00,4064,26.4,75.9,21.3,30.3,2.80716,404.18491
2025-06-19T12:51:02+00:00,4065,26.4,76.0,22.1,29.8,2.87945,404.2081
2025-06-19T12:51:55+00:00,4066,26.4,75.9,21.9,31.3,2.7877,403.35208
2025-06-19T12:52:54+00:00,4067,26.4,75.9,21.2,28.8,2.87281,404.35757
2025-06-19T12:53:54+00:00,4068,26.4,75.9,22.4,31.4,2.89942,404.33368
2025-06-19T12:54:47+00:00,4069,26.4,75.9,21.3,29.1,2.89942,404.43799
2025-06-19T12:55:39+00:00,4070,26.4,76.0,21.2,29.0,2.44989,404.26266
2025-06-19T12:56:35+00:00,4071,26.5,75.9,22.1,31.3,2.84641,404.23141
2025-06-19T12:57:25+00:00,4072,26.5,76.0,22.6,31.0,2.83983,404.37357
2025-06-19T12:58:16+00:00,4073,26.5,76.0,21.7,30.6,2.86619,404.38159
2025-06-19T12:59:08+00:00,4074,26.5,76.0,22.5,30.1,2.93971,404.38159
2025-06-19T13:00:03+00:00,4075,26.5,76.0,22.1,29.9,2.89275,404.36557
2025-06-19T13:00:57+00:00,4076,26.5,75.9,23.1,33.0,2.85299,404.4299
2025-06-19T13:01:54+00:00,4077,26.5,75.9,23.9,33.9,2.91951,404.34961
2025-06-19T13:02:44+00:00,4078,26.6,75.7,22.9,33.6,2.85959,404.36557
2025-06-19T13:03:38+00:00,4079,26.6,75.7,22.8,31.6,2.87281,404.38159
2025-06-19T13:05:23+00:00,4080,26.6,75.6,23.1,31.4,2.44407,404.35757
2025-06-19T13:06:12+00:00,4081,26.7,75.6,22.5,32.9,2.88609,404.39764
2025-06-19T13:07:09+00:00,4082,26.6,75.7,23.3,30.6,2.93971,404.50323
2025-06-19T13:08:00+00:00,4083,26.6,75.7,23.1,31.4,2.92623,404.32574
2025-06-19T13:08:50+00:00,4084,26.7,75.8,22.6,31.5,2.92623,404.38159
2025-06-19T13:09:44+00:00,4085,26.7,75.7,23.1,30.4,2.667,404.46237
2025-06-19T13:10:33+00:00,4086,26.7,75.8,23.2,33.7,2.98045,404.4057
2025-06-19T13:11:22+00:00,4087,26.7,75.8,23.7,36.6,2.94647,404.32574
2025-06-19T13:12:16+00:00,4088,26.7,75.7,23.7,34.3,2.94647,404.4057
2025-06-19T13:13:06+00:00,4089,26.7,75.7,23.3,31.3,2.93971,404.39764
2025-06-19T13:13:55+00:00,4090,26.7,75.6,22.9,32.3,2.55658,404.41376
2025-06-19T13:14:44+00:00,4091,26.6,75.8,22.3,33.2,2.94647,404.38959
2025-06-19T13:15:34+00:00,4092,26.6,76.1,24.0,34.7,2.49094,404.38159
2025-06-19T13:16:23+00:00,4093,26.7,76.1,23.6,34.4,2.76836,404.43799
2025-06-19T13:17:12+00:00,4094,26.7,76.1,22.8,32.7,2.99413,404.51144
2025-06-19T13:18:02+00:00,4095,26.7,76.1,24.5,36.2,2.95324,404.52789
2025-06-19T13:18:51+00:00,4096,26.7,76.1,23.6,31.3,2.61132,404.49503
2025-06-19T13:19:40+00:00,4097,26.6,76.2,22.8,31.4,2.61746,404.43799
2025-06-19T13:20:30+00:00,4098,26.6,76.3,22.4,33.2,2.61132,404.47867
2025-06-19T13:21:19+00:00,4099,26.6,76.3,22.9,33.4,2.96682,404.47052
2025-06-19T13:22:08+00:00,4100,26.6,76.3,22.4,31.3,2.49685,404.49503
2025-06-19T13:27:33+00:00,4101,26.5,76.7,22.1,30.9,2.95324,404.26266
2025-06-19T13:28:22+00:00,4102,26.4,76.7,23.4,33.1,2.90611,404.4057
2025-06-19T13:29:30+00:00,4103,26.4,76.8,22.8,34.4,2.93971,404.37357
2025-06-19T13:30:19+00:00,4104,26.4,76.9,22.8,31.2,2.61746,403.75656
2025-06-19T13:31:10+00:00,4105,26.4,76.9,22.9,32.0,3.03549,404.50323
2025-06-19T13:31:59+00:00,4106,26.5,76.9,23.0,34.7,2.96682,404.57755
2025-06-19T13:32:48+00:00,4107,26.5,77.0,23.2,33.0,3.02165,404.44611
2025-06-19T13:33:41+00:00,4108,26.5,77.0,22.7,31.7,3.03549,404.42181
2025-06-19T13:34:34+00:00,4109,26.5,76.9,25.4,36.0,3.00099,404.46237
2025-06-19T13:35:23+00:00,4110,26.5,76.9,22.8,33.3,2.50871,404.51144
2025-06-19T13:36:13+00:00,4111,26.5,76.8,21.9,30.2,2.93971,404.56924
2025-06-19T13:37:05+00:00,4112,26.5,76.9,24.0,33.9,3.0703,404.52789
2025-06-19T13:37:58+00:00,4113,26.4,76.9,24.3,35.4,2.99413,404.44611
2025-06-19T13:38:47+00:00,4114,26.5,76.9,22.4,30.3,2.71729,404.38159
2025-06-19T13:39:36+00:00,4115,26.4,77.0,23.7,33.9,3.00099,404.41376
2025-06-19T13:40:26+00:00,4116,26.4,77.0,24.2,33.3,2.93971,404.38959
2025-06-19T13:41:15+00:00,4117,26.4,77.0,24.4,33.5,3.11959,404.51144
2025-06-19T13:42:05+00:00,4118,26.4,77.0,24.2,35.4,3.04937,404.34164
2025-06-19T13:42:54+00:00,4119,26.4,77.0,24.0,31.2,3.0703,404.38959
2025-06-19T13:43:48+00:00,4120,26.4,77.0,24.7,33.9,3.05634,404.53613
2025-06-19T13:44:37+00:00,4121,26.4,77.0,24.6,35.2,2.98045,404.51144
2025-06-19T13:45:27+00:00,4122,26.4,77.0,24.6,35.3,3.05634,404.51144
2025-06-19T13:46:16+00:00,4123,26.4,77.0,25.0,36.3,3.0703,404.53613
2025-06-19T13:47:06+00:00,4124,26.4,77.0,24.0,36.0,3.03549,404.46237
2025-06-19T13:47:55+00:00,4125,26.4,77.0,25.4,36.7,3.00787,404.52789
2025-06-19T13:48:44+00:00,4126,26.4,77.0,25.1,37.3,3.14091,404.51965
2025-06-19T13:49:37+00:00,4127,26.4,77.0,25.1,38.6,3.0703,404.7037
2025-06-19T13:50:26+00:00,4128,26.4,77.0,24.2,35.8,3.12668,404.47867
2025-06-19T13:51:16+00:00,4129,26.4,77.0,26.2,37.2,3.08432,404.51965
2025-06-19T13:52:05+00:00,4130,26.4,77.0,26.5,38.0,2.65454,404.42181
2025-06-19T13:52:55+00:00,4131,26.5,76.9,26.1,37.6,2.68577,404.61093
2025-06-19T13:53:44+00:00,4132,26.4,76.8,26.2,38.8,3.21283,404.46237
2025-06-19T13:54:33+00:00,4133,26.4,76.9,26.8,36.3,2.75552,404.56924
2025-06-19T13:55:23+00:00,4134,26.4,77.0,26.4,37.1,3.08432,404.56924
2025-06-19T13:56:12+00:00,4135,26.4,77.0,25.2,35.7,3.11959,404.49503
2025-06-19T13:57:02+00:00,4136,26.4,77.0,27.2,37.7,3.12668,404.61093
2025-06-19T13:57:51+00:00,4137,26.4,77.0,26.6,37.3,3.12668,404.64447
2025-06-19T13:58:41+00:00,4138,26.4,77.0,27.0,38.4,3.14804,404.63608
2025-06-19T13:59:30+00:00,4139,26.4,77.0,26.9,37.9,3.09839,404.65289
2025-06-19T14:00:19+00:00,4140,26.4,76.9,26.4,36.4,3.14804,404.72073
2025-06-19T14:01:09+00:00,4141,26.4,77.0,26.5,37.2,3.10544,404.61093
2025-06-19T14:01:58+00:00,4142,26.4,76.9,26.5,37.8,3.16235,404.62769
2025-06-19T14:02:47+00:00,4143,26.5,76.8,27.5,38.1,3.25662,404.79803
2025-06-19T14:03:37+00:00,4144,26.5,76.7,26.7,40.7,3.21283,404.67825
2025-06-19T14:04:26+00:00,4145,26.4,76.8,27.9,42.3,3.19111,404.68671
2025-06-19T14:05:16+00:00,4146,26.4,76.8,26.9,40.3,3.24197,404.83273
2025-06-19T14:06:05+00:00,4147,26.4,76.8,27.4,40.2,3.20558,404.78079
2025-06-19T14:06:54+00:00,4148,26.4,76.8,28.9,43.0,3.24929,404.73782
2025-06-19T14:07:44+00:00,4149,26.5,76.7,27.7,39.6,3.26397,404.69522
2025-06-19T14:08:33+00:00,4150,26.5,76.7,28.8,40.9,3.05634,404.73782
2025-06-19T14:09:23+00:00,4151,26.5,76.6,28.4,40.6,3.14804,404.84146
2025-06-19T14:10:12+00:00,4152,26.5,76.7,28.0,41.2,3.09839,404.67825
2025-06-19T14:11:01+00:00,4153,26.5,76.7,27.7,39.0,3.25662,404.77216
2025-06-19T14:11:51+00:00,4154,26.5,76.7,29.4,43.1,3.26397,404.8067
2025-06-19T14:12:40+00:00,4155,26.5,76.6,28.3,41.4,3.13379,404.8764
2025-06-19T14:13:29+00:00,4156,26.5,76.6,28.6,42.7,3.28609,404.72928
2025-06-19T14:14:19+00:00,4157,26.5,76.6,28.0,41.6,3.30091,404.77216
2025-06-19T14:15:08+00:00,4158,26.5,76.7,29.1,43.9,3.24197,404.85889
2025-06-19T14:15:58+00:00,4159,26.4,76.7,29.0,42.7,3.30833,404.8764
2025-06-19T14:16:47+00:00,4160,26.4,76.7,29.8,43.5,3.31577,404.83273
2025-06-19T14:17:37+00:00,4161,26.4,76.7,29.7,42.3,3.32323,404.90277
2025-06-19T14:18:28+00:00,4162,26.4,76.7,29.0,41.7,3.29349,404.89395
2025-06-19T14:19:19+00:00,4163,26.4,76.8,29.7,40.7,3.33818,404.86765
2025-06-19T14:20:09+00:00,4164,26.4,76.8,28.2,42.6,3.30833,404.85889
2025-06-19T14:20:59+00:00,4165,26.4,76.8,31.4,45.6,3.2787,404.7894
2025-06-19T14:21:48+00:00,4166,26.4,76.8,30.3,42.2,3.45208,404.85016
2025-06-19T14:22:40+00:00,4167,26.4,76.7,30.5,44.9,3.35319,404.89395
2025-06-19T14:23:30+00:00,4168,26.5,76.6,29.6,42.2,3.35319,404.92923
2025-06-19T14:24:22+00:00,4169,26.5,76.5,29.5,42.8,3.36071,404.90277
2025-06-19T14:25:11+00:00,4170,26.5,76.4,30.1,44.0,3.41376,405.01834
2025-06-19T14:26:01+00:00,4171,26.4,76.5,29.9,40.9,3.3758,404.90277
2025-06-19T14:26:50+00:00,4172,26.4,76.6,30.8,43.7,2.93296,404.86765
2025-06-19T14:27:41+00:00,4173,26.4,76.5,29.3,43.0,3.3758,404.92041
2025-06-19T14:28:30+00:00,4174,26.4,76.6,30.6,45.0,3.41376,405.07245
2025-06-19T14:29:19+00:00,4175,26.4,76.7,30.4,42.9,2.97363,405.03632
2025-06-19T14:30:09+00:00,4176,26.4,76.6,30.5,44.0,3.52193,405.07245
2025-06-19T14:31:02+00:00,4177,26.4,76.7,29.8,45.2,3.36071,405.09061
2025-06-19T14:31:58+00:00,4178,26.4,76.6,30.8,43.2,2.9128,405.06342
2025-06-19T14:32:48+00:00,4179,26.4,76.6,30.8,43.9,3.49074,405.06342
2025-06-19T14:33:42+00:00,4180,26.4,76.6,30.1,43.4,3.61686,405.22842
2025-06-19T14:34:31+00:00,4181,26.4,76.6,29.4,43.2,3.49852,405.07245
2025-06-19T14:35:21+00:00,4182,26.4,76.5,30.2,44.5,3.52193,405.07245
2025-06-19T14:36:11+00:00,4183,26.4,76.5,29.5,46.1,3.56123,405.1362
2025-06-19T14:37:00+00:00,4184,26.4,76.5,30.8,44.4,3.4675,405.06342
2025-06-19T14:37:49+00:00,4185,26.4,76.4,30.2,43.4,3.52976,405.03632
2025-06-19T14:38:39+00:00,4186,26.4,76.4,30.3,42.4,3.47523,405.00937
2025-06-19T14:39:28+00:00,4187,26.4,76.2,29.7,41.3,3.47523,405.04535
2025-06-19T14:40:18+00:00,4188,26.4,76.3,29.8,43.7,3.56123,404.98254
2025-06-19T14:41:08+00:00,4189,26.4,76.4,29.1,42.3,2.91951,405.02734
2025-06-19T14:41:57+00:00,4190,26.3,76.5,29.0,44.0,3.54546,405.08151
2025-06-19T14:42:46+00:00,4191,26.3,76.6,28.7,43.8,3.60887,405.11792
2025-06-19T14:43:36+00:00,4192,26.3,76.7,28.2,40.8,3.56913,405.09061
2025-06-19T14:44:25+00:00,4193,26.2,76.7,28.9,40.3,3.61686,404.98254
2025-06-19T14:45:14+00:00,4194,26.2,76.7,29.7,42.1,3.5376,404.96472
2025-06-19T14:46:04+00:00,4195,26.2,76.8,29.3,41.7,3.09135,404.95581
2025-06-19T14:46:53+00:00,4196,26.2,76.8,29.4,41.0,3.60089,405.1088
2025-06-19T14:47:43+00:00,4197,26.2,76.8,31.0,44.4,3.59293,405.20062
2025-06-19T14:48:32+00:00,4198,26.2,76.8,30.1,44.5,3.63288,405.14536
2025-06-19T14:49:22+00:00,4199,26.2,76.8,29.9,41.4,3.60089,405.04535
2025-06-19T14:50:11+00:00,4200,26.2,76.8,29.1,43.8,3.03549,405.12704
2025-06-19T14:51:00+00:00,4201,26.2,76.8,30.0,44.2,3.58498,405.00937
2025-06-19T14:51:55+00:00,4202,26.2,76.9,29.5,43.0,3.59293,405.00043
2025-06-19T14:52:44+00:00,4203,26.2,77.0,30.9,44.3,3.64091,405.0997
2025-06-19T14:53:34+00:00,4204,26.2,77.0,31.4,44.0,3.64896,405.01834
2025-06-19T14:54:23+00:00,4205,26.2,76.9,30.0,43.9,3.70571,405.00937
2025-06-19T14:55:13+00:00,4206,26.2,77.0,31.0,46.4,3.14091,405.11792
2025-06-19T14:56:02+00:00,4207,26.2,76.9,30.8,44.8,3.62486,405.04535
2025-06-19T14:56:51+00:00,4208,26.2,76.9,31.6,44.3,3.63288,405.09061
2025-06-19T14:58:35+00:00,4209,26.2,76.9,30.6,45.4,3.67319,405.06342
2025-06-19T14:59:25+00:00,4210,26.2,76.9,30.2,43.3,3.67319,405.08151
2025-06-19T15:00:14+00:00,4211,26.2,77.0,31.1,44.2,3.69756,405.11792
2025-06-19T15:01:06+00:00,4212,26.2,77.0,30.2,42.1,3.67319,405.03632
2025-06-19T15:01:56+00:00,4213,26.2,76.9,30.4,45.6,3.67319,405.05435
2025-06-19T15:02:45+00:00,4214,26.2,77.0,31.0,42.3,3.09839,405.04535
2025-06-19T15:03:35+00:00,4215,26.2,77.0,30.6,41.9,3.60887,404.94696
2025-06-19T15:04:24+00:00,4216,26.2,77.0,31.2,44.2,3.22738,405.08151
2025-06-19T15:05:14+00:00,4217,26.2,77.0,29.0,40.2,3.58498,405.01834
2025-06-19T15:06:07+00:00,4218,26.2,77.0,30.0,44.3,3.71387,405.06342
2025-06-19T15:07:00+00:00,4219,26.2,77.0,30.6,43.0,3.49852,405.03632
2025-06-19T15:07:50+00:00,4220,26.2,76.9,30.6,44.0,3.6813,405.06342
2025-06-19T15:08:43+00:00,4221,26.2,77.0,31.6,46.5,3.67319,404.95581
2025-06-19T15:09:32+00:00,4222,26.2,77.0,31.6,45.3,3.70571,405.1088
2025-06-19T15:10:22+00:00,4223,26.2,76.9,31.3,44.4,3.60887,405.01834
2025-06-19T15:11:15+00:00,4224,26.2,76.9,30.1,40.1,3.6813,404.99149
2025-06-19T15:12:05+00:00,4225,26.2,76.9,30.8,41.9,3.64896,405.03632
2025-06-19T15:12:58+00:00,4226,26.2,77.0,30.7,46.8,3.64896,404.85889
2025-06-19T15:13:48+00:00,4227,26.2,76.8,29.8,42.3,3.35319,405.1088
2025-06-19T15:14:37+00:00,4228,26.2,76.8,30.5,43.8,3.19111,405.05435
2025-06-19T15:15:26+00:00,4229,26.2,76.8,30.7,45.1,3.0773,404.98254
2025-06-19T15:16:16+00:00,4230,26.2,76.8,30.1,45.2,3.59293,404.96472
2025-06-19T15:17:06+00:00,4231,26.2,76.8,30.3,43.8,3.6651,405.02734
2025-06-19T15:17:55+00:00,4232,26.2,76.8,30.2,43.9,3.1839,404.98254
2025-06-19T15:18:45+00:00,4233,26.2,76.8,31.0,45.8,3.70571,404.16946
2025-06-19T15:19:35+00:00,4234,26.2,76.8,30.9,44.1,3.08432,405.05435
2025-06-19T15:20:25+00:00,4235,26.2,76.8,29.8,44.1,3.57705,405.16373
2025-06-19T15:21:16+00:00,4236,26.2,76.8,30.4,42.3,3.22738,405.1088
2025-06-19T15:22:05+00:00,4237,26.2,76.8,31.6,44.6,3.57705,405.1088
2025-06-19T15:22:55+00:00,4238,26.2,76.7,30.0,44.9,3.6813,405.09061
2025-06-19T15:23:47+00:00,4239,26.2,76.9,30.7,43.1,3.67319,405.0997
2025-06-19T15:24:36+00:00,4240,26.2,76.7,31.2,48.5,3.62486,405.20987
2025-06-19T15:25:34+00:00,4241,26.2,76.8,32.4,44.5,3.68942,405.0997
2025-06-19T15:26:26+00:00,4242,26.2,76.8,31.1,45.3,3.71387,405.04535
2025-06-19T15:27:22+00:00,4243,26.3,76.7,31.3,43.8,3.60887,405.22842
2025-06-19T15:29:10+00:00,4244,26.3,76.6,30.7,43.7,3.73846,405.24704
2025-06-19T15:29:59+00:00,4245,26.3,76.6,31.5,46.2,3.73025,405.28442
2025-06-19T15:30:49+00:00,4246,26.3,76.6,30.7,44.2,3.99175,405.33148
2025-06-19T15:31:38+00:00,4247,26.3,76.5,32.7,48.0,3.82138,405.19138
2025-06-19T15:32:30+00:00,4248,26.3,76.6,32.3,48.1,3.81302,405.21915
2025-06-19T15:33:20+00:00,4249,26.3,76.6,31.4,45.2,3.83814,405.27505
2025-06-19T15:34:09+00:00,4250,26.2,76.6,30.8,46.7,3.63288,405.24704
2025-06-19T15:34:59+00:00,4251,26.3,76.7,32.7,46.7,3.75492,405.32205
2025-06-19T15:35:48+00:00,4252,26.2,76.7,32.4,47.1,3.77145,405.43625
2025-06-19T15:36:39+00:00,4253,26.2,76.8,32.6,48.4,3.81302,405.25638
2025-06-19T15:37:29+00:00,4254,26.2,76.7,31.9,46.4,3.6813,405.37888
2025-06-19T15:38:18+00:00,4255,26.2,76.8,31.6,44.7,3.83814,405.45547
2025-06-19T15:39:08+00:00,4256,26.2,76.7,31.7,44.6,3.73846,405.36938
2025-06-19T15:40:01+00:00,4257,26.2,76.8,31.9,47.0,3.79634,405.3504
2025-06-19T15:40:51+00:00,4258,26.2,76.8,32.5,47.3,3.32323,405.29382
2025-06-19T15:41:40+00:00,4259,26.2,76.8,32.0,49.6,3.5063,405.56226
2025-06-19T15:42:30+00:00,4260,26.2,76.7,31.9,46.5,3.82138,405.44583
2025-06-19T15:43:19+00:00,4261,26.2,76.8,32.0,48.5,3.91433,405.34094
2025-06-19T15:44:09+00:00,4262,26.2,76.8,32.4,46.8,3.87185,405.46509
2025-06-19T15:44:59+00:00,4263,26.2,76.8,32.4,48.3,3.40614,405.54272
2025-06-19T15:45:51+00:00,4264,26.2,76.8,33.0,47.9,3.82975,405.4075
2025-06-19T15:46:45+00:00,4265,26.2,76.7,32.5,50.5,3.92287,405.55249
2025-06-19T15:47:38+00:00,4266,26.2,76.6,32.5,48.8,3.88031,405.54272
2025-06-19T15:48:27+00:00,4267,26.2,76.7,33.2,50.3,3.97444,405.51349
2025-06-19T15:49:16+00:00,4268,26.2,76.7,33.7,49.9,3.43671,405.55249
2025-06-19T15:50:06+00:00,4269,26.2,76.7,34.3,52.1,3.91433,405.56226
2025-06-19T15:50:56+00:00,4270,26.2,76.6,33.1,48.7,4.00043,405.65094
2025-06-19T15:51:52+00:00,4271,26.2,76.6,32.2,47.5,3.99175,405.62125
2025-06-19T15:52:41+00:00,4272,26.3,76.5,32.2,49.4,3.97444,405.51349
2025-06-19T15:53:31+00:00,4273,26.3,76.4,33.4,48.6,4.10581,405.58185
2025-06-19T15:54:21+00:00,4274,26.2,76.5,32.3,47.8,3.95719,404.97363
2025-06-19T15:55:19+00:00,4275,26.3,76.5,33.2,48.7,4.01784,405.74081
2025-06-19T15:56:09+00:00,4276,26.2,76.5,33.8,51.2,3.94858,405.66086
2025-06-19T15:56:59+00:00,4277,26.2,76.6,34.4,51.0,4.07926,405.69073
2025-06-19T15:57:49+00:00,4278,26.1,76.7,32.4,45.2,3.77973,405.69073
2025-06-19T15:58:39+00:00,4279,26.2,76.7,34.3,51.4,3.97444,405.73077
2025-06-19T15:59:35+00:00,4280,26.2,76.6,34.5,51.0,3.62486,405.79126
2025-06-19T16:00:32+00:00,4281,26.2,76.7,33.7,50.7,4.08809,405.64102
2025-06-19T16:02:20+00:00,4282,26.2,76.6,35.4,49.5,4.1147,405.79126
2025-06-19T16:03:10+00:00,4283,26.2,76.4,34.7,50.6,4.22255,405.73077
2025-06-19T16:04:00+00:00,4284,26.2,76.4,33.6,46.3,3.84654,405.81152
2025-06-19T16:04:49+00:00,4285,26.2,76.5,33.5,50.8,4.26817,405.85226
2025-06-19T16:05:39+00:00,4286,26.2,76.5,33.4,49.9,4.28653,405.79126
2025-06-19T16:06:29+00:00,4287,26.2,76.6,33.5,48.4,4.27734,405.80139
2025-06-19T16:07:18+00:00,4288,26.1,76.6,35.5,52.9,4.16833,405.69073
2025-06-19T16:08:08+00:00,4289,26.2,76.7,35.4,51.9,4.06163,405.87274
2025-06-19T16:09:03+00:00,4290,26.2,76.6,34.3,52.1,4.30496,405.84207
2025-06-19T16:09:52+00:00,4291,26.2,76.6,34.2,53.3,4.27734,405.78113
2025-06-19T16:10:41+00:00,4292,26.2,76.5,33.2,48.9,4.36997,405.883
2025-06-19T16:11:32+00:00,4293,26.2,76.4,34.0,49.7,4.30496,405.97595
2025-06-19T16:13:19+00:00,4294,26.2,76.5,35.4,55.0,4.36997,405.9552
2025-06-19T16:14:08+00:00,4295,26.2,76.5,33.9,49.2,4.35132,405.85226
2025-06-19T16:14:59+00:00,4296,26.3,76.3,33.3,49.8,4.30496,405.77103
2025-06-19T16:15:48+00:00,4297,26.3,76.4,35.5,50.7,4.22255,405.85226
2025-06-19T16:16:38+00:00,4298,26.2,76.5,33.6,51.8,4.4169,405.83188
2025-06-19T16:17:27+00:00,4299,26.2,76.5,35.4,53.7,3.94,405.84207
2025-06-19T16:18:16+00:00,4300,26.2,76.5,32.9,47.3,3.67319,405.68076
2025-06-19T16:19:06+00:00,4301,26.2,76.6,33.5,51.1,4.36063,405.56226
2025-06-19T16:19:55+00:00,4302,26.2,76.6,34.6,49.8,3.6813,405.75085
2025-06-19T16:20:45+00:00,4303,26.2,76.7,35.2,54.1,4.29574,405.85226
2025-06-19T16:21:34+00:00,4304,26.2,76.7,34.0,49.7,4.35132,405.92416
2025-06-19T16:22:23+00:00,4305,26.1,76.8,33.3,49.2,4.02657,405.883
2025-06-19T16:23:13+00:00,4306,26.1,76.9,34.5,52.6,4.29574,405.84207
2025-06-19T16:24:02+00:00,4307,26.1,77.0,34.1,47.2,4.33272,405.89325
2025-06-19T16:24:52+00:00,4308,26.2,76.7,35.3,51.9,4.48331,405.80139
2025-06-19T16:25:41+00:00,4309,26.2,76.6,34.9,50.5,3.64091,405.91385
2025-06-19T16:26:30+00:00,4310,26.2,76.7,34.7,51.9,4.36997,405.83188
2025-06-19T16:27:20+00:00,4311,26.2,76.7,34.7,50.3,4.27734,405.49411
2025-06-19T16:28:09+00:00,4312,26.2,76.8,36.5,52.2,4.34201,405.70071
2025-06-19T16:29:05+00:00,4313,26.1,76.8,34.4,51.6,3.80467,405.58185
2025-06-19T16:29:54+00:00,4314,26.1,76.9,35.3,52.7,4.44526,405.78113
2025-06-19T16:30:44+00:00,4315,26.1,77.0,34.6,50.5,4.37932,405.81152
2025-06-19T16:31:33+00:00,4316,26.1,77.1,35.1,53.5,4.36063,405.69073
2025-06-19T16:32:22+00:00,4317,26.2,76.8,35.4,56.7,4.36063,405.82169
2025-06-19T16:33:12+00:00,4318,26.2,76.7,33.9,51.7,3.8634,404.44611
2025-06-19T16:34:01+00:00,4319,26.2,76.5,35.2,54.4,4.01784,405.87274
2025-06-19T16:34:51+00:00,4320,26.1,76.7,34.7,54.8,4.04407,405.883
2025-06-19T16:35:40+00:00,4321,26.2,76.8,35.1,55.0,3.78803,406.07016
2025-06-19T16:36:30+00:00,4322,26.2,76.6,35.0,53.4,3.87185,405.84207
2025-06-19T16:38:17+00:00,4323,26.1,76.9,34.1,52.9,4.3887,405.97595
2025-06-19T16:40:01+00:00,4324,26.1,77.1,34.4,51.8,4.46425,405.91385
2025-06-19T16:40:53+00:00,4325,26.1,77.1,33.7,52.8,4.35132,406.02814
2025-06-19T16:41:46+00:00,4326,26.0,77.1,34.5,52.2,4.30496,405.91385
2025-06-19T16:42:36+00:00,4327,26.0,77.2,35.2,51.0,4.47377,405.89325
2025-06-19T16:43:25+00:00,4328,26.0,77.2,34.9,52.5,3.98309,406.05963
2025-06-19T16:44:15+00:00,4329,26.0,77.3,35.8,55.4,4.46425,406.05963
2025-06-19T16:45:04+00:00,4330,26.1,77.3,34.4,51.9,4.53124,406.07016
2025-06-19T16:45:53+00:00,4331,26.1,77.2,34.7,52.2,4.50243,406.12305
2025-06-19T16:46:43+00:00,4332,26.1,77.1,34.2,53.4,4.54088,405.90353
2025-06-19T16:47:32+00:00,4333,26.1,77.1,34.6,51.7,4.53124,406.05963
2025-06-19T16:48:29+00:00,4334,26.1,77.2,34.2,52.7,4.48331,406.00723
2025-06-19T16:49:24+00:00,4335,26.1,77.3,33.8,49.9,4.5699,405.05435
2025-06-19T16:50:14+00:00,4336,26.1,77.2,34.3,51.0,4.24987,405.92416
2025-06-19T16:51:04+00:00,4337,26.1,77.2,34.4,51.3,3.85497,406.13367
2025-06-19T16:51:53+00:00,4338,26.1,77.4,33.6,54.2,4.51202,406.10184
2025-06-19T16:52:49+00:00,4339,26.0,77.4,34.3,51.3,4.50243,406.01767
2025-06-19T16:53:40+00:00,4340,26.0,77.4,33.1,52.6,4.56021,405.63113
2025-06-19T16:54:29+00:00,4341,26.0,77.5,34.2,52.4,3.83814,406.25153
2025-06-19T16:55:22+00:00,4342,26.0,77.6,35.5,53.5,4.51202,406.14429
2025-06-19T16:56:12+00:00,4343,26.0,77.6,33.4,51.2,4.55054,406.05963
2025-06-19T16:57:02+00:00,4344,26.0,77.6,34.5,52.2,4.44526,405.87274
2025-06-19T16:57:52+00:00,4345,26.0,77.6,33.5,51.0,4.51202,406.07016
2025-06-19T16:58:41+00:00,4346,26.0,77.5,33.0,51.7,4.53124,406.08072
2025-06-19T16:59:31+00:00,4347,26.0,77.5,34.3,53.0,4.05284,405.46509
2025-06-19T17:00:23+00:00,4348,26.0,77.5,34.5,55.3,4.3887,405.98636
2025-06-19T17:01:12+00:00,4349,26.0,77.6,35.4,52.5,4.62839,406.28403
2025-06-19T17:02:02+00:00,4350,26.0,77.6,34.4,53.0,4.71729,406.20844
2025-06-19T17:02:54+00:00,4351,26.0,77.6,35.2,50.4,4.62839,406.33847
2025-06-19T17:03:43+00:00,4352,26.0,77.6,34.9,51.3,4.77735,406.31662
2025-06-19T17:05:25+00:00,4353,25.9,77.5,34.5,52.6,4.87884,406.31662
2025-06-19T17:06:14+00:00,4354,26.0,77.6,34.6,54.0,4.71729,406.25153
2025-06-19T17:07:03+00:00,4355,26.0,77.5,34.5,52.4,4.6382,406.21921
2025-06-19T17:07:53+00:00,4356,25.9,77.5,33.5,54.0,4.73724,406.28403
2025-06-19T17:08:45+00:00,4357,26.0,77.5,33.0,49.8,4.22255,406.13367
2025-06-19T17:09:35+00:00,4358,26.0,77.5,33.4,51.6,4.66773,406.39331
2025-06-19T17:10:24+00:00,4359,25.9,77.5,34.8,54.2,4.69742,406.05963
2025-06-19T17:11:14+00:00,4360,25.9,77.5,34.8,49.5,4.62839,406.18701
2025-06-19T17:12:03+00:00,4361,26.0,77.5,34.0,53.6,4.5699,406.14429
2025-06-19T17:12:57+00:00,4362,26.0,77.4,32.6,51.6,4.47377,405.86249
2025-06-19T17:13:46+00:00,4363,26.0,77.4,33.7,50.4,4.32345,405.9968
2025-06-19T17:14:44+00:00,4364,26.0,77.5,33.1,49.1,4.58933,405.73077
2025-06-19T17:16:32+00:00,4365,25.9,77.5,33.3,50.5,4.58933,405.90353
2025-06-19T17:17:24+00:00,4366,26.0,77.4,32.8,49.8,4.55054,406.13367
2025-06-19T17:18:14+00:00,4367,26.0,77.4,35.3,51.1,4.6382,405.9968
2025-06-19T17:19:08+00:00,4368,25.9,77.4,34.6,52.8,4.13251,405.85226
2025-06-19T17:20:04+00:00,4369,25.9,77.5,32.3,46.5,4.3887,405.81152
2025-06-19T17:21:26+00:00,4370,25.9,77.4,33.5,52.7,4.67761,405.43625
2025-06-19T17:21:58+00:00,4371,25.9,77.4,32.0,47.9,4.64803,405.9968
2025-06-19T17:22:50+00:00,4372,25.9,77.4,33.7,52.6,4.6186,406.14429
2025-06-19T17:23:39+00:00,4373,25.9,77.4,34.1,49.0,4.47377,406.20844
2025-06-19T17:24:34+00:00,4374,25.9,77.4,34.1,49.7,4.64803,405.94482
2025-06-19T17:25:32+00:00,4375,25.9,77.3,34.5,52.7,4.48331,406.09128
2025-06-19T17:26:22+00:00,4376,26.0,77.2,33.0,50.6,4.6186,406.12305
2025-06-19T17:27:12+00:00,4377,26.0,77.0,34.5,51.9,3.0703,405.42664
2025-06-19T17:28:02+00:00,4378,26.0,77.0,33.8,53.8,4.52162,406.00723
2025-06-19T17:28:51+00:00,4379,26.1,76.8,33.6,49.8,4.48331,405.60153
2025-06-19T17:29:41+00:00,4380,26.0,76.9,33.2,50.3,4.13251,405.97595
2025-06-19T17:30:30+00:00,4381,26.0,76.8,35.1,52.8,4.62839,405.72073
2025-06-19T17:31:20+00:00,4382,26.0,76.9,33.9,51.6,4.59907,406.21921
2025-06-19T17:32:09+00:00,4383,26.0,76.9,35.8,53.3,4.80761,406.16562
2025-06-19T17:32:58+00:00,4384,26.1,76.8,34.5,53.2,4.5699,405.883
2025-06-19T17:33:48+00:00,4385,26.1,76.7,35.4,58.3,4.58933,406.10184
2025-06-19T17:34:37+00:00,4386,26.1,76.7,36.1,54.2,4.24075,405.98636
2025-06-19T17:35:27+00:00,4387,26.1,76.6,33.4,50.6,4.08809,406.09128
2025-06-19T17:36:16+00:00,4388,26.1,76.6,34.4,50.7,4.72726,406.00723
2025-06-19T17:37:05+00:00,4389,26.1,76.7,35.5,55.7,4.69742,406.12305
