created_at,Temperature,Humidity,PM2.5,PM10,CO,CO2
2025-06-23 13:34:08+07:00,28.80000,61.20000,15.00000,18.10000,0.34771,403.16486
2025-06-23 13:35:04+07:00,28.90000,60.30000,14.40000,16.10000,0.35701,403.10541
2025-06-23 13:35:56+07:00,28.90000,60.20000,12.70000,15.90000,0.32528,403.13834
2025-06-23 13:36:48+07:00,29.00000,58.90000,13.30000,14.90000,0.34200,403.03397
2025-06-23 13:37:41+07:00,29.00000,59.10000,13.50000,15.10000,0.32968,403.16486
2025-06-23 13:38:30+07:00,29.00000,60.50000,14.20000,16.90000,0.31770,403.00833
2025-06-23 13:39:20+07:00,29.10000,59.20000,13.40000,16.10000,0.33748,403.11197
2025-06-23 13:40:09+07:00,29.10000,58.80000,13.30000,14.90000,0.33524,403.08578
2025-06-23 13:40:59+07:00,29.10000,58.60000,13.20000,14.70000,0.34887,402.99554
2025-06-23 13:41:49+07:00,29.10000,58.90000,14.50000,17.10000,0.33189,403.09885
2025-06-23 13:42:38+07:00,29.10000,58.80000,13.10000,15.80000,0.32638,402.97650
2025-06-23 13:43:28+07:00,29.10000,58.10000,13.80000,15.40000,0.34428,403.14493
2025-06-23 13:44:17+07:00,29.00000,58.30000,14.40000,16.10000,0.35936,403.10541
2025-06-23 13:45:10+07:00,29.00000,58.50000,14.20000,15.90000,0.33300,403.03397
2025-06-23 13:46:03+07:00,29.10000,58.30000,13.80000,15.70000,0.36173,403.16486
2025-06-23 13:46:53+07:00,29.10000,58.90000,13.20000,14.80000,0.35936,403.19156
2025-06-23 13:47:42+07:00,29.10000,57.60000,13.50000,15.90000,0.36890,403.11197
2025-06-23 13:48:32+07:00,29.00000,58.00000,13.30000,15.00000,0.34887,402.80319
2025-06-23 13:49:21+07:00,29.10000,58.80000,14.00000,15.60000,0.33189,403.16486
2025-06-23 13:50:11+07:00,29.10000,57.90000,13.70000,15.30000,0.32202,403.06628
2025-06-23 13:51:01+07:00,29.10000,58.00000,14.50000,16.20000,0.34542,403.00192
2025-06-23 13:51:54+07:00,29.10000,58.90000,14.60000,17.20000,0.34657,403.03397
2025-06-23 13:52:44+07:00,29.20000,59.70000,13.90000,15.50000,0.36054,403.07278
2025-06-23 13:53:36+07:00,29.20000,58.20000,13.20000,15.70000,0.34086,403.13834
2025-06-23 13:55:18+07:00,29.20000,57.40000,13.00000,14.50000,0.34200,403.23874
2025-06-23 13:56:08+07:00,29.20000,57.60000,14.00000,16.40000,0.35234,403.19827
2025-06-23 13:56:57+07:00,29.10000,58.40000,13.80000,15.60000,0.36292,403.05331
2025-06-23 13:57:47+07:00,29.20000,58.90000,14.40000,18.00000,0.32310,403.07278
2025-06-23 13:58:36+07:00,29.10000,58.10000,13.00000,14.60000,0.30710,403.09885
2025-06-23 13:59:26+07:00,29.10000,57.50000,13.00000,14.60000,0.33189,402.98285
2025-06-23 14:00:15+07:00,29.00000,57.30000,13.70000,15.40000,0.35002,403.11197
2025-06-23 14:01:05+07:00,29.10000,58.00000,14.20000,15.90000,0.34200,403.12512
2025-06-23 14:01:54+07:00,29.20000,58.30000,13.30000,14.80000,0.34314,403.11197
2025-06-23 14:02:44+07:00,29.20000,56.90000,12.00000,14.40000,0.34200,403.13834
2025-06-23 14:03:33+07:00,29.20000,57.10000,13.50000,15.10000,0.32310,403.35562
2025-06-23 14:04:23+07:00,29.20000,56.80000,13.50000,15.90000,0.31556,402.97015
2025-06-23 14:05:12+07:00,29.20000,56.90000,12.60000,15.50000,0.32747,403.05978
2025-06-23 14:06:03+07:00,29.20000,56.40000,12.20000,14.60000,0.34200,403.00192
2025-06-23 14:06:53+07:00,29.20000,54.50000,11.60000,14.10000,0.31770,402.99554
2025-06-23 14:07:42+07:00,29.20000,54.50000,11.20000,13.00000,0.34771,403.11197
2025-06-23 14:08:31+07:00,29.20000,53.80000,11.40000,13.00000,0.33189,403.08578
2025-06-23 14:09:21+07:00,29.20000,54.00000,11.90000,13.50000,0.34428,403.02753
2025-06-23 14:10:10+07:00,29.30000,54.60000,12.00000,14.30000,0.33748,403.04041
2025-06-23 14:11:00+07:00,29.30000,55.40000,11.50000,13.90000,0.35467,403.21844
2025-06-23 14:11:50+07:00,29.30000,55.10000,10.80000,12.90000,0.34428,403.11853
2025-06-23 14:12:39+07:00,29.20000,54.20000,11.40000,14.60000,0.31985,403.16486
2025-06-23 14:13:29+07:00,29.20000,55.60000,11.00000,12.60000,0.34771,402.97015
2025-06-23 14:14:18+07:00,29.20000,55.10000,11.30000,14.20000,0.32638,403.11853
2025-06-23 14:15:07+07:00,29.10000,54.80000,12.10000,14.00000,0.33860,402.90121
2025-06-23 14:15:57+07:00,29.10000,55.50000,12.00000,14.10000,0.29984,403.02112
2025-06-23 14:16:46+07:00,29.10000,55.60000,12.40000,13.90000,0.34314,402.98920
2025-06-23 14:17:36+07:00,29.10000,55.50000,11.90000,13.40000,0.35118,403.12512
2025-06-23 14:18:26+07:00,29.20000,55.10000,10.80000,12.40000,0.33078,403.05978
2025-06-23 14:19:15+07:00,29.10000,55.20000,12.10000,13.50000,0.33412,403.07928
2025-06-23 14:20:05+07:00,29.20000,56.10000,12.10000,15.00000,0.32093,403.11853
2025-06-23 14:20:54+07:00,29.20000,55.90000,12.60000,14.30000,0.30293,403.11197
2025-06-23 14:21:43+07:00,29.20000,55.20000,13.10000,14.90000,0.33524,402.97650
2025-06-23 14:22:33+07:00,29.20000,56.20000,13.00000,16.60000,0.34887,403.09885
2025-06-23 14:23:23+07:00,29.30000,56.70000,12.70000,14.20000,0.32093,403.02112
2025-06-23 14:24:12+07:00,29.20000,56.40000,12.50000,14.10000,0.36649,403.05331
2025-06-23 14:25:04+07:00,29.20000,56.30000,11.60000,15.20000,0.33189,402.94495
2025-06-23 14:25:54+07:00,29.20000,55.10000,11.90000,14.00000,0.34428,403.08578
2025-06-23 14:26:43+07:00,29.20000,55.90000,12.40000,14.10000,0.34657,403.07278
2025-06-23 14:27:33+07:00,29.20000,55.70000,12.10000,15.50000,0.34200,403.07928
2025-06-23 14:28:23+07:00,29.20000,55.30000,11.70000,14.20000,0.35701,402.98285
2025-06-23 14:29:13+07:00,29.20000,54.70000,12.90000,14.40000,0.31663,402.98285
2025-06-23 14:30:02+07:00,29.20000,55.40000,11.70000,13.50000,0.37010,402.93240
2025-06-23 14:30:52+07:00,29.10000,54.30000,10.50000,12.10000,0.33189,402.89502
2025-06-23 14:31:45+07:00,29.10000,54.30000,11.80000,13.60000,0.34314,403.11197
2025-06-23 14:32:38+07:00,29.00000,55.00000,11.00000,12.20000,0.34200,403.06628
2025-06-23 14:33:28+07:00,29.00000,54.50000,12.10000,14.70000,0.32857,403.00192
2025-06-23 14:34:18+07:00,29.00000,54.50000,12.30000,13.80000,0.31770,402.96384
2025-06-23 14:35:07+07:00,29.00000,55.10000,12.30000,13.90000,0.33189,403.01471
2025-06-23 14:35:56+07:00,29.10000,54.40000,11.60000,13.00000,0.31985,403.13834
2025-06-23 14:36:48+07:00,29.10000,54.90000,13.10000,15.00000,0.35002,402.93240
2025-06-23 14:37:38+07:00,29.00000,56.00000,12.70000,15.50000,0.32968,403.04684
2025-06-23 14:38:27+07:00,29.00000,55.10000,12.80000,16.90000,0.32747,403.13834
2025-06-23 14:39:17+07:00,29.00000,55.00000,13.60000,16.30000,0.36292,403.15820
2025-06-23 14:40:07+07:00,29.00000,56.10000,12.80000,15.60000,0.32419,403.00192
2025-06-23 14:40:56+07:00,29.10000,54.50000,12.80000,15.70000,0.32419,403.07278
2025-06-23 14:41:46+07:00,29.10000,54.90000,12.90000,14.50000,0.33300,403.15820
2025-06-23 14:42:35+07:00,29.10000,56.10000,13.10000,18.50000,0.35002,403.18488
2025-06-23 14:43:24+07:00,29.00000,56.40000,12.30000,18.30000,0.35118,403.00192
2025-06-23 14:44:14+07:00,29.00000,55.60000,12.80000,15.70000,0.34200,402.99554
2025-06-23 14:45:04+07:00,28.90000,55.60000,12.90000,15.60000,0.33973,403.14493
2025-06-23 14:45:54+07:00,28.90000,56.20000,13.40000,15.00000,0.33189,403.04041
2025-06-23 14:46:43+07:00,28.90000,56.60000,13.50000,16.60000,0.33973,403.06628
2025-06-23 14:47:32+07:00,28.90000,56.80000,13.60000,15.20000,0.30710,403.12512
2025-06-23 14:48:25+07:00,28.80000,58.00000,15.30000,17.10000,0.33524,403.15155
2025-06-23 14:49:15+07:00,28.90000,59.40000,14.20000,17.40000,0.31985,402.90121
2025-06-23 14:50:04+07:00,28.90000,58.70000,14.30000,17.30000,0.31770,402.98285
2025-06-23 14:50:54+07:00,28.90000,58.50000,15.30000,17.30000,0.35701,403.07278
2025-06-23 14:51:43+07:00,28.90000,58.70000,14.60000,16.30000,0.33412,403.33475
2025-06-23 14:52:33+07:00,28.90000,58.80000,14.20000,16.60000,0.30087,403.17819
2025-06-23 14:53:22+07:00,28.90000,59.10000,14.60000,16.80000,0.32419,402.95123
2025-06-23 14:54:12+07:00,28.90000,59.20000,15.30000,17.60000,0.33412,403.04041
2025-06-23 14:55:01+07:00,28.80000,60.20000,15.70000,19.80000,0.34086,403.13834
2025-06-23 14:55:51+07:00,28.90000,60.50000,16.20000,19.30000,0.33189,402.98285
2025-06-23 14:56:40+07:00,28.90000,60.30000,16.00000,18.80000,0.29070,402.99554
2025-06-23 14:57:30+07:00,28.80000,60.70000,16.20000,18.10000,0.33412,403.14493
2025-06-23 14:58:19+07:00,28.80000,60.60000,16.20000,18.30000,0.32968,403.15820
2025-06-23 14:59:08+07:00,28.80000,60.90000,15.40000,17.30000,0.33636,402.89502
2025-06-23 15:00:01+07:00,28.80000,60.50000,15.00000,19.00000,0.32857,403.01471
2025-06-23 15:00:51+07:00,28.80000,60.40000,16.60000,18.60000,0.30190,403.17819
2025-06-23 15:01:41+07:00,28.70000,60.40000,17.50000,20.30000,0.32093,403.08578
2025-06-23 15:02:30+07:00,28.70000,61.70000,16.50000,19.60000,0.33524,403.05978
2025-06-23 15:03:20+07:00,28.70000,60.90000,17.40000,21.60000,0.31556,403.05978
2025-06-23 15:04:09+07:00,28.70000,62.50000,17.00000,19.00000,0.34200,402.93240
2025-06-23 15:05:01+07:00,28.70000,61.20000,17.30000,20.80000,0.33748,403.20499
2025-06-23 15:05:50+07:00,28.70000,61.80000,17.80000,20.50000,0.32747,403.07928
2025-06-23 15:06:39+07:00,28.70000,62.00000,17.40000,19.70000,0.34428,403.06628
2025-06-23 15:07:29+07:00,28.70000,62.30000,18.00000,21.50000,0.33636,403.18488
2025-06-23 15:08:18+07:00,28.70000,62.70000,18.30000,22.40000,0.32419,403.15155
2025-06-23 15:09:08+07:00,28.70000,63.30000,18.30000,23.60000,0.32093,403.17151
2025-06-23 15:09:57+07:00,28.80000,63.80000,17.30000,21.00000,0.33524,403.03397
2025-06-23 15:10:47+07:00,28.80000,61.40000,17.10000,21.80000,0.33973,403.05978
2025-06-23 15:11:36+07:00,28.70000,62.20000,17.20000,19.80000,0.33078,403.21170
2025-06-23 15:12:26+07:00,28.70000,62.10000,17.10000,19.90000,0.36769,403.04684
2025-06-23 15:13:16+07:00,28.70000,62.10000,17.50000,20.30000,0.33189,403.12512
2025-06-23 15:14:05+07:00,28.70000,63.00000,17.50000,21.20000,0.31877,402.98285
2025-06-23 15:14:55+07:00,28.70000,62.10000,17.00000,21.60000,0.35350,403.17151
2025-06-23 15:15:44+07:00,28.70000,62.50000,17.30000,20.30000,0.34200,403.19827
2025-06-23 15:16:34+07:00,28.60000,61.90000,17.60000,20.80000,0.33189,403.18488
2025-06-23 15:17:23+07:00,28.60000,62.20000,17.30000,20.40000,0.34428,403.29333
2025-06-23 15:18:13+07:00,28.60000,62.40000,18.10000,21.00000,0.35701,403.09232
2025-06-23 15:19:02+07:00,28.50000,62.10000,17.40000,20.40000,0.31877,403.07278
2025-06-23 15:19:52+07:00,28.50000,62.80000,18.80000,22.10000,0.34086,403.24551
2025-06-23 15:20:41+07:00,28.60000,63.10000,18.00000,21.60000,0.33636,403.14493
2025-06-23 15:21:33+07:00,28.60000,62.90000,18.00000,26.60000,0.33860,403.13834
2025-06-23 15:22:23+07:00,28.60000,63.40000,19.00000,23.10000,0.33973,403.10541
2025-06-23 15:23:13+07:00,28.50000,63.00000,19.00000,21.30000,0.33748,403.17151
2025-06-23 15:24:03+07:00,28.40000,63.40000,18.70000,22.50000,0.34542,403.05978
2025-06-23 15:24:53+07:00,28.40000,64.20000,19.10000,21.70000,0.36173,403.19156
2025-06-23 15:25:42+07:00,28.40000,64.30000,19.30000,23.00000,0.31342,403.18488
2025-06-23 15:26:32+07:00,28.40000,64.60000,20.40000,23.10000,0.35936,403.10541
2025-06-23 15:27:21+07:00,28.40000,65.30000,20.30000,23.30000,0.31130,403.23874
2025-06-23 15:28:11+07:00,28.40000,65.60000,20.50000,25.30000,0.35002,403.21170
2025-06-23 15:29:01+07:00,28.30000,65.60000,21.50000,24.90000,0.33860,403.07278
2025-06-23 15:29:50+07:00,28.30000,66.40000,22.40000,27.40000,0.37985,403.17151
2025-06-23 15:30:39+07:00,28.30000,66.90000,22.20000,25.50000,0.31130,403.30020
2025-06-23 15:31:29+07:00,28.20000,67.40000,24.90000,29.70000,0.31985,403.32089
2025-06-23 15:32:18+07:00,28.30000,68.40000,21.90000,27.70000,0.33748,403.24551
2025-06-23 15:33:07+07:00,28.30000,66.90000,22.60000,26.50000,0.32202,403.24551
2025-06-23 15:34:01+07:00,28.30000,67.00000,21.80000,26.80000,0.34428,403.25912
2025-06-23 15:34:50+07:00,28.20000,67.20000,22.30000,27.70000,0.33636,403.17819
2025-06-23 15:35:40+07:00,28.30000,66.90000,20.90000,26.80000,0.32419,403.15820
2025-06-23 15:36:30+07:00,28.20000,67.10000,20.90000,25.90000,0.35118,403.20499
2025-06-23 15:37:21+07:00,28.20000,66.50000,21.30000,25.60000,0.35350,403.05978
2025-06-23 15:38:10+07:00,28.20000,66.60000,22.60000,29.20000,0.32857,403.16486
2025-06-23 15:39:00+07:00,28.20000,67.00000,22.00000,26.20000,0.32528,403.19156
2025-06-23 15:39:49+07:00,28.20000,67.70000,21.90000,27.90000,0.34200,403.30710
2025-06-23 15:40:42+07:00,28.30000,68.10000,22.50000,27.70000,0.33636,403.24551
2025-06-23 15:41:34+07:00,28.30000,66.80000,23.70000,30.30000,0.33860,403.14493
2025-06-23 15:42:29+07:00,28.30000,68.40000,23.40000,27.90000,0.35350,403.25232
2025-06-23 15:43:23+07:00,28.30000,67.70000,23.50000,28.10000,0.31770,403.06628
2025-06-23 15:44:13+07:00,28.20000,68.40000,22.80000,28.90000,0.34657,403.26593
2025-06-23 15:45:12+07:00,28.20000,68.70000,24.30000,29.60000,0.34771,403.25232
2025-06-23 15:46:03+07:00,28.20000,68.60000,22.70000,28.00000,0.33300,403.23874
2025-06-23 15:46:52+07:00,28.10000,68.30000,22.90000,28.70000,0.33078,403.29333
2025-06-23 15:47:41+07:00,28.10000,68.80000,22.00000,28.10000,0.36411,403.18488
2025-06-23 15:48:31+07:00,28.10000,68.30000,24.30000,29.90000,0.35936,403.25232
2025-06-23 15:49:20+07:00,28.10000,68.70000,23.40000,30.70000,0.30501,403.25912
2025-06-23 15:50:10+07:00,28.20000,68.80000,23.50000,28.40000,0.35701,403.23874
2025-06-23 15:51:00+07:00,28.10000,69.10000,23.90000,29.00000,0.35701,403.22519
2025-06-23 15:51:50+07:00,28.10000,69.20000,24.10000,31.40000,0.35936,403.21844
2025-06-23 15:52:43+07:00,28.10000,69.10000,24.60000,29.70000,0.38854,403.37659
2025-06-23 15:53:32+07:00,28.10000,69.20000,24.00000,29.70000,0.33860,403.25912
2025-06-23 15:54:21+07:00,28.10000,69.50000,23.40000,27.20000,0.30605,403.24551
2025-06-23 15:55:11+07:00,28.10000,69.20000,23.60000,28.30000,0.35936,403.27277
2025-06-23 15:56:01+07:00,28.20000,69.00000,23.90000,27.90000,0.36530,403.21170
2025-06-23 15:56:50+07:00,28.20000,69.50000,24.50000,30.90000,0.36173,403.20499
2025-06-23 15:57:39+07:00,28.20000,69.50000,26.00000,32.10000,0.35584,403.18488
2025-06-23 15:58:29+07:00,28.30000,69.50000,26.00000,31.10000,0.33973,403.24551
2025-06-23 15:59:19+07:00,28.30000,69.80000,24.40000,28.70000,0.35350,403.21844
2025-06-23 16:00:08+07:00,28.30000,69.50000,26.00000,35.10000,0.33973,403.17819
2025-06-23 16:00:58+07:00,28.30000,69.80000,25.20000,31.80000,0.31877,403.18488
2025-06-23 16:01:47+07:00,28.30000,69.70000,25.20000,31.00000,0.34086,403.23196
2025-06-23 16:02:36+07:00,28.30000,69.60000,25.80000,30.90000,0.35118,403.26593
2025-06-23 16:03:29+07:00,28.30000,69.90000,26.10000,31.40000,0.35350,403.21844
2025-06-23 16:04:18+07:00,28.30000,69.90000,26.60000,31.30000,0.35936,403.19827
2025-06-23 16:05:08+07:00,28.30000,70.40000,25.20000,30.30000,0.36769,403.16486
2025-06-23 16:05:57+07:00,28.30000,69.90000,26.30000,32.60000,0.35234,403.30020
2025-06-23 16:06:47+07:00,28.30000,70.40000,26.80000,31.40000,0.34542,403.25232
2025-06-23 16:07:37+07:00,28.40000,70.90000,28.80000,32.30000,0.35350,403.10541
2025-06-23 16:08:26+07:00,28.50000,71.00000,29.10000,35.10000,0.35584,403.19827
2025-06-23 16:09:16+07:00,28.50000,70.70000,27.00000,32.40000,0.36173,403.21170
2025-06-23 16:10:05+07:00,28.50000,69.90000,26.90000,33.10000,0.34887,403.16486
2025-06-23 16:10:55+07:00,28.40000,69.20000,27.40000,33.00000,0.35701,403.09232
2025-06-23 16:11:45+07:00,28.30000,69.70000,26.10000,32.90000,0.35936,403.23874
2025-06-23 16:12:34+07:00,28.30000,70.10000,26.50000,33.60000,0.35350,403.19827
2025-06-23 16:13:24+07:00,28.30000,70.50000,27.00000,33.70000,0.36411,403.25912
2025-06-23 16:14:13+07:00,28.30000,70.30000,27.40000,32.30000,0.36054,403.16486
2025-06-23 16:15:03+07:00,28.20000,70.90000,26.30000,31.50000,0.35701,403.36960
2025-06-23 16:15:52+07:00,28.20000,71.40000,28.00000,33.90000,0.32528,403.34171
2025-06-23 16:16:42+07:00,28.20000,71.30000,26.30000,33.10000,0.34200,403.33475
2025-06-23 16:17:31+07:00,28.10000,70.50000,26.10000,34.40000,0.32419,403.30020
2025-06-23 16:18:24+07:00,28.10000,70.70000,26.20000,34.80000,0.34657,403.37659
2025-06-23 16:19:14+07:00,28.10000,70.70000,27.30000,33.00000,0.35002,403.17151
2025-06-23 16:20:03+07:00,28.10000,71.30000,26.90000,32.20000,0.40508,403.16486
2025-06-23 16:20:57+07:00,28.10000,71.50000,26.90000,33.10000,0.36890,403.29333
2025-06-23 16:21:47+07:00,28.10000,71.10000,26.90000,33.10000,0.35819,403.29333
2025-06-23 16:22:36+07:00,28.10000,71.70000,27.20000,33.60000,0.37131,403.37659
2025-06-23 16:23:26+07:00,28.10000,71.40000,27.50000,33.30000,0.35701,403.31400
2025-06-23 16:24:15+07:00,28.10000,71.20000,26.20000,31.90000,0.34771,403.23874
2025-06-23 16:25:05+07:00,28.00000,70.80000,26.60000,32.50000,0.35118,403.19156
2025-06-23 16:25:54+07:00,28.00000,70.70000,27.40000,33.10000,0.36054,403.30710
2025-06-23 16:26:43+07:00,28.00000,71.90000,27.50000,32.80000,0.35701,403.14493
2025-06-23 16:27:33+07:00,28.00000,71.40000,27.40000,32.20000,0.33973,403.29333
2025-06-23 16:28:22+07:00,28.00000,71.30000,29.00000,38.60000,0.34200,403.25912
2025-06-23 16:29:12+07:00,28.00000,71.60000,28.00000,35.40000,0.37495,403.30020
2025-06-23 16:30:01+07:00,28.00000,71.40000,28.60000,34.60000,0.34428,403.27277
2025-06-23 16:30:53+07:00,28.00000,71.40000,28.30000,35.40000,0.32528,403.17819
2025-06-23 16:31:43+07:00,28.00000,71.50000,29.90000,40.10000,0.36890,403.26593
2025-06-23 16:32:32+07:00,28.00000,71.60000,28.30000,35.90000,0.36769,403.30710
2025-06-23 16:33:21+07:00,28.00000,71.70000,29.00000,36.20000,0.37617,403.27277
2025-06-23 16:34:11+07:00,28.00000,71.90000,36.40000,44.80000,0.37010,403.40472
2025-06-23 16:35:00+07:00,28.00000,72.10000,32.10000,40.30000,0.35234,403.40472
2025-06-23 16:35:49+07:00,28.00000,71.60000,31.30000,39.20000,0.37495,403.43304
2025-06-23 16:36:39+07:00,28.00000,71.50000,31.00000,38.20000,0.37131,403.53363
2025-06-23 16:37:29+07:00,28.00000,71.60000,33.00000,41.20000,0.36530,403.39767
2025-06-23 16:38:18+07:00,28.00000,71.70000,31.00000,39.60000,0.37739,403.41177
2025-06-23 16:40:01+07:00,27.90000,71.90000,32.90000,41.90000,0.38356,403.26593
2025-06-23 16:40:51+07:00,27.90000,72.70000,32.70000,42.10000,0.37617,403.41177
2025-06-23 16:41:47+07:00,28.00000,72.30000,35.10000,42.00000,0.36890,403.37659
2025-06-23 16:42:36+07:00,28.00000,72.40000,43.80000,51.90000,0.38854,403.43304
2025-06-23 16:43:26+07:00,28.00000,72.80000,34.10000,42.70000,0.38480,403.49744
2025-06-23 16:44:15+07:00,28.00000,71.50000,32.60000,40.20000,0.38979,403.44727
2025-06-23 16:45:05+07:00,27.90000,71.40000,32.00000,39.30000,0.34657,403.45438
2025-06-23 16:45:54+07:00,27.90000,71.30000,34.90000,43.80000,0.36890,403.36960
2025-06-23 16:46:43+07:00,27.80000,72.10000,37.20000,42.50000,0.37739,403.19156
2025-06-23 16:47:33+07:00,27.80000,71.10000,33.40000,38.60000,0.36173,403.41177
2025-06-23 16:48:22+07:00,27.80000,71.20000,31.00000,36.80000,0.37985,403.37659
2025-06-23 16:49:12+07:00,27.80000,71.50000,29.60000,35.50000,0.37252,403.39062
2025-06-23 16:50:02+07:00,27.80000,71.20000,29.30000,34.30000,0.38854,403.37659
2025-06-23 16:50:51+07:00,27.80000,71.50000,29.70000,36.30000,0.36649,403.31400
2025-06-23 16:51:41+07:00,27.90000,71.60000,28.90000,33.90000,0.36649,403.41177
2025-06-23 16:52:30+07:00,27.80000,71.40000,29.20000,35.10000,0.37617,403.46869
2025-06-23 16:53:20+07:00,27.90000,72.10000,29.70000,37.20000,0.37985,403.53363
2025-06-23 16:54:09+07:00,27.90000,72.00000,29.60000,38.20000,0.37862,403.39767
2025-06-23 16:54:59+07:00,27.90000,71.60000,30.00000,36.90000,0.38854,403.36960
2025-06-23 16:55:48+07:00,27.90000,71.40000,28.70000,35.50000,0.39484,403.25912
2025-06-23 16:56:38+07:00,27.80000,71.00000,27.70000,34.90000,0.37131,403.35562
2025-06-23 16:57:27+07:00,27.80000,70.80000,29.00000,34.40000,0.37985,403.38361
2025-06-23 16:58:17+07:00,27.80000,71.20000,29.20000,35.60000,0.35584,403.33475
2025-06-23 16:59:06+07:00,27.80000,70.80000,28.60000,34.60000,0.37617,403.35562
2025-06-23 16:59:56+07:00,27.80000,70.80000,27.00000,36.20000,0.36292,403.31400
2025-06-23 17:00:45+07:00,27.80000,70.40000,27.70000,33.30000,0.36292,403.30710
2025-06-23 17:01:35+07:00,27.70000,69.90000,28.70000,35.00000,0.36769,403.41885
2025-06-23 17:02:24+07:00,27.60000,70.30000,29.60000,35.70000,0.37985,403.21844
2025-06-23 17:03:13+07:00,27.60000,70.80000,27.40000,34.40000,0.35350,403.33475
2025-06-23 17:04:03+07:00,27.60000,70.10000,27.50000,33.30000,0.37862,403.35562
2025-06-23 17:04:53+07:00,27.60000,70.10000,28.00000,32.90000,0.36890,403.09232
2025-06-23 17:05:42+07:00,27.60000,70.90000,27.00000,35.80000,0.36530,403.33475
2025-06-23 17:06:31+07:00,27.60000,70.40000,28.50000,34.50000,0.35350,403.27960
2025-06-23 17:07:25+07:00,27.50000,70.90000,28.40000,33.10000,0.37739,403.24551
2025-06-23 17:08:15+07:00,27.50000,70.90000,28.80000,36.10000,0.36173,403.33475
2025-06-23 17:09:04+07:00,27.60000,71.30000,28.30000,33.10000,0.37862,403.34171
2025-06-23 17:09:53+07:00,27.60000,70.60000,29.10000,34.10000,0.34428,403.39062
2025-06-23 17:10:43+07:00,27.60000,70.50000,27.60000,33.40000,0.38356,403.23196
2025-06-23 17:11:32+07:00,27.60000,70.80000,29.80000,36.80000,0.35584,403.20499
2025-06-23 17:12:22+07:00,27.60000,71.20000,28.60000,35.30000,0.36769,403.35562
2025-06-23 17:13:11+07:00,27.50000,71.20000,28.30000,35.20000,0.35701,403.31400
2025-06-23 17:14:01+07:00,27.50000,71.50000,29.20000,36.20000,0.35936,403.31400
2025-06-23 17:14:50+07:00,27.40000,71.60000,29.00000,35.20000,0.36292,403.32089
2025-06-23 17:15:39+07:00,27.40000,71.50000,29.30000,35.60000,0.38108,403.44727
2025-06-23 17:16:29+07:00,27.40000,71.50000,28.60000,34.50000,0.37617,403.46869
2025-06-23 17:17:18+07:00,27.40000,71.60000,27.10000,34.10000,0.37373,403.46869
2025-06-23 17:18:08+07:00,27.40000,70.70000,27.50000,33.00000,0.37617,403.44727
2025-06-23 17:18:57+07:00,27.40000,70.60000,27.30000,31.30000,0.38232,403.38361
2025-06-23 17:19:47+07:00,27.40000,70.90000,27.40000,34.10000,0.37739,403.44012
2025-06-23 17:20:36+07:00,27.40000,69.90000,27.70000,34.40000,0.38979,403.46152
2025-06-23 17:21:26+07:00,27.40000,70.10000,29.40000,35.50000,0.39357,403.36960
2025-06-23 17:22:15+07:00,27.40000,70.90000,28.70000,37.60000,0.38480,403.42593
2025-06-23 17:23:04+07:00,27.40000,70.90000,29.80000,37.20000,0.38604,403.36960
2025-06-23 17:23:54+07:00,27.40000,71.00000,29.10000,35.90000,0.37862,403.19156
2025-06-23 17:24:44+07:00,27.40000,71.40000,27.70000,33.50000,0.36173,403.30020
2025-06-23 17:25:34+07:00,27.40000,70.90000,28.70000,34.50000,0.40122,403.41177
2025-06-23 17:26:23+07:00,27.40000,70.50000,28.70000,34.70000,0.38356,403.32782
2025-06-23 17:27:13+07:00,27.30000,70.70000,28.80000,35.40000,0.39357,403.29333
2025-06-23 17:28:02+07:00,27.30000,71.00000,28.20000,36.30000,0.37252,403.30020
2025-06-23 17:28:52+07:00,27.20000,71.20000,30.30000,38.80000,0.38356,403.30710
2025-06-23 17:29:41+07:00,27.30000,71.40000,30.10000,38.10000,0.36411,403.30020
2025-06-23 17:30:30+07:00,27.20000,71.50000,30.10000,37.50000,0.36173,403.30710
2025-06-23 17:31:20+07:00,27.30000,71.70000,31.30000,40.80000,0.37010,403.28647
2025-06-23 17:32:13+07:00,27.40000,71.90000,31.20000,38.90000,0.35936,403.34866
2025-06-23 17:33:03+07:00,27.30000,71.70000,32.10000,41.40000,0.38480,403.39062
2025-06-23 17:34:00+07:00,27.40000,72.10000,32.20000,39.90000,0.38854,403.36261
2025-06-23 17:34:53+07:00,27.40000,71.90000,32.10000,39.20000,0.37131,403.34866
2025-06-23 17:35:43+07:00,27.30000,72.00000,31.80000,41.30000,0.38232,403.39062
2025-06-23 17:36:36+07:00,27.30000,71.70000,32.00000,40.40000,0.38480,403.43304
2025-06-23 17:37:25+07:00,27.30000,71.60000,31.80000,41.40000,0.37373,403.59952
2025-06-23 17:38:15+07:00,27.30000,71.90000,32.10000,38.60000,0.38108,403.44727
2025-06-23 17:39:04+07:00,27.30000,71.30000,32.20000,40.30000,0.38979,403.41177
2025-06-23 17:39:54+07:00,27.30000,71.20000,31.20000,38.50000,0.37252,403.37659
2025-06-23 17:40:43+07:00,27.20000,71.20000,31.70000,38.60000,0.39231,403.40472
2025-06-23 17:41:33+07:00,27.20000,71.10000,33.50000,41.90000,0.36173,403.34866
2025-06-23 17:42:22+07:00,27.20000,71.70000,33.20000,43.90000,0.38979,403.37659
2025-06-23 17:43:12+07:00,27.30000,72.10000,32.10000,40.40000,0.38979,403.34866
2025-06-23 17:44:01+07:00,27.30000,71.60000,34.10000,44.10000,0.38854,403.36960
2025-06-23 17:44:51+07:00,27.30000,71.30000,33.90000,43.10000,0.36292,403.41177
2025-06-23 17:45:40+07:00,27.30000,71.80000,33.40000,40.80000,0.36173,403.46152
2025-06-23 17:46:30+07:00,27.30000,71.30000,35.00000,44.00000,0.37617,403.31400
2025-06-23 17:47:19+07:00,27.30000,71.70000,33.80000,45.30000,0.38480,403.32782
2025-06-23 17:48:08+07:00,27.30000,71.40000,35.40000,46.30000,0.35234,403.27960
2025-06-23 17:48:58+07:00,27.30000,72.00000,36.40000,43.20000,0.39231,403.39767
2025-06-23 17:49:47+07:00,27.30000,71.60000,34.80000,46.30000,0.37495,403.36261
2025-06-23 17:50:37+07:00,27.30000,71.40000,35.10000,44.20000,0.37985,403.48303
2025-06-23 17:51:26+07:00,27.30000,71.30000,34.30000,42.30000,0.38729,403.39062
2025-06-23 17:52:16+07:00,27.30000,71.50000,33.00000,44.00000,0.37862,403.42593
2025-06-23 17:53:05+07:00,27.30000,71.10000,35.00000,42.80000,0.38108,403.39767
2025-06-23 17:53:55+07:00,27.30000,71.20000,35.50000,44.90000,0.37495,403.34171
2025-06-23 17:54:47+07:00,27.30000,71.60000,33.60000,45.30000,0.39994,403.36261
2025-06-23 17:55:37+07:00,27.30000,71.40000,35.70000,45.60000,0.38480,403.48303
2025-06-23 17:56:26+07:00,27.40000,71.80000,36.40000,46.50000,0.37862,403.40472
2025-06-23 17:57:16+07:00,27.40000,72.10000,33.90000,42.00000,0.38480,403.49744
2025-06-23 17:58:08+07:00,27.30000,71.20000,34.70000,41.20000,0.39357,403.41177
2025-06-23 17:58:58+07:00,27.40000,71.40000,35.20000,42.20000,0.40379,403.44012
2025-06-23 17:59:47+07:00,27.40000,71.20000,34.50000,42.30000,0.34887,403.43304
2025-06-23 18:00:36+07:00,27.40000,71.50000,35.80000,45.20000,0.38480,403.39062
2025-06-23 18:01:26+07:00,27.30000,71.40000,35.60000,42.80000,0.42083,403.44727
2025-06-23 18:02:15+07:00,27.30000,71.60000,34.80000,43.50000,0.39484,403.34171
2025-06-23 18:03:05+07:00,27.40000,71.70000,35.20000,44.30000,0.38480,403.34866
2025-06-23 18:03:54+07:00,27.40000,71.20000,35.40000,43.00000,0.39611,403.46869
2025-06-23 18:04:44+07:00,27.30000,71.40000,34.70000,44.90000,0.39105,403.31400
2025-06-23 18:05:36+07:00,27.20000,71.50000,36.60000,48.20000,0.38729,403.39062
2025-06-23 18:06:25+07:00,27.20000,71.70000,36.20000,46.30000,0.38604,403.38361
2025-06-23 18:07:15+07:00,27.30000,71.90000,35.90000,45.60000,0.37985,403.36261
2025-06-23 18:08:04+07:00,27.30000,72.10000,35.40000,42.20000,0.37617,403.49023
2025-06-23 18:08:54+07:00,27.30000,71.70000,34.40000,42.60000,0.36173,403.35562
2025-06-23 18:09:43+07:00,27.30000,71.90000,35.10000,43.60000,0.39357,403.46869
2025-06-23 18:10:33+07:00,27.40000,71.80000,34.30000,42.20000,0.39484,403.65146
2025-06-23 18:11:22+07:00,27.30000,71.90000,34.30000,43.70000,0.39231,403.19827
2025-06-23 18:12:12+07:00,27.30000,72.20000,33.90000,42.50000,0.39105,403.39767
2025-06-23 18:13:01+07:00,27.30000,72.10000,35.90000,46.60000,0.34200,403.59213
2025-06-23 18:13:51+07:00,27.30000,72.40000,35.80000,43.70000,0.37373,403.43304
2025-06-23 18:14:40+07:00,27.30000,72.50000,36.10000,45.50000,0.38356,403.41885
2025-06-23 18:15:29+07:00,27.30000,72.70000,36.10000,46.60000,0.39357,403.34171
2025-06-23 18:16:19+07:00,27.30000,72.80000,35.90000,43.70000,0.37010,403.41885
2025-06-23 18:17:08+07:00,27.20000,73.20000,35.70000,43.40000,0.39105,403.39767
2025-06-23 18:17:58+07:00,27.20000,73.30000,37.50000,44.90000,0.41290,403.52637
2025-06-23 18:18:47+07:00,27.20000,73.50000,36.60000,41.80000,0.40250,403.42593
2025-06-23 18:19:36+07:00,27.20000,73.50000,36.30000,43.30000,0.41553,403.46152
2025-06-23 18:20:26+07:00,27.20000,73.50000,37.00000,46.00000,0.36649,403.46152
2025-06-23 18:21:15+07:00,27.10000,73.80000,35.10000,43.00000,0.37862,403.36261
2025-06-23 18:22:04+07:00,27.00000,73.10000,36.10000,45.70000,0.38232,403.44012
2025-06-23 18:22:54+07:00,27.10000,73.20000,36.40000,50.10000,0.39866,403.47586
2025-06-23 18:23:43+07:00,27.10000,73.40000,36.50000,48.10000,0.37862,403.45438
2025-06-23 18:24:33+07:00,27.10000,73.80000,41.60000,57.70000,0.45513,403.54819
2025-06-23 18:25:22+07:00,27.20000,74.50000,41.60000,57.10000,0.40897,403.57745
2025-06-23 18:26:12+07:00,27.20000,74.90000,41.60000,58.80000,0.39231,403.78009
2025-06-23 18:27:01+07:00,27.10000,75.20000,43.90000,62.90000,0.42216,403.85745
2025-06-23 18:27:51+07:00,27.20000,75.30000,44.90000,63.40000,0.41421,403.96790
2025-06-23 18:28:40+07:00,27.30000,75.20000,42.80000,65.30000,0.43567,404.04022
2025-06-23 18:29:29+07:00,27.40000,74.50000,43.10000,61.80000,0.43430,404.04022
2025-06-23 18:30:21+07:00,27.50000,73.90000,44.10000,64.70000,0.44532,403.98389
2025-06-23 18:31:11+07:00,27.60000,74.30000,43.60000,62.30000,0.42752,404.01599
2025-06-23 18:32:00+07:00,27.60000,74.40000,47.20000,68.00000,0.44393,404.06458
2025-06-23 18:32:50+07:00,27.60000,74.70000,44.60000,67.70000,0.41421,404.08905
2025-06-23 18:33:39+07:00,27.60000,75.00000,44.80000,64.20000,0.46800,404.31464
2025-06-23 18:34:28+07:00,27.60000,74.70000,41.80000,58.40000,0.45513,404.11362
2025-06-23 18:35:18+07:00,27.60000,73.10000,41.60000,56.50000,0.46368,404.01599
2025-06-23 18:36:10+07:00,27.50000,72.70000,38.80000,51.80000,0.44951,403.88873
2025-06-23 18:37:00+07:00,27.40000,72.60000,39.60000,51.90000,0.44951,404.04022
2025-06-23 18:37:49+07:00,27.40000,72.80000,40.40000,55.10000,0.43978,403.92816
2025-06-23 18:38:38+07:00,27.40000,72.70000,41.40000,51.40000,0.43294,404.02405
2025-06-23 18:39:28+07:00,27.40000,72.70000,40.20000,53.90000,0.44116,403.74951
2025-06-23 18:40:17+07:00,27.40000,72.90000,39.50000,49.50000,0.44254,403.82635
2025-06-23 18:41:07+07:00,27.50000,73.20000,42.60000,57.00000,0.43567,403.82635
2025-06-23 18:41:57+07:00,27.50000,74.00000,41.50000,58.10000,0.42887,403.81088
2025-06-23 18:42:46+07:00,27.60000,73.50000,41.80000,60.10000,0.44671,403.99991
2025-06-23 18:43:35+07:00,27.70000,73.90000,46.90000,71.70000,0.46225,403.81860
2025-06-23 18:44:25+07:00,27.70000,75.20000,46.60000,64.90000,0.47089,404.12186
2025-06-23 18:45:15+07:00,27.60000,75.60000,46.20000,63.50000,0.46512,404.05646
2025-06-23 18:46:07+07:00,27.60000,74.80000,45.10000,62.30000,0.44811,403.83411
2025-06-23 18:46:57+07:00,27.70000,75.20000,45.90000,65.40000,0.46512,403.91235
2025-06-23 18:47:46+07:00,27.70000,75.20000,49.90000,74.40000,0.47089,404.78683
2025-06-23 18:48:36+07:00,27.70000,76.50000,50.50000,72.10000,0.58646,406.51126
2025-06-23 18:49:26+07:00,27.60000,76.70000,49.70000,71.00000,0.59164,405.82538
2025-06-23 18:50:17+07:00,27.50000,77.20000,52.00000,72.50000,0.60915,405.13098
2025-06-23 18:51:07+07:00,27.50000,77.70000,48.30000,68.90000,0.58302,404.64008
2025-06-23 18:51:56+07:00,27.40000,77.20000,47.90000,68.90000,0.54629,404.48816
2025-06-23 18:52:46+07:00,27.50000,77.30000,49.00000,69.70000,0.50674,404.32318
2025-06-23 18:53:35+07:00,27.60000,77.80000,51.50000,70.60000,0.49608,404.19644
2025-06-23 18:54:28+07:00,27.50000,78.10000,50.70000,70.60000,0.53658,404.11362
2025-06-23 18:55:17+07:00,27.40000,78.70000,50.50000,75.20000,0.56609,404.36612
2025-06-23 18:56:07+07:00,27.40000,78.60000,51.40000,75.10000,0.57113,404.47934
2025-06-23 18:56:56+07:00,27.40000,78.70000,51.40000,71.70000,0.53819,404.16315
2025-06-23 18:57:45+07:00,27.30000,78.80000,50.20000,71.00000,0.53178,403.99188
2025-06-23 18:58:35+07:00,27.40000,78.70000,52.00000,74.50000,0.50368,404.04834
2025-06-23 18:59:24+07:00,27.40000,78.90000,51.90000,76.10000,0.52228,404.13834
2025-06-23 19:00:14+07:00,27.40000,79.00000,49.80000,72.60000,0.52228,403.89661
2025-06-23 19:01:03+07:00,27.40000,79.10000,48.40000,69.10000,0.47089,404.08905
2025-06-23 19:01:53+07:00,27.40000,79.00000,50.60000,71.30000,0.49608,403.99991
2025-06-23 19:02:42+07:00,27.40000,78.70000,50.50000,77.00000,0.49457,403.90448
2025-06-23 19:03:32+07:00,27.40000,78.90000,50.30000,74.10000,0.51602,404.07272
2025-06-23 19:04:21+07:00,27.40000,79.00000,49.00000,69.20000,0.47820,404.00793
2025-06-23 19:05:11+07:00,27.40000,79.00000,48.40000,69.10000,0.47235,404.00793
2025-06-23 19:06:00+07:00,27.40000,79.00000,49.20000,70.50000,0.46944,403.92026
2025-06-23 19:06:50+07:00,27.40000,78.50000,46.60000,63.50000,0.45372,403.95197
2025-06-23 19:07:39+07:00,27.50000,76.80000,44.10000,63.00000,0.47235,404.04022
2025-06-23 19:08:28+07:00,27.60000,77.90000,46.40000,68.90000,0.47673,403.98389
2025-06-23 19:09:18+07:00,27.50000,78.50000,48.30000,63.90000,0.47527,403.81088
2025-06-23 19:10:07+07:00,27.40000,78.70000,44.90000,61.50000,0.46656,403.94400
2025-06-23 19:10:57+07:00,27.40000,78.70000,44.90000,60.20000,0.49006,403.90448
2025-06-23 19:11:46+07:00,27.40000,78.70000,43.40000,62.00000,0.44254,403.88873
2025-06-23 19:12:36+07:00,27.40000,78.80000,44.70000,59.80000,0.45939,403.91235
2025-06-23 19:13:26+07:00,27.30000,78.70000,44.40000,62.30000,0.47673,403.92816
2025-06-23 19:14:15+07:00,27.20000,78.80000,44.20000,60.40000,0.45513,403.88092
2025-06-23 19:15:05+07:00,27.20000,78.80000,43.10000,58.90000,0.46082,403.84967
2025-06-23 19:15:54+07:00,27.20000,78.80000,44.90000,58.90000,0.47967,403.86526
2025-06-23 19:16:44+07:00,27.20000,78.90000,41.40000,57.80000,0.46225,403.81088
2025-06-23 19:17:33+07:00,27.20000,78.90000,43.60000,60.90000,0.47673,403.88873
2025-06-23 19:18:22+07:00,27.20000,78.90000,42.70000,62.50000,0.45655,403.84189
2025-06-23 19:19:12+07:00,27.30000,78.60000,42.70000,60.20000,0.45797,403.98389
2025-06-23 19:20:01+07:00,27.20000,78.70000,45.50000,63.40000,0.45372,403.71912
2025-06-23 19:20:51+07:00,27.30000,78.40000,46.30000,65.90000,0.45797,403.98389
2025-06-23 19:21:41+07:00,27.40000,78.10000,45.00000,62.60000,0.44532,403.77243
2025-06-23 19:22:30+07:00,27.30000,78.40000,47.00000,65.00000,0.48707,403.79547
2025-06-23 19:23:20+07:00,27.30000,78.50000,49.70000,73.90000,0.45939,403.92816
2025-06-23 19:24:09+07:00,27.30000,78.50000,46.90000,69.40000,0.47527,403.88873
2025-06-23 19:25:00+07:00,27.30000,78.40000,49.60000,66.40000,0.47820,403.96790
2025-06-23 19:25:49+07:00,27.30000,78.50000,50.10000,70.90000,0.47527,403.87308
2025-06-23 19:26:39+07:00,27.30000,78.50000,51.10000,71.70000,0.47967,403.84189
2025-06-23 19:27:29+07:00,27.30000,78.70000,51.60000,71.50000,0.47967,404.04022
2025-06-23 19:28:31+07:00,27.20000,78.90000,51.70000,70.50000,0.46512,403.94400
2025-06-23 19:29:22+07:00,27.20000,79.00000,51.80000,71.60000,0.44951,403.95197
2025-06-23 19:30:13+07:00,27.20000,79.00000,53.20000,74.70000,0.44811,403.86526
2025-06-23 19:31:03+07:00,27.20000,78.90000,49.90000,70.80000,0.48856,404.01599
2025-06-23 19:31:53+07:00,27.20000,78.90000,52.00000,69.70000,0.48856,403.86526
2025-06-23 19:32:43+07:00,27.20000,78.70000,51.80000,73.00000,0.47820,403.89661
2025-06-23 19:33:33+07:00,27.30000,78.50000,51.70000,71.10000,0.42350,403.88873
2025-06-23 19:34:23+07:00,27.30000,78.40000,50.20000,66.00000,0.44254,404.02405
2025-06-23 19:35:12+07:00,27.40000,77.40000,48.60000,70.50000,0.47967,404.04834
2025-06-23 19:36:02+07:00,27.40000,77.20000,48.70000,66.70000,0.45372,403.92026
2025-06-23 19:36:52+07:00,27.40000,76.60000,44.50000,55.40000,0.47527,403.90448
2025-06-23 19:37:41+07:00,27.30000,75.50000,44.30000,56.60000,0.50215,403.81088
2025-06-23 19:38:33+07:00,27.30000,74.90000,44.60000,57.00000,0.45655,403.88873
2025-06-23 19:39:23+07:00,27.20000,74.70000,43.10000,55.50000,0.44671,403.74188
2025-06-23 19:40:12+07:00,27.30000,74.10000,45.00000,58.70000,0.46656,403.59213
2025-06-23 19:41:02+07:00,27.30000,74.00000,43.50000,57.40000,0.45513,403.68890
2025-06-23 19:41:51+07:00,27.30000,74.20000,42.10000,51.20000,0.42752,403.64401
2025-06-23 19:42:40+07:00,27.30000,73.80000,44.90000,57.60000,0.47381,403.65894
2025-06-23 19:43:30+07:00,27.30000,73.80000,46.20000,62.20000,0.43978,403.58478
2025-06-23 19:44:20+07:00,27.20000,74.10000,54.50000,65.50000,0.41950,403.51910
2025-06-23 19:45:10+07:00,27.30000,74.10000,52.60000,64.60000,0.43294,403.49023
2025-06-23 19:45:59+07:00,27.30000,73.90000,50.80000,62.80000,0.46225,403.61429
2025-06-23 19:46:53+07:00,27.30000,73.80000,76.90000,86.30000,0.41553,403.45438
2025-06-23 19:47:43+07:00,27.30000,74.10000,53.80000,69.80000,0.43567,403.49023
2025-06-23 19:48:32+07:00,27.20000,74.30000,51.80000,63.80000,0.42618,403.63657
2025-06-23 19:49:22+07:00,27.20000,74.80000,59.70000,74.50000,0.44116,403.51910
2025-06-23 19:50:11+07:00,27.20000,75.00000,93.80000,108.60000,0.43294,403.58478
2025-06-23 19:51:01+07:00,27.20000,75.10000,57.20000,74.50000,0.44532,403.67389
2025-06-23 19:51:51+07:00,27.20000,75.10000,63.40000,79.20000,0.42618,403.62912
2025-06-23 19:52:40+07:00,27.10000,75.00000,57.40000,74.00000,0.39994,403.60690
2025-06-23 19:53:30+07:00,27.20000,75.20000,90.40000,106.00000,0.43978,403.82635
2025-06-23 19:54:19+07:00,27.30000,74.90000,78.80000,97.70000,0.44116,403.72668
2025-06-23 19:55:09+07:00,27.20000,75.00000,67.70000,84.50000,0.42216,403.79547
2025-06-23 19:55:59+07:00,27.20000,75.20000,75.90000,94.40000,0.42618,403.68140
2025-06-23 19:56:48+07:00,27.10000,75.30000,58.60000,74.70000,0.35234,403.74951
2025-06-23 19:57:38+07:00,27.10000,75.20000,57.00000,75.20000,0.41817,403.75714
2025-06-23 19:58:27+07:00,27.10000,75.40000,50.90000,68.30000,0.44393,403.78778
2025-06-23 19:59:16+07:00,27.10000,75.50000,51.70000,70.20000,0.42752,403.78009
2025-06-23 20:00:06+07:00,27.10000,75.60000,51.80000,70.20000,0.42887,403.92816
2025-06-23 20:00:55+07:00,27.00000,75.60000,50.00000,66.10000,0.45372,403.89661
2025-06-23 20:01:45+07:00,27.10000,75.70000,49.80000,68.30000,0.41817,403.84967
2025-06-23 20:02:34+07:00,27.10000,75.80000,55.20000,76.10000,0.44254,403.88873
2025-06-23 20:03:24+07:00,27.20000,75.80000,55.70000,75.10000,0.42752,403.79547
2025-06-23 20:04:13+07:00,27.20000,75.80000,55.70000,74.70000,0.45655,403.79547
2025-06-23 20:05:03+07:00,27.20000,75.70000,64.50000,88.30000,0.44254,403.88873
2025-06-23 20:05:52+07:00,27.20000,75.70000,58.70000,76.60000,0.41685,403.78778
2025-06-23 20:06:42+07:00,27.20000,75.60000,60.60000,80.60000,0.43158,403.77243
2025-06-23 20:07:34+07:00,27.20000,75.60000,65.40000,85.10000,0.44811,403.80316
2025-06-23 20:08:24+07:00,27.20000,75.60000,83.50000,104.10000,0.43704,403.88873
2025-06-23 20:09:13+07:00,27.20000,75.60000,71.00000,88.80000,0.45797,403.84967
2025-06-23 20:10:03+07:00,27.20000,75.60000,64.20000,86.10000,0.41159,403.92026
2025-06-23 20:10:55+07:00,27.20000,75.70000,60.10000,77.20000,0.45091,403.84189
2025-06-23 20:11:44+07:00,27.10000,75.80000,61.10000,82.70000,0.45797,403.63657
2025-06-23 20:12:34+07:00,27.20000,75.80000,74.30000,96.30000,0.42752,404.23834
2025-06-23 20:13:23+07:00,27.20000,75.80000,68.40000,96.60000,0.44951,404.08087
2025-06-23 20:14:13+07:00,27.20000,76.00000,58.70000,82.30000,0.43430,403.91235
2025-06-23 20:15:02+07:00,27.10000,76.30000,65.60000,87.80000,0.46656,403.81088
2025-06-23 20:15:57+07:00,27.10000,76.00000,71.00000,93.20000,0.42887,403.92816
2025-06-23 20:16:47+07:00,27.10000,76.10000,60.50000,82.90000,0.45513,403.87308
2025-06-23 20:17:36+07:00,27.10000,76.10000,94.40000,115.90000,0.43841,403.88873
2025-06-23 20:18:26+07:00,27.10000,75.80000,69.00000,93.20000,0.46512,403.84189
2025-06-23 20:19:15+07:00,27.00000,75.80000,67.90000,90.40000,0.42083,403.92816
2025-06-23 20:20:05+07:00,27.00000,75.70000,53.30000,70.00000,0.44116,403.88873
2025-06-23 20:21:58+07:00,26.90000,76.00000,67.40000,89.50000,0.42887,403.80316
2025-06-23 20:22:48+07:00,27.00000,75.80000,69.90000,87.40000,0.44951,403.99188
2025-06-23 20:23:37+07:00,26.90000,76.00000,58.50000,77.70000,0.44811,403.80316
2025-06-23 20:24:26+07:00,27.00000,75.90000,68.60000,88.80000,0.43022,403.73428
2025-06-23 20:25:16+07:00,27.00000,75.90000,58.30000,81.20000,0.44393,403.78009
2025-06-23 20:26:05+07:00,27.00000,75.70000,63.50000,87.40000,0.44811,403.77243
2025-06-23 20:26:55+07:00,26.90000,75.60000,64.50000,87.40000,0.44951,403.92816
2025-06-23 20:27:44+07:00,26.90000,76.00000,60.60000,80.50000,0.42887,403.81860
2025-06-23 20:28:34+07:00,26.90000,75.90000,78.70000,99.20000,0.43294,403.72668
2025-06-23 20:29:23+07:00,27.00000,75.90000,62.70000,82.50000,0.43294,403.93607
2025-06-23 20:30:13+07:00,27.00000,75.60000,62.00000,81.10000,0.44393,403.90448
2025-06-23 20:31:02+07:00,26.90000,75.80000,73.40000,93.80000,0.42216,403.88873
2025-06-23 20:31:52+07:00,26.90000,75.70000,62.40000,81.70000,0.47820,403.76477
2025-06-23 20:32:41+07:00,26.90000,75.80000,75.20000,97.10000,0.44393,403.78778
2025-06-23 20:33:30+07:00,26.80000,76.00000,65.40000,90.30000,0.42887,403.86526
2025-06-23 20:34:20+07:00,26.80000,75.60000,61.20000,81.20000,0.45231,403.78009
2025-06-23 20:35:09+07:00,26.80000,75.70000,62.00000,84.40000,0.43841,403.65146
2025-06-23 20:35:59+07:00,26.80000,75.80000,66.10000,88.20000,0.45513,403.68890
2025-06-23 20:36:48+07:00,26.80000,76.10000,64.70000,86.50000,0.44116,403.65894
2025-06-23 20:37:37+07:00,26.80000,75.90000,79.70000,103.30000,0.44951,403.59952
2025-06-23 20:38:27+07:00,26.80000,75.80000,65.20000,88.60000,0.44116,403.82635
2025-06-23 20:39:16+07:00,26.80000,75.50000,57.10000,78.40000,0.44532,403.78009
2025-06-23 20:40:06+07:00,26.70000,75.60000,59.60000,82.80000,0.43841,403.63657
2025-06-23 20:40:55+07:00,26.60000,76.00000,53.50000,74.60000,0.43022,403.60690
2025-06-23 20:41:44+07:00,26.60000,76.10000,54.60000,76.30000,0.42752,403.54819
2025-06-23 20:42:34+07:00,26.50000,76.10000,61.50000,84.00000,0.41817,403.68140
2025-06-23 20:43:23+07:00,26.50000,76.00000,55.00000,75.90000,0.42350,403.66641
2025-06-23 20:44:13+07:00,26.60000,75.80000,65.90000,88.40000,0.42350,403.78009
2025-06-23 20:45:02+07:00,26.60000,75.70000,55.90000,73.90000,0.39484,403.71155
2025-06-23 20:45:51+07:00,26.60000,75.90000,54.20000,72.60000,0.42216,403.71912
2025-06-23 20:46:41+07:00,26.60000,76.10000,63.70000,87.00000,0.41290,403.70398
2025-06-23 20:47:30+07:00,26.60000,75.80000,68.50000,92.10000,0.43430,403.61429
2025-06-23 20:48:20+07:00,26.60000,76.00000,52.60000,70.40000,0.43022,403.69644
2025-06-23 20:49:09+07:00,26.60000,76.00000,65.90000,85.20000,0.43158,403.59213
2025-06-23 20:49:58+07:00,26.60000,76.10000,55.50000,73.80000,0.42350,403.54819
2025-06-23 20:50:48+07:00,26.50000,76.20000,54.60000,75.90000,0.39484,403.78778
2025-06-23 20:51:37+07:00,26.50000,76.10000,128.30000,158.20000,0.42483,403.55548
2025-06-23 20:52:27+07:00,26.50000,76.20000,67.90000,90.80000,0.41421,403.62170
2025-06-23 20:53:16+07:00,26.50000,76.00000,66.60000,87.20000,0.40508,403.76477
2025-06-23 20:54:06+07:00,26.50000,76.30000,73.60000,98.00000,0.43704,403.76477
2025-06-23 20:54:55+07:00,26.50000,76.20000,58.00000,80.70000,0.40379,403.74188
2025-06-23 20:55:44+07:00,26.50000,76.00000,60.00000,80.30000,0.40508,403.62912
2025-06-23 20:56:34+07:00,26.40000,76.30000,59.60000,80.30000,0.40767,403.88873
2025-06-23 20:57:23+07:00,26.40000,76.70000,78.50000,101.00000,0.39611,403.57745
2025-06-23 20:58:12+07:00,26.30000,76.90000,62.30000,85.10000,0.43704,403.72668
2025-06-23 20:59:02+07:00,26.40000,76.60000,70.90000,93.30000,0.42216,403.69644
2025-06-23 20:59:52+07:00,26.30000,76.70000,66.00000,89.20000,0.43158,403.82635
2025-06-23 21:00:44+07:00,26.40000,76.60000,57.40000,81.70000,0.40638,403.92026
2025-06-23 21:01:39+07:00,26.40000,76.60000,58.90000,85.30000,0.42350,403.70398
2025-06-23 21:05:30+07:00,26.40000,77.10000,58.00000,80.60000,0.40379,403.86526
2025-06-23 21:06:23+07:00,26.40000,77.30000,71.30000,96.30000,0.41028,403.52637
2025-06-23 21:07:13+07:00,26.40000,77.50000,55.10000,82.20000,0.40379,403.60690
2025-06-23 21:08:02+07:00,26.40000,77.60000,56.90000,76.50000,0.40767,403.54089
2025-06-23 21:08:51+07:00,26.40000,77.60000,52.40000,70.70000,0.40122,403.51910
2025-06-23 21:09:42+07:00,26.40000,77.70000,48.70000,63.50000,0.38232,403.57745
2025-06-23 21:10:32+07:00,26.40000,77.80000,49.50000,71.90000,0.39611,403.57010
2025-06-23 21:11:23+07:00,26.30000,78.00000,54.80000,75.90000,0.41553,403.48303
2025-06-23 21:12:12+07:00,26.30000,78.20000,49.80000,65.80000,0.40122,403.54089
2025-06-23 21:13:01+07:00,26.40000,78.40000,48.90000,66.30000,0.39866,403.40472
2025-06-23 21:13:54+07:00,26.40000,78.30000,51.00000,68.10000,0.41817,403.41177
2025-06-23 21:14:45+07:00,26.30000,78.50000,49.10000,65.70000,0.40767,403.44727
2025-06-23 21:15:36+07:00,26.30000,78.40000,60.70000,78.80000,0.39738,403.48303
2025-06-23 21:16:29+07:00,26.20000,78.60000,48.00000,66.50000,0.40508,403.59213
2025-06-23 21:17:19+07:00,26.20000,78.60000,70.40000,88.30000,0.38854,403.48303
2025-06-23 21:18:11+07:00,26.30000,78.60000,52.40000,72.80000,0.38729,403.46152
2025-06-23 21:19:00+07:00,26.30000,78.70000,55.10000,75.50000,0.40122,403.48303
2025-06-23 21:19:50+07:00,26.30000,78.80000,71.80000,96.20000,0.41159,403.47586
2025-06-23 21:20:39+07:00,26.30000,78.90000,63.10000,84.30000,0.40122,403.56277
2025-06-23 21:21:29+07:00,26.20000,79.20000,56.60000,81.70000,0.40767,403.54819
2025-06-23 21:22:18+07:00,26.10000,79.30000,90.60000,119.90000,0.39484,403.55548
2025-06-23 21:23:08+07:00,26.10000,79.50000,58.20000,81.80000,0.38356,403.45438
2025-06-23 21:23:57+07:00,26.10000,79.70000,56.50000,79.10000,0.36890,403.55548
2025-06-23 21:24:46+07:00,26.00000,79.70000,75.10000,99.50000,0.39738,403.46869
2025-06-23 21:25:36+07:00,26.10000,79.50000,65.80000,90.10000,0.38854,403.56277
2025-06-23 21:26:25+07:00,26.10000,79.60000,67.40000,88.10000,0.43022,403.58478
2025-06-23 21:27:15+07:00,26.10000,79.60000,86.80000,113.80000,0.40897,403.58478
2025-06-23 21:28:04+07:00,26.10000,79.40000,69.40000,96.70000,0.41950,403.67389
2025-06-23 21:28:53+07:00,26.20000,79.50000,61.20000,86.10000,0.40508,403.66641
2025-06-23 21:29:43+07:00,26.20000,79.50000,64.50000,89.80000,0.41159,403.59213
2025-06-23 21:30:32+07:00,26.20000,79.50000,63.00000,87.10000,0.40122,403.54819
2025-06-23 21:31:22+07:00,26.10000,79.70000,76.80000,101.00000,0.41553,403.66641
2025-06-23 21:32:11+07:00,26.20000,79.60000,62.80000,84.60000,0.40379,403.63657
2025-06-23 21:33:01+07:00,26.10000,79.80000,71.30000,93.20000,0.41817,403.65146
2025-06-23 21:33:50+07:00,26.10000,79.90000,58.10000,82.10000,0.42216,403.67389
2025-06-23 21:34:39+07:00,26.00000,80.10000,86.40000,111.70000,0.40122,403.69644
2025-06-23 21:35:29+07:00,26.10000,80.10000,60.50000,83.50000,0.41817,403.75714
2025-06-23 21:36:18+07:00,26.10000,80.10000,55.50000,76.30000,0.42083,403.68890
2025-06-23 21:37:07+07:00,26.10000,80.20000,65.10000,87.80000,0.41685,403.65894
2025-06-23 21:37:57+07:00,26.00000,80.40000,63.00000,83.60000,0.40508,403.63657
2025-06-23 21:38:46+07:00,26.00000,80.50000,68.30000,90.40000,0.39611,403.56277
2025-06-23 21:39:36+07:00,26.10000,80.40000,56.30000,74.50000,0.40767,403.66641
2025-06-23 21:40:25+07:00,26.00000,80.50000,55.50000,73.70000,0.40508,403.46152
2025-06-23 21:41:15+07:00,26.00000,80.40000,60.50000,85.50000,0.41028,403.67389
2025-06-23 21:42:04+07:00,26.00000,80.30000,92.60000,114.50000,0.39484,403.68140
2025-06-23 21:42:53+07:00,26.00000,80.30000,56.50000,76.60000,0.38356,403.63657
2025-06-23 21:43:46+07:00,26.10000,80.50000,61.90000,85.40000,0.40638,403.66641
2025-06-23 21:44:36+07:00,26.00000,80.50000,68.80000,93.00000,0.42350,403.68890
2025-06-23 21:45:25+07:00,26.00000,80.60000,60.40000,83.20000,0.42083,403.57745
2025-06-23 21:46:14+07:00,26.00000,80.60000,72.90000,98.40000,0.41817,403.64401
2025-06-23 21:47:04+07:00,26.00000,80.60000,75.20000,102.70000,0.41817,403.66641
2025-06-23 21:47:53+07:00,26.00000,80.40000,73.60000,95.30000,0.39994,403.59952
2025-06-23 21:48:43+07:00,26.00000,80.40000,74.80000,101.70000,0.42887,403.42593
2025-06-23 21:49:32+07:00,26.00000,80.70000,79.10000,105.70000,0.41685,403.68140
2025-06-23 21:50:22+07:00,26.00000,80.80000,75.20000,100.00000,0.41290,403.82635
2025-06-23 21:51:12+07:00,26.00000,80.70000,73.00000,105.30000,0.39357,403.66641
2025-06-23 21:52:01+07:00,26.00000,81.00000,67.00000,90.80000,0.42618,403.71155
2025-06-23 21:52:50+07:00,26.00000,81.00000,83.40000,108.20000,0.39231,403.69644
2025-06-23 21:53:40+07:00,26.00000,81.00000,59.00000,80.60000,0.41028,403.78778
2025-06-23 21:54:29+07:00,26.00000,80.60000,55.80000,78.20000,0.41028,403.74188
2025-06-23 21:55:19+07:00,26.00000,80.70000,82.20000,107.40000,0.40122,403.93607
2025-06-23 21:56:08+07:00,25.90000,80.90000,74.80000,99.10000,0.41685,403.72668
2025-06-23 21:56:57+07:00,25.90000,81.30000,100.90000,126.70000,0.39738,403.65146
2025-06-23 21:57:47+07:00,25.90000,81.10000,89.40000,114.40000,0.41685,403.74951
2025-06-23 21:58:36+07:00,25.90000,80.90000,99.50000,129.00000,0.41159,403.56277
2025-06-23 21:59:28+07:00,26.00000,80.80000,118.10000,148.89999,0.39994,403.65894
2025-06-23 22:00:18+07:00,26.00000,80.80000,115.00000,152.10001,0.40638,403.80316
2025-06-23 22:01:08+07:00,26.00000,80.60000,122.40000,167.50000,0.42752,403.85745
2025-06-23 22:02:00+07:00,26.00000,80.90000,129.89999,171.20000,0.42752,403.74188
2025-06-23 22:02:49+07:00,26.00000,80.70000,132.80000,180.00000,0.43294,403.88092
2025-06-23 22:03:41+07:00,26.10000,80.70000,121.20000,164.00000,0.42752,403.75714
2025-06-23 22:04:30+07:00,26.00000,80.90000,107.90000,150.80000,0.43567,403.83411
2025-06-23 22:05:20+07:00,26.10000,80.80000,98.00000,135.20000,0.44116,403.84189
2025-06-23 22:06:11+07:00,26.10000,80.60000,112.20000,151.10001,0.42350,403.80316
2025-06-23 22:07:07+07:00,26.00000,80.70000,128.30000,169.20000,0.42350,403.80316
2025-06-23 22:07:59+07:00,26.00000,80.80000,120.30000,156.30000,0.43704,403.77243
2025-06-23 22:08:58+07:00,26.00000,80.80000,116.40000,151.20000,0.42350,403.81860
2025-06-23 22:09:47+07:00,26.00000,80.80000,117.60000,150.89999,0.43978,403.60690
2025-06-23 22:10:37+07:00,26.00000,80.80000,125.20000,158.10001,0.47967,403.88873
2025-06-23 22:11:29+07:00,26.00000,80.80000,127.70000,165.39999,0.41159,403.82635
2025-06-23 22:12:18+07:00,26.00000,80.90000,129.70000,167.70000,0.43567,403.86526
2025-06-23 22:13:08+07:00,26.00000,81.00000,132.20000,166.70000,0.44254,403.85745
2025-06-23 22:13:57+07:00,26.00000,81.10000,130.30000,169.10001,0.44951,403.74951
2025-06-23 22:14:47+07:00,26.00000,81.00000,129.20000,167.30000,0.41685,403.74951
2025-06-23 22:15:36+07:00,26.10000,80.80000,112.80000,148.00000,0.43294,403.78009
2025-06-23 22:16:26+07:00,26.10000,80.70000,118.50000,158.30000,0.44532,403.78778
2025-06-23 22:17:15+07:00,26.00000,80.80000,128.39999,164.70000,0.44116,403.81860
2025-06-23 22:18:05+07:00,26.00000,80.70000,136.50000,180.00000,0.41421,403.75714
2025-06-23 22:18:54+07:00,26.00000,80.60000,111.40000,147.60001,0.44393,403.84189
2025-06-23 22:19:44+07:00,26.10000,80.40000,110.40000,148.50000,0.44254,403.88092
2025-06-23 22:20:34+07:00,26.10000,80.40000,95.70000,126.30000,0.44951,403.93607
2025-06-23 22:21:23+07:00,26.10000,80.20000,73.10000,101.00000,0.43567,403.80316
2025-06-23 22:22:13+07:00,26.10000,80.40000,72.60000,101.10000,0.46368,403.86526
2025-06-23 22:23:02+07:00,26.10000,80.40000,79.40000,107.60000,0.44393,403.88092
2025-06-23 22:23:52+07:00,26.10000,80.00000,75.90000,100.70000,0.44393,403.83411
2025-06-23 22:24:41+07:00,26.20000,80.30000,67.20000,91.90000,0.45231,403.90448
2025-06-23 22:25:31+07:00,26.10000,80.50000,62.70000,86.50000,0.43567,403.81088
2025-06-23 22:26:20+07:00,26.00000,80.80000,96.50000,121.90000,0.44116,403.71912
2025-06-23 22:27:10+07:00,26.10000,80.50000,78.50000,99.20000,0.43704,403.87308
2025-06-23 22:27:59+07:00,26.10000,80.60000,72.10000,100.70000,0.43430,403.78778
2025-06-23 22:28:49+07:00,26.10000,80.50000,66.30000,89.70000,0.43841,403.88873
2025-06-23 22:29:38+07:00,26.20000,80.40000,71.80000,100.70000,0.46368,403.85745
2025-06-23 22:30:28+07:00,26.20000,80.40000,69.00000,98.20000,0.45091,403.78778
2025-06-23 22:31:17+07:00,26.10000,80.60000,70.70000,99.10000,0.43841,403.80316
2025-06-23 22:32:07+07:00,26.10000,80.90000,77.00000,110.50000,0.42483,403.85745
2025-06-23 22:32:56+07:00,26.10000,80.90000,78.00000,109.60000,0.43022,403.88092
2025-06-23 22:33:46+07:00,26.20000,80.80000,71.40000,98.00000,0.45231,403.87308
2025-06-23 22:34:35+07:00,26.20000,80.70000,74.10000,103.00000,0.43022,403.81860
2025-06-23 22:35:25+07:00,26.20000,80.80000,73.50000,98.40000,0.44532,403.85745
2025-06-23 22:36:14+07:00,26.20000,80.70000,80.50000,108.80000,0.41028,403.85745
2025-06-23 22:37:04+07:00,26.20000,80.50000,68.00000,94.30000,0.44393,403.90448
2025-06-23 22:37:53+07:00,26.20000,80.80000,69.00000,98.80000,0.45513,403.81088
2025-06-23 22:38:42+07:00,26.10000,80.90000,65.30000,89.70000,0.44532,403.82635
2025-06-23 22:39:32+07:00,26.00000,81.20000,67.00000,92.00000,0.44811,403.83411
2025-06-23 22:40:21+07:00,26.00000,81.30000,63.90000,89.70000,0.42887,403.54819
2025-06-23 22:41:11+07:00,25.90000,81.70000,63.80000,93.70000,0.43841,403.65146
2025-06-23 22:42:00+07:00,25.90000,81.80000,62.80000,88.10000,0.44671,403.69644
2025-06-23 22:42:50+07:00,25.90000,82.10000,63.70000,84.60000,0.43158,403.68140
2025-06-23 22:43:39+07:00,25.80000,82.20000,61.90000,83.80000,0.43022,403.51187
2025-06-23 22:44:29+07:00,25.80000,82.20000,62.30000,90.10000,0.41685,403.43304
2025-06-23 22:45:18+07:00,25.80000,82.20000,71.80000,99.10000,0.43022,403.59952
2025-06-23 22:46:08+07:00,25.90000,81.80000,61.40000,88.00000,0.42216,403.62912
2025-06-23 22:46:57+07:00,25.90000,82.00000,61.90000,89.10000,0.42752,403.61429
2025-06-23 22:47:46+07:00,25.90000,81.90000,62.20000,90.20000,0.41553,403.50464
2025-06-23 22:48:36+07:00,25.90000,82.00000,63.10000,89.90000,0.43158,403.60690
2025-06-23 22:49:25+07:00,25.90000,81.90000,62.50000,93.20000,0.42216,403.61429
2025-06-23 22:50:15+07:00,25.80000,82.10000,63.80000,90.90000,0.42618,403.52637
2025-06-23 22:51:04+07:00,25.90000,82.00000,69.50000,96.20000,0.40767,403.74951
2025-06-23 22:51:54+07:00,26.00000,81.90000,72.60000,102.70000,0.41817,403.53363
2025-06-23 22:52:43+07:00,26.00000,81.80000,67.00000,96.70000,0.42083,403.59213
2025-06-23 22:53:33+07:00,26.00000,81.90000,68.10000,97.50000,0.41421,403.74951
2025-06-23 22:54:22+07:00,26.00000,81.90000,70.30000,101.40000,0.42752,403.57010
2025-06-23 22:55:12+07:00,26.00000,81.90000,69.90000,100.00000,0.42483,403.62912
2025-06-23 22:56:01+07:00,26.10000,81.80000,72.20000,101.80000,0.43567,403.34171
2025-06-23 22:56:50+07:00,26.10000,81.70000,75.40000,110.10000,0.41685,403.64401
2025-06-23 22:57:40+07:00,26.10000,81.60000,75.20000,113.40000,0.43294,403.62912
2025-06-23 22:58:29+07:00,26.10000,81.70000,75.80000,110.90000,0.40767,403.53363
2025-06-23 22:59:19+07:00,26.00000,81.90000,73.50000,111.10000,0.41553,403.71912
2025-06-23 23:00:08+07:00,26.00000,81.80000,76.50000,117.60000,0.41685,403.62170
2025-06-23 23:00:57+07:00,26.00000,81.90000,77.40000,112.50000,0.41817,403.68140
2025-06-23 23:01:47+07:00,26.00000,81.70000,74.20000,112.30000,0.42216,403.66641
2025-06-23 23:02:36+07:00,26.10000,81.60000,71.70000,102.50000,0.42887,403.57010
2025-06-23 23:03:25+07:00,26.10000,81.50000,71.80000,108.00000,0.44951,403.78009
2025-06-23 23:04:16+07:00,26.00000,81.50000,73.80000,110.60000,0.41553,403.74188
2025-06-23 23:05:06+07:00,26.00000,81.60000,74.00000,111.00000,0.41421,403.62912
2025-06-23 23:05:55+07:00,25.90000,81.80000,76.10000,112.10000,0.41553,403.72668
2025-06-23 23:06:45+07:00,25.90000,82.00000,82.60000,118.50000,0.42618,403.68890
2025-06-23 23:07:35+07:00,26.00000,81.20000,109.30000,140.60001,0.40897,403.70398
2025-06-23 23:08:24+07:00,26.20000,80.90000,130.80000,155.70000,0.37617,403.63657
2025-06-23 23:09:13+07:00,26.40000,79.90000,110.70000,141.89999,0.61986,403.81860
2025-06-23 23:10:03+07:00,26.40000,79.50000,94.50000,121.80000,0.47381,404.34891
2025-06-23 23:10:52+07:00,26.70000,79.80000,126.90000,150.00000,0.59860,404.74057
2025-06-23 23:11:42+07:00,26.80000,77.70000,76.90000,109.00000,0.79004,405.57883
2025-06-23 23:12:31+07:00,26.70000,78.90000,72.00000,102.80000,0.85268,405.91321
2025-06-23 23:13:20+07:00,26.50000,79.70000,72.70000,100.30000,0.85962,406.17187
2025-06-23 23:14:10+07:00,26.30000,80.30000,75.10000,102.70000,0.93890,406.60754
2025-06-23 23:14:59+07:00,26.20000,80.80000,72.00000,98.60000,1.03455,406.97925
2025-06-23 23:15:49+07:00,26.10000,81.10000,71.10000,100.30000,0.91673,406.53522
2025-06-23 23:16:38+07:00,26.00000,81.40000,73.00000,101.30000,0.99229,406.65613
2025-06-23 23:17:27+07:00,26.00000,81.40000,73.30000,101.30000,0.98452,406.32214
2025-06-23 23:18:16+07:00,26.00000,81.20000,73.40000,100.10000,0.91673,406.41611
2025-06-23 23:19:06+07:00,26.00000,81.30000,68.90000,97.30000,0.94889,405.93536
2025-06-23 23:19:55+07:00,26.00000,81.20000,75.50000,110.30000,0.94139,406.42795
2025-06-23 23:20:45+07:00,26.00000,81.20000,73.70000,102.20000,0.89258,406.49930
2025-06-23 23:21:34+07:00,25.90000,81.40000,72.40000,103.50000,0.85962,406.47543
2025-06-23 23:22:24+07:00,26.00000,81.40000,72.30000,101.60000,0.92900,406.06958
2025-06-23 23:23:13+07:00,26.00000,81.20000,74.20000,105.80000,0.88543,406.36899
2025-06-23 23:24:03+07:00,26.00000,81.10000,72.60000,101.30000,0.96657,406.40430
2025-06-23 23:24:52+07:00,26.00000,81.30000,72.30000,104.30000,0.94889,406.14902
2025-06-23 23:25:41+07:00,26.00000,81.10000,72.00000,103.60000,0.98194,406.12622
2025-06-23 23:26:31+07:00,26.00000,81.20000,72.70000,101.80000,0.92653,406.34552
2025-06-23 23:27:20+07:00,25.90000,81.40000,72.50000,102.90000,0.98452,406.17187
2025-06-23 23:28:10+07:00,25.90000,81.50000,69.50000,99.10000,0.87128,406.40430
2025-06-23 23:28:59+07:00,25.90000,81.50000,71.30000,101.10000,0.90459,406.43979
2025-06-23 23:29:48+07:00,25.90000,81.60000,75.10000,104.40000,0.94889,406.48737
2025-06-23 23:30:38+07:00,25.80000,81.70000,73.50000,103.20000,0.98969,406.17187
2025-06-23 23:31:27+07:00,25.80000,81.70000,72.60000,102.80000,0.94889,406.81610
2025-06-23 23:32:17+07:00,25.90000,81.60000,73.30000,104.10000,1.00010,406.20627
2025-06-23 23:33:06+07:00,25.80000,81.70000,71.50000,104.30000,0.90459,406.39252
2025-06-23 23:33:55+07:00,25.80000,81.90000,74.50000,105.90000,0.90943,405.90219
2025-06-23 23:34:45+07:00,25.80000,81.90000,74.30000,106.40000,0.92162,406.19479
2025-06-23 23:35:34+07:00,25.80000,81.90000,70.90000,102.40000,0.89258,406.36899
2025-06-23 23:36:32+07:00,25.80000,81.90000,73.90000,107.20000,0.92162,406.17187
2025-06-23 23:37:24+07:00,25.80000,81.90000,73.60000,107.70000,0.90701,406.61966
2025-06-23 23:38:13+07:00,25.80000,81.90000,72.20000,102.10000,0.92407,406.05829
2025-06-23 23:39:03+07:00,25.80000,81.80000,72.80000,105.30000,0.97423,406.12622
2025-06-23 23:39:52+07:00,25.80000,81.60000,70.00000,100.10000,0.89737,406.09216
2025-06-23 23:40:41+07:00,25.80000,81.70000,70.70000,99.20000,0.89019,406.36899
2025-06-23 23:41:31+07:00,25.80000,81.70000,71.00000,99.90000,0.89258,406.02457
2025-06-23 23:42:21+07:00,25.80000,81.80000,71.10000,100.70000,0.96403,406.11487
2025-06-23 23:43:10+07:00,25.80000,81.90000,71.10000,99.60000,0.97423,406.09216
2025-06-23 23:44:53+07:00,25.80000,82.00000,69.50000,100.80000,0.89019,406.25241
2025-06-23 23:45:43+07:00,25.70000,82.10000,71.50000,102.00000,0.89737,406.31049
2025-06-23 23:46:38+07:00,25.70000,82.10000,71.50000,104.30000,0.95896,405.95755
2025-06-23 23:47:28+07:00,25.70000,82.20000,69.60000,100.40000,0.85962,405.85818
2025-06-23 23:48:17+07:00,25.70000,82.10000,70.70000,99.30000,0.91429,406.33383
2025-06-23 23:49:13+07:00,25.80000,82.20000,73.20000,103.60000,0.88306,406.34552
2025-06-23 23:51:02+07:00,25.70000,82.20000,73.00000,107.60000,0.90459,406.10352
2025-06-23 23:51:52+07:00,25.80000,82.20000,75.70000,106.50000,0.94639,405.88016
2025-06-23 23:52:41+07:00,25.70000,82.20000,71.30000,99.80000,0.90943,406.34552
2025-06-23 23:53:30+07:00,25.70000,82.30000,74.50000,108.70000,0.92653,406.29883
2025-06-23 23:54:20+07:00,25.70000,82.20000,71.50000,100.70000,0.88306,406.36899
2025-06-23 23:55:09+07:00,25.70000,82.30000,72.30000,99.60000,0.91917,405.90219
2025-06-23 23:56:02+07:00,25.70000,82.30000,71.00000,100.90000,0.90459,406.57129
2025-06-23 23:56:54+07:00,25.70000,82.30000,72.30000,98.80000,0.96657,406.08087
2025-06-23 23:57:44+07:00,25.80000,81.90000,70.40000,98.90000,0.88543,406.09216
2025-06-23 23:58:33+07:00,25.80000,81.80000,69.70000,97.50000,0.95140,406.35724
2025-06-23 23:59:22+07:00,25.80000,81.80000,67.70000,98.90000,0.92162,406.32214
2025-06-24 00:00:15+07:00,25.80000,81.70000,67.70000,94.40000,0.93642,406.21777
2025-06-24 00:01:08+07:00,25.90000,81.50000,67.80000,94.00000,0.94389,406.08087
2025-06-24 00:01:57+07:00,25.80000,81.40000,67.80000,97.10000,0.90459,405.83630
2025-06-24 00:02:47+07:00,25.80000,81.60000,68.00000,95.60000,0.95140,406.29883
2025-06-24 00:03:40+07:00,25.80000,81.60000,63.40000,88.90000,0.92653,406.06958
2025-06-24 00:04:30+07:00,25.70000,81.90000,66.10000,92.50000,0.89258,405.94644
2025-06-24 00:05:19+07:00,25.70000,82.00000,67.60000,94.50000,0.95392,405.73862
2025-06-24 00:06:09+07:00,25.70000,81.90000,67.80000,96.80000,0.94139,406.28720
2025-06-24 00:06:58+07:00,25.70000,81.90000,67.90000,95.00000,0.89497,406.26398
2025-06-24 00:07:48+07:00,25.70000,81.90000,69.20000,96.70000,0.91673,405.80359
2025-06-24 00:08:37+07:00,25.70000,81.90000,66.50000,91.40000,0.91429,405.92429
2025-06-24 00:09:26+07:00,25.70000,81.70000,64.90000,93.80000,0.91673,405.79272
2025-06-24 00:10:16+07:00,25.70000,81.80000,66.20000,90.80000,0.95140,406.36899
2025-06-24 00:11:06+07:00,25.70000,81.80000,66.50000,91.70000,0.95644,406.06958
2025-06-24 00:11:55+07:00,25.70000,81.70000,63.50000,90.10000,0.93394,405.89117
2025-06-24 00:12:44+07:00,25.70000,81.70000,63.60000,87.80000,0.86894,405.99097
2025-06-24 00:13:34+07:00,25.60000,81.90000,62.90000,89.00000,0.91673,405.93536
2025-06-24 00:14:23+07:00,25.60000,82.00000,63.30000,88.00000,0.94389,405.79272
2025-06-24 00:15:12+07:00,25.60000,82.00000,68.20000,98.90000,0.95392,405.89117
2025-06-24 00:16:02+07:00,25.60000,81.90000,67.10000,93.30000,0.87128,405.81448
2025-06-24 00:16:51+07:00,25.60000,82.00000,66.30000,95.10000,0.92900,406.13760
2025-06-24 00:17:41+07:00,25.60000,82.00000,73.20000,103.60000,0.92162,405.65292
2025-06-24 00:18:31+07:00,25.60000,82.40000,73.80000,104.30000,0.93642,406.05829
2025-06-24 00:19:21+07:00,25.60000,83.00000,80.30000,111.80000,0.94889,405.83630
2025-06-24 00:20:10+07:00,25.60000,83.20000,80.90000,114.20000,0.99489,405.95755
2025-06-24 00:20:59+07:00,25.60000,83.50000,80.30000,114.80000,0.90701,405.95755
2025-06-24 00:21:52+07:00,25.60000,83.60000,75.00000,102.10000,0.91673,406.05829
2025-06-24 00:22:41+07:00,25.60000,83.50000,76.30000,105.00000,0.93890,405.96866
2025-06-24 00:23:30+07:00,25.60000,83.30000,74.10000,103.40000,0.93890,406.32214
2025-06-24 00:24:20+07:00,25.50000,83.40000,71.20000,105.20000,0.95896,405.82538
2025-06-24 00:25:09+07:00,25.50000,83.40000,74.40000,107.00000,0.89977,405.83630
2025-06-24 00:25:58+07:00,25.50000,83.30000,77.00000,109.40000,0.89977,405.80359
2025-06-24 00:26:48+07:00,25.50000,83.30000,73.20000,99.20000,0.89258,406.22931
2025-06-24 00:27:37+07:00,25.50000,83.40000,74.80000,104.10000,0.82537,405.90219
2025-06-24 00:28:27+07:00,25.50000,83.20000,88.50000,129.20000,0.91917,406.00214
2025-06-24 00:29:16+07:00,25.50000,83.10000,87.30000,127.60000,0.93642,405.97983
2025-06-24 00:30:06+07:00,25.50000,83.10000,85.10000,128.39999,0.77069,405.72784
2025-06-24 00:30:55+07:00,25.50000,83.00000,81.30000,117.30000,0.90943,406.00214
2025-06-24 00:31:44+07:00,25.50000,83.00000,81.50000,120.70000,0.93146,406.06958
2025-06-24 00:32:34+07:00,25.50000,82.90000,79.50000,115.60000,0.88543,405.91321
2025-06-24 00:33:26+07:00,25.50000,82.90000,77.70000,113.20000,0.89497,405.84723
2025-06-24 00:34:15+07:00,25.50000,82.80000,74.30000,112.90000,0.94639,405.97983
2025-06-24 00:35:04+07:00,25.50000,82.90000,72.50000,101.90000,0.95896,405.97983
2025-06-24 00:35:54+07:00,25.50000,82.60000,69.80000,100.00000,0.96403,405.97983
2025-06-24 00:36:43+07:00,25.60000,82.30000,70.20000,96.10000,0.95896,405.90219
2025-06-24 00:37:32+07:00,25.50000,82.30000,70.60000,98.20000,0.90943,405.92429
2025-06-24 00:38:22+07:00,25.50000,82.40000,73.80000,102.70000,0.93394,405.80359
2025-06-24 00:39:11+07:00,25.50000,82.30000,73.50000,107.00000,0.93394,405.92429
2025-06-24 00:40:05+07:00,25.60000,82.10000,76.00000,107.90000,0.89019,406.11487
2025-06-24 00:40:54+07:00,25.60000,81.90000,80.10000,114.40000,0.89977,405.81448
2025-06-24 00:41:44+07:00,25.60000,81.90000,77.50000,110.90000,0.95896,405.97983
2025-06-24 00:42:41+07:00,25.50000,82.10000,77.20000,110.40000,0.89497,405.64230
2025-06-24 00:43:32+07:00,25.50000,82.40000,85.30000,134.00000,0.90459,405.80359
2025-06-24 00:44:26+07:00,25.50000,82.50000,89.40000,140.50000,0.87598,405.95755
2025-06-24 00:45:16+07:00,25.40000,82.50000,92.90000,149.60001,0.89019,405.80359
2025-06-24 00:46:05+07:00,25.40000,82.50000,95.10000,151.60001,0.92407,405.83630
2025-06-24 00:46:55+07:00,25.40000,82.50000,94.30000,151.80000,0.88781,406.13760
2025-06-24 00:47:44+07:00,25.40000,82.60000,99.60000,167.00000,0.96657,405.82538
2025-06-24 00:48:33+07:00,25.40000,82.40000,109.80000,183.00000,0.85962,405.92429
2025-06-24 00:49:23+07:00,25.40000,82.50000,117.30000,204.10001,0.93642,406.31049
2025-06-24 00:50:12+07:00,25.40000,82.40000,114.40000,192.60001,0.93890,406.28720
2025-06-24 00:51:02+07:00,25.50000,82.10000,110.40000,187.70000,0.93146,406.06958
2025-06-24 00:51:51+07:00,25.40000,82.20000,108.60000,182.60001,0.93890,406.29883
2025-06-24 00:52:40+07:00,25.40000,82.30000,107.40000,183.70000,0.89977,406.12622
2025-06-24 00:53:30+07:00,25.40000,82.40000,118.20000,208.10001,0.93890,406.10352
2025-06-24 00:54:19+07:00,25.40000,82.50000,110.90000,199.20000,0.92900,406.35724
2025-06-24 00:55:08+07:00,25.40000,82.50000,112.70000,197.89999,0.91673,405.97983
2025-06-24 00:55:58+07:00,25.40000,82.60000,98.90000,171.00000,0.96912,406.11487
2025-06-24 00:56:47+07:00,25.40000,82.70000,88.10000,141.50000,0.94639,406.53522
2025-06-24 00:57:39+07:00,25.40000,82.80000,83.70000,126.40000,0.93394,406.17187
2025-06-24 00:58:29+07:00,25.30000,82.90000,78.60000,119.90000,0.92653,406.09216
2025-06-24 00:59:18+07:00,25.30000,83.10000,76.70000,112.00000,0.98969,406.18332
2025-06-24 01:00:08+07:00,25.30000,83.00000,73.90000,109.20000,0.94389,406.36899
2025-06-24 01:00:57+07:00,25.30000,82.80000,74.60000,109.30000,0.94389,406.17187
2025-06-24 01:01:46+07:00,25.40000,82.70000,73.00000,104.30000,0.94639,406.36899
2025-06-24 01:02:36+07:00,25.40000,82.80000,73.70000,108.40000,0.93642,406.36899
2025-06-24 01:03:25+07:00,25.40000,82.80000,71.30000,102.20000,0.95644,406.05829
2025-06-24 01:04:15+07:00,25.40000,82.90000,72.00000,100.50000,0.96403,406.16043
2025-06-24 01:05:07+07:00,25.40000,82.90000,75.50000,109.00000,0.95896,406.25241
2025-06-24 01:06:01+07:00,25.40000,82.80000,71.20000,104.10000,0.93642,406.06958
2025-06-24 01:06:50+07:00,25.40000,82.90000,74.20000,109.80000,0.95644,406.32214
2025-06-24 01:07:40+07:00,25.40000,82.90000,73.50000,108.10000,0.92407,406.11487
2025-06-24 01:08:29+07:00,25.40000,83.00000,74.20000,110.70000,0.91186,405.92429
2025-06-24 01:09:18+07:00,25.30000,83.00000,75.40000,110.10000,0.93394,406.31049
2025-06-24 01:10:08+07:00,25.30000,83.30000,74.30000,109.70000,0.92653,406.02457
2025-06-24 01:10:57+07:00,25.30000,83.00000,75.40000,111.40000,0.95644,406.04703
2025-06-24 01:11:46+07:00,25.30000,82.90000,76.10000,113.60000,0.95896,406.36899
2025-06-24 01:12:36+07:00,25.40000,82.80000,76.40000,110.80000,0.91917,405.89117
2025-06-24 01:13:26+07:00,25.40000,82.80000,75.30000,109.00000,0.91429,406.35724
2025-06-24 01:14:15+07:00,25.40000,82.50000,76.60000,115.90000,0.90701,405.94644
2025-06-24 01:15:08+07:00,25.40000,82.60000,76.90000,114.30000,0.89019,405.82538
2025-06-24 01:15:57+07:00,25.30000,83.00000,74.20000,109.90000,0.88781,406.27557
2025-06-24 01:16:47+07:00,25.30000,82.90000,73.90000,108.70000,0.93394,406.09216
2025-06-24 01:17:36+07:00,25.20000,82.80000,75.20000,108.60000,0.86660,406.13760
2025-06-24 01:18:25+07:00,25.20000,83.00000,76.40000,115.00000,0.96149,406.03577
2025-06-24 01:19:15+07:00,25.20000,82.90000,79.20000,122.20000,0.96657,406.29883
2025-06-24 01:20:04+07:00,25.20000,83.00000,82.00000,128.50000,0.94139,406.04703
2025-06-24 01:20:54+07:00,25.20000,83.00000,88.00000,142.30000,0.97936,406.10352
2025-06-24 01:21:43+07:00,25.10000,83.20000,89.60000,138.70000,0.90701,406.36899
2025-06-24 01:22:33+07:00,25.10000,83.30000,88.10000,139.70000,0.88543,406.36899
2025-06-24 01:23:22+07:00,25.20000,83.20000,93.40000,145.00000,0.95140,406.38074
2025-06-24 01:24:12+07:00,25.20000,83.10000,97.20000,153.39999,0.95644,406.11487
2025-06-24 01:25:01+07:00,25.20000,83.10000,101.70000,171.50000,0.95392,406.22931
2025-06-24 01:25:50+07:00,25.20000,83.10000,99.40000,166.10001,0.95644,406.21777
2025-06-24 01:26:40+07:00,25.20000,83.00000,103.30000,172.39999,0.96403,406.25241
2025-06-24 01:27:29+07:00,25.20000,83.00000,99.20000,163.60001,0.92407,406.35724
2025-06-24 01:28:21+07:00,25.20000,83.10000,99.30000,164.89999,0.93394,406.34552
2025-06-24 01:29:11+07:00,25.20000,82.90000,82.90000,129.00000,0.97167,406.24084
2025-06-24 01:30:00+07:00,25.30000,82.80000,84.50000,132.10001,0.95896,406.16043
2025-06-24 01:30:49+07:00,25.20000,82.70000,83.00000,131.10001,0.97423,406.40430
2025-06-24 01:31:39+07:00,25.20000,82.70000,82.30000,129.30000,0.93642,406.29883
2025-06-24 01:32:28+07:00,25.20000,82.70000,83.50000,127.60000,0.97167,406.33383
2025-06-24 01:33:18+07:00,25.10000,82.80000,81.00000,128.50000,0.94139,406.29883
2025-06-24 01:34:07+07:00,25.10000,82.80000,78.30000,122.20000,0.99749,406.04703
2025-06-24 01:34:56+07:00,25.10000,82.90000,77.90000,120.30000,0.94639,406.36899
2025-06-24 01:35:46+07:00,25.20000,82.80000,76.30000,115.50000,0.92162,406.24084
2025-06-24 01:36:35+07:00,25.20000,82.70000,78.30000,117.80000,0.99489,406.34552
2025-06-24 01:37:25+07:00,25.30000,82.50000,76.30000,114.20000,0.94139,406.05829
2025-06-24 01:38:14+07:00,25.20000,82.70000,76.90000,111.00000,0.91186,406.03577
2025-06-24 01:39:03+07:00,25.30000,82.50000,74.40000,110.30000,0.98452,406.13760
2025-06-24 01:39:53+07:00,25.30000,82.50000,71.90000,112.00000,0.93890,405.91321
2025-06-24 01:40:42+07:00,25.30000,82.50000,78.60000,118.70000,0.96403,406.26398
2025-06-24 01:41:31+07:00,25.30000,82.30000,82.20000,123.90000,0.92900,405.89117
2025-06-24 01:42:21+07:00,25.30000,82.30000,85.80000,131.60001,0.98194,405.78186
2025-06-24 01:43:10+07:00,25.30000,82.40000,87.10000,132.10001,0.94889,405.77103
2025-06-24 01:43:59+07:00,25.30000,82.30000,86.40000,130.50000,0.92407,406.29883
2025-06-24 01:44:49+07:00,25.30000,82.40000,80.50000,119.30000,0.97936,406.54721
2025-06-24 01:45:38+07:00,25.20000,82.40000,77.60000,114.80000,0.87363,405.92429
2025-06-24 01:46:28+07:00,25.30000,82.40000,78.10000,118.30000,0.93890,406.01334
2025-06-24 01:47:17+07:00,25.20000,82.50000,73.70000,110.00000,0.89497,406.10352
2025-06-24 01:48:06+07:00,25.20000,82.50000,75.80000,108.90000,0.97423,405.90219
2025-06-24 01:48:56+07:00,25.30000,82.50000,73.20000,109.60000,0.91917,406.06958
2025-06-24 01:49:45+07:00,25.20000,82.40000,71.90000,109.00000,0.95140,405.96866
2025-06-24 01:50:35+07:00,25.20000,82.50000,70.40000,106.20000,0.98452,406.11487
2025-06-24 01:51:24+07:00,25.20000,82.50000,68.20000,100.30000,0.88781,406.03577
2025-06-24 01:52:13+07:00,25.20000,82.50000,72.60000,107.90000,0.96149,405.79272
2025-06-24 01:53:03+07:00,25.30000,82.50000,72.90000,108.10000,0.91673,406.06958
2025-06-24 01:53:52+07:00,25.30000,82.40000,72.50000,106.60000,0.88781,406.09216
2025-06-24 01:54:42+07:00,25.30000,82.40000,69.80000,105.90000,0.94139,406.03577
2025-06-24 01:55:31+07:00,25.20000,82.40000,71.20000,107.50000,0.93890,405.94644
2025-06-24 01:56:21+07:00,25.20000,82.40000,69.60000,106.30000,0.89019,405.94644
2025-06-24 01:57:10+07:00,25.20000,82.30000,70.30000,102.80000,0.93642,405.94644
2025-06-24 01:57:59+07:00,25.20000,82.60000,72.80000,106.60000,0.90701,405.81448
2025-06-24 01:58:49+07:00,25.20000,82.80000,69.80000,106.60000,0.89019,405.90219
2025-06-24 01:59:38+07:00,25.10000,82.80000,71.90000,106.30000,0.94889,405.83630
2025-06-24 02:00:28+07:00,25.20000,82.70000,72.60000,107.60000,0.95392,406.24084
2025-06-24 02:01:17+07:00,25.10000,82.80000,73.80000,105.30000,0.89497,405.80359
2025-06-24 02:02:10+07:00,25.20000,83.00000,73.50000,109.60000,0.91186,405.95755
2025-06-24 02:02:59+07:00,25.10000,83.20000,72.50000,108.30000,0.91186,405.89117
2025-06-24 02:03:49+07:00,25.10000,83.30000,73.40000,109.40000,0.93642,405.80359
2025-06-24 02:04:38+07:00,25.10000,83.20000,77.90000,117.70000,0.87363,406.14902
2025-06-24 02:05:28+07:00,25.20000,83.20000,77.10000,121.20000,0.89019,406.10352
2025-06-24 02:06:17+07:00,25.20000,83.00000,75.70000,114.60000,0.94139,405.94644
2025-06-24 02:07:06+07:00,25.20000,83.10000,79.10000,118.20000,0.93394,406.11487
2025-06-24 02:07:56+07:00,25.10000,83.20000,76.00000,115.40000,0.88781,406.21777
2025-06-24 02:08:45+07:00,25.20000,83.10000,75.80000,118.90000,0.90218,406.06958
2025-06-24 02:09:35+07:00,25.20000,82.80000,76.10000,111.40000,0.97679,406.11487
2025-06-24 02:10:24+07:00,25.20000,82.80000,77.50000,119.00000,0.93146,406.42795
2025-06-24 02:11:14+07:00,25.20000,82.70000,78.80000,120.50000,1.02919,406.41611
2025-06-24 02:12:03+07:00,25.20000,82.90000,77.60000,118.50000,0.99229,406.43979
2025-06-24 02:12:56+07:00,25.20000,82.90000,80.60000,120.30000,1.00010,406.46353
2025-06-24 02:13:45+07:00,25.20000,82.80000,78.30000,124.40000,0.99489,406.36899
2025-06-24 02:14:34+07:00,25.30000,82.60000,82.90000,123.60000,0.97679,406.46353
2025-06-24 02:15:24+07:00,25.30000,82.50000,83.90000,128.30000,0.99749,406.65613
2025-06-24 02:16:13+07:00,25.30000,82.70000,87.00000,135.00000,1.02385,406.48737
2025-06-24 02:17:02+07:00,25.20000,82.70000,81.40000,125.10000,1.06168,406.39252
2025-06-24 02:17:52+07:00,25.20000,82.90000,81.20000,119.70000,1.03455,406.61966
2025-06-24 02:18:42+07:00,25.20000,83.10000,74.60000,119.40000,1.00010,406.52322
2025-06-24 02:19:31+07:00,25.10000,83.20000,75.60000,116.70000,1.02385,406.53522
2025-06-24 02:20:21+07:00,25.10000,83.30000,77.70000,116.20000,0.98969,406.80368
2025-06-24 02:21:10+07:00,25.10000,83.40000,77.30000,122.10000,0.92162,406.28720
2025-06-24 02:22:00+07:00,25.10000,83.50000,77.00000,117.80000,0.99489,406.52322
2025-06-24 02:22:49+07:00,25.10000,83.50000,77.70000,118.10000,1.01324,406.35724
2025-06-24 02:23:38+07:00,25.10000,83.50000,77.10000,118.20000,1.13487,406.54721
2025-06-24 02:24:28+07:00,25.20000,83.30000,75.70000,115.40000,0.98194,406.48737
2025-06-24 02:25:20+07:00,25.20000,83.10000,78.10000,117.80000,0.98969,406.26398
2025-06-24 02:26:10+07:00,25.20000,83.00000,77.70000,113.60000,1.04533,406.64395
2025-06-24 02:26:59+07:00,25.10000,83.10000,78.50000,116.60000,1.06993,406.54721
2025-06-24 02:27:48+07:00,25.20000,83.10000,72.60000,112.30000,1.05348,406.55923
2025-06-24 02:28:38+07:00,25.20000,83.10000,79.70000,122.40000,0.99749,406.60754
2025-06-24 02:29:27+07:00,25.10000,83.00000,79.90000,118.30000,1.00010,406.36899
2025-06-24 02:30:17+07:00,25.10000,83.20000,80.00000,121.20000,1.04533,406.66833
2025-06-24 02:31:06+07:00,25.10000,83.10000,75.80000,112.10000,1.01060,406.80368
2025-06-24 02:31:56+07:00,25.10000,82.80000,79.40000,122.00000,1.01060,406.58337
2025-06-24 02:32:45+07:00,25.20000,82.70000,81.00000,120.80000,1.02919,406.82855
2025-06-24 02:33:34+07:00,25.20000,82.90000,76.90000,116.20000,1.02652,406.66833
2025-06-24 02:34:27+07:00,25.30000,82.70000,81.90000,123.60000,0.97679,406.51126
2025-06-24 02:35:16+07:00,25.30000,82.50000,79.20000,119.70000,1.02119,406.55923
2025-06-24 02:36:05+07:00,25.30000,82.40000,81.30000,123.10000,0.97936,406.48737
2025-06-24 02:36:55+07:00,25.30000,82.50000,80.40000,120.40000,0.97679,406.35724
2025-06-24 02:37:44+07:00,25.30000,82.70000,78.60000,122.00000,1.05621,406.36899
2025-06-24 02:38:34+07:00,25.20000,82.90000,77.50000,114.40000,1.00534,406.39252
2025-06-24 02:39:23+07:00,25.10000,82.90000,78.40000,117.70000,0.91186,406.01334
2025-06-24 02:40:13+07:00,25.10000,83.20000,75.10000,114.40000,0.98969,405.81448
2025-06-24 02:41:05+07:00,25.10000,83.20000,75.10000,110.30000,0.97936,406.35724
2025-06-24 02:41:55+07:00,25.10000,83.30000,80.70000,119.50000,0.93642,406.59543
2025-06-24 02:42:44+07:00,25.10000,83.40000,78.20000,117.80000,1.01324,406.53522
2025-06-24 02:43:34+07:00,25.10000,83.30000,79.20000,120.30000,1.01324,406.27557
2025-06-24 02:44:23+07:00,25.00000,83.30000,83.40000,123.30000,0.95644,406.31049
2025-06-24 02:45:13+07:00,25.10000,83.40000,81.40000,122.40000,0.99749,406.21777
2025-06-24 02:46:02+07:00,25.10000,83.40000,79.00000,120.30000,1.02652,406.36899
2025-06-24 02:46:52+07:00,25.10000,83.30000,81.30000,123.90000,0.98969,406.11487
2025-06-24 02:47:45+07:00,25.10000,83.40000,80.50000,120.00000,1.00534,406.53522
2025-06-24 02:48:34+07:00,25.10000,83.40000,78.10000,114.70000,0.93394,406.40430
2025-06-24 02:49:27+07:00,25.10000,83.40000,81.40000,122.70000,0.95644,406.13760
2025-06-24 02:51:13+07:00,25.10000,83.40000,83.10000,127.20000,0.96403,406.18332
2025-06-24 02:52:11+07:00,25.00000,83.70000,82.30000,122.50000,0.95140,406.45166
2025-06-24 02:53:04+07:00,25.00000,83.80000,83.30000,125.70000,1.05621,406.39252
2025-06-24 02:54:06+07:00,25.10000,83.90000,82.80000,126.70000,1.00534,406.26398
2025-06-24 02:55:03+07:00,25.00000,84.00000,82.40000,123.30000,0.99229,406.47543
2025-06-24 02:55:53+07:00,25.00000,83.90000,83.60000,131.39999,0.99229,406.41611
2025-06-24 02:56:42+07:00,25.00000,83.90000,87.10000,129.60001,1.00797,406.52322
2025-06-24 02:57:32+07:00,25.00000,83.90000,85.60000,128.30000,0.95392,406.32214
2025-06-24 02:58:22+07:00,25.00000,83.90000,85.70000,124.10000,0.94639,406.31049
2025-06-24 02:59:12+07:00,25.00000,83.90000,87.20000,132.00000,0.93146,406.28720
2025-06-24 03:00:05+07:00,24.90000,83.90000,80.50000,122.60000,1.08937,406.25241
2025-06-24 03:00:55+07:00,24.90000,84.00000,87.30000,133.10001,0.94889,406.26398
2025-06-24 03:01:44+07:00,24.90000,84.10000,80.50000,127.60000,0.96657,406.03577
2025-06-24 03:02:33+07:00,24.90000,84.20000,78.60000,120.90000,0.95644,406.28720
2025-06-24 03:03:23+07:00,24.90000,84.50000,81.70000,126.20000,0.94889,406.17187
2025-06-24 03:04:12+07:00,24.80000,84.60000,80.70000,126.40000,0.93146,405.73862
2025-06-24 03:05:55+07:00,24.80000,84.30000,81.20000,125.40000,0.98194,406.39252
2025-06-24 03:06:45+07:00,24.90000,84.00000,79.80000,123.20000,0.98194,406.02457
2025-06-24 03:07:34+07:00,24.80000,84.00000,80.00000,120.90000,0.95140,406.36899
2025-06-24 03:08:23+07:00,24.80000,84.10000,81.60000,122.80000,1.01589,406.27557
2025-06-24 03:09:13+07:00,24.80000,83.90000,83.30000,125.50000,0.90459,406.41611
2025-06-24 03:10:02+07:00,24.70000,83.90000,79.20000,117.00000,0.96657,406.10352
2025-06-24 03:10:52+07:00,24.70000,84.00000,77.80000,117.00000,0.99229,406.24084
2025-06-24 03:11:41+07:00,24.70000,84.00000,81.30000,123.40000,0.95140,406.40430
2025-06-24 03:12:31+07:00,24.80000,83.90000,80.30000,121.40000,0.94889,406.34552
2025-06-24 03:13:20+07:00,24.80000,83.90000,82.40000,127.00000,0.97423,406.24084
2025-06-24 03:14:09+07:00,24.90000,84.20000,85.50000,133.20000,0.95392,406.31049
2025-06-24 03:15:02+07:00,24.80000,84.20000,93.10000,145.80000,0.96149,406.43979
2025-06-24 03:15:52+07:00,24.90000,84.00000,93.90000,151.80000,1.02119,406.40430
2025-06-24 03:16:41+07:00,24.90000,84.10000,94.80000,155.80000,0.98194,406.14902
2025-06-24 03:17:33+07:00,24.90000,84.40000,90.70000,151.70000,0.98710,406.24084
2025-06-24 03:18:23+07:00,24.90000,84.20000,92.90000,152.39999,1.02652,406.27557
2025-06-24 03:19:16+07:00,25.00000,84.10000,88.00000,149.20000,0.99749,406.35724
2025-06-24 03:20:08+07:00,24.90000,84.20000,93.50000,148.70000,0.99749,406.12622
2025-06-24 03:20:58+07:00,24.90000,84.40000,93.80000,157.39999,0.96657,406.00214
2025-06-24 03:21:47+07:00,24.90000,84.40000,92.00000,149.10001,0.98969,406.20627
2025-06-24 03:22:36+07:00,24.90000,84.50000,89.10000,141.10001,0.99749,405.97983
2025-06-24 03:23:26+07:00,24.80000,84.50000,91.00000,146.60001,0.91917,406.35724
2025-06-24 03:24:15+07:00,24.80000,84.50000,88.30000,146.39999,0.96403,406.13760
2025-06-24 03:25:05+07:00,24.80000,84.60000,84.50000,132.70000,0.93642,406.02457
2025-06-24 03:25:54+07:00,24.90000,84.40000,84.40000,134.10001,0.95392,406.06958
2025-06-24 03:26:43+07:00,24.90000,84.40000,88.40000,136.39999,0.96149,406.09216
2025-06-24 03:27:33+07:00,24.90000,84.20000,84.80000,131.00000,0.95140,406.38074
2025-06-24 03:28:23+07:00,24.90000,84.40000,86.90000,142.00000,0.96403,406.06958
2025-06-24 03:29:12+07:00,24.80000,84.50000,85.80000,136.20000,0.91186,406.09216
2025-06-24 03:30:02+07:00,24.80000,84.50000,81.60000,133.30000,0.95140,405.71710
2025-06-24 03:30:51+07:00,24.80000,84.40000,81.50000,130.50000,0.98969,406.10352
2025-06-24 03:31:40+07:00,24.90000,84.10000,83.50000,132.00000,0.93642,406.00214
2025-06-24 03:32:30+07:00,24.90000,84.00000,84.20000,135.20000,0.89497,405.92429
2025-06-24 03:33:19+07:00,24.80000,84.20000,82.60000,132.00000,0.98969,406.21777
2025-06-24 03:34:08+07:00,24.80000,84.20000,97.90000,169.00000,0.95644,406.13760
2025-06-24 03:34:58+07:00,24.80000,84.30000,108.40000,190.20000,0.93642,406.05829
2025-06-24 03:35:47+07:00,24.70000,84.40000,113.20000,204.50000,0.90218,406.09216
2025-06-24 03:36:37+07:00,24.70000,84.50000,115.90000,204.30000,0.91429,406.17187
2025-06-24 03:37:26+07:00,24.70000,84.70000,110.20000,198.89999,0.91429,406.13760
2025-06-24 03:38:16+07:00,24.70000,84.80000,111.30000,198.30000,0.92900,405.79272
2025-06-24 03:39:05+07:00,24.60000,84.90000,109.70000,192.50000,0.96149,406.35724
2025-06-24 03:39:54+07:00,24.60000,84.90000,106.20000,182.70000,0.90218,406.04703
2025-06-24 03:40:46+07:00,24.70000,84.90000,107.40000,185.39999,0.92653,405.89117
2025-06-24 03:41:36+07:00,24.70000,84.70000,109.00000,184.60001,0.96149,406.14902
2025-06-24 03:42:25+07:00,24.60000,84.80000,105.20000,182.39999,0.97423,406.04703
2025-06-24 03:43:15+07:00,24.60000,84.80000,94.60000,159.80000,0.90459,405.95755
2025-06-24 03:44:04+07:00,24.60000,84.60000,90.10000,146.39999,0.91186,405.85818
2025-06-24 03:44:53+07:00,24.60000,84.70000,85.50000,139.70000,0.93642,406.12622
2025-06-24 03:45:43+07:00,24.60000,84.50000,80.60000,129.39999,0.88306,406.43979
2025-06-24 03:46:32+07:00,24.70000,84.50000,76.40000,116.80000,0.96403,406.03577
2025-06-24 03:47:21+07:00,24.70000,84.20000,77.70000,123.90000,0.91673,405.90219
2025-06-24 03:48:11+07:00,24.70000,84.40000,74.80000,116.40000,0.90218,405.59991
2025-06-24 03:49:00+07:00,24.70000,84.40000,77.30000,119.20000,0.89019,405.93536
2025-06-24 03:49:49+07:00,24.70000,84.30000,77.20000,116.10000,0.88306,405.70636
2025-06-24 03:50:39+07:00,24.70000,84.40000,78.30000,115.80000,0.93890,405.65292
2025-06-24 03:51:28+07:00,24.70000,84.30000,80.50000,129.70000,0.95392,405.67426
2025-06-24 03:52:18+07:00,24.70000,84.40000,77.10000,119.40000,0.88781,405.49509
2025-06-24 03:53:07+07:00,24.70000,84.20000,81.40000,125.30000,0.86660,405.83630
2025-06-24 03:53:56+07:00,24.70000,84.40000,78.50000,122.20000,0.89977,405.73862
2025-06-24 03:54:46+07:00,24.70000,84.20000,80.80000,127.60000,0.89497,405.74942
2025-06-24 03:55:35+07:00,24.70000,84.30000,78.10000,122.60000,0.88306,405.90219
2025-06-24 03:56:24+07:00,24.70000,84.40000,81.80000,131.10001,0.92900,405.80359
2025-06-24 03:57:14+07:00,24.60000,84.40000,85.00000,135.30000,0.85268,405.63165
2025-06-24 03:58:03+07:00,24.60000,84.40000,81.50000,131.20000,0.91429,405.70636
2025-06-24 03:58:53+07:00,24.70000,84.00000,81.70000,134.10001,0.92162,405.71710
2025-06-24 03:59:42+07:00,24.70000,83.90000,83.50000,135.80000,0.89019,405.77103
2025-06-24 04:00:32+07:00,24.80000,83.80000,78.30000,124.30000,0.87363,405.76022
2025-06-24 04:01:21+07:00,24.80000,83.80000,77.90000,123.10000,0.93890,405.56830
2025-06-24 04:02:10+07:00,24.80000,83.60000,76.60000,120.50000,0.92407,405.54730
2025-06-24 04:03:00+07:00,24.90000,83.60000,73.70000,113.30000,0.89737,405.53680
2025-06-24 04:03:49+07:00,24.90000,83.60000,81.70000,136.00000,0.86427,405.74942
2025-06-24 04:04:39+07:00,24.80000,83.50000,77.50000,122.10000,0.91429,405.63165
2025-06-24 04:05:28+07:00,24.80000,83.60000,76.10000,121.70000,0.87128,405.57883
2025-06-24 04:06:17+07:00,24.80000,83.60000,75.70000,117.90000,0.88070,405.71710
2025-06-24 04:07:07+07:00,24.80000,83.70000,77.70000,122.40000,0.86660,405.32059
2025-06-24 04:07:56+07:00,24.70000,83.90000,76.80000,119.20000,0.85038,405.62106
2025-06-24 04:08:45+07:00,24.70000,84.00000,77.70000,120.50000,0.88781,405.59991
2025-06-24 04:09:35+07:00,24.60000,84.10000,79.80000,128.39999,0.82762,405.53680
2025-06-24 04:10:24+07:00,24.60000,84.20000,78.90000,124.80000,0.92162,405.58936
2025-06-24 04:11:14+07:00,24.60000,84.40000,78.40000,122.50000,0.87363,405.48468
2025-06-24 04:12:03+07:00,24.60000,84.20000,78.90000,120.80000,0.85962,405.42267
2025-06-24 04:12:53+07:00,24.60000,84.30000,77.50000,117.30000,0.87128,405.56830
2025-06-24 04:13:42+07:00,24.60000,84.20000,71.80000,111.40000,0.85038,405.64230
2025-06-24 04:14:31+07:00,24.60000,84.10000,74.60000,118.60000,0.89977,405.94644
2025-06-24 04:15:21+07:00,24.70000,84.10000,79.00000,122.20000,0.84122,405.63165
2025-06-24 04:16:10+07:00,24.70000,84.00000,80.90000,132.20000,0.89019,405.65292
2025-06-24 04:16:59+07:00,24.70000,83.90000,81.50000,130.00000,0.84122,405.76022
2025-06-24 04:17:49+07:00,24.70000,84.00000,84.00000,133.70000,0.85038,405.52637
2025-06-24 04:18:38+07:00,24.60000,84.20000,83.30000,127.40000,0.90218,405.42267
2025-06-24 04:19:27+07:00,24.60000,84.20000,81.00000,129.00000,0.88306,405.70636
2025-06-24 04:20:17+07:00,24.60000,84.30000,81.40000,123.70000,0.84808,405.51593
2025-06-24 04:21:06+07:00,24.60000,84.20000,79.40000,123.80000,0.87833,405.55777
2025-06-24 04:21:55+07:00,24.60000,84.30000,81.20000,126.60000,0.89258,405.73862
2025-06-24 04:22:45+07:00,24.70000,84.30000,80.70000,125.30000,0.86660,405.77103
2025-06-24 04:23:34+07:00,24.70000,84.20000,79.20000,125.40000,0.81865,405.76022
2025-06-24 04:24:24+07:00,24.60000,84.40000,79.50000,122.50000,0.87363,405.54730
2025-06-24 04:25:13+07:00,24.60000,84.60000,79.30000,122.40000,0.86894,405.69565
2025-06-24 04:26:02+07:00,24.60000,84.70000,78.30000,120.90000,0.88306,405.66357
2025-06-24 04:26:52+07:00,24.60000,84.50000,78.50000,126.80000,0.88543,405.67426
2025-06-24 04:27:41+07:00,24.60000,84.70000,77.10000,122.20000,0.88306,405.51593
2025-06-24 04:28:30+07:00,24.60000,84.70000,79.70000,122.90000,0.87363,405.65292
2025-06-24 04:29:20+07:00,24.50000,85.00000,78.40000,121.00000,0.86427,405.53680
2025-06-24 04:30:09+07:00,24.40000,85.20000,79.40000,122.80000,0.86660,405.59991
2025-06-24 04:30:59+07:00,24.40000,85.30000,78.00000,121.10000,0.90701,405.61047
2025-06-24 04:31:48+07:00,24.40000,84.80000,78.70000,120.50000,0.86660,405.72784
2025-06-24 04:32:37+07:00,24.50000,84.90000,76.30000,121.20000,0.91917,405.61047
2025-06-24 04:33:27+07:00,24.50000,84.80000,80.60000,129.70000,0.84350,405.63165
2025-06-24 04:34:16+07:00,24.50000,85.10000,83.50000,127.70000,0.80314,405.70636
2025-06-24 04:35:05+07:00,24.50000,84.80000,93.20000,143.30000,0.84122,405.63165
2025-06-24 04:35:55+07:00,24.60000,84.70000,91.20000,139.30000,0.83440,405.78186
2025-06-24 04:36:44+07:00,24.50000,84.90000,95.20000,142.80000,0.89977,405.74942
2025-06-24 04:37:33+07:00,24.50000,85.10000,93.10000,137.70000,0.84122,405.77103
2025-06-24 04:38:23+07:00,24.40000,85.10000,87.10000,133.00000,0.87833,405.66357
2025-06-24 04:39:12+07:00,24.40000,85.30000,89.20000,139.00000,0.85038,405.59991
2025-06-24 04:40:02+07:00,24.40000,85.20000,87.20000,134.50000,0.85499,405.62106
2025-06-24 04:40:51+07:00,24.40000,85.20000,88.90000,135.89999,0.89019,405.69565
2025-06-24 04:41:40+07:00,24.40000,85.40000,86.10000,132.20000,0.82762,405.62106
2025-06-24 04:42:30+07:00,24.40000,85.40000,87.10000,136.20000,0.86194,405.57883
2025-06-24 04:43:19+07:00,24.30000,85.40000,89.60000,143.89999,0.85730,405.45361
2025-06-24 04:44:08+07:00,24.30000,85.60000,87.00000,142.20000,0.85730,405.72784
2025-06-24 04:44:58+07:00,24.30000,85.70000,89.90000,147.30000,0.86427,405.70636
2025-06-24 04:45:47+07:00,24.30000,85.60000,91.10000,157.70000,0.86894,405.67426
2025-06-24 04:46:37+07:00,24.30000,85.70000,92.30000,149.30000,0.85962,405.62106
2025-06-24 04:47:26+07:00,24.30000,85.70000,90.40000,145.80000,0.84350,405.59991
2025-06-24 04:48:15+07:00,24.30000,85.90000,86.60000,142.89999,0.82089,405.62106
2025-06-24 04:49:05+07:00,24.30000,86.00000,85.10000,134.30000,0.82762,405.62106
2025-06-24 04:49:54+07:00,24.20000,86.10000,81.60000,128.80000,0.86660,405.61047
2025-06-24 04:50:44+07:00,24.20000,86.20000,84.40000,128.60001,0.89977,405.54730
2025-06-24 04:51:33+07:00,24.20000,86.10000,85.80000,133.60001,0.85038,405.61047
2025-06-24 04:52:22+07:00,24.20000,86.30000,84.30000,129.00000,0.96912,405.67426
2025-06-24 04:53:12+07:00,24.20000,86.40000,80.40000,121.10000,0.85962,405.62106
2025-06-24 04:54:01+07:00,24.20000,86.40000,84.30000,128.20000,0.81865,405.93536
2025-06-24 04:54:51+07:00,24.20000,86.50000,83.70000,129.39999,0.88306,405.65292
2025-06-24 04:55:40+07:00,24.30000,86.20000,80.80000,123.70000,0.86660,405.80359
2025-06-24 04:56:29+07:00,24.40000,85.60000,84.30000,126.60000,0.89497,405.66357
2025-06-24 04:57:19+07:00,24.40000,85.40000,84.40000,130.10001,0.87833,405.55777
2025-06-24 04:58:08+07:00,24.60000,85.10000,81.40000,124.50000,0.87598,405.70636
2025-06-24 04:58:57+07:00,24.60000,84.70000,80.00000,129.10001,0.87598,405.73862
2025-06-24 04:59:47+07:00,24.70000,84.50000,84.20000,128.10001,0.89737,405.62106
2025-06-24 05:00:36+07:00,24.70000,84.50000,86.20000,133.00000,0.83667,405.88016
2025-06-24 05:01:25+07:00,24.60000,84.60000,83.80000,128.50000,0.86894,406.11487
2025-06-24 05:02:15+07:00,24.60000,84.70000,82.80000,130.60001,0.83440,405.86917
2025-06-24 05:03:04+07:00,24.60000,84.60000,82.80000,129.80000,0.91673,405.92429
2025-06-24 05:03:54+07:00,24.70000,84.40000,85.10000,129.39999,0.85962,405.91321
2025-06-24 05:04:43+07:00,24.60000,84.40000,85.90000,135.20000,0.86894,405.92429
2025-06-24 05:05:32+07:00,24.60000,84.60000,83.60000,131.39999,0.87363,405.83630
2025-06-24 05:06:24+07:00,24.60000,84.60000,84.10000,127.70000,0.91673,405.76022
2025-06-24 05:07:14+07:00,24.60000,84.50000,82.10000,129.89999,0.89258,405.72784
2025-06-24 05:08:03+07:00,24.60000,84.40000,83.70000,131.30000,0.88306,405.62106
2025-06-24 05:08:53+07:00,24.50000,84.50000,82.30000,129.39999,0.88070,405.77103
2025-06-24 05:09:42+07:00,24.50000,84.60000,81.40000,126.00000,0.90218,405.80359
2025-06-24 05:10:31+07:00,24.50000,84.80000,82.40000,125.90000,0.89737,405.74942
2025-06-24 05:11:21+07:00,24.40000,85.20000,81.80000,126.70000,0.90459,405.76022
2025-06-24 05:12:10+07:00,24.40000,85.10000,81.20000,128.00000,0.88543,405.65292
2025-06-24 05:12:59+07:00,24.40000,85.20000,79.60000,125.00000,0.91429,405.65292
2025-06-24 05:13:49+07:00,24.30000,85.30000,81.00000,127.10000,0.89737,405.76022
2025-06-24 05:14:38+07:00,24.30000,85.40000,81.50000,127.00000,0.88543,405.56830
2025-06-24 05:15:28+07:00,24.30000,85.60000,80.70000,122.30000,0.86894,405.56830
2025-06-24 05:16:17+07:00,24.30000,85.60000,78.20000,126.10000,0.86194,405.62106
2025-06-24 05:17:06+07:00,24.30000,85.60000,83.80000,131.89999,0.91673,405.63165
2025-06-24 05:17:56+07:00,24.20000,85.70000,81.70000,128.89999,0.93394,405.66357
2025-06-24 05:18:45+07:00,24.20000,85.90000,83.50000,125.60000,0.82537,405.64230
2025-06-24 05:19:34+07:00,24.20000,85.80000,78.70000,123.50000,0.86427,405.68494
2025-06-24 05:20:24+07:00,24.20000,85.90000,83.30000,127.70000,0.89737,405.79272
2025-06-24 05:21:13+07:00,24.20000,86.00000,81.30000,126.40000,0.90943,405.70636
2025-06-24 05:22:06+07:00,24.20000,86.10000,81.80000,133.10001,0.89258,405.54730
2025-06-24 05:22:59+07:00,24.20000,86.30000,83.90000,126.90000,0.90459,405.62106
2025-06-24 05:23:52+07:00,24.20000,86.30000,82.90000,129.00000,0.89019,405.65292
2025-06-24 05:24:41+07:00,24.10000,86.50000,83.70000,130.00000,0.87128,405.73862
2025-06-24 05:25:36+07:00,24.20000,86.50000,85.20000,128.80000,0.88306,405.65292
2025-06-24 05:26:29+07:00,24.10000,86.60000,81.30000,122.80000,0.93394,405.80359
2025-06-24 05:27:27+07:00,24.10000,86.60000,83.80000,131.10001,0.80314,405.76022
2025-06-24 05:28:21+07:00,24.20000,86.50000,84.70000,133.50000,0.85730,405.73862
2025-06-24 05:29:11+07:00,24.10000,86.60000,81.40000,123.70000,0.87833,405.71710
2025-06-24 05:30:00+07:00,24.10000,86.70000,85.10000,133.39999,0.87363,405.64230
2025-06-24 05:30:49+07:00,24.10000,86.50000,80.90000,127.10000,0.92653,406.00214
2025-06-24 05:31:39+07:00,24.10000,86.50000,84.00000,132.50000,0.88781,406.16043
2025-06-24 05:32:28+07:00,24.10000,86.40000,81.90000,124.50000,1.03724,406.34552
2025-06-24 05:33:17+07:00,24.20000,86.50000,84.30000,127.70000,0.93146,406.17187
2025-06-24 05:34:07+07:00,24.20000,86.40000,86.20000,128.00000,0.88306,406.19479
2025-06-24 05:34:56+07:00,24.20000,86.40000,82.60000,131.10001,0.85730,405.85818
2025-06-24 05:35:46+07:00,24.20000,86.30000,83.70000,129.39999,0.94389,405.80359
2025-06-24 05:36:35+07:00,24.30000,85.90000,81.80000,132.30000,0.86894,405.83630
2025-06-24 05:37:25+07:00,24.40000,85.50000,82.30000,132.10001,0.93642,405.76022
2025-06-24 05:38:17+07:00,24.40000,85.10000,83.70000,129.20000,0.87598,405.76022
2025-06-24 05:39:06+07:00,24.40000,85.10000,87.60000,136.20000,0.89737,405.84723
2025-06-24 05:39:56+07:00,24.40000,85.00000,83.40000,127.00000,0.84122,405.70636
2025-06-24 05:40:45+07:00,24.40000,85.00000,87.80000,134.89999,0.89737,405.74942
2025-06-24 05:41:35+07:00,24.30000,85.20000,84.60000,132.89999,0.87833,405.64230
2025-06-24 05:42:27+07:00,24.30000,85.10000,86.40000,131.80000,0.92407,405.81448
2025-06-24 05:43:17+07:00,24.20000,85.20000,90.10000,137.39999,0.93394,405.89117
2025-06-24 05:44:06+07:00,24.20000,85.20000,90.10000,144.50000,0.89737,405.94644
2025-06-24 05:44:55+07:00,24.20000,85.20000,88.80000,140.39999,0.92900,406.39252
2025-06-24 05:45:45+07:00,24.20000,85.20000,89.20000,137.60001,0.91186,405.89117
2025-06-24 05:46:34+07:00,24.20000,85.20000,88.80000,140.70000,1.01589,406.06958
2025-06-24 05:47:23+07:00,24.10000,85.20000,89.60000,141.89999,0.92653,406.08087
2025-06-24 05:48:13+07:00,24.10000,85.20000,88.80000,142.39999,0.97167,405.96866
2025-06-24 05:49:02+07:00,24.20000,85.10000,91.00000,144.89999,0.92407,405.95755
2025-06-24 05:49:52+07:00,24.20000,85.20000,89.30000,141.50000,1.03455,406.00214
2025-06-24 05:50:41+07:00,24.10000,85.10000,90.00000,138.89999,0.89737,406.09216
2025-06-24 05:51:30+07:00,24.10000,85.20000,88.20000,141.50000,0.87598,406.20627
2025-06-24 05:52:20+07:00,24.10000,85.20000,87.60000,143.89999,0.92162,405.96866
2025-06-24 05:53:09+07:00,24.10000,85.30000,89.30000,144.39999,0.88070,405.97983
2025-06-24 05:53:59+07:00,24.20000,85.00000,87.00000,142.89999,0.93146,405.89117
2025-06-24 05:54:48+07:00,24.20000,84.80000,88.80000,148.10001,0.91673,405.93536
2025-06-24 05:55:38+07:00,24.10000,85.00000,91.80000,150.30000,0.91186,405.97983
2025-06-24 05:56:27+07:00,24.10000,85.10000,91.90000,145.50000,0.96149,405.67426
2025-06-24 05:57:17+07:00,24.10000,85.20000,87.90000,146.00000,0.93642,406.03577
2025-06-24 05:58:10+07:00,24.10000,85.30000,89.40000,139.39999,0.90701,406.13760
2025-06-24 05:59:00+07:00,24.00000,85.40000,94.70000,152.50000,0.92407,405.99097
2025-06-24 05:59:49+07:00,24.10000,85.40000,95.10000,149.60001,0.90459,405.84723
2025-06-24 06:00:39+07:00,24.10000,85.40000,95.70000,154.30000,0.90943,406.02457
2025-06-24 06:01:29+07:00,24.10000,85.40000,93.80000,151.70000,0.98710,406.16043
2025-06-24 06:02:18+07:00,24.10000,85.20000,92.40000,145.89999,1.03187,406.10352
2025-06-24 06:03:08+07:00,24.10000,85.30000,94.00000,146.30000,0.94139,406.04703
2025-06-24 06:03:57+07:00,24.00000,85.30000,90.60000,147.00000,0.99749,406.05829
2025-06-24 06:04:47+07:00,24.00000,85.20000,95.60000,151.30000,0.93394,406.04703
2025-06-24 06:05:36+07:00,24.10000,85.10000,95.90000,150.80000,0.97936,405.84723
2025-06-24 06:06:26+07:00,24.10000,85.00000,97.60000,150.50000,0.93146,406.00214
2025-06-24 06:07:15+07:00,24.10000,85.20000,93.90000,151.60001,1.02119,406.13760
2025-06-24 06:08:04+07:00,24.10000,85.00000,94.60000,148.70000,0.92653,406.17187
2025-06-24 06:08:54+07:00,24.10000,85.10000,91.20000,145.10001,0.88781,405.84723
2025-06-24 06:09:43+07:00,24.10000,85.10000,94.70000,149.89999,0.95896,406.06958
2025-06-24 06:10:33+07:00,24.10000,85.10000,96.30000,149.20000,0.96912,406.11487
2025-06-24 06:11:22+07:00,24.10000,85.20000,93.60000,150.60001,0.99489,406.04703
2025-06-24 06:12:12+07:00,24.10000,85.20000,96.50000,155.10001,0.95140,406.49930
2025-06-24 06:13:01+07:00,24.10000,85.30000,98.80000,155.10001,0.94889,406.12622
2025-06-24 06:13:50+07:00,24.10000,85.40000,96.50000,155.20000,0.91673,406.12622
2025-06-24 06:14:40+07:00,24.10000,85.40000,97.40000,156.60001,0.96149,406.09216
2025-06-24 06:15:29+07:00,24.00000,85.60000,96.80000,159.20000,0.92162,406.25241
2025-06-24 06:16:19+07:00,24.10000,85.40000,93.50000,146.39999,0.94889,406.33383
2025-06-24 06:17:08+07:00,24.10000,85.30000,94.10000,152.10001,0.96657,405.95755
2025-06-24 06:17:57+07:00,24.20000,85.10000,95.40000,152.89999,0.99229,406.12622
2025-06-24 06:18:47+07:00,24.10000,85.00000,99.80000,154.50000,0.93146,406.24084
2025-06-24 06:19:36+07:00,24.10000,85.00000,95.50000,157.20000,0.98452,406.05829
2025-06-24 06:20:25+07:00,24.10000,85.00000,95.40000,150.60001,0.96657,406.17187
2025-06-24 06:21:18+07:00,24.20000,84.80000,94.30000,152.70000,0.95896,406.16043
2025-06-24 06:22:10+07:00,24.20000,84.70000,98.60000,157.20000,0.97167,406.31049
2025-06-24 06:22:59+07:00,24.20000,84.70000,95.60000,150.70000,0.97167,405.97983
2025-06-24 06:23:49+07:00,24.20000,84.70000,97.70000,158.89999,0.95644,406.68054
2025-06-24 06:24:38+07:00,24.20000,84.60000,98.20000,156.80000,1.01589,406.87848
2025-06-24 06:25:28+07:00,24.20000,84.50000,97.40000,156.89999,1.01854,406.80368
2025-06-24 06:26:17+07:00,24.20000,84.50000,102.80000,166.30000,1.01854,406.81610
2025-06-24 06:27:06+07:00,24.30000,84.30000,103.50000,163.89999,1.07545,406.41611
2025-06-24 06:27:56+07:00,24.30000,84.30000,103.40000,164.60001,1.06168,406.95395
2025-06-24 06:28:45+07:00,24.20000,84.60000,105.60000,167.60001,1.06717,406.43979
2025-06-24 06:29:34+07:00,24.10000,84.90000,108.50000,165.10001,1.00534,406.55923
2025-06-24 06:30:24+07:00,24.10000,84.90000,111.30000,170.50000,1.03724,406.52322
2025-06-24 06:31:13+07:00,24.10000,85.00000,108.30000,167.10001,1.01589,406.59543
2025-06-24 06:32:03+07:00,24.20000,84.80000,118.40000,182.70000,0.97423,406.14902
2025-06-24 06:32:52+07:00,24.20000,84.60000,114.50000,168.50000,0.99229,406.64395
2025-06-24 06:33:44+07:00,24.20000,84.50000,117.10000,174.20000,1.00797,406.70502
2025-06-24 06:34:34+07:00,24.20000,84.70000,117.70000,177.60001,1.02119,406.91614
2025-06-24 06:35:23+07:00,24.30000,84.50000,117.30000,178.70000,1.08379,406.82855
2025-06-24 06:36:12+07:00,24.30000,84.50000,115.00000,181.70000,1.06442,406.72958
2025-06-24 06:37:02+07:00,24.20000,84.50000,113.10000,178.50000,1.02919,406.65613
2025-06-24 06:37:51+07:00,24.20000,84.40000,121.00000,186.10001,1.06168,406.36899
2025-06-24 06:38:40+07:00,24.30000,84.50000,124.60000,190.50000,1.11194,406.80368
2025-06-24 06:39:30+07:00,24.30000,84.40000,128.30000,189.89999,1.08937,406.68054
2025-06-24 06:40:19+07:00,24.30000,84.40000,131.10001,193.70000,1.06442,406.87848
2025-06-24 06:41:09+07:00,24.20000,84.30000,132.50000,203.30000,1.00010,406.71729
2025-06-24 06:41:58+07:00,24.20000,84.50000,131.10001,192.20000,1.00797,406.61966
2025-06-24 06:42:47+07:00,24.20000,84.60000,126.50000,189.80000,1.05894,406.87848
2025-06-24 06:43:37+07:00,24.20000,84.80000,126.40000,191.10001,1.04804,406.76654
2025-06-24 06:44:26+07:00,24.20000,84.90000,128.10001,189.89999,1.03187,406.71729
2025-06-24 06:45:16+07:00,24.20000,84.80000,127.60000,190.30000,1.08100,406.84100
2025-06-24 06:46:05+07:00,24.20000,84.80000,122.00000,177.39999,1.03724,406.65613
2025-06-24 06:46:54+07:00,24.30000,84.80000,119.90000,177.10001,1.08937,406.68054
2025-06-24 06:47:44+07:00,24.20000,84.70000,125.30000,186.80000,1.03187,406.92871
2025-06-24 06:48:33+07:00,24.30000,84.80000,139.00000,200.70000,1.06993,406.80368
2025-06-24 06:49:22+07:00,24.30000,84.50000,139.89999,201.30000,1.01324,406.82855
2025-06-24 06:50:12+07:00,24.30000,84.40000,141.50000,207.00000,1.04804,406.77890
2025-06-24 06:51:05+07:00,24.40000,84.50000,135.00000,196.89999,1.03993,406.55923
2025-06-24 06:51:54+07:00,24.30000,84.50000,144.70000,204.50000,1.07269,406.61966
2025-06-24 06:52:43+07:00,24.30000,84.30000,155.89999,213.89999,0.97423,406.55923
2025-06-24 06:53:40+07:00,24.40000,84.30000,131.30000,190.30000,1.02385,406.61966
2025-06-24 06:54:30+07:00,24.40000,84.10000,132.50000,191.30000,1.02385,406.81610
2025-06-24 06:55:19+07:00,24.40000,83.90000,123.70000,183.50000,1.00797,406.69278
2025-06-24 06:56:08+07:00,24.40000,83.90000,113.60000,167.50000,1.00010,406.77890
2025-06-24 06:56:58+07:00,24.40000,83.80000,114.10000,167.80000,1.00534,406.49930
2025-06-24 06:57:47+07:00,24.50000,83.70000,107.80000,162.00000,1.11194,406.55923
2025-06-24 06:58:39+07:00,24.50000,83.70000,107.30000,159.60001,1.01324,406.48737
2025-06-24 06:59:29+07:00,24.50000,83.70000,108.30000,165.60001,0.98969,406.16043
2025-06-24 07:00:21+07:00,24.50000,83.70000,106.40000,158.10001,1.00797,406.34552
2025-06-24 07:01:10+07:00,24.50000,84.00000,101.40000,153.10001,1.06168,406.65613
2025-06-24 07:02:00+07:00,24.50000,83.60000,107.20000,164.30000,1.02385,406.46353
2025-06-24 07:02:49+07:00,24.50000,84.00000,111.30000,177.10001,0.94639,406.17187
2025-06-24 07:03:39+07:00,24.50000,84.00000,112.90000,176.20000,1.04533,406.46353
2025-06-24 07:04:28+07:00,24.50000,84.20000,111.30000,176.30000,1.01060,406.48737
2025-06-24 07:05:18+07:00,24.60000,84.00000,116.60000,182.10001,1.00272,406.43979
2025-06-24 07:06:07+07:00,24.60000,83.90000,117.20000,186.70000,0.97423,406.29883
2025-06-24 07:06:56+07:00,24.60000,83.80000,116.90000,194.70000,1.02652,406.40430
2025-06-24 07:07:46+07:00,24.60000,83.90000,114.10000,184.30000,0.97679,406.19479
2025-06-24 07:08:38+07:00,24.60000,83.80000,119.10000,188.50000,1.03993,406.60754
2025-06-24 07:09:27+07:00,24.70000,83.50000,121.50000,186.50000,0.96912,406.38074
2025-06-24 07:10:20+07:00,24.80000,83.40000,122.50000,188.10001,1.01854,406.61966
2025-06-24 07:11:09+07:00,24.70000,83.50000,117.40000,182.70000,1.05348,406.55923
2025-06-24 07:11:59+07:00,24.70000,83.50000,114.40000,179.39999,0.99749,406.49930
2025-06-24 07:12:48+07:00,24.80000,83.40000,109.50000,173.30000,1.06717,406.68054
2025-06-24 07:13:37+07:00,24.80000,83.10000,112.10000,172.89999,1.05621,406.52322
2025-06-24 07:14:27+07:00,24.80000,82.70000,105.20000,166.50000,0.98969,406.47543
2025-06-24 07:15:16+07:00,24.90000,83.10000,109.30000,171.10001,1.05076,406.72958
2025-06-24 07:16:05+07:00,24.80000,83.20000,109.60000,169.50000,1.05621,406.41611
2025-06-24 07:16:55+07:00,24.90000,83.20000,103.60000,155.70000,1.01060,406.72958
2025-06-24 07:17:47+07:00,24.90000,83.30000,108.90000,169.60001,0.99489,406.52322
2025-06-24 07:18:36+07:00,24.90000,83.20000,113.70000,172.20000,0.95896,406.40430
2025-06-24 07:19:26+07:00,24.80000,83.50000,121.70000,175.80000,0.98710,406.55923
2025-06-24 07:20:15+07:00,24.70000,83.50000,131.00000,184.20000,0.96149,406.53522
2025-06-24 07:21:04+07:00,24.70000,83.50000,145.10001,205.10001,0.99749,406.39252
2025-06-24 07:21:54+07:00,24.70000,83.60000,148.70000,204.20000,0.98710,406.51126
2025-06-24 07:22:43+07:00,24.70000,83.70000,144.39999,208.00000,1.01324,405.96866
2025-06-24 07:23:32+07:00,24.70000,83.80000,140.80000,200.20000,0.94889,406.25241
2025-06-24 07:24:22+07:00,24.70000,83.90000,127.90000,193.10001,0.97167,406.24084
2025-06-24 07:25:11+07:00,24.50000,84.40000,123.60000,183.30000,1.02919,406.20627
2025-06-24 07:26:00+07:00,24.50000,84.60000,118.50000,180.50000,1.00534,406.46353
2025-06-24 07:26:50+07:00,24.40000,84.80000,110.50000,166.39999,0.95644,406.22931
2025-06-24 07:27:41+07:00,24.40000,85.00000,109.50000,166.50000,1.02119,406.18332
2025-06-24 07:28:31+07:00,24.40000,85.10000,102.70000,163.60001,0.98969,406.53522
2025-06-24 07:29:20+07:00,24.30000,85.10000,98.40000,149.80000,0.94639,406.61966
2025-06-24 07:30:09+07:00,24.30000,85.20000,102.90000,157.20000,0.92162,405.84723
2025-06-24 07:30:59+07:00,24.30000,85.20000,104.60000,165.89999,0.93890,405.80359
2025-06-24 07:31:48+07:00,24.30000,85.40000,101.10000,157.00000,0.81642,405.76022
2025-06-24 07:32:37+07:00,24.30000,85.40000,104.80000,164.10001,0.89019,405.71710
2025-06-24 07:33:27+07:00,24.30000,85.30000,109.50000,169.20000,0.84808,405.70636
2025-06-24 07:34:16+07:00,24.20000,85.40000,107.90000,173.60001,0.82988,405.22009
2025-06-24 07:35:05+07:00,24.20000,85.80000,115.30000,182.20000,0.82537,405.44330
2025-06-24 07:35:55+07:00,24.10000,86.20000,113.90000,172.50000,0.80755,405.46396
2025-06-24 07:36:44+07:00,24.10000,86.30000,114.00000,181.89999,0.80755,405.31049
2025-06-24 07:37:34+07:00,24.10000,86.20000,116.60000,177.20000,0.85268,405.44330
2025-06-24 07:38:23+07:00,24.10000,86.00000,116.20000,181.60001,0.83440,405.61047
2025-06-24 07:39:12+07:00,24.20000,85.80000,118.10000,184.10001,0.73515,405.31049
2025-06-24 07:40:02+07:00,24.30000,85.60000,118.10000,181.89999,0.78139,405.49509
2025-06-24 07:40:51+07:00,24.30000,85.60000,113.20000,178.10001,0.77069,405.32059
2025-06-24 07:41:40+07:00,24.30000,85.60000,113.80000,175.39999,0.84808,405.49509
2025-06-24 07:42:30+07:00,24.40000,85.30000,117.00000,179.89999,0.83440,405.47430
2025-06-24 07:43:19+07:00,24.40000,85.00000,116.80000,182.10001,0.76856,405.52637
2025-06-24 07:44:09+07:00,24.40000,84.90000,114.80000,173.60001,0.82313,405.38165
2025-06-24 07:44:58+07:00,24.50000,84.90000,115.20000,176.89999,0.81865,405.45361
2025-06-24 07:45:48+07:00,24.50000,84.90000,113.80000,175.10001,0.83667,405.41238
2025-06-24 07:46:37+07:00,24.50000,84.90000,113.40000,166.30000,0.79439,405.41238
2025-06-24 07:47:26+07:00,24.50000,84.80000,114.20000,175.20000,0.76432,405.33072
2025-06-24 07:48:18+07:00,24.50000,84.70000,105.10000,160.20000,0.83213,405.41238
2025-06-24 07:49:08+07:00,24.60000,84.20000,108.60000,165.60001,0.86194,405.36124
2025-06-24 07:50:00+07:00,24.50000,84.60000,112.70000,173.00000,0.80314,405.52637
2025-06-24 07:50:49+07:00,24.50000,85.00000,112.10000,172.00000,0.87128,405.49509
2025-06-24 07:51:39+07:00,24.50000,85.10000,122.10000,183.60001,0.74755,405.28021
2025-06-24 07:52:28+07:00,24.50000,85.10000,119.70000,185.80000,0.81865,405.54730
2025-06-24 07:53:17+07:00,24.60000,84.90000,117.70000,182.30000,0.80535,405.57883
2025-06-24 07:54:07+07:00,24.60000,84.60000,122.00000,183.80000,0.74547,405.81448
2025-06-24 07:54:56+07:00,24.60000,84.50000,123.30000,187.60001,0.79876,405.47430
2025-06-24 07:55:46+07:00,24.70000,84.30000,128.30000,194.39999,0.83440,405.29028
2025-06-24 07:56:35+07:00,24.70000,84.10000,130.39999,197.80000,0.76644,405.58936
2025-06-24 07:57:24+07:00,24.60000,84.20000,130.39999,199.39999,0.83894,405.44330
2025-06-24 07:58:14+07:00,24.70000,84.10000,123.30000,185.20000,0.83213,405.41238
2025-06-24 07:59:03+07:00,24.70000,84.10000,120.60000,180.00000,0.82762,405.39188
2025-06-24 07:59:53+07:00,24.70000,84.00000,121.00000,184.50000,0.83440,405.31049
2025-06-24 08:00:42+07:00,24.80000,83.90000,122.30000,187.89999,0.86660,405.53680
2025-06-24 08:01:32+07:00,24.80000,83.80000,122.30000,187.10001,0.80535,405.59991
2025-06-24 08:02:21+07:00,24.80000,83.90000,122.70000,181.00000,0.82762,405.48468
2025-06-24 08:03:10+07:00,24.80000,83.80000,118.00000,175.80000,0.83667,405.63165
2025-06-24 08:04:00+07:00,24.90000,83.50000,120.10000,177.10001,0.84350,405.64230
2025-06-24 08:04:49+07:00,24.90000,83.10000,122.70000,188.70000,0.87128,405.62106
2025-06-24 08:05:39+07:00,24.90000,83.30000,122.80000,186.89999,0.85730,405.59991
2025-06-24 08:06:28+07:00,24.90000,83.40000,121.10000,181.50000,0.85268,405.89117
2025-06-24 08:07:17+07:00,25.00000,83.10000,122.60000,187.30000,0.83440,405.79272
2025-06-24 08:08:07+07:00,25.10000,82.80000,120.10000,180.20000,0.80095,405.81448
2025-06-24 08:08:56+07:00,25.10000,82.60000,123.00000,184.00000,0.83440,405.84723
2025-06-24 08:09:46+07:00,25.20000,82.40000,118.60000,178.10001,0.84579,405.78186
2025-06-24 08:10:35+07:00,25.20000,82.20000,121.80000,184.70000,0.92162,405.74942
2025-06-24 08:11:25+07:00,25.30000,82.00000,125.00000,187.80000,0.87363,405.81448
2025-06-24 08:12:14+07:00,25.40000,82.00000,124.70000,189.00000,0.88070,405.82538
2025-06-24 08:13:04+07:00,25.40000,81.70000,127.10000,192.70000,0.92407,405.90219
2025-06-24 08:13:53+07:00,25.40000,81.60000,124.40000,184.20000,0.97936,405.97983
2025-06-24 08:14:43+07:00,25.50000,81.60000,122.40000,187.80000,0.89497,406.03577
2025-06-24 08:15:32+07:00,25.50000,81.30000,122.90000,185.50000,0.92407,406.12622
2025-06-24 08:16:21+07:00,25.50000,81.20000,122.20000,177.60001,0.84350,405.91321
2025-06-24 08:17:11+07:00,25.60000,80.90000,122.70000,184.39999,0.93394,405.93536
2025-06-24 08:18:00+07:00,25.70000,80.90000,122.90000,183.10001,0.94639,405.82538
2025-06-24 08:18:49+07:00,25.80000,80.40000,112.40000,165.39999,0.95140,406.09216
2025-06-24 08:19:39+07:00,25.80000,80.10000,110.80000,168.70000,0.94389,406.09216
2025-06-24 08:20:28+07:00,25.90000,80.00000,110.70000,171.39999,1.03455,405.92429
2025-06-24 08:21:18+07:00,25.90000,79.50000,107.00000,159.39999,0.96657,405.78186
2025-06-24 08:22:07+07:00,25.90000,79.50000,103.40000,158.80000,0.92162,405.90219
2025-06-24 08:22:56+07:00,26.00000,79.20000,105.40000,158.89999,0.87598,405.63165
2025-06-24 08:23:52+07:00,26.00000,79.40000,108.60000,168.60001,0.88543,405.76022
2025-06-24 08:24:42+07:00,25.90000,79.40000,108.50000,162.10001,0.87128,405.59991
2025-06-24 08:25:31+07:00,25.90000,79.60000,96.00000,144.10001,0.90218,405.52637
2025-06-24 08:26:20+07:00,25.90000,79.00000,81.20000,122.70000,0.89737,405.73862
2025-06-24 08:27:13+07:00,26.10000,78.20000,87.50000,124.50000,0.90218,405.52637
2025-06-24 08:28:05+07:00,26.20000,77.90000,89.80000,134.80000,0.87363,405.48468
2025-06-24 08:29:03+07:00,26.30000,77.70000,108.40000,159.00000,0.95896,405.34088
2025-06-24 08:29:57+07:00,26.20000,78.30000,110.60000,167.39999,0.84808,405.65292
2025-06-24 08:30:48+07:00,26.00000,79.00000,101.40000,154.70000,0.90943,405.55777
2025-06-24 08:31:40+07:00,26.00000,78.90000,101.80000,154.00000,0.86894,405.70636
2025-06-24 08:32:37+07:00,25.90000,79.40000,98.80000,151.80000,0.83440,405.62106
2025-06-24 08:34:26+07:00,25.80000,79.30000,97.70000,149.20000,0.84579,405.68494
2025-06-24 08:35:15+07:00,25.90000,79.10000,102.20000,154.60001,0.90218,405.66357
2025-06-24 08:36:05+07:00,25.80000,79.10000,97.20000,149.39999,0.85499,405.64230
2025-06-24 08:36:54+07:00,25.90000,78.80000,97.40000,145.30000,0.77495,405.42267
2025-06-24 08:37:43+07:00,25.90000,79.00000,108.60000,160.20000,0.86194,405.72784
2025-06-24 08:38:33+07:00,25.80000,79.30000,107.30000,162.50000,0.83667,405.51593
2025-06-24 08:39:22+07:00,25.90000,79.20000,104.80000,155.10001,0.89497,405.43298
2025-06-24 08:40:12+07:00,25.90000,79.00000,103.00000,160.89999,0.85730,405.39188
2025-06-24 08:41:01+07:00,25.90000,79.00000,100.70000,147.80000,0.84350,405.53680
2025-06-24 08:41:54+07:00,25.90000,79.00000,99.50000,150.80000,0.88543,405.43298
2025-06-24 08:42:43+07:00,25.90000,78.80000,100.80000,148.70000,0.79439,405.56830
2025-06-24 08:43:33+07:00,25.90000,78.70000,101.20000,156.60001,0.87128,405.46396
2025-06-24 08:44:22+07:00,25.90000,78.80000,102.10000,153.70000,0.84122,405.79272
2025-06-24 08:45:11+07:00,25.80000,79.20000,103.40000,151.30000,0.85038,405.58936
2025-06-24 08:46:01+07:00,25.80000,79.40000,102.30000,148.80000,0.84350,405.76022
2025-06-24 08:46:50+07:00,25.90000,79.40000,104.30000,153.70000,0.85730,405.58936
2025-06-24 08:47:40+07:00,25.90000,79.40000,104.30000,157.70000,0.93890,405.59991
2025-06-24 08:48:29+07:00,25.90000,79.50000,113.30000,162.70000,0.88543,405.66357
2025-06-24 08:49:19+07:00,25.80000,80.00000,115.10000,169.10001,0.90218,405.40213
2025-06-24 08:50:11+07:00,25.90000,80.00000,115.20000,167.00000,0.83213,405.76022
2025-06-24 08:51:01+07:00,26.00000,79.90000,112.60000,167.39999,0.87128,405.74942
2025-06-24 08:51:50+07:00,26.00000,79.70000,108.80000,158.39999,0.84122,405.73862
2025-06-24 08:52:39+07:00,26.00000,79.40000,102.70000,147.60001,0.85268,405.69565
2025-06-24 08:53:29+07:00,26.10000,78.80000,98.90000,139.89999,0.87598,405.72784
2025-06-24 08:54:21+07:00,26.30000,78.00000,96.30000,141.10001,0.84808,405.89117
2025-06-24 08:55:11+07:00,26.50000,77.70000,105.30000,151.70000,0.87598,405.93536
2025-06-24 08:56:00+07:00,26.50000,77.40000,104.10000,158.80000,0.91429,405.73862
2025-06-24 08:56:50+07:00,26.60000,77.50000,103.50000,151.60001,0.90459,405.61047
2025-06-24 08:57:39+07:00,26.50000,77.50000,103.10000,151.10001,0.92407,405.54730
2025-06-24 08:58:29+07:00,26.40000,77.10000,99.20000,143.00000,0.95140,405.55777
2025-06-24 08:59:18+07:00,26.60000,77.20000,108.50000,163.89999,0.86427,405.64230
2025-06-24 09:00:07+07:00,26.60000,77.30000,114.40000,170.20000,0.82537,405.58936
2025-06-24 09:00:57+07:00,26.50000,77.60000,110.10000,162.80000,0.87598,405.54730
2025-06-24 09:01:46+07:00,26.50000,77.80000,109.90000,161.60001,0.82537,405.66357
2025-06-24 09:02:35+07:00,26.60000,77.70000,112.90000,166.00000,0.87598,405.80359
2025-06-24 09:03:25+07:00,26.70000,77.90000,115.70000,171.30000,0.87833,405.55777
2025-06-24 09:04:14+07:00,26.70000,77.80000,113.10000,167.30000,0.91429,405.69565
2025-06-24 09:05:04+07:00,26.60000,77.60000,107.10000,154.89999,0.89258,405.63165
2025-06-24 09:05:53+07:00,26.50000,77.50000,116.00000,168.20000,0.88306,405.42267
2025-06-24 09:06:43+07:00,26.50000,77.80000,116.90000,177.20000,0.86194,405.42267
2025-06-24 09:07:32+07:00,26.50000,78.00000,119.00000,170.00000,0.79657,405.62106
2025-06-24 09:08:21+07:00,26.40000,78.00000,119.20000,170.80000,0.85730,405.58936
2025-06-24 09:09:11+07:00,26.40000,78.20000,112.20000,158.30000,0.86894,405.39188
2025-06-24 09:10:00+07:00,26.40000,78.50000,103.90000,151.39999,0.86660,405.51593
2025-06-24 09:10:50+07:00,26.30000,78.60000,96.70000,139.50000,0.83667,405.64230
2025-06-24 09:11:39+07:00,26.30000,78.40000,96.30000,138.39999,0.89019,405.64230
2025-06-24 09:12:28+07:00,26.30000,78.20000,90.00000,131.30000,0.85038,405.62106
2025-06-24 09:13:21+07:00,26.20000,78.00000,91.80000,133.50000,0.82537,405.50549
2025-06-24 09:14:10+07:00,26.20000,78.10000,93.60000,135.89999,0.78139,405.31049
2025-06-24 09:14:59+07:00,26.10000,78.30000,86.00000,124.60000,0.83894,405.35104
2025-06-24 09:15:49+07:00,26.10000,78.20000,79.70000,116.60000,0.85962,405.34088
2025-06-24 09:16:38+07:00,26.20000,77.80000,75.70000,106.60000,0.83440,405.20020
2025-06-24 09:17:28+07:00,26.20000,77.90000,77.20000,114.40000,0.81865,405.34088
2025-06-24 09:18:17+07:00,26.20000,77.80000,81.30000,116.10000,0.80314,405.23007
2025-06-24 09:19:07+07:00,26.30000,77.80000,74.70000,107.60000,0.81420,405.43298
2025-06-24 09:19:56+07:00,26.40000,77.30000,77.20000,109.00000,0.79004,405.22009
2025-06-24 09:20:46+07:00,26.40000,77.40000,94.00000,130.89999,0.83894,405.22009
2025-06-24 09:21:35+07:00,26.40000,77.70000,94.30000,134.80000,0.82089,405.16055
2025-06-24 09:22:24+07:00,26.30000,77.90000,96.40000,140.00000,0.80755,405.15067
2025-06-24 09:23:17+07:00,26.20000,78.20000,96.00000,135.50000,0.83894,405.42267
2025-06-24 09:24:06+07:00,26.30000,78.30000,96.00000,136.89999,0.78139,405.17044
2025-06-24 09:24:55+07:00,26.40000,78.60000,84.00000,121.50000,0.81865,405.62106
2025-06-24 09:25:45+07:00,26.40000,78.00000,89.80000,128.89999,0.78570,405.42267
2025-06-24 09:26:34+07:00,26.40000,78.40000,90.20000,132.60001,0.83440,405.55777
2025-06-24 09:27:24+07:00,26.40000,78.30000,91.80000,131.60001,0.80976,405.37143
2025-06-24 09:28:13+07:00,26.30000,78.50000,92.20000,132.60001,0.81865,405.38165
2025-06-24 09:29:03+07:00,26.30000,78.50000,94.50000,137.89999,0.82089,405.34088
2025-06-24 09:29:52+07:00,26.20000,78.70000,93.40000,132.10001,0.81642,405.40213
2025-06-24 09:30:42+07:00,26.20000,78.70000,89.20000,129.89999,0.84122,405.25009
2025-06-24 09:31:31+07:00,26.20000,78.70000,88.10000,123.40000,0.80535,405.29028
2025-06-24 09:32:22+07:00,26.20000,78.50000,82.80000,119.80000,0.78139,405.41238
2025-06-24 09:33:17+07:00,26.20000,78.50000,82.60000,115.70000,0.79657,405.46396
2025-06-24 09:34:07+07:00,26.30000,78.30000,79.90000,114.90000,0.80755,405.74942
2025-06-24 09:34:56+07:00,26.30000,78.00000,86.20000,119.50000,0.81420,405.63165
2025-06-24 09:35:46+07:00,26.30000,77.70000,85.80000,120.80000,0.82988,405.22009
2025-06-24 09:36:38+07:00,26.30000,77.90000,80.20000,111.30000,0.85038,405.50549
2025-06-24 09:37:27+07:00,26.40000,77.40000,87.70000,127.40000,0.85499,405.41238
2025-06-24 09:38:16+07:00,26.30000,77.70000,94.70000,134.30000,0.83667,405.88016
2025-06-24 09:39:06+07:00,26.20000,78.10000,98.30000,138.30000,0.82089,405.55777
2025-06-24 09:39:55+07:00,26.10000,78.80000,99.30000,141.70000,0.77924,405.27014
2025-06-24 09:40:45+07:00,26.10000,78.90000,100.20000,143.10001,0.82762,405.41238
2025-06-24 09:41:34+07:00,26.10000,78.90000,97.80000,136.00000,0.77282,405.40213
2025-06-24 09:42:24+07:00,26.20000,78.70000,99.00000,140.39999,0.84122,405.45361
2025-06-24 09:43:13+07:00,26.30000,78.50000,99.30000,147.00000,0.79876,405.65292
2025-06-24 09:44:05+07:00,26.30000,78.80000,103.20000,145.10001,0.89977,405.46396
2025-06-24 09:44:55+07:00,26.20000,79.10000,88.00000,127.40000,0.85268,405.63165
2025-06-24 09:45:44+07:00,26.20000,78.90000,96.90000,142.20000,0.85038,405.59991
2025-06-24 09:46:33+07:00,26.30000,78.80000,95.00000,134.80000,0.84122,405.74942
2025-06-24 09:47:25+07:00,26.40000,78.50000,97.30000,140.89999,0.83440,405.63165
2025-06-24 09:48:14+07:00,26.30000,78.60000,102.80000,147.70000,0.85730,405.39188
2025-06-24 09:49:08+07:00,26.30000,78.50000,103.80000,144.50000,0.81642,405.68494
2025-06-24 09:49:57+07:00,26.20000,78.70000,99.80000,148.20000,0.88306,406.02457
2025-06-24 09:50:47+07:00,26.30000,78.50000,104.70000,150.30000,0.84350,405.55777
2025-06-24 09:51:37+07:00,26.30000,78.40000,103.80000,150.10001,0.84122,405.39188
2025-06-24 09:52:26+07:00,26.40000,78.50000,103.60000,145.00000,0.87598,405.56830
2025-06-24 09:53:15+07:00,26.50000,78.40000,100.00000,140.70000,0.87598,405.89117
2025-06-24 09:54:05+07:00,26.60000,78.00000,108.40000,153.30000,0.82988,405.93536
2025-06-24 09:54:54+07:00,26.70000,78.20000,96.40000,137.80000,0.82313,405.76022
2025-06-24 09:55:44+07:00,26.70000,77.90000,108.00000,157.30000,0.86194,405.65292
2025-06-24 09:56:33+07:00,26.80000,78.40000,96.60000,142.39999,0.84808,405.89117
2025-06-24 09:57:23+07:00,26.70000,77.40000,91.70000,130.30000,0.87598,405.71710
2025-06-24 09:58:12+07:00,26.70000,77.20000,88.50000,127.50000,0.87128,405.69565
2025-06-24 09:59:01+07:00,26.60000,77.20000,89.00000,124.40000,0.84122,405.48468
2025-06-24 09:59:51+07:00,26.70000,77.60000,82.40000,115.30000,0.81865,405.76022
2025-06-24 10:00:40+07:00,26.80000,77.80000,80.00000,115.90000,0.83894,405.58936
2025-06-24 10:01:30+07:00,26.80000,77.70000,85.30000,124.20000,0.84122,405.35104
2025-06-24 10:02:19+07:00,26.80000,77.80000,86.20000,123.60000,0.83667,405.50549
2025-06-24 10:03:08+07:00,26.90000,77.60000,85.90000,123.10000,0.81865,405.44330
2025-06-24 10:03:58+07:00,26.90000,77.50000,85.10000,126.00000,0.82988,405.18033
2025-06-24 10:04:47+07:00,27.00000,77.30000,77.70000,112.10000,0.82988,405.22009
2025-06-24 10:05:39+07:00,27.00000,76.80000,72.30000,102.10000,0.86660,405.24005
2025-06-24 10:06:29+07:00,27.00000,76.20000,74.10000,108.80000,0.80314,405.38165
2025-06-24 10:07:19+07:00,27.10000,76.30000,73.30000,105.50000,0.84579,405.49509
2025-06-24 10:08:08+07:00,27.10000,76.10000,71.70000,102.80000,0.83440,405.23007
2025-06-24 10:08:58+07:00,27.10000,75.70000,62.30000,91.90000,0.77709,405.61047
2025-06-24 10:09:47+07:00,27.10000,74.60000,50.50000,74.00000,0.80314,405.34088
2025-06-24 10:10:37+07:00,27.00000,74.40000,50.00000,68.80000,0.73927,405.25009
2025-06-24 10:11:26+07:00,27.00000,74.20000,51.50000,73.10000,0.77709,404.94693
2025-06-24 10:12:15+07:00,27.00000,74.50000,52.90000,72.60000,0.75380,404.77756
2025-06-24 10:13:05+07:00,27.10000,74.70000,54.20000,74.80000,0.79876,405.22009
2025-06-24 10:13:54+07:00,27.10000,75.20000,56.80000,80.50000,0.78787,405.04312
2025-06-24 10:14:44+07:00,27.20000,75.50000,58.20000,82.50000,0.75590,405.13098
2025-06-24 10:15:33+07:00,27.30000,75.20000,60.10000,86.40000,0.73106,404.91837
2025-06-24 10:16:23+07:00,27.30000,75.00000,62.30000,88.00000,0.74963,405.06253
2025-06-24 10:17:16+07:00,27.30000,75.10000,65.50000,94.60000,0.71687,405.00446
2025-06-24 10:18:08+07:00,27.30000,74.90000,63.80000,91.00000,0.80755,405.15067
2025-06-24 10:18:57+07:00,27.40000,74.80000,61.90000,87.30000,0.75171,405.09177
2025-06-24 10:19:47+07:00,27.40000,74.60000,62.30000,84.20000,0.77709,405.02374
2025-06-24 10:20:37+07:00,27.50000,74.10000,60.80000,85.20000,0.70488,405.12115
2025-06-24 10:21:26+07:00,27.40000,74.40000,60.70000,86.30000,0.76856,405.20020
2025-06-24 10:22:15+07:00,27.40000,74.50000,61.70000,86.10000,0.74340,405.26010
2025-06-24 10:23:06+07:00,27.50000,74.50000,59.90000,87.10000,0.83894,405.15067
2025-06-24 10:23:58+07:00,27.50000,74.50000,57.80000,80.00000,0.70290,405.26010
2025-06-24 10:24:47+07:00,27.50000,74.40000,52.60000,74.40000,0.77924,405.29028
2025-06-24 10:25:37+07:00,27.50000,74.00000,53.60000,78.00000,0.79876,405.09177
2025-06-24 10:26:26+07:00,27.50000,73.80000,53.70000,74.70000,0.76432,405.19025
2025-06-24 10:27:15+07:00,27.50000,73.90000,52.70000,73.50000,0.73927,405.23007
2025-06-24 10:28:05+07:00,27.60000,73.80000,54.90000,78.10000,0.79004,404.99481
2025-06-24 10:28:54+07:00,27.60000,73.80000,53.40000,76.60000,0.71286,405.01410
2025-06-24 10:29:44+07:00,27.60000,74.00000,55.30000,74.80000,0.76644,404.95648
2025-06-24 10:30:33+07:00,27.60000,74.70000,51.10000,70.50000,0.80976,405.14081
2025-06-24 10:31:22+07:00,27.60000,74.50000,48.90000,67.70000,0.77495,404.85223
2025-06-24 10:32:12+07:00,27.70000,73.90000,40.20000,54.20000,0.71086,405.04312
2025-06-24 10:33:01+07:00,27.60000,72.40000,42.30000,56.40000,0.74547,405.02374
2025-06-24 10:33:51+07:00,27.60000,72.40000,43.80000,59.50000,0.75800,404.90887
2025-06-24 10:34:40+07:00,27.60000,72.90000,39.70000,54.20000,0.74963,404.88049
2025-06-24 10:35:29+07:00,27.60000,71.90000,41.60000,56.90000,0.72902,404.74982
2025-06-24 10:36:19+07:00,27.60000,72.40000,38.00000,51.50000,0.79876,404.92786
2025-06-24 10:37:08+07:00,27.70000,71.70000,36.60000,48.40000,0.71888,404.95648
2025-06-24 10:37:58+07:00,27.70000,71.40000,33.30000,44.80000,0.68330,404.62198
2025-06-24 10:38:47+07:00,27.80000,70.60000,34.10000,44.60000,0.68524,404.78683
2025-06-24 10:39:37+07:00,27.80000,70.90000,36.40000,44.90000,0.68137,404.80545
2025-06-24 10:40:26+07:00,27.80000,70.40000,35.60000,46.40000,0.70488,405.02374
2025-06-24 10:41:15+07:00,27.90000,70.30000,31.10000,41.60000,0.72090,404.99481
2025-06-24 10:42:05+07:00,27.80000,69.50000,39.10000,54.30000,0.71486,404.65820
2025-06-24 10:42:54+07:00,27.80000,70.10000,34.90000,47.00000,0.67559,404.59497
2025-06-24 10:43:44+07:00,27.90000,69.90000,26.70000,33.90000,0.68524,404.58600
2025-06-24 10:44:33+07:00,27.90000,69.10000,26.70000,35.10000,0.73515,404.59497
2025-06-24 10:45:23+07:00,27.90000,68.80000,29.20000,37.40000,0.74340,404.71298
2025-06-24 10:46:13+07:00,27.90000,69.50000,31.60000,40.40000,0.62166,404.78683
2025-06-24 10:47:02+07:00,27.80000,69.70000,32.00000,39.90000,0.68914,404.55914
2025-06-24 10:47:51+07:00,27.70000,70.20000,36.10000,46.90000,0.65285,404.68555
2025-06-24 10:48:41+07:00,27.70000,70.20000,35.30000,45.90000,0.65098,404.67642
2025-06-24 10:49:30+07:00,27.80000,70.30000,36.30000,48.40000,0.61449,404.75903
2025-06-24 10:50:19+07:00,27.90000,70.30000,34.80000,45.70000,0.71086,404.79614
2025-06-24 10:51:09+07:00,27.90000,70.60000,35.50000,45.70000,0.71086,404.92786
2025-06-24 10:51:58+07:00,27.90000,70.50000,36.70000,47.60000,0.68914,404.60394
2025-06-24 10:52:48+07:00,27.80000,70.20000,36.60000,50.10000,0.69894,404.64914
2025-06-24 10:53:37+07:00,27.80000,70.30000,37.80000,50.40000,0.66985,404.77756
2025-06-24 10:54:27+07:00,27.80000,71.00000,39.10000,52.60000,0.64170,404.69467
2025-06-24 10:55:16+07:00,27.90000,70.70000,41.20000,55.20000,0.67751,404.91837
2025-06-24 10:56:05+07:00,28.00000,70.90000,39.40000,54.50000,0.67751,404.68555
2025-06-24 10:56:55+07:00,28.00000,70.70000,39.60000,55.30000,0.71286,404.78683
2025-06-24 10:57:44+07:00,27.90000,70.80000,38.60000,54.30000,0.63986,404.84286
2025-06-24 10:58:34+07:00,28.00000,70.40000,39.90000,54.00000,0.68137,404.26364
2025-06-24 10:59:23+07:00,28.00000,70.50000,41.00000,56.30000,0.64726,404.89938
2025-06-24 11:00:12+07:00,28.00000,70.30000,41.30000,58.10000,0.64726,404.55020
2025-06-24 11:01:03+07:00,28.00000,70.50000,42.00000,56.80000,0.62889,404.68555
2025-06-24 11:01:52+07:00,27.90000,70.60000,42.20000,56.00000,0.68524,404.71298
2025-06-24 11:02:45+07:00,27.90000,70.70000,40.90000,53.40000,0.62526,404.74982
2025-06-24 11:03:35+07:00,27.80000,70.60000,41.40000,56.70000,0.67751,404.84286
2025-06-24 11:04:27+07:00,27.90000,71.00000,42.00000,55.70000,0.66985,404.61298
2025-06-24 11:05:20+07:00,27.90000,71.40000,38.00000,53.10000,0.62166,404.60394
2025-06-24 11:06:15+07:00,28.00000,70.80000,38.40000,48.60000,0.65472,404.55914
2025-06-24 11:07:08+07:00,28.10000,70.50000,35.70000,44.30000,0.66225,404.93738
2025-06-24 11:07:57+07:00,28.10000,69.80000,35.50000,44.90000,0.67559,404.95648
2025-06-24 11:08:47+07:00,28.10000,69.30000,38.70000,50.30000,0.69109,405.23007
2025-06-24 11:09:36+07:00,28.10000,69.50000,35.30000,46.20000,0.69894,405.09177
2025-06-24 11:10:26+07:00,28.20000,69.40000,33.40000,42.00000,0.70488,405.00446
2025-06-24 11:11:18+07:00,28.20000,68.80000,32.30000,44.10000,0.76856,404.96603
2025-06-24 11:12:12+07:00,28.20000,69.00000,35.60000,46.00000,0.76010,405.44330
2025-06-24 11:13:01+07:00,28.30000,69.20000,38.00000,51.20000,0.82988,405.16055
2025-06-24 11:13:50+07:00,28.30000,69.40000,37.00000,47.10000,0.80535,405.66357
2025-06-24 11:14:40+07:00,28.30000,69.80000,36.20000,46.00000,0.82313,405.49509
2025-06-24 11:15:29+07:00,28.30000,69.30000,38.00000,47.60000,0.82089,405.45361
2025-06-24 11:16:19+07:00,28.20000,69.50000,35.70000,45.60000,0.86194,405.03342
2025-06-24 11:17:08+07:00,28.20000,69.80000,37.40000,49.50000,0.79876,405.34088
2025-06-24 11:17:57+07:00,28.10000,70.20000,36.00000,46.30000,0.78787,405.01410
2025-06-24 11:18:47+07:00,28.10000,69.70000,37.00000,47.40000,0.81642,405.02374
2025-06-24 11:19:36+07:00,28.10000,69.60000,37.70000,48.70000,0.82762,405.31049
2025-06-24 11:20:25+07:00,28.10000,69.90000,40.10000,53.70000,0.83213,405.12115
2025-06-24 11:21:15+07:00,28.10000,69.80000,38.90000,48.30000,0.77924,405.33072
2025-06-24 11:22:04+07:00,28.10000,70.20000,41.50000,55.80000,0.82762,405.32059
2025-06-24 11:22:54+07:00,28.00000,70.10000,42.10000,57.10000,0.77069,405.23007
2025-06-24 11:23:43+07:00,28.00000,71.10000,43.00000,57.30000,0.76856,405.16055
2025-06-24 11:24:33+07:00,27.90000,71.30000,43.20000,59.10000,0.80535,405.20020
2025-06-24 11:25:22+07:00,28.00000,71.70000,42.10000,54.20000,0.82089,405.06253
2025-06-24 11:26:11+07:00,28.00000,71.10000,39.60000,50.00000,0.82313,405.07227
2025-06-24 11:27:01+07:00,28.00000,71.00000,39.50000,52.80000,0.77709,405.35104
2025-06-24 11:27:50+07:00,27.90000,70.90000,39.90000,52.50000,0.82762,405.19025
2025-06-24 11:28:40+07:00,27.90000,71.20000,41.50000,53.60000,0.73106,405.32059
2025-06-24 11:29:29+07:00,27.90000,71.30000,43.20000,52.30000,0.76856,405.26010
2025-06-24 11:30:18+07:00,27.90000,71.30000,42.60000,55.10000,0.78570,405.40213
2025-06-24 11:31:08+07:00,27.90000,71.20000,42.80000,54.00000,0.82313,405.38165
2025-06-24 11:31:57+07:00,28.00000,71.30000,40.80000,53.00000,0.68330,405.42267
2025-06-24 11:32:47+07:00,28.00000,70.10000,39.30000,49.40000,0.79657,405.41238
2025-06-24 11:33:36+07:00,27.90000,70.30000,38.50000,47.50000,0.73927,404.79614
2025-06-24 11:34:25+07:00,27.90000,70.40000,38.00000,49.90000,0.75800,405.17044
2025-06-24 11:35:18+07:00,27.90000,70.50000,34.80000,44.80000,0.79004,405.10156
2025-06-24 11:36:11+07:00,27.80000,70.30000,35.70000,44.40000,0.78139,405.47430
2025-06-24 11:37:00+07:00,27.80000,70.60000,36.80000,46.60000,0.65098,405.23007
2025-06-24 11:37:50+07:00,27.90000,70.50000,39.20000,53.30000,0.73515,405.28021
2025-06-24 11:38:39+07:00,27.90000,70.60000,40.80000,53.20000,0.79876,405.36124
2025-06-24 11:39:29+07:00,28.00000,70.90000,38.20000,50.90000,0.80535,404.88049
2025-06-24 11:40:18+07:00,28.10000,70.60000,38.50000,52.10000,0.79657,405.12115
2025-06-24 11:41:08+07:00,28.20000,70.20000,38.00000,47.60000,0.80095,405.15067
2025-06-24 11:41:57+07:00,28.30000,69.40000,37.80000,48.50000,0.76856,405.23007
2025-06-24 11:42:47+07:00,28.30000,69.10000,39.20000,48.70000,0.80314,405.22009
2025-06-24 11:43:36+07:00,28.30000,69.30000,42.10000,55.00000,0.78570,405.14081
2025-06-24 11:44:25+07:00,28.30000,69.40000,40.40000,50.40000,0.80314,404.96603
2025-06-24 11:45:15+07:00,28.30000,69.30000,42.80000,56.70000,0.75800,405.32059
2025-06-24 11:46:04+07:00,28.40000,69.50000,40.50000,51.90000,0.78139,405.07227
2025-06-24 11:46:54+07:00,28.40000,68.60000,41.80000,54.60000,0.76644,405.31049
2025-06-24 11:47:43+07:00,28.30000,69.10000,44.00000,60.70000,0.80755,405.35104
2025-06-24 11:48:36+07:00,28.30000,69.30000,47.80000,65.30000,0.77069,405.27014
2025-06-24 11:49:25+07:00,28.40000,69.20000,44.50000,59.70000,0.80976,405.29028
2025-06-24 11:50:15+07:00,28.40000,69.30000,42.90000,57.80000,0.80095,405.40213
2025-06-24 11:51:04+07:00,28.50000,69.00000,38.90000,49.10000,0.74133,405.33072
2025-06-24 11:51:54+07:00,28.50000,69.20000,42.10000,55.90000,0.77282,405.25009
2025-06-24 11:52:43+07:00,28.60000,68.90000,42.50000,57.10000,0.77924,405.33072
2025-06-24 11:53:33+07:00,28.60000,69.00000,43.90000,56.80000,0.80095,405.40213
2025-06-24 11:54:22+07:00,28.60000,68.30000,42.60000,57.20000,0.80755,405.08200
2025-06-24 11:55:11+07:00,28.50000,68.70000,40.00000,52.20000,0.79439,405.22009
2025-06-24 11:56:01+07:00,28.50000,69.20000,35.90000,45.80000,0.71086,405.28021
2025-06-24 11:56:50+07:00,28.60000,68.60000,33.50000,46.40000,0.77069,405.30035
2025-06-24 11:57:40+07:00,28.60000,68.20000,35.60000,48.00000,0.77924,404.77756
2025-06-24 11:58:29+07:00,28.60000,68.40000,38.40000,48.30000,0.73106,405.03342
2025-06-24 11:59:18+07:00,28.80000,68.50000,37.50000,45.90000,0.82089,405.52637
2025-06-24 12:00:08+07:00,28.70000,68.70000,36.50000,44.00000,0.76856,405.23007
2025-06-24 12:00:57+07:00,28.70000,69.10000,37.90000,45.80000,0.75171,405.37143
2025-06-24 12:01:47+07:00,28.70000,68.90000,37.10000,45.80000,0.80095,405.32059
2025-06-24 12:02:36+07:00,28.70000,69.00000,37.20000,47.80000,0.74547,405.32059
2025-06-24 12:03:25+07:00,28.60000,69.20000,36.10000,45.20000,0.75171,405.35104
2025-06-24 12:04:17+07:00,28.70000,68.70000,35.50000,43.10000,0.75590,405.13098
2025-06-24 12:05:11+07:00,28.70000,68.20000,35.60000,45.30000,0.76432,405.37143
2025-06-24 12:06:00+07:00,28.80000,67.80000,35.60000,45.40000,0.78139,405.25009
2025-06-24 12:06:49+07:00,28.70000,67.80000,35.20000,41.50000,0.73515,405.24005
2025-06-24 12:07:41+07:00,28.80000,68.20000,38.10000,48.00000,0.81420,405.46396
2025-06-24 12:08:31+07:00,28.80000,68.00000,50.80000,65.70000,0.82762,405.10156
2025-06-24 12:09:21+07:00,28.80000,68.10000,46.20000,57.10000,0.82762,405.27014
2025-06-24 12:10:11+07:00,28.90000,68.20000,41.30000,51.50000,0.82313,405.25009
2025-06-24 12:11:00+07:00,28.90000,68.10000,38.50000,47.50000,0.81198,405.38165
2025-06-24 12:11:50+07:00,28.90000,68.10000,37.40000,45.70000,0.80314,405.39188
2025-06-24 12:12:39+07:00,29.00000,68.10000,36.30000,49.80000,0.80755,404.84286
2025-06-24 12:13:28+07:00,28.90000,68.10000,35.80000,47.20000,0.81642,405.16055
2025-06-24 12:14:18+07:00,28.90000,68.20000,36.40000,46.10000,0.81198,405.25009
2025-06-24 12:15:07+07:00,28.80000,68.60000,36.50000,44.30000,0.83894,405.00446
2025-06-24 12:15:57+07:00,28.80000,69.00000,37.50000,49.00000,0.86194,405.32059
2025-06-24 12:16:46+07:00,28.80000,69.00000,38.00000,45.90000,0.79221,405.04312
2025-06-24 12:17:36+07:00,28.80000,68.70000,38.00000,48.20000,0.76644,405.12115
2025-06-24 12:18:25+07:00,28.80000,68.60000,36.90000,45.50000,0.67176,405.32059
2025-06-24 12:19:14+07:00,28.90000,68.20000,36.70000,47.20000,0.81865,405.26010
2025-06-24 12:20:04+07:00,28.90000,68.20000,37.40000,44.00000,0.76221,405.07227
2025-06-24 12:20:53+07:00,28.90000,68.40000,37.00000,47.00000,0.76856,405.16055
2025-06-24 12:21:43+07:00,29.00000,68.00000,38.00000,47.40000,0.73721,404.90887
2025-06-24 12:22:32+07:00,28.90000,68.10000,40.00000,51.50000,0.63986,404.65820
2025-06-24 12:23:22+07:00,28.90000,67.50000,38.00000,45.80000,0.74547,404.99481
2025-06-24 12:24:13+07:00,28.80000,67.50000,37.20000,44.10000,0.67751,404.86163
2025-06-24 12:25:02+07:00,28.70000,68.00000,39.10000,48.30000,0.74755,405.00446
2025-06-24 12:25:52+07:00,28.60000,68.50000,43.60000,54.90000,0.72293,404.93738
2025-06-24 12:26:41+07:00,28.70000,69.30000,43.90000,54.40000,0.70092,405.07227
2025-06-24 12:28:34+07:00,28.70000,69.30000,43.50000,55.40000,0.78354,405.04312
2025-06-24 12:29:23+07:00,28.80000,69.20000,43.60000,52.90000,0.77709,404.99481
2025-06-24 12:30:13+07:00,28.80000,69.20000,45.00000,56.10000,0.78139,405.21014
2025-06-24 12:31:03+07:00,28.90000,69.00000,47.60000,58.80000,0.77282,405.04312
2025-06-24 12:31:52+07:00,29.00000,68.70000,44.10000,55.40000,0.77282,405.24005
2025-06-24 12:32:42+07:00,29.00000,69.20000,42.70000,51.00000,0.76221,405.47430
2025-06-24 12:33:31+07:00,29.00000,69.10000,43.80000,56.80000,0.78570,405.23007
2025-06-24 12:34:21+07:00,29.00000,69.10000,51.70000,64.60000,0.74547,405.16055
2025-06-24 12:35:11+07:00,29.00000,68.80000,43.50000,53.70000,0.77282,405.16055
2025-06-24 12:36:00+07:00,29.00000,68.70000,42.20000,51.10000,0.77709,405.27014
2025-06-24 12:36:50+07:00,29.10000,68.70000,36.80000,45.10000,0.81198,405.21014
2025-06-24 12:37:39+07:00,29.10000,68.60000,42.60000,52.10000,0.74963,405.10156
2025-06-24 12:38:28+07:00,29.00000,68.20000,36.70000,44.60000,0.79876,404.90887
2025-06-24 12:39:18+07:00,29.00000,68.00000,52.60000,61.40000,0.77282,405.07227
2025-06-24 12:40:07+07:00,28.90000,68.00000,48.00000,56.70000,0.70687,405.21014
2025-06-24 12:41:00+07:00,28.90000,68.80000,37.50000,46.20000,0.69305,405.13098
2025-06-24 12:41:49+07:00,29.00000,69.80000,37.70000,47.20000,0.77069,404.90887
2025-06-24 12:42:39+07:00,29.00000,69.70000,38.10000,45.30000,0.76432,405.03342
2025-06-24 12:43:28+07:00,29.10000,69.30000,36.60000,45.10000,0.78570,405.20020
2025-06-24 12:44:18+07:00,29.10000,68.80000,36.70000,46.70000,0.76221,405.03342
2025-06-24 12:45:07+07:00,29.10000,68.30000,35.80000,43.10000,0.71687,405.08200
2025-06-24 12:45:56+07:00,29.10000,68.10000,34.30000,43.20000,0.78570,405.00446
2025-06-24 12:46:46+07:00,29.00000,67.80000,34.60000,43.20000,0.78139,405.05280
2025-06-24 12:47:35+07:00,29.00000,67.70000,34.40000,41.60000,0.73515,405.21014
2025-06-24 12:48:24+07:00,29.00000,67.10000,39.70000,46.70000,0.77924,404.87106
2025-06-24 12:49:14+07:00,29.00000,67.70000,44.90000,52.10000,0.79439,405.17044
2025-06-24 12:50:03+07:00,29.10000,67.90000,34.40000,40.50000,0.80535,404.78683
2025-06-24 12:50:56+07:00,29.20000,67.40000,34.60000,41.90000,0.78139,405.20020
2025-06-24 12:51:45+07:00,29.30000,67.30000,35.10000,43.40000,0.80095,405.08200
2025-06-24 12:52:35+07:00,29.30000,68.30000,35.60000,42.40000,0.74547,404.91837
2025-06-24 12:53:24+07:00,29.30000,68.20000,40.40000,49.60000,0.75590,405.05280
2025-06-24 12:54:13+07:00,29.30000,67.90000,32.30000,37.80000,0.80314,405.02374
2025-06-24 12:55:03+07:00,29.30000,66.60000,30.20000,34.40000,0.73927,404.90887
2025-06-24 12:55:52+07:00,29.20000,66.70000,30.90000,34.70000,0.74547,404.86163
2025-06-24 12:56:42+07:00,29.20000,67.20000,32.70000,37.40000,0.74340,404.81479
2025-06-24 12:57:32+07:00,29.20000,66.00000,28.90000,32.30000,0.68524,404.79614
2025-06-24 12:58:22+07:00,29.20000,66.70000,27.90000,31.30000,0.72902,404.93738
2025-06-24 12:59:12+07:00,29.20000,66.40000,27.00000,30.30000,0.77495,404.94693
2025-06-24 13:00:01+07:00,29.20000,65.30000,28.50000,32.50000,0.67176,404.78683
2025-06-24 13:00:51+07:00,29.10000,66.00000,36.30000,41.30000,0.72090,404.80545
2025-06-24 13:01:40+07:00,29.10000,66.10000,30.30000,34.70000,0.72495,404.87106
2025-06-24 13:02:30+07:00,29.00000,67.10000,28.90000,33.80000,0.71486,404.74057
2025-06-24 13:03:19+07:00,29.00000,67.10000,32.10000,38.90000,0.71286,404.62198
2025-06-24 13:04:09+07:00,28.90000,67.70000,33.60000,37.90000,0.80755,405.04312
2025-06-24 13:04:58+07:00,28.90000,67.60000,32.90000,37.60000,0.85962,405.01410
2025-06-24 13:05:47+07:00,28.90000,67.50000,33.10000,39.40000,0.75800,405.21014
2025-06-24 13:06:37+07:00,29.00000,67.20000,37.20000,47.60000,0.82313,405.12115
2025-06-24 13:07:26+07:00,29.00000,67.10000,34.20000,44.70000,0.80535,405.09177
2025-06-24 13:08:16+07:00,29.10000,67.00000,38.70000,48.10000,0.83440,405.17044
2025-06-24 13:09:05+07:00,29.20000,67.10000,38.10000,45.10000,0.84350,405.35104
2025-06-24 13:09:54+07:00,29.30000,67.00000,38.00000,45.50000,0.83440,405.05280
2025-06-24 13:10:44+07:00,29.40000,66.40000,35.60000,40.50000,0.80314,405.02374
2025-06-24 13:11:34+07:00,29.40000,66.40000,40.30000,45.30000,0.83213,405.30035
2025-06-24 13:12:23+07:00,29.40000,65.90000,45.60000,53.30000,0.79004,405.39188
2025-06-24 13:14:10+07:00,29.60000,66.30000,27.80000,31.50000,0.84122,405.20020
2025-06-24 13:15:00+07:00,29.50000,64.00000,33.00000,37.40000,0.83440,405.53680
2025-06-24 13:15:50+07:00,29.50000,64.20000,29.70000,33.40000,0.83894,405.17044
2025-06-24 13:16:40+07:00,29.50000,64.10000,40.90000,47.90000,0.83440,405.14081
2025-06-24 13:17:29+07:00,29.60000,64.50000,34.10000,40.20000,0.85268,405.48468
2025-06-24 13:18:18+07:00,29.60000,64.50000,33.50000,41.90000,0.82988,405.34088
2025-06-24 13:19:08+07:00,29.60000,65.30000,44.50000,53.70000,0.82988,405.52637
2025-06-24 13:19:57+07:00,29.70000,65.00000,42.40000,50.70000,0.81865,405.15067
2025-06-24 13:20:46+07:00,29.60000,65.40000,40.60000,45.60000,0.83213,405.37143
2025-06-24 13:21:36+07:00,29.70000,65.20000,32.90000,38.50000,0.82313,405.67426
2025-06-24 13:22:25+07:00,29.70000,65.50000,32.20000,38.70000,0.80976,405.51593
2025-06-24 13:23:15+07:00,29.70000,65.90000,29.40000,33.50000,0.79876,405.33072
2025-06-24 13:24:04+07:00,29.60000,64.40000,37.20000,45.20000,0.83894,405.38165
2025-06-24 13:24:54+07:00,29.50000,65.50000,32.00000,37.80000,0.79876,405.31049
2025-06-24 13:25:43+07:00,29.50000,64.90000,30.00000,35.00000,0.77495,405.51593
2025-06-24 13:26:32+07:00,29.40000,64.80000,27.20000,32.80000,0.76644,405.09177
2025-06-24 13:27:22+07:00,29.40000,65.00000,32.70000,37.50000,0.80535,405.03342
2025-06-24 13:28:11+07:00,29.30000,65.90000,27.90000,32.40000,0.78787,405.36124
2025-06-24 13:29:01+07:00,29.30000,65.00000,27.80000,32.30000,0.88781,405.39188
2025-06-24 13:29:50+07:00,29.30000,65.70000,35.90000,41.80000,0.77069,405.02374
2025-06-24 13:30:39+07:00,29.30000,66.10000,26.40000,29.60000,0.78354,405.23007
2025-06-24 13:31:29+07:00,29.30000,65.50000,34.80000,39.50000,0.80976,405.07227
2025-06-24 13:32:18+07:00,29.30000,65.60000,27.50000,30.80000,0.79876,404.96603
2025-06-24 13:33:10+07:00,29.30000,66.20000,32.90000,38.50000,0.84122,405.04312
2025-06-24 13:34:54+07:00,29.20000,65.90000,25.60000,29.20000,0.77495,405.20020
2025-06-24 13:35:46+07:00,29.20000,65.00000,25.90000,29.00000,0.76644,405.25009
2025-06-24 13:36:44+07:00,29.20000,65.10000,26.90000,30.50000,0.82988,404.87106
2025-06-24 13:37:33+07:00,29.30000,65.50000,31.70000,35.70000,0.79221,405.02374
2025-06-24 13:38:23+07:00,29.40000,66.10000,37.90000,42.40000,0.81865,405.07227
2025-06-24 13:39:16+07:00,29.40000,66.20000,50.00000,57.30000,0.83894,405.21014
2025-06-24 13:40:05+07:00,29.50000,67.20000,62.80000,83.30000,0.82313,405.13098
2025-06-24 13:40:56+07:00,29.40000,69.60000,68.10000,95.80000,0.77069,405.41238
2025-06-24 13:41:47+07:00,29.30000,71.10000,74.60000,108.00000,0.80095,405.47430
2025-06-24 13:42:36+07:00,29.20000,72.10000,74.80000,108.60000,0.87598,405.76022
2025-06-24 13:43:25+07:00,29.10000,72.50000,74.90000,109.60000,0.90459,405.68494
2025-06-24 13:44:16+07:00,29.10000,71.80000,73.00000,108.10000,0.88306,406.11487
2025-06-24 13:45:05+07:00,29.10000,71.60000,71.80000,102.00000,0.84122,405.86917
2025-06-24 13:45:54+07:00,29.10000,71.30000,72.40000,100.90000,0.93394,406.13760
2025-06-24 13:46:44+07:00,29.10000,72.20000,70.10000,104.50000,0.85730,406.10352
2025-06-24 13:47:37+07:00,29.10000,71.50000,69.80000,100.20000,0.92407,405.96866
2025-06-24 13:48:27+07:00,29.10000,70.90000,72.20000,104.50000,0.94639,406.48737
2025-06-24 13:49:17+07:00,29.20000,71.00000,74.90000,103.20000,0.96657,406.38074
2025-06-24 13:50:06+07:00,29.10000,71.40000,66.00000,93.90000,0.94889,406.38074
2025-06-24 13:51:48+07:00,29.10000,71.10000,72.10000,104.90000,0.91429,406.43979
2025-06-24 13:52:38+07:00,29.10000,71.00000,68.10000,97.90000,0.91186,406.53522
2025-06-24 13:53:28+07:00,29.00000,71.10000,70.60000,98.40000,0.97936,406.36899
2025-06-24 13:54:17+07:00,29.00000,71.10000,72.20000,102.20000,0.96912,406.40430
2025-06-24 13:55:07+07:00,29.00000,71.30000,68.50000,100.00000,1.02385,406.58337
2025-06-24 13:55:57+07:00,29.00000,71.70000,70.10000,96.50000,0.95140,406.59543
2025-06-24 13:56:46+07:00,29.00000,71.60000,62.60000,90.00000,0.98452,406.29883
2025-06-24 13:57:36+07:00,29.00000,71.40000,69.50000,95.60000,1.01589,406.59543
2025-06-24 13:58:25+07:00,29.00000,71.50000,66.80000,90.90000,1.01854,406.47543
2025-06-24 13:59:17+07:00,28.90000,71.40000,66.90000,96.20000,0.95140,406.42795
2025-06-24 14:00:06+07:00,28.80000,71.70000,65.80000,96.20000,0.90701,406.22931
2025-06-24 14:00:55+07:00,28.70000,72.00000,69.30000,93.10000,0.93394,406.46353
2025-06-24 14:01:45+07:00,28.70000,72.00000,67.10000,94.00000,0.95140,406.40430
2025-06-24 14:02:35+07:00,28.70000,72.20000,64.60000,94.60000,0.98710,406.48737
2025-06-24 14:03:24+07:00,28.80000,72.40000,67.20000,89.90000,1.03993,406.45166
2025-06-24 14:04:14+07:00,28.80000,72.30000,68.40000,93.40000,0.86194,406.41611
2025-06-24 14:05:03+07:00,28.80000,72.40000,65.80000,93.60000,1.08100,406.33383
2025-06-24 14:05:56+07:00,28.70000,72.40000,66.10000,93.60000,0.98969,405.93536
2025-06-24 14:06:47+07:00,28.60000,72.10000,66.70000,88.40000,0.93146,406.36899
2025-06-24 14:07:36+07:00,28.60000,71.90000,61.60000,86.00000,0.98969,406.40430
2025-06-24 14:08:29+07:00,28.70000,72.00000,65.60000,92.20000,1.02119,406.32214
2025-06-24 14:09:18+07:00,28.70000,72.00000,68.30000,93.70000,1.00534,405.71710
2025-06-24 14:10:07+07:00,28.70000,72.00000,61.60000,84.30000,0.98710,406.38074
2025-06-24 14:11:00+07:00,28.70000,71.70000,66.90000,90.90000,0.97423,406.04703
2025-06-24 14:11:50+07:00,28.70000,71.80000,58.60000,84.30000,0.91429,406.08087
2025-06-24 14:12:39+07:00,28.70000,72.20000,63.60000,91.10000,0.96912,406.36899
2025-06-24 14:13:28+07:00,28.60000,72.60000,65.30000,89.60000,0.95644,406.11487
2025-06-24 14:14:18+07:00,28.60000,72.30000,67.80000,92.20000,0.86427,406.14902
2025-06-24 14:15:11+07:00,28.70000,72.40000,61.20000,84.30000,1.02119,406.09216
2025-06-24 14:16:06+07:00,28.60000,72.50000,60.40000,89.60000,0.99749,406.13760
2025-06-24 14:16:55+07:00,28.60000,72.60000,65.60000,94.30000,1.01324,406.26398
2025-06-24 14:17:48+07:00,28.60000,72.50000,61.50000,88.80000,0.99489,406.29883
2025-06-24 14:19:35+07:00,28.70000,72.20000,62.50000,85.10000,1.00797,406.24084
2025-06-24 14:20:25+07:00,28.70000,72.10000,58.00000,87.20000,0.99489,406.11487
2025-06-24 14:21:14+07:00,28.70000,72.20000,62.70000,87.70000,1.06168,405.86917
2025-06-24 14:22:04+07:00,28.70000,72.20000,61.90000,88.90000,0.94139,406.10352
2025-06-24 14:22:53+07:00,28.80000,72.10000,60.00000,88.90000,0.94389,406.33383
2025-06-24 14:23:42+07:00,28.80000,72.20000,62.60000,92.50000,1.00272,406.02457
2025-06-24 14:24:32+07:00,28.90000,72.20000,61.20000,86.80000,0.99229,406.12622
2025-06-24 14:25:21+07:00,28.90000,72.10000,64.30000,91.70000,1.00272,405.96866
2025-06-24 14:26:11+07:00,28.80000,72.10000,60.10000,89.20000,0.97936,406.17187
2025-06-24 14:27:00+07:00,28.80000,72.50000,61.40000,91.20000,1.01589,406.36899
2025-06-24 14:27:50+07:00,28.80000,72.50000,59.80000,85.00000,0.98194,406.22931
2025-06-24 14:28:39+07:00,28.70000,72.60000,62.40000,84.50000,1.02652,406.33383
2025-06-24 14:29:32+07:00,28.70000,72.60000,60.60000,80.40000,0.94389,406.24084
2025-06-24 14:30:21+07:00,28.70000,72.70000,57.70000,82.60000,0.96912,406.11487
2025-06-24 14:31:11+07:00,28.60000,73.00000,63.80000,87.70000,0.98710,405.67426
2025-06-24 14:32:00+07:00,28.60000,73.30000,56.70000,82.50000,0.92407,405.93536
2025-06-24 14:32:50+07:00,28.60000,73.30000,58.20000,86.00000,0.96657,406.17187
2025-06-24 14:33:42+07:00,28.60000,73.50000,59.20000,79.10000,0.95140,405.85818
2025-06-24 14:34:35+07:00,28.60000,73.60000,55.80000,78.60000,0.89497,406.28720
2025-06-24 14:35:25+07:00,28.70000,73.50000,59.60000,86.00000,0.95644,406.09216
2025-06-24 14:36:14+07:00,28.70000,73.20000,56.80000,81.80000,0.99489,405.76022
2025-06-24 14:37:03+07:00,28.80000,73.10000,52.80000,74.40000,1.00010,405.67426
2025-06-24 14:37:53+07:00,28.70000,72.70000,54.40000,77.40000,0.88306,405.58936
2025-06-24 14:38:42+07:00,28.70000,72.70000,53.10000,76.50000,0.96912,405.78186
2025-06-24 14:39:37+07:00,28.70000,72.60000,59.10000,79.30000,0.88781,405.79272
2025-06-24 14:40:29+07:00,28.70000,73.00000,54.00000,76.10000,0.89977,405.68494
2025-06-24 14:41:22+07:00,28.70000,72.80000,53.50000,81.60000,0.90459,405.65292
2025-06-24 14:42:12+07:00,28.70000,72.70000,58.00000,86.60000,0.91673,405.68494
2025-06-24 14:43:02+07:00,28.70000,72.90000,64.20000,88.90000,0.88781,405.73862
2025-06-24 14:43:51+07:00,28.70000,72.80000,55.10000,80.50000,0.89977,405.79272
2025-06-24 14:44:40+07:00,28.80000,72.80000,54.60000,78.80000,0.87598,405.77103
2025-06-24 14:45:30+07:00,28.80000,72.90000,53.00000,76.80000,0.87128,405.49509
2025-06-24 14:46:19+07:00,28.90000,72.10000,54.00000,77.70000,0.89497,405.39188
2025-06-24 14:47:09+07:00,28.90000,71.90000,52.40000,68.40000,0.87363,405.64230
2025-06-24 14:47:58+07:00,28.90000,71.90000,54.90000,72.40000,0.84122,405.66357
2025-06-24 14:48:48+07:00,28.90000,71.90000,52.20000,70.10000,0.86894,405.33072
2025-06-24 14:49:37+07:00,28.90000,71.80000,51.30000,74.60000,0.89737,405.59991
2025-06-24 14:50:27+07:00,28.90000,71.70000,61.70000,84.30000,0.89019,405.61047
2025-06-24 14:51:16+07:00,28.90000,71.60000,53.80000,75.50000,0.88306,405.43298
2025-06-24 14:52:06+07:00,28.90000,71.90000,51.10000,73.40000,0.91186,405.44330
2025-06-24 14:52:58+07:00,28.90000,71.70000,52.60000,73.90000,0.84350,405.70636
2025-06-24 14:53:48+07:00,28.90000,71.60000,55.60000,77.90000,0.87833,405.43298
2025-06-24 14:54:37+07:00,29.00000,71.50000,54.40000,76.60000,0.90701,405.62106
2025-06-24 14:55:27+07:00,29.00000,71.00000,50.70000,72.10000,0.87128,405.57883
2025-06-24 14:56:16+07:00,29.00000,70.70000,55.20000,78.00000,0.92162,405.22009
2025-06-24 14:57:06+07:00,29.00000,70.60000,53.90000,75.30000,0.84808,405.65292
2025-06-24 14:57:55+07:00,29.00000,70.90000,56.10000,79.10000,0.92162,405.66357
2025-06-24 14:58:45+07:00,28.90000,71.40000,50.00000,71.10000,0.98710,405.80359
2025-06-24 14:59:35+07:00,28.90000,71.00000,53.50000,74.80000,0.89977,405.83630
2025-06-24 15:00:24+07:00,28.90000,71.20000,58.00000,77.30000,0.90218,405.68494
2025-06-24 15:01:13+07:00,28.90000,71.40000,52.40000,72.80000,0.89497,405.51593
2025-06-24 15:02:03+07:00,28.90000,71.80000,51.90000,74.70000,0.88543,405.50549
2025-06-24 15:02:53+07:00,28.90000,71.90000,54.50000,79.40000,0.86427,405.56830
2025-06-24 15:03:42+07:00,28.90000,71.50000,55.10000,81.90000,0.87128,405.43298
2025-06-24 15:04:35+07:00,28.90000,71.50000,55.00000,77.90000,0.82089,405.45361
2025-06-24 15:05:26+07:00,28.90000,71.60000,55.50000,76.00000,0.85038,405.44330
2025-06-24 15:06:16+07:00,29.00000,71.70000,58.10000,77.70000,0.82762,405.49509
2025-06-24 15:07:05+07:00,28.90000,71.70000,56.40000,85.30000,0.80095,405.53680
2025-06-24 15:07:55+07:00,29.00000,71.70000,57.80000,82.90000,0.80755,405.53680
2025-06-24 15:08:44+07:00,29.00000,71.70000,56.60000,79.20000,0.92407,405.51593
2025-06-24 15:09:34+07:00,29.00000,71.60000,56.10000,79.20000,0.89497,405.61047
2025-06-24 15:10:23+07:00,29.10000,71.60000,57.20000,80.90000,0.87128,406.10352
2025-06-24 15:11:13+07:00,29.10000,71.70000,53.10000,74.70000,0.82988,405.64230
2025-06-24 15:12:02+07:00,29.10000,71.90000,54.60000,72.60000,0.87833,405.49509
2025-06-24 15:12:52+07:00,29.00000,71.60000,51.30000,67.00000,0.97167,405.55777
2025-06-24 15:13:41+07:00,29.00000,71.50000,53.20000,77.00000,0.89258,405.53680
2025-06-24 15:14:30+07:00,29.00000,71.70000,52.40000,71.70000,0.86194,405.49509
2025-06-24 15:15:21+07:00,28.90000,71.90000,46.50000,66.40000,0.89019,405.52637
2025-06-24 15:16:10+07:00,28.80000,71.90000,46.50000,63.90000,0.89019,405.42267
2025-06-24 15:17:02+07:00,28.80000,71.90000,47.40000,67.50000,0.86660,405.07227
2025-06-24 15:17:52+07:00,28.80000,72.00000,43.00000,58.60000,0.77495,405.15067
2025-06-24 15:18:41+07:00,28.90000,72.00000,44.40000,61.50000,0.84122,405.43298
2025-06-24 15:19:37+07:00,28.80000,72.00000,42.60000,59.70000,0.83894,405.36124
2025-06-24 15:20:27+07:00,28.80000,72.10000,47.20000,63.70000,0.78570,405.45361
2025-06-24 15:21:16+07:00,28.80000,72.40000,47.50000,64.10000,0.79221,405.20020
2025-06-24 15:22:05+07:00,28.90000,72.40000,47.20000,60.00000,0.81865,405.19025
2025-06-24 15:22:55+07:00,28.90000,72.60000,42.30000,58.50000,0.79004,405.10156
2025-06-24 15:23:48+07:00,28.90000,72.60000,45.40000,59.30000,0.87128,405.11133
2025-06-24 15:24:37+07:00,28.90000,72.60000,42.90000,59.40000,0.83894,405.01410
2025-06-24 15:25:26+07:00,28.90000,72.40000,42.90000,56.20000,0.87833,405.20020
2025-06-24 15:26:23+07:00,28.80000,72.50000,43.30000,58.70000,0.79439,405.25009
2025-06-24 15:27:15+07:00,28.80000,72.20000,41.70000,57.20000,0.84122,405.25009
2025-06-24 15:28:08+07:00,28.80000,72.10000,41.60000,57.20000,0.80314,405.32059
2025-06-24 15:28:57+07:00,28.80000,72.20000,42.50000,59.40000,0.84579,405.09177
2025-06-24 15:29:46+07:00,28.80000,72.30000,45.70000,58.90000,0.81642,405.47430
2025-06-24 15:30:36+07:00,28.80000,72.40000,40.30000,53.20000,0.85730,405.36124
2025-06-24 15:31:25+07:00,28.80000,72.60000,42.60000,58.80000,0.83667,405.36124
2025-06-24 15:32:15+07:00,28.80000,72.70000,42.30000,56.70000,0.80314,405.24005
2025-06-24 15:33:05+07:00,28.80000,72.50000,41.70000,55.40000,0.87363,405.26010
2025-06-24 15:33:54+07:00,28.80000,72.40000,41.00000,53.00000,0.83667,405.28021
2025-06-24 15:34:43+07:00,28.80000,72.70000,43.70000,61.10000,0.76432,405.17044
2025-06-24 15:35:33+07:00,28.80000,72.80000,44.30000,55.70000,0.83440,405.00446
2025-06-24 15:36:22+07:00,28.80000,72.80000,40.90000,54.90000,0.84122,405.21014
2025-06-24 15:37:12+07:00,28.90000,72.80000,44.50000,60.40000,0.83894,405.05280
2025-06-24 15:38:01+07:00,28.90000,72.70000,43.10000,57.50000,0.85730,405.16055
2025-06-24 15:38:54+07:00,28.80000,72.80000,42.60000,52.90000,0.79439,405.12115
2025-06-24 15:39:43+07:00,28.80000,72.80000,43.20000,54.60000,0.85268,405.10156
2025-06-24 15:40:33+07:00,28.80000,72.90000,41.70000,55.80000,0.80976,405.18033
2025-06-24 15:41:23+07:00,28.80000,73.10000,47.40000,58.50000,0.83213,405.16055
2025-06-24 15:42:16+07:00,28.80000,73.00000,42.10000,57.90000,0.77495,405.23007
2025-06-24 15:43:08+07:00,28.80000,73.00000,40.10000,52.70000,0.83213,405.18033
2025-06-24 15:44:01+07:00,28.80000,73.30000,43.90000,58.90000,0.76432,405.14081
2025-06-24 15:44:51+07:00,28.70000,73.40000,42.60000,55.40000,0.81642,405.08200
2025-06-24 15:45:41+07:00,28.60000,73.70000,43.90000,56.70000,0.76644,404.99481
2025-06-24 15:46:30+07:00,28.50000,73.80000,46.20000,58.70000,0.74755,404.85223
2025-06-24 15:47:20+07:00,28.50000,74.00000,42.60000,55.40000,0.81420,405.07227
2025-06-24 15:48:09+07:00,28.60000,74.20000,44.60000,57.90000,0.80095,405.19025
2025-06-24 15:49:00+07:00,28.70000,74.20000,44.60000,58.40000,0.82313,404.97562
2025-06-24 15:49:49+07:00,28.60000,74.10000,46.70000,69.90000,0.78139,405.16055
2025-06-24 15:50:39+07:00,28.60000,74.40000,45.20000,65.30000,0.72902,404.91837
2025-06-24 15:51:29+07:00,28.60000,74.30000,46.80000,63.00000,0.82537,404.88992
2025-06-24 15:52:18+07:00,28.60000,74.10000,41.10000,53.70000,0.79876,405.06253
2025-06-24 15:53:08+07:00,28.60000,74.00000,43.00000,51.50000,0.78787,405.09177
2025-06-24 15:53:57+07:00,28.60000,74.10000,41.70000,55.80000,0.74133,404.85223
2025-06-24 15:54:47+07:00,28.50000,73.90000,42.00000,55.10000,0.72698,405.09177
2025-06-24 15:55:40+07:00,28.50000,73.90000,40.10000,51.60000,0.72902,405.15067
2025-06-24 15:56:29+07:00,28.60000,74.10000,44.80000,60.00000,0.79876,405.11133
2025-06-24 15:57:19+07:00,28.50000,74.30000,42.80000,56.10000,0.73106,405.01410
2025-06-24 15:58:09+07:00,28.50000,74.10000,44.90000,57.60000,0.75171,405.05280
2025-06-24 15:58:59+07:00,28.40000,74.00000,43.10000,56.60000,0.70886,404.98523
2025-06-24 15:59:48+07:00,28.40000,74.00000,41.40000,55.80000,0.76221,404.74057
2025-06-24 16:00:38+07:00,28.40000,74.00000,42.50000,55.90000,0.71687,405.02374
2025-06-24 16:01:31+07:00,28.40000,74.20000,43.40000,55.40000,0.73927,404.95648
2025-06-24 16:02:21+07:00,28.40000,74.00000,40.60000,48.30000,0.77924,404.98523
2025-06-24 16:03:11+07:00,28.40000,73.90000,40.10000,51.00000,0.72090,404.74057
2025-06-24 16:04:00+07:00,28.40000,74.10000,39.80000,53.20000,0.70092,404.93738
2025-06-24 16:04:50+07:00,28.40000,74.10000,42.10000,50.70000,0.75800,404.85223
2025-06-24 16:05:42+07:00,28.30000,74.40000,39.60000,51.00000,0.70687,404.99481
2025-06-24 16:06:31+07:00,28.30000,74.10000,39.30000,51.20000,0.76856,404.98523
2025-06-24 16:07:21+07:00,28.30000,74.30000,39.50000,49.00000,0.70290,405.00446
2025-06-24 16:08:13+07:00,28.30000,74.30000,39.50000,51.80000,0.72902,404.65820
2025-06-24 16:09:08+07:00,28.40000,74.30000,40.70000,49.50000,0.69894,404.87106
2025-06-24 16:10:04+07:00,28.40000,74.20000,39.20000,50.50000,0.73515,404.88049
2025-06-24 16:10:58+07:00,28.40000,74.10000,38.90000,49.50000,0.70488,404.86163
2025-06-24 16:11:52+07:00,28.30000,74.20000,37.40000,48.30000,0.68719,404.89938
2025-06-24 16:12:44+07:00,28.20000,74.40000,38.70000,45.70000,0.75800,404.80545
2025-06-24 16:13:37+07:00,28.30000,74.40000,39.20000,47.40000,0.73106,404.75903
2025-06-24 16:14:30+07:00,28.20000,74.50000,40.70000,49.60000,0.73927,404.88992
2025-06-24 16:15:25+07:00,28.10000,74.60000,40.80000,48.70000,0.74547,404.86163
2025-06-24 16:16:21+07:00,28.20000,74.70000,40.70000,55.00000,0.71687,404.71298
2025-06-24 16:17:15+07:00,28.20000,74.80000,40.00000,49.10000,0.74963,404.89938
2025-06-24 16:18:12+07:00,28.20000,74.70000,38.20000,51.20000,0.76644,404.83350
2025-06-24 16:19:56+07:00,28.20000,74.40000,40.40000,52.10000,0.68524,404.59497
2025-06-24 16:20:48+07:00,28.10000,74.70000,38.60000,48.10000,0.75380,404.72217
2025-06-24 16:21:37+07:00,28.10000,74.90000,41.20000,50.80000,0.78570,405.07227
2025-06-24 16:22:30+07:00,28.10000,75.00000,43.80000,53.90000,0.78787,404.96603
2025-06-24 16:23:20+07:00,28.10000,75.20000,40.40000,49.20000,0.74340,404.96603
2025-06-24 16:24:09+07:00,28.10000,75.10000,39.20000,49.20000,0.69501,404.92786
2025-06-24 16:25:02+07:00,28.20000,75.20000,39.70000,49.30000,0.76432,404.72217
2025-06-24 16:25:57+07:00,28.20000,75.00000,39.40000,52.20000,0.67367,405.00446
2025-06-24 16:26:46+07:00,28.20000,74.90000,41.90000,51.30000,0.73721,404.89938
2025-06-24 16:27:40+07:00,28.20000,75.00000,43.90000,54.50000,0.67559,404.85223
2025-06-24 16:28:30+07:00,28.20000,75.10000,43.60000,52.00000,0.75800,404.64914
2025-06-24 16:29:23+07:00,28.20000,75.20000,50.50000,63.10000,0.75380,404.77756
2025-06-24 16:30:15+07:00,28.20000,75.20000,41.50000,49.80000,0.73927,405.13098
2025-06-24 16:31:05+07:00,28.20000,75.30000,45.50000,57.30000,0.70488,405.12115
2025-06-24 16:32:00+07:00,28.20000,75.50000,44.60000,57.70000,0.74963,404.92786
2025-06-24 16:32:53+07:00,28.10000,75.60000,41.90000,54.80000,0.76010,405.15067
2025-06-24 16:33:45+07:00,28.10000,75.60000,43.40000,55.20000,0.77495,404.77756
2025-06-24 16:34:35+07:00,28.10000,75.70000,46.00000,61.50000,0.76432,405.05280
2025-06-24 16:35:24+07:00,28.10000,75.80000,41.80000,52.10000,0.72090,405.12115
2025-06-24 16:36:16+07:00,28.00000,76.00000,42.50000,51.00000,0.71687,405.01410
2025-06-24 16:37:05+07:00,28.10000,76.10000,41.60000,53.10000,0.79221,405.32059
2025-06-24 16:37:55+07:00,28.10000,76.20000,44.30000,55.80000,0.75800,405.30035
2025-06-24 16:38:47+07:00,28.10000,76.10000,41.30000,53.10000,0.82537,405.42267
2025-06-24 16:39:37+07:00,28.10000,76.10000,43.00000,54.50000,0.79439,405.34088
2025-06-24 16:40:30+07:00,28.10000,76.10000,46.20000,58.00000,0.80535,405.16055
2025-06-24 16:41:19+07:00,28.10000,76.00000,42.50000,52.70000,0.83440,405.30035
2025-06-24 16:42:09+07:00,28.10000,75.80000,42.30000,54.10000,0.82988,405.31049
2025-06-24 16:42:58+07:00,28.10000,75.90000,44.80000,58.00000,0.75380,405.08200
2025-06-24 16:43:48+07:00,28.10000,75.70000,42.70000,52.80000,0.79876,404.85223
2025-06-24 16:44:37+07:00,28.00000,75.90000,44.80000,53.10000,0.78570,404.70383
2025-06-24 16:45:27+07:00,28.00000,76.10000,41.80000,51.40000,0.77069,405.15067
2025-06-24 16:46:20+07:00,28.00000,76.30000,44.40000,56.50000,0.79439,405.07227
2025-06-24 16:47:09+07:00,27.90000,76.50000,41.80000,55.50000,0.77282,404.95648
2025-06-24 16:48:01+07:00,27.70000,77.00000,43.20000,51.90000,0.75800,404.83350
2025-06-24 16:48:50+07:00,27.70000,77.20000,44.70000,54.50000,0.77709,405.01410
2025-06-24 16:49:40+07:00,27.70000,77.30000,43.90000,59.60000,0.79876,405.01410
2025-06-24 16:50:29+07:00,27.80000,77.30000,45.70000,59.10000,0.80755,405.02374
2025-06-24 16:51:21+07:00,27.80000,77.10000,44.20000,58.50000,0.78354,405.00446
2025-06-24 16:52:14+07:00,27.80000,77.10000,45.90000,57.30000,0.75590,404.98523
2025-06-24 16:53:04+07:00,27.70000,77.50000,47.90000,61.00000,0.79004,405.07227
2025-06-24 16:53:54+07:00,27.70000,77.70000,48.10000,64.70000,0.75380,405.03342
2025-06-24 16:54:43+07:00,27.70000,77.90000,48.00000,62.50000,0.72090,405.07227
2025-06-24 16:55:32+07:00,27.70000,78.00000,51.20000,68.10000,0.70488,405.04312
2025-06-24 16:56:22+07:00,27.70000,77.90000,51.40000,65.60000,0.76856,404.91837
2025-06-24 16:57:11+07:00,27.70000,77.70000,50.90000,68.40000,0.72293,404.96603
2025-06-24 16:58:01+07:00,27.70000,77.90000,49.30000,64.20000,0.78787,404.98523
2025-06-24 16:58:50+07:00,27.70000,77.80000,49.50000,65.40000,0.76856,404.90887
2025-06-24 16:59:39+07:00,27.60000,77.60000,47.50000,61.20000,0.77924,405.10156
2025-06-24 17:00:34+07:00,27.70000,77.50000,49.90000,67.40000,0.76432,404.85223
2025-06-24 17:01:24+07:00,27.70000,77.50000,46.60000,59.40000,0.77495,404.78683
2025-06-24 17:02:13+07:00,27.80000,77.30000,45.70000,57.80000,0.71687,404.89938
2025-06-24 17:03:03+07:00,27.80000,77.10000,47.00000,64.00000,0.71888,405.03342
2025-06-24 17:03:56+07:00,27.60000,77.40000,47.60000,61.20000,0.77709,404.93738
2025-06-24 17:04:51+07:00,27.50000,77.80000,46.50000,66.70000,0.77282,404.91837
2025-06-24 17:05:41+07:00,27.60000,77.70000,47.70000,60.10000,0.80095,405.33072
2025-06-24 17:06:30+07:00,27.60000,77.60000,46.70000,60.70000,0.82762,405.63165
2025-06-24 17:07:20+07:00,27.60000,77.70000,44.90000,59.80000,0.82537,405.25009
2025-06-24 17:08:14+07:00,27.50000,77.70000,44.80000,55.40000,0.82762,405.30035
2025-06-24 17:09:03+07:00,27.50000,78.00000,46.30000,57.30000,0.79221,405.23007
2025-06-24 17:09:52+07:00,27.40000,78.20000,45.20000,56.10000,0.81642,405.08200
2025-06-24 17:10:42+07:00,27.40000,78.30000,46.90000,57.60000,0.81420,405.16055
2025-06-24 17:11:31+07:00,27.40000,78.40000,46.10000,58.60000,0.79657,405.13098
2025-06-24 17:12:21+07:00,27.50000,78.50000,47.30000,59.90000,0.75590,405.21014
2025-06-24 17:13:10+07:00,27.50000,78.50000,47.10000,58.60000,0.83213,405.14081
2025-06-24 17:14:00+07:00,27.50000,78.60000,47.40000,60.90000,0.81420,405.01410
2025-06-24 17:14:49+07:00,27.60000,78.60000,49.10000,60.60000,0.79876,405.08200
2025-06-24 17:15:38+07:00,27.60000,78.60000,48.60000,60.90000,0.76432,405.07227
2025-06-24 17:16:28+07:00,27.70000,78.60000,50.30000,62.60000,0.77069,405.42267
2025-06-24 17:17:17+07:00,27.70000,78.80000,51.50000,65.20000,0.76010,405.01410
2025-06-24 17:18:09+07:00,27.60000,79.10000,52.00000,69.40000,0.78570,405.11133
2025-06-24 17:18:59+07:00,27.60000,79.20000,50.80000,62.80000,0.77069,405.24005
2025-06-24 17:19:48+07:00,27.70000,79.70000,51.60000,71.70000,0.77495,405.10156
2025-06-24 17:20:38+07:00,27.60000,79.60000,54.00000,71.60000,0.76856,404.93738
2025-06-24 17:21:28+07:00,27.60000,79.80000,54.30000,72.90000,0.80314,405.25009
2025-06-24 17:22:17+07:00,27.60000,79.80000,53.00000,68.60000,0.74963,405.08200
2025-06-24 17:23:06+07:00,27.50000,80.00000,55.50000,72.00000,0.81642,405.02374
2025-06-24 17:23:56+07:00,27.50000,80.00000,55.40000,77.00000,0.83667,405.01410
2025-06-24 17:24:45+07:00,27.50000,80.30000,56.90000,75.10000,0.79657,404.72217
2025-06-24 17:25:35+07:00,27.40000,80.20000,54.40000,72.80000,0.79876,405.20020
2025-06-24 17:26:25+07:00,27.30000,80.30000,56.70000,74.00000,0.77282,405.41238
2025-06-24 17:28:13+07:00,27.30000,81.00000,56.60000,75.90000,0.74547,405.31049
2025-06-24 17:29:03+07:00,27.30000,80.80000,55.80000,75.30000,0.75590,404.97562
2025-06-24 17:29:52+07:00,27.30000,81.00000,52.50000,68.80000,0.73721,405.23007
2025-06-24 17:30:42+07:00,27.30000,80.80000,51.90000,68.90000,0.81865,404.99481
2025-06-24 17:31:31+07:00,27.20000,81.00000,48.70000,63.40000,0.79876,405.25009
2025-06-24 17:32:23+07:00,27.20000,81.00000,50.00000,67.30000,0.82089,405.27014
2025-06-24 17:33:12+07:00,27.20000,81.30000,52.60000,64.40000,0.77282,405.11133
2025-06-24 17:34:02+07:00,27.20000,81.10000,50.10000,62.40000,0.72902,404.98523
2025-06-24 17:34:51+07:00,27.20000,81.00000,49.10000,63.20000,0.83440,405.24005
2025-06-24 17:35:41+07:00,27.20000,81.00000,50.60000,62.50000,0.71486,404.97562
2025-06-24 17:36:30+07:00,27.10000,80.80000,47.70000,58.50000,0.75171,405.09177
2025-06-24 17:37:20+07:00,27.10000,80.70000,51.10000,64.80000,0.77069,404.87106
2025-06-24 17:38:09+07:00,27.10000,80.90000,50.40000,64.80000,0.77709,405.04312
2025-06-24 17:38:59+07:00,27.10000,80.80000,50.90000,62.50000,0.81642,404.97562
2025-06-24 17:39:48+07:00,27.10000,80.40000,48.30000,62.10000,0.78570,405.03342
2025-06-24 17:40:38+07:00,27.10000,80.30000,53.10000,64.80000,0.73721,405.10156
2025-06-24 17:41:28+07:00,27.10000,80.50000,49.50000,62.30000,0.76010,405.28021
2025-06-24 17:42:17+07:00,27.10000,80.70000,49.00000,61.00000,0.74133,404.94693
2025-06-24 17:43:07+07:00,27.10000,80.30000,50.30000,63.30000,0.73927,405.02374
2025-06-24 17:43:57+07:00,27.10000,80.40000,55.70000,70.80000,0.74340,405.03342
2025-06-24 17:44:46+07:00,27.10000,80.60000,50.80000,61.70000,0.80535,405.05280
2025-06-24 17:45:36+07:00,27.10000,80.60000,52.10000,61.90000,0.78787,405.02374
2025-06-24 17:46:25+07:00,27.10000,80.80000,50.90000,66.10000,0.76856,404.98523
2025-06-24 17:47:15+07:00,27.20000,80.80000,51.00000,67.30000,0.72090,405.29028
2025-06-24 17:48:05+07:00,27.20000,80.70000,52.20000,67.20000,0.79439,405.15067
2025-06-24 17:48:55+07:00,27.30000,80.60000,51.70000,67.50000,0.79657,405.07227
2025-06-24 17:49:45+07:00,27.30000,80.50000,54.10000,71.50000,0.79004,405.07227
2025-06-24 17:50:34+07:00,27.40000,80.20000,55.10000,75.60000,0.87363,405.08200
2025-06-24 17:51:28+07:00,27.30000,80.40000,55.40000,74.90000,0.75590,405.08200
2025-06-24 17:52:18+07:00,27.30000,80.80000,55.10000,76.50000,0.78354,404.90887
2025-06-24 17:53:10+07:00,27.30000,80.60000,55.60000,77.40000,0.76856,405.29028
2025-06-24 17:53:59+07:00,27.30000,80.80000,55.40000,78.40000,0.76432,405.00446
2025-06-24 17:54:49+07:00,27.30000,80.60000,54.40000,71.10000,0.74963,405.24005
2025-06-24 17:55:38+07:00,27.30000,80.50000,50.20000,62.10000,0.78139,405.10156
2025-06-24 17:56:27+07:00,27.30000,80.10000,53.60000,67.70000,0.79439,405.15067
2025-06-24 17:57:17+07:00,27.30000,79.90000,46.60000,58.50000,0.75171,404.94693
2025-06-24 17:58:06+07:00,27.20000,80.20000,49.80000,64.60000,0.75590,405.12115
2025-06-24 17:58:58+07:00,27.10000,80.80000,49.20000,64.30000,0.78787,405.03342
2025-06-24 17:59:47+07:00,27.10000,81.10000,48.50000,62.80000,0.80095,405.11133
2025-06-24 18:00:37+07:00,27.00000,80.90000,49.40000,62.90000,0.79657,404.95648
2025-06-24 18:01:26+07:00,27.00000,80.80000,48.00000,60.80000,0.73515,405.07227
2025-06-24 18:02:16+07:00,26.90000,81.10000,50.40000,64.90000,0.80535,405.17044
2025-06-24 18:03:08+07:00,26.90000,81.60000,50.60000,63.40000,0.80755,405.20020
2025-06-24 18:03:57+07:00,26.90000,81.90000,51.00000,70.60000,0.77709,405.11133
2025-06-24 18:04:47+07:00,27.00000,81.40000,55.40000,72.70000,0.79657,404.99481
2025-06-24 18:05:39+07:00,27.00000,81.20000,56.70000,74.10000,0.75380,405.06253
2025-06-24 18:06:29+07:00,27.00000,81.10000,53.70000,74.50000,0.82089,405.26010
2025-06-24 18:07:26+07:00,27.00000,81.10000,52.20000,68.80000,0.76010,405.12115
2025-06-24 18:08:15+07:00,27.00000,81.40000,52.90000,67.00000,0.77282,405.20020
2025-06-24 18:09:08+07:00,27.00000,81.50000,53.50000,75.70000,0.77495,405.14081
2025-06-24 18:10:05+07:00,27.00000,82.70000,55.10000,73.90000,0.80755,405.30035
2025-06-24 18:11:03+07:00,27.10000,82.10000,57.40000,76.80000,0.82089,405.31049
2025-06-24 18:11:57+07:00,27.10000,82.50000,56.70000,73.50000,0.76221,405.25009
2025-06-24 18:12:52+07:00,27.10000,82.40000,54.30000,72.80000,0.74340,405.19025
2025-06-24 18:13:42+07:00,27.20000,82.50000,54.40000,71.20000,0.77924,405.04312
2025-06-24 18:14:31+07:00,27.20000,81.60000,53.70000,71.70000,0.79439,405.12115
2025-06-24 18:15:21+07:00,27.20000,82.00000,54.20000,71.30000,0.79657,405.31049
2025-06-24 18:16:14+07:00,27.30000,81.90000,55.70000,70.60000,0.89019,405.13098
2025-06-24 18:17:07+07:00,27.30000,82.10000,54.20000,70.20000,0.88070,405.93536
2025-06-24 18:17:56+07:00,27.20000,82.20000,54.20000,73.00000,0.86427,405.91321
2025-06-24 18:18:48+07:00,27.10000,82.70000,52.60000,72.90000,0.82089,405.65292
2025-06-24 18:19:38+07:00,26.90000,82.80000,54.10000,73.50000,0.81642,405.48468
2025-06-24 18:20:27+07:00,26.90000,82.70000,51.80000,66.00000,0.82537,405.28021
2025-06-24 18:21:19+07:00,26.90000,83.00000,54.20000,70.20000,0.79876,405.26010
2025-06-24 18:22:09+07:00,26.80000,83.70000,62.00000,77.40000,0.75590,405.07227
2025-06-24 18:22:58+07:00,26.90000,83.40000,56.10000,71.10000,0.84122,405.45361
2025-06-24 18:23:48+07:00,26.90000,83.90000,60.40000,76.70000,0.74547,404.95648
2025-06-24 18:24:37+07:00,26.90000,84.30000,63.40000,80.80000,0.82313,405.19025
2025-06-24 18:25:27+07:00,26.90000,83.80000,57.10000,73.90000,0.82537,405.28021
2025-06-24 18:26:19+07:00,26.90000,83.80000,59.70000,75.50000,0.82089,405.10156
2025-06-24 18:27:08+07:00,27.00000,83.70000,57.60000,75.30000,0.83440,404.99481
2025-06-24 18:27:58+07:00,27.00000,84.30000,56.10000,72.00000,0.77495,405.11133
2025-06-24 18:28:47+07:00,27.00000,83.40000,57.60000,74.70000,0.82537,405.20020
2025-06-24 18:29:36+07:00,27.00000,84.00000,57.30000,74.00000,0.84122,405.23007
2025-06-24 18:30:26+07:00,26.90000,84.30000,56.40000,73.40000,0.79439,404.99481
2025-06-24 18:31:15+07:00,26.90000,83.90000,57.20000,72.40000,0.79221,405.16055
2025-06-24 18:32:05+07:00,26.90000,84.20000,58.10000,79.90000,0.82988,405.04312
2025-06-24 18:32:54+07:00,26.90000,84.60000,57.80000,73.00000,0.77709,404.88992
2025-06-24 18:33:43+07:00,26.90000,84.50000,55.20000,72.10000,0.74547,404.96603
2025-06-24 18:34:33+07:00,26.90000,83.30000,54.30000,72.00000,0.81420,405.11133
2025-06-24 18:35:22+07:00,26.90000,83.20000,52.90000,67.00000,0.79439,405.47430
2025-06-24 18:36:12+07:00,26.90000,83.20000,56.70000,73.60000,0.81420,404.97562
2025-06-24 18:37:01+07:00,26.90000,83.20000,54.30000,70.20000,0.79221,404.98523
2025-06-24 18:37:51+07:00,26.90000,83.10000,55.40000,70.60000,0.81642,404.93738
2025-06-24 18:38:40+07:00,26.90000,84.00000,56.90000,74.40000,0.75380,405.23007
2025-06-24 18:39:30+07:00,26.90000,83.50000,56.50000,73.90000,0.80755,404.95648
2025-06-24 18:40:19+07:00,26.90000,83.20000,55.60000,74.30000,0.80535,405.02374
2025-06-24 18:41:08+07:00,26.90000,82.90000,54.40000,69.40000,0.83213,404.92786
2025-06-24 18:42:05+07:00,26.90000,82.60000,56.60000,74.40000,0.77069,404.81479
2025-06-24 18:42:54+07:00,27.00000,82.60000,57.60000,79.40000,0.81865,405.07227
2025-06-24 18:43:46+07:00,27.00000,82.70000,58.30000,79.00000,0.80095,405.12115
2025-06-24 18:44:36+07:00,27.00000,82.80000,58.20000,78.40000,0.73721,405.06253
2025-06-24 18:45:32+07:00,27.10000,82.80000,58.90000,80.00000,0.80535,405.11133
2025-06-24 18:46:25+07:00,27.20000,82.70000,65.00000,86.10000,0.79657,405.15067
2025-06-24 18:47:17+07:00,27.10000,82.90000,63.50000,81.00000,0.83213,405.21014
2025-06-24 18:48:10+07:00,27.00000,83.20000,59.70000,86.10000,0.82537,405.35104
2025-06-24 18:49:04+07:00,27.00000,83.30000,67.60000,88.70000,0.77069,405.23007
2025-06-24 18:49:58+07:00,27.00000,83.60000,64.80000,83.20000,0.80976,405.29028
2025-06-24 18:50:52+07:00,27.00000,84.00000,65.50000,84.70000,0.78354,405.13098
2025-06-24 18:51:45+07:00,27.00000,83.90000,62.80000,85.00000,0.84122,405.51593
2025-06-24 18:52:38+07:00,27.00000,83.70000,61.40000,79.20000,0.81420,405.47430
2025-06-24 18:53:28+07:00,27.00000,83.60000,64.10000,83.40000,0.79221,405.46396
2025-06-24 18:54:20+07:00,27.00000,83.90000,61.20000,83.00000,0.90459,405.59991
2025-06-24 18:55:14+07:00,27.00000,83.50000,61.60000,86.50000,0.89258,405.40213
2025-06-24 18:56:04+07:00,27.00000,83.60000,63.50000,87.70000,0.86194,405.36124
2025-06-24 18:56:54+07:00,27.00000,83.30000,59.50000,83.30000,0.79657,405.59991
2025-06-24 18:57:46+07:00,27.10000,83.20000,62.70000,84.00000,0.86660,405.25009
2025-06-24 18:58:42+07:00,27.00000,83.10000,63.60000,83.80000,0.90943,405.37143
2025-06-24 18:59:32+07:00,27.00000,83.60000,67.80000,89.10000,0.82313,405.40213
2025-06-24 19:01:13+07:00,27.10000,83.80000,66.00000,90.80000,0.90459,405.83630
2025-06-24 19:02:03+07:00,27.00000,83.70000,65.00000,87.10000,0.88306,405.85818
2025-06-24 19:02:52+07:00,27.00000,83.80000,65.10000,86.40000,0.85268,405.66357
2025-06-24 19:03:42+07:00,27.10000,83.80000,65.20000,84.80000,0.83440,405.64230
2025-06-24 19:04:32+07:00,27.10000,83.10000,66.20000,86.10000,0.87128,405.52637
2025-06-24 19:05:26+07:00,27.10000,83.40000,62.30000,86.80000,0.88781,405.40213
2025-06-24 19:06:16+07:00,27.20000,83.00000,64.30000,86.10000,0.86894,405.67426
2025-06-24 19:07:08+07:00,27.10000,82.80000,64.20000,85.40000,0.89258,405.53680
2025-06-24 19:08:02+07:00,27.10000,82.90000,61.60000,85.80000,0.93146,405.66357
2025-06-24 19:08:54+07:00,27.10000,82.90000,62.60000,83.30000,0.86427,405.61047
2025-06-24 19:09:48+07:00,27.10000,82.70000,65.20000,87.60000,0.87598,405.52637
2025-06-24 19:10:41+07:00,27.10000,82.40000,64.40000,88.20000,0.85730,405.79272
2025-06-24 19:11:31+07:00,27.10000,82.50000,64.20000,88.60000,0.91186,405.70636
2025-06-24 19:12:25+07:00,27.00000,82.70000,66.50000,88.90000,0.85499,405.63165
2025-06-24 19:13:17+07:00,27.00000,82.90000,62.50000,88.90000,0.88306,405.32059
2025-06-24 19:14:09+07:00,27.00000,82.80000,67.00000,86.90000,0.90459,405.69565
2025-06-24 19:15:02+07:00,27.00000,83.10000,67.10000,87.50000,0.83213,405.16055
2025-06-24 19:15:55+07:00,27.00000,83.00000,68.10000,91.90000,0.82988,405.52637
2025-06-24 19:16:48+07:00,27.00000,83.00000,65.80000,90.60000,0.89019,405.71710
2025-06-24 19:17:41+07:00,26.90000,83.10000,69.10000,92.70000,0.90943,405.39188
2025-06-24 19:18:33+07:00,27.00000,82.90000,67.30000,92.20000,0.91186,405.71710
2025-06-24 19:19:23+07:00,27.00000,82.70000,66.10000,87.80000,0.91917,405.55777
2025-06-24 19:20:15+07:00,26.90000,83.10000,65.50000,89.60000,0.90218,405.45361
2025-06-24 19:21:04+07:00,26.90000,83.30000,66.50000,92.30000,0.92407,405.63165
2025-06-24 19:21:54+07:00,26.90000,83.20000,65.40000,85.60000,0.89737,405.68494
2025-06-24 19:22:47+07:00,26.90000,82.90000,60.50000,80.90000,0.84808,405.46396
2025-06-24 19:23:40+07:00,26.90000,82.40000,59.70000,79.90000,0.87128,405.59991
2025-06-24 19:24:29+07:00,26.80000,81.90000,60.70000,83.50000,0.89737,405.59991
2025-06-24 19:25:22+07:00,26.80000,81.90000,56.90000,78.70000,0.88306,405.37143
2025-06-24 19:26:11+07:00,26.80000,81.70000,59.50000,82.00000,0.83440,405.47430
2025-06-24 19:27:03+07:00,26.90000,81.70000,56.80000,76.20000,0.87833,405.50549
2025-06-24 19:27:53+07:00,26.90000,81.60000,56.80000,75.70000,0.91186,405.14081
2025-06-24 19:28:49+07:00,27.00000,81.40000,58.90000,81.80000,0.83667,405.40213
2025-06-24 19:29:47+07:00,26.90000,81.20000,59.60000,78.00000,0.85268,405.17044
2025-06-24 19:30:38+07:00,26.90000,81.30000,58.90000,78.40000,0.85499,405.50549
2025-06-24 19:31:28+07:00,26.90000,81.20000,59.80000,77.90000,0.88543,405.30035
2025-06-24 19:32:24+07:00,26.90000,81.30000,59.50000,80.40000,0.86894,405.34088
2025-06-24 19:33:25+07:00,26.90000,81.20000,58.70000,77.20000,0.81198,405.45361
2025-06-24 19:34:27+07:00,26.90000,81.20000,60.10000,82.50000,0.92900,405.34088
2025-06-24 19:35:18+07:00,26.90000,81.30000,62.60000,82.80000,0.85730,405.69565
2025-06-24 19:36:10+07:00,26.90000,81.60000,62.40000,82.40000,0.82089,405.66357
2025-06-24 19:37:10+07:00,26.80000,81.80000,61.90000,86.20000,0.84350,405.49509
2025-06-24 19:38:00+07:00,26.90000,81.40000,60.60000,83.20000,0.87128,405.57883
2025-06-24 19:38:50+07:00,26.90000,81.40000,64.90000,90.30000,0.84579,405.47430
2025-06-24 19:39:41+07:00,26.90000,81.50000,66.10000,87.60000,0.86660,405.54730
2025-06-24 19:40:34+07:00,26.90000,81.50000,66.30000,93.40000,0.98452,406.21777
2025-06-24 19:41:23+07:00,26.90000,81.80000,64.40000,89.20000,0.97423,406.38074
2025-06-24 19:42:14+07:00,26.90000,82.00000,65.40000,90.20000,0.93890,405.97983
2025-06-24 19:43:03+07:00,26.90000,82.20000,66.70000,91.40000,0.95644,406.14902
2025-06-24 19:43:54+07:00,26.80000,82.30000,66.10000,91.60000,0.99489,406.06958
2025-06-24 19:44:43+07:00,26.80000,82.10000,70.10000,93.70000,0.92162,405.89117
2025-06-24 19:45:34+07:00,26.80000,82.20000,67.20000,94.80000,0.98969,405.84723
2025-06-24 19:46:24+07:00,26.80000,82.30000,69.20000,94.30000,0.93642,405.33072
2025-06-24 19:47:14+07:00,26.80000,82.40000,69.20000,97.60000,0.89977,405.51593
2025-06-24 19:48:05+07:00,26.80000,82.20000,70.60000,95.40000,0.96149,405.62106
2025-06-24 19:48:55+07:00,26.80000,82.20000,70.50000,95.40000,0.94639,405.59991
2025-06-24 19:49:46+07:00,26.70000,82.50000,68.20000,95.00000,0.88781,405.57883
2025-06-24 19:50:35+07:00,26.70000,82.70000,70.60000,98.10000,0.93394,405.68494
2025-06-24 19:51:27+07:00,26.70000,82.60000,70.90000,97.70000,0.94639,405.59991
2025-06-24 19:52:17+07:00,26.70000,82.90000,73.70000,101.90000,0.93394,405.62106
2025-06-24 19:53:07+07:00,26.70000,82.70000,71.90000,102.00000,0.93394,405.76022
2025-06-24 19:54:04+07:00,26.70000,82.80000,68.60000,94.60000,0.90218,405.57883
2025-06-24 19:54:54+07:00,26.70000,82.70000,66.70000,93.50000,0.92162,405.65292
2025-06-24 19:55:43+07:00,26.80000,81.90000,67.00000,92.50000,0.92653,405.69565
2025-06-24 19:56:33+07:00,26.80000,81.70000,64.70000,88.80000,0.91673,405.64230
2025-06-24 19:57:23+07:00,26.80000,81.20000,66.40000,90.80000,0.95392,405.59991
2025-06-24 19:58:13+07:00,26.80000,81.60000,68.80000,95.10000,0.95644,405.76022
2025-06-24 19:59:02+07:00,26.90000,81.70000,73.50000,106.30000,1.00010,405.97983
2025-06-24 19:59:51+07:00,26.90000,81.80000,76.50000,113.30000,1.02385,406.05829
2025-06-24 20:00:41+07:00,27.00000,81.90000,76.40000,112.70000,0.96403,406.11487
2025-06-24 20:01:30+07:00,27.00000,82.20000,72.80000,101.80000,0.95140,405.68494
2025-06-24 20:02:20+07:00,26.90000,82.20000,74.10000,103.80000,0.98969,405.90219
2025-06-24 20:03:09+07:00,26.80000,82.40000,72.20000,104.70000,0.96403,405.92429
2025-06-24 20:03:59+07:00,26.80000,82.80000,70.80000,100.50000,0.91429,405.78186
2025-06-24 20:04:48+07:00,26.80000,82.50000,72.00000,104.90000,0.96912,405.64230
2025-06-24 20:05:37+07:00,26.80000,82.50000,74.00000,106.80000,0.94889,405.66357
2025-06-24 20:06:27+07:00,26.80000,83.20000,74.90000,107.10000,0.92900,405.50549
2025-06-24 20:07:17+07:00,26.80000,83.10000,77.40000,106.80000,0.97936,405.61047
2025-06-24 20:08:06+07:00,26.80000,83.10000,78.90000,113.80000,0.87833,405.39188
2025-06-24 20:08:55+07:00,26.80000,83.40000,80.00000,115.20000,0.87363,405.70636
2025-06-24 20:09:45+07:00,26.80000,83.40000,80.80000,113.60000,0.97167,405.67426
2025-06-24 20:10:35+07:00,26.80000,83.30000,77.80000,108.10000,0.95140,405.52637
2025-06-24 20:11:24+07:00,26.80000,83.50000,75.80000,105.10000,0.96403,405.58936
2025-06-24 20:12:13+07:00,26.80000,83.80000,73.10000,100.80000,0.94389,405.51593
2025-06-24 20:13:03+07:00,26.80000,83.90000,73.70000,99.80000,0.92653,405.63165
2025-06-24 20:13:52+07:00,26.80000,84.10000,73.80000,102.10000,0.88543,405.67426
2025-06-24 20:14:42+07:00,26.70000,84.10000,78.40000,109.60000,0.88070,405.46396
2025-06-24 20:15:32+07:00,26.80000,84.20000,72.40000,96.00000,0.93642,405.61047
2025-06-24 20:16:21+07:00,26.70000,84.50000,73.70000,102.70000,0.93146,405.62106
2025-06-24 20:17:11+07:00,26.70000,84.60000,73.80000,97.00000,1.02119,405.82538
2025-06-24 20:18:00+07:00,26.70000,84.60000,82.30000,109.10000,0.90218,405.64230
2025-06-24 20:18:49+07:00,26.70000,84.70000,78.70000,103.90000,0.94639,405.70636
2025-06-24 20:19:39+07:00,26.80000,84.50000,77.50000,100.60000,0.89019,405.91321
2025-06-24 20:20:28+07:00,26.80000,84.50000,79.90000,106.70000,0.91186,405.47430
2025-06-24 20:21:18+07:00,26.80000,84.80000,97.10000,120.40000,0.94139,406.05829
2025-06-24 20:22:07+07:00,26.80000,85.00000,75.50000,100.40000,0.95896,405.86917
2025-06-24 20:22:56+07:00,26.80000,85.00000,76.70000,101.30000,0.97679,405.74942
2025-06-24 20:23:46+07:00,26.80000,85.10000,78.50000,104.50000,0.94889,405.81448
2025-06-24 20:24:36+07:00,26.80000,85.20000,76.40000,102.90000,0.92407,405.69565
2025-06-24 20:25:25+07:00,26.80000,85.30000,76.00000,102.60000,0.97679,405.74942
2025-06-24 20:26:14+07:00,26.80000,84.80000,74.00000,102.70000,0.91186,405.67426
2025-06-24 20:27:04+07:00,26.80000,84.90000,71.30000,99.40000,0.95392,406.19479
2025-06-24 20:27:54+07:00,26.80000,85.10000,73.00000,97.80000,0.96149,405.69565
2025-06-24 20:28:43+07:00,26.80000,85.10000,72.10000,98.00000,0.91917,405.54730
2025-06-24 20:29:33+07:00,26.70000,84.90000,68.90000,94.90000,0.89258,405.63165
2025-06-24 20:30:22+07:00,26.70000,85.10000,69.20000,91.70000,0.93146,405.59991
2025-06-24 20:31:11+07:00,26.60000,85.10000,66.50000,93.50000,0.93642,405.81448
2025-06-24 20:32:01+07:00,26.70000,85.10000,70.50000,93.10000,0.95392,405.65292
2025-06-24 20:32:50+07:00,26.70000,84.70000,70.90000,93.00000,0.98452,405.64230
2025-06-24 20:33:39+07:00,26.70000,84.10000,72.40000,98.60000,0.90701,405.45361
2025-06-24 20:34:29+07:00,26.70000,84.60000,70.70000,94.00000,0.93890,406.11487
2025-06-24 20:35:18+07:00,26.60000,84.90000,70.70000,95.30000,0.88781,405.49509
2025-06-24 20:36:07+07:00,26.70000,84.40000,71.70000,94.70000,0.93146,405.67426
2025-06-24 20:36:57+07:00,26.60000,84.50000,68.00000,89.30000,0.89019,405.46396
2025-06-24 20:37:47+07:00,26.70000,83.50000,66.80000,88.90000,1.01589,405.68494
2025-06-24 20:38:36+07:00,26.70000,82.70000,68.10000,94.60000,0.96912,405.81448
2025-06-24 20:39:25+07:00,26.60000,82.20000,65.30000,89.20000,0.98194,405.86917
2025-06-24 20:40:15+07:00,26.60000,82.50000,65.10000,87.40000,0.95392,405.61047
2025-06-24 20:41:04+07:00,26.60000,82.40000,67.70000,93.20000,0.95140,405.55777
2025-06-24 20:41:54+07:00,26.70000,82.20000,66.30000,86.10000,0.90701,405.59991
2025-06-24 20:42:44+07:00,26.60000,82.10000,68.90000,90.90000,0.96912,405.50549
2025-06-24 20:43:33+07:00,26.60000,82.10000,71.00000,95.30000,0.88070,405.63165
2025-06-24 20:44:23+07:00,26.70000,82.10000,69.20000,90.70000,0.88070,405.48468
2025-06-24 20:45:12+07:00,26.70000,81.70000,69.90000,92.20000,0.90459,405.53680
2025-06-24 20:46:02+07:00,26.60000,81.50000,68.50000,88.60000,0.82762,405.33072
2025-06-24 20:46:52+07:00,26.60000,81.60000,68.30000,90.80000,0.92162,405.49509
2025-06-24 20:47:42+07:00,26.70000,81.70000,67.60000,89.20000,0.93146,405.41238
2025-06-24 20:48:31+07:00,26.70000,81.50000,63.80000,85.20000,0.91917,405.32059
2025-06-24 20:49:21+07:00,26.70000,81.70000,63.60000,83.80000,0.88070,405.54730
2025-06-24 20:50:10+07:00,26.70000,81.50000,63.90000,84.20000,0.84808,405.27014
2025-06-24 20:50:59+07:00,26.60000,81.60000,63.10000,86.50000,0.94639,405.48468
2025-06-24 20:51:49+07:00,26.70000,81.70000,62.40000,83.40000,0.87833,405.40213
2025-06-24 20:52:38+07:00,26.70000,81.90000,63.60000,87.40000,0.85962,405.45361
2025-06-24 20:53:28+07:00,26.70000,81.80000,60.30000,86.20000,0.87363,405.37143
2025-06-24 20:54:17+07:00,26.80000,81.30000,61.50000,79.80000,0.86894,405.31049
2025-06-24 20:55:07+07:00,26.80000,81.00000,62.50000,80.60000,0.89497,405.17044
2025-06-24 20:55:56+07:00,26.90000,80.70000,62.80000,81.10000,0.83440,405.22009
2025-06-24 20:56:46+07:00,26.80000,80.70000,64.20000,88.90000,0.84122,405.36124
2025-06-24 20:57:35+07:00,26.80000,80.70000,65.00000,86.10000,0.87598,405.47430
2025-06-24 20:58:24+07:00,26.70000,80.70000,63.10000,84.10000,0.89497,405.26010
2025-06-24 20:59:14+07:00,26.70000,80.40000,64.20000,85.00000,0.89737,405.27014
2025-06-24 21:09:04+07:00,26.50000,83.60000,70.20000,99.80000,0.83667,405.48468
2025-06-24 21:09:58+07:00,26.50000,83.50000,68.70000,93.90000,0.92162,405.64230
2025-06-24 21:10:47+07:00,26.50000,83.60000,65.50000,87.90000,0.88781,405.72784
2025-06-24 21:11:37+07:00,26.50000,83.50000,66.50000,88.30000,0.88781,405.58936
2025-06-24 21:12:27+07:00,26.50000,83.50000,70.90000,96.80000,0.89258,405.15067
2025-06-24 21:13:16+07:00,26.50000,83.80000,64.80000,90.60000,0.92653,405.46396
2025-06-24 21:14:09+07:00,26.60000,83.50000,70.30000,91.60000,0.91186,405.68494
2025-06-24 21:14:58+07:00,26.60000,83.60000,69.90000,92.30000,0.83894,405.59991
2025-06-24 21:15:48+07:00,26.60000,84.00000,69.50000,92.80000,0.89019,405.65292
2025-06-24 21:16:37+07:00,26.50000,84.30000,70.90000,95.40000,0.86894,405.52637
2025-06-24 21:17:26+07:00,26.50000,84.30000,69.70000,94.30000,0.91917,405.43298
2025-06-24 21:18:16+07:00,26.50000,84.60000,65.00000,87.90000,0.85962,405.47430
2025-06-24 21:19:06+07:00,26.50000,84.50000,66.50000,89.20000,0.86894,405.64230
2025-06-24 21:19:55+07:00,26.50000,84.30000,68.80000,93.70000,0.89258,405.47430
2025-06-24 21:20:44+07:00,26.50000,84.30000,69.10000,96.00000,0.88781,405.65292
2025-06-24 21:21:34+07:00,26.40000,84.50000,72.30000,99.30000,0.91673,405.45361
2025-06-24 21:22:24+07:00,26.40000,84.30000,69.50000,93.00000,0.87833,405.72784
2025-06-24 21:23:14+07:00,26.40000,84.40000,77.20000,98.40000,1.03187,405.64230
2025-06-24 21:24:09+07:00,26.40000,84.60000,77.50000,102.80000,0.89497,405.65292
2025-06-24 21:24:58+07:00,26.40000,84.70000,70.30000,89.90000,0.92900,405.40213
2025-06-24 21:25:47+07:00,26.40000,84.60000,68.30000,92.90000,0.90218,405.45361
2025-06-24 21:26:37+07:00,26.40000,84.60000,66.50000,89.00000,0.86427,405.70636
2025-06-24 21:27:26+07:00,26.50000,84.60000,66.80000,92.30000,0.88306,405.58936
2025-06-24 21:29:07+07:00,26.50000,84.30000,63.30000,86.10000,0.89977,405.68494
2025-06-24 21:29:56+07:00,26.50000,84.20000,62.20000,83.00000,0.92407,405.53680
2025-06-24 21:30:46+07:00,26.50000,84.20000,62.60000,82.80000,0.89977,405.59991
2025-06-24 21:31:35+07:00,26.50000,84.20000,62.60000,86.40000,0.89019,405.36124
2025-06-24 21:32:24+07:00,26.50000,84.00000,61.10000,80.50000,0.89737,405.42267
2025-06-24 21:33:14+07:00,26.60000,83.50000,64.20000,85.70000,0.89019,405.93536
2025-06-24 21:34:03+07:00,26.60000,83.60000,63.70000,85.90000,0.88543,405.45361
2025-06-24 21:34:53+07:00,26.60000,83.70000,63.70000,88.10000,0.86894,405.64230
2025-06-24 21:35:42+07:00,26.60000,83.80000,63.20000,83.80000,0.87833,405.47430
2025-06-24 21:36:31+07:00,26.50000,84.00000,64.30000,85.20000,0.85962,405.90219
2025-06-24 21:37:21+07:00,26.50000,83.90000,62.30000,82.70000,0.89019,405.55777
2025-06-24 21:38:10+07:00,26.60000,83.90000,63.30000,88.70000,0.89977,405.11133
2025-06-24 21:39:00+07:00,26.60000,83.90000,64.60000,88.20000,0.86427,405.45361
2025-06-24 21:39:50+07:00,26.50000,83.90000,66.70000,89.20000,0.89737,405.55777
2025-06-24 21:40:40+07:00,26.50000,84.20000,67.20000,91.70000,0.87833,405.48468
2025-06-24 21:41:29+07:00,26.50000,84.20000,68.70000,94.40000,0.88781,405.21014
2025-06-24 21:42:19+07:00,26.40000,84.50000,69.10000,89.20000,0.86660,405.46396
2025-06-24 21:43:08+07:00,26.40000,84.70000,67.80000,92.40000,0.87598,405.48468
2025-06-24 21:43:58+07:00,26.40000,84.70000,67.00000,86.80000,0.88306,405.70636
2025-06-24 21:44:47+07:00,26.50000,84.40000,67.10000,95.60000,0.82537,405.37143
2025-06-24 21:45:37+07:00,26.50000,84.10000,68.90000,90.00000,0.86894,405.33072
2025-06-24 21:46:27+07:00,26.50000,84.10000,66.00000,91.30000,0.82313,405.46396
2025-06-24 21:48:07+07:00,26.40000,84.40000,69.50000,95.40000,0.84122,405.30035
2025-06-24 21:48:57+07:00,26.40000,84.60000,69.30000,91.10000,0.90459,405.53680
2025-06-24 21:49:46+07:00,26.50000,84.50000,70.00000,94.70000,0.88543,405.42267
2025-06-24 21:50:36+07:00,26.50000,84.30000,70.90000,98.60000,0.89977,405.65292
2025-06-24 21:51:25+07:00,26.50000,84.50000,75.40000,100.10000,0.85499,405.57883
2025-06-24 21:52:15+07:00,26.50000,84.70000,73.70000,99.20000,0.89977,405.38165
2025-06-24 21:53:04+07:00,26.50000,84.70000,75.30000,102.90000,0.89258,405.35104
2025-06-24 21:53:54+07:00,26.50000,84.60000,74.50000,103.00000,0.84350,405.62106
2025-06-24 21:54:43+07:00,26.50000,84.70000,76.80000,102.20000,0.91917,405.59991
2025-06-24 21:55:32+07:00,26.50000,84.60000,74.10000,104.00000,0.92407,405.46396
2025-06-24 21:56:22+07:00,26.40000,84.70000,73.60000,100.50000,0.91186,405.65292
2025-06-24 21:57:11+07:00,26.40000,84.80000,73.80000,101.90000,0.92900,405.72784
2025-06-24 21:58:01+07:00,26.40000,84.90000,76.60000,102.00000,0.85499,405.55777
2025-06-24 21:58:50+07:00,26.40000,84.90000,70.70000,99.20000,0.86894,405.39188
2025-06-24 21:59:39+07:00,26.40000,84.90000,75.70000,107.80000,0.85268,405.53680
2025-06-24 22:00:29+07:00,26.30000,84.90000,77.00000,107.80000,0.87833,405.50549
2025-06-24 22:01:18+07:00,26.30000,85.20000,77.90000,114.70000,0.87363,405.50549
2025-06-24 22:02:11+07:00,26.20000,85.00000,79.50000,111.90000,0.91917,405.46396
2025-06-24 22:03:00+07:00,26.30000,85.00000,80.20000,112.70000,0.92653,405.65292
2025-06-24 22:03:50+07:00,26.30000,84.90000,77.60000,107.20000,0.91186,405.36124
2025-06-24 22:04:39+07:00,26.30000,84.90000,74.60000,102.40000,0.93394,405.52637
2025-06-24 22:05:29+07:00,26.30000,84.70000,73.30000,101.50000,0.87128,405.65292
2025-06-24 22:06:18+07:00,26.20000,84.70000,71.90000,100.60000,0.93146,405.91321
2025-06-24 22:07:13+07:00,26.20000,84.60000,72.80000,99.60000,0.91429,405.63165
2025-06-24 22:08:03+07:00,26.20000,84.50000,70.80000,102.60000,0.87363,405.54730
2025-06-24 22:09:47+07:00,26.20000,84.10000,102.60000,129.70000,0.88070,405.45361
2025-06-24 22:10:37+07:00,26.20000,84.20000,126.80000,149.20000,0.94139,405.53680
2025-06-24 22:11:27+07:00,26.20000,84.20000,228.50000,255.00000,0.92653,405.45361
2025-06-24 22:12:16+07:00,26.20000,84.20000,125.90000,149.60001,0.94889,405.31049
2025-06-24 22:13:06+07:00,26.20000,83.90000,106.30000,129.20000,0.87363,405.05280
2025-06-24 22:13:55+07:00,26.20000,84.10000,88.80000,111.20000,0.92162,405.31049
2025-06-24 22:14:44+07:00,26.20000,83.70000,88.60000,110.40000,0.88543,405.28021
2025-06-24 22:15:34+07:00,26.30000,83.50000,88.80000,111.50000,0.86427,405.35104
2025-06-24 22:16:23+07:00,26.20000,83.40000,89.80000,111.10000,0.85962,405.40213
2025-06-24 22:17:12+07:00,26.30000,83.50000,89.80000,115.20000,0.86894,405.32059
2025-06-24 22:18:02+07:00,26.20000,83.40000,84.10000,109.80000,0.91186,405.39188
2025-06-24 22:18:51+07:00,26.30000,83.50000,80.10000,101.50000,0.84122,405.30035
2025-06-24 22:19:41+07:00,26.30000,83.30000,78.30000,106.30000,0.86194,405.17044
2025-06-24 22:20:30+07:00,26.20000,83.40000,73.80000,97.00000,0.85268,405.35104
2025-06-24 22:21:20+07:00,26.20000,83.80000,73.10000,97.70000,0.90218,405.41238
2025-06-24 22:22:12+07:00,26.20000,83.80000,72.80000,101.70000,0.84350,405.26010
2025-06-24 22:23:06+07:00,26.10000,83.60000,73.80000,98.70000,0.83213,405.36124
2025-06-24 22:23:55+07:00,26.20000,83.50000,69.30000,92.70000,0.93642,405.27014
2025-06-24 22:24:44+07:00,26.20000,83.50000,68.10000,90.30000,0.85962,405.36124
2025-06-24 22:25:37+07:00,26.20000,83.20000,67.70000,92.70000,0.84579,405.23007
2025-06-24 22:26:27+07:00,26.20000,83.30000,64.40000,84.70000,0.80095,405.27014
2025-06-24 22:27:21+07:00,26.20000,82.80000,64.30000,83.90000,0.83213,405.49509
2025-06-24 22:28:18+07:00,26.20000,83.00000,62.80000,84.70000,0.89258,405.21014
2025-06-24 22:29:07+07:00,26.20000,83.00000,61.60000,78.50000,0.87598,405.38165
2025-06-24 22:29:56+07:00,26.10000,83.20000,63.50000,84.20000,0.85038,405.28021
2025-06-24 22:30:46+07:00,26.20000,83.40000,65.40000,85.20000,0.85268,405.25009
2025-06-24 22:31:35+07:00,26.10000,83.30000,64.10000,85.70000,0.85038,405.39188
2025-06-24 22:32:28+07:00,26.10000,83.50000,61.50000,82.80000,0.78354,405.26010
2025-06-24 22:33:25+07:00,26.10000,83.90000,63.40000,84.30000,0.86894,405.32059
2025-06-24 22:34:14+07:00,26.10000,83.90000,68.40000,86.50000,0.84808,405.21014
2025-06-24 22:35:04+07:00,26.00000,84.10000,65.70000,86.90000,0.82762,405.29028
2025-06-24 22:35:53+07:00,26.00000,84.20000,64.30000,85.20000,0.83667,405.25009
2025-06-24 22:36:43+07:00,26.00000,84.30000,62.00000,85.00000,0.85730,405.25009
2025-06-24 22:37:32+07:00,26.00000,84.40000,64.40000,87.30000,0.86660,405.52637
2025-06-24 22:38:24+07:00,26.00000,84.40000,66.30000,89.40000,0.93146,405.65292
2025-06-24 22:39:21+07:00,26.00000,84.30000,65.20000,85.80000,0.79439,405.22009
2025-06-24 22:40:11+07:00,26.00000,84.40000,62.50000,83.90000,0.83894,405.30035
2025-06-24 22:41:00+07:00,25.90000,84.50000,65.70000,85.50000,0.85268,405.16055
2025-06-24 22:41:52+07:00,26.00000,84.50000,67.30000,88.10000,0.88070,405.03342
2025-06-24 22:42:44+07:00,25.90000,84.80000,65.50000,87.30000,0.86427,405.14081
2025-06-24 22:43:33+07:00,25.90000,84.90000,67.50000,88.70000,0.84808,405.28021
2025-06-24 22:44:26+07:00,26.00000,84.80000,68.60000,91.20000,0.91673,405.43298
2025-06-24 22:45:15+07:00,25.90000,84.70000,67.90000,90.50000,0.89019,405.53680
2025-06-24 22:46:08+07:00,25.90000,84.70000,71.50000,97.10000,0.87833,405.50549
2025-06-24 22:46:57+07:00,25.90000,84.40000,71.30000,95.00000,0.89977,405.35104
2025-06-24 22:47:47+07:00,25.90000,84.50000,70.90000,100.20000,0.84579,405.49509
2025-06-24 22:48:36+07:00,26.00000,84.30000,74.40000,103.90000,0.88306,405.36124
2025-06-24 22:49:30+07:00,26.00000,84.10000,74.10000,103.10000,0.87128,405.46396
2025-06-24 22:50:20+07:00,26.00000,83.70000,76.10000,104.90000,0.87363,405.40213
2025-06-24 22:51:09+07:00,26.00000,83.90000,79.60000,112.10000,0.86194,405.32059
2025-06-24 22:51:58+07:00,26.00000,84.20000,77.40000,105.60000,0.92653,405.39188
2025-06-24 22:52:48+07:00,25.90000,84.20000,76.80000,102.90000,0.86427,405.47430
2025-06-24 22:53:37+07:00,25.90000,84.40000,74.20000,101.10000,0.87128,405.47430
2025-06-24 22:54:27+07:00,25.90000,84.70000,75.90000,104.80000,0.83440,405.25009
2025-06-24 22:55:16+07:00,26.00000,84.60000,73.50000,100.60000,0.81642,405.43298
2025-06-24 22:56:05+07:00,26.10000,84.20000,74.20000,107.40000,0.84579,405.43298
2025-06-24 22:56:59+07:00,26.10000,84.30000,69.90000,96.10000,0.88781,405.39188
2025-06-24 22:57:48+07:00,26.00000,84.70000,72.00000,101.10000,0.86660,405.42267
2025-06-24 22:58:38+07:00,26.00000,84.90000,71.50000,97.80000,0.85962,405.44330
2025-06-24 23:00:27+07:00,26.10000,85.00000,73.50000,100.00000,0.82537,405.27014
2025-06-24 23:01:21+07:00,26.10000,84.90000,70.60000,94.60000,0.82762,405.47430
2025-06-24 23:02:11+07:00,26.10000,84.70000,74.60000,107.20000,0.82988,405.33072
2025-06-24 23:03:00+07:00,26.10000,84.80000,71.10000,97.90000,0.84122,405.33072
2025-06-24 23:03:50+07:00,26.10000,84.50000,70.70000,96.00000,0.78354,405.40213
2025-06-24 23:04:39+07:00,26.10000,84.70000,70.30000,99.50000,0.80535,405.11133
2025-06-24 23:05:28+07:00,26.00000,84.90000,67.90000,96.50000,0.84122,405.11133
2025-06-24 23:06:18+07:00,26.00000,84.80000,69.90000,96.50000,0.83213,405.12115
2025-06-24 23:07:11+07:00,26.00000,84.80000,70.80000,94.20000,0.76644,405.29028
2025-06-24 23:09:09+07:00,25.90000,85.10000,67.50000,92.10000,0.81865,405.14081
2025-06-24 23:17:01+07:00,25.90000,84.90000,63.30000,86.90000,0.74340,405.05280
2025-06-24 23:18:52+07:00,25.80000,85.50000,64.80000,89.10000,0.83213,405.11133
2025-06-24 23:19:52+07:00,25.70000,85.70000,66.30000,88.30000,0.76644,405.03342
2025-06-24 23:21:50+07:00,25.70000,86.00000,66.70000,92.50000,0.75590,404.83350
2025-06-24 23:25:43+07:00,25.70000,86.20000,67.50000,90.60000,0.75171,404.86163
2025-06-24 23:26:34+07:00,25.70000,86.30000,69.10000,94.70000,0.72698,404.83350
2025-06-24 23:27:25+07:00,25.70000,86.20000,67.90000,90.50000,0.75171,404.92786
2025-06-24 23:28:15+07:00,25.80000,86.10000,71.50000,95.90000,0.79221,404.88992
2025-06-24 23:30:13+07:00,25.80000,86.00000,67.80000,92.30000,0.80314,404.89938
2025-06-24 23:31:03+07:00,25.90000,85.80000,74.60000,98.50000,0.77282,404.74982
2025-06-24 23:31:56+07:00,25.90000,85.60000,68.40000,90.70000,0.77709,404.98523
2025-06-24 23:33:44+07:00,25.80000,85.80000,71.10000,97.80000,0.78139,405.31049
2025-06-24 23:34:41+07:00,25.90000,85.70000,72.00000,99.50000,0.81865,405.24005
2025-06-24 23:35:33+07:00,25.80000,85.90000,73.00000,100.10000,0.79657,405.13098
2025-06-24 23:36:23+07:00,25.90000,85.90000,77.20000,107.40000,0.81865,405.14081
2025-06-24 23:37:12+07:00,25.90000,86.10000,74.90000,102.50000,0.80095,405.18033
2025-06-24 23:38:01+07:00,25.90000,85.70000,78.20000,108.70000,0.79876,405.35104
2025-06-24 23:38:51+07:00,25.90000,85.70000,77.10000,107.20000,0.83440,405.43298
2025-06-24 23:39:40+07:00,25.90000,85.50000,76.60000,102.40000,0.78787,405.29028
2025-06-24 23:40:30+07:00,25.90000,85.60000,76.00000,102.60000,0.81420,405.11133
2025-06-24 23:41:19+07:00,26.00000,85.50000,86.90000,113.10000,0.83894,405.18033
2025-06-24 23:42:08+07:00,26.00000,85.30000,80.10000,106.50000,0.82537,405.30035
2025-06-24 23:42:58+07:00,25.90000,85.40000,82.90000,110.90000,0.79876,405.27014
2025-06-24 23:43:47+07:00,25.90000,85.30000,91.00000,118.20000,0.82089,405.30035
2025-06-24 23:44:36+07:00,26.00000,85.10000,84.00000,117.50000,0.81198,405.17044
2025-06-24 23:45:26+07:00,26.00000,85.30000,79.70000,107.90000,0.84350,405.35104
2025-06-24 23:46:15+07:00,25.90000,85.40000,78.20000,108.40000,0.81420,405.27014
2025-06-24 23:47:05+07:00,25.90000,85.70000,80.00000,113.40000,0.83667,405.18033
2025-06-24 23:47:54+07:00,25.80000,85.90000,77.10000,105.70000,0.80314,405.11133
2025-06-24 23:48:44+07:00,25.80000,86.00000,77.40000,107.20000,0.88781,405.32059
2025-06-24 23:49:33+07:00,25.80000,86.10000,72.10000,99.80000,0.80314,405.15067
2025-06-24 23:50:22+07:00,25.80000,86.10000,74.30000,103.30000,0.84579,405.24005
2025-06-24 23:51:12+07:00,25.80000,86.20000,71.70000,99.80000,0.79439,405.11133
2025-06-24 23:52:01+07:00,25.80000,86.20000,74.00000,101.00000,0.83213,405.08200
2025-06-24 23:52:51+07:00,25.80000,86.20000,76.00000,105.70000,0.83440,405.02374
2025-06-24 23:53:41+07:00,25.80000,86.40000,71.40000,98.20000,0.83667,405.22009
2025-06-24 23:54:30+07:00,25.80000,86.40000,71.60000,101.10000,0.82313,405.10156
2025-06-24 23:55:20+07:00,25.80000,86.30000,72.10000,96.10000,0.77709,405.16055
2025-06-24 23:56:09+07:00,25.80000,86.40000,75.50000,104.50000,0.81198,405.11133
2025-06-24 23:56:59+07:00,25.80000,86.40000,72.60000,97.70000,0.77282,405.14081
2025-06-24 23:57:48+07:00,25.70000,86.60000,75.00000,102.60000,0.78354,405.41238
2025-06-24 23:58:37+07:00,25.70000,86.40000,72.00000,97.30000,0.77709,405.07227
2025-06-24 23:59:27+07:00,25.70000,86.50000,73.30000,100.70000,0.79439,405.02374
2025-06-25 00:00:16+07:00,25.70000,86.50000,74.90000,100.80000,0.80976,405.29028
2025-06-25 00:01:05+07:00,25.70000,86.50000,81.40000,114.10000,0.89258,404.94693
2025-06-25 00:01:55+07:00,25.70000,86.80000,80.10000,115.70000,0.82313,405.17044
2025-06-25 00:02:44+07:00,25.70000,87.00000,87.90000,125.90000,0.77495,405.17044
2025-06-25 00:03:34+07:00,25.70000,87.00000,87.20000,128.20000,0.82762,405.34088
2025-06-25 00:04:23+07:00,25.70000,86.80000,81.80000,117.80000,0.79876,405.27014
2025-06-25 00:05:12+07:00,25.70000,85.80000,80.10000,117.70000,0.85499,405.35104
2025-06-25 00:06:02+07:00,25.80000,85.30000,83.60000,122.80000,0.79221,405.15067
2025-06-25 00:06:51+07:00,25.80000,85.00000,82.60000,117.00000,0.82537,405.26010
2025-06-25 00:07:41+07:00,25.80000,84.80000,83.90000,118.30000,0.80314,405.12115
2025-06-25 00:08:30+07:00,25.70000,85.00000,83.60000,116.80000,0.83213,405.14081
2025-06-25 00:09:20+07:00,25.70000,85.10000,76.80000,108.90000,0.80755,405.09177
2025-06-25 00:10:09+07:00,25.70000,85.10000,78.30000,110.90000,0.80095,405.12115
2025-06-25 00:10:58+07:00,25.70000,84.30000,74.40000,106.60000,0.82313,405.11133
2025-06-25 00:11:48+07:00,25.70000,84.40000,75.40000,107.70000,0.76856,405.17044
2025-06-25 00:12:37+07:00,25.70000,83.90000,74.70000,101.30000,0.80095,405.15067
2025-06-25 00:13:26+07:00,25.70000,83.80000,72.80000,105.10000,0.82762,405.31049
2025-06-25 00:14:16+07:00,25.70000,83.50000,73.00000,102.90000,0.82988,405.02374
2025-06-25 00:15:05+07:00,25.70000,83.70000,71.40000,100.00000,0.84579,405.05280
2025-06-25 00:15:54+07:00,25.70000,83.50000,69.80000,98.20000,0.79657,405.12115
2025-06-25 00:16:44+07:00,25.70000,83.40000,72.80000,99.10000,0.76221,405.29028
2025-06-25 00:17:33+07:00,25.70000,83.30000,70.50000,96.30000,0.84350,404.96603
2025-06-25 00:18:22+07:00,25.70000,82.70000,68.70000,97.00000,0.81642,405.07227
2025-06-25 00:19:12+07:00,25.70000,82.80000,68.00000,95.90000,0.80755,405.07227
2025-06-25 00:20:01+07:00,25.70000,82.80000,67.50000,98.00000,0.82988,405.15067
2025-06-25 00:20:51+07:00,25.70000,82.30000,68.10000,98.80000,0.80535,405.00446
2025-06-25 00:21:40+07:00,25.60000,82.50000,67.10000,96.50000,0.80095,405.13098
2025-06-25 00:22:30+07:00,25.60000,82.70000,68.20000,100.70000,0.79004,404.99481
2025-06-25 00:23:19+07:00,25.50000,83.00000,68.80000,98.60000,0.80314,405.02374
2025-06-25 00:24:09+07:00,25.50000,83.10000,70.80000,103.60000,0.84350,405.47430
2025-06-25 00:24:58+07:00,25.40000,83.30000,73.20000,107.60000,0.83894,405.31049
2025-06-25 00:25:47+07:00,25.40000,83.40000,72.10000,104.70000,0.88306,405.44330
2025-06-25 00:26:37+07:00,25.40000,83.50000,78.80000,114.20000,0.80314,405.28021
2025-06-25 00:27:26+07:00,25.40000,83.30000,76.70000,111.50000,0.85962,405.42267
2025-06-25 00:28:15+07:00,25.40000,83.20000,81.20000,119.70000,0.87598,405.52637
2025-06-25 00:29:05+07:00,25.50000,82.90000,83.00000,123.70000,0.90218,405.40213
2025-06-25 00:29:54+07:00,25.50000,82.90000,78.50000,113.20000,0.83213,405.40213
2025-06-25 00:30:44+07:00,25.50000,82.80000,79.60000,121.70000,0.85962,405.51593
2025-06-25 00:31:33+07:00,25.50000,82.60000,81.80000,118.30000,0.91186,405.51593
2025-06-25 00:32:22+07:00,25.50000,82.70000,81.00000,118.70000,0.83667,405.52637
2025-06-25 00:33:12+07:00,25.50000,82.80000,80.70000,118.60000,0.92653,405.59991
2025-06-25 00:34:01+07:00,25.50000,82.80000,79.00000,114.10000,0.87598,405.53680
2025-06-25 00:34:50+07:00,25.50000,83.00000,79.40000,111.10000,0.92162,405.50549
2025-06-25 00:35:40+07:00,25.50000,83.00000,82.70000,121.80000,0.85962,405.59991
2025-06-25 00:36:29+07:00,25.50000,83.00000,78.60000,116.90000,0.92162,405.68494
2025-06-25 00:37:18+07:00,25.50000,83.20000,74.10000,108.00000,0.90459,405.48468
2025-06-25 00:38:08+07:00,25.50000,83.10000,79.10000,116.70000,0.90943,405.69565
2025-06-25 00:38:58+07:00,25.50000,83.10000,79.50000,120.30000,0.86427,405.64230
2025-06-25 00:39:47+07:00,25.50000,83.10000,80.90000,118.10000,0.87363,405.46396
2025-06-25 00:40:36+07:00,25.50000,83.30000,79.30000,117.90000,0.96149,405.40213
2025-06-25 00:41:26+07:00,25.50000,83.40000,79.50000,116.00000,0.86427,405.48468
2025-06-25 00:42:15+07:00,25.50000,83.40000,83.70000,115.20000,0.87833,405.59991
2025-06-25 00:43:04+07:00,25.50000,83.30000,75.80000,112.30000,0.87598,405.36124
2025-06-25 00:43:54+07:00,25.50000,83.20000,85.70000,117.30000,0.91673,405.63165
2025-06-25 00:44:43+07:00,25.60000,83.10000,80.80000,111.90000,0.87598,405.51593
2025-06-25 00:45:33+07:00,25.60000,82.80000,87.70000,121.60000,0.91429,405.63165
2025-06-25 00:46:22+07:00,25.60000,82.70000,80.80000,115.70000,0.90218,405.66357
2025-06-25 00:47:11+07:00,25.60000,82.70000,79.80000,117.50000,0.89737,405.49509
2025-06-25 00:48:01+07:00,25.70000,82.70000,80.10000,116.00000,0.89019,405.65292
2025-06-25 00:48:50+07:00,25.60000,82.90000,81.40000,122.20000,0.89019,405.59991
2025-06-25 00:49:40+07:00,25.60000,82.80000,87.70000,125.50000,0.89497,405.48468
2025-06-25 00:50:29+07:00,25.60000,82.80000,81.10000,118.50000,0.89258,405.63165
2025-06-25 00:51:19+07:00,25.60000,82.80000,79.90000,119.40000,0.91186,405.61047
2025-06-25 00:52:08+07:00,25.60000,82.70000,85.60000,127.20000,0.88543,405.49509
2025-06-25 00:52:58+07:00,25.60000,82.70000,80.40000,120.00000,0.85962,405.55777
2025-06-25 00:53:49+07:00,25.60000,82.70000,80.00000,118.40000,0.86194,405.51593
2025-06-25 00:56:36+07:00,25.60000,82.70000,85.00000,118.00000,0.89497,405.47430
2025-06-25 00:58:18+07:00,25.60000,82.60000,79.90000,120.50000,0.88306,405.49509
2025-06-25 00:59:11+07:00,25.60000,82.60000,76.20000,112.00000,0.90701,405.94644
2025-06-25 01:00:08+07:00,25.60000,82.50000,79.90000,113.50000,0.87363,405.61047
2025-06-25 01:00:58+07:00,25.60000,82.70000,77.40000,114.70000,0.89019,405.55777
2025-06-25 01:01:50+07:00,25.60000,82.80000,74.60000,108.30000,0.91186,405.50549
2025-06-25 01:02:40+07:00,25.60000,82.70000,75.50000,109.60000,0.91429,405.54730
2025-06-25 01:03:33+07:00,25.70000,82.40000,78.50000,113.40000,0.90943,405.57883
2025-06-25 01:04:23+07:00,25.70000,82.30000,76.20000,108.90000,0.91186,405.62106
2025-06-25 01:05:13+07:00,25.60000,82.60000,75.20000,114.90000,0.89019,405.46396
2025-06-25 01:06:02+07:00,25.60000,83.40000,80.80000,115.70000,0.91186,405.49509
2025-06-25 01:06:52+07:00,25.50000,84.10000,80.20000,116.30000,0.88543,405.11133
2025-06-25 01:07:45+07:00,25.50000,84.50000,77.50000,111.70000,0.88306,405.66357
2025-06-25 01:08:35+07:00,25.50000,84.80000,80.40000,117.60000,0.89497,405.53680
2025-06-25 01:09:26+07:00,25.50000,85.00000,80.90000,118.00000,0.88781,405.89117
2025-06-25 01:11:14+07:00,25.60000,84.80000,81.90000,119.90000,0.90701,405.59991
2025-06-25 01:12:03+07:00,25.70000,84.80000,81.20000,118.20000,0.89737,405.55777
2025-06-25 01:12:52+07:00,25.60000,84.70000,82.20000,121.20000,0.91917,405.67426
2025-06-25 01:13:42+07:00,25.60000,85.00000,79.80000,118.00000,0.89977,405.57883
2025-06-25 01:14:31+07:00,25.50000,85.30000,80.30000,119.30000,0.88306,405.49509
2025-06-25 01:15:21+07:00,25.60000,85.20000,79.40000,116.70000,0.88781,405.65292
2025-06-25 01:16:11+07:00,25.60000,85.20000,84.10000,121.90000,0.90218,405.62106
2025-06-25 01:17:01+07:00,25.60000,85.10000,80.80000,120.00000,0.93146,405.48468
2025-06-25 01:17:50+07:00,25.50000,85.30000,83.40000,127.50000,0.88306,405.49509
2025-06-25 01:18:39+07:00,25.40000,85.40000,78.80000,123.00000,0.87833,405.50549
2025-06-25 01:19:29+07:00,25.40000,85.50000,82.40000,115.40000,0.92407,405.71710
2025-06-25 01:20:19+07:00,25.40000,85.60000,78.70000,115.20000,0.89019,405.65292
2025-06-25 01:21:08+07:00,25.40000,85.60000,79.20000,117.70000,0.94389,405.52637
2025-06-25 01:21:58+07:00,25.40000,85.60000,80.20000,114.80000,0.90218,405.36124
2025-06-25 01:22:47+07:00,25.40000,85.60000,78.80000,113.30000,0.90459,405.52637
2025-06-25 01:23:36+07:00,25.50000,85.50000,77.30000,112.20000,0.87128,405.58936
2025-06-25 01:24:26+07:00,25.50000,85.40000,78.80000,114.10000,0.91917,405.40213
2025-06-25 01:25:15+07:00,25.40000,85.40000,79.30000,111.90000,0.91917,405.47430
2025-06-25 01:26:10+07:00,25.40000,85.40000,79.00000,114.10000,0.89737,405.59991
2025-06-25 01:27:02+07:00,25.40000,85.30000,75.70000,110.30000,0.89497,405.43298
2025-06-25 01:27:52+07:00,25.50000,85.20000,75.80000,107.10000,0.86194,405.67426
2025-06-25 01:28:41+07:00,25.50000,85.30000,78.90000,111.00000,0.92900,405.61047
2025-06-25 01:29:32+07:00,25.50000,85.20000,81.10000,116.40000,0.91917,405.59991
2025-06-25 01:31:23+07:00,25.50000,85.40000,80.90000,112.50000,0.89977,405.48468
2025-06-25 01:32:12+07:00,25.40000,85.30000,76.80000,105.20000,0.89737,405.61047
2025-06-25 01:33:02+07:00,25.50000,85.50000,77.80000,117.90000,0.88781,405.52637
2025-06-25 01:33:51+07:00,25.50000,85.20000,77.10000,109.60000,0.91186,405.63165
2025-06-25 01:34:45+07:00,25.50000,85.10000,76.30000,110.20000,0.87598,405.57883
2025-06-25 01:35:34+07:00,25.50000,85.20000,80.70000,116.50000,0.90701,405.59991
2025-06-25 01:36:24+07:00,25.50000,84.90000,80.70000,115.40000,0.88543,405.48468
2025-06-25 01:37:13+07:00,25.50000,84.90000,82.20000,118.30000,0.94139,405.48468
2025-06-25 01:38:03+07:00,25.60000,84.80000,81.70000,120.40000,0.91429,405.66357
2025-06-25 01:38:52+07:00,25.50000,84.80000,81.30000,121.10000,0.91673,405.64230
2025-06-25 01:39:42+07:00,25.50000,84.80000,80.50000,116.50000,0.90459,405.62106
2025-06-25 01:40:32+07:00,25.60000,84.70000,85.60000,120.50000,0.90218,405.55777
2025-06-25 01:41:21+07:00,25.60000,84.10000,80.20000,115.50000,0.87833,405.76022
2025-06-25 01:42:10+07:00,25.50000,84.50000,80.20000,121.50000,0.89497,405.48468
2025-06-25 01:43:00+07:00,25.60000,84.40000,80.60000,122.60000,0.89737,405.68494
2025-06-25 01:43:49+07:00,25.60000,84.50000,81.70000,118.50000,0.88543,405.53680
2025-06-25 01:44:38+07:00,25.60000,84.30000,82.60000,121.20000,0.86660,405.63165
2025-06-25 01:45:30+07:00,25.50000,84.20000,80.60000,117.90000,0.93890,405.50549
2025-06-25 01:46:20+07:00,25.50000,84.20000,81.90000,120.60000,0.91917,405.65292
2025-06-25 01:47:10+07:00,25.40000,84.40000,81.60000,115.30000,0.91917,405.50549
2025-06-25 01:47:59+07:00,25.40000,84.50000,81.80000,119.40000,0.89737,405.81448
2025-06-25 01:48:49+07:00,25.30000,84.60000,79.70000,119.70000,0.90701,405.66357
2025-06-25 01:49:38+07:00,25.30000,84.80000,77.70000,116.30000,0.89019,405.61047
2025-06-25 01:50:28+07:00,25.30000,84.80000,77.10000,117.10000,0.92407,405.64230
2025-06-25 01:51:17+07:00,25.30000,84.90000,78.70000,109.70000,0.91429,405.54730
2025-06-25 01:52:06+07:00,25.40000,84.80000,82.70000,123.80000,0.85962,405.66357
2025-06-25 01:52:56+07:00,25.40000,84.90000,77.50000,115.30000,0.89977,405.52637
2025-06-25 01:53:45+07:00,25.40000,84.80000,81.60000,117.80000,0.91429,405.31049
2025-06-25 01:54:35+07:00,25.40000,84.80000,81.10000,116.20000,0.92162,405.61047
2025-06-25 01:55:24+07:00,25.30000,84.90000,79.50000,115.50000,0.90218,405.55777
2025-06-25 01:56:14+07:00,25.30000,84.90000,82.00000,115.80000,0.88781,405.45361
2025-06-25 01:57:03+07:00,25.30000,84.90000,79.10000,116.20000,0.90701,405.71710
2025-06-25 01:57:52+07:00,25.30000,84.70000,75.60000,114.10000,0.92407,405.65292
2025-06-25 01:58:42+07:00,25.30000,84.90000,78.00000,112.10000,0.90701,405.54730
2025-06-25 01:59:31+07:00,25.30000,84.70000,77.50000,118.80000,0.92162,406.01334
2025-06-25 02:00:21+07:00,25.40000,84.60000,78.20000,117.10000,0.87833,405.66357
2025-06-25 02:01:10+07:00,25.40000,84.40000,78.10000,117.90000,0.91673,405.64230
2025-06-25 02:01:59+07:00,25.40000,84.40000,80.50000,117.50000,0.89019,405.55777
2025-06-25 02:02:51+07:00,25.40000,84.30000,77.30000,113.80000,0.86194,405.42267
2025-06-25 02:03:41+07:00,25.40000,84.50000,79.70000,122.20000,0.90459,405.45361
2025-06-25 02:04:37+07:00,25.50000,84.40000,81.20000,121.40000,0.92407,405.48468
2025-06-25 02:05:29+07:00,25.50000,84.50000,81.60000,118.80000,0.92653,405.59991
2025-06-25 02:06:19+07:00,25.50000,84.50000,80.90000,118.40000,0.84350,405.53680
2025-06-25 02:07:09+07:00,25.50000,84.50000,82.20000,123.70000,0.88306,405.44330
2025-06-25 02:07:58+07:00,25.50000,84.40000,79.80000,114.30000,0.90701,405.48468
2025-06-25 02:08:50+07:00,25.50000,84.30000,81.00000,116.40000,0.87128,405.54730
2025-06-25 02:09:51+07:00,25.50000,84.00000,83.20000,117.80000,0.84579,405.64230
2025-06-25 02:11:47+07:00,25.40000,84.60000,80.60000,113.40000,0.89497,405.48468
2025-06-25 02:12:37+07:00,25.40000,85.00000,83.60000,121.20000,0.92407,405.52637
2025-06-25 02:13:27+07:00,25.40000,85.10000,83.80000,121.40000,0.91186,405.53680
2025-06-25 02:14:17+07:00,25.30000,85.30000,85.00000,121.80000,0.88070,405.47430
2025-06-25 02:15:07+07:00,25.30000,85.40000,87.00000,131.10001,0.89497,405.49509
2025-06-25 02:15:57+07:00,25.30000,85.50000,87.30000,126.40000,0.90701,405.19025
2025-06-25 02:16:47+07:00,25.30000,85.70000,89.00000,130.10001,0.91429,405.62106
2025-06-25 02:17:36+07:00,25.30000,85.90000,85.50000,126.40000,0.87833,405.69565
2025-06-25 02:18:26+07:00,25.20000,85.80000,87.90000,132.50000,0.94639,405.52637
2025-06-25 02:19:16+07:00,25.30000,85.50000,91.40000,136.30000,0.90459,405.52637
2025-06-25 02:20:05+07:00,25.40000,85.10000,92.90000,143.89999,0.92653,405.64230
2025-06-25 02:20:55+07:00,25.30000,85.10000,94.10000,141.20000,0.93394,405.68494
2025-06-25 02:21:45+07:00,25.30000,85.10000,96.70000,151.39999,0.89977,405.77103
2025-06-25 02:22:34+07:00,25.30000,85.20000,100.30000,153.50000,0.93146,405.71710
2025-06-25 02:23:24+07:00,25.30000,85.20000,95.10000,142.20000,0.83440,405.82538
2025-06-25 02:24:14+07:00,25.30000,85.20000,98.30000,151.60001,0.88543,405.51593
2025-06-25 02:25:03+07:00,25.30000,85.50000,97.30000,151.00000,0.89737,405.64230
2025-06-25 02:25:52+07:00,25.20000,85.70000,100.70000,155.30000,0.89258,405.54730
2025-06-25 02:26:42+07:00,25.20000,85.80000,101.40000,156.39999,0.90459,405.49509
2025-06-25 02:27:31+07:00,25.20000,85.80000,95.70000,147.60001,0.93146,405.54730
2025-06-25 02:28:21+07:00,25.20000,85.90000,100.20000,153.50000,0.89497,405.83630
2025-06-25 02:29:10+07:00,25.20000,86.00000,99.00000,147.20000,0.90943,405.47430
2025-06-25 02:30:00+07:00,25.20000,86.00000,100.10000,155.70000,0.86894,405.58936
2025-06-25 02:30:49+07:00,25.10000,86.20000,99.60000,149.70000,0.92407,405.74942
2025-06-25 02:31:39+07:00,25.10000,86.50000,98.90000,149.20000,0.94389,406.05829
2025-06-25 02:32:28+07:00,25.10000,86.30000,98.70000,155.39999,0.92653,405.64230
2025-06-25 02:33:18+07:00,25.10000,86.20000,94.70000,145.39999,0.91429,405.56830
2025-06-25 02:34:08+07:00,25.10000,85.90000,91.80000,146.50000,0.89258,405.56830
2025-06-25 02:34:57+07:00,25.20000,85.80000,95.90000,147.30000,0.96149,405.65292
2025-06-25 02:35:46+07:00,25.20000,85.70000,96.90000,150.00000,0.97936,405.58936
2025-06-25 02:36:36+07:00,25.20000,85.60000,99.30000,153.60001,0.92900,405.63165
2025-06-25 02:37:26+07:00,25.20000,85.70000,99.40000,153.50000,0.93642,405.82538
2025-06-25 02:38:15+07:00,25.20000,86.00000,93.30000,143.70000,0.97679,405.58936
2025-06-25 02:39:05+07:00,25.10000,86.10000,94.10000,141.39999,0.91429,405.63165
2025-06-25 02:39:54+07:00,25.10000,86.20000,98.20000,146.39999,0.88543,405.58936
2025-06-25 02:40:44+07:00,25.10000,86.30000,102.10000,152.39999,0.92162,405.83630
2025-06-25 02:41:33+07:00,25.10000,86.40000,96.10000,149.50000,0.92162,405.74942
2025-06-25 02:42:23+07:00,25.10000,86.40000,97.90000,152.00000,0.99489,405.61047
2025-06-25 02:43:12+07:00,25.10000,86.40000,98.60000,150.89999,0.92162,405.83630
2025-06-25 02:44:02+07:00,25.10000,86.20000,96.90000,144.60001,0.94639,405.80359
2025-06-25 02:44:56+07:00,25.10000,86.30000,97.00000,146.60001,0.95644,405.64230
2025-06-25 02:45:49+07:00,25.10000,86.30000,96.60000,146.89999,0.92900,405.67426
2025-06-25 02:46:39+07:00,25.10000,86.20000,98.30000,150.10001,0.97936,405.68494
2025-06-25 02:47:28+07:00,25.10000,86.20000,97.20000,149.70000,0.89258,405.68494
2025-06-25 02:48:18+07:00,25.10000,86.20000,97.90000,150.50000,0.91917,405.67426
2025-06-25 02:49:07+07:00,25.10000,86.20000,98.30000,143.50000,0.90218,405.63165
2025-06-25 02:49:57+07:00,25.10000,86.30000,96.60000,146.39999,0.92900,405.57883
2025-06-25 02:50:46+07:00,25.10000,86.40000,96.20000,145.30000,0.94639,405.67426
2025-06-25 02:51:36+07:00,25.10000,86.30000,98.30000,148.70000,0.98194,405.71710
2025-06-25 02:52:26+07:00,25.10000,86.30000,97.80000,148.20000,0.95896,405.61047
2025-06-25 02:53:15+07:00,25.10000,86.50000,98.40000,146.50000,0.99749,405.79272
2025-06-25 02:54:05+07:00,25.10000,86.50000,101.20000,160.60001,0.93642,405.67426
2025-06-25 02:54:54+07:00,25.10000,86.60000,100.40000,157.10001,0.97423,405.71710
2025-06-25 02:55:44+07:00,25.10000,86.70000,97.90000,147.80000,0.94389,405.82538
2025-06-25 02:56:33+07:00,25.10000,86.60000,100.20000,151.39999,0.97167,405.82538
2025-06-25 02:57:23+07:00,25.20000,86.60000,101.90000,153.00000,0.91186,405.57883
2025-06-25 02:58:12+07:00,25.20000,86.40000,97.20000,151.80000,0.94389,405.65292
2025-06-25 02:59:02+07:00,25.30000,86.10000,98.50000,148.89999,0.90459,405.71710
2025-06-25 02:59:51+07:00,25.20000,86.10000,99.20000,152.80000,0.94889,405.79272
2025-06-25 03:00:41+07:00,25.20000,86.10000,98.30000,149.20000,0.90943,405.81448
2025-06-25 03:01:30+07:00,25.20000,86.10000,95.20000,145.00000,0.95392,405.64230
2025-06-25 03:02:20+07:00,25.20000,86.20000,99.60000,150.60001,0.95392,405.71710
2025-06-25 03:03:09+07:00,25.20000,86.20000,99.50000,150.00000,0.97936,405.69565
2025-06-25 03:03:59+07:00,25.20000,86.00000,99.70000,153.10001,0.93642,405.66357
2025-06-25 03:04:48+07:00,25.20000,85.90000,101.20000,157.50000,0.99489,405.73862
2025-06-25 03:05:37+07:00,25.20000,85.80000,97.30000,156.10001,0.94889,405.57883
2025-06-25 03:06:27+07:00,25.20000,85.80000,98.60000,152.20000,0.91186,405.72784
2025-06-25 03:07:16+07:00,25.20000,85.80000,98.70000,151.60001,0.92407,405.92429
2025-06-25 03:08:06+07:00,25.30000,85.60000,97.20000,145.80000,0.93146,405.85818
2025-06-25 03:08:55+07:00,25.20000,85.60000,101.40000,157.39999,0.93394,405.59991
2025-06-25 03:09:44+07:00,25.20000,85.70000,97.70000,148.60001,0.85730,405.72784
2025-06-25 03:10:34+07:00,25.20000,85.60000,95.70000,150.20000,0.96403,405.55777
2025-06-25 03:11:23+07:00,25.20000,85.70000,101.30000,151.60001,0.93394,405.99097
2025-06-25 03:12:13+07:00,25.20000,85.80000,101.90000,149.80000,0.95644,405.68494
2025-06-25 03:13:02+07:00,25.20000,85.50000,100.80000,155.89999,0.90459,405.68494
2025-06-25 03:13:51+07:00,25.30000,85.50000,97.00000,148.70000,0.95896,405.73862
2025-06-25 03:14:41+07:00,25.30000,85.30000,97.60000,149.89999,0.96657,405.67426
2025-06-25 03:15:30+07:00,25.30000,85.60000,98.10000,150.80000,0.93146,405.58936
2025-06-25 03:16:19+07:00,25.30000,85.60000,101.10000,152.89999,0.92653,405.65292
2025-06-25 03:17:09+07:00,25.30000,85.60000,98.30000,154.20000,0.93394,405.83630
2025-06-25 03:17:58+07:00,25.20000,85.80000,101.40000,154.30000,0.91917,405.61047
2025-06-25 03:18:47+07:00,25.30000,85.60000,103.30000,160.30000,0.90218,405.67426
2025-06-25 03:19:37+07:00,25.30000,85.70000,102.70000,167.20000,0.96657,405.70636
2025-06-25 03:20:26+07:00,25.30000,85.50000,101.00000,160.70000,1.02919,405.66357
2025-06-25 03:21:16+07:00,25.30000,85.60000,104.60000,163.10001,0.88543,405.40213
2025-06-25 03:22:05+07:00,25.30000,85.60000,104.50000,165.80000,0.91673,405.48468
2025-06-25 03:22:54+07:00,25.30000,85.60000,107.40000,172.20000,0.93642,405.65292
2025-06-25 03:23:44+07:00,25.30000,85.50000,107.30000,167.00000,0.94639,405.74942
2025-06-25 03:24:33+07:00,25.30000,85.60000,104.40000,170.60001,0.94639,405.71710
2025-06-25 03:25:23+07:00,25.30000,85.50000,107.20000,170.60001,0.97679,405.54730
2025-06-25 03:26:12+07:00,25.30000,85.50000,103.70000,162.60001,0.93890,405.58936
2025-06-25 03:27:01+07:00,25.20000,85.70000,108.00000,169.50000,0.98194,405.78186
2025-06-25 03:27:51+07:00,25.20000,85.80000,108.50000,173.30000,0.93642,405.69565
2025-06-25 03:28:40+07:00,25.10000,86.00000,106.80000,170.70000,0.91429,405.81448
2025-06-25 03:29:29+07:00,25.10000,86.10000,104.70000,171.70000,0.91186,405.55777
2025-06-25 03:30:19+07:00,25.10000,86.30000,107.80000,168.00000,1.00010,405.80359
2025-06-25 03:31:08+07:00,25.00000,86.50000,105.90000,165.20000,0.93890,405.95755
2025-06-25 03:31:57+07:00,25.00000,86.60000,105.10000,168.50000,0.95392,405.70636
2025-06-25 03:32:47+07:00,25.00000,86.70000,107.40000,171.70000,0.93394,405.68494
2025-06-25 03:33:36+07:00,25.00000,86.70000,108.00000,170.50000,0.94389,405.69565
2025-06-25 03:34:26+07:00,25.00000,86.80000,110.90000,174.00000,0.89497,405.81448
2025-06-25 03:35:15+07:00,25.00000,86.90000,109.80000,178.00000,0.92900,405.84723
2025-06-25 03:36:05+07:00,25.00000,86.90000,107.60000,169.30000,0.99489,405.73862
2025-06-25 03:36:54+07:00,25.00000,86.70000,105.90000,161.30000,0.92162,405.67426
2025-06-25 03:37:43+07:00,25.10000,86.40000,108.10000,161.30000,0.95644,405.64230
2025-06-25 03:38:33+07:00,25.10000,86.30000,104.80000,160.50000,0.96657,405.63165
2025-06-25 03:39:22+07:00,25.10000,86.20000,106.50000,161.30000,0.98194,406.04703
2025-06-25 03:40:11+07:00,25.10000,86.40000,107.20000,164.89999,0.92407,405.88016
2025-06-25 03:41:01+07:00,25.10000,86.50000,108.50000,166.00000,0.91673,405.63165
2025-06-25 03:41:50+07:00,25.00000,86.60000,110.90000,170.80000,0.90701,405.73862
2025-06-25 03:42:40+07:00,25.00000,86.80000,112.70000,176.20000,0.97167,405.74942
2025-06-25 03:43:29+07:00,25.00000,87.00000,109.00000,164.60001,0.95392,405.86917
2025-06-25 03:44:18+07:00,24.90000,87.10000,107.90000,160.10001,0.96912,405.68494
2025-06-25 03:45:08+07:00,25.00000,87.20000,109.30000,165.60001,0.93642,405.82538
2025-06-25 03:45:57+07:00,24.90000,87.00000,110.90000,172.39999,0.97167,405.77103
2025-06-25 03:46:47+07:00,25.00000,87.10000,109.60000,172.60001,0.94389,405.91321
2025-06-25 03:47:36+07:00,25.00000,87.10000,112.00000,177.60001,0.94389,405.77103
2025-06-25 03:48:26+07:00,24.90000,87.30000,111.20000,181.30000,0.98194,405.78186
2025-06-25 03:49:15+07:00,24.90000,87.50000,110.50000,171.60001,0.96657,405.99097
2025-06-25 03:50:07+07:00,24.90000,87.50000,108.90000,172.00000,0.89497,405.80359
2025-06-25 03:50:57+07:00,24.90000,87.60000,105.90000,166.30000,0.93890,405.57883
2025-06-25 03:51:49+07:00,24.90000,87.50000,107.60000,172.80000,1.00010,405.72784
2025-06-25 03:52:38+07:00,24.90000,87.50000,116.80000,190.50000,0.98194,405.63165
2025-06-25 03:53:34+07:00,24.90000,87.50000,118.00000,194.20000,0.98452,405.66357
2025-06-25 03:54:24+07:00,24.90000,87.50000,120.50000,197.39999,0.96403,405.53680
2025-06-25 03:55:16+07:00,24.90000,87.40000,112.70000,186.70000,0.95896,405.68494
2025-06-25 03:56:09+07:00,24.90000,87.50000,108.50000,173.39999,0.98194,405.80359
2025-06-25 03:56:58+07:00,24.90000,86.80000,99.90000,158.10001,0.96149,405.82538
2025-06-25 03:57:51+07:00,24.90000,86.40000,95.90000,144.89999,0.96149,405.84723
2025-06-25 03:58:43+07:00,24.90000,86.20000,94.00000,139.80000,0.96403,405.93536
2025-06-25 03:59:33+07:00,24.90000,85.60000,88.80000,129.80000,0.95644,405.96866
2025-06-25 04:00:25+07:00,24.90000,85.10000,84.30000,127.10000,0.96657,405.84723
2025-06-25 04:01:14+07:00,24.90000,84.80000,82.60000,119.80000,0.99749,405.93536
2025-06-25 04:02:04+07:00,24.80000,85.10000,82.70000,120.30000,1.01854,406.03577
2025-06-25 04:02:59+07:00,24.80000,85.00000,83.20000,122.70000,0.93890,405.94644
2025-06-25 04:03:49+07:00,24.80000,85.00000,88.60000,131.30000,0.92653,405.76022
2025-06-25 04:04:38+07:00,24.80000,84.80000,94.10000,146.00000,1.03187,406.10352
2025-06-25 04:05:28+07:00,24.80000,85.00000,104.70000,164.20000,0.94389,405.91321
2025-06-25 04:06:21+07:00,24.80000,85.00000,104.50000,162.50000,0.94639,405.82538
2025-06-25 04:07:10+07:00,24.80000,85.00000,106.90000,167.00000,0.99749,405.57883
2025-06-25 04:08:00+07:00,24.80000,85.10000,105.60000,163.60001,0.92900,405.91321
2025-06-25 04:08:49+07:00,24.80000,85.10000,111.30000,176.30000,0.96912,406.04703
2025-06-25 04:09:39+07:00,24.70000,85.10000,109.50000,177.80000,0.89258,405.61047
2025-06-25 04:11:31+07:00,24.70000,85.60000,105.80000,163.10001,0.89019,405.72784
2025-06-25 04:12:25+07:00,24.60000,85.80000,102.60000,159.20000,1.12623,406.45166
2025-06-25 04:13:16+07:00,24.60000,85.90000,100.10000,154.10001,1.07545,406.47543
2025-06-25 04:14:05+07:00,24.60000,86.10000,98.10000,151.10001,1.08379,406.12622
2025-06-25 04:14:54+07:00,24.60000,86.10000,91.40000,143.30000,1.08100,405.86917
2025-06-25 04:15:44+07:00,24.60000,86.20000,90.90000,137.89999,1.03724,406.11487
2025-06-25 04:16:33+07:00,24.60000,86.30000,93.00000,142.70000,0.97167,405.83630
2025-06-25 04:17:23+07:00,24.70000,86.20000,90.00000,138.10001,0.98969,406.06958
2025-06-25 04:18:12+07:00,24.60000,86.30000,90.80000,137.00000,1.00010,405.80359
2025-06-25 04:19:01+07:00,24.60000,86.20000,92.00000,137.00000,0.91917,405.59991
2025-06-25 04:19:51+07:00,24.50000,86.50000,93.20000,140.60001,0.86427,405.68494
2025-06-25 04:20:40+07:00,24.50000,86.60000,89.50000,134.20000,0.92900,405.49509
2025-06-25 04:21:30+07:00,24.50000,86.50000,93.70000,138.60001,0.91186,405.50549
2025-06-25 04:22:22+07:00,24.50000,86.60000,94.10000,145.20000,0.95392,405.62106
2025-06-25 04:23:16+07:00,24.50000,86.70000,92.10000,140.39999,0.93890,405.64230
2025-06-25 04:24:11+07:00,24.50000,86.90000,91.80000,142.30000,0.90943,405.51593
2025-06-25 04:25:08+07:00,24.50000,86.70000,95.80000,144.00000,0.92162,405.69565
2025-06-25 04:25:58+07:00,24.50000,86.70000,95.70000,142.30000,0.90701,405.62106
2025-06-25 04:26:47+07:00,24.50000,86.90000,97.50000,151.60001,0.93890,405.48468
2025-06-25 04:27:37+07:00,24.50000,87.20000,92.20000,144.39999,0.92407,405.53680
2025-06-25 04:28:26+07:00,24.50000,87.30000,95.40000,149.30000,0.94639,405.48468
2025-06-25 04:29:15+07:00,24.50000,87.30000,93.80000,139.10001,0.86894,405.42267
2025-06-25 04:30:05+07:00,24.50000,87.20000,96.30000,146.39999,0.95392,405.61047
2025-06-25 04:30:54+07:00,24.50000,87.10000,95.50000,147.30000,0.90459,405.48468
2025-06-25 04:31:44+07:00,24.60000,87.10000,96.60000,145.80000,0.89258,405.62106
2025-06-25 04:32:33+07:00,24.60000,86.80000,95.90000,145.70000,0.93394,405.47430
2025-06-25 04:33:23+07:00,24.50000,86.90000,95.00000,145.39999,0.96403,405.61047
2025-06-25 04:34:12+07:00,24.50000,87.10000,95.90000,147.89999,0.90218,405.56830
2025-06-25 04:35:01+07:00,24.60000,87.10000,96.60000,148.80000,0.88543,405.58936
2025-06-25 04:35:51+07:00,24.60000,87.00000,98.40000,148.60001,0.87833,405.48468
2025-06-25 04:36:40+07:00,24.50000,87.20000,97.10000,147.39999,0.94639,405.44330
2025-06-25 04:37:30+07:00,24.50000,87.20000,93.90000,139.10001,0.84122,405.58936
2025-06-25 04:38:22+07:00,24.60000,87.20000,94.80000,142.60001,0.90459,405.61047
2025-06-25 04:39:18+07:00,24.50000,87.30000,101.00000,157.50000,0.90701,405.41238
2025-06-25 04:40:11+07:00,24.60000,87.20000,98.40000,148.39999,0.88543,405.64230
2025-06-25 04:41:08+07:00,24.60000,87.20000,96.70000,149.10001,0.87128,405.44330
2025-06-25 04:41:57+07:00,24.60000,87.10000,99.10000,152.89999,0.88306,405.40213
2025-06-25 04:42:46+07:00,24.60000,87.10000,99.40000,160.20000,0.92653,405.54730
2025-06-25 04:43:36+07:00,24.60000,86.90000,100.50000,155.10001,0.90943,405.47430
2025-06-25 04:44:25+07:00,24.60000,86.80000,92.80000,135.70000,0.91673,405.33072
2025-06-25 04:45:14+07:00,24.70000,86.30000,102.10000,157.20000,0.88781,405.61047
2025-06-25 04:46:04+07:00,24.70000,86.50000,104.80000,166.39999,0.92407,405.50549
2025-06-25 04:46:53+07:00,24.70000,86.40000,103.90000,160.50000,0.87363,405.56830
2025-06-25 04:47:42+07:00,24.60000,86.40000,107.00000,169.10001,0.86660,405.38165
2025-06-25 04:48:32+07:00,24.60000,86.20000,104.90000,170.39999,0.88781,405.61047
2025-06-25 04:49:21+07:00,24.50000,86.50000,106.20000,166.30000,0.89497,405.34088
2025-06-25 04:50:10+07:00,24.50000,86.70000,103.90000,165.10001,0.88543,405.36124
2025-06-25 04:51:00+07:00,24.50000,86.60000,100.10000,161.10001,0.91186,405.38165
2025-06-25 04:51:49+07:00,24.50000,86.50000,101.20000,158.50000,0.92407,405.57883
2025-06-25 04:52:39+07:00,24.60000,86.30000,103.10000,164.89999,0.89737,405.39188
2025-06-25 04:53:28+07:00,24.60000,86.20000,101.90000,158.50000,0.84122,405.56830
2025-06-25 04:54:17+07:00,24.60000,86.10000,103.30000,160.70000,0.86894,405.11133
2025-06-25 04:55:07+07:00,24.60000,86.10000,102.40000,165.00000,0.88306,405.43298
2025-06-25 04:55:56+07:00,24.60000,86.20000,102.10000,165.50000,0.89977,405.49509
2025-06-25 04:56:46+07:00,24.60000,86.10000,107.90000,167.60001,0.89258,405.46396
2025-06-25 04:57:35+07:00,24.70000,86.10000,104.90000,163.20000,0.89977,405.43298
2025-06-25 04:58:24+07:00,24.70000,86.00000,104.80000,164.80000,0.90459,405.38165
2025-06-25 04:59:14+07:00,24.60000,86.10000,106.00000,168.50000,0.89497,405.47430
2025-06-25 05:00:03+07:00,24.60000,86.10000,105.60000,168.50000,0.93394,405.66357
2025-06-25 05:00:52+07:00,24.60000,86.20000,105.70000,167.60001,0.90701,405.57883
2025-06-25 05:01:42+07:00,24.50000,86.40000,105.30000,168.10001,0.92162,405.49509
2025-06-25 05:02:31+07:00,24.50000,86.60000,107.10000,167.80000,0.90943,405.37143
2025-06-25 05:03:21+07:00,24.50000,86.70000,104.70000,164.70000,0.87128,405.20020
2025-06-25 05:04:10+07:00,24.40000,86.80000,105.00000,166.30000,0.90218,405.30035
2025-06-25 05:04:59+07:00,24.50000,86.60000,105.30000,166.50000,0.87128,405.42267
2025-06-25 05:05:49+07:00,24.50000,86.40000,107.60000,169.89999,0.86894,405.58936
2025-06-25 05:06:38+07:00,24.50000,86.50000,108.40000,170.20000,0.87598,405.45361
2025-06-25 05:07:27+07:00,24.40000,86.70000,105.80000,168.50000,0.86660,405.37143
2025-06-25 05:08:17+07:00,24.40000,86.80000,106.30000,165.80000,0.92407,405.36124
2025-06-25 05:09:06+07:00,24.40000,86.70000,106.10000,167.00000,0.89497,405.42267
2025-06-25 05:09:56+07:00,24.40000,86.60000,98.90000,155.70000,0.89258,405.38165
2025-06-25 05:10:45+07:00,24.50000,86.40000,99.80000,158.30000,0.87128,405.44330
2025-06-25 05:11:41+07:00,24.50000,86.10000,101.50000,160.89999,0.85038,405.44330
2025-06-25 05:12:30+07:00,24.50000,86.30000,102.50000,167.39999,0.96912,405.29028
2025-06-25 05:13:23+07:00,24.50000,86.30000,101.10000,155.89999,0.88306,405.32059
2025-06-25 05:14:12+07:00,24.50000,86.30000,99.90000,157.89999,0.85038,405.37143
2025-06-25 05:15:01+07:00,24.40000,86.40000,97.90000,155.10001,0.87598,405.39188
2025-06-25 05:15:51+07:00,24.40000,86.60000,102.80000,155.60001,0.86660,405.24005
2025-06-25 05:16:40+07:00,24.30000,86.80000,99.30000,154.10001,0.89977,405.22009
2025-06-25 05:17:29+07:00,24.30000,87.00000,95.60000,146.50000,0.83213,405.57883
2025-06-25 05:18:19+07:00,24.30000,86.70000,103.10000,160.89999,0.91917,405.55777
2025-06-25 05:19:08+07:00,24.40000,86.80000,101.70000,156.30000,0.87363,405.36124
2025-06-25 05:19:57+07:00,24.40000,86.90000,104.50000,161.20000,0.88070,405.44330
2025-06-25 05:20:47+07:00,24.40000,86.90000,96.80000,149.39999,0.89258,405.39188
2025-06-25 05:21:36+07:00,24.40000,86.70000,97.30000,148.00000,0.85730,405.31049
2025-06-25 05:22:26+07:00,24.50000,86.40000,100.20000,155.00000,0.89019,405.35104
2025-06-25 05:23:15+07:00,24.50000,86.40000,100.50000,154.50000,0.85499,405.37143
2025-06-25 05:24:04+07:00,24.40000,86.60000,99.60000,154.20000,0.82313,405.31049
2025-06-25 05:24:54+07:00,24.40000,86.60000,95.40000,144.50000,0.88781,405.21014
2025-06-25 05:25:43+07:00,24.40000,86.50000,97.70000,148.39999,0.85268,405.46396
2025-06-25 05:26:33+07:00,24.40000,86.70000,99.10000,147.00000,0.89737,405.45361
2025-06-25 05:27:22+07:00,24.40000,86.90000,93.30000,138.80000,0.82089,405.48468
2025-06-25 05:28:11+07:00,24.40000,86.60000,94.80000,143.70000,0.85962,405.43298
2025-06-25 05:29:01+07:00,24.50000,86.50000,97.10000,151.30000,0.83667,405.24005
2025-06-25 05:29:50+07:00,24.40000,86.90000,98.80000,150.30000,0.85730,405.54730
2025-06-25 05:30:39+07:00,24.40000,87.10000,98.30000,150.70000,0.86894,405.22009
2025-06-25 05:31:29+07:00,24.30000,87.30000,99.20000,158.00000,0.88543,405.35104
2025-06-25 05:32:18+07:00,24.30000,87.30000,96.60000,145.30000,0.86427,405.30035
2025-06-25 05:33:07+07:00,24.30000,87.20000,101.30000,154.30000,0.88543,405.34088
2025-06-25 05:33:57+07:00,24.30000,87.30000,95.40000,145.89999,0.82089,405.21014
2025-06-25 05:34:46+07:00,24.30000,87.30000,94.00000,139.80000,0.82313,405.39188
2025-06-25 05:35:36+07:00,24.40000,87.30000,95.20000,145.80000,0.83667,405.32059
2025-06-25 05:36:25+07:00,24.40000,87.00000,98.50000,149.89999,0.85499,405.31049
2025-06-25 05:37:14+07:00,24.40000,87.00000,102.30000,158.70000,0.84579,405.24005
2025-06-25 05:38:04+07:00,24.30000,87.20000,99.20000,155.70000,0.85499,405.30035
2025-06-25 05:38:53+07:00,24.30000,87.20000,97.80000,151.20000,0.86427,405.28021
2025-06-25 05:39:42+07:00,24.30000,87.20000,99.50000,156.89999,0.85268,405.44330
2025-06-25 05:40:32+07:00,24.30000,87.30000,99.30000,152.70000,0.85962,405.33072
2025-06-25 05:41:21+07:00,24.30000,87.50000,99.00000,155.70000,0.86427,405.47430
2025-06-25 05:42:11+07:00,24.30000,87.60000,97.00000,152.70000,0.85730,405.40213
2025-06-25 05:43:00+07:00,24.30000,87.50000,99.60000,155.70000,0.86194,405.44330
2025-06-25 05:43:49+07:00,24.30000,87.40000,100.00000,154.50000,0.86427,405.31049
2025-06-25 05:44:39+07:00,24.30000,87.40000,98.40000,153.50000,0.88543,405.30035
2025-06-25 05:45:28+07:00,24.30000,87.60000,102.80000,155.70000,0.86660,405.28021
2025-06-25 05:46:17+07:00,24.20000,87.80000,104.80000,154.60001,0.82313,405.25009
2025-06-25 05:47:07+07:00,24.30000,87.90000,101.70000,158.00000,0.85499,405.39188
2025-06-25 05:47:56+07:00,24.30000,87.80000,104.00000,157.70000,0.81198,405.29028
2025-06-25 05:48:46+07:00,24.20000,87.90000,100.20000,157.70000,0.82988,405.37143
2025-06-25 05:49:35+07:00,24.20000,88.00000,103.40000,161.80000,0.88306,405.44330
2025-06-25 05:50:24+07:00,24.20000,87.80000,103.80000,158.50000,0.83894,405.36124
2025-06-25 05:51:14+07:00,24.20000,87.90000,99.50000,160.30000,0.84808,405.36124
2025-06-25 05:52:03+07:00,24.20000,87.90000,97.20000,150.50000,0.85730,405.54730
2025-06-25 05:52:53+07:00,24.30000,87.20000,101.90000,152.80000,0.83667,405.24005
2025-06-25 05:53:42+07:00,24.40000,86.80000,100.10000,155.10001,0.83667,405.42267
2025-06-25 05:54:31+07:00,24.50000,86.90000,102.50000,161.89999,0.85499,405.47430
2025-06-25 05:55:21+07:00,24.40000,86.90000,105.60000,164.10001,0.89019,405.45361
2025-06-25 05:56:10+07:00,24.40000,87.10000,102.30000,163.30000,0.86194,405.37143
2025-06-25 05:56:59+07:00,24.30000,87.30000,103.50000,159.39999,0.87598,405.46396
2025-06-25 05:57:49+07:00,24.30000,87.30000,104.30000,159.89999,0.88781,405.46396
2025-06-25 05:58:38+07:00,24.30000,87.60000,106.70000,161.80000,0.87598,405.36124
2025-06-25 05:59:27+07:00,24.30000,87.80000,103.50000,162.30000,0.90218,405.49509
2025-06-25 06:00:17+07:00,24.30000,87.90000,103.90000,150.60001,0.87363,405.42267
2025-06-25 06:01:06+07:00,24.30000,87.90000,104.10000,160.80000,0.93642,405.38165
2025-06-25 06:01:56+07:00,24.30000,88.00000,104.50000,163.89999,0.84122,405.34088
2025-06-25 06:02:45+07:00,24.30000,88.10000,102.70000,157.10001,0.82762,405.63165
2025-06-25 06:03:34+07:00,24.30000,88.00000,102.30000,160.00000,0.86194,405.49509
2025-06-25 06:04:24+07:00,24.30000,87.80000,98.60000,153.39999,0.88781,405.45361
2025-06-25 06:05:13+07:00,24.30000,87.90000,106.70000,166.20000,0.87128,405.09177
2025-06-25 06:06:02+07:00,24.20000,88.00000,104.80000,159.30000,0.87598,405.42267
2025-06-25 06:06:52+07:00,24.30000,88.00000,99.10000,156.20000,0.85730,405.38165
2025-06-25 06:07:41+07:00,24.30000,87.90000,103.50000,155.60001,0.90218,405.25009
2025-06-25 06:08:31+07:00,24.30000,88.00000,105.90000,158.39999,0.82313,405.42267
2025-06-25 06:09:20+07:00,24.30000,88.00000,104.10000,157.50000,0.86894,405.25009
2025-06-25 06:10:12+07:00,24.30000,88.10000,99.30000,155.70000,0.89977,405.42267
2025-06-25 06:11:02+07:00,24.30000,88.00000,102.00000,152.20000,0.88306,405.36124
2025-06-25 06:11:51+07:00,24.30000,88.00000,99.90000,155.70000,0.89977,405.44330
2025-06-25 06:12:40+07:00,24.30000,88.00000,101.80000,155.70000,0.77069,405.39188
2025-06-25 06:13:30+07:00,24.30000,88.10000,106.40000,167.10001,0.91186,405.44330
2025-06-25 06:14:19+07:00,24.30000,88.00000,106.20000,163.20000,0.90943,405.31049
2025-06-25 06:15:08+07:00,24.30000,88.00000,108.50000,168.30000,0.89977,405.47430
2025-06-25 06:15:58+07:00,24.20000,87.90000,103.70000,159.89999,0.84808,405.37143
2025-06-25 06:16:47+07:00,24.30000,87.90000,101.60000,156.00000,0.84350,405.42267
2025-06-25 06:17:37+07:00,24.30000,87.60000,99.00000,147.50000,0.86660,405.44330
2025-06-25 06:18:30+07:00,24.30000,87.60000,100.50000,147.50000,0.89737,405.57883
2025-06-25 06:19:20+07:00,24.40000,87.70000,104.30000,157.00000,0.89497,405.43298
2025-06-25 06:20:12+07:00,24.40000,87.60000,101.30000,163.30000,0.88781,405.36124
2025-06-25 06:21:10+07:00,24.40000,87.50000,104.50000,156.80000,0.88070,405.55777
2025-06-25 06:22:00+07:00,24.30000,87.60000,104.70000,157.10001,0.88781,405.74942
2025-06-25 06:22:49+07:00,24.30000,87.40000,106.40000,157.70000,0.87833,405.14081
2025-06-25 06:23:40+07:00,24.30000,87.20000,104.40000,156.89999,0.88070,405.39188
2025-06-25 06:24:30+07:00,24.30000,87.20000,102.70000,153.50000,0.88070,405.59991
2025-06-25 06:25:19+07:00,24.30000,87.30000,103.70000,159.89999,0.88781,405.52637
2025-06-25 06:26:09+07:00,24.30000,87.10000,106.70000,158.10001,0.87833,405.59991
2025-06-25 06:26:58+07:00,24.30000,87.20000,104.40000,162.50000,0.86194,405.43298
2025-06-25 06:27:47+07:00,24.30000,87.10000,104.60000,156.50000,0.86660,405.62106
2025-06-25 06:28:37+07:00,24.30000,87.20000,102.40000,154.70000,0.90943,405.42267
2025-06-25 06:29:30+07:00,24.30000,87.10000,106.40000,165.39999,0.83667,405.40213
2025-06-25 06:30:19+07:00,24.40000,86.80000,109.10000,163.30000,0.86894,405.43298
2025-06-25 06:31:08+07:00,24.40000,86.50000,108.60000,157.80000,0.91429,405.20020
2025-06-25 06:31:58+07:00,24.40000,86.60000,114.00000,165.39999,0.89497,405.59991
2025-06-25 06:32:47+07:00,24.30000,86.80000,111.70000,163.70000,0.90701,405.65292
2025-06-25 06:33:36+07:00,24.30000,87.00000,111.50000,161.60001,0.88306,405.63165
2025-06-25 06:34:29+07:00,24.20000,87.10000,113.00000,161.20000,0.89258,405.54730
2025-06-25 06:35:18+07:00,24.20000,87.00000,110.40000,163.00000,0.88306,405.50549
2025-06-25 06:36:08+07:00,24.30000,86.90000,118.90000,174.20000,0.88781,405.64230
2025-06-25 06:37:00+07:00,24.40000,86.60000,127.70000,192.30000,0.89737,405.49509
2025-06-25 06:37:52+07:00,24.40000,86.30000,123.80000,191.89999,0.87128,405.42267
2025-06-25 06:38:42+07:00,24.40000,86.30000,132.80000,199.20000,0.88306,405.71710
2025-06-25 06:39:31+07:00,24.50000,86.10000,128.39999,192.39999,0.89258,405.57883
2025-06-25 06:40:20+07:00,24.50000,85.90000,126.30000,190.70000,0.99229,405.64230
2025-06-25 06:41:10+07:00,24.50000,85.80000,123.60000,189.20000,0.91429,405.53680
2025-06-25 06:41:59+07:00,24.40000,86.00000,113.00000,174.20000,0.91673,405.64230
2025-06-25 06:42:51+07:00,24.50000,86.00000,111.40000,170.10001,0.90459,405.56830
2025-06-25 06:43:44+07:00,24.50000,85.90000,111.40000,170.50000,0.88543,405.58936
2025-06-25 06:45:25+07:00,24.40000,86.20000,107.80000,163.39999,0.92407,405.70636
2025-06-25 06:46:15+07:00,24.50000,86.10000,110.60000,166.39999,0.89497,405.57883
2025-06-25 06:47:04+07:00,24.50000,86.50000,108.20000,167.70000,0.95140,405.72784
2025-06-25 06:47:53+07:00,24.50000,86.60000,114.00000,172.20000,0.89977,405.81448
2025-06-25 06:48:43+07:00,24.50000,86.70000,101.20000,154.70000,0.93146,406.00214
2025-06-25 06:49:32+07:00,24.50000,86.40000,110.90000,167.20000,0.91429,405.69565
2025-06-25 06:50:21+07:00,24.50000,87.00000,109.30000,167.20000,0.96403,405.67426
2025-06-25 06:51:11+07:00,24.50000,87.10000,106.70000,163.20000,0.96403,405.79272
2025-06-25 06:52:00+07:00,24.50000,87.00000,109.20000,168.70000,0.92653,405.72784
2025-06-25 06:52:50+07:00,24.50000,87.00000,107.30000,166.30000,0.97936,405.77103
2025-06-25 06:53:39+07:00,24.60000,86.90000,110.80000,169.30000,0.94639,405.93536
2025-06-25 06:54:28+07:00,24.60000,86.90000,112.40000,174.39999,0.99749,405.90219
2025-06-25 06:55:18+07:00,24.60000,86.90000,111.90000,173.30000,0.94389,405.77103
2025-06-25 06:56:07+07:00,24.60000,86.90000,111.20000,168.50000,0.98194,405.84723
2025-06-25 06:56:57+07:00,24.60000,86.90000,109.50000,164.20000,0.94389,405.81448
2025-06-25 06:57:46+07:00,24.60000,87.00000,114.20000,177.70000,0.92653,406.25241
2025-06-25 06:58:36+07:00,24.60000,86.90000,112.80000,176.80000,0.98969,405.91321
2025-06-25 06:59:25+07:00,24.50000,87.20000,108.60000,170.10001,0.97679,405.84723
2025-06-25 07:00:14+07:00,24.50000,87.30000,109.60000,162.89999,0.93642,405.74942
2025-06-25 07:01:04+07:00,24.50000,87.50000,110.90000,165.50000,0.90943,405.77103
2025-06-25 07:01:53+07:00,24.50000,87.60000,113.00000,171.89999,0.92162,405.78186
2025-06-25 07:02:43+07:00,24.50000,87.80000,114.10000,174.30000,0.98452,405.77103
2025-06-25 07:03:32+07:00,24.40000,88.00000,111.90000,173.80000,0.96657,405.69565
2025-06-25 07:04:21+07:00,24.40000,88.00000,111.90000,169.70000,0.96149,405.84723
2025-06-25 07:05:11+07:00,24.50000,87.90000,113.70000,169.60001,0.95896,405.95755
2025-06-25 07:06:00+07:00,24.50000,87.60000,112.10000,172.70000,0.92162,405.94644
2025-06-25 07:06:52+07:00,24.50000,87.50000,111.90000,166.20000,1.00797,405.93536
2025-06-25 07:07:42+07:00,24.50000,87.50000,117.60000,177.39999,1.03993,406.34552
2025-06-25 07:08:31+07:00,24.60000,87.50000,110.70000,167.70000,0.97936,406.13760
2025-06-25 07:09:23+07:00,24.60000,87.40000,110.00000,167.50000,1.08379,406.18332
2025-06-25 07:10:13+07:00,24.60000,87.30000,114.40000,177.10001,1.02119,406.25241
2025-06-25 07:11:02+07:00,24.70000,87.30000,111.70000,170.50000,1.01589,406.13760
2025-06-25 07:11:51+07:00,24.70000,87.20000,116.80000,182.30000,1.02919,406.13760
2025-06-25 07:12:42+07:00,24.70000,87.10000,115.30000,178.20000,1.02119,406.04703
2025-06-25 07:13:31+07:00,24.70000,87.00000,112.90000,180.20000,0.98710,406.05829
2025-06-25 07:14:21+07:00,24.60000,87.10000,113.00000,175.10001,1.08658,405.89117
2025-06-25 07:15:10+07:00,24.70000,87.00000,115.50000,178.00000,0.97936,405.82538
2025-06-25 07:15:59+07:00,24.70000,87.20000,117.80000,182.10001,1.06993,406.05829
2025-06-25 07:16:49+07:00,24.60000,87.30000,117.80000,182.10001,0.98194,406.16043
2025-06-25 07:17:38+07:00,24.60000,87.10000,113.60000,168.00000,1.01854,405.77103
2025-06-25 07:18:27+07:00,24.60000,87.20000,117.10000,181.39999,1.01589,406.21777
2025-06-25 07:19:17+07:00,24.60000,87.30000,116.70000,184.60001,0.99229,406.01334
2025-06-25 07:20:06+07:00,24.60000,87.30000,115.50000,174.50000,0.98452,406.20627
2025-06-25 07:20:56+07:00,24.70000,87.10000,120.20000,188.20000,1.04533,406.06958
2025-06-25 07:21:45+07:00,24.70000,86.80000,119.00000,180.20000,1.03724,406.10352
2025-06-25 07:22:34+07:00,24.70000,86.60000,124.60000,194.70000,1.00534,405.79272
2025-06-25 07:23:24+07:00,24.70000,86.60000,125.90000,200.30000,1.02652,405.84723
2025-06-25 07:24:13+07:00,24.80000,86.50000,125.30000,202.30000,1.00010,406.28720
2025-06-25 07:25:02+07:00,24.80000,86.40000,128.30000,201.50000,0.98969,406.26398
2025-06-25 07:25:52+07:00,24.90000,86.20000,129.10001,196.60001,0.98969,406.36899
2025-06-25 07:26:41+07:00,25.00000,86.10000,124.20000,199.20000,1.04263,406.48737
2025-06-25 07:27:31+07:00,25.00000,85.80000,130.39999,208.60001,1.09779,406.57129
2025-06-25 07:28:20+07:00,25.00000,85.70000,134.30000,210.50000,1.05621,406.90356
2025-06-25 07:29:09+07:00,25.10000,85.70000,131.50000,208.10001,1.05076,406.49930
2025-06-25 07:29:59+07:00,25.10000,85.50000,133.30000,209.50000,1.05076,406.69278
2025-06-25 07:30:48+07:00,25.10000,85.30000,115.60000,186.20000,1.06993,406.60754
2025-06-25 07:31:38+07:00,25.10000,84.60000,120.90000,187.80000,1.11194,406.36899
2025-06-25 07:32:27+07:00,25.10000,85.00000,116.90000,180.80000,1.06168,406.41611
2025-06-25 07:33:17+07:00,25.00000,85.30000,117.80000,179.70000,1.10626,406.36899
2025-06-25 07:34:06+07:00,24.90000,85.60000,112.50000,177.00000,1.04533,406.17187
2025-06-25 07:34:55+07:00,24.90000,85.70000,113.20000,173.89999,1.02385,406.35724
2025-06-25 07:35:48+07:00,24.90000,85.80000,111.70000,177.00000,1.08658,406.17187
2025-06-25 07:36:38+07:00,24.90000,85.80000,117.00000,183.70000,1.02652,406.00214
2025-06-25 07:37:27+07:00,24.80000,85.90000,118.10000,184.89999,1.01589,405.81448
2025-06-25 07:38:17+07:00,24.80000,86.10000,127.20000,197.30000,0.99749,406.02457
2025-06-25 07:39:06+07:00,24.80000,86.30000,128.60001,195.80000,1.01854,405.89117
2025-06-25 07:39:58+07:00,24.90000,85.90000,132.89999,207.89999,1.03993,405.89117
2025-06-25 07:40:47+07:00,25.00000,85.50000,134.00000,214.80000,0.97936,405.89117
2025-06-25 07:41:37+07:00,25.00000,85.40000,132.60001,212.30000,0.96403,405.92429
2025-06-25 07:42:26+07:00,25.10000,85.20000,134.60001,220.30000,0.99749,405.83630
2025-06-25 07:43:16+07:00,25.10000,85.20000,136.30000,218.10001,0.98452,406.00214
2025-06-25 07:44:05+07:00,25.30000,84.90000,126.90000,195.80000,0.95896,405.84723
2025-06-25 07:44:54+07:00,25.30000,84.60000,117.70000,185.70000,0.98969,406.27557
2025-06-25 07:45:47+07:00,25.40000,84.30000,115.90000,183.20000,1.04263,406.06958
2025-06-25 07:46:36+07:00,25.50000,84.10000,116.70000,186.00000,1.00797,405.91321
2025-06-25 07:47:26+07:00,25.50000,83.70000,126.80000,203.89999,0.97679,406.19479
2025-06-25 07:48:22+07:00,25.50000,83.90000,125.40000,196.39999,0.95392,405.97983
2025-06-25 07:49:12+07:00,25.50000,83.90000,122.50000,193.89999,0.98452,406.36899
2025-06-25 07:50:04+07:00,25.50000,83.50000,125.90000,194.60001,1.00010,405.91321
2025-06-25 07:50:53+07:00,25.60000,83.50000,123.30000,199.70000,0.97936,406.08087
2025-06-25 07:51:43+07:00,25.70000,83.20000,110.90000,177.10001,0.95140,406.05829
2025-06-25 07:52:32+07:00,25.60000,83.10000,109.10000,173.30000,0.97679,405.86917
2025-06-25 07:53:22+07:00,25.60000,83.30000,110.40000,174.39999,1.01060,405.70636
2025-06-25 07:54:11+07:00,25.60000,83.40000,106.80000,167.50000,0.98710,405.76022
2025-06-25 07:55:00+07:00,25.60000,83.10000,107.30000,169.60001,0.94889,405.64230
2025-06-25 07:55:50+07:00,25.60000,83.30000,108.00000,173.70000,0.96912,405.61047
2025-06-25 07:56:39+07:00,25.60000,83.20000,108.10000,165.39999,0.95392,405.69565
2025-06-25 07:57:29+07:00,25.70000,83.00000,107.70000,165.10001,0.93642,405.74942
2025-06-25 07:58:18+07:00,25.80000,82.60000,111.50000,173.10001,0.95644,405.76022
2025-06-25 07:59:07+07:00,26.00000,82.30000,111.20000,170.70000,0.96912,405.67426
2025-06-25 07:59:57+07:00,25.90000,82.50000,108.60000,174.39999,0.92653,405.73862
2025-06-25 08:00:46+07:00,25.80000,83.00000,110.70000,182.89999,0.92653,405.69565
2025-06-25 08:01:36+07:00,25.70000,83.10000,114.00000,182.30000,0.94639,405.77103
2025-06-25 08:02:25+07:00,25.50000,83.60000,114.60000,187.10001,0.95140,405.54730
2025-06-25 08:03:14+07:00,25.50000,83.90000,116.70000,181.39999,0.92900,405.65292
2025-06-25 08:04:04+07:00,25.50000,83.70000,118.90000,187.60001,0.93394,405.53680
2025-06-25 08:04:53+07:00,25.50000,84.00000,117.40000,178.10001,0.90218,405.68494
2025-06-25 08:05:42+07:00,25.50000,84.00000,113.50000,174.00000,0.94639,405.63165
2025-06-25 08:06:32+07:00,25.60000,83.80000,107.60000,163.10001,0.90459,405.58936
2025-06-25 08:07:21+07:00,25.80000,83.60000,111.60000,172.70000,0.94639,405.57883
2025-06-25 08:08:12+07:00,25.90000,82.80000,101.30000,153.70000,0.98710,405.58936
2025-06-25 08:09:01+07:00,25.90000,82.40000,96.70000,150.30000,0.98710,405.62106
2025-06-25 08:09:50+07:00,26.00000,81.30000,94.90000,147.20000,0.93146,405.65292
2025-06-25 08:10:40+07:00,26.10000,81.40000,98.20000,150.89999,0.90943,405.49509
2025-06-25 08:11:30+07:00,26.00000,81.20000,96.10000,149.20000,0.88781,405.42267
2025-06-25 08:12:19+07:00,26.00000,81.50000,90.60000,138.60001,0.93642,405.42267
2025-06-25 08:13:08+07:00,26.00000,81.30000,93.80000,142.60001,0.89977,405.64230
2025-06-25 08:13:58+07:00,26.10000,80.60000,90.80000,136.50000,0.90218,405.62106
2025-06-25 08:14:47+07:00,26.20000,80.70000,90.10000,141.30000,0.87598,405.37143
2025-06-25 08:15:37+07:00,26.40000,80.20000,91.00000,143.70000,0.89019,405.27014
2025-06-25 08:16:26+07:00,26.40000,80.20000,92.70000,140.89999,0.84579,405.42267
2025-06-25 08:17:15+07:00,26.40000,79.80000,88.10000,131.50000,0.88306,405.43298
2025-06-25 08:18:05+07:00,26.40000,80.10000,88.10000,133.39999,0.90701,405.31049
2025-06-25 08:18:54+07:00,26.40000,79.80000,89.40000,130.20000,0.90459,405.53680
2025-06-25 08:19:43+07:00,26.40000,79.80000,84.10000,125.10000,0.83894,405.31049
2025-06-25 08:20:33+07:00,26.40000,79.60000,83.90000,124.60000,0.86660,405.42267
2025-06-25 08:21:22+07:00,26.50000,79.30000,82.50000,121.70000,0.85730,405.38165
2025-06-25 08:22:11+07:00,26.60000,78.90000,82.00000,124.10000,0.82313,405.30035
2025-06-25 08:23:01+07:00,26.60000,78.70000,81.90000,123.10000,0.82762,405.39188
2025-06-25 08:23:50+07:00,26.60000,78.80000,81.80000,121.40000,0.82089,405.46396
2025-06-25 08:24:40+07:00,26.60000,78.60000,79.70000,124.90000,0.83667,405.18033
2025-06-25 08:25:29+07:00,26.70000,78.30000,82.80000,125.90000,0.88781,405.58936
2025-06-25 08:26:23+07:00,26.70000,78.40000,81.80000,122.80000,0.88543,405.44330
2025-06-25 08:27:12+07:00,26.60000,78.30000,84.10000,128.39999,0.85962,405.47430
2025-06-25 08:28:02+07:00,26.60000,78.30000,82.30000,126.80000,0.92653,405.45361
2025-06-25 08:28:51+07:00,26.50000,78.60000,81.70000,126.40000,0.86894,405.32059
2025-06-25 08:29:44+07:00,26.30000,78.90000,81.40000,124.20000,0.86894,405.28021
2025-06-25 08:30:33+07:00,26.10000,79.40000,78.60000,121.10000,0.85962,405.12115
2025-06-25 08:31:23+07:00,26.10000,79.50000,80.90000,128.20000,0.83213,405.46396
2025-06-25 08:32:12+07:00,26.10000,79.60000,79.90000,120.40000,0.91429,405.48468
2025-06-25 08:33:01+07:00,26.10000,79.50000,82.00000,120.90000,0.85962,405.46396
2025-06-25 08:33:51+07:00,26.20000,79.60000,78.00000,116.10000,0.85962,405.49509
2025-06-25 08:34:40+07:00,26.30000,79.20000,77.30000,115.70000,0.85730,405.56830
2025-06-25 08:35:32+07:00,26.40000,78.70000,74.10000,109.50000,0.82762,405.36124
2025-06-25 08:36:22+07:00,26.40000,78.30000,70.60000,102.20000,0.84122,405.43298
2025-06-25 08:37:11+07:00,26.60000,78.10000,70.40000,105.60000,0.87128,405.27014
2025-06-25 08:38:00+07:00,26.80000,77.60000,65.20000,100.80000,0.86660,405.50549
2025-06-25 08:38:50+07:00,26.80000,77.30000,67.80000,107.70000,0.80314,405.19025
2025-06-25 08:39:39+07:00,26.70000,77.30000,68.30000,104.70000,0.83213,405.36124
2025-06-25 08:40:29+07:00,26.60000,77.60000,70.40000,104.70000,0.79657,405.27014
2025-06-25 08:41:18+07:00,26.60000,77.50000,70.70000,104.30000,0.80755,405.13098
2025-06-25 08:42:07+07:00,26.60000,77.70000,72.00000,108.20000,0.81198,405.10156
2025-06-25 08:42:57+07:00,26.60000,77.20000,66.50000,102.10000,0.80755,405.07227
2025-06-25 08:43:50+07:00,26.60000,77.40000,67.70000,99.20000,0.82089,405.25009
2025-06-25 08:44:39+07:00,26.80000,77.10000,67.50000,101.10000,0.85730,405.06253
2025-06-25 08:45:28+07:00,26.90000,76.50000,68.40000,101.70000,0.82313,405.11133
2025-06-25 08:46:18+07:00,27.10000,76.00000,67.40000,97.80000,0.76432,405.05280
2025-06-25 08:47:07+07:00,27.20000,75.90000,67.70000,99.90000,0.78139,404.96603
2025-06-25 08:47:59+07:00,27.30000,75.50000,67.90000,102.50000,0.84350,405.05280
2025-06-25 08:48:49+07:00,27.30000,75.60000,69.00000,104.90000,0.83213,405.05280
2025-06-25 08:49:38+07:00,27.30000,75.80000,69.50000,103.30000,0.80535,405.22009
2025-06-25 08:50:28+07:00,27.30000,76.10000,68.50000,102.00000,0.74547,405.08200
2025-06-25 08:51:22+07:00,27.20000,76.20000,67.30000,97.80000,0.79221,405.23007
2025-06-25 08:52:14+07:00,27.20000,76.10000,65.10000,93.80000,0.83667,404.98523
2025-06-25 08:53:03+07:00,27.30000,76.00000,64.00000,89.50000,0.80314,405.07227
2025-06-25 08:53:53+07:00,27.30000,76.00000,59.60000,88.50000,0.83667,405.04312
2025-06-25 08:54:42+07:00,27.30000,75.50000,59.40000,82.70000,0.82313,405.07227
2025-06-25 08:55:32+07:00,27.40000,75.30000,58.80000,87.40000,0.80976,405.23007
2025-06-25 08:56:21+07:00,27.40000,74.60000,57.50000,82.50000,0.79876,405.05280
2025-06-25 08:57:10+07:00,27.40000,74.50000,56.70000,81.50000,0.73106,405.21014
2025-06-25 08:58:00+07:00,27.40000,74.80000,60.70000,87.30000,0.80535,405.11133
2025-06-25 08:58:49+07:00,27.40000,74.60000,60.20000,83.80000,0.85268,404.98523
2025-06-25 08:59:38+07:00,27.40000,74.50000,57.30000,82.10000,0.84808,405.06253
2025-06-25 09:00:28+07:00,27.30000,74.90000,58.20000,84.30000,0.78570,404.98523
2025-06-25 09:01:17+07:00,27.10000,75.10000,57.00000,81.90000,0.83213,405.10156
2025-06-25 09:02:10+07:00,26.90000,75.20000,55.50000,83.10000,0.78354,404.67642
2025-06-25 09:03:01+07:00,26.70000,76.00000,57.50000,80.10000,0.74340,404.90887
2025-06-25 09:03:51+07:00,26.60000,76.70000,57.90000,83.10000,0.78139,404.89938
2025-06-25 09:04:40+07:00,26.70000,76.30000,56.80000,83.00000,0.76644,405.02374
2025-06-25 09:05:34+07:00,26.60000,76.80000,56.00000,81.90000,0.72090,404.88992
2025-06-25 09:06:23+07:00,26.70000,76.60000,53.50000,77.40000,0.77282,405.00446
2025-06-25 09:07:13+07:00,26.70000,76.50000,54.20000,77.10000,0.72902,405.00446
2025-06-25 09:08:03+07:00,26.70000,76.40000,54.50000,80.90000,0.77069,404.76831
2025-06-25 09:08:52+07:00,26.70000,76.70000,56.30000,80.70000,0.74133,404.88992
2025-06-25 09:09:42+07:00,26.70000,76.80000,54.60000,79.50000,0.74340,404.79614
2025-06-25 09:10:31+07:00,26.70000,76.70000,54.00000,80.20000,0.76856,404.89938
2025-06-25 09:11:28+07:00,26.80000,76.40000,53.80000,77.20000,0.77282,404.93738
2025-06-25 09:12:17+07:00,26.90000,76.50000,55.00000,80.30000,0.76856,405.05280
2025-06-25 09:13:07+07:00,26.90000,76.40000,51.00000,73.70000,0.72698,404.88992
2025-06-25 09:13:59+07:00,26.80000,75.90000,50.40000,71.70000,0.77282,404.84286
2025-06-25 09:14:51+07:00,26.80000,75.90000,51.20000,75.40000,0.67751,404.92786
2025-06-25 09:15:40+07:00,26.80000,76.10000,52.40000,74.20000,0.74963,404.89938
2025-06-25 09:16:30+07:00,26.80000,76.40000,52.10000,76.20000,0.76644,404.89938
2025-06-25 09:17:19+07:00,26.80000,76.10000,49.40000,72.10000,0.72902,404.83350
2025-06-25 09:18:12+07:00,26.90000,75.60000,53.10000,72.60000,0.74133,404.93738
2025-06-25 09:19:01+07:00,26.80000,75.90000,52.60000,75.70000,0.68719,404.93738
2025-06-25 09:19:50+07:00,26.90000,76.40000,55.10000,80.30000,0.71888,404.82413
2025-06-25 09:20:43+07:00,27.00000,76.30000,60.30000,86.90000,0.72698,405.00446
2025-06-25 09:21:32+07:00,27.00000,76.60000,60.10000,85.70000,0.71086,404.94693
2025-06-25 09:22:21+07:00,26.90000,76.30000,59.30000,88.60000,0.74340,404.92786
2025-06-25 09:23:11+07:00,26.90000,76.40000,56.30000,80.30000,0.71286,405.06253
2025-06-25 09:24:00+07:00,26.90000,76.20000,54.90000,81.70000,0.71086,405.01410
2025-06-25 09:24:50+07:00,26.90000,76.60000,55.20000,78.90000,0.78570,404.97562
2025-06-25 09:25:42+07:00,27.00000,76.20000,55.40000,86.20000,0.74133,404.89938
2025-06-25 09:26:34+07:00,27.10000,76.20000,51.00000,70.50000,0.73106,405.17044
2025-06-25 09:27:24+07:00,27.10000,76.10000,52.50000,75.40000,0.74133,405.16055
2025-06-25 09:28:13+07:00,27.20000,76.10000,50.70000,70.20000,0.74963,404.96603
2025-06-25 09:29:02+07:00,27.10000,75.80000,47.40000,63.00000,0.76856,404.96603
2025-06-25 09:29:52+07:00,27.10000,75.80000,48.30000,71.00000,0.75380,405.02374
2025-06-25 09:30:45+07:00,27.10000,75.80000,52.40000,70.70000,0.71687,404.99481
2025-06-25 09:31:34+07:00,27.10000,76.00000,53.00000,76.70000,0.74547,405.04312
2025-06-25 09:32:23+07:00,27.00000,76.10000,53.90000,76.50000,0.68914,405.05280
2025-06-25 09:34:07+07:00,27.00000,76.40000,54.90000,78.40000,0.76221,405.10156
2025-06-25 09:34:59+07:00,27.00000,76.40000,55.20000,77.30000,0.80095,405.10156
2025-06-25 09:36:47+07:00,27.20000,75.60000,55.10000,74.90000,0.74547,405.00446
2025-06-25 09:37:36+07:00,27.20000,75.40000,54.10000,77.20000,0.74547,404.96603
2025-06-25 09:38:26+07:00,27.20000,75.50000,55.50000,79.00000,0.78139,405.07227
2025-06-25 09:39:15+07:00,27.30000,75.10000,55.60000,83.40000,0.76644,405.12115
2025-06-25 09:40:04+07:00,27.40000,74.90000,55.70000,79.10000,0.73721,405.29028
2025-06-25 09:40:54+07:00,27.40000,75.00000,60.10000,85.70000,0.79657,405.01410
2025-06-25 09:41:43+07:00,27.40000,75.10000,62.30000,88.20000,0.75590,405.31049
2025-06-25 09:42:33+07:00,27.50000,75.30000,59.60000,82.40000,0.79876,405.18033
2025-06-25 09:43:22+07:00,27.50000,75.30000,55.80000,79.80000,0.80976,405.43298
2025-06-25 09:44:13+07:00,27.40000,75.20000,52.80000,72.00000,0.80535,405.30035
2025-06-25 09:45:02+07:00,27.30000,76.10000,46.60000,64.10000,0.74340,405.05280
2025-06-25 09:45:54+07:00,27.30000,75.60000,44.80000,61.90000,0.73106,404.95648
2025-06-25 09:46:44+07:00,27.20000,75.60000,45.10000,61.10000,0.76856,405.43298
2025-06-25 09:47:33+07:00,27.30000,75.60000,47.30000,65.30000,0.76856,405.04312
2025-06-25 09:48:22+07:00,27.30000,75.40000,50.50000,68.40000,0.75380,405.01410
2025-06-25 09:49:12+07:00,27.30000,75.40000,50.50000,68.30000,0.75380,405.07227
2025-06-25 09:50:01+07:00,27.30000,75.60000,53.10000,72.10000,0.70886,404.97562
2025-06-25 09:50:50+07:00,27.30000,75.90000,52.30000,71.50000,0.76432,405.10156
2025-06-25 09:51:40+07:00,27.30000,75.50000,52.30000,72.70000,0.77069,405.12115
2025-06-25 09:52:29+07:00,27.30000,75.50000,55.30000,79.10000,0.87833,406.65613
2025-06-25 09:53:19+07:00,27.30000,75.20000,54.90000,73.50000,0.85730,406.20627
2025-06-25 09:54:08+07:00,27.30000,76.00000,51.70000,70.40000,0.93394,405.94644
2025-06-25 09:54:57+07:00,27.40000,76.00000,53.50000,77.60000,0.91429,406.22931
2025-06-25 09:55:47+07:00,27.40000,75.40000,52.60000,75.00000,0.80095,405.93536
2025-06-25 09:56:36+07:00,27.40000,75.30000,53.40000,75.50000,0.91429,405.70636
2025-06-25 09:57:25+07:00,27.30000,75.10000,53.10000,70.60000,0.85730,405.61047
2025-06-25 09:58:15+07:00,27.30000,75.40000,50.00000,68.90000,0.78787,405.45361
2025-06-25 09:59:04+07:00,27.30000,75.60000,51.70000,71.90000,0.79439,405.38165
2025-06-25 09:59:53+07:00,27.40000,75.30000,50.10000,68.20000,0.77924,405.34088
2025-06-25 10:00:43+07:00,27.40000,74.80000,51.40000,70.00000,0.83894,405.57883
2025-06-25 10:01:32+07:00,27.30000,75.80000,49.40000,64.90000,0.74340,405.22009
2025-06-25 10:02:22+07:00,27.40000,75.60000,53.90000,78.90000,0.80535,405.15067
2025-06-25 10:03:11+07:00,27.50000,75.70000,56.50000,77.00000,0.82089,405.20020
2025-06-25 10:04:00+07:00,27.50000,75.60000,60.90000,83.10000,0.82762,405.35104
2025-06-25 10:04:53+07:00,27.60000,75.80000,53.20000,73.10000,0.79657,405.27014
2025-06-25 10:05:46+07:00,27.60000,75.40000,47.00000,64.70000,0.77282,405.34088
2025-06-25 10:06:39+07:00,27.60000,74.50000,45.00000,61.50000,0.83440,405.07227
2025-06-25 10:07:28+07:00,27.60000,74.40000,47.70000,64.70000,0.74547,405.17044
2025-06-25 10:08:18+07:00,27.70000,74.00000,46.90000,63.30000,0.79876,405.11133
2025-06-25 10:09:07+07:00,27.70000,74.40000,46.30000,65.10000,0.75171,405.18033
2025-06-25 10:10:01+07:00,27.80000,73.80000,51.00000,69.20000,0.82537,405.11133
2025-06-25 10:10:53+07:00,27.90000,73.90000,52.10000,73.60000,0.77709,405.17044
2025-06-25 10:11:42+07:00,28.00000,73.70000,52.20000,70.10000,0.80976,405.20020
2025-06-25 10:12:32+07:00,28.10000,73.60000,49.90000,67.10000,0.81198,405.19025
2025-06-25 10:14:21+07:00,28.20000,73.40000,52.60000,74.80000,0.83667,405.19025
2025-06-25 10:15:11+07:00,28.10000,72.90000,48.10000,62.80000,0.75800,405.06253
2025-06-25 10:16:01+07:00,28.10000,72.80000,48.40000,67.70000,0.77709,405.06253
2025-06-25 10:16:51+07:00,28.00000,73.10000,48.90000,69.70000,0.71086,405.36124
2025-06-25 10:17:40+07:00,28.00000,73.60000,46.70000,64.50000,0.74755,405.17044
2025-06-25 10:18:30+07:00,28.00000,73.30000,47.10000,62.30000,0.76856,404.98523
2025-06-25 10:19:19+07:00,28.00000,73.30000,47.90000,65.80000,0.78354,405.04312
2025-06-25 10:20:09+07:00,28.10000,73.10000,49.70000,69.90000,0.73721,405.02374
2025-06-25 10:20:58+07:00,28.00000,73.30000,46.00000,58.90000,0.76432,404.93738
2025-06-25 10:21:48+07:00,28.00000,73.40000,44.50000,57.20000,0.71687,404.97562
2025-06-25 10:22:38+07:00,28.10000,73.40000,45.50000,60.20000,0.77282,405.01410
2025-06-25 10:23:28+07:00,28.10000,73.40000,46.20000,61.00000,0.77069,405.36124
2025-06-25 10:24:18+07:00,28.20000,73.40000,46.30000,61.60000,0.72902,404.94693
2025-06-25 10:25:11+07:00,28.20000,73.60000,44.30000,58.30000,0.79876,404.96603
2025-06-25 10:26:00+07:00,28.20000,72.50000,45.40000,59.40000,0.71286,405.10156
2025-06-25 10:26:49+07:00,28.10000,72.30000,42.00000,54.50000,0.72495,404.88992
2025-06-25 10:27:42+07:00,28.10000,72.40000,41.60000,54.90000,0.76644,405.03342
2025-06-25 10:28:31+07:00,28.10000,72.00000,41.90000,53.00000,0.72293,405.00446
2025-06-25 10:29:21+07:00,28.10000,72.00000,40.00000,52.80000,0.70092,404.94693
2025-06-25 10:30:10+07:00,28.10000,71.60000,37.40000,48.60000,0.72293,405.00446
2025-06-25 10:31:02+07:00,28.10000,71.30000,36.10000,46.70000,0.74547,404.88049
2025-06-25 10:31:52+07:00,28.10000,71.10000,36.70000,47.10000,0.71086,404.95648
2025-06-25 10:32:41+07:00,28.20000,71.00000,37.40000,49.40000,0.69697,404.97562
2025-06-25 10:33:30+07:00,28.30000,71.20000,40.80000,53.50000,0.75380,404.83350
2025-06-25 10:34:20+07:00,28.30000,71.20000,41.80000,56.70000,0.71888,404.91837
2025-06-25 10:35:09+07:00,28.20000,70.90000,44.00000,58.80000,0.76432,404.99481
2025-06-25 10:35:59+07:00,28.20000,71.30000,41.90000,55.70000,0.80976,404.97562
2025-06-25 10:36:48+07:00,28.30000,71.30000,43.50000,58.40000,0.70488,404.97562
2025-06-25 10:37:39+07:00,28.30000,71.60000,41.80000,55.40000,0.77069,404.80545
2025-06-25 10:38:28+07:00,28.30000,71.30000,40.50000,53.00000,0.72902,404.98523
2025-06-25 10:39:18+07:00,28.30000,71.10000,40.10000,51.00000,0.72698,404.71298
2025-06-25 10:40:07+07:00,28.30000,71.00000,40.70000,53.80000,0.70290,404.84286
2025-06-25 10:40:56+07:00,28.40000,70.60000,40.00000,52.70000,0.72902,404.94693
2025-06-25 10:41:46+07:00,28.40000,70.80000,44.10000,59.70000,0.73515,404.99481
2025-06-25 10:42:35+07:00,28.30000,71.00000,46.70000,65.30000,0.66036,404.82413
2025-06-25 10:43:25+07:00,28.40000,72.30000,48.70000,68.10000,0.79876,404.89938
2025-06-25 10:44:14+07:00,28.40000,72.30000,49.00000,68.50000,0.71086,405.17044
2025-06-25 10:45:03+07:00,28.40000,72.40000,49.90000,72.60000,0.78354,404.81479
2025-06-25 10:45:53+07:00,28.40000,72.10000,50.90000,71.80000,0.71888,405.32059
2025-06-25 10:46:47+07:00,28.40000,72.20000,50.60000,66.90000,0.71888,404.99481
2025-06-25 10:47:39+07:00,28.40000,71.90000,51.60000,70.40000,0.75800,404.66730
2025-06-25 10:48:28+07:00,28.30000,72.30000,48.30000,64.50000,0.68719,404.75903
2025-06-25 10:49:17+07:00,28.30000,72.30000,48.90000,68.90000,0.73515,404.97562
2025-06-25 10:50:07+07:00,28.30000,72.50000,49.30000,66.80000,0.75590,405.17044
2025-06-25 10:50:56+07:00,28.40000,72.50000,50.20000,71.20000,0.72293,404.87106
2025-06-25 10:51:46+07:00,28.50000,72.70000,46.30000,64.00000,0.71687,404.80545
2025-06-25 10:52:35+07:00,28.50000,72.20000,48.50000,67.00000,0.69697,404.89938
2025-06-25 10:53:25+07:00,28.50000,72.70000,43.60000,59.50000,0.65847,404.99481
2025-06-25 10:54:19+07:00,28.50000,72.20000,40.20000,54.30000,0.76856,404.96603
2025-06-25 10:55:08+07:00,28.40000,71.00000,40.30000,54.00000,0.69501,404.90887
2025-06-25 10:55:58+07:00,28.40000,71.50000,42.00000,57.50000,0.70092,404.96603
2025-06-25 10:56:47+07:00,28.40000,71.40000,42.60000,59.70000,0.69894,404.75903
2025-06-25 10:57:36+07:00,28.40000,71.70000,42.10000,57.00000,0.71286,404.84286
2025-06-25 10:58:26+07:00,28.50000,71.60000,44.80000,61.50000,0.77069,404.80545
2025-06-25 10:59:18+07:00,28.60000,71.70000,42.40000,59.10000,0.71086,405.05280
2025-06-25 11:00:10+07:00,28.70000,71.60000,44.00000,62.40000,0.75800,404.83350
2025-06-25 11:01:00+07:00,28.70000,71.80000,44.40000,60.60000,0.69894,405.08200
2025-06-25 11:01:50+07:00,28.80000,71.60000,42.90000,58.30000,0.79004,404.93738
2025-06-25 11:02:40+07:00,28.80000,71.50000,39.80000,53.70000,0.70687,405.00446
2025-06-25 11:03:30+07:00,28.80000,70.80000,40.60000,54.10000,0.73721,405.03342
2025-06-25 11:04:20+07:00,28.70000,70.80000,38.50000,54.60000,0.69109,404.91837
2025-06-25 11:05:09+07:00,28.70000,70.90000,37.00000,48.70000,0.67559,404.88049
2025-06-25 11:06:02+07:00,28.70000,70.90000,38.50000,52.40000,0.71486,404.78683
2025-06-25 11:06:51+07:00,28.70000,71.30000,37.60000,48.10000,0.72090,404.97562
2025-06-25 11:07:40+07:00,28.60000,71.20000,38.90000,51.00000,0.72495,404.99481
2025-06-25 11:08:30+07:00,28.50000,71.40000,37.70000,48.40000,0.72698,404.53241
2025-06-25 11:09:19+07:00,28.60000,71.40000,38.80000,52.90000,0.66794,404.85223
2025-06-25 11:10:09+07:00,28.60000,71.20000,36.90000,49.70000,0.66985,404.86163
2025-06-25 11:10:58+07:00,28.70000,70.60000,36.70000,48.70000,0.71888,404.83350
2025-06-25 11:11:48+07:00,28.80000,70.20000,36.00000,50.10000,0.69305,404.66730
2025-06-25 11:12:41+07:00,28.80000,70.30000,36.70000,47.90000,0.67944,404.83350
2025-06-25 11:13:30+07:00,28.90000,70.10000,37.90000,50.70000,0.71086,404.94693
2025-06-25 11:14:20+07:00,28.90000,70.20000,37.40000,49.40000,0.69305,404.80545
2025-06-25 11:15:09+07:00,28.80000,70.40000,37.40000,47.70000,0.67367,404.95648
2025-06-25 11:16:07+07:00,28.80000,70.60000,38.20000,55.00000,0.67751,404.35748
2025-06-25 11:16:57+07:00,28.90000,70.50000,35.70000,48.50000,0.72495,404.79614
2025-06-25 11:17:46+07:00,28.90000,70.30000,36.20000,49.00000,0.73106,404.68555
2025-06-25 11:18:35+07:00,29.00000,70.50000,37.10000,48.80000,0.72293,404.98523
2025-06-25 11:19:25+07:00,29.10000,71.00000,36.60000,48.90000,0.70488,404.78683
2025-06-25 11:20:14+07:00,29.20000,70.50000,33.00000,42.40000,0.65847,404.80545
2025-06-25 11:21:04+07:00,29.20000,69.50000,33.00000,43.00000,0.70092,404.97562
2025-06-25 11:21:53+07:00,29.10000,69.30000,31.50000,40.50000,0.71086,404.40070
2025-06-25 11:22:45+07:00,29.10000,69.00000,31.80000,39.40000,0.73310,404.94693
2025-06-25 11:23:34+07:00,29.00000,68.90000,31.60000,40.90000,0.73310,404.76831
2025-06-25 11:24:24+07:00,29.00000,69.40000,28.30000,36.70000,0.70886,404.94693
2025-06-25 11:25:16+07:00,29.00000,68.90000,26.60000,34.20000,0.71687,405.00446
2025-06-25 11:26:05+07:00,28.90000,68.10000,26.70000,34.20000,0.73106,404.91837
2025-06-25 11:26:55+07:00,28.90000,68.30000,27.10000,33.90000,0.72698,404.88992
2025-06-25 11:27:44+07:00,29.00000,68.60000,26.30000,35.70000,0.72698,404.87106
2025-06-25 11:28:34+07:00,29.10000,68.20000,26.70000,34.80000,0.69305,404.72217
2025-06-25 11:29:26+07:00,29.10000,68.00000,26.00000,32.00000,0.70687,404.88992
2025-06-25 11:30:16+07:00,29.10000,68.00000,26.60000,33.40000,0.66414,404.99481
2025-06-25 11:31:05+07:00,29.20000,68.50000,27.30000,34.30000,0.74340,405.02374
2025-06-25 11:31:55+07:00,29.10000,68.00000,26.90000,34.00000,0.75800,404.93738
2025-06-25 11:32:44+07:00,29.00000,68.10000,25.00000,29.80000,0.71486,404.94693
2025-06-25 11:33:38+07:00,29.10000,68.40000,25.80000,31.60000,0.72495,404.89938
2025-06-25 11:34:27+07:00,29.10000,68.70000,25.80000,33.10000,0.74755,404.88049
2025-06-25 11:35:17+07:00,29.20000,68.30000,27.60000,33.00000,0.74963,405.00446
2025-06-25 11:36:06+07:00,29.20000,68.20000,25.40000,30.80000,0.88543,405.32059
2025-06-25 11:36:55+07:00,29.20000,68.40000,24.50000,29.20000,0.80535,405.17044
2025-06-25 11:37:48+07:00,29.20000,68.60000,24.10000,28.90000,0.82537,405.03342
2025-06-25 11:38:42+07:00,29.10000,68.30000,25.40000,31.20000,0.79439,405.12115
2025-06-25 11:39:34+07:00,29.10000,68.20000,20.70000,25.70000,0.75800,404.98523
2025-06-25 11:40:23+07:00,29.00000,67.30000,20.60000,25.70000,0.80095,405.12115
2025-06-25 11:41:13+07:00,29.00000,68.00000,21.00000,25.20000,0.73927,404.88992
2025-06-25 11:42:05+07:00,29.00000,67.30000,22.60000,29.10000,0.75380,405.01410
2025-06-25 11:42:55+07:00,29.00000,67.20000,20.60000,24.60000,0.76644,405.13098
2025-06-25 11:43:44+07:00,29.10000,67.40000,19.00000,22.00000,0.80095,404.85223
2025-06-25 11:44:34+07:00,29.20000,67.00000,19.50000,22.90000,0.78139,405.00446
2025-06-25 11:45:23+07:00,29.20000,66.90000,19.60000,23.30000,0.77495,405.04312
2025-06-25 11:46:13+07:00,29.30000,66.70000,19.40000,23.00000,0.78354,404.78683
2025-06-25 11:47:02+07:00,29.30000,67.60000,20.20000,23.90000,0.76856,404.99481
2025-06-25 11:47:52+07:00,29.40000,67.70000,20.60000,25.00000,0.76432,405.07227
2025-06-25 11:48:41+07:00,29.40000,67.50000,19.90000,25.00000,0.77495,404.81479
2025-06-25 11:49:31+07:00,29.40000,67.80000,20.30000,23.50000,0.71486,405.06253
2025-06-25 11:50:20+07:00,29.40000,68.10000,21.70000,26.20000,0.73106,404.99481
2025-06-25 11:51:10+07:00,29.30000,68.00000,21.10000,23.70000,0.72902,404.95648
2025-06-25 11:51:59+07:00,29.40000,67.80000,21.00000,27.00000,0.79004,404.97562
2025-06-25 11:52:49+07:00,29.40000,67.70000,21.70000,24.80000,0.75380,404.84286
2025-06-25 11:53:42+07:00,29.40000,67.40000,21.20000,26.20000,0.87598,405.52637
2025-06-25 11:54:31+07:00,29.40000,66.90000,20.60000,23.10000,0.83667,405.57883
2025-06-25 11:55:23+07:00,29.30000,66.20000,20.00000,23.90000,0.92900,405.18033
2025-06-25 11:56:12+07:00,29.30000,66.00000,20.20000,23.80000,0.90218,405.37143
2025-06-25 11:57:02+07:00,29.30000,67.00000,20.00000,23.40000,0.88070,405.37143
2025-06-25 11:57:51+07:00,29.40000,66.90000,21.00000,27.50000,0.82762,405.37143
2025-06-25 11:58:40+07:00,29.50000,66.70000,20.30000,24.00000,0.88781,405.41238
2025-06-25 11:59:30+07:00,29.40000,65.60000,20.30000,22.80000,0.89019,405.43298
2025-06-25 12:00:20+07:00,29.40000,65.70000,21.50000,24.20000,0.85962,405.55777
2025-06-25 12:01:11+07:00,29.40000,65.90000,20.30000,23.90000,0.84579,405.44330
2025-06-25 12:02:01+07:00,29.40000,66.40000,21.70000,26.60000,0.87128,405.53680
2025-06-25 12:02:50+07:00,29.40000,67.00000,22.10000,26.60000,0.82089,405.37143
2025-06-25 12:03:40+07:00,29.50000,66.80000,22.30000,26.60000,0.89258,404.98523
2025-06-25 12:04:32+07:00,29.50000,67.30000,19.60000,25.60000,0.88543,405.26010
2025-06-25 12:05:22+07:00,29.30000,66.00000,21.00000,26.00000,0.79876,405.26010
2025-06-25 12:06:11+07:00,29.20000,66.50000,21.50000,26.10000,0.81642,405.44330
2025-06-25 12:07:01+07:00,29.20000,66.60000,20.30000,24.70000,0.82988,405.24005
2025-06-25 12:07:50+07:00,29.20000,66.30000,20.10000,23.20000,0.85499,405.22009
2025-06-25 12:08:40+07:00,29.20000,66.20000,22.70000,29.50000,0.84579,405.32059
2025-06-25 12:09:29+07:00,29.30000,66.70000,23.20000,27.60000,0.81865,405.38165
2025-06-25 12:10:19+07:00,29.30000,67.10000,23.50000,27.40000,0.83894,405.18033
2025-06-25 12:11:08+07:00,29.30000,67.40000,22.50000,29.80000,0.81642,405.03342
2025-06-25 12:11:58+07:00,29.30000,67.20000,24.50000,29.20000,0.83667,405.38165
2025-06-25 12:12:47+07:00,29.30000,66.70000,23.50000,29.10000,0.83894,405.37143
2025-06-25 12:13:37+07:00,29.30000,66.80000,23.10000,27.00000,0.79876,405.21014
2025-06-25 12:14:26+07:00,29.30000,66.80000,24.00000,30.50000,0.76644,405.15067
2025-06-25 12:15:16+07:00,29.30000,67.00000,23.40000,28.60000,0.85730,405.28021
2025-06-25 12:16:10+07:00,29.20000,67.50000,23.50000,29.00000,0.83894,405.31049
2025-06-25 12:17:06+07:00,29.30000,67.70000,21.90000,27.80000,0.83213,405.34088
2025-06-25 12:17:55+07:00,29.30000,67.80000,24.00000,27.50000,0.79876,405.35104
2025-06-25 12:18:45+07:00,29.20000,68.20000,23.50000,27.40000,0.76856,405.29028
2025-06-25 12:19:34+07:00,29.30000,68.00000,23.80000,28.60000,0.82762,405.48468
2025-06-25 12:20:24+07:00,29.30000,68.00000,24.00000,30.00000,0.84808,405.50549
2025-06-25 12:21:21+07:00,29.30000,67.90000,23.60000,28.90000,0.77495,405.50549
2025-06-25 12:22:10+07:00,29.40000,67.50000,23.20000,27.80000,0.84122,405.48468
2025-06-25 12:23:00+07:00,29.40000,67.70000,21.80000,27.90000,0.84122,405.48468
2025-06-25 12:23:54+07:00,29.40000,67.80000,25.40000,30.40000,0.78354,405.35104
2025-06-25 12:24:44+07:00,29.40000,67.50000,23.30000,26.70000,0.80314,405.29028
2025-06-25 12:25:33+07:00,29.40000,67.50000,22.20000,27.10000,0.79657,405.57883
2025-06-25 12:26:26+07:00,29.40000,68.00000,22.10000,25.60000,0.79876,405.54730
2025-06-25 12:27:15+07:00,29.50000,67.00000,21.60000,24.50000,0.85962,405.62106
2025-06-25 12:28:04+07:00,29.50000,66.80000,21.70000,25.90000,0.86660,405.48468
2025-06-25 12:28:54+07:00,29.50000,66.90000,20.50000,26.50000,0.76221,405.30035
2025-06-25 12:29:43+07:00,29.60000,67.80000,18.20000,20.80000,0.80314,405.61047
2025-06-25 12:30:32+07:00,29.60000,67.10000,18.00000,22.10000,0.84122,405.24005
2025-06-25 12:31:25+07:00,29.60000,66.30000,18.50000,21.50000,0.89019,405.42267
2025-06-25 12:32:14+07:00,29.70000,67.40000,22.10000,29.50000,0.81865,405.41238
2025-06-25 12:33:06+07:00,29.60000,66.90000,25.20000,31.50000,0.83440,404.96603
2025-06-25 12:33:55+07:00,29.50000,67.70000,27.10000,33.10000,0.76644,405.31049
2025-06-25 12:34:48+07:00,29.60000,67.60000,23.20000,26.00000,0.85499,405.32059
2025-06-25 12:35:37+07:00,29.70000,65.90000,17.50000,21.00000,0.90459,405.28021
2025-06-25 12:36:27+07:00,29.80000,65.60000,16.40000,19.80000,0.83440,405.24005
2025-06-25 12:37:16+07:00,29.80000,65.70000,16.20000,19.60000,0.80976,405.20020
2025-06-25 12:38:06+07:00,29.90000,65.00000,16.90000,18.90000,0.78787,405.43298
2025-06-25 12:38:55+07:00,29.80000,64.70000,15.90000,17.80000,0.74340,405.27014
2025-06-25 12:39:45+07:00,29.80000,64.50000,15.50000,18.50000,0.83213,405.13098
2025-06-25 12:40:34+07:00,29.70000,64.80000,16.40000,19.10000,0.84808,405.26010
2025-06-25 12:41:36+07:00,29.70000,64.60000,16.50000,18.50000,0.84808,405.21014
2025-06-25 12:42:29+07:00,29.60000,64.70000,16.20000,18.20000,0.83894,405.18033
2025-06-25 12:43:23+07:00,29.60000,64.30000,15.20000,18.30000,0.84350,405.24005
2025-06-25 12:44:17+07:00,29.70000,65.20000,15.40000,17.90000,0.83894,405.02374
2025-06-25 12:45:11+07:00,29.70000,64.20000,14.90000,16.70000,0.84350,405.14081
2025-06-25 12:46:05+07:00,29.60000,64.30000,15.40000,18.50000,0.76856,405.21014
2025-06-25 12:46:56+07:00,29.60000,64.10000,14.40000,16.10000,0.83440,405.39188
2025-06-25 12:47:49+07:00,29.60000,63.50000,14.20000,18.20000,0.83667,405.11133
2025-06-25 12:48:39+07:00,29.70000,63.60000,16.80000,18.80000,0.83440,404.99481
2025-06-25 12:49:28+07:00,29.70000,63.80000,14.70000,16.50000,0.84122,404.97562
2025-06-25 12:50:17+07:00,29.70000,64.40000,14.60000,17.30000,0.83213,405.13098
2025-06-25 12:51:07+07:00,29.80000,63.90000,12.70000,14.40000,0.78139,404.83350
2025-06-25 12:51:56+07:00,29.80000,62.40000,15.00000,18.20000,0.77709,404.94693
2025-06-25 12:52:46+07:00,29.90000,63.70000,16.10000,18.00000,0.80535,404.89938
2025-06-25 12:53:35+07:00,29.90000,63.50000,13.50000,15.10000,0.77069,405.43298
2025-06-25 12:54:24+07:00,29.90000,62.90000,13.10000,14.70000,0.83440,405.10156
2025-06-25 12:55:14+07:00,29.90000,63.40000,12.70000,14.70000,0.73310,405.11133
2025-06-25 12:56:03+07:00,29.90000,62.60000,12.10000,13.60000,0.82537,404.84286
2025-06-25 12:56:52+07:00,29.90000,62.60000,12.40000,13.80000,0.83894,405.13098
2025-06-25 12:57:42+07:00,29.90000,62.70000,13.10000,14.50000,0.83667,405.17044
2025-06-25 12:58:32+07:00,30.00000,62.60000,18.30000,20.80000,0.79004,405.13098
2025-06-25 13:00:16+07:00,30.00000,62.90000,13.40000,15.00000,0.81420,405.18033
2025-06-25 13:01:06+07:00,30.00000,63.00000,12.80000,14.90000,0.74133,404.76831
2025-06-25 13:01:55+07:00,30.00000,63.30000,12.40000,13.80000,0.81198,405.00446
2025-06-25 13:02:45+07:00,29.90000,61.30000,11.10000,12.40000,0.80314,404.98523
2025-06-25 13:03:34+07:00,29.80000,61.30000,11.70000,13.10000,0.80095,404.99481
2025-06-25 13:04:23+07:00,29.80000,61.70000,16.60000,18.60000,0.78139,404.79614
2025-06-25 13:05:13+07:00,29.80000,61.70000,12.30000,13.70000,0.77924,404.99481
2025-06-25 13:06:02+07:00,29.80000,62.10000,13.60000,15.20000,0.73310,405.05280
2025-06-25 13:06:52+07:00,29.90000,62.50000,13.00000,14.50000,0.79876,404.59497
2025-06-25 13:07:41+07:00,29.90000,63.90000,14.30000,16.40000,0.80535,405.07227
2025-06-25 13:08:30+07:00,29.90000,63.10000,14.10000,15.80000,0.77069,405.10156
2025-06-25 13:09:24+07:00,29.90000,62.80000,14.30000,16.70000,0.80095,404.84286
2025-06-25 13:10:14+07:00,29.90000,62.40000,15.30000,17.10000,0.72902,404.87106
2025-06-25 13:11:04+07:00,29.90000,63.70000,15.80000,18.90000,0.79004,405.14081
2025-06-25 13:12:49+07:00,30.10000,62.60000,15.70000,17.60000,0.71286,405.01410
2025-06-25 13:13:39+07:00,30.10000,62.90000,13.20000,15.10000,0.81198,405.12115
2025-06-25 13:14:29+07:00,30.20000,62.10000,14.00000,19.80000,0.72698,404.99481
2025-06-25 13:15:18+07:00,30.30000,61.30000,13.80000,15.40000,0.82537,405.14081
2025-06-25 13:16:08+07:00,30.20000,61.40000,14.40000,16.20000,0.77282,404.64914
2025-06-25 13:16:57+07:00,30.20000,61.60000,16.00000,18.30000,0.69894,404.70383
2025-06-25 13:17:46+07:00,30.20000,61.90000,17.30000,20.60000,0.85962,405.03342
2025-06-25 13:18:36+07:00,30.10000,62.60000,18.20000,20.40000,0.86660,405.41238
2025-06-25 13:19:26+07:00,30.10000,62.70000,16.50000,18.60000,0.82762,405.06253
2025-06-25 13:20:15+07:00,30.10000,63.10000,16.40000,19.80000,0.77709,405.17044
2025-06-25 13:21:07+07:00,30.10000,63.30000,17.80000,22.00000,0.83667,405.26010
2025-06-25 13:21:57+07:00,30.20000,63.60000,20.90000,24.90000,0.82537,405.01410
2025-06-25 13:22:46+07:00,30.20000,64.30000,18.80000,24.10000,0.83667,405.20020
2025-06-25 13:23:36+07:00,30.30000,63.80000,17.40000,20.70000,0.85268,405.16055
2025-06-25 13:24:25+07:00,30.30000,63.60000,16.40000,20.00000,0.88306,405.52637
2025-06-25 13:25:14+07:00,30.20000,63.00000,16.10000,18.00000,0.76221,405.03342
2025-06-25 13:26:04+07:00,30.10000,62.30000,15.70000,17.90000,0.80976,405.26010
2025-06-25 13:26:53+07:00,30.00000,62.10000,15.30000,17.10000,0.82988,405.08200
2025-06-25 13:27:43+07:00,30.00000,62.20000,15.80000,19.90000,0.95392,405.55777
2025-06-25 13:28:32+07:00,30.00000,62.60000,16.40000,18.40000,0.87598,405.91321
2025-06-25 13:29:21+07:00,29.90000,62.70000,16.20000,18.20000,0.93642,405.68494
2025-06-25 13:30:11+07:00,30.00000,64.20000,17.80000,20.00000,0.98710,405.67426
2025-06-25 13:31:00+07:00,29.90000,64.00000,28.80000,32.20000,0.92407,405.65292
2025-06-25 13:31:49+07:00,29.90000,63.60000,46.00000,51.60000,0.94389,405.92429
2025-06-25 13:32:39+07:00,29.90000,63.30000,23.70000,26.60000,0.97167,405.91321
2025-06-25 13:33:28+07:00,30.00000,62.40000,21.70000,24.70000,0.86894,405.59991
2025-06-25 13:34:17+07:00,30.00000,61.80000,22.20000,24.90000,0.92900,405.89117
2025-06-25 13:35:07+07:00,30.00000,61.60000,35.10000,39.80000,0.95896,405.84723
2025-06-25 13:35:56+07:00,30.00000,62.20000,15.00000,17.10000,0.99749,405.78186
2025-06-25 13:36:45+07:00,30.00000,61.40000,36.60000,41.70000,0.98194,405.64230
2025-06-25 13:37:35+07:00,30.10000,62.00000,26.90000,31.20000,0.89258,405.48468
2025-06-25 13:38:24+07:00,30.10000,62.10000,16.00000,19.40000,1.11478,406.11487
2025-06-25 13:39:14+07:00,30.10000,61.90000,16.10000,21.20000,0.94139,405.95755
2025-06-25 13:40:03+07:00,30.10000,61.90000,15.80000,18.80000,0.88543,405.61047
2025-06-25 13:40:52+07:00,30.10000,63.40000,17.70000,20.60000,0.85268,405.49509
2025-06-25 13:41:42+07:00,30.10000,62.80000,16.70000,23.70000,0.80314,405.43298
2025-06-25 13:42:32+07:00,30.10000,63.20000,17.60000,20.80000,0.89019,405.42267
2025-06-25 13:43:21+07:00,30.20000,63.00000,17.60000,21.50000,0.89737,405.64230
2025-06-25 13:44:11+07:00,30.20000,63.40000,15.80000,18.50000,0.83667,405.59991
2025-06-25 13:45:00+07:00,30.20000,62.40000,18.90000,23.00000,0.94139,405.71710
2025-06-25 13:45:49+07:00,30.10000,62.50000,17.60000,21.60000,0.88781,405.70636
2025-06-25 13:46:38+07:00,30.10000,63.40000,19.10000,21.60000,0.85499,405.67426
2025-06-25 13:47:28+07:00,30.10000,63.70000,38.40000,43.90000,0.90701,405.66357
2025-06-25 13:48:20+07:00,30.10000,64.60000,28.50000,34.10000,0.85268,405.50549
2025-06-25 13:49:10+07:00,30.20000,65.60000,21.10000,25.40000,0.86194,405.65292
2025-06-25 13:49:59+07:00,30.30000,66.80000,20.50000,23.40000,0.94889,405.52637
2025-06-25 13:50:49+07:00,30.30000,65.60000,21.80000,26.10000,0.92162,405.72784
2025-06-25 13:51:41+07:00,30.20000,65.60000,31.50000,35.40000,0.90218,405.54730
2025-06-25 13:52:31+07:00,30.20000,64.70000,29.00000,34.40000,0.98969,406.02457
2025-06-25 13:53:20+07:00,30.20000,64.70000,31.30000,35.00000,0.84122,405.48468
2025-06-25 13:54:10+07:00,30.10000,64.40000,38.30000,43.00000,0.91917,405.41238
2025-06-25 13:54:59+07:00,30.10000,65.20000,28.00000,31.50000,0.91429,405.86917
2025-06-25 13:55:49+07:00,30.10000,64.50000,41.80000,46.90000,0.89497,405.70636
2025-06-25 13:56:39+07:00,30.20000,65.00000,26.90000,31.80000,0.83213,405.79272
2025-06-25 13:57:28+07:00,30.20000,64.70000,41.10000,47.40000,0.89497,405.44330
2025-06-25 13:58:17+07:00,30.20000,64.50000,24.30000,28.80000,0.87833,405.57883
2025-06-25 13:59:07+07:00,30.20000,65.60000,20.80000,25.60000,0.81198,405.59991
2025-06-25 13:59:57+07:00,30.20000,66.80000,20.20000,25.70000,0.88543,405.70636
2025-06-25 14:00:46+07:00,30.20000,64.50000,28.70000,32.20000,0.88781,405.59991
2025-06-25 14:01:36+07:00,30.00000,64.30000,25.70000,29.10000,0.89019,405.29028
2025-06-25 14:02:25+07:00,30.00000,64.80000,42.30000,47.40000,0.86194,405.95755
2025-06-25 14:03:15+07:00,30.00000,64.90000,20.00000,22.60000,0.92653,405.52637
2025-06-25 14:04:04+07:00,30.00000,65.90000,21.20000,25.50000,0.88070,405.78186
2025-06-25 14:04:53+07:00,30.00000,65.60000,24.20000,30.90000,0.88781,405.68494
2025-06-25 14:05:43+07:00,29.90000,66.10000,30.80000,37.80000,0.91429,405.35104
2025-06-25 14:06:32+07:00,29.90000,67.20000,23.00000,27.70000,0.88781,405.49509
2025-06-25 14:07:21+07:00,29.90000,67.20000,23.90000,27.10000,0.85730,405.64230
2025-06-25 14:08:11+07:00,29.90000,66.70000,28.50000,33.40000,0.82988,405.45361
2025-06-25 14:09:00+07:00,29.90000,67.00000,25.70000,30.50000,0.88781,405.63165
2025-06-25 14:09:50+07:00,30.00000,67.40000,25.80000,32.50000,0.87363,405.63165
2025-06-25 14:10:39+07:00,30.00000,67.60000,27.80000,32.10000,0.84808,405.30035
2025-06-25 14:11:28+07:00,30.00000,67.70000,25.60000,28.80000,0.88781,405.31049
2025-06-25 14:12:18+07:00,30.00000,67.80000,27.50000,33.20000,0.89737,405.59991
2025-06-25 14:13:07+07:00,30.00000,66.40000,40.40000,47.80000,0.84350,405.52637
2025-06-25 14:13:57+07:00,30.00000,66.60000,21.70000,26.90000,0.82762,405.29028
2025-06-25 14:14:46+07:00,30.00000,67.50000,23.90000,28.20000,0.89019,405.50549
2025-06-25 14:15:35+07:00,30.00000,67.20000,23.80000,27.60000,0.82988,405.64230
2025-06-25 14:16:25+07:00,30.00000,67.10000,25.60000,29.20000,0.83667,405.45361
2025-06-25 14:17:14+07:00,30.00000,67.00000,35.90000,42.40000,0.83213,405.80359
2025-06-25 14:18:04+07:00,29.90000,67.50000,24.40000,32.00000,0.77069,405.37143
2025-06-25 14:18:53+07:00,29.90000,67.20000,33.40000,37.50000,0.90218,405.51593
2025-06-25 14:19:42+07:00,29.80000,67.60000,48.30000,54.60000,0.85038,405.62106
2025-06-25 14:20:32+07:00,29.90000,68.10000,30.90000,37.70000,0.85499,405.58936
2025-06-25 14:21:21+07:00,30.00000,67.30000,41.30000,47.70000,0.90459,405.77103
2025-06-25 14:22:11+07:00,30.00000,67.60000,30.70000,35.90000,0.85499,405.52637
2025-06-25 14:23:00+07:00,29.90000,67.60000,44.70000,51.60000,0.82089,405.97983
2025-06-25 14:23:50+07:00,29.90000,67.50000,25.10000,29.80000,0.89737,405.74942
2025-06-25 14:24:39+07:00,29.80000,67.40000,31.90000,37.20000,0.90701,405.97983
2025-06-25 14:25:28+07:00,29.80000,66.60000,28.10000,33.80000,0.92162,405.33072
2025-06-25 14:26:20+07:00,29.70000,66.90000,29.30000,34.00000,0.84122,406.14902
2025-06-25 14:27:10+07:00,29.70000,67.00000,30.30000,35.30000,0.86660,405.68494
2025-06-25 14:28:01+07:00,29.70000,67.10000,24.70000,28.20000,0.90218,405.45361
2025-06-25 14:28:50+07:00,29.70000,66.60000,25.60000,29.30000,0.90701,405.76022
2025-06-25 14:29:39+07:00,29.70000,67.20000,22.60000,30.00000,0.83894,405.55777
2025-06-25 14:30:29+07:00,29.60000,67.10000,30.30000,34.00000,0.89737,406.13760
2025-06-25 14:31:18+07:00,29.60000,68.20000,27.60000,32.10000,0.87128,405.44330
2025-06-25 14:32:08+07:00,29.60000,67.80000,32.20000,36.30000,0.78139,405.72784
2025-06-25 14:32:57+07:00,29.70000,67.30000,39.80000,48.00000,0.84808,405.68494
2025-06-25 14:33:47+07:00,29.60000,67.60000,31.40000,35.30000,0.87363,405.65292
2025-06-25 14:34:37+07:00,29.60000,67.10000,36.80000,41.20000,0.86427,405.67426
2025-06-25 14:35:26+07:00,29.70000,67.10000,39.40000,44.40000,0.85268,405.78186
2025-06-25 14:36:16+07:00,29.70000,67.40000,25.20000,29.70000,0.97167,405.79272
2025-06-25 14:37:05+07:00,29.80000,67.30000,23.00000,26.30000,0.89737,405.36124
2025-06-25 14:37:55+07:00,29.80000,67.90000,27.90000,34.20000,0.88306,405.99097
2025-06-25 14:38:45+07:00,29.80000,68.10000,39.30000,45.10000,0.90459,405.34088
2025-06-25 14:39:35+07:00,29.80000,68.40000,30.40000,35.90000,0.80314,405.34088
2025-06-25 14:40:27+07:00,29.80000,68.70000,34.70000,41.80000,0.78570,405.12115
2025-06-25 14:42:12+07:00,29.80000,68.70000,25.40000,30.00000,0.81642,405.38165
2025-06-25 14:43:02+07:00,29.80000,68.50000,24.80000,27.80000,0.83440,405.57883
2025-06-25 14:43:58+07:00,29.90000,68.20000,37.40000,46.60000,0.81420,405.19025
2025-06-25 14:44:52+07:00,29.80000,68.60000,41.50000,55.20000,0.81865,405.89117
2025-06-25 14:45:41+07:00,29.80000,69.00000,50.30000,70.00000,0.91186,406.08087
2025-06-25 14:46:31+07:00,29.70000,69.50000,54.80000,77.00000,0.92653,406.18332
2025-06-25 14:47:26+07:00,29.70000,69.80000,57.60000,73.20000,0.83894,405.65292
2025-06-25 14:48:18+07:00,29.70000,70.00000,59.40000,78.80000,0.81865,405.81448
2025-06-25 14:49:12+07:00,29.60000,70.20000,57.80000,79.70000,0.83667,405.76022
2025-06-25 14:50:05+07:00,29.60000,70.30000,57.90000,78.50000,0.85962,405.70636
2025-06-25 14:50:58+07:00,29.60000,70.60000,57.40000,77.00000,0.93394,405.68494
2025-06-25 14:51:49+07:00,29.50000,70.70000,59.00000,79.80000,0.89258,405.80359
2025-06-25 14:52:39+07:00,29.50000,70.90000,58.10000,75.10000,0.86894,405.67426
2025-06-25 14:53:28+07:00,29.50000,70.90000,57.70000,72.50000,0.83440,405.73862
2025-06-25 14:54:18+07:00,29.60000,71.00000,58.90000,82.10000,0.79221,405.56830
2025-06-25 14:55:07+07:00,29.60000,70.90000,58.40000,77.90000,0.81865,405.68494
2025-06-25 14:56:01+07:00,29.50000,71.00000,56.20000,69.30000,0.87598,406.74188
2025-06-25 14:56:57+07:00,29.50000,70.80000,51.90000,70.00000,0.99229,406.05829
2025-06-25 14:57:47+07:00,29.40000,71.00000,52.60000,71.30000,0.91673,406.22931
2025-06-25 14:58:36+07:00,29.30000,71.30000,58.00000,76.80000,0.98452,405.97983
2025-06-25 14:59:26+07:00,29.20000,71.20000,56.70000,75.60000,0.89737,405.93536
2025-06-25 15:00:16+07:00,29.20000,71.60000,58.00000,75.50000,0.96149,406.10352
2025-06-25 15:01:09+07:00,29.10000,71.80000,58.40000,78.80000,0.91917,406.28720
2025-06-25 15:01:58+07:00,29.10000,72.00000,59.80000,79.50000,0.94889,406.22931
2025-06-25 15:02:52+07:00,29.20000,71.80000,60.80000,77.40000,0.87598,406.36899
2025-06-25 15:03:42+07:00,29.20000,71.80000,59.50000,83.60000,0.99749,406.40430
2025-06-25 15:04:32+07:00,29.20000,71.70000,61.60000,80.40000,1.03455,406.52322
2025-06-25 15:05:29+07:00,29.20000,71.90000,65.00000,84.20000,0.99229,406.33383
2025-06-25 15:06:24+07:00,29.30000,72.00000,60.70000,83.00000,1.08658,406.28720
2025-06-25 15:08:09+07:00,29.20000,72.30000,57.50000,73.10000,0.94389,406.18332
2025-06-25 15:08:59+07:00,29.20000,72.70000,60.70000,77.30000,0.92653,406.35724
2025-06-25 15:09:48+07:00,29.20000,73.20000,58.30000,75.80000,0.98452,406.31049
2025-06-25 15:10:37+07:00,29.20000,73.00000,57.80000,76.50000,0.93146,406.42795
2025-06-25 15:11:28+07:00,29.20000,73.60000,59.30000,74.20000,0.96403,406.38074
2025-06-25 15:12:18+07:00,29.10000,73.10000,59.20000,76.00000,0.96657,406.29883
2025-06-25 15:13:07+07:00,29.10000,73.40000,58.10000,76.50000,0.98194,406.38074
2025-06-25 15:13:57+07:00,29.00000,73.10000,55.80000,70.10000,0.84579,406.10352
2025-06-25 15:14:47+07:00,29.00000,73.30000,56.60000,70.50000,1.00534,406.28720
2025-06-25 15:15:36+07:00,28.80000,73.30000,58.50000,77.10000,0.97423,406.05829
2025-06-25 15:16:26+07:00,28.90000,73.80000,57.00000,74.00000,1.01060,406.26398
2025-06-25 15:17:15+07:00,28.80000,74.20000,56.50000,75.10000,0.96403,406.36899
2025-06-25 15:18:05+07:00,28.60000,75.90000,57.10000,77.80000,0.97679,405.97983
2025-06-25 15:18:54+07:00,28.10000,78.30000,60.80000,84.30000,0.84122,405.67426
2025-06-25 15:19:47+07:00,27.70000,80.30000,58.40000,89.60000,0.91673,405.33072
2025-06-25 15:20:36+07:00,27.30000,80.90000,48.10000,66.80000,0.84579,405.50549
2025-06-25 15:21:29+07:00,27.10000,79.50000,49.10000,67.00000,0.79439,405.16055
2025-06-25 15:22:18+07:00,27.00000,80.30000,50.50000,77.10000,0.81420,405.39188
2025-06-25 15:23:08+07:00,27.10000,80.80000,47.60000,68.30000,0.78570,405.25009
2025-06-25 15:23:57+07:00,27.10000,78.60000,34.50000,46.20000,0.82313,405.32059
2025-06-25 15:24:47+07:00,26.90000,76.30000,35.90000,51.90000,0.82537,405.40213
2025-06-25 15:25:36+07:00,26.70000,77.10000,36.00000,49.80000,0.79657,404.93738
2025-06-25 15:26:25+07:00,26.60000,78.00000,39.60000,54.50000,0.70488,404.88992
2025-06-25 15:27:15+07:00,26.40000,79.20000,41.90000,55.90000,0.76432,404.94693
2025-06-25 15:28:04+07:00,26.40000,79.40000,39.70000,51.40000,0.74547,404.97562
2025-06-25 15:28:54+07:00,26.40000,78.00000,40.50000,56.80000,0.75171,405.17044
2025-06-25 15:29:43+07:00,26.10000,79.20000,36.90000,51.20000,0.80976,404.85223
2025-06-25 15:30:32+07:00,26.10000,78.10000,33.70000,46.80000,0.81420,405.33072
2025-06-25 15:31:22+07:00,26.10000,78.30000,32.50000,45.00000,0.83894,405.04312
2025-06-25 15:32:11+07:00,26.00000,77.60000,31.50000,45.00000,0.85268,405.17044
2025-06-25 15:33:00+07:00,25.80000,78.00000,32.90000,42.50000,0.89019,405.67426
2025-06-25 15:33:50+07:00,25.60000,79.00000,27.40000,35.80000,0.80095,405.45361
2025-06-25 15:34:39+07:00,25.50000,78.90000,29.20000,38.60000,0.89019,405.53680
2025-06-25 15:35:29+07:00,25.50000,79.60000,31.10000,41.10000,0.91186,405.46396
2025-06-25 15:36:18+07:00,25.50000,80.40000,33.30000,42.30000,0.83440,405.48468
2025-06-25 15:37:08+07:00,25.60000,80.70000,27.60000,33.60000,0.92653,405.66357
2025-06-25 15:37:57+07:00,25.50000,79.50000,24.80000,33.40000,0.96657,405.65292
2025-06-25 15:38:46+07:00,25.40000,79.60000,24.40000,31.60000,0.93146,405.40213
2025-06-25 15:39:36+07:00,25.40000,79.10000,18.80000,24.60000,0.98452,405.80359
2025-06-25 15:40:25+07:00,25.30000,79.40000,21.90000,27.40000,0.88306,405.42267
2025-06-25 15:41:14+07:00,25.30000,79.40000,18.80000,24.20000,0.86427,405.70636
2025-06-25 15:42:04+07:00,25.50000,79.70000,15.70000,21.60000,0.92900,405.74942
2025-06-25 15:42:53+07:00,25.60000,77.50000,14.90000,21.70000,0.94889,405.61047
2025-06-25 15:43:42+07:00,25.60000,77.20000,17.00000,21.80000,0.91917,405.95755
2025-06-25 15:44:32+07:00,25.80000,77.20000,23.50000,27.70000,0.93394,405.61047
2025-06-25 15:45:21+07:00,25.90000,75.90000,16.80000,21.30000,0.90701,405.69565
2025-06-25 15:46:11+07:00,26.10000,76.00000,16.70000,24.00000,0.95140,405.55777
2025-06-25 15:47:01+07:00,26.00000,76.30000,15.10000,19.90000,0.94889,405.56830
2025-06-25 15:47:50+07:00,26.10000,75.60000,16.50000,20.50000,0.86660,405.58936
2025-06-25 15:48:40+07:00,26.00000,75.60000,13.30000,16.30000,0.88306,405.61047
2025-06-25 15:49:29+07:00,26.00000,75.80000,17.50000,22.10000,0.99489,405.71710
2025-06-25 15:50:20+07:00,26.00000,75.50000,16.20000,20.40000,0.91673,405.65292
2025-06-25 15:51:09+07:00,26.10000,75.80000,16.30000,21.10000,0.90459,405.59991
2025-06-25 15:51:58+07:00,26.20000,75.90000,16.80000,22.60000,0.94389,405.55777
2025-06-25 15:52:48+07:00,26.20000,75.80000,20.70000,26.70000,0.92900,405.58936
2025-06-25 15:53:37+07:00,26.20000,76.10000,18.10000,24.30000,0.95644,406.01334
2025-06-25 15:54:27+07:00,26.30000,75.90000,22.00000,27.50000,0.90943,405.66357
2025-06-25 15:55:16+07:00,26.30000,76.00000,23.00000,27.80000,0.96403,405.68494
2025-06-25 15:56:08+07:00,26.40000,76.10000,19.00000,25.80000,0.92653,405.79272
2025-06-25 15:57:49+07:00,26.40000,76.50000,22.40000,28.50000,0.97423,405.82538
2025-06-25 15:58:41+07:00,26.50000,77.20000,26.70000,31.90000,0.92407,405.61047
2025-06-25 15:59:30+07:00,26.60000,77.40000,25.50000,31.90000,0.95140,405.61047
2025-06-25 16:00:19+07:00,26.60000,77.80000,25.50000,32.10000,0.89737,405.76022
2025-06-25 16:01:13+07:00,26.70000,77.80000,26.70000,36.10000,0.92653,405.61047
2025-06-25 16:02:07+07:00,26.80000,77.80000,27.60000,35.50000,0.96403,405.68494
2025-06-25 16:02:57+07:00,26.70000,77.70000,28.30000,36.60000,0.91673,405.69565
2025-06-25 16:03:51+07:00,26.70000,78.00000,29.00000,37.80000,0.96912,405.78186
2025-06-25 16:04:46+07:00,26.70000,78.00000,27.60000,34.90000,0.91186,405.95755
2025-06-25 16:05:36+07:00,26.70000,78.50000,30.20000,38.60000,0.94389,405.66357
2025-06-25 16:06:25+07:00,26.70000,78.60000,26.60000,34.90000,0.98452,405.70636
2025-06-25 16:07:17+07:00,26.80000,78.30000,24.70000,31.10000,0.90701,405.51593
2025-06-25 16:08:07+07:00,26.70000,78.30000,24.20000,32.00000,0.88543,405.70636
2025-06-25 16:08:57+07:00,26.80000,78.10000,24.30000,32.20000,0.90701,405.68494
2025-06-25 16:09:46+07:00,26.90000,77.80000,28.80000,37.90000,0.93394,405.93536
2025-06-25 16:10:36+07:00,26.90000,78.10000,46.40000,58.50000,0.94389,405.97983
2025-06-25 16:11:29+07:00,26.90000,78.20000,51.20000,64.60000,0.85038,405.88016
2025-06-25 16:13:12+07:00,26.90000,78.30000,28.90000,40.10000,0.98452,406.53522
2025-06-25 16:14:04+07:00,26.90000,78.60000,30.60000,42.60000,1.06442,406.84100
2025-06-25 16:14:54+07:00,26.80000,79.20000,59.00000,72.10000,1.12336,406.99194
2025-06-25 16:15:44+07:00,26.90000,79.00000,36.50000,47.90000,1.06993,407.34174
2025-06-25 16:16:36+07:00,26.90000,78.90000,37.50000,49.40000,1.13198,407.54227
2025-06-25 16:17:25+07:00,27.00000,79.10000,44.30000,58.60000,1.15818,407.39478
2025-06-25 16:18:19+07:00,27.00000,78.90000,34.40000,45.80000,1.10343,407.23660
2025-06-25 16:19:09+07:00,27.00000,79.20000,37.40000,48.20000,1.14066,407.10696
2025-06-25 16:20:06+07:00,27.00000,79.40000,34.10000,42.90000,1.14066,407.14563
2025-06-25 16:20:56+07:00,27.00000,79.70000,34.40000,41.50000,1.20898,407.32852
2025-06-25 16:21:45+07:00,26.90000,79.70000,34.50000,44.80000,1.15818,407.10696
2025-06-25 16:22:38+07:00,26.80000,80.10000,35.70000,47.60000,1.19687,407.18451
2025-06-25 16:23:28+07:00,26.80000,80.20000,35.50000,48.60000,1.16406,406.84100
2025-06-25 16:24:24+07:00,26.80000,80.60000,37.10000,49.80000,1.17591,406.87848
2025-06-25 16:25:21+07:00,26.70000,80.60000,41.90000,52.90000,1.11478,406.75421
2025-06-25 16:26:16+07:00,26.80000,81.00000,54.50000,67.60000,1.16112,406.72958
2025-06-25 16:27:13+07:00,26.80000,81.10000,40.20000,52.10000,1.12049,406.57129
2025-06-25 16:28:03+07:00,26.90000,80.90000,38.90000,49.10000,1.10909,406.61966
2025-06-25 16:28:52+07:00,26.90000,80.80000,39.10000,49.80000,1.14939,406.57129
2025-06-25 16:29:42+07:00,26.90000,80.90000,41.80000,52.80000,1.18187,406.61966
2025-06-25 16:30:31+07:00,26.90000,81.20000,40.70000,53.70000,1.12336,406.53522
2025-06-25 16:31:21+07:00,27.00000,81.10000,39.40000,50.50000,1.07823,406.47543
2025-06-25 16:32:10+07:00,27.10000,80.90000,39.60000,51.50000,1.15524,406.53522
2025-06-25 16:33:00+07:00,27.10000,80.30000,35.40000,46.00000,1.16702,406.36899
2025-06-25 16:33:49+07:00,27.00000,80.40000,38.60000,49.40000,1.08658,406.38074
2025-06-25 16:35:33+07:00,26.90000,80.90000,36.00000,46.60000,1.02652,406.36899
2025-06-25 16:36:27+07:00,26.90000,80.90000,35.40000,43.50000,1.15818,406.20627
2025-06-25 16:37:19+07:00,26.90000,80.60000,35.30000,44.10000,1.02919,406.33383
2025-06-25 16:38:08+07:00,27.00000,80.40000,39.20000,48.10000,1.03993,406.35724
2025-06-25 16:38:58+07:00,27.00000,80.40000,36.30000,46.20000,1.02385,406.16043
2025-06-25 16:39:47+07:00,26.90000,80.90000,36.20000,44.10000,1.03993,405.93536
2025-06-25 16:40:36+07:00,26.90000,81.40000,39.10000,47.20000,1.00534,405.90219
2025-06-25 16:41:26+07:00,27.00000,81.30000,35.40000,44.30000,1.01854,406.12622
2025-06-25 16:42:16+07:00,26.90000,81.10000,38.90000,48.60000,1.03724,406.39252
2025-06-25 16:43:05+07:00,26.90000,80.90000,43.10000,53.20000,1.02919,406.04703
2025-06-25 16:43:54+07:00,26.90000,80.50000,40.80000,54.50000,1.09498,405.97983
2025-06-25 16:44:44+07:00,26.80000,80.60000,47.20000,57.10000,1.02919,406.14902
2025-06-25 16:45:33+07:00,26.90000,80.20000,45.20000,56.60000,1.04804,405.84723
2025-06-25 16:46:22+07:00,26.90000,80.60000,44.30000,55.30000,1.04804,405.96866
2025-06-25 16:47:12+07:00,26.90000,79.90000,34.80000,46.30000,1.01324,406.14902
2025-06-25 16:48:01+07:00,26.90000,80.00000,46.10000,56.60000,0.99489,406.34552
2025-06-25 16:48:50+07:00,26.90000,79.70000,34.70000,43.40000,1.00797,405.96866
2025-06-25 16:49:42+07:00,26.90000,79.80000,33.30000,42.00000,0.99489,406.04703
2025-06-25 16:50:35+07:00,26.90000,79.40000,35.50000,44.40000,1.01589,406.02457
2025-06-25 16:51:24+07:00,26.90000,79.40000,32.80000,44.60000,1.04804,406.31049
2025-06-25 16:52:13+07:00,27.00000,79.30000,37.50000,49.80000,0.98194,406.13760
2025-06-25 16:53:03+07:00,27.00000,78.80000,37.30000,47.60000,1.01589,406.20627
2025-06-25 16:53:53+07:00,27.00000,78.90000,34.30000,44.80000,1.01854,406.22931
2025-06-25 16:54:42+07:00,27.00000,78.80000,34.10000,43.30000,0.97423,406.26398
2025-06-25 16:55:32+07:00,27.00000,79.00000,34.90000,42.50000,1.03187,406.27557
2025-06-25 16:56:24+07:00,27.10000,78.90000,34.20000,44.90000,0.95644,405.95755
2025-06-25 16:57:13+07:00,27.00000,78.80000,33.70000,42.80000,0.96149,405.94644
2025-06-25 16:58:06+07:00,27.00000,78.70000,42.50000,53.10000,0.97679,406.21777
2025-06-25 16:58:55+07:00,27.00000,78.80000,36.20000,46.60000,1.02652,405.80359
2025-06-25 16:59:45+07:00,27.00000,79.00000,38.20000,48.80000,0.98969,405.93536
2025-06-25 17:00:40+07:00,27.10000,78.80000,37.80000,46.10000,0.97679,406.06958
2025-06-25 17:01:33+07:00,27.10000,78.40000,35.60000,48.40000,0.96912,406.12622
2025-06-25 17:02:22+07:00,27.20000,78.70000,37.00000,47.20000,0.97423,405.69565
2025-06-25 17:03:11+07:00,27.20000,78.30000,37.70000,47.30000,0.97679,405.89117
2025-06-25 17:04:01+07:00,27.10000,78.20000,34.90000,44.40000,0.97936,405.81448
2025-06-25 17:04:53+07:00,27.20000,78.70000,35.80000,45.90000,1.02652,406.10352
2025-06-25 17:05:42+07:00,27.10000,78.50000,35.20000,46.00000,0.99229,406.25241
2025-06-25 17:06:31+07:00,27.10000,78.70000,36.60000,47.60000,0.90459,406.13760
2025-06-25 17:07:21+07:00,27.00000,78.80000,39.00000,47.40000,1.00010,406.09216
2025-06-25 17:08:10+07:00,27.00000,79.40000,36.20000,45.50000,1.01854,406.35724
2025-06-25 17:08:59+07:00,27.00000,79.60000,33.70000,45.40000,1.04263,406.36899
2025-06-25 17:09:49+07:00,27.00000,78.80000,32.30000,40.70000,1.01589,406.36899
2025-06-25 17:10:41+07:00,27.10000,77.90000,35.10000,43.90000,1.02919,406.13760
2025-06-25 17:11:30+07:00,27.10000,77.80000,36.80000,43.50000,1.06168,406.52322
2025-06-25 17:12:20+07:00,27.00000,78.40000,32.60000,39.20000,0.98194,406.10352
2025-06-25 17:13:09+07:00,27.00000,77.80000,29.80000,36.10000,0.98194,406.32214
2025-06-25 17:13:59+07:00,27.00000,78.20000,28.30000,33.90000,0.97167,405.88016
2025-06-25 17:14:51+07:00,27.00000,78.40000,30.80000,39.80000,0.98710,406.26398
2025-06-25 17:15:41+07:00,26.90000,78.40000,31.00000,41.60000,0.96912,406.09216
2025-06-25 17:16:30+07:00,26.90000,78.60000,31.80000,40.00000,1.00797,405.80359
2025-06-25 17:17:19+07:00,27.00000,78.40000,30.80000,37.80000,0.96657,405.69565
2025-06-25 17:18:09+07:00,27.00000,77.90000,31.30000,38.30000,1.01854,405.93536
2025-06-25 17:18:59+07:00,27.00000,77.90000,30.40000,38.20000,0.96403,405.78186
2025-06-25 17:19:48+07:00,27.00000,78.00000,30.50000,39.20000,0.94889,405.86917
2025-06-25 17:20:39+07:00,27.00000,77.60000,30.20000,35.40000,0.89258,405.96866
2025-06-25 17:21:28+07:00,27.10000,77.50000,30.10000,37.80000,0.96657,405.93536
2025-06-25 17:22:18+07:00,27.10000,77.90000,30.30000,38.50000,1.03724,405.81448
2025-06-25 17:23:10+07:00,27.20000,77.70000,31.60000,41.40000,0.91186,405.77103
2025-06-25 17:24:02+07:00,27.20000,77.60000,33.10000,43.10000,0.94139,405.65292
2025-06-25 17:24:52+07:00,27.10000,77.70000,32.80000,41.80000,0.98194,405.76022
2025-06-25 17:25:45+07:00,27.10000,78.00000,33.60000,43.00000,0.95392,405.80359
2025-06-25 17:27:35+07:00,27.30000,77.50000,32.40000,41.10000,0.95140,405.93536
2025-06-25 17:28:25+07:00,27.20000,77.30000,31.60000,41.70000,1.06168,405.83630
2025-06-25 17:29:14+07:00,27.20000,77.10000,27.30000,35.80000,0.97423,405.97983
2025-06-25 17:30:05+07:00,27.20000,76.30000,26.30000,33.60000,0.94889,405.90219
2025-06-25 17:30:57+07:00,27.10000,76.40000,24.70000,29.60000,0.96657,405.83630
2025-06-25 17:31:46+07:00,27.10000,76.30000,29.30000,36.70000,0.97423,405.85818
2025-06-25 17:32:36+07:00,27.10000,76.60000,24.90000,32.00000,0.96912,405.70636
2025-06-25 17:33:31+07:00,27.10000,76.40000,26.70000,34.00000,0.97936,405.88016
2025-06-25 17:34:21+07:00,27.00000,76.60000,26.60000,36.60000,0.94889,405.82538
2025-06-25 17:35:11+07:00,27.10000,76.50000,25.90000,33.20000,0.94639,405.72784
2025-06-25 17:36:54+07:00,27.00000,76.80000,26.20000,36.20000,0.96149,405.80359
2025-06-25 17:38:41+07:00,27.00000,77.30000,26.90000,34.60000,0.95392,405.82538
2025-06-25 17:39:36+07:00,27.00000,77.10000,28.30000,35.70000,0.95644,405.88016
2025-06-25 17:40:28+07:00,27.00000,77.40000,28.90000,36.90000,1.00010,405.90219
2025-06-25 17:41:21+07:00,27.00000,77.80000,28.70000,36.30000,1.07269,405.88016
2025-06-25 17:42:14+07:00,27.00000,78.10000,27.30000,35.60000,0.99489,406.16043
2025-06-25 17:43:11+07:00,27.00000,78.10000,30.40000,40.30000,0.97679,405.94644
2025-06-25 17:44:08+07:00,27.00000,78.00000,27.00000,33.10000,0.98969,406.22931
2025-06-25 17:45:00+07:00,27.00000,77.90000,26.10000,34.30000,0.99229,405.93536
2025-06-25 17:45:49+07:00,27.00000,77.50000,25.00000,32.00000,1.02919,405.90219
2025-06-25 17:46:43+07:00,27.00000,77.50000,25.50000,31.50000,0.94139,405.97983
2025-06-25 17:47:35+07:00,27.00000,77.80000,26.10000,33.20000,0.98710,406.04703
2025-06-25 17:48:25+07:00,27.00000,78.50000,29.80000,37.10000,1.01324,405.97983
2025-06-25 17:49:14+07:00,27.00000,78.60000,27.90000,40.10000,0.95140,405.86917
2025-06-25 17:50:06+07:00,26.90000,78.70000,28.30000,37.30000,1.01854,405.91321
2025-06-25 17:50:59+07:00,26.90000,78.70000,28.80000,37.60000,1.02919,406.29883
2025-06-25 17:51:48+07:00,27.00000,78.80000,29.90000,39.70000,0.95392,406.09216
2025-06-25 17:52:37+07:00,26.90000,78.80000,28.80000,36.50000,0.99749,405.95755
2025-06-25 17:53:27+07:00,27.00000,78.70000,30.40000,40.80000,0.97679,406.33383
2025-06-25 17:54:16+07:00,27.00000,78.40000,31.30000,43.80000,1.05621,406.29883
2025-06-25 17:55:06+07:00,27.00000,78.30000,37.40000,52.80000,0.99229,406.13760
2025-06-25 17:55:55+07:00,27.00000,78.20000,36.30000,52.20000,0.98452,406.17187
2025-06-25 17:56:48+07:00,27.00000,78.40000,37.50000,52.80000,0.97679,406.31049
2025-06-25 17:57:38+07:00,27.00000,78.40000,37.40000,51.50000,1.00272,406.05829
2025-06-25 17:58:27+07:00,27.10000,78.80000,35.40000,49.80000,0.98710,406.41611
2025-06-25 17:59:16+07:00,27.00000,78.80000,34.40000,47.60000,1.04533,406.28720
2025-06-25 18:00:06+07:00,27.00000,79.00000,32.50000,47.70000,1.02119,406.33383
2025-06-25 18:00:55+07:00,26.90000,78.90000,34.00000,49.40000,1.14939,406.55923
2025-06-25 18:01:44+07:00,26.90000,78.70000,33.10000,49.80000,0.98969,406.64395
2025-06-25 18:02:34+07:00,26.90000,78.80000,32.90000,45.90000,1.00797,406.76654
2025-06-25 18:03:23+07:00,27.00000,78.90000,33.40000,47.50000,0.97167,406.64395
2025-06-25 18:04:16+07:00,27.00000,78.80000,32.60000,46.50000,1.07823,406.60754
2025-06-25 18:05:08+07:00,26.90000,78.50000,31.90000,45.00000,1.08937,406.52322
2025-06-25 18:05:57+07:00,26.90000,78.60000,32.60000,45.50000,1.07269,406.66833
2025-06-25 18:06:46+07:00,26.90000,78.60000,31.50000,43.60000,1.07545,406.87848
2025-06-25 18:07:36+07:00,26.80000,78.70000,33.40000,49.20000,1.01324,406.01334
2025-06-25 18:08:25+07:00,26.70000,79.20000,32.40000,47.80000,1.14066,406.65613
2025-06-25 18:09:15+07:00,26.80000,79.20000,32.20000,46.50000,1.14939,406.74188
2025-06-25 18:10:04+07:00,26.80000,78.80000,32.10000,44.80000,1.15818,406.61966
2025-06-25 18:10:53+07:00,26.80000,78.60000,33.40000,47.50000,1.07823,406.81610
2025-06-25 18:11:43+07:00,26.80000,78.50000,33.10000,46.90000,1.12910,406.82855
2025-06-25 18:12:32+07:00,26.80000,78.50000,32.30000,46.00000,1.09217,406.59543
2025-06-25 18:13:21+07:00,26.90000,78.50000,33.80000,48.90000,1.05621,406.66833
2025-06-25 18:14:11+07:00,26.70000,79.00000,35.90000,48.70000,1.06993,406.54721
2025-06-25 18:15:00+07:00,26.70000,79.40000,35.40000,51.30000,1.12910,406.70502
2025-06-25 18:15:50+07:00,26.70000,79.50000,37.20000,54.30000,1.10626,406.81610
2025-06-25 18:16:39+07:00,26.60000,79.80000,36.20000,52.90000,1.14357,406.90356
2025-06-25 18:17:28+07:00,26.60000,80.10000,35.30000,54.10000,1.08937,406.61966
2025-06-25 18:18:18+07:00,26.60000,80.20000,34.80000,52.70000,1.19385,406.81610
2025-06-25 18:19:07+07:00,26.60000,79.80000,35.20000,56.10000,1.16406,407.23660
2025-06-25 18:19:56+07:00,26.70000,79.50000,35.20000,49.90000,1.10909,406.70502
2025-06-25 18:20:49+07:00,26.60000,79.70000,35.90000,53.10000,1.10626,406.87848
2025-06-25 18:21:38+07:00,26.60000,79.90000,34.70000,50.50000,1.12336,406.79129
2025-06-25 18:22:28+07:00,26.70000,80.00000,36.70000,54.60000,1.09217,406.59543
2025-06-25 18:23:18+07:00,26.70000,79.90000,34.90000,51.70000,1.15818,407.00464
2025-06-25 18:24:07+07:00,26.70000,80.00000,33.80000,47.10000,1.19085,406.63181
2025-06-25 18:24:56+07:00,26.70000,79.60000,35.80000,52.30000,1.13776,406.77890
2025-06-25 18:25:48+07:00,26.70000,79.60000,34.70000,52.90000,1.16702,407.04285
2025-06-25 18:26:38+07:00,26.60000,79.80000,35.70000,52.10000,1.16112,407.00464
2025-06-25 18:27:27+07:00,26.60000,79.70000,36.30000,55.70000,1.11478,406.89099
2025-06-25 18:28:16+07:00,26.60000,79.60000,36.20000,53.40000,1.16112,406.97925
2025-06-25 18:29:06+07:00,26.60000,79.70000,36.00000,54.20000,1.16406,407.09409
2025-06-25 18:29:55+07:00,26.60000,79.70000,36.60000,57.40000,1.14066,406.57129
2025-06-25 18:30:45+07:00,26.60000,79.90000,36.00000,52.60000,1.16997,406.66833
2025-06-25 18:31:34+07:00,26.60000,80.20000,36.20000,53.30000,1.13487,406.52322
2025-06-25 18:32:31+07:00,26.60000,80.20000,36.70000,54.30000,1.12910,406.91614
2025-06-25 18:33:20+07:00,26.60000,80.10000,36.50000,53.80000,1.16702,406.85345
2025-06-25 18:34:09+07:00,26.60000,80.30000,37.30000,53.80000,1.16702,406.60754
2025-06-25 18:34:59+07:00,26.60000,80.40000,37.60000,57.10000,1.15818,406.41611
2025-06-25 18:35:51+07:00,26.60000,80.50000,36.90000,54.50000,1.17888,406.60754
2025-06-25 18:36:41+07:00,26.60000,80.40000,35.90000,52.70000,1.12336,406.65613
2025-06-25 18:37:30+07:00,26.60000,80.50000,37.00000,54.80000,1.06993,406.68054
2025-06-25 18:38:20+07:00,26.50000,80.80000,38.70000,55.40000,1.13487,406.64395
2025-06-25 18:39:12+07:00,26.50000,80.90000,39.90000,58.30000,1.13776,406.60754
2025-06-25 18:40:04+07:00,26.50000,80.80000,37.50000,53.50000,1.14066,406.72958
2025-06-25 18:40:54+07:00,26.60000,80.80000,36.70000,55.20000,1.15232,406.65613
2025-06-25 18:41:43+07:00,26.60000,80.70000,36.80000,53.40000,1.16406,406.65613
2025-06-25 18:42:36+07:00,26.60000,80.80000,37.40000,57.60000,1.16702,406.76654
2025-06-25 18:43:26+07:00,26.50000,80.50000,36.90000,49.40000,1.10909,406.63181
2025-06-25 18:44:15+07:00,26.50000,80.30000,35.50000,49.90000,1.19085,406.79129
2025-06-25 18:45:04+07:00,26.50000,80.20000,37.00000,54.40000,1.12049,406.57129
2025-06-25 18:48:41+07:00,26.50000,80.50000,39.20000,55.20000,1.13776,406.71729
2025-06-25 18:49:34+07:00,26.50000,80.60000,40.30000,61.70000,1.26468,406.72958
2025-06-25 18:50:24+07:00,26.60000,80.50000,40.30000,59.80000,1.16702,406.65613
2025-06-25 18:51:13+07:00,26.60000,80.60000,38.80000,56.30000,1.08100,406.85345
2025-06-25 18:52:03+07:00,26.60000,80.60000,38.90000,54.50000,1.11478,406.81610
2025-06-25 18:52:53+07:00,26.50000,80.60000,37.20000,51.00000,1.19385,406.82855
2025-06-25 18:53:45+07:00,26.50000,80.40000,36.10000,51.70000,1.15524,406.61966
2025-06-25 18:54:34+07:00,26.50000,80.10000,36.70000,49.20000,1.12623,406.72958
2025-06-25 18:55:24+07:00,26.50000,80.10000,37.20000,50.60000,1.15524,406.72958
2025-06-25 18:56:13+07:00,26.50000,80.20000,37.60000,50.40000,1.15232,406.68054
2025-06-25 18:57:02+07:00,26.60000,80.20000,36.90000,52.00000,1.19085,406.58337
2025-06-25 18:57:52+07:00,26.50000,80.20000,36.70000,50.00000,1.13198,406.71729
2025-06-25 18:58:41+07:00,26.50000,80.40000,37.50000,53.80000,1.13198,406.59543
2025-06-25 18:59:31+07:00,26.60000,80.40000,37.90000,55.40000,1.07823,406.61966
2025-06-25 19:00:21+07:00,26.50000,80.30000,42.20000,66.90000,1.10626,406.58337
2025-06-25 19:01:10+07:00,26.50000,80.20000,53.30000,94.60000,1.12336,406.59543
2025-06-25 19:01:59+07:00,26.50000,80.40000,69.00000,133.10001,1.14648,406.48737
2025-06-25 19:02:49+07:00,26.50000,80.70000,67.20000,133.39999,1.14648,406.97925
2025-06-25 19:03:38+07:00,26.50000,80.70000,67.80000,130.30000,1.12336,406.66833
2025-06-25 19:04:28+07:00,26.50000,80.60000,70.50000,133.00000,1.10061,406.89099
2025-06-25 19:05:17+07:00,26.50000,81.00000,71.10000,126.90000,1.16406,406.72958
2025-06-25 19:06:06+07:00,26.50000,81.00000,67.40000,117.10000,1.18785,406.60754
2025-06-25 19:06:56+07:00,26.50000,81.10000,65.20000,107.50000,1.14939,406.81610
2025-06-25 19:07:45+07:00,26.60000,81.10000,64.50000,93.70000,1.08937,406.55923
2025-06-25 19:08:35+07:00,26.50000,81.50000,62.00000,96.60000,1.13776,406.66833
2025-06-25 19:09:24+07:00,26.60000,81.60000,70.10000,103.70000,1.19988,407.22354
2025-06-25 19:10:14+07:00,26.60000,81.80000,91.40000,121.40000,1.17591,406.69278
2025-06-25 19:11:03+07:00,26.60000,82.00000,82.00000,112.60000,1.13487,406.82855
2025-06-25 19:11:53+07:00,26.50000,82.00000,139.80000,169.10001,1.17591,406.70502
2025-06-25 19:12:42+07:00,26.60000,81.80000,62.70000,85.10000,1.26784,406.69278
2025-06-25 19:13:31+07:00,26.60000,82.00000,71.60000,96.50000,1.10626,406.90356
2025-06-25 19:14:21+07:00,26.60000,82.30000,74.80000,101.20000,1.13776,406.54721
2025-06-25 19:15:10+07:00,26.60000,82.00000,62.20000,83.80000,1.18485,406.80368
2025-06-25 19:16:00+07:00,26.60000,81.90000,58.00000,83.20000,1.19385,407.01736
2025-06-25 19:16:49+07:00,26.50000,82.10000,64.80000,93.90000,1.17294,406.66833
2025-06-25 19:17:38+07:00,26.50000,82.00000,68.70000,103.30000,1.16702,406.65613
2025-06-25 19:18:28+07:00,26.50000,82.10000,69.90000,104.60000,1.16702,406.75421
2025-06-25 19:19:17+07:00,26.50000,82.10000,86.10000,118.30000,1.11194,406.96658
2025-06-25 19:20:06+07:00,26.50000,82.30000,69.30000,100.80000,1.20291,406.77890
2025-06-25 19:20:56+07:00,26.50000,82.40000,76.90000,106.10000,1.16406,406.66833
2025-06-25 19:21:45+07:00,26.50000,82.60000,76.70000,106.70000,1.08379,406.81610
2025-06-25 19:22:34+07:00,26.40000,82.70000,73.90000,103.00000,1.07269,406.99194
2025-06-25 19:23:24+07:00,26.40000,82.60000,71.00000,103.00000,1.18785,406.63181
2025-06-25 19:24:13+07:00,26.40000,82.60000,68.40000,97.90000,1.09498,406.90356
2025-06-25 19:25:03+07:00,26.40000,82.80000,94.40000,128.10001,1.14648,406.90356
2025-06-25 19:25:52+07:00,26.40000,82.60000,69.40000,93.10000,1.12623,406.57129
2025-06-25 19:26:41+07:00,26.40000,82.50000,64.00000,91.20000,1.19687,406.65613
2025-06-25 19:27:31+07:00,26.50000,82.80000,59.70000,85.30000,1.11478,406.63181
2025-06-25 19:28:20+07:00,26.50000,82.40000,60.60000,82.40000,1.11478,406.66833
2025-06-25 19:29:10+07:00,26.50000,82.70000,86.80000,110.00000,1.16406,406.55923
2025-06-25 19:29:59+07:00,26.50000,82.80000,67.30000,101.50000,1.15232,406.76654
2025-06-25 19:30:48+07:00,26.40000,82.60000,65.60000,90.60000,1.16997,406.80368
2025-06-25 19:31:38+07:00,26.40000,82.50000,65.40000,90.20000,1.11478,406.53522
2025-06-25 19:32:27+07:00,26.40000,82.60000,67.20000,92.50000,1.05894,406.20627
2025-06-25 19:33:19+07:00,26.40000,82.60000,62.80000,89.20000,1.13198,406.46353
2025-06-25 19:34:09+07:00,26.30000,82.80000,63.70000,89.30000,1.10626,406.39252
2025-06-25 19:35:01+07:00,26.40000,82.70000,62.30000,90.60000,1.08100,406.58337
2025-06-25 19:35:52+07:00,26.30000,82.80000,61.40000,90.00000,1.11194,406.35724
2025-06-25 19:36:49+07:00,26.40000,82.70000,62.30000,87.40000,1.10061,406.43979
2025-06-25 19:37:45+07:00,26.40000,82.70000,66.80000,97.60000,1.12049,406.26398
2025-06-25 19:38:34+07:00,26.30000,82.90000,67.60000,95.80000,1.05621,406.43979
2025-06-25 19:39:24+07:00,26.30000,82.90000,60.00000,90.30000,1.06993,406.17187
2025-06-25 19:40:16+07:00,26.30000,83.00000,71.20000,105.20000,0.97423,406.76654
2025-06-25 19:41:09+07:00,26.30000,83.20000,74.40000,114.10000,1.06442,406.34552
2025-06-25 19:41:58+07:00,26.20000,83.10000,78.30000,122.30000,1.06442,406.51126
2025-06-25 19:42:50+07:00,26.20000,83.10000,73.70000,121.30000,1.11478,406.28720
2025-06-25 19:43:39+07:00,26.20000,83.20000,71.60000,114.20000,1.05076,406.35724
2025-06-25 19:44:28+07:00,26.30000,83.10000,69.00000,110.90000,1.04263,406.59543
2025-06-25 19:45:18+07:00,26.30000,83.10000,63.70000,95.10000,1.05894,406.42795
2025-06-25 19:46:07+07:00,26.20000,83.10000,59.70000,90.20000,1.03187,406.18332
2025-06-25 19:46:57+07:00,26.20000,83.10000,65.10000,95.80000,1.08100,406.27557
2025-06-25 19:47:46+07:00,26.20000,83.20000,65.10000,97.10000,0.96403,405.99097
2025-06-25 19:48:35+07:00,26.10000,83.30000,66.80000,102.90000,1.05076,406.36899
2025-06-25 19:49:29+07:00,26.10000,83.40000,68.20000,103.90000,1.12049,406.29883
2025-06-25 19:50:18+07:00,26.20000,83.40000,71.70000,108.60000,1.07823,405.93536
2025-06-25 19:51:07+07:00,26.20000,83.30000,71.80000,111.40000,1.05348,406.39252
2025-06-25 19:51:57+07:00,26.20000,83.50000,75.60000,117.00000,1.06717,406.57129
2025-06-25 19:52:46+07:00,26.10000,83.80000,73.10000,111.40000,1.03724,406.17187
2025-06-25 19:53:36+07:00,26.10000,83.90000,74.10000,114.90000,1.07269,406.36899
2025-06-25 19:54:26+07:00,26.10000,84.10000,73.90000,113.00000,1.05621,406.29883
2025-06-25 19:55:15+07:00,26.20000,83.90000,78.60000,114.80000,1.01324,406.58337
2025-06-25 19:56:05+07:00,26.20000,83.80000,78.30000,118.40000,1.07823,406.42795
2025-06-25 19:56:57+07:00,26.20000,83.90000,90.30000,126.10000,1.10626,406.38074
2025-06-25 19:57:47+07:00,26.10000,83.80000,83.00000,117.60000,1.08658,406.47543
2025-06-25 19:58:36+07:00,26.20000,83.90000,86.70000,129.10001,1.09779,406.36899
2025-06-25 19:59:27+07:00,26.20000,83.90000,85.80000,127.20000,1.06717,406.42795
2025-06-25 20:00:16+07:00,26.10000,84.10000,88.10000,129.30000,1.11194,406.63181
2025-06-25 20:01:06+07:00,26.20000,84.10000,87.00000,129.30000,1.03455,406.72958
2025-06-25 20:01:55+07:00,26.20000,84.10000,79.70000,119.90000,0.96149,406.65613
2025-06-25 20:02:45+07:00,26.10000,84.10000,76.20000,114.50000,1.05894,406.51126
2025-06-25 20:03:38+07:00,26.10000,84.10000,77.40000,115.60000,1.09498,406.54721
2025-06-25 20:04:32+07:00,26.20000,84.10000,78.70000,113.40000,1.05348,406.40430
2025-06-25 20:05:22+07:00,26.20000,84.10000,87.40000,122.80000,0.96657,406.28720
2025-06-25 20:06:15+07:00,26.20000,84.00000,93.70000,140.39999,1.07269,406.52322
2025-06-25 20:07:08+07:00,26.30000,83.70000,108.40000,154.10001,1.14648,406.68054
2025-06-25 20:08:06+07:00,26.30000,83.50000,105.50000,160.20000,1.08379,406.63181
2025-06-25 20:09:00+07:00,26.30000,83.50000,105.40000,160.00000,1.13776,406.54721
2025-06-25 20:09:49+07:00,26.30000,83.50000,103.10000,152.60001,1.02652,406.59543
2025-06-25 20:12:39+07:00,26.40000,82.80000,93.40000,137.30000,1.09217,406.61966
2025-06-25 20:13:33+07:00,26.40000,82.90000,89.70000,128.89999,1.09779,406.74188
2025-06-25 20:14:25+07:00,26.40000,82.80000,91.50000,131.89999,1.08937,406.63181
2025-06-25 20:15:18+07:00,26.40000,82.80000,88.50000,125.80000,1.15232,406.69278
2025-06-25 20:16:15+07:00,26.40000,82.80000,86.40000,127.40000,1.11763,406.84100
2025-06-25 20:18:07+07:00,26.30000,83.00000,81.30000,122.90000,1.17294,406.80368
2025-06-25 20:19:04+07:00,26.30000,83.10000,80.90000,118.90000,1.12336,407.13272
2025-06-25 20:20:52+07:00,26.30000,83.20000,74.50000,110.80000,1.16112,406.75421
2025-06-25 20:21:41+07:00,26.30000,83.40000,76.40000,107.80000,1.12049,406.61966
2025-06-25 20:22:33+07:00,26.30000,83.50000,78.50000,111.80000,1.08100,406.59543
2025-06-25 20:23:23+07:00,26.30000,83.40000,76.50000,111.40000,1.09779,406.75421
2025-06-25 20:24:12+07:00,26.30000,83.70000,78.90000,119.70000,1.10343,406.85345
2025-06-25 20:25:01+07:00,26.40000,83.40000,81.40000,120.40000,1.16406,406.52322
2025-06-25 20:25:51+07:00,26.30000,83.40000,84.60000,125.00000,1.12049,406.68054
2025-06-25 20:26:40+07:00,26.30000,83.60000,83.80000,118.90000,1.10343,406.45166
2025-06-25 20:27:30+07:00,26.30000,83.70000,82.40000,117.10000,1.12049,406.58337
2025-06-25 20:28:19+07:00,26.30000,83.70000,95.70000,133.00000,1.09498,406.81610
2025-06-25 20:29:09+07:00,26.30000,83.30000,96.50000,133.50000,1.19687,406.81610
2025-06-25 20:29:58+07:00,26.30000,83.20000,91.80000,131.20000,1.15524,406.52322
2025-06-25 20:30:48+07:00,26.30000,83.30000,91.30000,128.39999,1.13487,406.58337
2025-06-25 20:31:37+07:00,26.30000,83.20000,87.70000,129.60001,1.10909,406.53522
2025-06-25 20:32:27+07:00,26.30000,83.10000,90.90000,132.30000,1.15818,406.65613
2025-06-25 20:33:20+07:00,26.30000,83.00000,92.50000,130.80000,1.12049,406.77890
2025-06-25 20:34:09+07:00,26.30000,82.90000,92.90000,129.10001,1.16997,406.74188
2025-06-25 20:35:01+07:00,26.30000,82.80000,92.80000,132.80000,1.10626,406.71729
2025-06-25 20:35:51+07:00,26.40000,82.60000,91.10000,130.70000,1.16406,406.76654
2025-06-25 20:36:41+07:00,26.40000,82.70000,86.00000,129.60001,1.12049,406.90356
2025-06-25 20:37:31+07:00,26.40000,82.60000,88.20000,132.50000,1.10343,406.89099
2025-06-25 20:38:20+07:00,26.50000,82.60000,89.70000,136.50000,1.16112,406.74188
2025-06-25 20:39:09+07:00,26.50000,82.50000,88.50000,130.80000,1.13776,407.15857
2025-06-25 20:39:59+07:00,26.60000,82.40000,87.70000,132.50000,1.17888,406.85345
2025-06-25 20:40:48+07:00,26.50000,82.70000,90.50000,130.39999,1.10626,406.84100
2025-06-25 20:41:38+07:00,26.40000,82.60000,91.00000,129.89999,1.17888,406.95395
2025-06-25 20:42:32+07:00,26.40000,82.70000,89.60000,131.89999,1.18187,407.13272
2025-06-25 20:43:25+07:00,26.40000,82.70000,91.10000,134.39999,1.16702,407.04285
2025-06-25 20:44:15+07:00,26.30000,82.90000,93.30000,137.10001,1.18485,406.92871
2025-06-25 20:45:07+07:00,26.30000,82.90000,93.90000,137.20000,1.16406,407.15857
2025-06-25 20:45:57+07:00,26.30000,82.80000,92.20000,131.39999,1.19687,407.11984
2025-06-25 20:46:46+07:00,26.30000,82.70000,91.90000,133.80000,1.19988,406.79129
2025-06-25 20:47:36+07:00,26.20000,82.90000,87.30000,129.60001,1.21812,407.14563
2025-06-25 20:48:25+07:00,26.20000,83.10000,90.00000,135.30000,1.19385,407.00464
2025-06-25 20:49:15+07:00,26.10000,83.30000,89.50000,129.70000,1.19085,406.90356
2025-06-25 20:50:05+07:00,26.10000,83.50000,90.30000,133.10001,1.20594,406.99194
2025-06-25 20:50:54+07:00,26.10000,83.60000,88.60000,131.30000,1.21507,406.58337
2025-06-25 20:51:44+07:00,26.10000,83.70000,88.50000,134.00000,1.20291,406.87848
2025-06-25 20:52:33+07:00,26.10000,83.70000,88.80000,126.30000,1.16702,406.71729
2025-06-25 20:53:23+07:00,26.10000,83.70000,89.10000,129.00000,1.17888,406.85345
2025-06-25 20:54:14+07:00,26.10000,83.80000,95.60000,138.50000,1.17888,406.85345
2025-06-25 20:55:04+07:00,26.10000,83.80000,92.70000,140.80000,1.14357,406.97925
2025-06-25 20:55:54+07:00,26.10000,83.60000,94.40000,130.50000,1.20291,406.55923
2025-06-25 20:56:46+07:00,26.10000,83.60000,93.70000,133.80000,1.21507,406.79129
2025-06-25 20:57:38+07:00,26.10000,83.70000,93.40000,136.00000,1.20291,406.86597
2025-06-25 20:58:27+07:00,26.00000,83.80000,96.70000,136.20000,1.15818,406.94131
2025-06-25 20:59:17+07:00,26.10000,83.40000,91.50000,128.60001,1.08379,406.80368
2025-06-25 21:00:06+07:00,26.10000,83.30000,93.80000,134.89999,1.20594,406.61966
2025-06-25 21:00:56+07:00,26.00000,83.60000,90.40000,132.70000,1.19085,406.90356
2025-06-25 21:01:46+07:00,26.00000,83.40000,87.60000,129.20000,1.20291,406.45166
2025-06-25 21:02:35+07:00,26.10000,83.10000,87.90000,124.00000,1.16112,406.74188
2025-06-25 21:03:28+07:00,26.10000,83.00000,86.00000,119.90000,1.17888,406.64395
2025-06-25 21:04:18+07:00,26.10000,82.90000,84.10000,118.10000,1.23658,406.70502
2025-06-25 21:05:08+07:00,26.10000,82.70000,81.90000,117.90000,1.20594,406.54721
2025-06-25 21:06:02+07:00,26.20000,82.40000,84.70000,119.80000,1.19988,406.66833
2025-06-25 21:06:51+07:00,26.20000,82.20000,83.20000,120.10000,1.16406,406.46353
2025-06-25 21:07:45+07:00,26.10000,82.50000,83.50000,118.70000,1.09498,406.82855
2025-06-25 21:08:35+07:00,26.10000,82.90000,83.20000,119.50000,1.13487,406.65613
2025-06-25 21:09:32+07:00,26.10000,82.70000,85.50000,124.20000,1.16997,406.57129
2025-06-25 21:10:21+07:00,26.10000,82.90000,85.70000,122.00000,1.10626,406.60754
2025-06-25 21:11:11+07:00,26.10000,82.40000,86.50000,122.90000,1.22732,406.66833
2025-06-25 21:12:00+07:00,26.10000,82.60000,85.60000,123.70000,1.16112,406.48737
2025-06-25 21:12:50+07:00,26.10000,82.60000,89.60000,124.80000,1.16702,406.49930
2025-06-25 21:13:39+07:00,26.10000,82.40000,86.00000,118.40000,1.18485,406.64395
2025-06-25 21:14:29+07:00,26.20000,82.50000,87.10000,125.70000,1.17294,407.14563
2025-06-25 21:15:19+07:00,26.20000,82.50000,91.90000,129.10001,1.10909,406.69278
2025-06-25 21:16:08+07:00,26.10000,82.50000,90.20000,126.40000,1.20898,406.85345
2025-06-25 21:16:58+07:00,26.10000,82.80000,94.00000,132.50000,1.15232,406.90356
2025-06-25 21:17:47+07:00,26.00000,83.00000,91.90000,127.40000,1.11763,406.72958
2025-06-25 21:18:39+07:00,26.00000,83.10000,89.80000,121.40000,1.21202,406.91614
2025-06-25 21:19:37+07:00,26.10000,82.90000,94.90000,129.70000,1.14066,406.84100
2025-06-25 21:20:33+07:00,26.10000,82.90000,88.60000,122.10000,1.16112,407.03009
2025-06-25 21:21:23+07:00,26.00000,82.90000,88.60000,120.80000,1.16702,406.96658
2025-06-25 21:22:16+07:00,26.00000,83.10000,90.30000,128.30000,1.16702,406.66833
2025-06-25 21:23:05+07:00,26.00000,83.30000,96.10000,139.80000,1.19687,406.68054
2025-06-25 21:24:01+07:00,26.00000,82.90000,96.90000,138.30000,1.18785,406.64395
2025-06-25 21:24:52+07:00,26.00000,82.90000,94.40000,135.50000,1.20594,406.71729
2025-06-25 21:25:52+07:00,26.00000,83.10000,100.20000,142.20000,1.10909,406.75421
2025-06-25 21:27:49+07:00,26.00000,83.00000,104.40000,151.80000,1.18485,406.87848
2025-06-25 21:28:41+07:00,26.00000,83.10000,105.90000,152.00000,1.13776,406.91614
2025-06-25 21:29:34+07:00,26.00000,83.30000,104.50000,150.30000,1.11194,406.92871
2025-06-25 21:30:29+07:00,26.00000,83.40000,105.00000,152.50000,1.18485,406.90356
2025-06-25 21:31:18+07:00,26.00000,83.40000,105.20000,155.10001,1.16112,406.77890
2025-06-25 21:32:08+07:00,26.00000,83.10000,105.30000,154.10001,1.19385,407.24966
2025-06-25 21:32:58+07:00,26.00000,83.10000,103.10000,157.20000,1.17591,406.68054
2025-06-25 21:33:47+07:00,26.10000,83.00000,106.90000,160.00000,1.17888,406.75421
2025-06-25 21:34:37+07:00,26.10000,83.00000,106.30000,160.00000,1.14648,407.06845
2025-06-25 21:35:26+07:00,26.10000,82.90000,110.70000,157.89999,1.21507,407.01736
2025-06-25 21:36:16+07:00,26.10000,82.80000,108.50000,162.30000,1.27100,406.81610
2025-06-25 21:37:05+07:00,26.00000,82.80000,109.60000,166.60001,1.18485,406.79129
2025-06-25 21:37:57+07:00,26.00000,82.90000,116.10000,179.39999,1.19385,406.71729
2025-06-25 21:38:46+07:00,26.00000,82.80000,115.80000,181.70000,1.15232,406.65613
2025-06-25 21:39:36+07:00,26.00000,82.80000,117.70000,181.70000,1.16702,406.97925
2025-06-25 21:40:25+07:00,26.00000,83.00000,116.70000,188.80000,1.18785,406.72958
2025-06-25 21:41:15+07:00,26.10000,82.70000,124.60000,196.10001,1.10061,406.95395
2025-06-25 21:42:04+07:00,26.10000,82.60000,122.20000,189.39999,1.17888,407.09409
2025-06-25 21:42:53+07:00,26.00000,82.70000,119.30000,185.89999,1.20291,406.81610
2025-06-25 21:43:43+07:00,26.00000,82.90000,119.10000,190.80000,1.18187,406.64395
2025-06-25 21:44:32+07:00,26.00000,83.20000,118.40000,186.10001,1.21812,406.63181
2025-06-25 21:45:22+07:00,26.00000,83.10000,121.70000,188.20000,1.20291,407.36819
2025-06-25 21:46:11+07:00,26.00000,83.50000,119.50000,184.70000,1.18785,406.90356
2025-06-25 21:47:00+07:00,26.00000,83.40000,113.10000,174.30000,1.16112,406.87848
2025-06-25 21:47:51+07:00,26.00000,83.50000,98.50000,152.50000,1.18187,407.09409
2025-06-25 21:48:40+07:00,25.90000,83.70000,93.70000,139.30000,1.20291,407.08127
2025-06-25 21:49:29+07:00,25.90000,83.70000,92.10000,141.50000,1.25213,407.01736
2025-06-25 21:51:13+07:00,25.90000,83.80000,89.70000,133.50000,1.22118,407.17154
2025-06-25 21:52:02+07:00,26.00000,83.60000,86.80000,131.70000,1.20291,406.97925
2025-06-25 21:52:52+07:00,26.00000,83.40000,84.80000,130.39999,1.23968,407.03009
2025-06-25 21:53:41+07:00,26.00000,83.40000,91.10000,136.39999,1.25213,407.03009
2025-06-25 21:54:30+07:00,26.00000,83.40000,93.00000,140.10001,1.28689,407.24966
2025-06-25 21:55:20+07:00,26.00000,83.40000,100.80000,148.70000,1.26784,407.13272
2025-06-25 21:56:09+07:00,26.10000,83.40000,104.30000,148.89999,1.23349,407.27588
2025-06-25 21:56:59+07:00,26.00000,83.30000,102.90000,152.89999,1.25526,407.15857
2025-06-25 21:57:48+07:00,26.00000,83.20000,99.00000,149.80000,1.26784,407.05563
2025-06-25 21:58:37+07:00,25.90000,83.10000,101.60000,152.60001,1.32242,407.27588
2025-06-25 21:59:27+07:00,25.90000,83.20000,100.80000,148.70000,1.29651,407.19751
2025-06-25 22:00:16+07:00,25.90000,83.10000,102.00000,150.70000,1.31916,407.39478
2025-06-25 22:01:05+07:00,25.90000,83.20000,99.90000,144.10001,1.25839,407.36819
2025-06-25 22:01:55+07:00,25.90000,83.20000,99.80000,148.20000,1.32897,407.32852
2025-06-25 22:02:44+07:00,25.90000,83.10000,101.90000,145.30000,1.38903,407.48834
2025-06-25 22:03:33+07:00,25.90000,83.20000,100.10000,149.50000,1.30618,407.39478
2025-06-25 22:04:23+07:00,25.80000,83.40000,100.00000,145.39999,1.35207,407.40808
2025-06-25 22:05:12+07:00,25.80000,83.30000,99.80000,150.60001,1.37550,407.54227
2025-06-25 22:06:01+07:00,25.80000,83.40000,96.40000,141.00000,1.35540,407.19751
2025-06-25 22:06:51+07:00,25.70000,83.70000,100.00000,145.30000,1.36542,407.48834
2025-06-25 22:07:41+07:00,25.70000,84.00000,98.40000,140.30000,1.38564,407.77509
2025-06-25 22:08:30+07:00,25.70000,84.00000,98.00000,148.50000,1.39925,407.40808
2025-06-25 22:09:23+07:00,25.70000,84.00000,97.80000,138.30000,1.37550,407.39478
2025-06-25 22:10:12+07:00,25.70000,84.00000,94.10000,140.10001,1.39925,407.50180
2025-06-25 22:11:02+07:00,25.70000,83.90000,94.70000,141.60001,1.42333,407.56937
2025-06-25 22:11:51+07:00,25.70000,83.80000,92.70000,135.39999,1.46538,407.35495
2025-06-25 22:12:41+07:00,25.70000,83.90000,91.80000,130.30000,1.52300,407.63742
2025-06-25 22:13:30+07:00,25.70000,83.90000,93.30000,135.00000,1.39584,407.61014
2025-06-25 22:14:19+07:00,25.70000,83.90000,87.50000,127.70000,1.36207,407.48834
2025-06-25 22:15:09+07:00,25.70000,83.90000,88.00000,134.30000,1.48320,407.32852
2025-06-25 22:15:58+07:00,25.60000,84.00000,86.10000,130.30000,1.40267,407.47491
2025-06-25 22:16:56+07:00,25.60000,84.30000,84.80000,124.70000,1.45830,407.78897
2025-06-25 22:17:46+07:00,25.60000,84.10000,82.20000,122.70000,1.36542,407.61014
2025-06-25 22:18:39+07:00,25.60000,84.10000,82.90000,126.90000,1.36877,407.65109
2025-06-25 22:19:29+07:00,25.60000,84.00000,82.80000,126.50000,1.48678,407.36819
2025-06-25 22:20:18+07:00,25.60000,84.10000,82.90000,129.60001,1.40610,407.50180
2025-06-25 22:21:08+07:00,25.60000,84.30000,81.90000,124.10000,1.34544,407.39478
2025-06-25 22:22:00+07:00,25.60000,84.30000,79.60000,124.00000,1.48678,407.56937
2025-06-25 22:22:49+07:00,25.50000,84.40000,77.50000,121.10000,1.47962,407.40808
2025-06-25 22:23:45+07:00,25.50000,84.40000,76.20000,123.30000,1.41642,407.39478
2025-06-25 22:24:35+07:00,25.60000,84.10000,76.10000,120.70000,1.29972,407.63742
2025-06-25 22:25:24+07:00,25.60000,83.90000,75.70000,113.20000,1.39925,407.54227
2025-06-25 22:26:14+07:00,25.60000,84.00000,72.50000,112.70000,1.40610,407.32852
2025-06-25 22:27:06+07:00,25.50000,84.20000,73.90000,113.70000,1.43375,407.35495
2025-06-25 22:27:56+07:00,25.50000,84.40000,78.30000,115.80000,1.38564,407.32852
2025-06-25 22:28:48+07:00,25.40000,84.80000,96.20000,139.50000,1.45126,407.31531
2025-06-25 22:29:37+07:00,25.40000,85.00000,103.10000,151.80000,1.37887,407.39478
2025-06-25 22:30:27+07:00,25.40000,84.70000,111.50000,156.10001,1.38903,407.31531
2025-06-25 22:31:17+07:00,25.50000,84.40000,123.40000,169.60001,1.38903,407.36819
2025-06-25 22:32:06+07:00,25.50000,84.30000,121.60000,164.30000,1.42680,407.62378
2025-06-25 22:32:56+07:00,25.50000,84.40000,110.40000,150.30000,1.32242,407.30215
2025-06-25 22:33:46+07:00,25.60000,84.00000,112.00000,159.30000,1.37887,407.52878
2025-06-25 22:34:35+07:00,25.70000,83.80000,116.00000,157.80000,1.34213,407.50180
2025-06-25 22:35:25+07:00,25.70000,83.60000,114.10000,154.60001,1.38225,407.32852
2025-06-25 22:36:14+07:00,25.70000,83.70000,112.60000,151.20000,1.40953,407.34174
2025-06-25 22:37:04+07:00,25.70000,83.50000,110.00000,150.10001,1.36542,407.21051
2025-06-25 22:37:53+07:00,25.80000,83.40000,110.70000,154.10001,1.38225,407.34174
2025-06-25 22:38:43+07:00,25.70000,83.40000,109.40000,151.70000,1.40267,407.34174
2025-06-25 22:39:33+07:00,25.70000,83.60000,105.50000,145.10001,1.38225,407.10696
2025-06-25 22:40:22+07:00,25.60000,83.90000,104.90000,140.10001,1.39243,407.35495
2025-06-25 22:41:12+07:00,25.60000,83.80000,111.60000,152.80000,1.41297,407.27588
2025-06-25 22:42:01+07:00,25.60000,83.80000,111.90000,151.39999,1.35540,407.39478
2025-06-25 22:42:51+07:00,25.50000,83.90000,115.10000,152.39999,1.37550,407.15857
2025-06-25 22:43:42+07:00,25.40000,84.20000,108.90000,144.10001,1.37887,407.21051
2025-06-25 22:44:31+07:00,25.40000,84.30000,113.60000,156.50000,1.34213,407.21051
2025-06-25 22:45:21+07:00,25.50000,84.30000,113.60000,159.70000,1.38225,407.40808
2025-06-25 22:46:11+07:00,25.40000,84.40000,108.20000,145.89999,1.41297,407.34174
2025-06-25 22:47:01+07:00,25.40000,84.40000,103.90000,147.60001,1.33883,407.17154
2025-06-25 22:47:50+07:00,25.40000,84.60000,104.50000,146.60001,1.40953,407.22354
2025-06-25 22:48:40+07:00,25.40000,84.50000,97.20000,132.50000,1.35540,407.14563
2025-06-25 22:49:29+07:00,25.40000,84.50000,90.20000,134.30000,1.30295,407.38147
2025-06-25 22:50:19+07:00,25.50000,84.30000,82.20000,119.80000,1.35207,407.18451
2025-06-25 22:51:09+07:00,25.50000,84.20000,80.80000,121.60000,1.32897,407.28900
2025-06-25 22:51:58+07:00,25.50000,84.00000,74.10000,111.60000,1.36877,407.21051
2025-06-25 22:52:47+07:00,25.50000,83.80000,74.70000,108.90000,1.37887,407.18451
2025-06-25 22:53:39+07:00,25.50000,83.90000,75.80000,118.10000,1.31916,407.26276
2025-06-25 22:54:29+07:00,25.60000,83.70000,72.50000,108.60000,1.40610,407.00464
2025-06-25 22:55:18+07:00,25.60000,83.70000,73.30000,110.10000,1.32569,407.38147
2025-06-25 22:56:08+07:00,25.50000,83.90000,69.70000,103.60000,1.30941,406.96658
2025-06-25 22:56:58+07:00,25.50000,84.00000,71.20000,107.10000,1.33883,407.15857
2025-06-25 22:57:47+07:00,25.50000,83.90000,70.30000,108.10000,1.29651,407.17154
2025-06-25 22:58:37+07:00,25.40000,83.90000,69.50000,107.60000,1.29651,407.11984
2025-06-25 22:59:26+07:00,25.40000,84.10000,69.70000,108.40000,1.31916,407.15857
2025-06-25 23:00:16+07:00,25.30000,84.40000,74.30000,107.70000,1.28370,407.11984
2025-06-25 23:01:05+07:00,25.40000,84.40000,71.00000,108.60000,1.32569,407.08127
2025-06-25 23:01:56+07:00,25.30000,84.60000,71.70000,107.60000,1.29972,406.97925
2025-06-25 23:02:45+07:00,25.30000,84.60000,72.60000,109.30000,1.37550,407.00464
2025-06-25 23:03:39+07:00,25.30000,84.70000,72.00000,109.20000,1.43027,406.87848
2025-06-25 23:04:28+07:00,25.30000,84.90000,73.70000,112.70000,1.28370,407.10696
2025-06-25 23:05:18+07:00,25.20000,85.10000,81.70000,119.70000,1.29972,407.03009
2025-06-25 23:06:07+07:00,25.30000,85.10000,81.90000,122.20000,1.35207,406.97925
2025-06-25 23:06:57+07:00,25.30000,85.20000,80.90000,119.30000,1.25526,407.13272
2025-06-25 23:07:48+07:00,25.30000,85.20000,82.00000,116.00000,1.23968,407.06845
2025-06-25 23:08:40+07:00,25.30000,85.20000,80.70000,121.00000,1.34213,407.17154
2025-06-25 23:09:30+07:00,25.30000,85.20000,82.30000,121.50000,1.29651,407.11984
2025-06-25 23:10:19+07:00,25.30000,85.20000,84.30000,124.50000,1.32242,406.97925
2025-06-25 23:11:08+07:00,25.30000,85.30000,81.40000,124.40000,1.25213,407.09409
2025-06-25 23:11:58+07:00,25.30000,85.20000,85.00000,127.40000,1.25213,407.24966
2025-06-25 23:12:47+07:00,25.30000,85.00000,82.70000,125.90000,1.32569,407.03009
2025-06-25 23:13:37+07:00,25.30000,85.00000,83.60000,127.60000,1.27416,407.03009
2025-06-25 23:14:26+07:00,25.30000,84.90000,82.10000,126.70000,1.33553,407.13272
2025-06-25 23:15:18+07:00,25.30000,84.80000,85.60000,132.10001,1.29009,406.94131
2025-06-25 23:16:08+07:00,25.30000,84.90000,86.00000,130.30000,1.32242,407.14563
2025-06-25 23:16:57+07:00,25.20000,85.00000,85.20000,130.20000,1.24278,406.99194
2025-06-25 23:17:47+07:00,25.20000,85.10000,88.60000,135.20000,1.25526,407.03009
2025-06-25 23:18:36+07:00,25.20000,85.00000,85.60000,131.30000,1.28051,406.97925
2025-06-25 23:19:26+07:00,25.20000,85.10000,89.90000,133.89999,1.30941,407.15857
2025-06-25 23:20:16+07:00,25.20000,85.10000,87.00000,133.10001,1.26468,407.04285
2025-06-25 23:21:05+07:00,25.20000,85.30000,88.70000,130.30000,1.43375,407.13272
2025-06-25 23:21:55+07:00,25.20000,85.30000,87.90000,127.00000,1.33225,407.11984
2025-06-25 23:22:44+07:00,25.20000,85.10000,79.80000,118.30000,1.30618,407.03009
2025-06-25 23:23:33+07:00,25.20000,85.00000,79.00000,120.00000,1.32242,407.14563
2025-06-25 23:24:23+07:00,25.20000,84.80000,78.00000,118.60000,1.32242,407.50180
2025-06-25 23:25:12+07:00,25.20000,84.90000,78.50000,111.50000,1.30295,407.15857
2025-06-25 23:26:01+07:00,25.20000,85.00000,77.90000,115.90000,1.29972,407.19751
2025-06-25 23:26:51+07:00,25.20000,85.20000,77.70000,116.30000,1.29651,407.21051
2025-06-25 23:27:40+07:00,25.10000,85.50000,76.60000,112.50000,1.23349,407.15857
2025-06-25 23:28:30+07:00,25.10000,85.50000,78.30000,114.90000,1.31916,407.27588
2025-06-25 23:29:19+07:00,25.00000,85.50000,77.50000,117.50000,1.34213,407.30215
2025-06-25 23:30:08+07:00,25.10000,85.50000,77.60000,114.70000,1.30618,406.82855
2025-06-25 23:30:58+07:00,25.10000,85.50000,77.40000,115.30000,1.29329,407.15857
2025-06-25 23:31:47+07:00,25.10000,85.40000,79.40000,114.10000,1.31916,407.09409
2025-06-25 23:32:37+07:00,25.10000,85.40000,76.70000,116.90000,1.30941,407.17154
2025-06-25 23:33:26+07:00,25.10000,85.30000,76.70000,110.60000,1.36877,407.19751
2025-06-25 23:34:16+07:00,25.10000,85.40000,77.30000,111.50000,1.31266,407.24966
2025-06-25 23:35:05+07:00,25.00000,85.60000,77.90000,116.40000,1.33883,407.56937
2025-06-25 23:35:54+07:00,25.00000,85.50000,79.10000,116.20000,1.33553,407.21051
2025-06-25 23:36:44+07:00,25.00000,85.60000,79.80000,114.90000,1.37550,407.27588
2025-06-25 23:37:33+07:00,25.00000,85.50000,74.40000,108.40000,1.35207,406.96658
2025-06-25 23:38:26+07:00,25.10000,85.40000,72.90000,108.20000,1.37550,407.22354
2025-06-25 23:39:22+07:00,25.00000,85.50000,78.30000,113.10000,1.31916,407.34174
2025-06-25 23:40:14+07:00,25.10000,85.30000,73.00000,115.00000,1.36542,407.18451
2025-06-25 23:41:07+07:00,25.10000,85.10000,73.30000,107.60000,1.30295,407.36819
2025-06-25 23:42:00+07:00,25.10000,85.20000,73.70000,109.50000,1.35873,407.23660
2025-06-25 23:42:49+07:00,25.10000,85.30000,76.40000,112.00000,1.40953,407.34174
2025-06-25 23:43:39+07:00,25.00000,85.40000,75.90000,115.50000,1.35207,407.10696
2025-06-25 23:44:28+07:00,25.00000,85.50000,73.20000,115.00000,1.31916,407.04285
2025-06-25 23:45:20+07:00,25.10000,85.40000,76.80000,115.90000,1.29009,406.97925
2025-06-25 23:46:13+07:00,25.10000,85.20000,76.50000,122.10000,1.35873,407.11984
2025-06-25 23:47:02+07:00,25.10000,85.10000,80.70000,120.70000,1.32897,407.31531
2025-06-25 23:47:57+07:00,25.10000,85.10000,81.90000,127.50000,1.30941,407.18451
2025-06-25 23:48:49+07:00,25.10000,85.10000,78.90000,126.90000,1.28051,407.27588
2025-06-25 23:49:38+07:00,25.20000,85.10000,75.50000,118.00000,1.35207,407.23660
2025-06-25 23:50:27+07:00,25.20000,84.90000,79.10000,125.50000,1.32897,407.03009
2025-06-25 23:51:17+07:00,25.30000,84.50000,79.00000,126.90000,1.40610,407.15857
2025-06-25 23:52:06+07:00,25.40000,84.40000,84.30000,120.20000,1.31916,407.13272
2025-06-25 23:52:55+07:00,25.30000,84.40000,79.00000,126.30000,1.29972,407.15857
2025-06-25 23:53:45+07:00,25.30000,84.30000,85.70000,136.20000,1.31266,407.17154
2025-06-25 23:54:34+07:00,25.30000,84.30000,82.00000,127.10000,1.32569,407.04285
2025-06-25 23:55:24+07:00,25.30000,84.20000,82.00000,125.00000,1.33225,407.19751
2025-06-25 23:56:13+07:00,25.30000,84.40000,82.80000,124.20000,1.35540,407.23660
2025-06-25 23:57:03+07:00,25.20000,84.50000,80.30000,126.90000,1.35873,407.09409
2025-06-25 23:57:52+07:00,25.20000,84.50000,81.60000,136.20000,1.30941,407.21051
2025-06-25 23:58:42+07:00,25.20000,84.30000,77.80000,120.00000,1.36542,407.22354
2025-06-25 23:59:31+07:00,25.20000,84.40000,79.20000,122.70000,1.28051,406.94131
2025-06-26 00:00:20+07:00,25.20000,84.30000,77.90000,119.00000,1.38564,407.26276
2025-06-26 00:01:10+07:00,25.20000,84.30000,75.40000,117.40000,1.29651,407.11984
2025-06-26 00:01:59+07:00,25.20000,84.40000,77.90000,124.20000,1.35540,406.99194
2025-06-26 00:02:49+07:00,25.20000,84.40000,77.20000,120.80000,1.31266,407.30215
2025-06-26 00:03:48+07:00,25.10000,84.60000,73.60000,115.40000,1.34875,407.18451
2025-06-26 00:05:35+07:00,25.10000,84.50000,76.80000,117.50000,1.29651,406.99194
2025-06-26 00:06:26+07:00,25.10000,84.50000,72.40000,112.90000,1.29329,406.99194
2025-06-26 00:07:15+07:00,25.10000,84.40000,72.30000,110.20000,1.35207,406.96658
2025-06-26 00:08:05+07:00,25.00000,84.40000,74.70000,112.40000,1.29651,407.00464
2025-06-26 00:08:54+07:00,25.00000,84.70000,72.00000,108.40000,1.25839,407.13272
2025-06-26 00:09:43+07:00,24.90000,84.80000,71.90000,113.00000,1.29329,407.10696
2025-06-26 00:10:40+07:00,25.00000,84.70000,77.50000,118.70000,1.27100,406.99194
2025-06-26 00:11:29+07:00,25.10000,84.50000,79.30000,127.00000,1.27100,407.04285
2025-06-26 00:12:19+07:00,25.10000,84.10000,81.10000,125.00000,1.23349,406.86597
2025-06-26 00:13:09+07:00,25.30000,83.60000,82.20000,121.10000,1.22732,406.85345
2025-06-26 00:13:59+07:00,25.30000,83.40000,80.90000,125.80000,1.27100,407.00464
2025-06-26 00:14:48+07:00,25.20000,83.70000,83.50000,134.70000,1.31266,406.77890
2025-06-26 00:15:37+07:00,25.20000,83.60000,83.60000,134.00000,1.25213,406.81610
2025-06-26 00:16:27+07:00,25.00000,84.00000,83.60000,128.89999,1.31916,406.77890
2025-06-26 00:17:17+07:00,25.10000,83.90000,84.30000,133.30000,1.38225,406.91614
2025-06-26 00:18:06+07:00,25.10000,84.10000,86.00000,135.80000,1.27734,406.85345
2025-06-26 00:18:56+07:00,25.10000,84.10000,80.40000,131.20000,1.23040,407.00464
2025-06-26 00:19:45+07:00,25.00000,84.40000,77.70000,121.90000,1.24589,406.97925
2025-06-26 00:20:35+07:00,24.90000,84.60000,79.00000,122.80000,1.22732,407.22354
2025-06-26 00:21:24+07:00,24.90000,84.80000,76.10000,118.60000,1.26468,407.04285
2025-06-26 00:22:14+07:00,24.90000,84.80000,76.20000,125.40000,1.27416,406.75421
2025-06-26 00:23:03+07:00,24.90000,84.80000,73.50000,112.90000,1.24278,406.91614
2025-06-26 00:23:52+07:00,24.90000,84.90000,78.10000,124.10000,1.21812,407.13272
2025-06-26 00:24:42+07:00,24.80000,85.00000,75.90000,120.90000,1.27100,407.01736
2025-06-26 00:25:31+07:00,24.80000,85.10000,74.10000,113.80000,1.16997,406.76654
2025-06-26 00:26:21+07:00,24.80000,85.10000,73.40000,115.90000,1.23349,406.86597
2025-06-26 00:27:10+07:00,24.80000,85.00000,76.00000,120.40000,1.22732,406.63181
2025-06-26 00:28:00+07:00,24.90000,84.90000,76.20000,118.30000,1.21202,406.71729
2025-06-26 00:28:54+07:00,24.90000,84.90000,74.50000,117.70000,1.25839,406.80368
2025-06-26 00:29:43+07:00,24.90000,84.80000,77.80000,117.10000,1.23040,406.75421
2025-06-26 00:30:33+07:00,24.80000,84.70000,74.20000,121.90000,1.22732,407.18451
2025-06-26 00:31:24+07:00,24.90000,84.90000,72.40000,111.80000,1.32569,406.89099
2025-06-26 00:32:14+07:00,24.90000,84.50000,74.40000,111.00000,1.26468,406.79129
2025-06-26 00:33:03+07:00,25.00000,84.30000,75.20000,121.50000,1.24901,406.81610
2025-06-26 00:33:55+07:00,24.90000,84.30000,74.80000,118.20000,1.27416,406.77890
2025-06-26 00:34:45+07:00,24.90000,84.50000,75.10000,115.20000,1.24901,406.84100
2025-06-26 00:35:38+07:00,24.90000,84.50000,76.30000,123.30000,1.23040,407.05563
2025-06-26 00:36:27+07:00,24.80000,84.60000,76.00000,120.50000,1.16997,406.80368
2025-06-26 00:37:17+07:00,24.80000,84.90000,77.30000,119.40000,1.22425,406.75421
2025-06-26 00:38:06+07:00,24.80000,84.90000,72.80000,117.80000,1.28370,406.84100
2025-06-26 00:38:56+07:00,24.80000,84.80000,75.40000,117.20000,1.29009,406.63181
2025-06-26 00:39:47+07:00,24.80000,84.80000,74.10000,115.00000,1.12623,406.60754
2025-06-26 00:40:37+07:00,24.80000,85.00000,76.50000,121.80000,1.26784,406.99194
2025-06-26 00:41:26+07:00,24.80000,85.00000,75.90000,120.90000,1.20594,406.80368
2025-06-26 00:42:18+07:00,24.80000,85.10000,75.00000,117.70000,1.16997,406.85345
2025-06-26 00:43:08+07:00,24.80000,85.10000,74.30000,115.70000,1.25213,406.63181
2025-06-26 00:43:57+07:00,24.70000,85.20000,74.80000,118.40000,1.24589,406.82855
2025-06-26 00:44:52+07:00,24.70000,85.20000,76.00000,117.50000,1.21812,406.81610
2025-06-26 00:45:41+07:00,24.80000,85.00000,73.90000,111.10000,1.19385,406.86597
2025-06-26 00:46:30+07:00,24.80000,85.00000,74.10000,118.30000,1.17294,406.79129
2025-06-26 00:47:20+07:00,24.80000,85.10000,73.60000,115.90000,1.21507,406.72958
2025-06-26 00:48:09+07:00,24.80000,85.10000,73.70000,118.10000,1.22425,406.60754
2025-06-26 00:49:02+07:00,24.80000,85.10000,76.00000,115.90000,1.24589,406.86597
2025-06-26 00:49:51+07:00,24.80000,85.20000,75.60000,119.90000,1.21507,406.66833
2025-06-26 00:50:40+07:00,24.80000,85.20000,78.40000,120.40000,1.21202,406.72958
2025-06-26 00:51:30+07:00,24.80000,85.40000,77.50000,124.20000,1.16112,406.69278
2025-06-26 00:52:19+07:00,24.80000,85.50000,82.60000,125.20000,1.24589,406.71729
2025-06-26 00:53:09+07:00,24.80000,85.40000,80.10000,122.00000,1.22732,406.82855
2025-06-26 00:53:58+07:00,24.80000,85.40000,76.90000,123.50000,1.18485,406.74188
2025-06-26 00:54:48+07:00,24.80000,85.60000,77.20000,125.80000,1.17294,406.68054
2025-06-26 00:55:38+07:00,24.80000,85.50000,81.50000,119.40000,1.23349,406.76654
2025-06-26 00:56:27+07:00,24.90000,85.30000,80.80000,124.50000,1.23040,406.65613
2025-06-26 00:57:17+07:00,24.90000,85.20000,79.80000,123.80000,1.21507,406.71729
2025-06-26 00:58:06+07:00,24.90000,85.10000,79.00000,123.10000,1.26468,406.89099
2025-06-26 00:58:56+07:00,25.00000,84.50000,76.10000,116.90000,1.18785,406.58337
2025-06-26 00:59:45+07:00,25.10000,84.30000,74.50000,117.90000,1.19988,406.79129
2025-06-26 01:00:35+07:00,25.00000,84.60000,78.70000,123.70000,1.23349,406.65613
2025-06-26 01:01:24+07:00,24.90000,84.70000,79.40000,122.40000,1.22425,406.54721
2025-06-26 01:02:25+07:00,24.90000,84.90000,81.10000,123.90000,1.25526,406.57129
2025-06-26 01:03:14+07:00,24.90000,84.90000,78.80000,120.80000,1.18785,406.70502
2025-06-26 01:04:04+07:00,24.90000,84.80000,77.10000,124.30000,1.19385,406.51126
2025-06-26 01:04:53+07:00,24.80000,85.00000,79.20000,124.50000,1.20594,406.60754
2025-06-26 01:05:43+07:00,24.80000,84.90000,75.40000,113.10000,1.17888,406.71729
2025-06-26 01:06:32+07:00,25.00000,84.30000,76.50000,121.10000,1.24589,406.79129
2025-06-26 01:07:22+07:00,25.10000,84.00000,78.50000,121.20000,1.20291,406.86597
2025-06-26 01:08:16+07:00,25.10000,83.90000,78.20000,125.40000,1.17294,406.61966
2025-06-26 01:09:11+07:00,25.10000,83.80000,77.40000,124.30000,1.21812,406.80368
2025-06-26 01:10:01+07:00,25.00000,83.90000,77.70000,120.50000,1.20594,405.95755
2025-06-26 01:10:55+07:00,25.00000,84.20000,82.60000,130.80000,1.18187,406.82855
2025-06-26 01:11:44+07:00,24.90000,84.30000,80.90000,129.60001,1.17591,406.60754
2025-06-26 01:12:37+07:00,24.90000,84.50000,78.30000,126.20000,1.21202,406.65613
2025-06-26 01:13:27+07:00,24.90000,84.60000,82.80000,128.80000,1.16406,406.64395
2025-06-26 01:14:19+07:00,24.90000,84.70000,89.90000,137.70000,1.16406,406.64395
2025-06-26 01:15:13+07:00,24.90000,84.40000,108.80000,167.30000,1.20898,406.89099
2025-06-26 01:16:03+07:00,25.00000,83.90000,117.50000,182.50000,1.27734,406.63181
2025-06-26 01:16:55+07:00,25.10000,83.80000,123.60000,203.89999,1.19385,406.82855
2025-06-26 01:17:44+07:00,25.00000,83.80000,120.60000,204.39999,1.21812,406.80368
2025-06-26 01:18:34+07:00,25.00000,84.10000,126.50000,219.39999,1.20898,406.64395
2025-06-26 01:19:25+07:00,25.00000,84.20000,116.30000,195.70000,1.23968,406.68054
2025-06-26 01:20:17+07:00,25.00000,84.20000,120.40000,205.89999,1.19988,406.94131
2025-06-26 01:21:06+07:00,24.90000,84.20000,104.60000,176.20000,1.25526,406.75421
2025-06-26 01:21:56+07:00,24.90000,84.50000,97.80000,160.20000,1.19687,406.94131
2025-06-26 01:22:48+07:00,24.80000,84.80000,94.60000,157.60001,1.22732,406.82855
2025-06-26 01:23:40+07:00,24.80000,85.10000,94.90000,152.89999,1.17294,406.72958
2025-06-26 01:24:31+07:00,24.80000,85.10000,97.50000,153.80000,1.24901,406.74188
2025-06-26 01:25:23+07:00,24.80000,85.10000,103.70000,171.30000,1.17294,406.89099
2025-06-26 01:26:13+07:00,24.80000,85.00000,109.40000,178.39999,1.22118,407.04285
2025-06-26 01:27:02+07:00,24.90000,85.00000,109.00000,183.70000,1.28051,406.70502
2025-06-26 01:27:52+07:00,24.90000,84.80000,104.60000,174.20000,1.21202,407.15857
2025-06-26 01:28:41+07:00,24.90000,85.00000,105.90000,176.60001,1.28370,406.91614
2025-06-26 01:29:30+07:00,24.90000,84.90000,105.00000,172.10001,1.21507,406.99194
2025-06-26 01:30:20+07:00,24.90000,84.90000,100.10000,165.39999,1.23349,406.81610
2025-06-26 01:31:09+07:00,24.90000,85.00000,96.80000,158.39999,1.23349,407.14563
2025-06-26 01:31:59+07:00,24.80000,85.10000,90.40000,145.50000,1.21202,406.91614
2025-06-26 01:32:48+07:00,24.80000,85.30000,92.50000,146.30000,1.26468,407.00464
2025-06-26 01:33:38+07:00,24.80000,85.30000,91.50000,144.10001,1.22118,406.76654
2025-06-26 01:34:27+07:00,24.80000,85.20000,90.30000,140.60001,1.26784,406.75421
2025-06-26 01:35:19+07:00,24.80000,85.00000,88.10000,142.89999,1.22118,406.94131
2025-06-26 01:36:13+07:00,24.90000,84.80000,85.90000,143.60001,1.23040,406.86597
2025-06-26 01:37:02+07:00,24.90000,84.80000,87.80000,139.10001,1.17591,407.03009
2025-06-26 01:37:56+07:00,24.90000,84.70000,82.90000,132.89999,1.19988,407.04285
2025-06-26 01:38:46+07:00,24.90000,84.70000,84.00000,132.60001,1.25839,406.77890
2025-06-26 01:39:35+07:00,24.80000,84.80000,84.00000,138.70000,1.18785,406.68054
2025-06-26 01:40:25+07:00,24.80000,85.10000,83.70000,134.00000,1.22118,406.79129
2025-06-26 01:41:14+07:00,24.80000,85.00000,87.90000,139.70000,1.19385,406.76654
2025-06-26 01:42:04+07:00,24.80000,84.90000,87.70000,140.89999,1.15818,406.85345
2025-06-26 01:42:53+07:00,24.80000,84.80000,84.30000,136.80000,1.22732,406.69278
2025-06-26 01:43:42+07:00,24.80000,84.60000,85.60000,138.80000,1.19385,406.55923
2025-06-26 01:44:32+07:00,24.80000,84.60000,80.80000,132.30000,1.18187,406.64395
2025-06-26 01:45:21+07:00,24.80000,84.20000,77.30000,121.90000,1.19687,406.49930
2025-06-26 01:46:10+07:00,24.70000,84.50000,77.40000,124.40000,1.20594,406.48737
2025-06-26 01:47:00+07:00,24.70000,84.30000,74.90000,118.20000,1.18785,406.42795
2025-06-26 01:47:49+07:00,24.70000,84.40000,73.70000,117.70000,1.18187,406.47543
2025-06-26 01:48:38+07:00,24.80000,84.10000,74.60000,122.60000,1.19687,406.40430
2025-06-26 01:49:28+07:00,24.80000,84.00000,69.40000,111.70000,1.16997,406.39252
2025-06-26 01:50:17+07:00,24.90000,83.60000,68.40000,112.30000,1.11478,406.10352
2025-06-26 01:51:06+07:00,24.80000,83.60000,70.60000,111.00000,1.19687,406.32214
2025-06-26 01:51:56+07:00,24.80000,83.70000,68.00000,106.20000,1.16112,406.36899
2025-06-26 01:52:45+07:00,24.80000,83.80000,67.80000,108.80000,1.16112,406.00214
2025-06-26 01:53:34+07:00,24.80000,83.70000,65.30000,106.00000,1.14066,406.33383
2025-06-26 01:54:24+07:00,24.70000,83.70000,65.00000,103.20000,1.08937,406.39252
2025-06-26 01:55:13+07:00,24.80000,83.60000,62.90000,101.90000,1.14939,406.38074
2025-06-26 01:56:06+07:00,24.80000,83.40000,64.30000,102.80000,1.10909,406.29883
2025-06-26 01:56:56+07:00,24.80000,83.40000,59.90000,98.60000,1.09217,406.28720
2025-06-26 01:57:45+07:00,24.80000,83.50000,63.60000,104.20000,1.13198,406.22931
2025-06-26 01:58:34+07:00,24.70000,83.80000,63.70000,100.70000,1.12910,406.36899
2025-06-26 01:59:24+07:00,24.70000,83.90000,62.80000,103.00000,1.12049,406.06958
2025-06-26 02:00:13+07:00,24.70000,83.90000,63.40000,100.40000,1.12336,406.14902
2025-06-26 02:01:03+07:00,24.70000,84.00000,60.00000,100.60000,1.06442,406.18332
2025-06-26 02:01:52+07:00,24.70000,84.10000,60.50000,99.70000,1.12910,406.14902
2025-06-26 02:02:41+07:00,24.80000,83.60000,60.90000,99.30000,1.05076,406.13760
2025-06-26 02:03:31+07:00,24.80000,83.60000,63.10000,102.70000,1.09779,406.34552
2025-06-26 02:04:20+07:00,24.80000,83.70000,63.80000,106.90000,1.06442,406.06958
2025-06-26 02:05:09+07:00,24.70000,83.90000,62.60000,98.50000,1.04533,406.33383
2025-06-26 02:05:59+07:00,24.70000,84.00000,63.00000,104.20000,1.13487,406.39252
2025-06-26 02:06:48+07:00,24.80000,83.80000,63.10000,100.00000,1.14066,406.36899
2025-06-26 02:07:38+07:00,24.70000,83.80000,64.30000,101.20000,1.08658,406.14902
2025-06-26 02:08:27+07:00,24.60000,84.10000,64.90000,100.50000,1.03187,406.14902
2025-06-26 02:09:16+07:00,24.60000,84.50000,61.80000,98.90000,1.11194,406.17187
2025-06-26 02:10:06+07:00,24.60000,84.50000,65.20000,105.60000,1.15524,406.17187
2025-06-26 02:10:55+07:00,24.50000,84.70000,66.70000,100.60000,1.08937,406.17187
2025-06-26 02:11:45+07:00,24.50000,84.90000,65.90000,99.80000,1.09498,406.12622
2025-06-26 02:12:34+07:00,24.50000,85.10000,74.60000,117.90000,1.17294,406.33383
2025-06-26 02:13:23+07:00,24.50000,85.20000,79.40000,129.60001,1.19385,406.41611
2025-06-26 02:14:13+07:00,24.50000,85.40000,80.00000,127.10000,1.07823,406.36899
2025-06-26 02:15:02+07:00,24.40000,85.60000,83.90000,132.39999,1.09779,406.57129
2025-06-26 02:15:56+07:00,24.30000,85.80000,82.90000,129.30000,1.12049,406.39252
2025-06-26 02:16:45+07:00,24.30000,85.90000,82.70000,130.80000,1.08937,406.48737
2025-06-26 02:17:35+07:00,24.40000,85.80000,85.10000,135.70000,1.15232,406.39252
2025-06-26 02:18:25+07:00,24.40000,85.60000,88.20000,137.80000,1.10343,406.36899
2025-06-26 02:19:14+07:00,24.40000,85.80000,84.00000,140.60001,1.12336,406.48737
2025-06-26 02:20:03+07:00,24.50000,85.30000,84.20000,132.39999,1.13198,406.57129
2025-06-26 02:20:53+07:00,24.50000,85.50000,83.50000,133.50000,1.11478,406.95395
2025-06-26 02:21:42+07:00,24.40000,85.60000,78.90000,124.20000,1.12910,406.59543
2025-06-26 02:22:31+07:00,24.40000,85.40000,76.00000,124.70000,1.19988,406.51126
2025-06-26 02:23:21+07:00,24.50000,85.10000,76.20000,119.00000,1.15818,406.39252
2025-06-26 02:24:10+07:00,24.40000,85.40000,77.20000,119.60000,1.16112,406.55923
2025-06-26 02:24:59+07:00,24.50000,85.30000,78.30000,122.90000,1.13776,406.53522
2025-06-26 02:25:49+07:00,24.40000,85.40000,75.50000,118.20000,1.15524,406.39252
2025-06-26 02:26:38+07:00,24.40000,85.50000,75.80000,118.60000,1.12336,406.99194
2025-06-26 02:27:28+07:00,24.40000,85.60000,72.00000,115.30000,1.15818,406.18332
2025-06-26 02:28:17+07:00,24.40000,85.60000,69.70000,110.90000,1.13487,406.51126
2025-06-26 02:29:06+07:00,24.30000,85.60000,69.00000,108.60000,1.14648,406.31049
2025-06-26 02:29:56+07:00,24.40000,85.20000,68.50000,106.60000,1.12910,406.48737
2025-06-26 02:30:45+07:00,24.40000,85.20000,67.40000,108.20000,1.12336,406.49930
2025-06-26 02:31:35+07:00,24.40000,85.30000,70.00000,109.80000,1.14066,406.51126
2025-06-26 02:32:24+07:00,24.50000,85.20000,65.90000,106.00000,1.09498,406.76654
2025-06-26 02:33:13+07:00,24.40000,85.30000,69.60000,112.70000,1.12049,406.54721
2025-06-26 02:34:03+07:00,24.50000,85.30000,73.10000,116.50000,1.20291,406.52322
2025-06-26 02:34:52+07:00,24.40000,85.20000,68.90000,106.90000,1.22118,406.49930
2025-06-26 02:35:42+07:00,24.40000,85.30000,72.30000,113.70000,1.12049,406.12622
2025-06-26 02:36:31+07:00,24.40000,85.40000,70.00000,112.90000,1.10343,406.35724
2025-06-26 02:37:20+07:00,24.40000,85.40000,71.50000,117.20000,1.16406,406.19479
2025-06-26 02:38:10+07:00,24.30000,85.50000,67.70000,107.80000,1.11194,406.40430
2025-06-26 02:38:59+07:00,24.40000,85.70000,67.20000,106.40000,1.07269,406.42795
2025-06-26 02:39:49+07:00,24.40000,85.40000,63.90000,102.90000,1.09498,406.52322
2025-06-26 02:40:39+07:00,24.50000,85.00000,65.50000,105.50000,1.18785,406.49930
2025-06-26 02:41:28+07:00,24.60000,84.60000,70.00000,112.10000,1.15818,406.03577
2025-06-26 02:42:17+07:00,24.50000,84.50000,66.30000,107.10000,1.03187,406.40430
2025-06-26 02:43:07+07:00,24.50000,84.80000,64.80000,104.80000,1.08379,406.26398
2025-06-26 02:43:56+07:00,24.40000,85.00000,67.50000,105.70000,1.10061,406.19479
2025-06-26 02:44:49+07:00,24.40000,85.10000,66.90000,105.70000,1.09498,406.39252
2025-06-26 02:45:38+07:00,24.40000,85.00000,67.50000,106.90000,1.13198,406.51126
2025-06-26 02:46:28+07:00,24.40000,85.00000,73.00000,113.10000,1.10343,406.46353
2025-06-26 02:47:17+07:00,24.40000,85.10000,68.60000,108.50000,1.14066,405.99097
2025-06-26 02:48:07+07:00,24.30000,85.30000,72.60000,113.90000,1.11194,406.41611
2025-06-26 02:48:56+07:00,24.30000,85.40000,70.00000,108.50000,1.15232,406.38074
2025-06-26 02:49:46+07:00,24.30000,85.40000,67.20000,106.80000,1.10061,406.35724
2025-06-26 02:50:36+07:00,24.40000,85.10000,66.00000,102.40000,1.20594,406.38074
2025-06-26 02:51:25+07:00,24.50000,84.80000,67.70000,107.20000,1.11194,406.35724
2025-06-26 02:52:15+07:00,24.50000,84.50000,68.20000,106.30000,1.10909,406.45166
2025-06-26 02:53:04+07:00,24.50000,84.60000,66.30000,105.60000,1.12336,406.68054
2025-06-26 02:53:53+07:00,24.40000,84.70000,66.40000,105.00000,1.12049,406.55923
2025-06-26 02:54:43+07:00,24.50000,84.20000,66.80000,108.30000,1.16702,406.31049
2025-06-26 02:55:32+07:00,24.60000,84.10000,67.00000,111.90000,1.09779,406.55923
2025-06-26 02:56:27+07:00,24.50000,84.20000,66.40000,104.70000,1.16112,406.58337
2025-06-26 02:57:19+07:00,24.50000,84.50000,67.90000,103.10000,1.10343,406.52322
2025-06-26 02:58:12+07:00,24.40000,85.00000,65.50000,107.30000,1.14066,406.21777
2025-06-26 02:59:02+07:00,24.40000,85.10000,68.10000,118.50000,1.16112,406.40430
2025-06-26 02:59:52+07:00,24.40000,85.20000,68.30000,117.60000,1.11194,406.31049
2025-06-26 03:00:42+07:00,24.40000,85.20000,72.30000,126.40000,1.12336,406.32214
2025-06-26 03:01:37+07:00,24.40000,85.30000,76.40000,137.80000,1.08100,406.24084
2025-06-26 03:02:31+07:00,24.40000,85.20000,78.30000,136.89999,1.20291,406.68054
2025-06-26 03:03:28+07:00,24.40000,85.20000,70.20000,128.50000,1.10061,406.45166
2025-06-26 03:04:20+07:00,24.30000,85.40000,70.20000,129.60001,1.11194,406.17187
2025-06-26 03:05:09+07:00,24.30000,85.60000,64.00000,114.70000,1.09498,406.55923
2025-06-26 03:05:59+07:00,24.30000,85.70000,62.60000,108.40000,1.07545,406.59543
2025-06-26 03:06:48+07:00,24.30000,85.60000,68.00000,121.00000,1.05894,406.35724
2025-06-26 03:07:41+07:00,24.30000,85.70000,72.40000,134.10001,1.12623,406.17187
2025-06-26 03:08:37+07:00,24.30000,85.70000,83.30000,159.30000,1.19988,406.34552
2025-06-26 03:09:26+07:00,24.30000,85.80000,76.30000,140.70000,1.06993,406.39252
2025-06-26 03:10:15+07:00,24.20000,86.00000,74.10000,135.20000,1.07823,406.35724
2025-06-26 03:11:07+07:00,24.30000,85.70000,70.50000,117.40000,1.08658,406.33383
2025-06-26 03:11:59+07:00,24.30000,85.40000,69.60000,112.70000,1.08937,406.33383
2025-06-26 03:12:49+07:00,24.30000,85.40000,70.70000,115.80000,1.08937,406.43979
2025-06-26 03:13:42+07:00,24.40000,85.30000,68.10000,112.60000,1.17888,406.48737
2025-06-26 03:14:36+07:00,24.40000,85.20000,65.70000,108.90000,1.09217,406.59543
2025-06-26 03:15:27+07:00,24.40000,85.00000,68.20000,104.10000,1.10909,406.42795
2025-06-26 03:16:16+07:00,24.40000,85.00000,66.50000,106.50000,1.11194,406.53522
2025-06-26 03:17:06+07:00,24.40000,85.00000,71.60000,112.30000,1.14357,406.43979
2025-06-26 03:17:55+07:00,24.30000,85.30000,72.90000,113.80000,1.13776,406.40430
2025-06-26 03:18:44+07:00,24.20000,85.80000,71.90000,119.10000,1.09498,406.39252
2025-06-26 03:19:34+07:00,24.20000,86.00000,73.90000,114.30000,1.14648,406.61966
2025-06-26 03:20:23+07:00,24.10000,86.10000,74.30000,122.60000,1.09498,406.57129
2025-06-26 03:21:13+07:00,24.10000,86.40000,74.10000,115.10000,1.14066,406.64395
2025-06-26 03:22:02+07:00,24.10000,86.30000,72.50000,114.70000,1.12910,406.57129
2025-06-26 03:22:52+07:00,24.30000,85.90000,74.60000,119.90000,1.16112,406.52322
2025-06-26 03:23:41+07:00,24.30000,85.80000,74.50000,119.40000,1.13198,406.53522
2025-06-26 03:24:30+07:00,24.30000,85.70000,76.90000,122.30000,1.13487,406.75421
2025-06-26 03:25:20+07:00,24.30000,85.80000,77.60000,126.00000,1.18187,406.74188
2025-06-26 03:26:09+07:00,24.30000,85.80000,77.50000,128.89999,1.12336,406.77890
2025-06-26 03:26:59+07:00,24.20000,85.90000,80.00000,123.90000,1.17888,406.61966
2025-06-26 03:27:48+07:00,24.20000,86.00000,78.00000,123.70000,1.05348,406.61966
2025-06-26 03:28:37+07:00,24.10000,86.00000,76.40000,130.10001,1.16997,406.54721
2025-06-26 03:29:27+07:00,24.10000,86.10000,76.40000,119.10000,1.14357,406.71729
2025-06-26 03:30:16+07:00,24.20000,85.90000,72.90000,111.90000,1.16406,406.60754
2025-06-26 03:31:05+07:00,24.20000,85.90000,74.10000,123.00000,1.15524,406.43979
2025-06-26 03:31:55+07:00,24.20000,85.80000,72.70000,114.70000,1.12336,406.48737
2025-06-26 03:32:44+07:00,24.30000,85.10000,70.10000,111.60000,1.16997,406.53522
2025-06-26 03:33:34+07:00,24.30000,84.50000,74.40000,121.20000,1.15524,406.55923
2025-06-26 03:34:23+07:00,24.30000,84.90000,76.30000,119.00000,1.16702,406.57129
2025-06-26 03:35:13+07:00,24.40000,84.80000,71.70000,116.60000,1.21812,406.48737
2025-06-26 03:36:03+07:00,24.40000,84.60000,72.20000,117.10000,1.19687,406.58337
2025-06-26 03:36:52+07:00,24.40000,84.40000,67.90000,109.70000,1.15524,406.52322
2025-06-26 03:37:42+07:00,24.40000,84.50000,68.30000,109.60000,1.17591,406.68054
2025-06-26 03:38:31+07:00,24.30000,84.50000,67.50000,110.60000,1.16702,406.48737
2025-06-26 03:39:20+07:00,24.20000,84.70000,67.10000,117.10000,1.13198,406.59543
2025-06-26 03:40:10+07:00,24.20000,84.70000,63.20000,100.60000,1.17888,406.60754
2025-06-26 03:40:59+07:00,24.20000,84.90000,60.80000,98.50000,1.16702,406.57129
2025-06-26 03:41:48+07:00,24.10000,84.90000,60.60000,99.20000,1.19385,406.51126
2025-06-26 03:42:38+07:00,24.20000,84.60000,59.20000,106.30000,1.17888,406.52322
2025-06-26 03:43:27+07:00,24.30000,84.40000,60.00000,104.00000,1.16112,406.61966
2025-06-26 03:44:17+07:00,24.30000,84.20000,56.20000,94.70000,1.16112,406.52322
2025-06-26 03:45:06+07:00,24.20000,84.20000,55.00000,91.40000,1.09217,406.47543
2025-06-26 03:45:55+07:00,24.20000,84.40000,52.40000,90.10000,1.08100,406.36899
2025-06-26 03:46:45+07:00,24.10000,84.60000,52.10000,83.90000,1.17294,406.51126
2025-06-26 03:47:34+07:00,24.10000,84.80000,51.70000,85.50000,1.17294,406.60754
2025-06-26 03:48:24+07:00,24.00000,85.00000,53.50000,92.30000,1.16702,406.34552
2025-06-26 03:49:13+07:00,24.00000,85.30000,54.00000,87.80000,1.10909,406.19479
2025-06-26 03:50:02+07:00,23.90000,85.40000,52.20000,90.40000,1.11763,406.41611
2025-06-26 03:50:52+07:00,23.90000,85.50000,48.80000,82.20000,1.11194,406.38074
2025-06-26 03:51:41+07:00,24.00000,85.40000,51.40000,86.80000,1.16702,406.12622
2025-06-26 03:52:31+07:00,24.00000,85.30000,50.70000,81.60000,1.10343,406.39252
2025-06-26 03:53:20+07:00,24.10000,85.00000,50.50000,86.30000,1.14939,406.38074
2025-06-26 03:54:09+07:00,24.10000,84.90000,48.30000,76.70000,1.16112,406.17187
2025-06-26 03:54:59+07:00,24.00000,85.00000,47.60000,76.40000,1.10343,406.27557
2025-06-26 03:55:48+07:00,24.00000,84.90000,49.00000,83.80000,1.09217,406.16043
2025-06-26 03:56:37+07:00,24.10000,84.80000,46.30000,74.00000,1.05894,406.17187
2025-06-26 03:57:27+07:00,24.10000,84.70000,45.40000,76.50000,1.13198,406.36899
2025-06-26 03:58:16+07:00,24.00000,84.60000,45.50000,73.10000,1.11763,406.38074
2025-06-26 03:59:05+07:00,24.00000,84.60000,45.60000,80.50000,1.11763,406.27557
2025-06-26 03:59:55+07:00,24.00000,84.70000,45.40000,72.80000,1.15232,406.32214
2025-06-26 04:00:44+07:00,24.00000,84.50000,47.40000,74.50000,1.13776,406.48737
2025-06-26 04:01:34+07:00,24.00000,84.70000,50.10000,82.30000,1.09498,406.29883
2025-06-26 04:02:23+07:00,23.90000,85.00000,46.80000,81.70000,1.09217,406.10352
2025-06-26 04:03:12+07:00,23.90000,85.10000,48.90000,85.90000,1.06717,406.40430
2025-06-26 04:04:02+07:00,24.00000,85.10000,51.30000,85.90000,1.09779,406.17187
2025-06-26 04:04:55+07:00,24.00000,85.10000,55.20000,92.30000,1.10061,406.25241
2025-06-26 04:05:44+07:00,24.10000,84.60000,55.30000,96.80000,1.10909,406.28720
2025-06-26 04:06:33+07:00,24.00000,84.60000,56.70000,101.00000,1.08658,406.18332
2025-06-26 04:07:23+07:00,24.00000,84.70000,53.30000,89.80000,1.08937,406.33383
2025-06-26 04:08:12+07:00,24.00000,84.80000,51.50000,89.60000,1.07269,406.17187
2025-06-26 04:09:02+07:00,24.00000,84.90000,52.80000,88.30000,1.09779,406.47543
2025-06-26 04:09:52+07:00,23.90000,84.90000,51.10000,86.90000,1.07269,406.36899
2025-06-26 04:10:41+07:00,23.90000,85.00000,53.90000,87.70000,1.12910,406.48737
2025-06-26 04:11:31+07:00,23.90000,85.20000,54.10000,92.20000,1.12049,406.41611
2025-06-26 04:12:20+07:00,23.90000,85.40000,52.50000,89.40000,1.09498,406.40430
2025-06-26 04:13:10+07:00,23.80000,85.60000,55.50000,90.30000,1.08658,406.54721
2025-06-26 04:13:59+07:00,23.90000,85.60000,54.90000,89.30000,1.07545,406.43979
2025-06-26 04:14:49+07:00,23.80000,85.70000,52.50000,87.00000,1.13198,406.48737
2025-06-26 04:15:38+07:00,23.80000,85.70000,55.40000,95.60000,1.17294,406.51126
2025-06-26 04:16:28+07:00,23.90000,85.60000,56.20000,93.40000,1.13776,406.46353
2025-06-26 04:17:21+07:00,23.90000,85.60000,53.20000,94.10000,1.11194,406.68054
2025-06-26 04:18:10+07:00,23.90000,85.60000,54.40000,91.70000,1.12049,406.45166
2025-06-26 04:18:59+07:00,23.90000,85.40000,55.40000,89.40000,1.17591,406.46353
2025-06-26 04:19:49+07:00,24.00000,85.10000,57.50000,100.00000,1.15818,406.49930
2025-06-26 04:20:38+07:00,23.90000,85.30000,59.20000,99.50000,1.21812,406.52322
2025-06-26 04:21:27+07:00,23.90000,85.50000,60.10000,99.90000,1.17888,406.70502
2025-06-26 04:22:17+07:00,23.90000,85.50000,61.30000,105.60000,1.13198,406.71729
2025-06-26 04:23:06+07:00,23.90000,85.60000,61.10000,100.80000,1.16702,406.79129
2025-06-26 04:23:56+07:00,23.90000,85.70000,62.80000,103.30000,1.17591,406.53522
2025-06-26 04:24:45+07:00,23.90000,85.40000,64.80000,108.30000,1.20594,406.84100
2025-06-26 04:25:34+07:00,23.90000,85.60000,62.90000,100.60000,1.16702,406.68054
2025-06-26 04:26:24+07:00,23.80000,85.80000,60.80000,103.60000,1.08937,406.70502
2025-06-26 04:27:13+07:00,23.80000,85.70000,69.70000,115.30000,1.18187,406.61966
2025-06-26 04:28:03+07:00,23.80000,85.70000,71.60000,117.40000,1.13776,406.90356
2025-06-26 04:28:57+07:00,23.80000,85.70000,72.90000,119.90000,1.19687,406.81610
2025-06-26 04:29:46+07:00,23.80000,85.80000,72.90000,124.80000,1.13487,406.65613
2025-06-26 04:30:35+07:00,23.80000,85.70000,71.50000,123.40000,1.22732,406.80368
2025-06-26 04:31:25+07:00,23.80000,85.70000,72.40000,121.80000,1.20594,406.76654
2025-06-26 04:32:14+07:00,23.90000,85.80000,74.90000,123.10000,1.20291,406.72958
2025-06-26 04:33:04+07:00,23.90000,85.60000,72.70000,119.20000,1.26154,406.79129
2025-06-26 04:33:57+07:00,23.90000,85.70000,70.00000,116.40000,1.19385,406.91614
2025-06-26 04:34:46+07:00,23.90000,85.70000,67.70000,111.80000,1.25526,406.72958
2025-06-26 04:35:35+07:00,23.80000,85.80000,71.30000,118.70000,1.22425,406.82855
2025-06-26 04:36:25+07:00,23.80000,85.90000,70.80000,114.60000,1.19687,406.81610
2025-06-26 04:37:14+07:00,23.80000,86.10000,69.50000,116.00000,1.23658,406.89099
2025-06-26 04:38:04+07:00,23.80000,86.00000,72.20000,119.70000,1.25213,407.00464
2025-06-26 04:38:53+07:00,23.90000,85.90000,69.50000,113.60000,1.24589,406.70502
2025-06-26 04:39:42+07:00,23.90000,85.80000,70.70000,116.10000,1.22425,406.84100
2025-06-26 04:40:32+07:00,23.90000,85.70000,71.80000,115.10000,1.18187,406.77890
2025-06-26 04:41:21+07:00,23.90000,85.70000,69.90000,115.90000,1.22425,406.60754
2025-06-26 04:42:10+07:00,23.90000,85.70000,73.20000,120.40000,1.26468,406.57129
2025-06-26 04:43:00+07:00,23.90000,85.90000,72.60000,121.50000,1.22732,406.81610
2025-06-26 04:43:49+07:00,23.80000,86.00000,73.00000,120.70000,1.21507,406.84100
2025-06-26 04:44:39+07:00,23.80000,86.20000,71.90000,115.90000,1.21507,406.99194
2025-06-26 04:45:28+07:00,23.80000,86.10000,74.00000,124.70000,1.20291,406.84100
2025-06-26 04:46:17+07:00,23.80000,86.10000,70.40000,118.80000,1.24901,406.86597
2025-06-26 04:47:07+07:00,23.80000,86.10000,69.20000,110.70000,1.23968,406.89099
2025-06-26 04:47:56+07:00,23.80000,86.20000,68.80000,109.20000,1.25213,406.97925
2025-06-26 04:48:45+07:00,23.90000,86.10000,67.40000,109.10000,1.31916,406.81610
2025-06-26 04:49:38+07:00,23.80000,86.20000,73.20000,120.10000,1.22118,406.75421
2025-06-26 04:50:27+07:00,23.80000,86.20000,72.00000,113.90000,1.26784,406.68054
2025-06-26 04:51:16+07:00,23.80000,86.40000,72.60000,123.50000,1.22118,406.82855
2025-06-26 04:52:06+07:00,23.80000,86.50000,71.70000,117.00000,1.22425,406.49930
2025-06-26 04:52:55+07:00,23.80000,86.10000,75.00000,124.20000,1.25839,406.72958
2025-06-26 04:53:45+07:00,23.90000,85.90000,74.70000,122.30000,1.28689,406.96658
2025-06-26 04:54:34+07:00,23.90000,86.00000,78.30000,131.39999,1.25839,406.77890
2025-06-26 04:55:23+07:00,23.80000,86.20000,75.50000,125.60000,1.28370,407.03009
2025-06-26 04:56:13+07:00,23.80000,86.60000,80.80000,131.89999,1.17591,406.91614
2025-06-26 04:57:02+07:00,23.80000,86.50000,79.60000,132.60001,1.19085,406.94131
2025-06-26 04:57:51+07:00,23.80000,86.50000,78.50000,132.39999,1.15524,406.89099
2025-06-26 04:58:41+07:00,23.80000,86.50000,81.10000,131.30000,1.27100,406.87848
2025-06-26 04:59:30+07:00,23.80000,86.50000,77.30000,126.30000,1.18187,407.00464
2025-06-26 05:00:20+07:00,23.70000,86.70000,77.40000,132.10001,1.31266,406.94131
2025-06-26 05:01:09+07:00,23.70000,86.80000,80.40000,131.89999,1.26154,407.09409
2025-06-26 05:01:58+07:00,23.70000,86.80000,80.50000,127.80000,1.22425,406.72958
2025-06-26 05:02:48+07:00,23.70000,86.80000,77.20000,134.39999,1.15232,406.43979
2025-06-26 05:03:37+07:00,23.70000,87.00000,79.90000,127.80000,1.29651,406.76654
2025-06-26 05:04:26+07:00,23.70000,87.10000,76.90000,124.50000,1.20898,406.97925
2025-06-26 05:05:16+07:00,23.60000,87.20000,77.30000,120.30000,1.25526,406.76654
2025-06-26 05:06:05+07:00,23.60000,87.50000,78.90000,124.30000,1.27734,406.89099
2025-06-26 05:06:55+07:00,23.60000,87.30000,76.60000,125.30000,1.27734,406.82855
2025-06-26 05:07:44+07:00,23.60000,87.20000,78.90000,130.39999,1.30941,406.97925
2025-06-26 05:08:34+07:00,23.80000,86.80000,77.90000,130.00000,1.25839,406.92871
2025-06-26 05:09:23+07:00,23.80000,86.40000,79.40000,130.50000,1.23040,406.90356
2025-06-26 05:10:12+07:00,23.90000,86.10000,76.20000,122.80000,1.24901,406.96658
2025-06-26 05:11:02+07:00,23.90000,85.80000,76.70000,124.10000,1.29009,406.80368
2025-06-26 05:11:51+07:00,23.90000,85.90000,75.60000,126.50000,1.32569,406.85345
2025-06-26 05:12:41+07:00,23.90000,85.70000,76.70000,127.80000,1.34875,406.58337
2025-06-26 05:13:30+07:00,23.90000,85.60000,75.50000,126.00000,1.30941,406.92871
2025-06-26 05:14:19+07:00,23.90000,85.50000,74.90000,122.30000,1.25213,407.23660
2025-06-26 05:15:09+07:00,23.90000,85.50000,72.40000,121.10000,1.30618,407.00464
2025-06-26 05:15:58+07:00,23.80000,85.60000,73.80000,121.60000,1.29009,407.14563
2025-06-26 05:16:47+07:00,23.80000,85.90000,71.30000,121.20000,1.28689,406.97925
2025-06-26 05:17:37+07:00,23.80000,86.00000,71.50000,114.70000,1.31590,406.99194
2025-06-26 05:18:29+07:00,23.70000,86.00000,69.30000,116.60000,1.29651,407.06845
2025-06-26 05:19:18+07:00,23.70000,86.20000,69.70000,115.90000,1.26784,407.28900
2025-06-26 05:20:07+07:00,23.70000,86.20000,68.20000,110.30000,1.27100,407.11984
2025-06-26 05:20:57+07:00,23.60000,86.40000,65.10000,106.40000,1.30618,407.06845
2025-06-26 05:21:46+07:00,23.60000,86.60000,66.00000,110.40000,1.31266,407.00464
2025-06-26 05:22:36+07:00,23.70000,86.60000,69.70000,109.50000,1.31590,406.94131
2025-06-26 05:23:29+07:00,23.80000,86.50000,69.90000,113.60000,1.26784,407.19751
2025-06-26 05:24:22+07:00,23.80000,86.40000,69.20000,112.00000,1.22732,406.87848
2025-06-26 05:25:11+07:00,23.80000,86.30000,70.80000,112.90000,1.34544,406.94131
2025-06-26 05:26:06+07:00,23.80000,86.10000,71.00000,123.70000,1.30295,406.90356
2025-06-26 05:26:56+07:00,23.80000,86.00000,72.10000,118.40000,1.28370,406.57129
2025-06-26 05:27:45+07:00,23.90000,85.70000,71.30000,116.00000,1.29651,406.84100
2025-06-26 05:28:35+07:00,23.90000,85.50000,70.80000,112.60000,1.25526,406.77890
2025-06-26 05:29:24+07:00,23.80000,85.60000,69.80000,115.20000,1.31916,407.00464
2025-06-26 05:30:13+07:00,23.80000,85.50000,69.30000,116.90000,1.29009,406.87848
2025-06-26 05:31:03+07:00,23.80000,85.40000,68.20000,110.10000,1.24901,406.99194
2025-06-26 05:31:52+07:00,23.80000,85.40000,69.20000,111.20000,1.21202,406.82855
2025-06-26 05:32:41+07:00,23.70000,85.50000,69.30000,110.20000,1.32569,406.85345
2025-06-26 05:33:31+07:00,23.70000,85.60000,67.00000,108.50000,1.28689,407.22354
2025-06-26 05:34:20+07:00,23.60000,85.90000,65.30000,105.60000,1.29329,406.94131
2025-06-26 05:35:09+07:00,23.60000,86.00000,67.70000,108.00000,1.29009,406.99194
2025-06-26 05:35:59+07:00,23.70000,85.80000,64.70000,108.30000,1.30941,407.11984
2025-06-26 05:36:48+07:00,23.70000,85.60000,63.90000,107.40000,1.29009,407.06845
2025-06-26 05:37:38+07:00,23.70000,85.60000,66.70000,106.90000,1.29651,406.76654
2025-06-26 05:38:27+07:00,23.60000,85.90000,65.60000,104.20000,1.29651,406.81610
2025-06-26 05:39:16+07:00,23.50000,86.20000,64.30000,104.70000,1.29972,406.89099
2025-06-26 05:40:06+07:00,23.60000,85.90000,64.90000,105.50000,1.28370,406.87848
2025-06-26 05:40:55+07:00,23.60000,85.80000,62.90000,102.40000,1.30941,406.82855
2025-06-26 05:41:45+07:00,23.70000,85.50000,63.10000,102.10000,1.27416,406.75421
2025-06-26 05:42:34+07:00,23.70000,85.40000,64.00000,107.70000,1.23658,406.81610
2025-06-26 05:43:24+07:00,23.70000,85.30000,61.80000,106.10000,1.29651,407.09409
2025-06-26 05:44:13+07:00,23.70000,85.20000,62.00000,99.90000,1.28689,406.76654
2025-06-26 05:45:02+07:00,23.70000,85.30000,62.30000,99.60000,1.25839,406.60754
2025-06-26 05:45:52+07:00,23.70000,84.90000,59.50000,94.80000,1.31916,406.77890
2025-06-26 05:46:41+07:00,23.70000,84.90000,56.40000,92.70000,1.28370,407.03009
2025-06-26 05:47:30+07:00,23.60000,85.00000,53.70000,86.40000,1.37213,406.86597
2025-06-26 05:48:20+07:00,23.50000,85.10000,53.80000,84.40000,1.30941,407.01736
2025-06-26 05:49:09+07:00,23.60000,85.00000,53.40000,89.50000,1.28051,406.84100
2025-06-26 05:49:58+07:00,23.60000,84.80000,53.10000,83.40000,1.31916,406.94131
2025-06-26 05:50:48+07:00,23.50000,85.00000,53.30000,85.30000,1.29009,406.64395
2025-06-26 05:51:37+07:00,23.50000,85.10000,52.20000,82.90000,1.28051,406.64395
2025-06-26 05:52:26+07:00,23.50000,85.10000,51.90000,81.50000,1.23968,406.61966
2025-06-26 05:53:16+07:00,23.40000,85.10000,48.30000,72.20000,1.24589,406.54721
2025-06-26 05:54:05+07:00,23.50000,85.10000,47.80000,76.70000,1.32242,406.65613
2025-06-26 05:54:55+07:00,23.40000,85.10000,48.20000,76.50000,1.25213,406.74188
2025-06-26 05:55:44+07:00,23.50000,85.00000,47.70000,72.30000,1.23349,406.58337
2025-06-26 05:56:34+07:00,23.50000,84.90000,47.10000,75.40000,1.22732,406.58337
2025-06-26 05:57:23+07:00,23.50000,84.90000,48.60000,74.90000,1.20898,406.65613
2025-06-26 05:58:13+07:00,23.40000,85.10000,49.90000,78.60000,1.25839,406.60754
2025-06-26 05:59:02+07:00,23.50000,85.00000,50.00000,80.40000,1.24589,406.54721
2025-06-26 05:59:56+07:00,23.40000,85.00000,49.10000,76.60000,1.25839,406.58337
2025-06-26 06:00:45+07:00,23.40000,85.20000,49.20000,76.40000,1.26784,406.65613
2025-06-26 06:01:35+07:00,23.30000,85.50000,51.60000,81.90000,1.20291,406.60754
2025-06-26 06:02:24+07:00,23.30000,85.80000,56.60000,89.20000,1.17888,406.54721
2025-06-26 06:03:14+07:00,23.30000,85.90000,58.00000,96.70000,1.24278,406.71729
2025-06-26 06:04:07+07:00,23.30000,86.10000,54.20000,87.60000,1.20898,406.65613
2025-06-26 06:04:56+07:00,23.30000,86.10000,55.50000,89.00000,1.19687,406.48737
2025-06-26 06:05:46+07:00,23.30000,86.00000,61.60000,96.40000,1.13776,406.53522
2025-06-26 06:06:35+07:00,23.30000,85.90000,67.30000,107.80000,1.19085,406.74188
2025-06-26 06:07:25+07:00,23.20000,86.20000,69.20000,109.00000,1.25213,407.08127
2025-06-26 06:08:15+07:00,23.20000,86.20000,62.90000,102.60000,1.21507,406.92871
2025-06-26 06:09:04+07:00,23.20000,86.30000,69.60000,111.50000,1.30941,407.00464
2025-06-26 06:09:53+07:00,23.30000,86.10000,67.80000,110.30000,1.28370,407.17154
2025-06-26 06:10:43+07:00,23.30000,86.00000,72.70000,114.80000,1.29972,407.21051
2025-06-26 06:11:32+07:00,23.40000,85.80000,72.10000,119.90000,1.33225,407.23660
2025-06-26 06:12:22+07:00,23.40000,85.70000,73.50000,119.30000,1.34875,407.32852
2025-06-26 06:13:11+07:00,23.40000,85.90000,79.70000,133.39999,1.37550,407.58295
2025-06-26 06:14:01+07:00,23.30000,86.10000,77.00000,123.50000,1.48678,407.43475
2025-06-26 06:14:50+07:00,23.30000,86.10000,74.40000,123.00000,1.36207,407.77509
2025-06-26 06:15:40+07:00,23.30000,86.10000,75.80000,123.10000,1.43724,407.59653
2025-06-26 06:16:29+07:00,23.40000,86.00000,70.50000,116.10000,1.41297,407.58295
2025-06-26 06:17:19+07:00,23.40000,85.70000,71.90000,114.80000,1.38564,407.63742
2025-06-26 06:18:08+07:00,23.40000,85.60000,68.40000,112.90000,1.35207,407.58295
2025-06-26 06:18:57+07:00,23.40000,85.50000,71.50000,120.60000,1.35540,407.52878
2025-06-26 06:19:47+07:00,23.40000,85.40000,67.20000,109.00000,1.44073,407.51526
2025-06-26 06:20:36+07:00,23.50000,85.20000,62.60000,100.70000,1.40953,407.11984
2025-06-26 06:21:26+07:00,23.40000,85.30000,60.60000,103.50000,1.41987,407.66479
2025-06-26 06:22:15+07:00,23.40000,85.30000,62.80000,100.30000,1.45126,407.30215
2025-06-26 06:23:08+07:00,23.40000,85.10000,60.80000,104.40000,1.41987,407.38147
2025-06-26 06:24:00+07:00,23.50000,85.10000,60.70000,104.70000,1.41297,407.38147
2025-06-26 06:24:50+07:00,23.50000,84.80000,56.40000,97.00000,1.32897,407.50180
2025-06-26 06:25:39+07:00,23.50000,84.60000,55.50000,89.70000,1.45478,407.32852
2025-06-26 06:26:29+07:00,23.60000,84.30000,56.20000,93.30000,1.39584,407.30215
2025-06-26 06:27:18+07:00,23.60000,84.00000,56.10000,89.70000,1.38564,407.44812
2025-06-26 06:28:08+07:00,23.70000,83.70000,52.50000,90.40000,1.39243,407.17154
2025-06-26 06:28:57+07:00,23.90000,83.20000,54.60000,88.70000,1.38903,407.34174
2025-06-26 06:29:47+07:00,23.90000,82.80000,54.10000,88.40000,1.40953,407.14563
2025-06-26 06:30:36+07:00,23.90000,82.70000,53.10000,86.70000,1.39925,407.73358
2025-06-26 06:31:28+07:00,23.90000,82.80000,51.60000,85.10000,1.37550,407.51526
2025-06-26 06:32:18+07:00,24.00000,82.50000,52.40000,83.40000,1.36877,407.38147
2025-06-26 06:33:07+07:00,24.10000,82.20000,52.80000,86.10000,1.35873,407.03009
2025-06-26 06:33:57+07:00,24.10000,81.70000,52.50000,85.00000,1.37550,407.26276
2025-06-26 06:34:46+07:00,24.10000,81.50000,51.60000,82.20000,1.39243,407.44812
2025-06-26 06:35:35+07:00,24.10000,81.30000,51.60000,81.50000,1.41642,407.11984
2025-06-26 06:36:25+07:00,24.10000,81.40000,50.20000,81.70000,1.37887,407.39478
2025-06-26 06:37:14+07:00,24.10000,81.40000,51.20000,84.00000,1.38903,407.50180
2025-06-26 06:38:03+07:00,24.20000,81.20000,50.90000,82.20000,1.33553,407.31531
2025-06-26 06:38:53+07:00,24.30000,81.00000,51.20000,85.90000,1.27416,407.06845
2025-06-26 06:39:42+07:00,24.40000,80.90000,51.40000,87.30000,1.38564,407.15857
2025-06-26 06:40:31+07:00,24.40000,80.70000,53.60000,85.40000,1.38903,407.39478
2025-06-26 06:41:21+07:00,24.40000,80.50000,55.60000,90.20000,1.43375,407.19751
2025-06-26 06:42:10+07:00,24.40000,80.50000,57.40000,93.20000,1.37887,407.30215
2025-06-26 06:43:00+07:00,24.30000,80.40000,57.00000,89.10000,1.36542,407.30215
2025-06-26 06:43:49+07:00,24.30000,80.50000,56.50000,88.90000,1.41642,407.31531
2025-06-26 06:44:39+07:00,24.20000,80.70000,55.90000,91.10000,1.38564,406.92871
2025-06-26 06:45:28+07:00,24.30000,80.60000,58.30000,90.60000,1.40953,407.32852
2025-06-26 06:46:17+07:00,24.40000,80.40000,55.40000,86.30000,1.43724,407.47491
2025-06-26 06:47:07+07:00,24.40000,80.30000,55.10000,85.50000,1.43724,407.34174
2025-06-26 06:47:56+07:00,24.50000,80.20000,56.70000,82.30000,1.41642,407.30215
2025-06-26 06:48:45+07:00,24.50000,80.10000,56.00000,86.90000,1.43027,407.05563
2025-06-26 06:49:35+07:00,24.50000,79.80000,53.50000,83.90000,1.44423,407.40808
2025-06-26 06:50:24+07:00,24.50000,80.00000,56.60000,88.20000,1.50118,407.48834
2025-06-26 06:51:14+07:00,24.60000,79.70000,56.20000,88.20000,1.34875,407.58295
2025-06-26 06:52:04+07:00,24.60000,80.00000,57.40000,96.70000,1.39925,407.46152
2025-06-26 06:52:54+07:00,24.70000,79.50000,56.90000,90.40000,1.46184,407.50180
2025-06-26 06:53:43+07:00,24.60000,79.50000,57.50000,86.00000,1.47249,407.42139
2025-06-26 06:54:33+07:00,24.60000,79.60000,56.20000,91.00000,1.47249,407.32852
2025-06-26 06:55:33+07:00,24.50000,79.90000,59.00000,94.10000,1.43027,407.08127
2025-06-26 06:56:22+07:00,24.60000,79.70000,56.10000,86.40000,1.41987,407.46152
2025-06-26 06:57:13+07:00,24.70000,79.80000,56.40000,88.70000,1.40953,407.38147
2025-06-26 06:58:02+07:00,24.80000,79.40000,57.80000,90.70000,1.40953,407.44812
2025-06-26 06:58:52+07:00,25.00000,79.10000,58.50000,97.40000,1.47962,407.43475
2025-06-26 06:59:42+07:00,25.00000,79.00000,60.20000,94.00000,1.40953,407.48834
2025-06-26 07:00:31+07:00,25.10000,78.60000,58.10000,97.60000,1.41297,407.50180
2025-06-26 07:01:21+07:00,25.10000,78.40000,55.80000,88.80000,1.49397,407.50180
2025-06-26 07:02:10+07:00,25.10000,78.40000,50.80000,81.10000,1.25839,407.52878
2025-06-26 07:03:00+07:00,25.10000,78.30000,52.30000,84.60000,1.41297,407.54227
2025-06-26 07:03:50+07:00,25.20000,78.10000,51.80000,85.60000,1.46893,407.42139
2025-06-26 07:04:39+07:00,25.20000,78.30000,52.60000,88.60000,1.37550,407.46152
2025-06-26 07:05:31+07:00,25.20000,78.40000,52.10000,81.50000,1.45830,407.32852
2025-06-26 07:06:21+07:00,25.20000,78.60000,51.80000,84.10000,1.45126,407.35495
2025-06-26 07:07:11+07:00,25.30000,78.40000,50.50000,80.00000,1.34544,407.36819
2025-06-26 07:08:01+07:00,25.30000,78.30000,51.30000,81.10000,1.46184,407.34174
2025-06-26 07:08:50+07:00,25.40000,78.20000,50.30000,84.20000,1.57866,407.80286
2025-06-26 07:09:40+07:00,25.40000,78.20000,50.30000,83.90000,1.65933,410.70764
2025-06-26 07:10:29+07:00,25.50000,78.10000,50.20000,79.60000,2.36417,412.95975
2025-06-26 07:11:18+07:00,25.50000,78.10000,51.60000,81.60000,2.48694,411.45618
2025-06-26 07:12:08+07:00,25.50000,77.80000,48.80000,79.50000,2.19674,410.67136
2025-06-26 07:12:57+07:00,25.50000,77.80000,50.20000,81.00000,1.99778,409.86481
2025-06-26 07:13:46+07:00,25.50000,77.70000,52.20000,80.80000,2.02067,409.28641
2025-06-26 07:14:36+07:00,25.50000,77.20000,48.80000,75.20000,1.81797,408.78293
2025-06-26 07:15:25+07:00,25.50000,77.30000,49.90000,76.60000,1.83916,408.52496
2025-06-26 07:16:14+07:00,25.60000,77.10000,49.10000,76.80000,1.72299,408.25882
2025-06-26 07:17:04+07:00,25.70000,77.00000,48.70000,77.70000,1.67901,408.50998
2025-06-26 07:17:53+07:00,25.70000,76.80000,49.20000,78.30000,1.70690,407.77509
2025-06-26 07:18:43+07:00,25.80000,76.60000,49.60000,77.40000,1.63595,407.59653
2025-06-26 07:19:32+07:00,25.80000,76.70000,47.00000,73.10000,1.60519,408.04239
2025-06-26 07:20:22+07:00,25.90000,76.90000,45.20000,74.70000,1.60901,407.85867
2025-06-26 07:21:12+07:00,25.90000,76.70000,48.40000,74.70000,1.67901,408.04239
2025-06-26 07:22:01+07:00,26.00000,76.40000,51.30000,82.50000,1.59377,407.90076
2025-06-26 07:22:51+07:00,25.90000,76.30000,51.00000,77.70000,1.54877,408.01389
2025-06-26 07:23:40+07:00,25.80000,76.60000,51.50000,76.40000,1.63208,407.67850
2025-06-26 07:24:29+07:00,25.80000,76.80000,51.40000,85.50000,1.52666,407.65109
2025-06-26 07:25:19+07:00,25.90000,76.70000,54.10000,84.60000,1.58243,407.88672
2025-06-26 07:26:08+07:00,26.00000,76.50000,50.70000,75.00000,1.50843,408.02814
2025-06-26 07:26:58+07:00,25.80000,77.10000,49.90000,75.40000,1.57490,407.74741
2025-06-26 07:27:47+07:00,25.90000,77.30000,49.30000,77.10000,1.49757,407.77509
2025-06-26 07:28:36+07:00,26.00000,77.40000,50.70000,77.40000,1.57866,407.77509
2025-06-26 07:29:26+07:00,26.10000,77.10000,51.40000,83.40000,1.52300,407.80286
2025-06-26 07:30:15+07:00,26.00000,76.90000,52.40000,84.80000,1.44774,407.63742
2025-06-26 07:31:05+07:00,26.00000,76.70000,51.60000,86.00000,1.49397,407.85867
2025-06-26 07:31:54+07:00,26.10000,76.60000,51.10000,80.10000,1.39925,407.90076
2025-06-26 07:32:43+07:00,26.10000,76.60000,51.80000,82.80000,1.50843,407.85867
2025-06-26 07:33:35+07:00,26.20000,76.70000,48.50000,80.30000,1.53400,407.70599
2025-06-26 07:34:25+07:00,26.30000,76.60000,50.90000,76.40000,1.52300,407.92892
2025-06-26 07:35:14+07:00,26.30000,76.70000,50.60000,77.90000,1.57114,407.87268
2025-06-26 07:36:03+07:00,26.30000,76.50000,51.80000,76.60000,1.51206,407.91483
2025-06-26 07:36:53+07:00,26.30000,76.60000,53.00000,86.40000,1.51570,407.80286
2025-06-26 07:37:42+07:00,26.30000,76.40000,51.50000,78.80000,1.45126,407.71979
2025-06-26 07:38:32+07:00,26.30000,76.10000,51.20000,78.80000,1.45830,407.73358
2025-06-26 07:39:22+07:00,26.40000,75.60000,41.70000,63.10000,1.47962,407.63742
2025-06-26 07:40:11+07:00,26.50000,74.70000,43.80000,68.40000,1.40953,408.01389
2025-06-26 07:41:01+07:00,26.50000,74.70000,46.50000,70.50000,1.43724,407.76123
2025-06-26 07:41:50+07:00,26.60000,74.90000,45.50000,67.60000,1.47249,407.46152
2025-06-26 07:42:40+07:00,26.60000,75.10000,43.90000,64.10000,1.50843,407.18451
2025-06-26 07:43:29+07:00,26.60000,74.40000,43.70000,70.30000,1.37887,407.61014
2025-06-26 07:44:19+07:00,26.60000,74.40000,43.90000,69.60000,1.37213,407.51526
2025-06-26 07:45:09+07:00,26.70000,74.40000,47.40000,76.50000,1.46184,407.35495
2025-06-26 07:45:58+07:00,26.50000,74.40000,50.30000,76.40000,1.45126,407.40808
2025-06-26 07:46:47+07:00,26.30000,74.90000,49.40000,81.20000,1.41297,407.34174
2025-06-26 07:47:37+07:00,26.30000,75.20000,50.00000,77.20000,1.41987,407.50180
2025-06-26 07:48:27+07:00,26.40000,75.00000,52.60000,78.00000,1.39584,407.32852
2025-06-26 07:49:16+07:00,26.30000,74.40000,51.20000,74.60000,1.44774,407.31531
2025-06-26 07:50:06+07:00,26.30000,74.40000,52.60000,78.50000,1.39925,407.31531
2025-06-26 07:50:55+07:00,26.30000,74.20000,53.70000,77.70000,1.36207,407.36819
2025-06-26 07:51:45+07:00,26.30000,74.00000,49.40000,76.70000,1.34213,407.13272
2025-06-26 07:52:34+07:00,26.20000,74.40000,50.70000,76.60000,1.46893,407.04285
2025-06-26 07:53:27+07:00,26.40000,74.40000,44.20000,66.40000,1.29972,407.39478
2025-06-26 07:54:17+07:00,26.50000,73.70000,43.40000,65.60000,1.32242,407.04285
2025-06-26 07:55:06+07:00,26.60000,73.30000,44.20000,68.60000,1.35873,407.23660
2025-06-26 07:55:55+07:00,26.60000,73.30000,46.30000,68.40000,1.35540,407.17154
2025-06-26 07:56:45+07:00,26.70000,73.70000,46.70000,67.20000,1.32897,406.99194
2025-06-26 07:57:34+07:00,26.70000,73.50000,44.40000,64.40000,1.30618,407.15857
2025-06-26 07:58:24+07:00,26.70000,72.80000,37.80000,59.30000,1.31916,406.97925
2025-06-26 07:59:13+07:00,26.70000,72.20000,39.00000,60.10000,1.29009,407.18451
2025-06-26 08:00:03+07:00,26.80000,72.20000,39.70000,61.30000,1.27734,406.91614
2025-06-26 08:00:52+07:00,26.80000,72.40000,44.00000,66.10000,1.26468,406.75421
2025-06-26 08:01:41+07:00,26.90000,72.70000,44.30000,70.10000,1.37213,406.90356
2025-06-26 08:02:31+07:00,26.90000,72.90000,46.10000,67.40000,1.31266,406.92871
2025-06-26 08:03:20+07:00,26.90000,73.30000,46.20000,67.60000,1.24589,406.95395
2025-06-26 08:04:10+07:00,27.00000,73.30000,44.40000,70.90000,1.33225,407.14563
2025-06-26 08:04:59+07:00,27.00000,73.00000,41.90000,66.10000,1.26784,406.94131
2025-06-26 08:05:48+07:00,27.00000,72.60000,42.00000,66.00000,1.18785,407.06845
2025-06-26 08:06:38+07:00,27.00000,72.90000,39.90000,64.50000,1.14357,406.90356
2025-06-26 08:07:27+07:00,27.00000,72.70000,39.40000,60.40000,1.29329,406.74188
2025-06-26 08:08:17+07:00,26.90000,72.80000,40.10000,63.30000,1.26154,406.92871
2025-06-26 08:09:07+07:00,26.90000,72.90000,37.70000,58.60000,1.30295,406.76654
2025-06-26 08:09:57+07:00,27.00000,72.90000,39.00000,64.30000,1.24589,406.90356
2025-06-26 08:10:46+07:00,27.10000,73.00000,38.60000,62.20000,1.21812,406.91614
2025-06-26 08:11:36+07:00,27.10000,72.90000,40.90000,59.30000,1.24589,407.13272
2025-06-26 08:12:25+07:00,27.20000,72.60000,39.40000,60.90000,1.18785,406.80368
2025-06-26 08:13:14+07:00,27.20000,72.10000,40.60000,65.40000,1.24901,406.80368
2025-06-26 08:14:04+07:00,27.20000,71.50000,39.30000,60.50000,1.19988,406.66833
2025-06-26 08:14:53+07:00,27.10000,71.80000,39.10000,61.40000,1.22118,406.92871
2025-06-26 08:15:43+07:00,27.10000,71.80000,40.20000,58.60000,1.18187,406.90356
2025-06-26 08:16:32+07:00,27.00000,71.90000,40.10000,59.10000,1.16997,406.48737
2025-06-26 08:17:21+07:00,26.90000,72.30000,39.40000,55.70000,1.13487,406.55923
2025-06-26 08:18:11+07:00,27.00000,72.40000,39.10000,58.50000,1.14066,406.85345
2025-06-26 08:19:00+07:00,27.10000,72.50000,40.50000,61.30000,1.24278,406.87848
2025-06-26 08:19:50+07:00,27.20000,72.10000,41.00000,62.60000,1.17888,407.11984
2025-06-26 08:20:39+07:00,27.20000,72.30000,42.20000,65.10000,1.14939,406.86597
2025-06-26 08:21:28+07:00,27.10000,72.60000,41.50000,64.70000,1.19988,406.79129
2025-06-26 08:22:21+07:00,27.10000,72.80000,43.50000,62.20000,1.12623,406.70502
2025-06-26 08:23:10+07:00,27.10000,72.70000,44.70000,70.10000,1.18485,406.71729
2025-06-26 08:23:59+07:00,26.90000,73.00000,45.30000,68.90000,1.18485,406.65613
2025-06-26 08:24:49+07:00,26.90000,73.10000,45.50000,65.20000,1.21202,406.66833
2025-06-26 08:25:38+07:00,26.80000,73.10000,44.80000,73.00000,1.17591,407.15857
2025-06-26 08:26:28+07:00,26.80000,73.20000,44.10000,67.50000,1.15524,406.82855
2025-06-26 08:27:17+07:00,26.70000,73.40000,46.30000,72.70000,1.20594,406.82855
2025-06-26 08:28:06+07:00,26.50000,73.60000,44.30000,68.10000,1.19988,406.79129
2025-06-26 08:29:00+07:00,26.50000,74.00000,45.90000,71.30000,1.23658,406.77890
2025-06-26 08:29:49+07:00,26.50000,74.00000,45.80000,68.60000,1.08937,406.75421
2025-06-26 08:30:42+07:00,26.60000,74.30000,45.10000,69.00000,1.19085,406.84100
2025-06-26 08:31:31+07:00,26.70000,74.10000,48.20000,74.10000,1.14939,406.92871
2025-06-26 08:32:21+07:00,26.80000,74.00000,48.80000,72.20000,1.16702,406.76654
2025-06-26 08:33:14+07:00,26.90000,73.80000,48.50000,73.60000,1.20291,406.91614
2025-06-26 08:34:04+07:00,26.90000,73.80000,49.40000,81.60000,1.16997,406.81610
2025-06-26 08:34:54+07:00,26.90000,73.80000,48.50000,71.40000,1.23040,406.80368
2025-06-26 08:35:44+07:00,26.80000,73.90000,47.50000,70.60000,1.16406,406.46353
2025-06-26 08:36:34+07:00,26.80000,73.70000,46.30000,65.00000,1.16702,407.04285
2025-06-26 08:37:23+07:00,26.90000,73.90000,44.60000,66.90000,1.19687,406.43979
2025-06-26 08:38:13+07:00,26.90000,73.80000,47.60000,70.00000,1.16702,406.69278
2025-06-26 08:39:02+07:00,27.10000,73.90000,45.80000,69.00000,1.19687,406.91614
2025-06-26 08:39:52+07:00,27.10000,73.80000,43.30000,65.50000,1.15232,407.08127
2025-06-26 08:40:41+07:00,27.10000,73.70000,39.70000,59.70000,1.14648,406.71729
2025-06-26 08:41:31+07:00,27.10000,74.00000,33.00000,47.70000,1.06168,406.76654
2025-06-26 08:42:21+07:00,27.00000,74.20000,30.60000,44.20000,1.15524,406.63181
2025-06-26 08:43:10+07:00,27.00000,74.00000,29.50000,40.80000,1.18785,406.58337
2025-06-26 08:43:59+07:00,27.00000,73.90000,27.50000,43.50000,1.19085,406.24084
2025-06-26 08:44:49+07:00,27.00000,73.10000,28.00000,40.00000,1.12336,406.47543
2025-06-26 08:46:31+07:00,27.00000,73.10000,25.20000,35.70000,1.11763,406.35724
2025-06-26 08:47:21+07:00,27.00000,73.50000,24.00000,34.90000,1.05076,406.42795
2025-06-26 08:48:10+07:00,27.00000,73.20000,24.70000,35.60000,1.06442,406.06958
2025-06-26 08:48:59+07:00,27.00000,73.60000,25.00000,39.30000,1.05894,406.34552
2025-06-26 08:49:49+07:00,27.00000,74.70000,23.60000,35.80000,1.03993,406.35724
2025-06-26 08:50:39+07:00,27.00000,73.70000,24.40000,33.40000,1.06993,405.93536
2025-06-26 08:51:28+07:00,27.10000,73.60000,25.20000,37.30000,1.12910,406.12622
2025-06-26 08:52:22+07:00,27.10000,73.50000,24.20000,34.30000,1.04804,406.03577
2025-06-26 08:53:14+07:00,27.10000,73.50000,24.60000,36.60000,1.06993,406.25241
2025-06-26 08:54:03+07:00,27.10000,73.60000,24.60000,36.40000,1.12623,406.04703
2025-06-26 08:54:55+07:00,27.10000,73.70000,25.40000,35.70000,1.06442,405.92429
2025-06-26 08:55:48+07:00,27.10000,72.90000,25.50000,39.00000,1.06442,406.10352
2025-06-26 08:56:38+07:00,27.10000,73.80000,25.20000,38.80000,1.07269,405.63165
2025-06-26 08:57:27+07:00,27.10000,73.60000,24.20000,34.80000,1.05348,406.03577
2025-06-26 08:58:17+07:00,27.20000,73.70000,24.10000,37.50000,1.06993,406.13760
2025-06-26 08:59:06+07:00,27.20000,73.50000,24.20000,33.10000,1.06168,405.86917
2025-06-26 08:59:58+07:00,27.20000,74.40000,24.20000,35.40000,1.02119,406.14902
2025-06-26 09:00:48+07:00,27.20000,73.70000,24.70000,36.80000,1.01589,405.83630
2025-06-26 09:01:37+07:00,27.10000,73.90000,23.50000,34.50000,1.00534,405.73862
2025-06-26 09:02:26+07:00,27.20000,73.80000,21.50000,30.10000,1.03993,405.95755
2025-06-26 09:03:16+07:00,27.10000,73.50000,21.10000,31.10000,1.00010,406.16043
2025-06-26 09:04:05+07:00,27.10000,73.50000,20.70000,29.50000,1.06993,405.78186
2025-06-26 09:04:55+07:00,27.10000,73.70000,20.70000,30.70000,1.00010,405.95755
2025-06-26 09:05:44+07:00,27.20000,73.60000,20.20000,27.50000,1.02652,405.93536
2025-06-26 09:06:34+07:00,27.20000,73.50000,20.10000,27.30000,1.06442,406.55923
2025-06-26 09:07:23+07:00,27.30000,73.60000,20.00000,29.30000,0.98710,405.97983
2025-06-26 09:08:13+07:00,27.20000,73.20000,19.40000,26.70000,1.03724,405.89117
2025-06-26 09:09:02+07:00,27.30000,73.20000,20.50000,31.00000,1.02919,405.64230
2025-06-26 09:09:51+07:00,27.40000,73.30000,21.20000,30.40000,1.04533,405.74942
2025-06-26 09:10:41+07:00,27.40000,73.20000,20.20000,31.70000,0.99489,405.69565
2025-06-26 09:11:30+07:00,27.40000,73.10000,20.40000,28.10000,0.93642,405.76022
2025-06-26 09:12:20+07:00,27.40000,73.20000,18.80000,27.20000,0.98452,405.78186
2025-06-26 09:13:09+07:00,27.40000,72.60000,19.40000,29.10000,0.94639,405.62106
2025-06-26 09:13:58+07:00,27.40000,72.40000,19.50000,26.80000,0.97167,405.80359
2025-06-26 09:14:48+07:00,27.40000,72.80000,19.10000,27.90000,0.96403,405.86917
2025-06-26 09:15:37+07:00,27.50000,73.10000,18.60000,27.30000,0.96403,405.89117
2025-06-26 09:16:26+07:00,27.60000,72.70000,19.20000,28.50000,1.01854,405.69565
2025-06-26 09:17:16+07:00,27.60000,72.70000,18.50000,31.20000,0.99749,405.76022
2025-06-26 09:18:05+07:00,27.60000,72.90000,19.50000,25.10000,0.97423,405.65292
2025-06-26 09:18:55+07:00,27.60000,73.20000,18.10000,24.60000,0.97936,405.73862
2025-06-26 09:19:44+07:00,27.60000,72.10000,17.90000,26.90000,1.00534,405.67426
2025-06-26 09:20:33+07:00,27.60000,71.70000,16.00000,24.90000,0.98710,405.47430
2025-06-26 09:21:23+07:00,27.60000,71.60000,15.90000,23.10000,0.97679,405.71710
2025-06-26 09:22:12+07:00,27.60000,70.90000,16.10000,23.00000,0.98710,405.46396
2025-06-26 09:23:01+07:00,27.60000,71.40000,16.90000,26.50000,0.99749,405.37143
2025-06-26 09:23:51+07:00,27.70000,71.00000,16.60000,21.90000,0.97679,405.67426
2025-06-26 09:24:40+07:00,27.60000,70.90000,17.60000,24.50000,0.97167,405.65292
2025-06-26 09:25:32+07:00,27.60000,71.00000,16.80000,24.20000,0.94389,405.64230
2025-06-26 09:26:22+07:00,27.70000,71.60000,16.50000,23.20000,0.94889,405.61047
2025-06-26 09:27:11+07:00,27.70000,71.10000,16.90000,22.10000,0.97679,405.54730
2025-06-26 09:28:01+07:00,27.70000,70.20000,17.60000,23.50000,0.95392,405.58936
2025-06-26 09:28:50+07:00,27.60000,70.40000,17.50000,22.50000,0.94139,405.53680
2025-06-26 09:29:39+07:00,27.60000,69.90000,16.80000,21.50000,0.97936,405.67426
2025-06-26 09:30:29+07:00,27.60000,69.90000,17.60000,24.20000,0.95896,405.66357
2025-06-26 09:31:18+07:00,27.60000,70.30000,19.40000,26.40000,0.96403,405.71710
2025-06-26 09:32:08+07:00,27.60000,70.00000,18.60000,25.40000,0.92162,405.57883
2025-06-26 09:34:00+07:00,27.60000,70.90000,22.00000,32.10000,0.91917,405.69565
2025-06-26 09:34:50+07:00,27.60000,71.70000,20.20000,29.20000,0.96403,405.78186
2025-06-26 09:35:39+07:00,27.50000,71.50000,19.90000,29.30000,0.97679,405.53680
2025-06-26 09:36:28+07:00,27.50000,71.70000,20.40000,29.60000,0.96149,405.74942
2025-06-26 09:37:18+07:00,27.60000,71.50000,18.90000,25.60000,0.94639,405.54730
2025-06-26 09:38:07+07:00,27.60000,70.20000,19.10000,27.00000,0.97167,405.76022
2025-06-26 09:38:56+07:00,27.60000,70.70000,19.90000,30.90000,0.95140,405.48468
2025-06-26 09:39:46+07:00,27.60000,70.50000,21.40000,31.40000,0.91673,405.72784
2025-06-26 09:40:35+07:00,27.70000,71.00000,21.00000,29.60000,0.98452,405.83630
2025-06-26 09:41:25+07:00,27.80000,70.90000,20.60000,28.00000,0.94389,405.71710
2025-06-26 09:42:14+07:00,27.80000,69.80000,19.60000,27.30000,0.93642,405.73862
2025-06-26 09:43:03+07:00,27.80000,70.60000,18.60000,25.30000,0.93642,405.31049
2025-06-26 09:43:53+07:00,27.90000,70.70000,17.10000,21.50000,0.94889,406.00214
2025-06-26 09:44:42+07:00,27.90000,70.70000,15.80000,20.90000,0.94389,406.17187
2025-06-26 09:45:32+07:00,27.90000,70.70000,16.40000,22.10000,0.93394,405.54730
2025-06-26 09:46:21+07:00,27.90000,71.50000,16.60000,23.40000,0.94389,405.63165
2025-06-26 09:47:10+07:00,27.90000,71.80000,15.80000,21.40000,0.94389,405.32059
2025-06-26 09:48:00+07:00,27.90000,71.40000,16.30000,21.30000,0.93890,405.64230
2025-06-26 09:48:49+07:00,28.00000,71.20000,16.20000,25.00000,1.01060,405.65292
2025-06-26 09:49:38+07:00,28.00000,70.80000,15.50000,19.50000,0.91917,405.58936
2025-06-26 09:50:28+07:00,27.90000,70.50000,16.20000,20.60000,0.91186,405.51593
2025-06-26 09:51:18+07:00,28.00000,70.90000,15.60000,20.20000,0.97423,405.55777
2025-06-26 09:52:08+07:00,28.10000,70.60000,16.20000,21.60000,0.92653,405.55777
2025-06-26 09:52:57+07:00,28.00000,70.40000,14.90000,19.90000,0.94639,405.44330
2025-06-26 09:53:51+07:00,28.00000,70.50000,15.30000,22.20000,0.88781,405.53680
2025-06-26 09:54:41+07:00,28.00000,70.00000,15.00000,20.90000,0.96149,405.65292
2025-06-26 09:55:30+07:00,28.10000,69.90000,14.90000,19.00000,0.94889,405.58936
2025-06-26 09:56:19+07:00,28.00000,69.90000,16.70000,23.10000,0.99749,405.63165
2025-06-26 09:57:09+07:00,28.10000,70.40000,14.90000,20.50000,0.91673,405.54730
2025-06-26 09:57:58+07:00,28.10000,70.50000,13.60000,16.80000,0.94889,405.61047
2025-06-26 09:58:48+07:00,28.20000,69.80000,13.40000,20.10000,0.92162,405.51593
2025-06-26 09:59:37+07:00,28.20000,70.40000,13.80000,18.00000,0.87128,405.42267
2025-06-26 10:00:27+07:00,28.20000,70.90000,13.40000,17.40000,0.93642,405.56830
2025-06-26 10:01:18+07:00,28.30000,70.40000,14.30000,19.60000,0.90701,405.41238
2025-06-26 10:02:08+07:00,28.30000,71.00000,14.20000,18.10000,0.90459,405.28021
2025-06-26 10:02:57+07:00,28.40000,70.10000,14.50000,19.80000,0.92407,405.34088
2025-06-26 10:03:47+07:00,28.40000,70.10000,14.30000,18.80000,0.87833,405.25009
2025-06-26 10:04:36+07:00,28.50000,70.40000,14.20000,17.20000,0.92162,405.31049
2025-06-26 10:05:25+07:00,28.50000,69.10000,13.70000,17.00000,0.92900,405.54730
2025-06-26 10:06:16+07:00,28.40000,69.40000,14.40000,18.20000,0.89977,405.40213
2025-06-26 10:07:05+07:00,28.40000,69.20000,13.60000,18.00000,0.91186,405.39188
2025-06-26 10:07:55+07:00,28.30000,68.80000,14.60000,19.90000,0.90218,405.28021
2025-06-26 10:08:44+07:00,28.20000,70.10000,14.80000,22.90000,0.93146,405.19025
2025-06-26 10:09:34+07:00,28.30000,70.30000,15.00000,19.20000,0.88781,405.21014
2025-06-26 10:10:25+07:00,28.30000,70.50000,13.10000,16.40000,0.88781,405.26010
2025-06-26 10:11:17+07:00,28.30000,69.80000,13.40000,16.60000,0.85730,405.42267
2025-06-26 10:13:02+07:00,28.30000,69.30000,13.10000,20.20000,0.89737,405.47430
2025-06-26 10:13:54+07:00,28.40000,69.70000,13.50000,17.10000,0.85730,405.47430
2025-06-26 10:14:43+07:00,28.40000,69.40000,12.80000,18.30000,0.91673,405.32059
2025-06-26 10:15:33+07:00,28.40000,68.70000,13.40000,21.30000,0.88306,405.13098
2025-06-26 10:16:22+07:00,28.40000,68.50000,12.10000,15.10000,0.88306,405.36124
2025-06-26 10:17:12+07:00,28.30000,68.60000,12.70000,17.10000,0.93394,405.53680
2025-06-26 10:18:01+07:00,28.40000,68.20000,12.40000,16.80000,0.89737,405.35104
2025-06-26 10:18:51+07:00,28.40000,68.40000,12.10000,15.90000,0.89977,405.25009
2025-06-26 10:19:40+07:00,28.30000,68.40000,13.10000,16.40000,0.88781,405.24005
2025-06-26 10:20:30+07:00,28.30000,68.80000,11.30000,14.80000,0.82988,405.41238
2025-06-26 10:21:22+07:00,28.30000,68.10000,11.10000,14.60000,0.86660,405.45361
2025-06-26 10:22:12+07:00,28.30000,68.40000,11.00000,15.30000,0.86894,405.29028
2025-06-26 10:23:01+07:00,28.30000,68.80000,11.60000,17.30000,0.89497,405.26010
2025-06-26 10:23:51+07:00,28.40000,69.20000,11.40000,16.50000,0.87128,405.20020
2025-06-26 10:24:40+07:00,28.30000,67.90000,11.80000,14.80000,0.87363,405.24005
2025-06-26 10:25:30+07:00,28.40000,68.20000,12.10000,14.90000,0.86894,405.10156
2025-06-26 10:26:19+07:00,28.40000,68.00000,12.30000,16.40000,0.83667,405.30035
2025-06-26 10:27:09+07:00,28.40000,68.30000,11.20000,17.80000,0.87128,405.18033
2025-06-26 10:28:02+07:00,28.40000,67.30000,11.70000,14.20000,0.87598,405.08200
2025-06-26 10:28:51+07:00,28.40000,68.10000,11.70000,15.60000,0.86660,405.15067
2025-06-26 10:29:40+07:00,28.40000,68.20000,11.40000,14.80000,0.81420,405.34088
2025-06-26 10:30:30+07:00,28.40000,67.60000,11.50000,13.90000,0.88781,405.33072
2025-06-26 10:31:19+07:00,28.50000,68.00000,12.10000,16.00000,0.86427,405.35104
2025-06-26 10:32:09+07:00,28.60000,69.20000,12.30000,19.20000,0.85038,405.54730
2025-06-26 10:32:58+07:00,28.60000,68.70000,12.10000,16.30000,0.78570,405.29028
2025-06-26 10:33:50+07:00,28.70000,68.60000,12.10000,16.70000,0.85499,404.98523
2025-06-26 10:34:40+07:00,28.60000,67.70000,12.40000,16.30000,0.87128,405.28021
2025-06-26 10:35:29+07:00,28.60000,67.90000,12.20000,16.30000,0.83667,405.21014
2025-06-26 10:36:19+07:00,28.50000,67.60000,12.20000,18.10000,0.93394,405.23007
2025-06-26 10:37:08+07:00,28.50000,68.40000,12.60000,18.10000,0.84122,405.18033
2025-06-26 10:37:57+07:00,28.50000,68.60000,11.80000,17.00000,0.86894,405.06253
2025-06-26 10:38:47+07:00,28.60000,67.90000,12.20000,16.90000,0.83894,405.28021
2025-06-26 10:39:36+07:00,28.60000,68.10000,12.50000,16.00000,0.80095,405.25009
2025-06-26 10:40:26+07:00,28.60000,68.10000,12.30000,16.50000,0.85499,405.37143
2025-06-26 10:41:15+07:00,28.60000,67.60000,11.90000,16.30000,0.85499,405.21014
2025-06-26 10:42:04+07:00,28.60000,67.50000,11.60000,16.80000,0.81865,405.45361
2025-06-26 10:42:54+07:00,28.70000,66.90000,12.00000,16.90000,0.84808,405.18033
2025-06-26 10:43:43+07:00,28.70000,67.20000,11.80000,15.20000,0.84122,405.21014
2025-06-26 10:44:36+07:00,28.70000,67.10000,11.70000,14.00000,0.93890,405.01410
2025-06-26 10:45:25+07:00,28.70000,67.30000,12.00000,19.00000,0.84808,405.54730
2025-06-26 10:46:14+07:00,28.70000,66.80000,12.00000,17.40000,0.82988,405.43298
2025-06-26 10:47:05+07:00,28.80000,66.70000,12.00000,14.70000,0.87598,405.38165
2025-06-26 10:47:54+07:00,28.80000,67.20000,12.90000,18.00000,0.82988,405.40213
2025-06-26 10:48:44+07:00,28.70000,67.90000,12.90000,17.30000,0.86427,405.31049
2025-06-26 10:49:33+07:00,28.70000,68.30000,12.80000,18.80000,0.83213,405.21014
2025-06-26 10:50:23+07:00,28.70000,67.20000,13.60000,16.70000,0.81865,405.26010
2025-06-26 10:51:12+07:00,28.70000,67.30000,12.20000,15.80000,0.77924,405.28021
2025-06-26 10:52:01+07:00,28.70000,67.90000,12.70000,19.80000,0.85038,405.21014
2025-06-26 10:52:51+07:00,28.70000,67.60000,12.50000,17.60000,0.86894,405.32059
2025-06-26 10:53:40+07:00,28.80000,68.10000,12.70000,16.60000,0.87598,405.43298
2025-06-26 10:54:30+07:00,28.80000,68.00000,12.30000,18.70000,0.86894,405.47430
2025-06-26 10:55:19+07:00,28.80000,68.20000,12.30000,18.50000,0.87363,405.23007
2025-06-26 10:56:08+07:00,28.80000,66.40000,12.00000,17.70000,0.83213,405.35104
2025-06-26 10:56:58+07:00,28.80000,66.60000,12.00000,16.40000,0.87128,405.16055
2025-06-26 10:57:47+07:00,28.90000,68.00000,12.00000,17.10000,0.88306,405.26010
2025-06-26 10:58:37+07:00,28.90000,66.80000,12.30000,18.70000,0.85962,405.37143
2025-06-26 10:59:26+07:00,28.90000,66.60000,11.90000,15.20000,0.86894,405.32059
2025-06-26 11:00:15+07:00,28.90000,66.10000,11.90000,17.00000,0.83667,405.80359
2025-06-26 11:01:05+07:00,28.90000,66.60000,11.10000,17.40000,0.82537,405.25009
2025-06-26 11:01:54+07:00,28.90000,66.50000,11.20000,15.90000,0.88781,405.38165
2025-06-26 11:02:43+07:00,28.90000,66.80000,11.30000,16.70000,0.85038,405.45361
2025-06-26 11:03:33+07:00,29.00000,65.90000,10.50000,14.00000,0.88070,405.39188
2025-06-26 11:04:22+07:00,28.90000,65.80000,10.60000,17.70000,0.84808,405.29028
2025-06-26 11:05:12+07:00,29.00000,66.00000,11.30000,18.00000,0.87128,405.18033
2025-06-26 11:06:01+07:00,29.00000,65.80000,9.70000,15.10000,0.88543,405.30035
2025-06-26 11:06:50+07:00,29.00000,66.10000,10.30000,16.00000,0.90218,405.31049
2025-06-26 11:07:40+07:00,29.00000,65.00000,10.10000,13.10000,0.80314,405.28021
2025-06-26 11:08:29+07:00,29.00000,65.10000,10.00000,15.80000,0.86660,405.12115
2025-06-26 11:09:19+07:00,28.90000,65.00000,10.40000,13.60000,0.85499,405.15067
2025-06-26 11:10:08+07:00,29.00000,65.50000,8.80000,12.20000,0.84350,405.23007
2025-06-26 11:10:57+07:00,28.90000,66.10000,9.60000,15.50000,0.79876,405.17044
2025-06-26 11:11:47+07:00,29.00000,65.20000,9.80000,13.40000,0.84350,405.44330
2025-06-26 11:12:36+07:00,28.90000,64.90000,9.60000,12.80000,0.83440,405.30035
2025-06-26 11:13:26+07:00,28.90000,65.20000,9.10000,14.90000,0.79004,405.22009
2025-06-26 11:14:15+07:00,28.90000,65.90000,9.40000,13.40000,0.89977,405.13098
2025-06-26 11:15:05+07:00,29.00000,66.00000,9.20000,15.00000,0.81420,405.33072
2025-06-26 11:15:54+07:00,29.00000,64.60000,8.50000,13.80000,0.84808,405.21014
2025-06-26 11:16:43+07:00,29.00000,64.50000,8.70000,12.90000,0.84579,405.30035
2025-06-26 11:17:33+07:00,29.00000,64.90000,8.50000,13.00000,0.85038,405.13098
2025-06-26 11:18:22+07:00,29.10000,65.10000,9.40000,13.70000,0.82762,405.16055
2025-06-26 11:19:12+07:00,29.10000,64.90000,9.50000,14.00000,0.86660,405.02374
2025-06-26 11:20:01+07:00,29.10000,64.70000,9.20000,15.20000,0.84579,405.07227
2025-06-26 11:20:50+07:00,29.10000,63.80000,9.40000,14.40000,0.84122,405.11133
2025-06-26 11:21:40+07:00,29.10000,64.40000,9.40000,14.90000,0.89258,405.46396
2025-06-26 11:22:29+07:00,29.10000,65.10000,10.00000,15.10000,0.88543,405.49509
2025-06-26 11:23:19+07:00,29.10000,65.30000,8.90000,14.00000,0.82537,405.50549
2025-06-26 11:24:08+07:00,29.00000,64.70000,8.80000,13.40000,0.86427,405.38165
2025-06-26 11:24:58+07:00,29.00000,63.60000,8.30000,11.80000,0.89019,405.29028
2025-06-26 11:25:47+07:00,29.00000,63.50000,8.50000,11.60000,0.89258,405.22009
2025-06-26 11:26:36+07:00,29.00000,64.60000,8.40000,13.30000,0.86894,405.32059
2025-06-26 11:27:26+07:00,29.10000,64.50000,8.20000,13.30000,0.91429,405.37143
2025-06-26 11:28:15+07:00,29.10000,64.00000,8.20000,14.90000,0.80976,405.23007
2025-06-26 11:29:04+07:00,29.10000,64.30000,7.40000,13.00000,0.92162,405.29028
2025-06-26 11:29:54+07:00,29.20000,63.10000,7.70000,11.60000,0.89737,405.49509
2025-06-26 11:30:43+07:00,29.10000,63.40000,7.70000,12.20000,0.85038,405.50549
2025-06-26 11:31:33+07:00,29.10000,63.30000,7.80000,10.80000,0.88306,405.11133
2025-06-26 11:32:22+07:00,29.20000,63.70000,8.30000,12.40000,0.88781,405.43298
2025-06-26 11:33:12+07:00,29.10000,65.10000,8.50000,14.10000,0.83667,405.30035
2025-06-26 11:34:01+07:00,29.10000,64.30000,8.50000,12.10000,0.89977,405.40213
2025-06-26 11:34:51+07:00,29.20000,63.80000,8.70000,13.20000,0.89497,405.26010
2025-06-26 11:35:40+07:00,29.20000,63.80000,9.70000,14.70000,0.89737,405.36124
2025-06-26 11:36:30+07:00,29.20000,63.70000,10.10000,15.80000,0.87128,405.56830
2025-06-26 11:37:19+07:00,29.20000,64.40000,9.00000,14.80000,0.95140,405.49509
2025-06-26 11:38:08+07:00,29.30000,65.20000,8.90000,15.80000,0.88306,405.51593
2025-06-26 11:38:58+07:00,29.30000,64.00000,8.30000,15.10000,0.89977,405.64230
2025-06-26 11:39:47+07:00,29.30000,63.40000,8.80000,13.50000,0.82988,405.47430
2025-06-26 11:40:36+07:00,29.20000,63.20000,8.70000,14.10000,0.82537,405.42267
2025-06-26 11:41:26+07:00,29.20000,63.40000,8.40000,14.10000,0.85038,405.40213
2025-06-26 11:42:15+07:00,29.20000,64.30000,8.80000,14.60000,0.91917,405.44330
2025-06-26 11:43:05+07:00,29.30000,64.50000,10.50000,18.30000,0.88070,405.24005
2025-06-26 11:43:54+07:00,29.30000,63.70000,12.70000,21.70000,0.90459,405.36124
2025-06-26 11:44:43+07:00,29.30000,63.50000,13.30000,23.10000,0.89737,405.41238
2025-06-26 11:45:33+07:00,29.30000,64.00000,11.60000,19.60000,0.88306,405.58936
2025-06-26 11:46:22+07:00,29.30000,64.10000,11.30000,19.10000,0.88306,405.61047
2025-06-26 11:47:11+07:00,29.30000,63.30000,9.90000,16.70000,0.86194,405.58936
2025-06-26 11:48:01+07:00,29.30000,63.30000,9.20000,17.10000,0.88781,405.61047
2025-06-26 11:48:50+07:00,29.30000,63.00000,10.40000,19.20000,0.89737,405.57883
2025-06-26 11:49:40+07:00,29.30000,64.10000,9.30000,14.80000,0.85038,405.54730
2025-06-26 11:50:30+07:00,29.30000,63.30000,8.20000,14.40000,0.86194,405.41238
2025-06-26 11:51:19+07:00,29.30000,64.10000,8.50000,14.00000,0.91429,405.53680
2025-06-26 11:52:09+07:00,29.40000,64.90000,8.10000,14.30000,0.84350,405.39188
2025-06-26 11:52:58+07:00,29.40000,63.40000,8.10000,14.30000,0.85268,405.55777
2025-06-26 11:53:48+07:00,29.40000,64.30000,8.00000,13.30000,0.86194,405.18033
2025-06-26 11:54:37+07:00,29.30000,63.80000,8.90000,12.10000,0.89497,405.51593
2025-06-26 11:55:26+07:00,29.30000,64.60000,8.40000,16.10000,0.90218,405.43298
2025-06-26 11:56:16+07:00,29.30000,64.10000,9.40000,16.20000,0.90701,405.28021
2025-06-26 11:57:05+07:00,29.30000,65.50000,8.20000,13.60000,0.84808,405.29028
2025-06-26 11:57:55+07:00,29.30000,63.90000,8.50000,14.60000,0.82313,405.30035
2025-06-26 11:58:44+07:00,29.30000,64.90000,7.90000,13.10000,0.86660,405.45361
2025-06-26 11:59:34+07:00,29.30000,63.30000,7.30000,11.10000,0.89737,405.88016
2025-06-26 12:00:23+07:00,29.30000,63.40000,7.40000,12.80000,0.91429,405.25009
2025-06-26 12:01:12+07:00,29.30000,63.40000,8.10000,13.80000,0.84350,405.32059
2025-06-26 12:02:02+07:00,29.30000,64.70000,8.40000,12.70000,0.86894,405.41238
2025-06-26 12:02:51+07:00,29.30000,65.30000,8.30000,13.90000,0.89497,405.29028
2025-06-26 12:03:41+07:00,29.30000,64.70000,7.00000,11.10000,0.89737,405.23007
2025-06-26 12:04:30+07:00,29.30000,64.00000,7.40000,12.60000,0.89258,405.38165
2025-06-26 12:05:20+07:00,29.30000,64.90000,8.00000,10.90000,0.82988,405.27014
2025-06-26 12:06:09+07:00,29.30000,64.60000,7.60000,13.60000,0.82762,405.49509
2025-06-26 12:06:59+07:00,29.40000,64.30000,10.00000,16.30000,0.86894,405.43298
2025-06-26 12:07:48+07:00,29.40000,64.30000,12.40000,23.40000,0.94639,405.34088
2025-06-26 12:08:38+07:00,29.40000,63.20000,12.10000,25.20000,0.82988,405.30035
2025-06-26 12:09:27+07:00,29.40000,62.80000,12.30000,25.60000,0.87598,405.62106
2025-06-26 12:10:17+07:00,29.40000,63.10000,11.30000,19.20000,0.89977,405.55777
2025-06-26 12:11:07+07:00,29.40000,62.80000,10.20000,16.80000,0.91673,405.44330
2025-06-26 12:11:57+07:00,29.40000,63.10000,12.10000,22.60000,0.90943,405.26010
2025-06-26 12:12:46+07:00,29.40000,63.30000,9.90000,21.10000,0.98452,405.62106
2025-06-26 12:13:37+07:00,29.40000,63.30000,8.90000,15.50000,0.92900,405.45361
2025-06-26 12:14:27+07:00,29.50000,63.50000,9.50000,13.60000,0.91186,405.44330
2025-06-26 12:15:16+07:00,29.50000,62.50000,10.30000,17.10000,0.93642,405.67426
2025-06-26 12:16:05+07:00,29.40000,62.40000,9.10000,17.10000,0.90218,405.54730
2025-06-26 12:16:55+07:00,29.40000,62.60000,9.90000,17.00000,0.88306,405.71710
2025-06-26 12:17:44+07:00,29.40000,62.50000,8.50000,12.60000,0.93394,405.74942
2025-06-26 12:18:34+07:00,29.40000,62.80000,8.30000,12.10000,0.89977,405.68494
2025-06-26 12:19:23+07:00,29.40000,62.30000,8.60000,14.00000,0.89497,405.73862
2025-06-26 12:20:12+07:00,29.40000,62.90000,11.40000,20.40000,0.90218,405.67426
2025-06-26 12:21:02+07:00,29.40000,62.40000,17.00000,32.40000,0.97167,405.62106
2025-06-26 12:21:51+07:00,29.40000,62.60000,18.30000,34.70000,0.89977,405.78186
2025-06-26 12:22:40+07:00,29.50000,62.90000,16.30000,27.80000,0.91429,405.78186
2025-06-26 12:23:30+07:00,29.50000,62.30000,9.50000,15.50000,0.89258,405.39188
2025-06-26 12:24:19+07:00,29.50000,62.00000,10.30000,17.50000,0.88306,405.59991
2025-06-26 12:25:09+07:00,29.50000,62.40000,10.50000,17.50000,0.92653,405.79272
2025-06-26 12:25:58+07:00,29.50000,63.50000,9.70000,17.40000,0.97423,405.56830
2025-06-26 12:26:47+07:00,29.50000,63.60000,14.90000,24.70000,0.94139,405.45361
2025-06-26 12:27:37+07:00,29.50000,63.70000,12.40000,19.90000,0.87833,405.55777
2025-06-26 12:28:26+07:00,29.50000,63.70000,8.90000,12.00000,0.95392,405.55777
2025-06-26 12:29:16+07:00,29.60000,63.10000,8.20000,15.30000,0.85962,405.42267
2025-06-26 12:30:06+07:00,29.60000,63.20000,7.70000,12.70000,0.95392,405.79272
2025-06-26 12:30:55+07:00,29.60000,62.50000,7.70000,13.80000,0.97936,405.78186
2025-06-26 12:31:45+07:00,29.60000,61.70000,7.00000,10.90000,0.86660,405.84723
2025-06-26 12:32:34+07:00,29.60000,62.30000,7.90000,11.90000,0.91673,405.70636
2025-06-26 12:33:24+07:00,29.60000,63.70000,8.20000,13.30000,0.92162,405.54730
2025-06-26 12:34:13+07:00,29.70000,64.10000,7.70000,11.90000,0.86194,405.55777
2025-06-26 12:35:02+07:00,29.70000,63.80000,8.70000,16.60000,0.87363,405.53680
2025-06-26 12:35:53+07:00,29.70000,62.80000,7.80000,13.10000,0.90701,405.72784
2025-06-26 12:36:42+07:00,29.70000,62.40000,8.60000,13.80000,0.83667,405.70636
2025-06-26 12:37:32+07:00,29.60000,62.50000,8.20000,14.30000,0.92900,405.66357
2025-06-26 12:38:22+07:00,29.60000,62.60000,8.10000,12.00000,0.88070,405.78186
2025-06-26 12:39:14+07:00,29.60000,62.90000,8.20000,12.70000,0.92653,405.79272
2025-06-26 12:40:03+07:00,29.60000,63.30000,7.80000,11.10000,0.96403,405.51593
2025-06-26 12:40:57+07:00,29.60000,63.20000,8.50000,15.40000,0.93394,405.72784
2025-06-26 12:41:48+07:00,29.70000,63.00000,7.90000,13.60000,0.86427,405.62106
2025-06-26 12:42:39+07:00,29.70000,63.90000,8.70000,12.70000,0.95644,405.55777
2025-06-26 12:43:29+07:00,29.70000,63.00000,8.30000,14.70000,0.95140,405.42267
2025-06-26 12:44:21+07:00,29.70000,62.80000,8.10000,13.60000,0.93394,405.67426
2025-06-26 12:45:11+07:00,29.70000,62.90000,8.30000,13.20000,0.87363,405.64230
2025-06-26 12:46:00+07:00,29.80000,63.30000,8.70000,11.40000,0.86894,405.50549
2025-06-26 12:46:54+07:00,29.80000,62.90000,8.10000,13.90000,0.85268,405.65292
2025-06-26 12:47:47+07:00,29.80000,61.90000,8.70000,14.00000,0.87363,405.52637
2025-06-26 12:48:37+07:00,29.70000,62.30000,7.80000,12.00000,0.92653,405.49509
2025-06-26 12:49:27+07:00,29.80000,62.20000,8.00000,12.40000,0.89977,405.56830
2025-06-26 12:50:17+07:00,29.70000,62.30000,7.90000,12.40000,0.88781,405.24005
2025-06-26 12:51:06+07:00,29.70000,62.00000,8.10000,13.40000,0.83667,405.45361
2025-06-26 12:51:56+07:00,29.70000,63.00000,8.00000,12.00000,0.83894,405.16055
2025-06-26 12:52:45+07:00,29.80000,63.20000,8.20000,12.20000,0.83440,406.27557
2025-06-26 12:53:34+07:00,29.80000,63.40000,8.20000,12.70000,0.90701,405.45361
2025-06-26 12:54:24+07:00,29.90000,63.20000,8.10000,13.60000,0.89258,405.80359
2025-06-26 12:55:13+07:00,30.00000,62.10000,8.30000,15.60000,0.86194,405.93536
2025-06-26 12:56:02+07:00,30.00000,62.20000,8.20000,13.40000,0.90701,405.48468
2025-06-26 12:56:52+07:00,29.90000,62.30000,8.20000,12.90000,0.88543,405.26010
2025-06-26 12:57:41+07:00,29.90000,61.80000,7.50000,12.60000,0.90701,405.44330
2025-06-26 12:58:31+07:00,29.80000,61.80000,8.30000,12.80000,0.91917,405.48468
2025-06-26 12:59:20+07:00,29.80000,62.50000,8.50000,11.40000,0.86194,405.25009
2025-06-26 13:00:10+07:00,29.80000,63.20000,8.10000,13.10000,0.85038,405.66357
2025-06-26 13:00:59+07:00,29.80000,63.50000,8.50000,12.90000,0.90459,405.78186
2025-06-26 13:01:49+07:00,29.80000,63.90000,8.00000,12.60000,0.89019,405.58936
2025-06-26 13:02:38+07:00,29.80000,61.80000,8.30000,11.60000,0.87363,405.43298
2025-06-26 13:03:27+07:00,29.70000,61.90000,8.00000,12.10000,0.88543,405.51593
2025-06-26 13:05:08+07:00,29.90000,62.00000,7.90000,13.90000,0.90459,405.54730
2025-06-26 13:05:58+07:00,29.90000,61.70000,7.60000,12.70000,0.89497,405.59991
2025-06-26 13:06:47+07:00,30.00000,62.00000,8.20000,14.60000,0.90701,405.17044
2025-06-26 13:07:37+07:00,30.00000,62.00000,8.90000,13.80000,0.83894,405.66357
2025-06-26 13:08:26+07:00,30.00000,63.10000,8.80000,13.00000,0.84122,405.34088
2025-06-26 13:09:16+07:00,29.90000,62.10000,8.60000,13.90000,0.82313,405.39188
2025-06-26 13:10:05+07:00,29.90000,62.40000,8.40000,11.70000,0.86660,405.22009
2025-06-26 13:10:55+07:00,30.00000,62.00000,8.80000,15.80000,0.82762,405.50549
2025-06-26 13:11:47+07:00,30.00000,62.50000,9.60000,15.10000,0.89258,405.42267
2025-06-26 13:12:37+07:00,30.00000,63.60000,8.50000,12.80000,0.88306,405.23007
2025-06-26 13:13:27+07:00,30.00000,62.90000,8.60000,13.80000,0.85499,405.15067
2025-06-26 13:14:16+07:00,30.00000,62.60000,8.40000,13.40000,0.83440,405.38165
2025-06-26 13:15:06+07:00,30.00000,62.40000,8.80000,14.10000,0.78139,405.11133
2025-06-26 13:15:55+07:00,30.00000,62.50000,8.70000,14.10000,0.84122,405.17044
2025-06-26 13:16:45+07:00,30.00000,63.20000,9.20000,16.30000,0.80095,405.20020
2025-06-26 13:17:34+07:00,30.00000,62.60000,9.60000,15.00000,0.83440,405.46396
2025-06-26 13:18:24+07:00,29.90000,62.50000,9.40000,14.50000,0.82988,405.32059
2025-06-26 13:19:13+07:00,29.90000,62.50000,9.00000,16.20000,0.83440,405.42267
2025-06-26 13:20:03+07:00,29.90000,63.10000,9.70000,16.80000,0.82313,405.30035
2025-06-26 13:20:52+07:00,29.90000,62.70000,9.60000,14.90000,0.81198,405.16055
2025-06-26 13:21:42+07:00,29.90000,62.50000,8.80000,14.30000,0.86660,405.33072
2025-06-26 13:22:31+07:00,29.90000,62.20000,8.60000,13.10000,0.83894,405.29028
2025-06-26 13:23:21+07:00,29.90000,62.30000,8.90000,13.40000,0.86894,405.13098
2025-06-26 13:24:10+07:00,29.80000,63.20000,8.70000,12.90000,0.84350,405.34088
2025-06-26 13:24:59+07:00,29.90000,62.20000,9.30000,14.80000,0.85730,405.17044
2025-06-26 13:25:50+07:00,29.90000,61.90000,8.20000,13.70000,0.80755,405.14081
2025-06-26 13:26:39+07:00,29.90000,62.40000,8.50000,14.20000,0.79876,405.33072
2025-06-26 13:27:31+07:00,29.80000,62.30000,8.10000,12.50000,0.79657,405.36124
2025-06-26 13:28:21+07:00,29.90000,61.70000,7.70000,11.00000,0.88543,405.30035
2025-06-26 13:29:10+07:00,29.80000,61.30000,7.70000,14.70000,0.81198,405.13098
2025-06-26 13:30:00+07:00,29.80000,60.90000,8.00000,12.10000,0.85268,405.02374
2025-06-26 13:30:49+07:00,29.80000,62.50000,8.00000,11.20000,0.81642,404.99481
2025-06-26 13:31:38+07:00,29.90000,62.00000,7.70000,13.00000,0.86427,405.35104
2025-06-26 13:32:28+07:00,29.90000,62.00000,8.50000,12.50000,0.84350,405.09177
2025-06-26 13:33:17+07:00,29.90000,62.60000,9.40000,13.60000,0.81642,405.11133
2025-06-26 13:34:07+07:00,29.90000,63.40000,9.20000,17.00000,0.85268,405.35104
2025-06-26 13:34:56+07:00,29.90000,62.80000,8.80000,13.70000,0.80535,405.42267
2025-06-26 13:35:45+07:00,29.90000,61.60000,8.20000,13.80000,0.85730,405.35104
2025-06-26 13:36:35+07:00,29.90000,61.90000,8.20000,13.40000,0.84808,405.19025
2025-06-26 13:37:24+07:00,29.90000,61.60000,8.60000,14.50000,0.79221,405.28021
2025-06-26 13:38:13+07:00,29.90000,62.50000,8.80000,13.70000,0.82988,405.43298
2025-06-26 13:39:03+07:00,29.90000,62.60000,8.30000,12.00000,0.89258,405.19025
2025-06-26 13:39:52+07:00,29.90000,61.70000,7.70000,10.00000,0.79876,405.34088
2025-06-26 13:40:42+07:00,29.90000,61.50000,7.30000,10.10000,0.85730,405.37143
2025-06-26 13:41:31+07:00,29.90000,61.30000,7.70000,12.20000,0.84808,405.39188
2025-06-26 13:42:20+07:00,29.90000,62.30000,7.90000,12.80000,0.89737,405.02374
2025-06-26 13:43:10+07:00,29.90000,61.40000,7.60000,10.00000,0.82089,405.42267
2025-06-26 13:44:00+07:00,29.90000,61.20000,7.30000,10.20000,0.86194,405.48468
2025-06-26 13:44:49+07:00,29.90000,60.60000,7.10000,12.20000,0.80755,405.20020
2025-06-26 13:45:39+07:00,29.90000,61.30000,7.50000,12.60000,0.86194,405.25009
2025-06-26 13:46:28+07:00,30.00000,62.40000,7.60000,11.90000,0.80535,405.06253
2025-06-26 13:47:20+07:00,30.00000,61.00000,7.60000,10.50000,0.80535,405.31049
2025-06-26 13:48:11+07:00,29.90000,59.80000,7.30000,11.50000,0.79004,405.14081
2025-06-26 13:49:00+07:00,29.90000,60.20000,8.30000,12.30000,0.84122,405.24005
2025-06-26 13:49:50+07:00,29.90000,59.50000,7.30000,12.10000,0.82762,405.20020
2025-06-26 13:50:39+07:00,29.90000,61.20000,7.60000,10.80000,0.82537,405.30035
2025-06-26 13:51:29+07:00,30.00000,60.60000,7.10000,9.50000,0.90943,405.33072
2025-06-26 13:52:18+07:00,30.10000,59.30000,6.90000,10.50000,0.83667,405.04312
2025-06-26 13:53:07+07:00,30.00000,59.00000,7.40000,10.00000,0.87128,405.32059
2025-06-26 13:53:57+07:00,30.00000,59.30000,8.10000,11.10000,0.89497,405.22009
2025-06-26 13:54:46+07:00,30.00000,59.50000,8.10000,11.50000,0.86660,405.11133
2025-06-26 13:55:35+07:00,30.00000,60.20000,8.20000,13.30000,0.87598,405.36124
2025-06-26 13:56:25+07:00,30.00000,60.60000,7.70000,12.00000,0.83213,405.50549
2025-06-26 13:57:18+07:00,30.10000,60.40000,8.00000,11.40000,0.90459,405.40213
2025-06-26 13:58:07+07:00,30.10000,59.70000,7.60000,11.00000,0.85962,405.36124
2025-06-26 13:58:56+07:00,30.10000,59.20000,8.00000,12.70000,0.86660,405.48468
2025-06-26 13:59:46+07:00,30.00000,59.70000,7.90000,11.70000,0.91186,405.49509
2025-06-26 14:00:36+07:00,30.00000,59.80000,7.70000,12.10000,0.85268,405.50549
2025-06-26 14:01:26+07:00,30.10000,60.80000,8.00000,13.10000,0.89497,405.25009
2025-06-26 14:02:16+07:00,30.00000,60.20000,8.40000,13.70000,0.91917,405.58936
2025-06-26 14:03:06+07:00,30.00000,59.70000,8.50000,14.10000,0.85499,405.53680
2025-06-26 14:04:00+07:00,30.00000,58.70000,8.10000,12.90000,0.93146,405.54730
2025-06-26 14:04:49+07:00,30.00000,59.20000,8.50000,14.40000,0.89019,405.33072
2025-06-26 14:05:43+07:00,30.00000,59.90000,8.80000,14.10000,0.88070,405.41238
2025-06-26 14:06:33+07:00,30.00000,59.80000,8.20000,13.30000,0.90943,405.58936
2025-06-26 14:07:22+07:00,30.00000,59.70000,8.50000,13.10000,0.80976,405.52637
2025-06-26 14:08:12+07:00,30.00000,59.80000,6.90000,9.60000,0.89737,405.55777
2025-06-26 14:09:01+07:00,30.00000,60.20000,7.40000,11.10000,0.89977,405.55777
2025-06-26 14:09:51+07:00,30.10000,60.00000,7.20000,12.00000,0.89497,405.62106
2025-06-26 14:10:40+07:00,30.10000,59.90000,7.50000,12.50000,0.91186,405.10156
2025-06-26 14:11:30+07:00,30.00000,58.60000,6.80000,11.50000,0.89019,405.59991
2025-06-26 14:12:20+07:00,30.00000,58.20000,6.50000,8.90000,0.89977,405.64230
2025-06-26 14:13:12+07:00,30.00000,57.70000,6.30000,11.00000,0.90218,405.46396
2025-06-26 14:14:02+07:00,30.00000,57.10000,6.90000,9.70000,0.90218,405.63165
2025-06-26 14:14:52+07:00,30.00000,57.10000,6.20000,9.20000,0.91186,405.54730
2025-06-26 14:15:42+07:00,30.10000,56.90000,7.30000,10.40000,0.92407,405.23007
2025-06-26 14:16:31+07:00,30.10000,57.10000,6.90000,8.90000,0.87363,405.44330
2025-06-26 14:17:21+07:00,30.10000,57.00000,6.90000,10.00000,0.93146,405.48468
2025-06-26 14:18:11+07:00,30.10000,57.60000,7.30000,11.10000,0.91673,405.31049
2025-06-26 14:19:01+07:00,30.10000,58.60000,7.50000,11.50000,0.94139,405.53680
2025-06-26 14:19:51+07:00,30.10000,58.90000,6.60000,9.00000,0.91673,405.29028
2025-06-26 14:20:41+07:00,30.10000,58.10000,7.10000,9.90000,0.94139,405.51593
2025-06-26 14:21:31+07:00,30.20000,58.90000,7.10000,9.90000,0.89977,405.65292
2025-06-26 14:22:20+07:00,30.30000,58.70000,8.30000,10.80000,0.92407,405.43298
2025-06-26 14:23:10+07:00,30.20000,59.10000,7.30000,10.50000,0.90701,405.65292
2025-06-26 14:23:59+07:00,30.20000,59.20000,8.60000,13.50000,0.86194,405.58936
2025-06-26 14:24:49+07:00,30.10000,59.70000,8.00000,12.80000,0.98710,405.68494
2025-06-26 14:25:38+07:00,30.10000,58.50000,8.50000,13.10000,0.90459,405.70636
2025-06-26 14:26:28+07:00,30.10000,58.40000,7.80000,12.20000,0.82988,405.36124
2025-06-26 14:27:18+07:00,30.10000,57.40000,8.20000,12.00000,0.91186,405.61047
2025-06-26 14:28:07+07:00,30.00000,57.70000,8.80000,11.60000,0.86894,405.59991
2025-06-26 14:28:57+07:00,30.00000,58.80000,8.90000,12.80000,0.90218,405.34088
2025-06-26 14:29:47+07:00,30.00000,58.10000,8.80000,15.60000,0.89497,405.52637
2025-06-26 14:30:36+07:00,30.00000,58.20000,9.00000,14.60000,0.90943,405.72784
2025-06-26 14:31:26+07:00,30.00000,58.40000,9.50000,14.10000,0.92162,405.63165
2025-06-26 14:32:16+07:00,30.00000,59.30000,9.10000,13.60000,0.85499,405.63165
2025-06-26 14:33:05+07:00,30.00000,58.80000,8.50000,13.10000,0.93146,405.47430
2025-06-26 14:33:58+07:00,30.00000,58.20000,8.70000,13.50000,0.87833,405.67426
2025-06-26 14:34:48+07:00,30.10000,57.70000,8.30000,14.10000,0.90218,405.63165
2025-06-26 14:35:37+07:00,30.10000,58.10000,8.60000,13.20000,0.84350,405.43298
2025-06-26 14:36:27+07:00,30.10000,58.10000,9.40000,15.20000,0.90218,405.55777
2025-06-26 14:37:17+07:00,30.10000,58.00000,8.50000,14.80000,0.90459,405.49509
2025-06-26 14:38:07+07:00,30.10000,59.00000,8.80000,13.20000,0.90218,405.67426
2025-06-26 14:38:56+07:00,30.20000,59.70000,9.50000,14.20000,0.92653,405.61047
2025-06-26 14:39:46+07:00,30.20000,58.80000,9.70000,16.00000,0.97167,405.86917
2025-06-26 14:40:36+07:00,30.20000,59.00000,10.10000,16.70000,0.89497,405.61047
2025-06-26 14:41:29+07:00,30.20000,59.50000,9.50000,13.60000,0.84579,405.83630
2025-06-26 14:42:18+07:00,30.10000,58.90000,10.40000,14.70000,0.92900,405.72784
2025-06-26 14:43:08+07:00,30.10000,58.20000,10.50000,17.00000,0.87363,405.76022
2025-06-26 14:43:58+07:00,30.10000,58.50000,11.40000,17.00000,0.83894,405.63165
2025-06-26 14:44:48+07:00,30.10000,58.50000,9.70000,14.00000,0.94389,405.62106
2025-06-26 14:45:37+07:00,30.10000,58.10000,9.50000,15.10000,0.90701,405.66357
2025-06-26 14:46:27+07:00,30.10000,58.60000,9.60000,15.50000,0.92407,405.96866
2025-06-26 14:47:17+07:00,30.10000,58.20000,10.10000,16.50000,0.87363,406.00214
2025-06-26 14:48:09+07:00,30.10000,58.30000,12.10000,18.90000,0.88543,405.30035
2025-06-26 14:48:58+07:00,30.10000,59.20000,11.40000,16.50000,0.83667,405.81448
2025-06-26 14:49:48+07:00,30.10000,59.80000,11.70000,20.20000,0.87128,405.40213
2025-06-26 14:50:38+07:00,30.10000,59.40000,9.40000,13.40000,0.89737,405.65292
2025-06-26 14:51:27+07:00,30.10000,58.10000,9.30000,13.20000,0.89737,405.50549
2025-06-26 14:52:17+07:00,30.10000,58.10000,9.50000,13.40000,0.97679,405.66357
2025-06-26 14:53:09+07:00,30.10000,59.00000,9.40000,13.90000,0.93394,405.66357
2025-06-26 14:53:58+07:00,30.10000,59.30000,8.80000,11.60000,0.89977,405.50549
2025-06-26 14:54:47+07:00,30.10000,59.10000,8.00000,12.00000,0.87833,405.50549
2025-06-26 14:55:37+07:00,30.10000,58.00000,8.20000,12.20000,0.82762,405.65292
2025-06-26 14:56:28+07:00,30.10000,57.80000,9.00000,12.00000,0.81642,405.36124
2025-06-26 14:57:18+07:00,30.00000,58.60000,9.70000,15.90000,0.91429,405.56830
2025-06-26 14:58:08+07:00,30.00000,58.90000,10.50000,13.70000,1.00272,405.70636
2025-06-26 14:58:58+07:00,30.00000,59.10000,11.20000,16.20000,0.90218,405.38165
2025-06-26 14:59:47+07:00,30.00000,59.80000,10.10000,15.40000,0.90701,405.48468
2025-06-26 15:00:37+07:00,30.00000,59.90000,11.00000,15.50000,0.89258,405.37143
2025-06-26 15:01:28+07:00,30.00000,60.80000,12.30000,19.40000,0.84579,405.66357
2025-06-26 15:02:17+07:00,30.00000,61.60000,11.60000,16.00000,0.94139,405.49509
2025-06-26 15:03:07+07:00,30.00000,62.40000,12.10000,16.70000,0.90943,405.54730
2025-06-26 15:03:56+07:00,30.00000,61.90000,13.10000,16.70000,0.85962,405.95755
2025-06-26 15:04:46+07:00,30.00000,61.30000,12.50000,17.40000,0.89737,405.53680
2025-06-26 15:05:36+07:00,30.00000,62.00000,13.80000,19.50000,0.98452,405.50549
2025-06-26 15:06:26+07:00,30.00000,63.00000,13.00000,18.90000,0.92162,405.61047
2025-06-26 15:07:18+07:00,30.00000,63.50000,13.00000,21.10000,0.96149,406.35724
2025-06-26 15:08:08+07:00,30.10000,63.40000,12.30000,21.30000,0.98969,405.96866
2025-06-26 15:08:57+07:00,30.10000,62.10000,12.30000,18.20000,0.90943,405.92429
2025-06-26 15:09:47+07:00,30.00000,61.20000,12.40000,18.70000,0.92162,405.81448
2025-06-26 15:10:36+07:00,30.00000,61.60000,12.60000,21.60000,0.92900,405.76022
2025-06-26 15:11:26+07:00,30.00000,62.10000,13.00000,19.60000,0.89258,405.90219
2025-06-26 15:12:15+07:00,30.00000,62.10000,13.20000,18.60000,0.86194,405.64230
2025-06-26 15:13:05+07:00,29.90000,62.40000,15.00000,20.20000,0.92407,405.72784
2025-06-26 15:13:54+07:00,30.00000,63.20000,13.00000,20.60000,0.90218,405.71710
2025-06-26 15:14:44+07:00,30.00000,63.50000,14.10000,20.40000,0.93394,405.86917
2025-06-26 15:15:34+07:00,30.10000,63.10000,17.00000,24.50000,0.93146,405.95755
2025-06-26 15:16:24+07:00,30.10000,63.10000,16.40000,23.30000,0.82762,405.96866
2025-06-26 15:17:14+07:00,30.00000,63.30000,17.60000,24.70000,0.93642,405.86917
2025-06-26 15:18:03+07:00,30.00000,63.30000,17.20000,23.30000,0.93146,405.61047
2025-06-26 15:18:53+07:00,30.00000,63.50000,15.50000,23.60000,0.90459,405.65292
2025-06-26 15:19:43+07:00,30.00000,63.50000,13.40000,20.00000,0.94639,405.95755
2025-06-26 15:20:33+07:00,30.10000,63.30000,13.40000,19.30000,0.88070,405.96866
2025-06-26 15:21:22+07:00,30.10000,62.70000,13.60000,19.40000,0.89258,405.91321
2025-06-26 15:22:12+07:00,30.10000,63.20000,15.40000,23.40000,0.89737,405.65292
2025-06-26 15:23:01+07:00,30.00000,62.70000,16.90000,24.80000,0.95644,405.82538
2025-06-26 15:23:52+07:00,30.00000,63.10000,22.20000,32.90000,0.89258,405.88016
2025-06-26 15:24:42+07:00,30.00000,63.40000,18.40000,23.60000,0.98710,405.96866
2025-06-26 15:25:32+07:00,30.00000,63.40000,16.60000,22.40000,0.97167,405.65292
2025-06-26 15:26:21+07:00,30.00000,63.80000,18.00000,23.60000,0.97679,405.65292
2025-06-26 15:27:11+07:00,29.90000,64.20000,16.80000,19.90000,0.94639,405.71710
2025-06-26 15:28:00+07:00,29.90000,64.60000,17.40000,23.60000,0.92653,405.30035
2025-06-26 15:28:56+07:00,29.90000,64.30000,22.20000,28.50000,0.92653,405.65292
2025-06-26 15:29:45+07:00,29.90000,63.50000,17.50000,26.40000,0.94389,405.72784
2025-06-26 15:30:35+07:00,29.90000,63.50000,14.60000,19.70000,0.88070,405.78186
2025-06-26 15:31:24+07:00,29.90000,63.70000,16.50000,24.60000,0.90218,405.82538
2025-06-26 15:32:14+07:00,29.90000,63.40000,20.10000,27.60000,0.95140,405.57883
2025-06-26 15:33:04+07:00,29.90000,62.90000,24.10000,34.80000,0.93890,405.63165
2025-06-26 15:33:53+07:00,29.90000,62.80000,20.40000,30.20000,0.94889,405.85818
2025-06-26 15:34:43+07:00,29.90000,63.20000,28.70000,42.00000,0.93890,405.79272
2025-06-26 15:35:33+07:00,29.90000,64.20000,28.60000,39.80000,0.96149,405.73862
2025-06-26 15:36:25+07:00,29.90000,64.30000,24.60000,35.80000,0.97679,405.68494
2025-06-26 15:37:14+07:00,29.90000,63.80000,17.70000,24.50000,0.90701,405.86917
2025-06-26 15:38:04+07:00,30.00000,63.80000,15.50000,24.90000,0.91186,405.95755
2025-06-26 15:38:53+07:00,30.00000,63.30000,14.60000,21.50000,0.89258,405.94644
2025-06-26 15:39:42+07:00,30.00000,63.10000,14.70000,20.60000,0.93642,406.05829
2025-06-26 15:40:32+07:00,29.90000,62.90000,13.70000,18.30000,0.93394,405.83630
2025-06-26 15:41:21+07:00,29.90000,63.60000,14.20000,21.00000,0.89737,405.71710
2025-06-26 15:42:11+07:00,29.80000,63.10000,15.00000,20.20000,0.92653,405.86917
2025-06-26 15:43:00+07:00,29.90000,63.60000,13.00000,17.10000,0.96657,405.89117
2025-06-26 15:43:49+07:00,29.90000,63.00000,14.50000,20.70000,0.92407,405.62106
2025-06-26 15:44:39+07:00,29.90000,62.90000,15.00000,19.50000,0.94389,405.64230
2025-06-26 15:45:35+07:00,29.90000,63.60000,14.70000,20.20000,0.85962,405.70636
2025-06-26 15:46:24+07:00,29.90000,63.50000,14.40000,21.70000,0.93890,405.91321
2025-06-26 15:47:13+07:00,29.80000,63.70000,13.80000,18.00000,0.96149,405.91321
2025-06-26 15:48:03+07:00,29.90000,63.70000,14.00000,19.70000,1.05894,405.70636
2025-06-26 15:48:52+07:00,29.80000,63.80000,17.40000,28.50000,0.90943,405.72784
2025-06-26 15:49:42+07:00,29.80000,63.80000,23.90000,37.30000,0.93890,405.81448
2025-06-26 15:50:32+07:00,29.80000,64.00000,29.80000,45.60000,0.95896,405.58936
2025-06-26 15:51:21+07:00,29.80000,63.90000,36.70000,55.20000,0.94389,405.72784
2025-06-26 15:52:11+07:00,29.80000,63.70000,40.40000,60.20000,0.96912,405.73862
2025-06-26 15:53:00+07:00,29.80000,63.80000,45.50000,71.80000,0.93890,405.94644
2025-06-26 15:53:49+07:00,29.80000,64.20000,35.10000,53.90000,1.00797,405.57883
2025-06-26 15:54:39+07:00,29.80000,64.20000,29.50000,44.10000,0.97936,405.83630
2025-06-26 15:55:28+07:00,29.80000,64.30000,20.70000,31.30000,0.90218,406.29883
2025-06-26 15:56:18+07:00,29.80000,64.10000,21.80000,30.40000,0.93890,405.96866
2025-06-26 15:57:07+07:00,29.80000,63.90000,38.20000,54.80000,1.01324,406.04703
2025-06-26 15:57:57+07:00,29.80000,63.70000,47.50000,71.70000,0.88781,406.08087
2025-06-26 15:58:46+07:00,29.80000,64.30000,40.00000,62.10000,1.00272,406.04703
2025-06-26 15:59:36+07:00,29.80000,64.40000,38.50000,60.70000,0.96149,405.78186
2025-06-26 16:00:25+07:00,29.90000,64.60000,46.40000,70.30000,1.00797,405.91321
2025-06-26 16:01:14+07:00,29.90000,64.40000,47.10000,69.20000,0.93890,406.27557
2025-06-26 16:02:04+07:00,29.90000,64.40000,45.40000,68.00000,1.04263,406.32214
2025-06-26 16:02:53+07:00,29.90000,64.10000,43.60000,69.30000,0.95896,406.01334
2025-06-26 16:03:43+07:00,29.90000,64.10000,25.70000,38.50000,0.94139,406.16043
2025-06-26 16:04:32+07:00,29.80000,63.50000,18.70000,25.50000,1.02119,406.36899
2025-06-26 16:05:21+07:00,29.80000,63.60000,16.80000,25.10000,0.99749,406.33383
2025-06-26 16:06:11+07:00,29.80000,63.50000,16.80000,23.80000,1.06168,406.29883
2025-06-26 16:07:00+07:00,29.80000,63.10000,15.90000,22.10000,1.01589,405.88016
2025-06-26 16:07:50+07:00,29.80000,63.30000,16.60000,23.40000,1.02652,405.84723
2025-06-26 16:08:39+07:00,29.80000,63.70000,21.00000,33.50000,1.00272,406.17187
2025-06-26 16:09:29+07:00,29.80000,63.20000,30.80000,50.10000,1.05348,405.89117
2025-06-26 16:10:19+07:00,29.70000,63.30000,31.20000,46.60000,1.04263,406.22931
2025-06-26 16:11:09+07:00,29.70000,64.30000,32.80000,56.00000,0.99489,406.08087
2025-06-26 16:12:00+07:00,29.70000,63.70000,36.70000,58.30000,1.02652,406.09216
2025-06-26 16:12:52+07:00,29.70000,63.50000,31.00000,51.40000,0.97423,406.08087
2025-06-26 16:13:42+07:00,29.70000,63.70000,23.30000,36.90000,0.90459,406.04703
2025-06-26 16:14:31+07:00,29.80000,63.40000,18.90000,28.70000,0.96403,405.97983
2025-06-26 16:15:20+07:00,29.70000,62.90000,17.30000,25.80000,1.00797,406.11487
2025-06-26 16:16:10+07:00,29.70000,63.30000,17.50000,25.00000,0.97423,405.93536
2025-06-26 16:16:59+07:00,29.70000,63.60000,35.10000,58.80000,1.00534,406.06958
2025-06-26 16:17:49+07:00,29.70000,64.00000,27.70000,44.70000,0.96657,406.29883
2025-06-26 16:18:38+07:00,29.70000,63.70000,29.60000,51.00000,0.93890,405.89117
2025-06-26 16:19:28+07:00,29.70000,63.50000,31.70000,54.50000,1.01589,405.93536
2025-06-26 16:20:17+07:00,29.60000,63.40000,31.70000,52.30000,0.99489,406.10352
2025-06-26 16:21:07+07:00,29.60000,63.30000,30.90000,48.60000,0.99749,406.14902
2025-06-26 16:21:57+07:00,29.60000,63.00000,50.30000,86.10000,0.98969,405.93536
2025-06-26 16:22:47+07:00,29.70000,63.30000,37.30000,65.50000,0.97167,406.06958
2025-06-26 16:23:39+07:00,29.60000,63.10000,22.80000,34.20000,0.97936,406.32214
2025-06-26 16:24:29+07:00,29.70000,63.80000,18.80000,28.50000,1.04533,406.10352
2025-06-26 16:25:21+07:00,29.60000,64.00000,21.40000,32.40000,0.99489,405.97983
2025-06-26 16:26:11+07:00,29.60000,64.40000,44.30000,73.90000,1.02385,406.29883
2025-06-26 16:27:03+07:00,29.50000,64.30000,42.60000,74.60000,0.96403,406.09216
2025-06-26 16:28:01+07:00,29.50000,64.20000,36.80000,61.60000,1.12049,405.94644
2025-06-26 16:28:51+07:00,29.50000,64.20000,39.00000,61.20000,1.05621,406.43979
2025-06-26 16:29:43+07:00,29.50000,64.50000,43.60000,71.70000,0.96149,406.36899
2025-06-26 16:30:33+07:00,29.50000,64.50000,42.10000,68.90000,1.01060,406.66833
2025-06-26 16:31:26+07:00,29.50000,64.40000,37.90000,64.40000,1.04533,406.45166
2025-06-26 16:32:16+07:00,29.50000,64.60000,27.50000,44.10000,1.00797,406.24084
2025-06-26 16:33:09+07:00,29.50000,64.60000,34.70000,55.50000,1.00797,406.16043
2025-06-26 16:34:02+07:00,29.50000,65.00000,37.50000,62.60000,1.01589,406.11487
2025-06-26 16:34:52+07:00,29.50000,65.10000,46.00000,77.30000,1.01324,405.96866
2025-06-26 16:35:41+07:00,29.50000,65.00000,37.80000,63.40000,1.06717,406.46353
2025-06-26 16:36:34+07:00,29.50000,65.10000,29.20000,46.70000,1.05348,406.45166
2025-06-26 16:37:27+07:00,29.50000,65.20000,20.90000,31.80000,1.05621,406.38074
2025-06-26 16:38:20+07:00,29.50000,64.70000,19.70000,30.00000,1.02652,406.11487
2025-06-26 16:39:09+07:00,29.50000,64.50000,17.90000,26.60000,1.00797,406.45166
2025-06-26 16:40:04+07:00,29.40000,64.30000,17.80000,24.30000,1.02919,406.33383
2025-06-26 16:40:57+07:00,29.40000,64.30000,17.00000,22.90000,1.02385,406.38074
2025-06-26 16:41:48+07:00,29.40000,64.10000,17.80000,24.40000,1.12049,406.27557
2025-06-26 16:42:37+07:00,29.40000,64.10000,18.20000,27.80000,1.00272,405.99097
2025-06-26 16:43:27+07:00,29.40000,64.20000,23.50000,35.20000,1.01324,405.79272
2025-06-26 16:44:16+07:00,29.50000,64.50000,29.60000,51.00000,0.95140,406.27557
2025-06-26 16:45:06+07:00,29.50000,64.30000,22.50000,33.60000,1.00797,405.93536
2025-06-26 16:45:58+07:00,29.50000,64.50000,22.80000,35.30000,0.90459,406.24084
2025-06-26 16:46:48+07:00,29.50000,64.50000,22.90000,34.70000,0.94139,406.34552
2025-06-26 16:47:40+07:00,29.50000,64.50000,23.50000,38.20000,0.96403,406.12622
2025-06-26 16:48:30+07:00,29.50000,63.90000,22.80000,33.90000,1.02652,406.36899
2025-06-26 16:49:22+07:00,29.50000,64.40000,22.20000,30.80000,0.94389,405.76022
2025-06-26 16:50:11+07:00,29.50000,64.20000,21.70000,30.10000,1.02385,406.31049
2025-06-26 16:51:04+07:00,29.60000,64.10000,23.50000,36.70000,1.00272,406.28720
2025-06-26 16:51:53+07:00,29.60000,64.10000,24.50000,32.90000,1.03455,406.94131
2025-06-26 16:52:46+07:00,29.50000,64.20000,28.30000,46.10000,1.07823,405.92429
2025-06-26 16:53:35+07:00,29.50000,64.00000,29.60000,49.80000,0.98969,405.90219
2025-06-26 16:54:34+07:00,29.60000,64.00000,28.00000,48.60000,1.03187,406.42795
2025-06-26 16:55:24+07:00,29.60000,64.00000,28.70000,45.00000,1.01060,406.26398
2025-06-26 16:56:14+07:00,29.60000,64.40000,24.20000,35.50000,1.01324,406.29883
2025-06-26 16:57:04+07:00,29.60000,63.90000,24.00000,37.50000,0.91673,405.48468
2025-06-26 16:57:53+07:00,29.70000,64.10000,25.10000,37.90000,0.93642,405.73862
2025-06-26 16:58:43+07:00,29.70000,64.00000,23.20000,39.30000,0.97167,405.84723
2025-06-26 16:59:32+07:00,29.70000,64.20000,23.40000,34.20000,0.94889,405.82538
2025-06-26 17:00:22+07:00,29.60000,64.40000,23.20000,32.80000,0.98452,405.96866
2025-06-26 17:01:11+07:00,29.60000,64.50000,23.70000,35.60000,0.91917,406.25241
2025-06-26 17:02:01+07:00,29.60000,64.70000,30.30000,43.00000,0.90701,405.64230
2025-06-26 17:02:50+07:00,29.60000,66.30000,36.10000,54.20000,0.96912,405.83630
2025-06-26 17:03:40+07:00,29.70000,67.30000,36.00000,54.30000,0.94389,405.89117
2025-06-26 17:04:29+07:00,29.70000,67.10000,33.90000,51.00000,0.86894,405.97983
2025-06-26 17:05:19+07:00,29.60000,67.20000,35.90000,56.30000,0.92162,406.12622
2025-06-26 17:06:08+07:00,29.60000,67.80000,41.10000,59.80000,0.91186,405.73862
2025-06-26 17:07:01+07:00,29.60000,68.80000,40.60000,56.70000,0.92162,406.32214
2025-06-26 17:07:51+07:00,29.60000,69.10000,42.40000,60.40000,0.88543,406.33383
2025-06-26 17:08:40+07:00,29.60000,69.60000,42.90000,63.70000,0.98194,405.99097
2025-06-26 17:09:30+07:00,29.60000,69.30000,42.10000,59.80000,0.96912,406.39252
2025-06-26 17:10:19+07:00,29.60000,69.60000,41.90000,60.70000,0.95644,405.97983
2025-06-26 17:11:16+07:00,29.60000,69.70000,42.90000,62.80000,0.93890,406.09216
2025-06-26 17:12:05+07:00,29.50000,69.90000,43.40000,63.70000,0.95392,406.28720
2025-06-26 17:12:56+07:00,29.50000,70.20000,45.60000,65.10000,0.99749,406.46353
2025-06-26 17:13:46+07:00,29.40000,70.50000,45.60000,72.20000,0.95644,406.48737
2025-06-26 17:14:36+07:00,29.40000,70.60000,44.40000,67.40000,0.99489,406.43979
2025-06-26 17:15:25+07:00,29.50000,71.00000,43.90000,61.10000,1.00010,406.42795
2025-06-26 17:16:19+07:00,29.50000,71.20000,42.70000,60.80000,0.92162,406.55923
2025-06-26 17:17:08+07:00,29.40000,71.40000,44.90000,65.40000,0.95140,406.49930
2025-06-26 17:17:57+07:00,29.50000,71.40000,42.40000,63.20000,0.96657,406.31049
2025-06-26 17:18:47+07:00,29.40000,71.50000,42.90000,62.00000,0.96149,406.57129
2025-06-26 17:19:37+07:00,29.30000,71.40000,41.90000,59.90000,0.98710,406.47543
2025-06-26 17:20:26+07:00,29.30000,71.40000,43.80000,62.70000,0.95896,406.68054
2025-06-26 17:21:16+07:00,29.30000,71.60000,44.00000,61.20000,0.91917,406.33383
2025-06-26 17:22:06+07:00,29.20000,71.60000,45.50000,61.70000,1.01324,406.34552
2025-06-26 17:22:59+07:00,29.20000,71.60000,46.00000,60.20000,0.98710,406.40430
2025-06-26 17:23:48+07:00,29.20000,71.90000,47.30000,62.00000,1.10343,406.45166
2025-06-26 17:24:44+07:00,29.30000,72.00000,46.00000,63.40000,0.98710,406.52322
2025-06-26 17:25:34+07:00,29.20000,71.90000,47.10000,62.60000,1.00534,406.55923
2025-06-26 17:26:24+07:00,29.20000,72.10000,46.10000,60.20000,1.03455,406.53522
2025-06-26 17:27:13+07:00,29.20000,72.30000,48.50000,65.60000,1.06993,406.55923
2025-06-26 17:28:04+07:00,29.20000,72.40000,47.90000,64.20000,1.02385,406.64395
2025-06-26 17:28:53+07:00,29.30000,72.30000,49.00000,68.70000,1.06993,406.59543
2025-06-26 17:29:46+07:00,29.30000,72.40000,48.80000,69.60000,1.05621,406.55923
2025-06-26 17:30:35+07:00,29.20000,72.50000,48.70000,69.30000,1.08379,406.46353
2025-06-26 17:31:30+07:00,29.20000,72.80000,50.10000,70.00000,1.00534,406.58337
2025-06-26 17:32:20+07:00,29.20000,72.90000,51.00000,68.30000,0.91429,406.74188
2025-06-26 17:33:11+07:00,29.20000,73.20000,46.40000,65.40000,1.00534,406.76654
2025-06-26 17:34:02+07:00,29.20000,73.00000,46.40000,63.40000,1.02385,406.63181
2025-06-26 17:34:59+07:00,29.20000,72.90000,52.60000,71.50000,1.03993,406.79129
2025-06-26 17:35:50+07:00,29.20000,73.20000,55.10000,74.30000,1.08658,406.58337
2025-06-26 17:36:45+07:00,29.20000,73.40000,54.10000,70.20000,1.08937,406.76654
2025-06-26 17:37:38+07:00,29.20000,73.40000,53.10000,68.00000,1.00010,406.42795
2025-06-26 17:38:29+07:00,29.10000,73.20000,52.30000,71.60000,1.08379,406.76654
2025-06-26 17:39:19+07:00,29.20000,73.30000,46.20000,59.10000,1.07823,406.69278
2025-06-26 17:40:09+07:00,29.20000,73.10000,48.20000,63.70000,1.09779,406.75421
2025-06-26 17:41:52+07:00,29.20000,73.10000,57.20000,76.30000,1.08937,406.53522
2025-06-26 17:43:41+07:00,29.20000,72.10000,36.00000,49.90000,1.10343,406.77890
2025-06-26 17:44:31+07:00,29.30000,69.80000,25.60000,35.10000,1.07269,406.64395
2025-06-26 17:45:21+07:00,29.30000,67.60000,25.40000,32.40000,0.98969,406.17187
2025-06-26 17:46:15+07:00,29.30000,67.50000,24.90000,36.00000,1.04263,406.29883
2025-06-26 17:47:09+07:00,29.40000,67.20000,24.60000,30.90000,1.01854,405.82538
2025-06-26 17:47:59+07:00,29.40000,66.50000,24.70000,34.30000,0.90943,405.70636
2025-06-26 17:48:48+07:00,29.40000,66.60000,25.60000,35.40000,0.90459,405.66357
2025-06-26 17:49:38+07:00,29.40000,66.70000,27.80000,39.00000,0.92900,405.54730
2025-06-26 17:50:28+07:00,29.40000,66.80000,27.80000,39.20000,0.96403,405.92429
2025-06-26 17:51:17+07:00,29.20000,67.50000,29.50000,43.10000,0.90218,405.81448
2025-06-26 17:52:07+07:00,29.20000,67.60000,31.30000,48.30000,0.99749,405.67426
2025-06-26 17:52:56+07:00,29.00000,68.00000,28.90000,46.70000,0.95896,405.93536
2025-06-26 17:53:46+07:00,28.90000,67.60000,28.30000,41.60000,0.93394,405.93536
2025-06-26 17:54:35+07:00,28.90000,67.90000,30.70000,49.40000,0.92162,405.95755
2025-06-26 17:55:25+07:00,28.90000,67.90000,34.70000,55.20000,1.00797,405.97983
2025-06-26 17:56:15+07:00,28.90000,67.70000,32.50000,57.90000,0.99229,405.97983
2025-06-26 17:57:07+07:00,28.80000,67.70000,30.80000,52.30000,0.92407,406.06958
2025-06-26 17:58:00+07:00,28.80000,68.10000,29.70000,49.60000,0.96149,405.92429
2025-06-26 17:58:52+07:00,28.70000,68.30000,25.70000,36.10000,0.97936,405.76022
2025-06-26 17:59:47+07:00,28.70000,68.40000,27.90000,40.20000,0.97423,405.81448
2025-06-26 18:00:37+07:00,28.70000,68.40000,27.80000,40.60000,0.93890,405.67426
2025-06-26 18:01:31+07:00,28.70000,68.40000,28.40000,43.10000,1.01854,405.67426
2025-06-26 18:02:20+07:00,28.70000,68.70000,27.90000,39.10000,0.97423,406.24084
2025-06-26 18:03:10+07:00,28.70000,68.60000,26.00000,39.50000,0.90943,405.91321
2025-06-26 18:03:59+07:00,28.80000,68.60000,28.80000,40.50000,0.92162,405.94644
2025-06-26 18:04:52+07:00,28.80000,68.50000,30.80000,47.70000,1.01589,406.04703
2025-06-26 18:05:41+07:00,28.80000,68.60000,31.00000,43.40000,0.98969,405.89117
2025-06-26 18:06:33+07:00,28.90000,68.70000,33.40000,54.00000,0.94139,406.11487
2025-06-26 18:07:22+07:00,28.80000,68.90000,31.80000,48.40000,0.94889,406.26398
2025-06-26 18:08:12+07:00,28.80000,69.00000,32.00000,51.70000,1.00797,405.84723
2025-06-26 18:09:03+07:00,28.80000,69.00000,32.70000,52.40000,0.98710,405.94644
2025-06-26 18:09:52+07:00,28.80000,69.10000,34.20000,55.60000,0.95392,406.11487
2025-06-26 18:10:42+07:00,28.80000,69.20000,35.80000,61.00000,1.02652,406.32214
2025-06-26 18:11:31+07:00,28.80000,69.30000,36.20000,63.60000,1.01324,406.13760
2025-06-26 18:12:21+07:00,28.80000,69.30000,33.40000,56.00000,1.00010,406.02457
2025-06-26 18:13:10+07:00,28.80000,69.50000,36.00000,58.70000,0.99229,406.08087
2025-06-26 18:14:00+07:00,28.80000,69.60000,35.70000,57.80000,0.95140,405.89117
2025-06-26 18:14:53+07:00,28.80000,69.60000,39.40000,65.30000,0.96912,405.92429
2025-06-26 18:15:43+07:00,28.80000,69.90000,41.40000,80.10000,0.99489,405.72784
2025-06-26 18:16:32+07:00,28.80000,70.00000,40.90000,72.90000,0.95896,406.13760
2025-06-26 18:17:22+07:00,28.80000,70.20000,39.50000,71.20000,0.91673,405.95755
2025-06-26 18:18:12+07:00,28.80000,70.40000,37.80000,62.50000,0.97936,405.82538
2025-06-26 18:19:01+07:00,28.80000,70.60000,38.60000,63.10000,0.98969,405.73862
2025-06-26 18:19:51+07:00,28.70000,70.90000,43.60000,79.00000,0.97423,405.80359
2025-06-26 18:20:41+07:00,28.70000,70.90000,46.90000,85.70000,0.93146,405.88016
2025-06-26 18:21:34+07:00,28.80000,70.90000,47.40000,83.00000,0.97936,405.91321
2025-06-26 18:22:24+07:00,28.80000,70.90000,47.00000,84.60000,0.98969,405.99097
2025-06-26 18:23:13+07:00,28.80000,71.10000,50.60000,99.10000,1.00272,405.86917
2025-06-26 18:24:03+07:00,28.80000,70.80000,48.00000,89.30000,1.00534,405.93536
2025-06-26 18:24:55+07:00,28.80000,70.60000,39.40000,69.90000,1.00797,406.34552
2025-06-26 18:25:48+07:00,28.80000,70.50000,38.50000,67.30000,1.00010,405.95755
2025-06-26 18:26:38+07:00,28.80000,70.10000,41.10000,69.80000,0.95644,405.88016
2025-06-26 18:27:27+07:00,28.70000,70.10000,39.70000,68.90000,0.94139,406.24084
2025-06-26 18:28:17+07:00,28.70000,70.10000,35.80000,59.30000,0.98969,406.04703
2025-06-26 18:29:06+07:00,28.70000,70.20000,39.90000,72.40000,1.05348,405.92429
2025-06-26 18:29:56+07:00,28.70000,70.30000,43.20000,78.20000,0.93642,405.89117
2025-06-26 18:30:53+07:00,28.80000,70.00000,39.40000,68.10000,0.96403,405.64230
2025-06-26 18:31:43+07:00,28.80000,69.60000,40.30000,69.50000,0.99229,405.72784
2025-06-26 18:32:32+07:00,28.70000,69.40000,33.50000,57.10000,0.97936,405.93536
2025-06-26 18:33:22+07:00,28.70000,69.10000,35.60000,63.00000,0.95896,405.90219
2025-06-26 18:34:12+07:00,28.70000,69.20000,38.40000,69.50000,0.91429,405.74942
2025-06-26 18:35:02+07:00,28.70000,69.10000,31.50000,50.30000,0.95392,405.86917
2025-06-26 18:35:51+07:00,28.70000,69.00000,27.60000,42.60000,0.93642,405.95755
2025-06-26 18:36:49+07:00,28.60000,69.30000,29.50000,45.50000,0.91186,405.68494
2025-06-26 18:37:38+07:00,28.60000,69.20000,31.00000,47.00000,0.95392,405.47430
2025-06-26 18:38:28+07:00,28.60000,69.60000,31.00000,50.60000,0.97936,405.58936
2025-06-26 18:39:21+07:00,28.60000,69.50000,33.70000,55.50000,0.91186,405.61047
2025-06-26 18:40:13+07:00,28.60000,69.60000,36.90000,63.70000,0.94889,405.67426
2025-06-26 18:41:03+07:00,28.60000,69.50000,39.90000,70.60000,0.90943,405.68494
2025-06-26 18:41:52+07:00,28.50000,69.50000,39.70000,67.10000,0.90943,405.79272
2025-06-26 18:42:42+07:00,28.60000,69.40000,43.30000,78.70000,0.84579,405.67426
2025-06-26 18:43:33+07:00,28.50000,69.40000,44.60000,86.90000,0.96403,405.80359
2025-06-26 18:44:23+07:00,28.60000,69.50000,45.30000,82.90000,0.98710,405.79272
2025-06-26 18:45:13+07:00,28.60000,69.50000,48.60000,89.20000,0.86660,405.64230
2025-06-26 18:46:03+07:00,28.60000,69.60000,48.10000,88.80000,0.96149,405.58936
2025-06-26 18:46:52+07:00,28.50000,69.80000,47.50000,84.60000,0.97423,405.76022
2025-06-26 18:47:51+07:00,28.50000,69.90000,45.80000,84.00000,0.98710,405.64230
2025-06-26 18:48:41+07:00,28.50000,69.90000,44.70000,82.10000,0.93642,405.76022
2025-06-26 18:49:30+07:00,28.50000,70.10000,45.50000,81.90000,0.97423,405.59991
2025-06-26 18:50:20+07:00,28.50000,70.20000,46.30000,81.70000,0.93146,405.82538
2025-06-26 18:51:09+07:00,28.50000,70.30000,45.50000,82.30000,1.01854,405.77103
2025-06-26 18:51:58+07:00,28.50000,70.40000,42.40000,73.30000,0.96403,405.76022
2025-06-26 18:52:48+07:00,28.50000,70.30000,40.20000,64.70000,0.91917,405.88016
2025-06-26 18:53:37+07:00,28.50000,70.10000,40.40000,65.80000,0.90218,405.62106
2025-06-26 18:54:27+07:00,28.50000,70.10000,39.00000,58.10000,0.98452,405.63165
2025-06-26 18:55:16+07:00,28.40000,70.20000,37.90000,58.70000,0.89737,405.79272
2025-06-26 18:56:05+07:00,28.50000,70.40000,44.30000,72.10000,0.95392,405.76022
2025-06-26 18:56:55+07:00,28.50000,70.50000,46.90000,74.70000,0.90218,405.46396
2025-06-26 18:57:44+07:00,28.50000,70.50000,43.10000,67.20000,0.90701,405.64230
2025-06-26 18:58:34+07:00,28.50000,70.40000,45.50000,74.30000,0.91186,405.55777
2025-06-26 18:59:23+07:00,28.50000,70.20000,43.10000,70.10000,0.94389,405.76022
2025-06-26 19:00:13+07:00,28.50000,70.30000,40.00000,62.50000,0.96912,405.72784
2025-06-26 19:01:02+07:00,28.50000,70.10000,48.70000,86.40000,0.89497,405.65292
2025-06-26 19:01:51+07:00,28.50000,70.20000,48.10000,87.50000,0.89737,405.73862
2025-06-26 19:02:41+07:00,28.50000,70.40000,45.90000,74.40000,0.94639,405.65292
2025-06-26 19:03:30+07:00,28.40000,70.50000,45.70000,76.90000,0.95392,405.57883
2025-06-26 19:04:19+07:00,28.50000,70.20000,46.30000,77.60000,0.95644,405.88016
2025-06-26 19:05:09+07:00,28.50000,70.20000,50.50000,86.30000,0.92653,405.68494
2025-06-26 19:05:58+07:00,28.50000,70.30000,63.50000,122.50000,0.97679,405.66357
2025-06-26 19:06:48+07:00,28.40000,70.40000,62.40000,119.20000,0.90701,405.74942
2025-06-26 19:07:37+07:00,28.40000,70.80000,59.20000,113.10000,0.94139,405.84723
2025-06-26 19:08:26+07:00,28.40000,70.80000,63.30000,121.20000,0.95392,405.95755
2025-06-26 19:09:16+07:00,28.40000,70.90000,71.20000,134.60001,0.89737,406.06958
2025-06-26 19:10:05+07:00,28.30000,70.90000,60.60000,118.30000,0.90701,405.84723
2025-06-26 19:10:59+07:00,28.30000,70.20000,50.60000,92.00000,0.99229,405.95755
2025-06-26 19:11:49+07:00,28.30000,70.20000,44.20000,74.10000,1.02919,406.06958
2025-06-26 19:12:38+07:00,28.20000,70.10000,41.60000,65.70000,0.99749,406.22931
2025-06-26 19:13:27+07:00,28.30000,70.00000,41.60000,65.30000,1.01854,405.79272
2025-06-26 19:14:17+07:00,28.20000,70.10000,46.80000,84.50000,0.96403,405.80359
2025-06-26 19:15:14+07:00,28.30000,70.20000,47.40000,81.20000,0.95644,405.91321
2025-06-26 19:16:03+07:00,28.30000,70.20000,46.00000,75.60000,0.99749,405.76022
2025-06-26 19:16:52+07:00,28.20000,70.00000,48.70000,80.80000,1.00534,406.12622
2025-06-26 19:17:42+07:00,28.20000,70.20000,58.90000,106.50000,0.91917,405.81448
2025-06-26 19:18:31+07:00,28.20000,70.40000,56.80000,110.00000,0.93642,406.11487
2025-06-26 19:19:25+07:00,28.10000,70.30000,58.70000,107.10000,0.96912,405.97983
2025-06-26 19:20:14+07:00,28.10000,70.30000,58.80000,104.80000,0.97679,405.71710
2025-06-26 19:21:04+07:00,28.10000,70.40000,54.20000,100.00000,0.96149,405.68494
2025-06-26 19:21:53+07:00,28.10000,70.50000,56.10000,99.60000,1.00272,405.93536
2025-06-26 19:22:47+07:00,28.10000,70.60000,41.30000,64.50000,1.02919,405.89117
2025-06-26 19:23:36+07:00,28.10000,70.20000,37.00000,60.90000,0.90218,405.97983
2025-06-26 19:24:26+07:00,28.10000,70.10000,37.40000,58.00000,1.00534,405.66357
2025-06-26 19:25:16+07:00,28.10000,70.00000,33.30000,51.50000,0.96657,405.73862
2025-06-26 19:26:08+07:00,28.10000,69.70000,26.70000,34.80000,0.95896,405.79272
2025-06-26 19:27:03+07:00,28.10000,69.30000,27.40000,39.50000,0.88306,405.55777
2025-06-26 19:27:53+07:00,28.10000,69.50000,29.70000,43.70000,0.91917,405.76022
2025-06-26 19:28:42+07:00,28.10000,69.50000,31.20000,45.60000,0.97167,405.55777
2025-06-26 19:29:32+07:00,28.00000,69.60000,30.80000,47.00000,0.93890,405.61047
2025-06-26 19:30:22+07:00,28.10000,69.60000,33.60000,56.60000,0.95644,405.51593
2025-06-26 19:31:12+07:00,28.00000,69.70000,32.90000,53.60000,0.88781,405.48468
2025-06-26 19:32:01+07:00,28.00000,69.70000,33.20000,56.70000,0.89737,405.73862
2025-06-26 19:32:51+07:00,28.00000,69.90000,31.10000,51.00000,0.89258,405.57883
2025-06-26 19:33:40+07:00,28.00000,70.20000,29.60000,45.00000,0.92900,405.62106
2025-06-26 19:34:29+07:00,28.00000,70.40000,29.00000,42.30000,0.86894,405.64230
2025-06-26 19:35:19+07:00,28.00000,70.50000,30.30000,48.20000,0.94389,405.40213
2025-06-26 19:36:08+07:00,28.00000,70.50000,35.20000,61.50000,0.94389,405.77103
2025-06-26 19:36:58+07:00,27.90000,70.70000,41.00000,68.30000,0.89497,405.61047
2025-06-26 19:37:47+07:00,27.90000,70.70000,41.20000,81.90000,0.92900,405.42267
2025-06-26 19:38:36+07:00,28.00000,70.80000,36.70000,63.40000,0.93642,405.35104
2025-06-26 19:39:26+07:00,28.00000,70.50000,30.30000,49.00000,0.94139,405.66357
2025-06-26 19:40:16+07:00,27.90000,70.10000,28.40000,40.90000,0.87598,405.45361
2025-06-26 19:41:05+07:00,27.90000,70.10000,27.00000,38.10000,0.90701,405.52637
2025-06-26 19:41:54+07:00,27.80000,70.30000,28.40000,38.80000,1.15524,406.52322
2025-06-26 19:42:44+07:00,27.70000,70.80000,27.20000,36.10000,1.04263,406.12622
2025-06-26 19:43:33+07:00,27.70000,70.90000,26.00000,40.20000,1.03455,406.22931
2025-06-26 19:44:23+07:00,27.70000,71.00000,29.70000,44.60000,1.05621,406.14902
2025-06-26 19:45:12+07:00,27.70000,71.10000,29.90000,46.80000,0.96657,405.97983
2025-06-26 19:46:01+07:00,27.80000,71.10000,30.10000,46.10000,1.02385,406.02457
2025-06-26 19:46:51+07:00,27.80000,71.00000,28.60000,43.90000,0.99749,405.78186
2025-06-26 19:47:40+07:00,27.80000,71.20000,28.50000,41.10000,0.94639,405.72784
2025-06-26 19:48:30+07:00,27.80000,71.30000,27.10000,41.00000,1.01324,406.04703
2025-06-26 19:49:19+07:00,27.80000,71.30000,26.40000,40.30000,1.02919,406.00214
2025-06-26 19:50:09+07:00,27.70000,71.20000,27.30000,37.20000,0.98452,405.77103
2025-06-26 19:50:58+07:00,27.70000,71.20000,30.20000,50.80000,0.96657,406.42795
2025-06-26 19:51:47+07:00,27.70000,71.30000,27.90000,43.80000,0.98969,405.86917
2025-06-26 19:52:37+07:00,27.70000,71.60000,30.30000,47.40000,0.99229,406.10352
2025-06-26 19:53:29+07:00,27.70000,71.60000,28.20000,43.50000,0.96149,405.93536
2025-06-26 19:54:19+07:00,27.70000,71.30000,25.10000,36.10000,0.98452,405.83630
2025-06-26 19:55:12+07:00,27.60000,71.10000,24.20000,33.40000,0.98969,405.81448
2025-06-26 19:56:06+07:00,27.60000,71.40000,24.80000,37.40000,0.98452,405.84723
2025-06-26 19:56:55+07:00,27.50000,71.80000,26.90000,37.60000,0.99229,405.70636
2025-06-26 19:57:44+07:00,27.50000,72.00000,26.40000,39.20000,0.95896,405.73862
2025-06-26 19:58:34+07:00,27.40000,72.10000,26.50000,39.30000,0.94889,405.79272
2025-06-26 19:59:24+07:00,27.40000,72.10000,27.30000,40.90000,0.95644,405.66357
2025-06-26 20:00:17+07:00,27.50000,72.20000,26.90000,40.70000,0.93146,405.65292
2025-06-26 20:01:06+07:00,27.50000,72.30000,28.70000,47.90000,0.96657,405.50549
2025-06-26 20:01:56+07:00,27.50000,72.20000,28.50000,45.00000,0.90459,405.70636
2025-06-26 20:02:46+07:00,27.60000,72.00000,27.20000,45.40000,0.91673,405.79272
2025-06-26 20:03:35+07:00,27.50000,72.10000,25.70000,43.20000,1.02652,405.56830
2025-06-26 20:04:25+07:00,27.50000,71.90000,25.20000,36.40000,0.88781,405.56830
2025-06-26 20:05:14+07:00,27.50000,71.80000,23.60000,35.00000,0.92900,405.93536
2025-06-26 20:06:08+07:00,27.50000,71.80000,24.60000,35.50000,0.95644,405.82538
2025-06-26 20:06:58+07:00,27.50000,71.70000,24.90000,35.90000,0.90218,405.50549
2025-06-26 20:07:47+07:00,27.50000,71.80000,24.00000,36.30000,0.93146,405.70636
2025-06-26 20:08:37+07:00,27.50000,71.90000,24.60000,37.80000,0.95140,405.43298
2025-06-26 20:09:26+07:00,27.50000,71.80000,24.00000,35.50000,0.92653,405.70636
2025-06-26 20:10:16+07:00,27.50000,71.70000,25.20000,34.50000,0.93890,405.61047
2025-06-26 20:11:08+07:00,27.50000,71.60000,24.40000,34.30000,0.92900,405.63165
2025-06-26 20:11:58+07:00,27.60000,72.00000,25.30000,37.70000,0.93394,405.71710
2025-06-26 20:12:47+07:00,27.60000,71.80000,25.90000,38.90000,0.85499,405.57883
2025-06-26 20:13:37+07:00,27.70000,71.90000,26.70000,35.70000,0.95392,405.68494
2025-06-26 20:14:29+07:00,27.70000,71.80000,25.70000,33.90000,0.90943,405.70636
2025-06-26 20:15:23+07:00,27.70000,71.80000,26.30000,39.10000,0.87598,405.62106
2025-06-26 20:16:13+07:00,27.70000,71.90000,27.90000,43.10000,0.91673,405.72784
2025-06-26 20:17:02+07:00,27.80000,71.70000,36.20000,69.00000,0.92162,405.68494
2025-06-26 20:17:52+07:00,27.80000,71.70000,38.40000,67.90000,0.90218,405.76022
2025-06-26 20:18:44+07:00,27.80000,71.80000,32.80000,55.00000,0.95392,405.83630
2025-06-26 20:20:32+07:00,27.80000,72.00000,28.80000,45.50000,0.96912,405.83630
2025-06-26 20:21:28+07:00,27.80000,72.10000,27.90000,40.40000,0.97167,405.89117
2025-06-26 20:22:18+07:00,27.80000,72.10000,34.50000,51.10000,0.95140,405.74942
2025-06-26 20:23:07+07:00,27.80000,72.00000,37.10000,56.90000,0.94139,405.71710
2025-06-26 20:24:53+07:00,27.80000,72.20000,29.40000,40.40000,0.93394,405.77103
2025-06-26 20:25:42+07:00,27.70000,72.40000,28.40000,41.30000,0.94139,405.78186
2025-06-26 20:26:35+07:00,27.60000,72.60000,26.00000,38.20000,0.89258,405.78186
2025-06-26 20:27:29+07:00,27.60000,72.70000,26.80000,36.70000,0.96657,405.78186
2025-06-26 20:28:20+07:00,27.70000,72.50000,26.60000,37.20000,0.91429,405.76022
2025-06-26 20:29:10+07:00,27.60000,72.60000,26.80000,39.70000,0.91673,405.68494
2025-06-26 20:30:06+07:00,27.50000,72.80000,27.30000,35.90000,0.94889,405.68494
2025-06-26 20:31:03+07:00,27.40000,73.10000,27.00000,37.40000,0.93394,405.64230
2025-06-26 20:31:55+07:00,27.50000,73.00000,25.40000,34.60000,0.87598,405.68494
2025-06-26 20:32:45+07:00,27.60000,72.60000,26.60000,36.00000,0.90943,405.80359
2025-06-26 20:33:36+07:00,27.50000,72.70000,26.10000,39.00000,0.96657,405.66357
2025-06-26 20:34:25+07:00,27.50000,72.70000,26.00000,35.20000,0.94889,405.71710
2025-06-26 20:35:15+07:00,27.50000,72.80000,25.70000,36.40000,0.93642,405.78186
2025-06-26 20:36:07+07:00,27.50000,72.80000,26.10000,39.30000,0.92653,405.74942
2025-06-26 20:36:56+07:00,27.50000,72.70000,25.90000,34.10000,0.88781,405.61047
2025-06-26 20:37:46+07:00,27.50000,72.90000,27.60000,38.40000,0.90459,405.71710
2025-06-26 20:38:35+07:00,27.50000,72.90000,29.20000,40.40000,0.93146,405.74942
2025-06-26 20:39:25+07:00,27.40000,73.10000,30.10000,41.90000,0.87128,405.91321
2025-06-26 20:40:14+07:00,27.50000,73.30000,30.30000,40.10000,0.90218,405.76022
2025-06-26 20:41:04+07:00,27.50000,73.20000,28.80000,41.50000,0.93642,405.84723
2025-06-26 20:41:54+07:00,27.50000,73.10000,30.80000,42.50000,0.89019,405.74942
2025-06-26 20:42:47+07:00,27.50000,73.00000,31.30000,45.40000,0.92653,405.63165
2025-06-26 20:43:37+07:00,27.50000,73.00000,40.70000,60.40000,0.95644,405.64230
2025-06-26 20:44:26+07:00,27.50000,73.00000,40.80000,60.00000,0.97936,405.88016
2025-06-26 20:45:15+07:00,27.50000,72.80000,44.60000,68.50000,0.90943,405.80359
2025-06-26 20:46:05+07:00,27.50000,72.90000,45.40000,67.10000,0.95644,405.81448
2025-06-26 20:46:54+07:00,27.50000,73.10000,42.90000,67.50000,0.90459,405.74942
2025-06-26 20:47:44+07:00,27.40000,72.90000,46.50000,75.20000,0.97423,405.77103
2025-06-26 20:48:33+07:00,27.40000,73.20000,45.50000,70.40000,0.93642,405.97983
2025-06-26 20:49:23+07:00,27.50000,73.10000,38.30000,57.70000,0.94139,405.77103
2025-06-26 20:50:16+07:00,27.50000,73.00000,39.30000,60.60000,0.95896,405.78186
2025-06-26 20:51:05+07:00,27.60000,72.60000,41.40000,70.10000,0.93890,406.11487
2025-06-26 20:51:55+07:00,27.60000,72.50000,37.00000,60.50000,0.91673,405.68494
2025-06-26 20:52:44+07:00,27.50000,72.90000,38.80000,62.50000,0.94889,405.76022
2025-06-26 20:53:34+07:00,27.50000,72.90000,38.20000,63.10000,0.94889,405.89117
2025-06-26 20:54:23+07:00,27.40000,73.00000,38.90000,69.50000,0.98452,406.06958
2025-06-26 20:55:12+07:00,27.40000,73.00000,36.30000,58.20000,0.91429,405.94644
2025-06-26 20:56:02+07:00,27.40000,73.00000,36.10000,57.40000,0.94639,405.93536
2025-06-26 20:56:51+07:00,27.40000,73.10000,31.00000,49.30000,0.96912,405.86917
2025-06-26 20:57:41+07:00,27.40000,73.00000,41.00000,70.20000,0.95392,405.83630
2025-06-26 20:58:30+07:00,27.40000,73.00000,51.30000,89.30000,0.94639,405.68494
2025-06-26 20:59:20+07:00,27.40000,72.90000,55.00000,95.40000,0.95140,405.97983
2025-06-26 21:00:09+07:00,27.50000,72.90000,57.00000,98.30000,0.93394,405.80359
2025-06-26 21:00:59+07:00,27.50000,73.10000,46.10000,74.30000,0.95896,405.72784
2025-06-26 21:01:48+07:00,27.50000,73.00000,44.30000,69.10000,0.98710,406.05829
2025-06-26 21:02:38+07:00,27.40000,73.00000,42.60000,65.90000,0.99229,405.77103
2025-06-26 21:03:27+07:00,27.40000,73.20000,43.00000,66.20000,0.96149,405.90219
2025-06-26 21:04:17+07:00,27.30000,73.40000,42.10000,64.30000,0.94889,405.55777
2025-06-26 21:05:06+07:00,27.20000,73.40000,46.40000,72.20000,0.95644,405.76022
2025-06-26 21:05:56+07:00,27.20000,73.40000,45.20000,71.50000,0.97167,405.80359
2025-06-26 21:06:45+07:00,27.20000,73.40000,38.90000,57.70000,1.02119,405.49509
2025-06-26 21:07:35+07:00,27.20000,73.50000,37.60000,59.50000,0.90459,405.64230
2025-06-26 21:08:24+07:00,27.20000,73.60000,37.20000,61.00000,0.92407,405.84723
2025-06-26 21:09:14+07:00,27.20000,73.60000,40.30000,69.80000,0.92900,405.67426
2025-06-26 21:10:03+07:00,27.20000,73.60000,35.50000,59.40000,0.93642,405.81448
2025-06-26 21:10:53+07:00,27.20000,73.60000,31.70000,48.00000,0.95644,405.71710
2025-06-26 21:11:42+07:00,27.10000,73.80000,28.90000,43.40000,0.95140,405.78186
2025-06-26 21:12:32+07:00,27.10000,73.80000,29.90000,44.30000,0.91429,405.68494
2025-06-26 21:13:22+07:00,27.10000,73.80000,26.30000,42.20000,0.85038,406.09216
2025-06-26 21:14:11+07:00,27.10000,73.80000,28.70000,42.50000,0.92653,405.82538
2025-06-26 21:15:01+07:00,27.10000,74.00000,29.20000,40.80000,0.94389,405.72784
2025-06-26 21:15:54+07:00,27.10000,74.00000,28.60000,43.90000,0.97679,405.80359
2025-06-26 21:16:44+07:00,27.00000,74.10000,26.80000,39.40000,0.91429,405.80359
2025-06-26 21:17:33+07:00,27.00000,74.20000,28.30000,42.40000,0.89019,405.74942
2025-06-26 21:18:23+07:00,27.00000,74.20000,27.10000,41.40000,0.92653,405.56830
2025-06-26 21:19:12+07:00,27.00000,74.10000,26.30000,36.60000,0.91186,405.43298
2025-06-26 21:20:02+07:00,26.90000,74.00000,28.40000,41.90000,0.91429,405.63165
2025-06-26 21:20:56+07:00,26.90000,74.20000,27.20000,41.60000,0.95644,405.63165
2025-06-26 21:21:45+07:00,26.90000,74.40000,26.80000,39.00000,0.92407,405.74942
2025-06-26 21:22:38+07:00,26.70000,74.30000,27.00000,39.00000,0.99489,405.77103
2025-06-26 21:23:27+07:00,26.70000,74.70000,27.30000,41.60000,0.98452,405.91321
2025-06-26 21:24:17+07:00,26.70000,74.70000,26.40000,40.20000,0.93394,405.80359
2025-06-26 21:25:07+07:00,26.70000,74.80000,26.90000,41.60000,0.95896,406.02457
2025-06-26 21:25:56+07:00,26.60000,74.80000,29.40000,48.20000,0.92900,405.77103
2025-06-26 21:26:53+07:00,26.60000,75.10000,28.40000,44.90000,0.94889,405.88016
2025-06-26 21:27:42+07:00,26.60000,75.00000,30.20000,48.90000,0.97423,405.81448
2025-06-26 21:28:32+07:00,26.60000,74.80000,29.40000,46.50000,0.92900,405.81448
2025-06-26 21:29:22+07:00,26.70000,74.80000,28.70000,44.30000,0.92653,405.93536
2025-06-26 21:30:11+07:00,26.60000,74.70000,28.80000,39.20000,0.89737,405.84723
2025-06-26 21:31:05+07:00,26.60000,74.90000,32.20000,52.30000,0.89258,405.54730
2025-06-26 21:31:58+07:00,26.60000,75.20000,34.20000,61.30000,0.91429,405.67426
2025-06-26 21:32:48+07:00,26.60000,75.20000,35.20000,70.40000,0.90943,405.81448
2025-06-26 21:33:38+07:00,26.50000,75.60000,35.40000,63.00000,0.92162,405.64230
2025-06-26 21:34:28+07:00,26.50000,75.60000,36.10000,70.00000,0.85268,405.74942
2025-06-26 21:35:17+07:00,26.60000,75.80000,34.60000,61.80000,0.93146,405.80359
2025-06-26 21:36:07+07:00,26.60000,75.80000,35.30000,58.60000,0.94389,405.73862
2025-06-26 21:36:56+07:00,26.60000,75.50000,32.10000,55.30000,0.93146,405.83630
2025-06-26 21:37:52+07:00,26.70000,75.20000,33.70000,56.00000,0.94389,405.71710
2025-06-26 21:38:41+07:00,26.70000,75.10000,34.60000,57.60000,0.96403,405.91321
2025-06-26 21:39:34+07:00,26.70000,74.90000,36.80000,64.90000,0.91917,405.82538
2025-06-26 21:40:23+07:00,26.70000,74.80000,33.10000,51.20000,0.97936,405.97983
2025-06-26 21:41:12+07:00,26.70000,75.10000,32.90000,52.20000,0.96912,405.96866
2025-06-26 21:42:02+07:00,26.70000,75.20000,35.60000,55.60000,0.93890,405.81448
2025-06-26 21:42:51+07:00,26.80000,74.90000,39.30000,65.90000,0.98710,406.17187
2025-06-26 21:43:41+07:00,26.70000,75.20000,40.80000,70.90000,0.91429,405.92429
2025-06-26 21:44:31+07:00,26.70000,75.40000,40.50000,69.10000,0.85268,405.97983
2025-06-26 21:45:21+07:00,26.60000,75.60000,39.50000,67.60000,0.94639,405.78186
2025-06-26 21:46:10+07:00,26.70000,75.60000,37.90000,61.90000,0.97423,406.05829
2025-06-26 21:47:03+07:00,26.70000,75.60000,38.00000,56.40000,0.94639,406.06958
2025-06-26 21:47:54+07:00,26.70000,75.40000,39.90000,57.70000,0.98194,406.18332
2025-06-26 21:48:44+07:00,26.70000,75.50000,40.30000,65.40000,0.96657,405.86917
2025-06-26 21:49:34+07:00,26.60000,75.60000,41.20000,67.10000,0.87833,406.27557
2025-06-26 21:50:24+07:00,26.60000,75.80000,42.40000,73.20000,0.99229,405.58936
2025-06-26 21:51:14+07:00,26.60000,75.80000,42.70000,75.10000,0.98452,405.97983
2025-06-26 21:52:03+07:00,26.60000,76.10000,45.00000,77.60000,0.95140,406.03577
2025-06-26 21:52:52+07:00,26.60000,75.90000,42.70000,72.90000,0.93146,406.26398
2025-06-26 21:53:42+07:00,26.50000,75.90000,44.00000,76.60000,0.99229,406.08087
2025-06-26 21:54:31+07:00,26.50000,76.00000,43.80000,74.80000,0.92162,406.25241
2025-06-26 21:55:21+07:00,26.50000,76.10000,42.40000,66.70000,0.98452,405.76022
2025-06-26 21:56:10+07:00,26.50000,76.40000,43.90000,71.90000,0.88306,405.89117
2025-06-26 21:57:00+07:00,26.50000,76.40000,45.30000,76.60000,0.98969,406.08087
2025-06-26 21:57:49+07:00,26.40000,76.50000,44.50000,68.80000,0.86660,406.08087
2025-06-26 21:59:34+07:00,26.50000,76.40000,46.20000,75.90000,0.96149,406.18332
2025-06-26 22:00:23+07:00,26.50000,76.20000,47.40000,79.90000,0.94389,406.47543
2025-06-26 22:01:13+07:00,26.40000,76.30000,42.20000,73.80000,0.96403,406.26398
2025-06-26 22:02:02+07:00,26.40000,76.30000,46.00000,80.40000,1.00272,406.28720
2025-06-26 22:02:56+07:00,26.40000,76.30000,47.70000,86.60000,0.96403,406.10352
2025-06-26 22:03:45+07:00,26.40000,76.20000,47.00000,81.10000,0.92900,406.36899
2025-06-26 22:04:35+07:00,26.30000,76.30000,46.90000,80.90000,0.95392,406.27557
2025-06-26 22:05:24+07:00,26.30000,76.60000,47.00000,83.00000,1.03455,405.82538
2025-06-26 22:06:14+07:00,26.20000,76.90000,45.90000,85.00000,0.86894,405.51593
2025-06-26 22:07:03+07:00,26.20000,76.70000,42.10000,82.00000,0.89497,405.90219
2025-06-26 22:07:53+07:00,26.30000,76.50000,43.00000,78.80000,0.90218,405.70636
2025-06-26 22:08:42+07:00,26.30000,76.60000,45.70000,81.70000,0.93890,405.70636
2025-06-26 22:09:31+07:00,26.30000,76.50000,47.80000,86.10000,0.88543,405.48468
2025-06-26 22:10:21+07:00,26.30000,76.60000,47.50000,84.40000,0.92653,405.55777
2025-06-26 22:11:11+07:00,26.40000,76.50000,46.50000,78.30000,0.90218,405.64230
2025-06-26 22:12:00+07:00,26.40000,76.60000,42.70000,71.30000,0.87363,405.97983
2025-06-26 22:12:50+07:00,26.40000,76.40000,47.60000,75.40000,0.98194,405.74942
2025-06-26 22:13:39+07:00,26.50000,76.00000,49.70000,85.50000,0.89977,405.63165
2025-06-26 22:14:29+07:00,26.40000,76.20000,47.40000,81.90000,0.87363,405.77103
2025-06-26 22:15:18+07:00,26.40000,76.30000,48.60000,85.80000,0.96912,405.70636
2025-06-26 22:16:08+07:00,26.30000,76.60000,45.30000,72.50000,0.89019,405.80359
2025-06-26 22:16:58+07:00,26.20000,76.60000,46.20000,79.30000,0.92653,405.67426
2025-06-26 22:17:47+07:00,26.20000,76.70000,44.60000,75.20000,0.90218,405.86917
2025-06-26 22:18:36+07:00,26.30000,76.60000,45.60000,78.80000,0.87598,405.55777
2025-06-26 22:19:26+07:00,26.30000,76.70000,45.80000,74.10000,0.88306,405.63165
2025-06-26 22:20:16+07:00,26.30000,76.60000,46.70000,74.30000,0.92653,405.72784
2025-06-26 22:21:05+07:00,26.30000,76.70000,43.00000,70.80000,0.85962,405.77103
2025-06-26 22:21:55+07:00,26.40000,76.70000,46.10000,70.70000,0.87833,405.59991
2025-06-26 22:22:48+07:00,26.40000,76.60000,41.40000,62.60000,0.86194,405.58936
2025-06-26 22:23:37+07:00,26.40000,76.60000,38.40000,57.10000,0.93642,405.66357
2025-06-26 22:24:27+07:00,26.50000,76.60000,39.50000,58.30000,0.90701,405.67426
2025-06-26 22:25:16+07:00,26.50000,76.30000,37.30000,57.20000,0.88306,405.73862
2025-06-26 22:26:06+07:00,26.40000,76.30000,35.40000,54.20000,0.87128,405.69565
2025-06-26 22:26:55+07:00,26.40000,76.30000,37.00000,51.70000,0.89737,405.58936
2025-06-26 22:27:45+07:00,26.40000,76.10000,37.50000,55.70000,0.90943,405.62106
2025-06-26 22:28:34+07:00,26.40000,76.30000,36.90000,55.90000,0.89977,405.35104
2025-06-26 22:29:24+07:00,26.40000,76.30000,36.80000,57.20000,0.85962,405.64230
2025-06-26 22:30:13+07:00,26.30000,76.10000,37.00000,56.50000,0.91673,405.67426
2025-06-26 22:31:03+07:00,26.30000,76.20000,38.30000,58.10000,0.92407,405.55777
2025-06-26 22:31:52+07:00,26.40000,76.30000,37.30000,53.20000,0.89497,405.65292
2025-06-26 22:32:41+07:00,26.40000,76.40000,38.70000,56.70000,0.93146,405.55777
2025-06-26 22:33:31+07:00,26.40000,76.40000,36.70000,52.00000,0.98710,405.36124
2025-06-26 22:34:20+07:00,26.40000,76.50000,39.00000,55.40000,0.88070,405.77103
2025-06-26 22:35:10+07:00,26.50000,76.30000,38.90000,54.00000,0.88543,405.63165
2025-06-26 22:35:59+07:00,26.60000,76.10000,40.30000,59.40000,0.87363,405.69565
2025-06-26 22:36:49+07:00,26.60000,75.90000,43.30000,68.80000,0.86194,405.51593
2025-06-26 22:37:38+07:00,26.40000,76.40000,41.40000,60.20000,0.91429,405.61047
2025-06-26 22:38:28+07:00,26.30000,76.40000,47.50000,82.00000,0.91429,405.67426
2025-06-26 22:39:17+07:00,26.30000,76.50000,48.20000,82.80000,0.92653,405.56830
2025-06-26 22:40:07+07:00,26.30000,76.70000,50.00000,87.20000,0.88781,405.67426
2025-06-26 22:40:56+07:00,26.30000,76.70000,47.90000,79.60000,0.89019,405.61047
2025-06-26 22:41:49+07:00,26.40000,76.40000,46.00000,78.80000,0.87598,405.74942
2025-06-26 22:42:38+07:00,26.40000,76.30000,48.70000,89.30000,0.89019,405.70636
2025-06-26 22:43:28+07:00,26.40000,76.30000,49.50000,87.00000,0.86894,405.66357
2025-06-26 22:44:17+07:00,26.40000,76.40000,46.80000,83.80000,0.91186,405.69565
2025-06-26 22:45:08+07:00,26.30000,76.70000,46.50000,80.00000,0.91186,405.55777
2025-06-26 22:45:57+07:00,26.30000,76.50000,42.80000,72.50000,0.92162,406.05829
2025-06-26 22:46:47+07:00,26.40000,76.60000,42.60000,70.80000,0.90218,405.53680
2025-06-26 22:47:38+07:00,26.40000,76.30000,40.30000,68.90000,0.90943,405.70636
2025-06-26 22:48:28+07:00,26.30000,76.50000,38.10000,62.40000,0.90943,405.53680
2025-06-26 22:49:17+07:00,26.20000,76.90000,39.20000,61.00000,0.92407,405.65292
2025-06-26 22:50:06+07:00,26.20000,77.00000,36.70000,57.00000,0.89497,405.66357
2025-06-26 22:50:56+07:00,26.20000,76.90000,37.00000,61.90000,0.88306,405.55777
2025-06-26 22:51:45+07:00,26.20000,76.90000,39.20000,61.00000,0.85962,405.61047
2025-06-26 22:52:34+07:00,26.20000,77.20000,39.40000,59.10000,0.86660,405.68494
2025-06-26 22:53:24+07:00,26.20000,77.30000,42.00000,65.60000,0.89977,405.71710
2025-06-26 22:54:13+07:00,26.20000,77.20000,42.50000,70.90000,0.91429,405.77103
2025-06-26 22:55:02+07:00,26.20000,77.20000,37.10000,62.90000,0.93146,405.48468
2025-06-26 22:55:52+07:00,26.10000,77.10000,37.20000,57.80000,0.89497,405.56830
2025-06-26 22:56:41+07:00,26.20000,76.80000,34.60000,54.00000,0.88306,405.66357
2025-06-26 22:57:31+07:00,26.20000,76.80000,35.30000,54.20000,0.88543,405.64230
2025-06-26 22:58:21+07:00,26.10000,77.00000,35.70000,54.30000,0.86194,405.62106
2025-06-26 22:59:10+07:00,26.10000,77.30000,36.00000,50.50000,0.89258,405.63165
2025-06-26 22:59:59+07:00,26.10000,77.20000,34.50000,57.20000,0.90218,405.58936
2025-06-26 23:00:49+07:00,26.00000,77.40000,32.10000,45.80000,0.88070,405.67426
2025-06-26 23:01:39+07:00,25.90000,77.60000,29.60000,47.90000,0.88543,405.53680
2025-06-26 23:02:33+07:00,25.90000,77.50000,26.50000,40.30000,0.87128,405.66357
2025-06-26 23:03:22+07:00,25.90000,77.10000,25.60000,40.30000,0.86194,405.41238
2025-06-26 23:04:12+07:00,25.90000,77.20000,26.20000,39.70000,0.88070,405.29028
2025-06-26 23:05:02+07:00,25.80000,77.40000,26.00000,40.70000,0.82089,405.34088
2025-06-26 23:05:52+07:00,25.80000,77.50000,26.30000,38.60000,0.90218,405.25009
2025-06-26 23:06:41+07:00,25.90000,77.40000,27.30000,41.00000,0.89019,405.38165
2025-06-26 23:07:31+07:00,25.80000,77.40000,26.60000,38.70000,0.87363,405.59991
2025-06-26 23:08:20+07:00,25.70000,77.60000,27.10000,41.10000,0.89497,405.63165
2025-06-26 23:09:17+07:00,25.70000,77.80000,26.90000,47.30000,0.91917,405.53680
2025-06-26 23:13:16+07:00,25.80000,78.10000,32.60000,56.70000,0.90701,405.52637
2025-06-26 23:14:06+07:00,25.80000,78.00000,33.30000,52.90000,0.94389,405.58936
2025-06-26 23:14:55+07:00,25.90000,77.80000,34.60000,56.90000,0.91917,405.72784
2025-06-26 23:15:45+07:00,25.80000,77.70000,35.10000,55.20000,0.92162,405.69565
2025-06-26 23:16:34+07:00,25.80000,77.80000,35.20000,63.10000,0.93146,405.66357
2025-06-26 23:17:23+07:00,25.80000,77.90000,37.20000,63.30000,0.94889,405.79272
2025-06-26 23:18:13+07:00,25.80000,78.00000,38.40000,69.90000,0.96912,405.64230
2025-06-26 23:19:02+07:00,25.90000,77.90000,38.90000,75.00000,0.92653,405.84723
2025-06-26 23:19:52+07:00,25.80000,78.00000,38.20000,67.70000,0.97167,405.84723
2025-06-26 23:21:38+07:00,25.70000,78.30000,40.50000,71.50000,0.92653,405.91321
2025-06-26 23:22:27+07:00,25.70000,78.60000,38.50000,65.30000,0.91917,405.69565
2025-06-26 23:23:16+07:00,25.70000,78.70000,37.00000,60.10000,0.82089,405.66357
2025-06-26 23:24:09+07:00,25.70000,78.60000,37.10000,62.80000,0.91429,405.68494
2025-06-26 23:24:59+07:00,25.70000,78.80000,35.50000,58.50000,0.92407,405.72784
2025-06-26 23:25:48+07:00,25.60000,78.90000,36.60000,59.00000,0.99229,405.70636
2025-06-26 23:26:37+07:00,25.60000,78.90000,35.60000,58.00000,0.97167,405.64230
2025-06-26 23:27:27+07:00,25.50000,79.00000,35.20000,62.70000,0.89258,405.57883
2025-06-26 23:28:16+07:00,25.50000,78.90000,34.50000,59.70000,0.88306,405.70636
2025-06-26 23:29:06+07:00,25.60000,78.70000,34.30000,60.50000,0.87363,405.70636
2025-06-26 23:29:55+07:00,25.70000,78.40000,34.80000,61.40000,0.90459,405.67426
2025-06-26 23:30:44+07:00,25.70000,78.10000,35.00000,57.20000,0.95140,405.72784
2025-06-26 23:31:34+07:00,25.70000,78.00000,35.40000,61.10000,0.95140,405.53680
2025-06-26 23:32:23+07:00,25.80000,78.10000,33.20000,55.50000,0.92407,406.04703
2025-06-26 23:33:12+07:00,25.80000,77.90000,33.30000,58.20000,0.88306,405.90219
2025-06-26 23:34:03+07:00,25.80000,77.70000,34.90000,57.10000,0.87363,405.38165
2025-06-26 23:34:52+07:00,25.70000,78.00000,34.70000,61.40000,0.87598,405.79272
2025-06-26 23:35:42+07:00,25.70000,78.10000,34.80000,59.00000,0.90218,405.39188
2025-06-26 23:36:31+07:00,25.70000,78.20000,37.40000,62.80000,0.83894,405.59991
2025-06-26 23:37:21+07:00,25.70000,78.20000,36.60000,63.10000,0.90459,405.78186
2025-06-26 23:38:10+07:00,25.80000,78.00000,34.90000,58.70000,0.90701,405.68494
2025-06-26 23:39:00+07:00,25.80000,77.90000,34.40000,58.40000,0.88543,405.65292
2025-06-26 23:39:49+07:00,25.70000,78.10000,35.10000,61.80000,0.94389,405.77103
2025-06-26 23:40:38+07:00,25.70000,78.10000,34.00000,58.80000,0.91186,405.56830
2025-06-26 23:41:28+07:00,25.70000,78.20000,34.80000,54.70000,0.89737,405.58936
2025-06-26 23:42:17+07:00,25.70000,78.20000,33.20000,54.00000,0.92407,405.77103
2025-06-26 23:43:06+07:00,25.80000,78.20000,33.00000,51.40000,0.95140,405.78186
2025-06-26 23:43:56+07:00,25.80000,77.80000,31.10000,49.10000,0.94639,405.77103
2025-06-26 23:44:49+07:00,25.70000,77.90000,31.60000,49.20000,1.00797,405.81448
2025-06-26 23:45:38+07:00,25.80000,78.20000,30.80000,49.30000,0.96403,405.71710
2025-06-26 23:46:28+07:00,25.80000,78.00000,31.50000,52.60000,0.94139,405.57883
2025-06-26 23:47:17+07:00,25.90000,77.80000,32.00000,49.90000,0.94639,405.58936
2025-06-26 23:48:07+07:00,25.80000,77.70000,30.00000,49.40000,0.90943,405.77103
2025-06-26 23:48:56+07:00,25.80000,77.90000,29.80000,51.90000,0.91673,405.81448
2025-06-26 23:49:45+07:00,25.70000,77.60000,30.90000,51.10000,0.93890,405.64230
2025-06-26 23:50:35+07:00,25.60000,78.00000,30.30000,51.80000,0.88781,405.61047
2025-06-26 23:51:24+07:00,25.60000,78.00000,28.60000,49.60000,0.89737,405.64230
2025-06-26 23:52:14+07:00,25.60000,78.10000,29.50000,47.20000,0.91917,405.42267
2025-06-26 23:53:03+07:00,25.70000,78.10000,31.00000,49.80000,0.91917,405.70636
2025-06-26 23:54:46+07:00,25.70000,77.80000,29.10000,47.30000,0.96912,405.69565
2025-06-26 23:55:36+07:00,25.70000,77.70000,28.50000,50.80000,0.87363,405.66357
2025-06-26 23:56:25+07:00,25.60000,77.70000,27.00000,46.60000,0.87363,405.62106
2025-06-26 23:57:15+07:00,25.60000,77.80000,26.90000,49.00000,0.88543,405.69565
2025-06-26 23:58:08+07:00,25.50000,77.60000,26.20000,50.50000,0.91186,405.64230
2025-06-26 23:58:57+07:00,25.50000,77.70000,24.80000,44.60000,0.86660,405.58936
2025-06-26 23:59:47+07:00,25.50000,77.70000,23.80000,38.90000,0.90218,405.59991
2025-06-27 00:00:36+07:00,25.50000,77.70000,24.00000,40.10000,0.87833,405.27014
2025-06-27 00:01:26+07:00,25.50000,77.60000,23.50000,38.50000,0.90218,405.63165
2025-06-27 00:02:15+07:00,25.50000,77.70000,23.00000,39.60000,0.91186,405.54730
2025-06-27 00:03:04+07:00,25.50000,78.10000,22.90000,36.50000,0.87598,405.78186
2025-06-27 00:03:54+07:00,25.50000,77.90000,22.70000,37.30000,0.92407,405.59991
2025-06-27 00:04:43+07:00,25.40000,78.00000,23.40000,36.30000,0.89977,405.53680
2025-06-27 00:05:32+07:00,25.40000,78.20000,21.50000,35.80000,0.86894,405.80359
2025-06-27 00:06:22+07:00,25.40000,78.10000,22.80000,37.40000,0.87598,405.30035
2025-06-27 00:07:11+07:00,25.40000,77.80000,21.30000,35.80000,0.84350,405.51593
2025-06-27 00:08:01+07:00,25.40000,77.70000,20.80000,35.70000,0.86894,405.49509
2025-06-27 00:08:50+07:00,25.40000,77.80000,21.10000,35.60000,0.90218,405.52637
2025-06-27 00:09:39+07:00,25.40000,77.70000,23.00000,39.40000,0.85962,405.42267
2025-06-27 00:10:29+07:00,25.40000,77.80000,23.50000,42.70000,0.89977,405.71710
2025-06-27 00:11:18+07:00,25.40000,77.90000,23.70000,43.50000,0.88543,405.31049
2025-06-27 00:12:08+07:00,25.40000,77.80000,24.40000,40.70000,0.89258,405.55777
2025-06-27 00:12:57+07:00,25.30000,78.00000,23.00000,41.00000,0.88543,405.45361
2025-06-27 00:13:46+07:00,25.30000,78.30000,25.10000,44.10000,0.86894,405.50549
2025-06-27 00:14:36+07:00,25.30000,78.50000,23.80000,42.20000,0.88781,405.50549
2025-06-27 00:15:25+07:00,25.20000,78.90000,24.10000,40.20000,0.85499,405.19025
2025-06-27 00:16:15+07:00,25.20000,78.70000,22.80000,37.40000,0.81420,405.16055
2025-06-27 00:17:04+07:00,25.20000,78.80000,23.60000,38.30000,0.77709,405.40213
2025-06-27 00:17:53+07:00,25.20000,78.80000,24.00000,38.00000,0.80976,405.25009
2025-06-27 00:18:43+07:00,25.30000,78.60000,24.00000,38.30000,0.80976,405.11133
2025-06-27 00:19:32+07:00,25.40000,78.60000,24.70000,39.40000,0.80095,405.15067
2025-06-27 00:20:22+07:00,25.30000,78.20000,26.10000,40.70000,0.79657,405.26010
2025-06-27 00:21:11+07:00,25.30000,78.30000,27.80000,48.90000,0.82988,405.25009
2025-06-27 00:22:01+07:00,25.30000,78.20000,27.80000,50.20000,0.79439,405.14081
2025-06-27 00:22:50+07:00,25.20000,78.30000,28.10000,50.40000,0.81198,405.24005
2025-06-27 00:23:43+07:00,25.30000,78.50000,28.30000,46.20000,0.82537,405.14081
2025-06-27 00:24:32+07:00,25.30000,78.10000,28.10000,45.40000,0.82313,405.25009
2025-06-27 00:25:21+07:00,25.30000,78.10000,27.10000,41.90000,0.81420,405.53680
2025-06-27 00:26:11+07:00,25.30000,78.30000,27.50000,42.10000,0.81198,405.29028
2025-06-27 00:27:05+07:00,25.30000,78.30000,26.40000,40.10000,0.80535,405.20020
2025-06-27 00:27:55+07:00,25.30000,78.30000,24.60000,41.60000,0.80095,405.23007
2025-06-27 00:28:45+07:00,25.30000,78.10000,22.70000,34.10000,0.82089,405.31049
2025-06-27 00:29:37+07:00,25.40000,77.70000,22.00000,35.70000,0.79876,405.21014
2025-06-27 00:30:32+07:00,25.40000,77.40000,21.00000,32.00000,0.78787,405.35104
2025-06-27 00:31:27+07:00,25.40000,77.40000,21.50000,33.10000,0.77709,405.20020
2025-06-27 00:32:17+07:00,25.40000,77.60000,20.30000,32.00000,0.83667,405.19025
2025-06-27 00:33:07+07:00,25.50000,77.20000,20.50000,31.70000,0.80314,405.52637
2025-06-27 00:33:57+07:00,25.50000,77.00000,20.10000,31.30000,0.80314,405.22009
2025-06-27 00:34:46+07:00,25.50000,77.20000,20.10000,29.20000,0.80535,405.10156
2025-06-27 00:35:36+07:00,25.50000,77.00000,21.10000,30.20000,0.74755,405.15067
2025-06-27 00:36:26+07:00,25.50000,76.90000,20.80000,32.00000,0.74340,405.13098
2025-06-27 00:37:16+07:00,25.40000,76.90000,20.00000,31.80000,0.76010,405.26010
2025-06-27 00:38:05+07:00,25.40000,77.10000,19.90000,31.10000,0.80755,405.17044
2025-06-27 00:38:55+07:00,25.30000,77.20000,20.50000,29.80000,0.79876,405.18033
2025-06-27 00:39:44+07:00,25.40000,77.20000,22.10000,32.70000,0.78354,405.03342
2025-06-27 00:40:38+07:00,25.30000,77.30000,20.90000,33.50000,0.80755,405.11133
2025-06-27 00:41:27+07:00,25.40000,77.30000,20.70000,31.80000,0.80535,405.06253
2025-06-27 00:42:17+07:00,25.30000,77.20000,22.60000,39.10000,0.78570,405.16055
2025-06-27 00:43:06+07:00,25.30000,77.40000,22.70000,40.80000,0.75380,405.08200
2025-06-27 00:43:58+07:00,25.40000,77.20000,22.00000,33.30000,0.78787,405.02374
2025-06-27 00:44:52+07:00,25.30000,77.50000,20.60000,31.40000,0.77495,405.10156
2025-06-27 00:45:41+07:00,25.30000,77.50000,21.90000,35.30000,0.75380,405.02374
2025-06-27 00:46:31+07:00,25.20000,77.50000,20.80000,34.90000,0.76644,405.11133
2025-06-27 00:47:21+07:00,25.20000,77.60000,22.80000,40.60000,0.72902,405.00446
2025-06-27 00:48:10+07:00,25.10000,77.70000,22.60000,38.70000,0.75800,405.01410
2025-06-27 00:49:00+07:00,25.00000,78.00000,24.00000,40.70000,0.74755,404.84286
2025-06-27 00:49:58+07:00,25.00000,78.00000,22.30000,39.50000,0.76010,404.88992
2025-06-27 00:50:47+07:00,25.00000,78.00000,22.70000,36.90000,0.68137,405.38165
2025-06-27 00:53:39+07:00,25.10000,78.10000,25.30000,42.70000,0.76010,405.11133
2025-06-27 00:56:37+07:00,25.10000,78.10000,23.00000,36.80000,0.76010,404.95648
2025-06-27 00:57:35+07:00,25.00000,78.60000,23.90000,40.60000,0.74133,404.88992
2025-06-27 01:00:36+07:00,25.20000,77.80000,20.00000,33.50000,0.74963,404.95648
2025-06-27 01:01:26+07:00,25.20000,77.80000,20.80000,34.00000,0.71286,404.83350
2025-06-27 01:02:16+07:00,25.20000,77.80000,22.50000,38.10000,0.74963,405.00446
2025-06-27 01:03:05+07:00,25.10000,77.80000,22.20000,41.90000,0.74340,404.88992
2025-06-27 01:03:56+07:00,25.10000,77.90000,22.40000,41.80000,0.75171,404.95648
2025-06-27 01:04:45+07:00,25.00000,78.00000,22.00000,39.70000,0.75171,404.92786
2025-06-27 01:05:35+07:00,25.10000,77.90000,19.90000,32.30000,0.75590,404.95648
2025-06-27 01:06:25+07:00,25.10000,77.90000,19.70000,30.90000,0.74963,404.88049
2025-06-27 01:07:19+07:00,25.00000,78.00000,21.40000,37.00000,0.70092,404.95648
2025-06-27 01:08:08+07:00,25.10000,78.00000,22.00000,39.60000,0.75380,404.74982
2025-06-27 01:24:52+07:00,25.50000,76.70000,31.10000,57.00000,1.33225,407.31531
2025-06-27 01:25:43+07:00,25.50000,76.70000,34.50000,58.60000,1.28689,407.06845
2025-06-27 01:26:33+07:00,25.60000,76.60000,28.60000,48.00000,1.34544,407.42139
2025-06-27 01:27:24+07:00,25.50000,76.70000,28.60000,50.00000,1.21812,407.34174
2025-06-27 01:28:15+07:00,25.60000,76.60000,27.80000,52.10000,1.30941,407.70599
2025-06-27 01:29:06+07:00,25.60000,76.60000,29.00000,49.30000,1.31590,407.78897
2025-06-27 01:29:58+07:00,25.70000,76.20000,29.30000,52.50000,1.30618,407.61014
2025-06-27 01:30:54+07:00,25.60000,76.30000,29.30000,59.40000,1.35873,407.67850
2025-06-27 01:31:46+07:00,25.60000,76.50000,28.90000,54.50000,1.34875,407.71979
2025-06-27 01:32:40+07:00,25.50000,76.60000,26.80000,50.60000,1.36877,407.51526
2025-06-27 01:33:31+07:00,25.50000,76.80000,29.00000,53.10000,1.31590,407.32852
2025-06-27 01:34:23+07:00,25.50000,76.60000,28.60000,49.10000,1.28370,407.59653
2025-06-27 01:35:14+07:00,25.60000,76.60000,30.40000,56.10000,1.35207,407.34174
2025-06-27 01:36:07+07:00,25.60000,76.50000,30.20000,53.80000,1.35540,407.51526
2025-06-27 01:37:00+07:00,25.60000,76.60000,28.70000,53.60000,1.35207,407.55582
2025-06-27 01:38:54+07:00,25.60000,76.50000,28.30000,43.60000,1.32897,407.52878
2025-06-27 01:41:39+07:00,25.60000,76.40000,28.50000,40.10000,1.35873,407.62378
2025-06-27 01:42:43+07:00,25.60000,76.60000,27.90000,42.40000,1.32242,408.17166
2025-06-27 01:44:27+07:00,25.60000,76.40000,25.80000,41.10000,1.34544,407.46152
2025-06-27 01:45:22+07:00,25.60000,76.30000,23.40000,35.90000,1.38903,407.56937
2025-06-27 01:46:14+07:00,25.60000,76.10000,24.60000,39.30000,1.39243,407.46152
2025-06-27 01:47:05+07:00,25.60000,75.70000,25.50000,39.20000,1.30295,407.51526
2025-06-27 01:47:55+07:00,25.50000,75.80000,27.00000,44.10000,1.33225,407.52878
2025-06-27 01:50:42+07:00,25.50000,75.90000,27.10000,43.70000,1.33883,408.04239
2025-06-27 01:51:35+07:00,25.50000,75.70000,28.60000,46.80000,1.36207,407.76123
2025-06-27 01:53:24+07:00,25.50000,75.90000,29.60000,48.50000,1.37213,407.97131
2025-06-27 01:54:19+07:00,25.40000,76.00000,29.50000,47.80000,1.37213,407.77509
2025-06-27 01:55:09+07:00,25.30000,75.90000,28.90000,46.60000,1.33225,407.67850
2025-06-27 01:56:00+07:00,25.20000,75.90000,28.20000,43.80000,1.27416,407.91483
2025-06-27 01:56:49+07:00,25.20000,76.50000,28.80000,46.30000,1.30941,407.58295
2025-06-27 01:57:42+07:00,25.20000,75.90000,30.00000,47.20000,1.32569,407.55582
2025-06-27 01:58:32+07:00,25.30000,76.00000,31.10000,51.00000,1.38564,407.69223
2025-06-27 01:59:26+07:00,25.30000,75.70000,33.30000,59.80000,1.45830,407.66479
2025-06-27 02:00:17+07:00,25.30000,75.70000,33.70000,56.50000,1.35540,407.66479
2025-06-27 02:01:09+07:00,25.20000,75.80000,32.60000,56.10000,1.30295,407.51526
2025-06-27 02:01:59+07:00,25.10000,75.50000,31.50000,54.00000,1.29651,407.52878
2025-06-27 02:02:50+07:00,25.10000,75.70000,32.60000,56.10000,1.32242,407.55582
2025-06-27 02:04:32+07:00,25.20000,75.50000,34.20000,54.10000,1.35873,407.46152
2025-06-27 02:05:22+07:00,25.20000,75.10000,29.70000,46.10000,1.31590,407.44812
2025-06-27 02:06:11+07:00,25.30000,75.40000,30.90000,47.30000,1.33883,407.54227
2025-06-27 02:07:00+07:00,25.30000,74.40000,31.60000,50.30000,1.31916,407.39478
2025-06-27 02:07:50+07:00,25.30000,74.40000,30.50000,46.80000,1.27416,407.46152
2025-06-27 02:08:39+07:00,25.30000,74.30000,31.00000,45.00000,1.36877,407.38147
2025-06-27 02:09:28+07:00,25.20000,74.30000,30.30000,49.10000,1.27100,407.42139
2025-06-27 02:10:18+07:00,25.10000,74.50000,30.30000,50.30000,1.27416,407.35495
2025-06-27 02:11:07+07:00,25.10000,74.60000,29.80000,46.60000,1.27416,407.38147
2025-06-27 02:11:57+07:00,25.10000,74.60000,29.30000,46.60000,1.32569,407.39478
2025-06-27 02:12:46+07:00,25.10000,74.60000,30.80000,49.60000,1.30295,407.52878
2025-06-27 02:13:35+07:00,25.10000,74.60000,26.70000,42.80000,1.29329,407.35495
2025-06-27 02:14:25+07:00,25.20000,74.30000,29.40000,43.50000,1.31916,407.56937
2025-06-27 02:15:14+07:00,25.20000,74.10000,27.90000,41.50000,1.29009,407.65109
2025-06-27 02:16:04+07:00,25.20000,74.30000,28.50000,45.40000,1.33553,407.50180
2025-06-27 02:16:53+07:00,25.30000,74.10000,28.00000,44.80000,1.30295,407.61014
2025-06-27 02:17:43+07:00,25.30000,73.90000,29.20000,46.40000,1.27734,407.32852
2025-06-27 02:18:32+07:00,25.30000,73.90000,30.00000,47.10000,1.34213,407.36819
2025-06-27 02:19:21+07:00,25.20000,73.90000,31.20000,48.90000,1.36877,407.36819
2025-06-27 02:20:11+07:00,25.20000,74.00000,30.50000,49.40000,1.35540,407.36819
2025-06-27 02:21:00+07:00,25.20000,73.90000,31.70000,51.20000,1.31916,407.32852
2025-06-27 02:21:50+07:00,25.30000,73.90000,32.70000,56.30000,1.33225,407.27588
2025-06-27 02:22:39+07:00,25.20000,73.90000,33.40000,54.20000,1.34875,407.38147
2025-06-27 02:23:28+07:00,25.20000,74.00000,32.30000,51.70000,1.34213,407.55582
2025-06-27 02:24:18+07:00,25.30000,74.10000,31.10000,48.30000,1.35207,407.36819
2025-06-27 02:25:08+07:00,25.30000,73.90000,30.00000,45.30000,1.32897,407.30215
2025-06-27 02:25:57+07:00,25.30000,74.00000,29.30000,41.00000,1.34875,407.48834
2025-06-27 02:26:47+07:00,25.30000,74.10000,27.30000,38.50000,1.37887,407.50180
2025-06-27 02:27:37+07:00,25.30000,73.70000,28.60000,40.50000,1.34875,407.15857
2025-06-27 02:28:27+07:00,25.30000,73.50000,26.00000,38.00000,1.29651,407.36819
2025-06-27 02:29:20+07:00,25.30000,73.60000,26.00000,36.70000,1.34875,407.31531
2025-06-27 02:30:10+07:00,25.40000,73.30000,27.50000,38.10000,1.35207,407.44812
2025-06-27 02:30:59+07:00,25.40000,73.10000,25.70000,33.50000,1.29972,407.34174
2025-06-27 02:31:49+07:00,25.50000,72.90000,25.90000,38.30000,1.27416,407.10696
2025-06-27 02:32:39+07:00,25.40000,73.30000,26.00000,36.60000,1.30618,407.17154
2025-06-27 02:33:28+07:00,25.40000,73.50000,26.20000,40.00000,1.29009,407.15857
2025-06-27 02:34:17+07:00,25.30000,73.80000,25.20000,35.40000,1.38225,407.32852
2025-06-27 02:35:07+07:00,25.30000,74.10000,23.10000,31.90000,1.36877,407.26276
2025-06-27 02:35:56+07:00,25.20000,74.70000,22.90000,33.40000,1.32242,407.31531
2025-06-27 02:36:46+07:00,25.20000,75.20000,22.60000,34.00000,1.28689,407.46152
2025-06-27 02:37:35+07:00,25.20000,75.10000,22.10000,30.90000,1.27416,407.23660
2025-06-27 02:38:24+07:00,25.20000,75.00000,23.00000,32.90000,1.32242,407.21051
2025-06-27 02:39:14+07:00,25.30000,74.80000,23.00000,34.00000,1.31266,407.01736
2025-06-27 02:40:03+07:00,25.30000,74.50000,23.10000,31.10000,1.32242,407.28900
2025-06-27 02:40:53+07:00,25.20000,74.80000,23.80000,35.60000,1.29651,407.03009
2025-06-27 02:41:42+07:00,25.10000,74.90000,23.10000,33.30000,1.28051,407.19751
2025-06-27 02:42:32+07:00,25.10000,74.80000,23.70000,36.00000,1.29329,407.24966
2025-06-27 02:43:21+07:00,25.20000,74.50000,24.70000,36.90000,1.28051,406.84100
2025-06-27 02:44:10+07:00,25.20000,74.40000,24.20000,35.50000,1.26154,407.06845
2025-06-27 02:45:00+07:00,25.20000,74.40000,23.60000,36.30000,1.23968,406.99194
2025-06-27 02:45:49+07:00,25.20000,74.30000,23.60000,33.50000,1.23968,406.94131
2025-06-27 02:46:39+07:00,25.20000,74.40000,24.10000,32.50000,1.30941,406.94131
2025-06-27 02:47:28+07:00,25.30000,74.70000,24.80000,37.50000,1.26784,407.13272
2025-06-27 02:48:18+07:00,25.30000,74.60000,24.30000,37.60000,1.23968,406.84100
2025-06-27 02:49:07+07:00,25.30000,75.00000,23.60000,36.20000,1.29651,407.06845
2025-06-27 02:49:57+07:00,25.30000,75.20000,22.60000,32.40000,1.24589,406.95395
2025-06-27 02:50:46+07:00,25.20000,75.50000,21.90000,33.70000,1.27734,406.92871
2025-06-27 02:51:35+07:00,25.10000,76.00000,20.90000,33.10000,1.16997,406.52322
2025-06-27 02:52:25+07:00,25.10000,75.90000,22.40000,30.40000,1.12336,406.52322
2025-06-27 02:53:14+07:00,25.00000,76.00000,20.40000,29.10000,1.17294,406.70502
2025-06-27 02:54:04+07:00,25.00000,76.10000,21.20000,30.40000,1.17294,406.64395
2025-06-27 02:54:53+07:00,25.00000,76.10000,21.20000,30.80000,1.12910,406.68054
2025-06-27 02:55:42+07:00,24.90000,76.20000,20.50000,28.20000,1.14648,406.55923
2025-06-27 02:56:32+07:00,24.90000,76.20000,21.60000,30.20000,1.11763,406.71729
2025-06-27 02:57:21+07:00,24.90000,76.20000,21.10000,32.40000,1.07545,406.87848
2025-06-27 02:58:10+07:00,24.90000,76.30000,21.10000,31.30000,1.13198,406.40430
2025-06-27 02:59:00+07:00,25.00000,76.10000,21.10000,30.40000,1.19988,406.54721
2025-06-27 02:59:49+07:00,25.00000,76.20000,20.60000,27.80000,1.04533,406.43979
2025-06-27 03:00:39+07:00,25.00000,76.50000,22.00000,30.80000,1.06993,406.45166
2025-06-27 03:01:28+07:00,25.00000,76.70000,22.20000,31.20000,1.10061,406.57129
2025-06-27 03:02:17+07:00,25.00000,76.50000,22.20000,29.20000,1.12910,406.54721
2025-06-27 03:03:07+07:00,25.00000,76.50000,21.60000,27.80000,1.11763,406.20627
2025-06-27 03:03:56+07:00,25.00000,76.60000,22.50000,33.30000,1.12336,406.52322
2025-06-27 03:04:46+07:00,25.00000,76.60000,22.70000,33.90000,1.08379,406.59543
2025-06-27 03:05:35+07:00,25.00000,76.40000,21.60000,29.80000,1.13776,406.63181
2025-06-27 03:06:24+07:00,25.00000,76.60000,21.90000,34.20000,1.16702,406.68054
2025-06-27 03:07:14+07:00,25.00000,76.50000,21.60000,29.00000,1.13487,406.64395
2025-06-27 03:08:03+07:00,25.00000,76.40000,23.20000,30.40000,1.13198,406.85345
2025-06-27 03:08:53+07:00,25.10000,76.50000,20.90000,29.60000,1.13198,406.79129
2025-06-27 03:09:42+07:00,25.10000,76.30000,20.70000,28.60000,1.14066,406.51126
2025-06-27 03:10:32+07:00,25.10000,76.20000,21.60000,29.80000,1.16702,406.54721
2025-06-27 03:11:21+07:00,25.20000,76.10000,21.40000,30.80000,1.10909,406.58337
2025-06-27 03:12:11+07:00,25.20000,75.80000,21.30000,29.90000,1.11478,406.40430
2025-06-27 03:13:00+07:00,25.20000,75.80000,20.60000,29.60000,1.12336,406.82855
2025-06-27 03:13:49+07:00,25.20000,75.60000,21.30000,30.50000,1.05621,406.65613
2025-06-27 03:14:39+07:00,25.20000,75.50000,21.30000,29.00000,1.11763,406.69278
2025-06-27 03:15:28+07:00,25.10000,75.50000,21.50000,29.70000,1.12336,406.48737
2025-06-27 03:16:18+07:00,25.10000,75.50000,21.40000,28.20000,1.09498,406.64395
2025-06-27 03:17:07+07:00,25.20000,75.10000,21.30000,30.80000,1.12336,406.79129
2025-06-27 03:17:57+07:00,25.20000,75.10000,21.00000,29.30000,1.20594,406.72958
2025-06-27 03:18:46+07:00,25.10000,75.30000,21.50000,31.70000,1.14939,406.69278
2025-06-27 03:19:35+07:00,25.10000,75.40000,22.10000,31.60000,1.14357,406.41611
2025-06-27 03:20:25+07:00,25.10000,75.40000,21.60000,29.20000,1.10343,406.46353
2025-06-27 03:21:14+07:00,25.10000,75.40000,22.40000,31.10000,1.14648,406.63181
2025-06-27 03:22:03+07:00,25.10000,75.20000,21.10000,31.50000,1.15232,406.77890
2025-06-27 03:22:53+07:00,25.10000,75.40000,21.70000,32.50000,1.17294,406.72958
2025-06-27 03:23:42+07:00,25.10000,75.50000,22.10000,33.90000,1.12049,406.77890
2025-06-27 03:24:32+07:00,25.20000,75.50000,22.30000,29.70000,1.13776,406.61966
2025-06-27 03:25:21+07:00,25.20000,75.30000,21.60000,30.90000,1.16112,406.69278
2025-06-27 03:26:10+07:00,25.30000,75.30000,22.50000,31.80000,1.14357,406.81610
2025-06-27 03:27:00+07:00,25.30000,75.10000,21.60000,32.50000,1.13487,406.53522
2025-06-27 03:27:49+07:00,25.30000,75.30000,22.90000,33.10000,1.08100,406.76654
2025-06-27 03:28:39+07:00,25.20000,75.30000,22.20000,29.10000,1.11478,406.70502
2025-06-27 03:29:28+07:00,25.30000,75.30000,21.90000,31.20000,1.10626,406.55923
2025-06-27 03:30:18+07:00,25.30000,75.10000,22.30000,32.40000,1.14939,406.87848
2025-06-27 03:31:07+07:00,25.30000,74.90000,22.60000,30.80000,1.15524,406.82855
2025-06-27 03:31:56+07:00,25.30000,74.50000,23.20000,34.10000,1.12049,406.71729
2025-06-27 03:32:46+07:00,25.30000,74.60000,22.80000,29.90000,1.16406,406.79129
2025-06-27 03:33:35+07:00,25.20000,74.80000,24.40000,31.00000,1.19085,406.70502
2025-06-27 03:34:25+07:00,25.10000,75.00000,23.40000,34.80000,1.14648,406.75421
2025-06-27 03:35:14+07:00,25.10000,75.20000,24.00000,34.40000,1.12049,406.59543
2025-06-27 03:36:03+07:00,25.10000,75.40000,23.90000,34.50000,1.16997,406.60754
2025-06-27 03:36:53+07:00,25.10000,75.60000,24.40000,36.30000,1.19687,406.68054
2025-06-27 03:37:42+07:00,25.10000,75.60000,23.50000,34.50000,1.16997,405.97983
2025-06-27 03:38:31+07:00,25.10000,75.80000,23.80000,35.80000,1.10626,406.77890
2025-06-27 03:39:21+07:00,25.10000,75.90000,24.00000,34.70000,1.13487,406.64395
2025-06-27 03:40:10+07:00,25.10000,76.00000,25.20000,35.00000,1.14648,406.54721
2025-06-27 03:41:00+07:00,25.10000,75.90000,27.80000,41.10000,1.06168,406.82855
2025-06-27 03:41:49+07:00,25.30000,75.70000,29.40000,44.20000,1.16112,406.82855
2025-06-27 03:42:38+07:00,25.40000,75.70000,35.30000,54.30000,1.16112,406.99194
2025-06-27 03:43:28+07:00,25.30000,76.00000,40.00000,58.50000,1.18785,407.28900
2025-06-27 03:44:17+07:00,25.40000,76.30000,44.30000,67.60000,1.14648,406.97925
2025-06-27 03:45:07+07:00,25.40000,76.50000,46.80000,71.60000,1.15818,407.08127
2025-06-27 03:45:56+07:00,25.30000,77.10000,49.70000,76.60000,1.12623,407.08127
2025-06-27 03:46:45+07:00,25.20000,77.70000,49.90000,78.70000,1.15818,407.13272
2025-06-27 03:47:35+07:00,25.20000,77.90000,50.90000,84.00000,1.16112,407.32852
2025-06-27 03:48:24+07:00,25.20000,78.00000,52.20000,78.80000,1.21507,407.55582
2025-06-27 03:49:14+07:00,25.20000,78.30000,50.70000,76.30000,1.26468,407.46152
2025-06-27 03:50:03+07:00,25.20000,78.10000,55.40000,85.50000,1.19085,407.34174
2025-06-27 03:50:52+07:00,25.30000,78.30000,57.00000,87.70000,1.16997,407.50180
2025-06-27 03:51:42+07:00,25.20000,78.50000,59.70000,88.20000,1.27100,407.54227
2025-06-27 03:52:31+07:00,25.20000,78.60000,58.30000,90.40000,1.24589,407.67850
2025-06-27 03:53:21+07:00,25.20000,78.80000,58.80000,88.90000,1.31266,407.59653
2025-06-27 03:54:10+07:00,25.20000,79.10000,58.60000,90.80000,1.26468,407.77509
2025-06-27 03:54:59+07:00,25.10000,79.30000,59.90000,93.10000,1.25213,407.55582
2025-06-27 03:55:49+07:00,25.20000,79.20000,62.20000,94.10000,1.29009,407.74741
2025-06-27 03:56:38+07:00,25.20000,79.30000,57.90000,90.00000,1.28370,407.62378
2025-06-27 03:57:28+07:00,25.10000,79.40000,59.50000,93.50000,1.36542,407.62378
2025-06-27 03:58:17+07:00,25.10000,79.50000,62.10000,94.70000,1.34213,407.74741
2025-06-27 03:59:06+07:00,25.10000,79.70000,59.00000,89.80000,1.36542,407.91483
2025-06-27 03:59:56+07:00,25.10000,79.30000,60.30000,91.70000,1.41642,408.11398
2025-06-27 04:00:45+07:00,25.20000,79.40000,60.90000,96.00000,1.30295,407.74741
2025-06-27 04:01:35+07:00,25.20000,79.40000,62.30000,106.20000,1.39243,407.87268
2025-06-27 04:02:24+07:00,25.20000,79.40000,69.00000,112.00000,1.37213,407.91483
2025-06-27 04:03:13+07:00,25.20000,79.40000,68.60000,109.20000,1.34213,407.95715
2025-06-27 04:04:03+07:00,25.20000,79.60000,71.90000,117.00000,1.38564,407.98547
2025-06-27 04:04:52+07:00,25.20000,79.70000,73.60000,118.40000,1.37550,407.92892
2025-06-27 04:05:42+07:00,25.10000,79.80000,72.40000,117.50000,1.36542,407.85867
2025-06-27 04:06:31+07:00,25.20000,79.60000,74.10000,121.00000,1.35207,407.87268
2025-06-27 04:07:21+07:00,25.10000,79.80000,74.30000,119.80000,1.43724,408.02814
2025-06-27 04:08:10+07:00,25.10000,79.90000,73.00000,119.90000,1.38225,407.99966
2025-06-27 04:08:59+07:00,25.20000,79.80000,73.40000,118.10000,1.41987,408.09961
2025-06-27 04:09:49+07:00,25.20000,79.50000,75.10000,125.70000,1.42333,408.11398
2025-06-27 04:10:38+07:00,25.20000,79.50000,72.20000,119.70000,1.40610,408.14279
2025-06-27 04:11:28+07:00,25.20000,79.50000,72.10000,118.80000,1.50480,407.98547
2025-06-27 04:12:17+07:00,25.20000,79.50000,70.00000,114.00000,1.39584,408.02814
2025-06-27 04:13:06+07:00,25.20000,79.50000,67.30000,106.70000,1.43027,407.88672
2025-06-27 04:13:56+07:00,25.20000,79.30000,70.20000,107.00000,1.41642,407.95715
2025-06-27 04:14:45+07:00,25.20000,79.30000,69.70000,113.10000,1.37887,408.11398
2025-06-27 04:15:35+07:00,25.20000,79.30000,67.70000,104.90000,1.43375,407.84470
2025-06-27 04:16:24+07:00,25.10000,79.50000,66.00000,106.70000,1.38903,408.09961
2025-06-27 04:17:13+07:00,25.10000,79.40000,67.90000,108.50000,1.33225,407.90076
2025-06-27 04:18:03+07:00,25.00000,79.50000,66.10000,101.70000,1.42680,407.90076
2025-06-27 04:18:52+07:00,25.00000,79.60000,68.10000,108.80000,1.42333,408.09961
2025-06-27 04:19:42+07:00,24.90000,79.80000,64.80000,104.60000,1.40953,407.83072
2025-06-27 04:20:31+07:00,24.90000,79.80000,65.80000,102.60000,1.39925,408.01389
2025-06-27 04:21:20+07:00,25.00000,79.50000,62.20000,99.90000,1.39925,407.92892
2025-06-27 04:22:10+07:00,25.00000,79.70000,63.20000,99.10000,1.41987,407.97131
2025-06-27 04:22:59+07:00,25.00000,79.70000,62.80000,99.10000,1.52300,407.83072
2025-06-27 04:23:49+07:00,25.00000,79.80000,62.90000,101.30000,1.44073,407.91483
2025-06-27 04:24:38+07:00,25.00000,79.70000,60.30000,92.50000,1.39584,407.73358
2025-06-27 04:25:27+07:00,24.90000,79.90000,60.60000,95.20000,1.40267,407.98547
2025-06-27 04:26:17+07:00,24.90000,80.10000,60.10000,93.40000,1.39584,408.07095
2025-06-27 04:27:06+07:00,24.90000,80.00000,58.60000,95.30000,1.41987,407.81680
2025-06-27 04:27:56+07:00,25.00000,79.70000,61.20000,91.70000,1.41642,407.87268
2025-06-27 04:28:45+07:00,25.00000,79.80000,58.80000,86.00000,1.41987,407.87268
2025-06-27 04:29:35+07:00,24.90000,79.90000,58.90000,90.00000,1.40610,407.67850
2025-06-27 04:30:24+07:00,24.90000,79.90000,58.00000,91.10000,1.38225,407.95715
2025-06-27 04:31:13+07:00,25.00000,79.80000,57.20000,88.70000,1.51935,408.20062
2025-06-27 04:32:03+07:00,24.90000,79.80000,58.80000,87.90000,1.46184,408.01389
2025-06-27 04:32:52+07:00,24.90000,79.80000,57.10000,90.80000,1.51206,407.88672
2025-06-27 04:33:42+07:00,25.00000,79.60000,57.40000,91.20000,1.46184,408.08530
2025-06-27 04:34:31+07:00,25.00000,79.60000,56.80000,89.30000,1.44073,407.71979
2025-06-27 04:35:20+07:00,25.00000,79.60000,59.00000,94.00000,1.47962,407.90076
2025-06-27 04:36:10+07:00,24.90000,79.70000,60.40000,89.50000,1.44423,407.83072
2025-06-27 04:36:59+07:00,24.90000,79.60000,57.10000,85.60000,1.39584,408.04239
2025-06-27 04:37:49+07:00,24.90000,79.70000,60.50000,93.70000,1.46538,407.87268
2025-06-27 04:38:38+07:00,24.90000,79.60000,60.50000,91.20000,1.43724,407.74741
2025-06-27 04:39:28+07:00,24.90000,79.80000,59.10000,88.80000,1.44073,408.31735
2025-06-27 04:40:17+07:00,24.90000,79.50000,62.20000,97.10000,1.45126,408.01389
2025-06-27 04:41:06+07:00,24.90000,79.60000,62.40000,98.50000,1.40610,407.98547
2025-06-27 04:41:56+07:00,24.90000,79.60000,61.50000,96.30000,1.43027,407.83072
2025-06-27 04:42:45+07:00,24.90000,79.70000,65.40000,104.60000,1.46893,407.46152
2025-06-27 04:43:35+07:00,24.90000,79.70000,64.90000,99.40000,1.42680,407.94302
2025-06-27 04:44:24+07:00,24.90000,79.70000,59.70000,94.30000,1.43375,408.46521
2025-06-27 04:45:13+07:00,24.80000,79.70000,62.90000,91.70000,1.44423,407.71979
2025-06-27 04:46:03+07:00,24.80000,79.90000,59.10000,91.60000,1.43027,407.42139
2025-06-27 04:46:52+07:00,24.70000,80.10000,59.70000,90.00000,1.39925,407.83072
2025-06-27 04:47:42+07:00,24.70000,80.20000,61.20000,96.70000,1.44073,408.02814
2025-06-27 04:48:31+07:00,24.70000,80.10000,59.80000,90.80000,1.44073,407.78897
2025-06-27 04:49:20+07:00,24.70000,80.20000,60.00000,91.70000,1.41987,407.80286
2025-06-27 04:50:10+07:00,24.70000,80.30000,58.30000,91.20000,1.51206,407.74741
2025-06-27 04:50:59+07:00,24.70000,80.30000,59.30000,96.80000,1.42333,407.71979
2025-06-27 04:51:49+07:00,24.70000,80.20000,57.60000,89.10000,1.38225,407.92892
2025-06-27 04:52:38+07:00,24.70000,80.10000,61.50000,97.00000,1.40610,407.80286
2025-06-27 04:53:27+07:00,24.70000,80.10000,59.00000,91.70000,1.43724,407.80286
2025-06-27 04:54:17+07:00,24.70000,80.10000,59.80000,88.30000,1.46893,407.63742
2025-06-27 04:55:06+07:00,24.70000,80.30000,59.50000,93.50000,1.43027,407.76123
2025-06-27 04:55:56+07:00,24.60000,80.60000,58.80000,97.30000,1.41642,407.48834
2025-06-27 04:56:45+07:00,24.70000,80.60000,58.10000,94.00000,1.41642,407.63742
2025-06-27 04:57:34+07:00,24.70000,80.70000,58.50000,89.50000,1.43724,407.92892
2025-06-27 04:58:24+07:00,24.60000,80.80000,58.40000,90.50000,1.46893,407.69223
2025-06-27 04:59:13+07:00,24.70000,80.80000,58.90000,92.80000,1.46538,407.67850
2025-06-27 05:00:02+07:00,24.70000,80.90000,59.20000,90.20000,1.39243,407.71979
2025-06-27 05:00:52+07:00,24.60000,80.90000,59.40000,93.80000,1.39584,407.76123
2025-06-27 05:01:41+07:00,24.60000,80.80000,56.90000,91.40000,1.42680,407.47491
2025-06-27 05:02:30+07:00,24.60000,80.80000,57.60000,88.00000,1.45478,407.67850
2025-06-27 05:03:20+07:00,24.50000,81.00000,58.50000,88.80000,1.42333,407.77509
2025-06-27 05:04:09+07:00,24.60000,80.60000,56.60000,87.50000,1.43375,407.61014
2025-06-27 05:04:58+07:00,24.60000,80.80000,58.30000,89.60000,1.41297,407.73358
2025-06-27 05:05:48+07:00,24.60000,80.70000,55.30000,86.90000,1.43724,407.66479
2025-06-27 05:06:37+07:00,24.50000,80.70000,55.10000,79.90000,1.42333,407.55582
2025-06-27 05:07:27+07:00,24.50000,80.50000,54.30000,82.30000,1.36877,407.73358
2025-06-27 05:08:16+07:00,24.50000,80.60000,52.60000,81.70000,1.45478,407.61014
2025-06-27 05:09:05+07:00,24.50000,80.60000,51.30000,77.40000,1.44423,407.81680
2025-06-27 05:09:55+07:00,24.50000,80.40000,53.80000,83.00000,1.44423,407.51526
2025-06-27 05:10:44+07:00,24.50000,80.40000,53.30000,77.30000,1.37550,407.54227
2025-06-27 05:11:34+07:00,24.50000,80.50000,51.20000,78.60000,1.43724,407.58295
2025-06-27 05:12:23+07:00,24.50000,80.30000,52.10000,80.20000,1.39925,407.74741
2025-06-27 05:13:12+07:00,24.50000,80.20000,51.90000,79.30000,1.44774,407.70599
2025-06-27 05:14:02+07:00,24.50000,80.30000,50.70000,76.50000,1.39243,407.81680
2025-06-27 05:14:51+07:00,24.40000,80.30000,53.00000,81.40000,1.46893,408.27341
2025-06-27 05:15:40+07:00,24.40000,80.50000,52.80000,81.40000,1.49397,408.28802
2025-06-27 05:16:30+07:00,24.40000,80.70000,53.50000,80.20000,1.49757,408.11398
2025-06-27 05:17:19+07:00,24.40000,80.90000,55.90000,88.50000,1.56366,408.02814
2025-06-27 05:18:08+07:00,24.30000,81.10000,54.70000,84.80000,1.51935,408.20062
2025-06-27 05:18:58+07:00,24.30000,81.30000,55.90000,84.40000,1.47962,407.90076
2025-06-27 05:19:47+07:00,24.30000,81.30000,53.80000,80.10000,1.47962,408.17166
2025-06-27 05:20:37+07:00,24.30000,81.20000,53.50000,79.90000,1.46893,407.55582
2025-06-27 05:21:26+07:00,24.30000,81.30000,51.70000,79.40000,1.49037,407.95715
2025-06-27 05:22:15+07:00,24.40000,81.00000,54.00000,79.20000,1.33553,407.80286
2025-06-27 05:23:08+07:00,24.40000,80.80000,54.60000,82.20000,1.44774,407.50180
2025-06-27 05:23:57+07:00,24.40000,80.80000,53.50000,86.30000,1.53769,407.70599
2025-06-27 05:24:49+07:00,24.40000,80.80000,55.50000,86.00000,1.45126,407.61014
2025-06-27 05:25:38+07:00,24.40000,81.00000,55.90000,85.50000,1.45478,407.61014
2025-06-27 05:26:28+07:00,24.30000,81.30000,57.10000,89.90000,1.51206,407.52878
2025-06-27 05:27:17+07:00,24.30000,81.60000,54.90000,82.80000,1.42680,407.50180
2025-06-27 05:28:07+07:00,24.30000,81.70000,56.80000,90.80000,1.43724,407.69223
2025-06-27 05:28:56+07:00,24.30000,81.70000,57.80000,91.30000,1.41642,407.52878
2025-06-27 05:29:46+07:00,24.40000,81.70000,56.60000,84.20000,1.48320,407.59653
2025-06-27 05:30:35+07:00,24.40000,81.60000,55.60000,85.80000,1.36207,407.74741
2025-06-27 05:31:24+07:00,24.40000,81.80000,55.70000,83.80000,1.42680,407.80286
2025-06-27 05:32:14+07:00,24.40000,81.80000,55.30000,87.20000,1.37213,407.43475
2025-06-27 05:33:03+07:00,24.40000,81.80000,55.60000,84.00000,1.46893,407.81680
2025-06-27 05:33:53+07:00,24.40000,81.80000,55.00000,79.20000,1.37887,407.39478
2025-06-27 05:34:42+07:00,24.40000,81.70000,56.70000,89.70000,1.40610,407.54227
2025-06-27 05:35:31+07:00,24.40000,81.70000,55.30000,85.40000,1.36877,407.56937
2025-06-27 05:36:21+07:00,24.40000,81.80000,55.70000,86.70000,1.41297,407.58295
2025-06-27 05:37:10+07:00,24.40000,81.80000,54.80000,83.20000,1.48678,407.47491
2025-06-27 05:37:59+07:00,24.40000,81.90000,56.10000,86.60000,1.45830,407.47491
2025-06-27 05:38:49+07:00,24.40000,82.00000,57.00000,88.00000,1.41642,407.63742
2025-06-27 05:39:38+07:00,24.30000,82.10000,58.60000,90.60000,1.38225,407.74741
2025-06-27 05:40:27+07:00,24.40000,82.10000,60.90000,95.10000,1.39243,407.36819
2025-06-27 05:41:17+07:00,24.40000,82.00000,57.40000,91.80000,1.39584,407.61014
2025-06-27 05:42:06+07:00,24.30000,81.90000,60.30000,93.30000,1.38903,407.62378
2025-06-27 05:42:56+07:00,24.40000,81.90000,62.20000,91.00000,1.49037,407.58295
2025-06-27 05:43:45+07:00,24.30000,81.90000,60.50000,96.70000,1.40953,407.65109
2025-06-27 05:44:34+07:00,24.30000,82.00000,60.50000,90.80000,1.40953,407.67850
2025-06-27 05:45:24+07:00,24.40000,81.90000,64.00000,98.00000,1.33225,407.61014
2025-06-27 05:46:13+07:00,24.30000,82.10000,61.10000,95.10000,1.39584,407.94302
2025-06-27 05:47:03+07:00,24.30000,82.10000,60.40000,94.70000,1.32897,407.44812
2025-06-27 05:47:52+07:00,24.30000,82.10000,63.40000,99.10000,1.37887,407.65109
2025-06-27 05:48:41+07:00,24.30000,82.40000,65.70000,98.70000,1.41987,407.59653
2025-06-27 05:49:31+07:00,24.30000,82.50000,62.50000,96.40000,1.42680,407.40808
2025-06-27 05:50:20+07:00,24.30000,82.50000,65.70000,98.20000,1.45126,407.58295
2025-06-27 05:51:10+07:00,24.30000,82.50000,63.50000,94.20000,1.36207,407.66479
2025-06-27 05:51:59+07:00,24.30000,82.60000,62.50000,93.50000,1.40953,407.65109
2025-06-27 05:52:48+07:00,24.30000,82.70000,62.80000,95.80000,1.41642,407.66479
2025-06-27 05:53:38+07:00,24.30000,82.70000,62.00000,95.20000,1.44774,407.50180
2025-06-27 05:54:27+07:00,24.30000,82.90000,61.60000,95.10000,1.44774,407.50180
2025-06-27 05:55:16+07:00,24.30000,82.70000,63.90000,98.50000,1.35540,407.46152
2025-06-27 05:56:06+07:00,24.40000,82.50000,62.60000,98.80000,1.34875,407.59653
2025-06-27 05:56:55+07:00,24.40000,82.30000,66.00000,103.10000,1.42680,407.87268
2025-06-27 05:57:45+07:00,24.40000,82.10000,70.10000,110.70000,1.37213,407.61014
2025-06-27 05:58:34+07:00,24.50000,81.90000,72.40000,118.50000,1.43724,407.99966
2025-06-27 05:59:23+07:00,24.50000,81.50000,71.80000,115.90000,1.46184,407.94302
2025-06-27 06:00:13+07:00,24.50000,81.60000,73.20000,118.60000,1.44423,407.99966
2025-06-27 06:01:02+07:00,24.40000,81.80000,74.10000,115.90000,1.47605,407.92892
2025-06-27 06:01:51+07:00,24.40000,82.00000,74.90000,119.20000,1.49397,408.24423
2025-06-27 06:02:41+07:00,24.40000,82.00000,71.20000,117.90000,1.51570,408.09961
2025-06-27 06:03:30+07:00,24.50000,81.70000,74.40000,115.40000,1.40610,408.07095
2025-06-27 06:04:19+07:00,24.50000,81.30000,78.00000,114.40000,1.46893,407.88672
2025-06-27 06:05:09+07:00,24.60000,80.90000,81.50000,119.90000,1.45830,408.20062
2025-06-27 06:05:58+07:00,24.50000,80.80000,80.60000,121.70000,1.54877,407.91483
2025-06-27 06:06:47+07:00,24.50000,80.70000,81.50000,114.40000,1.53400,408.28802
2025-06-27 06:07:37+07:00,24.50000,80.60000,79.10000,116.80000,1.49397,408.25882
2025-06-27 06:08:26+07:00,24.50000,80.60000,80.20000,115.80000,1.50843,407.88672
2025-06-27 06:09:16+07:00,24.50000,80.60000,75.40000,109.40000,1.53033,408.02814
2025-06-27 06:10:05+07:00,24.50000,80.60000,77.90000,112.70000,1.47249,407.95715
2025-06-27 06:10:54+07:00,24.40000,80.90000,75.60000,112.00000,1.49037,407.91483
2025-06-27 06:11:44+07:00,24.30000,81.10000,76.40000,109.60000,1.49757,407.87268
2025-06-27 06:12:33+07:00,24.30000,81.10000,78.20000,117.70000,1.53769,407.73358
2025-06-27 06:13:23+07:00,24.30000,81.20000,76.90000,112.50000,1.56366,407.97131
2025-06-27 06:14:12+07:00,24.40000,81.10000,76.40000,110.40000,1.43027,407.97131
2025-06-27 06:15:01+07:00,24.40000,80.90000,75.70000,109.20000,1.46893,408.46521
2025-06-27 06:15:51+07:00,24.30000,81.10000,75.10000,106.30000,1.60901,407.90076
2025-06-27 06:16:40+07:00,24.30000,81.20000,76.70000,111.00000,1.47249,408.31735
2025-06-27 06:17:32+07:00,24.30000,81.20000,76.00000,114.40000,1.52300,408.02814
2025-06-27 06:18:22+07:00,24.50000,80.80000,78.90000,116.40000,1.62821,408.05667
2025-06-27 06:19:11+07:00,24.50000,80.60000,76.70000,114.50000,1.56366,408.05667
2025-06-27 06:20:00+07:00,24.50000,80.30000,79.00000,124.30000,1.43027,407.94302
2025-06-27 06:20:50+07:00,24.50000,80.50000,74.60000,116.50000,1.60901,408.08530
2025-06-27 06:21:39+07:00,24.50000,80.50000,72.40000,113.00000,1.60138,408.21515
2025-06-27 06:22:29+07:00,24.40000,80.50000,72.10000,111.20000,1.55993,408.14279
2025-06-27 06:23:18+07:00,24.30000,80.70000,71.60000,108.50000,1.49757,408.27341
2025-06-27 06:24:07+07:00,24.30000,80.80000,71.90000,117.70000,1.60138,407.97131
2025-06-27 06:24:56+07:00,24.30000,80.80000,69.30000,112.20000,1.55248,408.08530
2025-06-27 06:25:46+07:00,24.30000,80.90000,71.90000,111.50000,1.59757,408.40579
2025-06-27 06:26:35+07:00,24.30000,80.60000,71.70000,109.40000,1.59757,408.09961
2025-06-27 06:27:25+07:00,24.40000,80.50000,69.70000,107.50000,1.57490,408.31735
2025-06-27 06:28:14+07:00,24.40000,80.30000,74.30000,117.80000,1.63595,408.21515
2025-06-27 06:29:04+07:00,24.40000,80.30000,69.40000,106.00000,1.59377,408.22968
2025-06-27 06:29:53+07:00,24.50000,79.90000,66.90000,102.30000,1.63982,408.33203
2025-06-27 06:30:42+07:00,24.50000,79.90000,64.60000,102.90000,1.63595,408.09961
2025-06-27 06:31:32+07:00,24.40000,80.00000,63.70000,102.10000,1.55248,408.17166
2025-06-27 06:32:21+07:00,24.50000,80.00000,62.10000,95.10000,1.56366,408.12839
2025-06-27 06:33:10+07:00,24.50000,79.70000,61.80000,94.30000,1.59377,408.40579
2025-06-27 06:34:00+07:00,24.50000,79.70000,63.50000,100.70000,1.56366,408.05667
2025-06-27 06:34:49+07:00,24.40000,79.80000,61.60000,94.80000,1.59757,408.01389
2025-06-27 06:35:39+07:00,24.40000,79.80000,60.80000,97.50000,1.59757,408.01389
2025-06-27 06:36:28+07:00,24.50000,79.70000,61.10000,90.80000,1.52300,407.95715
2025-06-27 06:37:17+07:00,24.60000,79.50000,59.60000,89.40000,1.60901,408.05667
2025-06-27 06:38:07+07:00,24.60000,79.40000,62.70000,94.30000,1.60138,408.20062
2025-06-27 06:38:56+07:00,24.70000,79.30000,62.60000,94.70000,1.62436,408.04239
2025-06-27 06:39:46+07:00,24.80000,79.30000,61.80000,95.60000,1.59757,408.21515
2025-06-27 06:40:35+07:00,24.80000,79.20000,63.30000,96.50000,1.67901,408.07095
2025-06-27 06:41:24+07:00,24.80000,79.00000,63.10000,95.10000,1.58243,408.09961
2025-06-27 06:42:14+07:00,24.80000,78.80000,62.30000,95.50000,1.51935,408.12839
2025-06-27 06:43:03+07:00,24.90000,78.70000,61.90000,96.30000,1.57114,407.85867
2025-06-27 06:43:53+07:00,25.00000,78.50000,63.80000,102.40000,1.60519,407.83072
2025-06-27 06:44:42+07:00,25.00000,78.20000,63.20000,97.60000,1.58998,409.94989
2025-06-27 06:45:31+07:00,25.10000,78.20000,61.30000,96.50000,2.13350,410.27887
2025-06-27 06:46:21+07:00,25.10000,78.20000,65.70000,99.50000,2.01607,409.91577
2025-06-27 06:47:10+07:00,25.20000,78.00000,70.10000,106.80000,2.02988,409.76355
2025-06-27 06:47:59+07:00,25.10000,78.20000,73.00000,118.40000,1.93927,409.04745
2025-06-27 06:48:49+07:00,25.00000,78.40000,75.40000,119.10000,1.86486,409.23819
2025-06-27 06:49:38+07:00,25.00000,78.60000,77.30000,132.30000,1.75967,408.92215
2025-06-27 06:50:27+07:00,25.10000,78.40000,77.50000,127.10000,1.86486,408.61526
2025-06-27 06:51:17+07:00,25.20000,78.20000,73.40000,117.50000,1.81797,408.33203
2025-06-27 06:52:06+07:00,25.30000,78.00000,75.50000,122.50000,1.80115,408.40579
2025-06-27 06:52:56+07:00,25.40000,77.60000,76.80000,121.90000,1.82642,408.70639
2025-06-27 06:53:45+07:00,25.30000,77.70000,76.10000,115.60000,1.88650,408.43546
2025-06-27 06:54:34+07:00,25.40000,77.70000,76.00000,125.10000,1.79279,408.36148
2025-06-27 06:55:24+07:00,25.40000,77.30000,77.30000,125.00000,1.74329,408.15720
2025-06-27 06:56:13+07:00,25.50000,77.10000,84.90000,135.39999,1.78031,408.24423
2025-06-27 06:57:03+07:00,25.40000,77.20000,86.10000,146.50000,1.70690,408.34674
2025-06-27 06:57:52+07:00,25.30000,77.20000,82.70000,138.20000,1.83066,408.24423
2025-06-27 06:58:41+07:00,25.30000,77.30000,81.00000,136.39999,1.81797,408.43546
2025-06-27 06:59:31+07:00,25.40000,77.10000,82.00000,129.50000,1.83491,408.18613
2025-06-27 07:00:20+07:00,25.50000,76.90000,85.80000,139.60001,1.88650,408.50998
2025-06-27 07:01:09+07:00,25.50000,76.70000,82.40000,132.89999,1.73922,408.33203
2025-06-27 07:01:59+07:00,25.60000,76.60000,83.90000,133.39999,1.75967,408.25882
2025-06-27 07:02:48+07:00,25.60000,76.60000,85.00000,137.20000,1.89086,408.36148
2025-06-27 07:03:38+07:00,25.60000,76.40000,78.60000,124.10000,1.77203,408.28802
2025-06-27 07:04:27+07:00,25.70000,76.20000,77.10000,120.40000,1.81375,408.46521
2025-06-27 07:05:16+07:00,25.80000,75.90000,79.90000,123.10000,1.73109,408.12839
2025-06-27 07:06:05+07:00,25.70000,75.80000,78.80000,118.90000,1.78862,408.02814
2025-06-27 07:06:55+07:00,25.80000,75.80000,77.60000,118.90000,1.69490,408.22968
2025-06-27 07:07:44+07:00,25.80000,75.50000,81.40000,122.30000,1.80534,408.15720
2025-06-27 07:08:34+07:00,25.80000,75.40000,80.30000,124.10000,1.78031,408.61526
2025-06-27 07:09:23+07:00,25.80000,75.40000,81.70000,122.30000,1.76790,407.84470
2025-06-27 07:10:12+07:00,25.70000,75.60000,77.80000,118.10000,1.69889,407.78897
2025-06-27 07:11:02+07:00,25.70000,75.50000,81.00000,122.80000,1.73109,407.97131
2025-06-27 07:11:51+07:00,25.60000,75.90000,77.20000,114.50000,1.79697,407.85867
2025-06-27 07:12:41+07:00,25.70000,76.00000,78.60000,119.60000,1.78031,407.95715
2025-06-27 07:13:30+07:00,25.80000,75.70000,82.40000,123.40000,1.69092,408.05667
2025-06-27 07:14:19+07:00,25.90000,75.50000,80.80000,119.30000,1.65933,408.07095
2025-06-27 07:15:09+07:00,25.90000,75.50000,81.30000,126.30000,1.65150,408.04239
2025-06-27 07:15:58+07:00,25.90000,75.20000,74.40000,106.20000,1.66325,407.94302
2025-06-27 07:16:48+07:00,25.90000,75.10000,77.50000,115.30000,1.71091,407.99966
2025-06-27 07:17:37+07:00,25.90000,75.00000,83.60000,124.70000,1.62821,407.95715
2025-06-27 07:18:27+07:00,25.90000,75.20000,88.60000,130.00000,1.65541,408.01389
2025-06-27 07:19:16+07:00,25.80000,75.50000,78.20000,114.70000,1.62051,407.99966
2025-06-27 07:20:06+07:00,25.80000,75.50000,82.90000,128.30000,1.60519,408.02814
2025-06-27 07:20:55+07:00,25.90000,75.10000,82.40000,128.10001,1.65933,407.94302
2025-06-27 07:21:44+07:00,25.90000,75.40000,82.70000,122.80000,1.69889,408.02814
2025-06-27 07:22:34+07:00,25.80000,75.60000,77.80000,114.00000,1.63208,408.25882
2025-06-27 07:23:23+07:00,25.80000,75.70000,78.60000,117.30000,1.73109,407.99966
2025-06-27 07:24:12+07:00,26.00000,75.40000,76.50000,110.10000,1.67506,408.20062
2025-06-27 07:25:04+07:00,26.10000,75.10000,83.40000,125.50000,1.68297,408.07095
2025-06-27 07:25:54+07:00,26.20000,75.00000,87.40000,126.50000,1.69490,408.08530
2025-06-27 07:26:44+07:00,26.20000,75.00000,84.60000,131.00000,1.62821,408.17166
2025-06-27 07:27:33+07:00,26.20000,74.90000,85.70000,126.90000,1.75967,408.27341
2025-06-27 07:28:22+07:00,26.30000,75.00000,87.70000,129.00000,1.74329,408.28802
2025-06-27 07:29:12+07:00,26.30000,75.00000,87.40000,129.80000,1.71091,408.58508
2025-06-27 07:30:01+07:00,26.30000,75.20000,85.90000,125.90000,1.67112,408.04239
2025-06-27 07:30:50+07:00,26.40000,75.10000,84.50000,125.60000,1.70289,408.18613
2025-06-27 07:31:40+07:00,26.40000,75.00000,83.30000,123.00000,1.73922,408.31735
2025-06-27 07:32:29+07:00,26.50000,74.70000,83.40000,122.80000,1.73515,408.11398
2025-06-27 07:33:19+07:00,26.50000,74.20000,86.10000,123.30000,1.65541,407.87268
2025-06-27 07:34:08+07:00,26.50000,74.00000,83.50000,122.50000,1.64371,407.97131
2025-06-27 07:34:57+07:00,26.50000,73.90000,86.60000,126.10000,1.71896,408.11398
2025-06-27 07:35:47+07:00,26.50000,74.10000,92.40000,135.30000,1.61283,408.55499
2025-06-27 07:36:36+07:00,26.40000,74.40000,88.80000,133.50000,1.64371,407.88672
2025-06-27 07:37:25+07:00,26.30000,74.90000,94.70000,137.00000,1.66325,408.25882
2025-06-27 07:38:15+07:00,26.30000,74.90000,96.00000,137.00000,1.65933,408.11398
2025-06-27 07:39:04+07:00,26.30000,75.20000,91.70000,134.39999,1.71896,408.27341
2025-06-27 07:39:53+07:00,26.30000,75.00000,98.20000,144.70000,1.73922,408.72165
2025-06-27 07:40:43+07:00,26.30000,75.10000,94.60000,144.39999,1.81375,408.66074
2025-06-27 07:41:32+07:00,26.30000,75.20000,96.60000,151.10001,1.74737,408.52496
2025-06-27 07:42:22+07:00,26.40000,74.70000,100.40000,146.70000,1.81375,408.40579
2025-06-27 07:43:11+07:00,26.40000,74.40000,93.10000,134.80000,1.83066,408.67593
2025-06-27 07:44:01+07:00,26.40000,74.50000,97.90000,145.80000,1.81375,408.46521
2025-06-27 07:44:50+07:00,26.50000,74.40000,93.40000,138.30000,1.89958,408.67593
2025-06-27 07:45:39+07:00,26.40000,74.60000,91.00000,140.20000,1.92597,408.50998
2025-06-27 07:46:29+07:00,26.40000,74.60000,91.00000,135.50000,1.89522,408.95334
2025-06-27 07:47:19+07:00,26.40000,74.60000,96.10000,142.50000,1.84770,408.89105
2025-06-27 07:48:08+07:00,26.40000,74.50000,92.90000,137.10001,1.86486,408.76758
2025-06-27 07:48:58+07:00,26.50000,74.60000,98.60000,143.50000,1.78862,408.89105
2025-06-27 07:49:47+07:00,26.50000,74.40000,101.20000,150.30000,1.79697,408.78293
2025-06-27 07:50:37+07:00,26.50000,74.50000,95.20000,144.00000,1.86918,408.90659
2025-06-27 07:51:26+07:00,26.50000,74.70000,91.30000,143.89999,1.88650,408.72165
2025-06-27 07:52:16+07:00,26.50000,74.60000,92.00000,134.50000,1.70690,408.37622
2025-06-27 07:53:05+07:00,26.50000,74.70000,94.10000,137.50000,1.84770,408.61526
2025-06-27 07:53:54+07:00,26.50000,74.70000,93.90000,142.30000,1.82642,408.73694
2025-06-27 07:54:44+07:00,26.50000,74.60000,91.90000,131.80000,1.79697,408.08530
2025-06-27 07:55:33+07:00,26.50000,74.60000,89.70000,131.60001,1.90835,408.49506
2025-06-27 07:56:23+07:00,26.60000,74.40000,94.60000,137.70000,1.84343,408.52496
2025-06-27 07:57:12+07:00,26.60000,74.40000,88.00000,134.10001,1.83066,409.12650
2025-06-27 07:58:01+07:00,26.60000,74.40000,89.00000,129.60001,1.72299,408.96896
2025-06-27 07:58:51+07:00,26.70000,73.90000,70.70000,102.20000,1.81797,408.49506
2025-06-27 07:59:40+07:00,26.60000,73.40000,58.70000,87.10000,1.80954,408.33203
2025-06-27 08:00:29+07:00,26.60000,72.90000,51.90000,77.90000,1.75146,408.28802
2025-06-27 08:01:19+07:00,26.60000,72.40000,48.30000,68.50000,1.73922,408.30267
2025-06-27 08:02:08+07:00,26.60000,71.70000,49.20000,70.90000,1.72299,408.11398
2025-06-27 08:02:57+07:00,26.60000,72.00000,51.60000,76.70000,1.60519,407.88672
2025-06-27 08:03:47+07:00,26.70000,71.70000,53.10000,76.10000,1.72299,407.90076
2025-06-27 08:04:36+07:00,26.90000,71.60000,50.50000,79.50000,1.69889,407.87268
2025-06-27 08:05:26+07:00,26.90000,71.20000,48.20000,70.20000,1.60901,407.84470
2025-06-27 08:06:15+07:00,26.80000,71.50000,49.10000,71.70000,1.64371,407.54227
2025-06-27 08:07:04+07:00,26.90000,70.90000,45.00000,64.10000,1.61283,407.63742
2025-06-27 08:07:54+07:00,26.80000,70.60000,41.50000,56.50000,1.52666,407.76123
2025-06-27 08:08:43+07:00,26.80000,70.70000,42.10000,60.80000,1.58620,407.55582
2025-06-27 08:09:32+07:00,26.90000,70.60000,41.80000,58.20000,1.58620,407.44812
2025-06-27 08:10:22+07:00,26.80000,70.90000,43.30000,63.70000,1.53033,407.47491
2025-06-27 08:11:11+07:00,26.80000,71.00000,44.40000,62.00000,1.43375,407.34174
2025-06-27 08:12:01+07:00,26.80000,70.80000,46.20000,66.10000,1.49037,407.42139
2025-06-27 08:12:50+07:00,26.80000,70.80000,46.00000,68.80000,1.49757,407.22354
2025-06-27 08:13:39+07:00,26.80000,71.00000,44.80000,62.20000,1.51570,407.44812
2025-06-27 08:14:29+07:00,26.90000,70.80000,44.70000,62.30000,1.48678,407.48834
2025-06-27 08:15:18+07:00,26.90000,70.60000,44.60000,65.40000,1.55620,407.15857
2025-06-27 08:16:07+07:00,26.70000,71.20000,45.00000,67.50000,1.45478,407.35495
2025-06-27 08:16:57+07:00,26.60000,71.40000,42.00000,61.10000,1.46893,407.28900
2025-06-27 08:17:46+07:00,26.80000,71.10000,41.80000,58.40000,1.50843,407.23660
2025-06-27 08:18:36+07:00,26.90000,70.50000,44.00000,62.40000,1.58243,407.43475
2025-06-27 08:19:25+07:00,27.00000,70.40000,45.60000,64.90000,1.46184,407.39478
2025-06-27 08:20:14+07:00,27.10000,70.40000,46.50000,68.70000,1.46538,407.27588
2025-06-27 08:21:04+07:00,27.20000,70.50000,48.40000,73.10000,1.38564,407.34174
2025-06-27 08:21:53+07:00,27.20000,70.40000,46.60000,65.90000,1.49757,407.71979
2025-06-27 08:22:42+07:00,27.30000,70.20000,47.70000,70.70000,1.49397,407.54227
2025-06-27 08:23:32+07:00,27.30000,69.90000,47.80000,66.80000,1.54507,407.71979
2025-06-27 08:24:21+07:00,27.30000,69.90000,49.00000,67.20000,1.45126,408.04239
2025-06-27 08:25:11+07:00,27.30000,70.00000,47.40000,68.20000,1.56366,407.61014
2025-06-27 08:26:00+07:00,27.30000,69.60000,45.60000,68.90000,1.57866,407.62378
2025-06-27 08:26:49+07:00,27.40000,69.50000,45.10000,64.80000,1.51206,407.63742
2025-06-27 08:27:39+07:00,27.40000,69.30000,46.10000,64.40000,1.50480,407.83072
2025-06-27 08:28:28+07:00,27.50000,68.90000,45.70000,66.10000,1.54137,407.63742
2025-06-27 08:29:17+07:00,27.50000,68.60000,43.50000,61.30000,1.56740,407.74741
2025-06-27 08:30:07+07:00,27.60000,68.50000,43.10000,60.70000,1.65150,407.92892
2025-06-27 08:30:56+07:00,27.60000,68.20000,45.90000,67.70000,1.52666,407.78897
2025-06-27 08:31:45+07:00,27.70000,68.00000,44.90000,62.30000,1.51935,407.63742
2025-06-27 08:32:35+07:00,27.70000,67.70000,47.40000,65.90000,1.59757,407.66479
2025-06-27 08:33:24+07:00,27.70000,67.90000,44.50000,64.50000,1.56740,407.66479
2025-06-27 08:34:14+07:00,27.60000,67.90000,43.70000,60.20000,1.62436,407.97131
2025-06-27 08:35:03+07:00,27.70000,67.40000,51.50000,72.50000,1.54137,407.97131
2025-06-27 08:35:52+07:00,27.50000,67.80000,54.10000,77.80000,1.50843,407.77509
2025-06-27 08:36:42+07:00,27.60000,67.70000,57.10000,79.10000,1.56740,407.67850
2025-06-27 08:37:31+07:00,27.60000,67.70000,49.30000,69.10000,1.59757,408.02814
2025-06-27 08:38:21+07:00,27.60000,67.50000,42.60000,64.60000,1.58998,407.99966
2025-06-27 08:39:11+07:00,27.60000,67.60000,42.40000,58.90000,1.55993,408.08530
2025-06-27 08:40:00+07:00,27.50000,67.70000,40.80000,56.70000,1.56740,408.12839
2025-06-27 08:40:50+07:00,27.60000,67.60000,41.10000,57.70000,1.56366,407.58295
2025-06-27 08:41:39+07:00,27.70000,67.60000,43.40000,64.20000,1.54507,407.84470
2025-06-27 08:42:28+07:00,27.70000,67.10000,42.20000,58.50000,1.57866,407.88672
2025-06-27 08:43:18+07:00,27.80000,67.40000,40.20000,56.60000,1.64371,407.81680
2025-06-27 08:44:07+07:00,27.80000,67.50000,43.00000,58.60000,1.60519,407.92892
2025-06-27 08:44:56+07:00,27.70000,68.20000,46.00000,69.00000,1.53033,408.02814
2025-06-27 08:45:46+07:00,27.50000,68.90000,47.50000,64.80000,1.57490,407.56937
2025-06-27 08:46:35+07:00,27.40000,69.20000,48.40000,69.40000,1.51206,407.70599
2025-06-27 08:47:25+07:00,27.50000,69.50000,48.00000,74.20000,1.57866,407.91483
2025-06-27 08:48:14+07:00,27.40000,69.30000,49.20000,73.80000,1.53033,407.74741
2025-06-27 08:49:03+07:00,27.30000,69.50000,48.40000,69.90000,1.43027,407.69223
2025-06-27 08:49:53+07:00,27.20000,69.30000,47.60000,67.50000,1.50480,407.88672
2025-06-27 08:50:42+07:00,27.20000,69.60000,45.60000,64.70000,1.53033,407.83072
2025-06-27 08:51:31+07:00,27.20000,69.70000,46.70000,69.70000,1.49757,407.67850
2025-06-27 08:52:21+07:00,27.20000,69.70000,44.50000,63.50000,1.54507,407.59653
2025-06-27 08:53:10+07:00,27.20000,69.60000,45.30000,63.20000,1.55620,407.62378
2025-06-27 08:54:00+07:00,27.20000,70.30000,47.70000,65.40000,1.49397,407.69223
2025-06-27 08:54:49+07:00,27.20000,70.30000,46.90000,66.80000,1.46893,407.69223
2025-06-27 08:55:39+07:00,27.30000,69.70000,45.00000,66.60000,1.49757,407.77509
2025-06-27 08:56:28+07:00,27.40000,69.60000,45.20000,64.40000,1.58620,407.66479
2025-06-27 08:57:17+07:00,27.40000,69.30000,45.30000,64.00000,1.52666,407.94302
2025-06-27 08:58:07+07:00,27.30000,69.40000,45.30000,63.70000,1.55993,407.97131
2025-06-27 08:58:56+07:00,27.30000,69.40000,44.80000,63.10000,1.51935,408.04239
2025-06-27 08:59:46+07:00,27.20000,69.20000,46.40000,65.30000,1.44774,407.88672
2025-06-27 09:00:35+07:00,27.10000,69.50000,48.50000,67.60000,1.45830,407.67850
2025-06-27 09:01:24+07:00,27.10000,70.00000,49.40000,74.70000,1.47605,407.77509
2025-06-27 09:02:14+07:00,27.20000,70.00000,48.70000,69.10000,1.49757,407.76123
2025-06-27 09:03:03+07:00,27.30000,69.90000,47.50000,66.40000,1.47249,407.66479
2025-06-27 09:03:53+07:00,27.40000,69.40000,47.30000,64.60000,1.52666,407.91483
2025-06-27 09:04:42+07:00,27.40000,69.50000,45.20000,64.60000,1.44423,407.54227
2025-06-27 09:05:32+07:00,27.40000,69.60000,44.10000,63.80000,1.49397,407.80286
2025-06-27 09:06:21+07:00,27.50000,69.80000,41.30000,56.80000,1.49397,407.51526
2025-06-27 09:07:10+07:00,27.50000,69.80000,39.30000,55.30000,1.48678,407.63742
2025-06-27 09:08:00+07:00,27.60000,69.60000,39.40000,56.90000,1.51570,407.84470
2025-06-27 09:08:49+07:00,27.60000,69.10000,42.70000,63.10000,1.60519,407.74741
2025-06-27 09:09:39+07:00,27.50000,69.50000,42.90000,62.80000,1.42680,407.88672
2025-06-27 09:10:28+07:00,27.50000,69.50000,46.70000,68.80000,1.38903,408.07095
2025-06-27 09:11:17+07:00,27.40000,69.80000,47.50000,67.00000,1.65150,407.80286
2025-06-27 09:12:11+07:00,27.40000,70.00000,44.70000,60.70000,1.52666,407.92892
2025-06-27 09:13:00+07:00,27.50000,70.60000,45.20000,62.90000,1.54877,407.99966
2025-06-27 09:13:49+07:00,27.50000,69.50000,45.50000,66.50000,1.50118,408.14279
2025-06-27 09:14:39+07:00,27.60000,69.50000,46.50000,70.40000,1.56740,408.08530
2025-06-27 09:15:28+07:00,27.70000,69.60000,49.00000,72.20000,1.59757,408.01389
2025-06-27 09:16:18+07:00,27.60000,69.70000,46.60000,70.20000,1.53033,408.02814
2025-06-27 09:17:07+07:00,27.60000,69.30000,43.90000,61.90000,1.59757,408.12839
2025-06-27 09:17:56+07:00,27.60000,69.30000,43.70000,61.40000,1.48320,407.80286
2025-06-27 09:18:46+07:00,27.70000,69.20000,42.20000,59.80000,1.59757,408.05667
2025-06-27 09:19:35+07:00,27.60000,69.10000,40.50000,57.50000,1.59377,407.90076
2025-06-27 09:20:25+07:00,27.60000,68.90000,42.00000,63.90000,1.56366,408.11398
2025-06-27 09:21:14+07:00,27.60000,69.30000,41.90000,60.60000,1.42333,407.80286
2025-06-27 09:22:04+07:00,27.70000,69.60000,41.80000,63.40000,1.51206,407.76123
2025-06-27 09:22:57+07:00,27.70000,68.80000,41.80000,58.20000,1.54877,408.15720
2025-06-27 09:23:48+07:00,27.70000,68.90000,39.60000,60.60000,1.49397,407.84470
2025-06-27 09:24:38+07:00,27.60000,68.40000,38.00000,52.30000,1.45830,408.05667
2025-06-27 09:25:27+07:00,27.60000,68.80000,42.50000,66.00000,1.54137,407.83072
2025-06-27 09:26:16+07:00,27.60000,69.40000,48.80000,69.20000,1.55993,407.88672
2025-06-27 09:27:06+07:00,27.50000,69.30000,47.70000,68.90000,1.50118,407.70599
2025-06-27 09:27:55+07:00,27.60000,69.00000,51.10000,72.60000,1.43375,408.45032
2025-06-27 09:28:45+07:00,27.60000,69.10000,47.30000,69.20000,1.50843,407.85867
2025-06-27 09:29:34+07:00,27.70000,69.60000,45.10000,60.00000,1.53033,407.59653
2025-06-27 09:30:24+07:00,27.70000,69.20000,45.90000,64.50000,1.58620,407.80286
2025-06-27 09:31:13+07:00,27.60000,69.50000,44.10000,63.00000,1.55620,407.88672
2025-06-27 09:32:02+07:00,27.50000,69.60000,42.60000,64.10000,1.52300,407.94302
2025-06-27 09:32:52+07:00,27.50000,69.80000,40.30000,61.70000,1.56366,408.11398
2025-06-27 09:33:42+07:00,27.40000,69.40000,41.50000,57.80000,1.58243,408.02814
2025-06-27 09:34:36+07:00,27.30000,69.50000,41.70000,61.70000,1.57490,408.11398
2025-06-27 09:35:25+07:00,27.20000,70.10000,41.80000,64.90000,1.55620,407.92892
2025-06-27 09:36:15+07:00,27.20000,70.40000,43.70000,64.30000,1.56740,408.07095
2025-06-27 09:37:04+07:00,27.10000,70.90000,42.00000,60.30000,1.45830,408.05667
2025-06-27 09:37:53+07:00,27.10000,70.60000,41.10000,60.00000,1.55993,408.02814
2025-06-27 09:38:43+07:00,27.10000,70.50000,43.10000,64.20000,1.45126,408.02814
2025-06-27 09:39:32+07:00,27.00000,71.00000,43.70000,63.60000,1.55248,408.05667
2025-06-27 09:40:21+07:00,27.10000,71.70000,45.40000,63.10000,1.57866,408.01389
2025-06-27 09:41:11+07:00,27.10000,71.40000,45.90000,66.60000,1.51206,407.84470
2025-06-27 09:42:00+07:00,27.00000,71.40000,45.60000,67.40000,1.57114,408.11398
2025-06-27 09:42:50+07:00,27.00000,71.50000,45.80000,71.30000,1.53033,407.90076
2025-06-27 09:43:39+07:00,27.00000,71.50000,44.50000,68.40000,1.58243,407.98547
2025-06-27 09:44:29+07:00,27.00000,71.40000,44.00000,66.30000,1.53033,407.88672
2025-06-27 09:45:18+07:00,27.00000,71.60000,44.90000,68.50000,1.54877,407.98547
2025-06-27 09:46:07+07:00,27.10000,71.90000,40.30000,57.10000,1.53033,407.95715
2025-06-27 09:46:57+07:00,27.10000,70.70000,40.10000,57.90000,1.59757,407.80286
2025-06-27 09:47:46+07:00,27.10000,70.70000,37.70000,55.80000,1.50480,407.92892
2025-06-27 09:48:36+07:00,27.30000,70.20000,37.70000,58.70000,1.53400,407.81680
2025-06-27 09:49:25+07:00,27.30000,70.00000,35.90000,54.20000,1.54877,408.04239
2025-06-27 09:50:14+07:00,27.30000,70.00000,32.80000,49.90000,1.54507,408.08530
2025-06-27 09:51:04+07:00,27.40000,69.90000,31.00000,47.30000,1.57490,407.94302
2025-06-27 09:51:53+07:00,27.60000,70.20000,29.10000,42.20000,1.64760,407.98547
2025-06-27 09:52:43+07:00,27.60000,68.60000,31.20000,47.90000,1.50118,407.74741
2025-06-27 09:53:32+07:00,27.60000,69.50000,30.00000,46.40000,1.54507,407.59653
2025-06-27 09:54:22+07:00,27.70000,69.60000,28.50000,44.90000,1.48678,407.77509
2025-06-27 09:55:11+07:00,27.60000,68.70000,27.70000,39.70000,1.50118,407.59653
2025-06-27 09:56:00+07:00,27.60000,68.50000,29.30000,41.80000,1.53033,407.70599
2025-06-27 09:56:50+07:00,27.60000,68.70000,30.00000,46.20000,1.51570,407.44812
2025-06-27 09:57:39+07:00,27.70000,68.80000,30.90000,44.70000,1.54507,407.70599
2025-06-27 09:58:29+07:00,27.90000,68.10000,33.40000,52.50000,1.44073,407.39478
2025-06-27 09:59:18+07:00,27.90000,68.00000,38.40000,58.30000,1.51570,407.27588
2025-06-27 10:00:07+07:00,27.90000,68.00000,39.60000,58.40000,1.49037,407.85867
2025-06-27 10:00:57+07:00,27.80000,68.80000,38.10000,58.00000,1.46184,407.80286
2025-06-27 10:01:46+07:00,27.90000,69.90000,34.40000,50.80000,1.56366,407.46152
2025-06-27 10:02:36+07:00,27.90000,70.00000,25.90000,39.00000,1.47962,407.59653
2025-06-27 10:03:25+07:00,27.90000,68.50000,26.60000,37.60000,1.46538,407.66479
2025-06-27 10:04:15+07:00,27.90000,68.80000,27.90000,40.50000,1.53033,407.61014
2025-06-27 10:05:04+07:00,27.90000,68.20000,27.60000,40.50000,1.50843,407.85867
2025-06-27 10:05:56+07:00,27.90000,68.60000,26.00000,37.20000,1.49037,407.58295
2025-06-27 10:06:46+07:00,27.90000,68.80000,24.90000,34.70000,1.50118,407.44812
2025-06-27 10:07:35+07:00,28.00000,68.90000,23.90000,38.90000,1.49757,407.58295
2025-06-27 10:08:25+07:00,28.10000,67.90000,22.60000,33.50000,1.47962,407.66479
2025-06-27 10:09:14+07:00,28.10000,67.30000,21.50000,33.00000,1.42333,407.81680
2025-06-27 10:10:04+07:00,28.20000,67.40000,19.60000,29.20000,1.51935,407.52878
2025-06-27 10:10:53+07:00,28.20000,67.70000,18.20000,25.00000,1.40953,407.50180
2025-06-27 10:11:43+07:00,28.20000,67.20000,17.90000,26.50000,1.40610,407.15857
2025-06-27 10:12:32+07:00,28.10000,67.50000,18.20000,24.90000,1.41642,407.52878
2025-06-27 10:13:21+07:00,28.10000,68.20000,18.30000,28.70000,1.47605,407.35495
2025-06-27 10:14:11+07:00,28.10000,67.00000,18.20000,31.00000,1.47249,407.22354
2025-06-27 10:15:01+07:00,28.00000,66.40000,16.70000,26.40000,1.39243,407.28900
2025-06-27 10:15:50+07:00,28.00000,66.00000,17.30000,25.50000,1.37550,407.42139
2025-06-27 10:17:33+07:00,28.00000,66.60000,17.60000,25.50000,1.45830,407.36819
2025-06-27 10:18:24+07:00,27.90000,67.10000,18.20000,28.10000,1.36877,407.09409
2025-06-27 10:19:13+07:00,28.00000,67.60000,17.40000,23.60000,1.32569,407.24966
2025-06-27 10:20:03+07:00,28.00000,67.30000,16.30000,26.00000,1.45126,406.87848
2025-06-27 10:20:52+07:00,28.00000,67.20000,13.90000,20.80000,1.37550,407.04285
2025-06-27 10:21:42+07:00,28.00000,65.60000,12.70000,18.30000,1.35540,407.15857
2025-06-27 10:22:31+07:00,27.90000,65.30000,12.20000,17.60000,1.36877,406.86597
2025-06-27 10:23:20+07:00,28.00000,65.90000,13.00000,18.70000,1.33553,406.95395
2025-06-27 10:24:10+07:00,28.00000,65.90000,13.20000,20.00000,1.36877,406.90356
2025-06-27 10:25:00+07:00,28.00000,66.60000,12.90000,20.60000,1.38225,406.99194
2025-06-27 10:25:49+07:00,28.00000,65.80000,12.10000,18.10000,1.37213,406.97925
2025-06-27 10:26:39+07:00,28.00000,65.60000,11.80000,17.20000,1.26468,406.96658
2025-06-27 10:27:28+07:00,28.00000,66.80000,12.20000,17.00000,1.31590,406.64395
2025-06-27 10:28:17+07:00,27.90000,66.60000,13.60000,19.70000,1.29972,406.72958
2025-06-27 10:29:07+07:00,27.90000,66.20000,11.10000,17.50000,1.24278,406.91614
2025-06-27 10:29:56+07:00,27.90000,65.70000,11.50000,18.50000,1.33883,406.85345
2025-06-27 10:30:46+07:00,27.90000,65.70000,11.60000,18.70000,1.36542,406.89099
2025-06-27 10:31:35+07:00,27.90000,66.00000,11.80000,19.80000,1.28051,406.86597
2025-06-27 10:32:25+07:00,27.80000,66.10000,12.70000,20.50000,1.33883,406.90356
2025-06-27 10:33:14+07:00,27.90000,66.50000,14.10000,19.60000,1.30941,406.74188
2025-06-27 10:34:03+07:00,28.00000,67.20000,12.90000,19.20000,1.36207,406.54721
2025-06-27 10:34:53+07:00,28.00000,66.00000,12.50000,19.70000,1.34213,406.76654
2025-06-27 10:35:43+07:00,27.90000,65.20000,13.60000,20.70000,1.27734,406.71729
2025-06-27 10:36:32+07:00,27.90000,66.20000,13.30000,19.60000,1.30618,406.70502
2025-06-27 10:37:24+07:00,27.90000,66.50000,14.40000,26.50000,1.28370,406.46353
2025-06-27 10:38:13+07:00,27.90000,66.80000,15.90000,26.70000,1.22425,406.55923
2025-06-27 10:39:04+07:00,27.90000,67.00000,16.50000,25.20000,1.19085,406.65613
2025-06-27 10:39:54+07:00,27.90000,67.30000,15.70000,26.60000,1.26784,406.42795
2025-06-27 10:40:43+07:00,28.00000,66.50000,14.60000,23.90000,1.32897,406.69278
2025-06-27 10:41:33+07:00,28.00000,66.70000,12.10000,15.60000,1.32569,406.69278
2025-06-27 10:42:22+07:00,28.00000,66.40000,11.60000,19.60000,1.23658,406.52322
2025-06-27 10:43:12+07:00,28.00000,64.90000,14.50000,23.30000,1.22732,406.38074
2025-06-27 10:44:07+07:00,28.00000,66.30000,13.10000,18.70000,1.19385,406.47543
2025-06-27 10:44:58+07:00,27.90000,66.10000,14.90000,21.70000,1.26784,406.45166
2025-06-27 10:45:48+07:00,27.90000,66.80000,15.60000,23.10000,1.24589,406.64395
2025-06-27 10:46:38+07:00,27.90000,66.20000,15.40000,22.70000,1.20594,406.26398
2025-06-27 10:47:28+07:00,27.80000,66.10000,15.90000,24.60000,1.19988,406.53522
2025-06-27 10:48:20+07:00,27.70000,66.40000,21.20000,34.10000,1.30295,406.48737
2025-06-27 10:49:10+07:00,27.70000,66.90000,20.00000,29.80000,1.20291,406.39252
2025-06-27 10:49:59+07:00,27.80000,67.60000,18.90000,28.00000,1.24901,406.34552
2025-06-27 10:50:49+07:00,27.90000,67.30000,22.10000,37.70000,1.19988,406.46353
2025-06-27 10:51:38+07:00,27.80000,67.40000,20.90000,33.50000,1.14939,406.31049
2025-06-27 10:52:31+07:00,27.80000,67.50000,19.40000,30.60000,1.17294,406.51126
2025-06-27 10:53:20+07:00,27.70000,67.80000,18.00000,26.90000,1.18785,406.63181
2025-06-27 10:54:10+07:00,27.80000,68.10000,17.00000,24.70000,1.25526,406.65613
2025-06-27 10:55:00+07:00,27.80000,68.30000,17.90000,27.60000,1.18485,406.68054
2025-06-27 10:55:49+07:00,27.80000,68.50000,19.10000,31.50000,1.12910,406.60754
2025-06-27 10:56:39+07:00,27.80000,67.70000,18.30000,29.70000,1.24901,406.66833
2025-06-27 10:57:28+07:00,27.80000,67.10000,20.10000,33.40000,1.16406,406.66833
2025-06-27 10:58:17+07:00,27.80000,67.30000,16.50000,24.10000,1.23349,406.48737
2025-06-27 10:59:07+07:00,27.90000,66.40000,16.10000,24.80000,1.24278,406.45166
2025-06-27 10:59:57+07:00,28.00000,66.40000,17.80000,28.90000,1.24901,406.60754
2025-06-27 11:00:46+07:00,28.10000,67.30000,21.70000,38.10000,1.19085,406.77890
2025-06-27 11:01:36+07:00,28.10000,67.30000,22.80000,40.20000,1.17591,406.57129
2025-06-27 11:02:25+07:00,28.10000,68.00000,21.70000,38.10000,1.16112,406.76654
2025-06-27 11:03:15+07:00,28.10000,67.50000,24.50000,42.60000,1.31916,406.48737
2025-06-27 11:04:04+07:00,28.20000,66.80000,20.30000,30.50000,1.18485,406.53522
2025-06-27 11:04:54+07:00,28.10000,66.90000,22.30000,33.20000,1.18187,406.91614
2025-06-27 11:05:43+07:00,28.20000,67.20000,18.70000,29.60000,1.24589,406.79129
2025-06-27 11:06:33+07:00,28.20000,66.80000,18.90000,29.80000,1.23968,406.75421
2025-06-27 11:07:23+07:00,28.20000,67.30000,17.70000,24.50000,1.23349,406.64395
2025-06-27 11:08:12+07:00,28.20000,67.20000,18.00000,25.10000,1.16702,406.87848
2025-06-27 11:09:03+07:00,28.30000,67.80000,17.00000,24.70000,1.24589,406.65613
2025-06-27 11:09:52+07:00,28.40000,67.10000,17.40000,25.40000,1.13198,406.77890
2025-06-27 11:10:43+07:00,28.50000,66.60000,19.80000,28.40000,1.22732,406.76654
2025-06-27 11:11:33+07:00,28.50000,66.80000,19.30000,27.10000,1.20898,406.65613
2025-06-27 11:12:23+07:00,28.50000,67.40000,20.50000,28.40000,1.23968,406.80368
2025-06-27 11:13:12+07:00,28.50000,65.90000,18.40000,27.00000,1.21202,406.54721
2025-06-27 11:14:02+07:00,28.50000,65.50000,16.80000,23.30000,1.20291,406.47543
2025-06-27 11:14:52+07:00,28.40000,65.20000,16.10000,25.10000,1.18187,406.84100
2025-06-27 11:15:41+07:00,28.50000,65.60000,16.80000,23.20000,1.13487,407.23660
2025-06-27 11:16:31+07:00,28.60000,66.40000,16.50000,25.50000,1.15232,406.53522
2025-06-27 11:17:24+07:00,28.60000,65.40000,16.60000,25.20000,1.19687,406.46353
2025-06-27 11:18:14+07:00,28.60000,65.80000,16.40000,23.60000,1.20594,406.55923
2025-06-27 11:19:03+07:00,28.50000,64.90000,16.50000,23.40000,1.20898,406.60754
2025-06-27 11:19:56+07:00,28.50000,64.40000,16.50000,23.80000,1.10061,406.69278
2025-06-27 11:20:45+07:00,28.60000,64.80000,16.70000,23.00000,1.18785,406.72958
2025-06-27 11:21:35+07:00,28.60000,65.10000,17.20000,23.30000,1.14939,406.52322
2025-06-27 11:22:24+07:00,28.70000,66.00000,17.00000,23.60000,1.19687,406.42795
2025-06-27 11:24:05+07:00,28.70000,66.00000,15.80000,21.90000,1.19385,406.99194
2025-06-27 11:24:55+07:00,28.70000,65.50000,15.80000,21.90000,1.13198,406.76654
2025-06-27 11:25:45+07:00,28.80000,65.50000,16.40000,22.50000,1.19687,406.41611
2025-06-27 11:26:34+07:00,28.90000,66.40000,16.00000,23.10000,1.21507,406.53522
2025-06-27 11:27:24+07:00,28.90000,65.30000,16.50000,23.50000,1.23040,406.75421
2025-06-27 11:28:14+07:00,28.80000,65.00000,16.40000,24.00000,1.17591,406.48737
2025-06-27 11:29:03+07:00,28.80000,66.20000,17.10000,24.10000,1.23349,406.63181
2025-06-27 11:29:56+07:00,28.90000,65.50000,16.70000,21.90000,1.19687,406.66833
2025-06-27 11:30:46+07:00,29.00000,65.40000,15.30000,22.40000,1.19988,406.25241
2025-06-27 11:31:35+07:00,29.10000,65.80000,15.50000,21.90000,1.26784,406.74188
2025-06-27 11:32:27+07:00,29.00000,65.40000,15.60000,21.00000,1.19988,406.41611
2025-06-27 11:33:16+07:00,29.00000,66.20000,14.50000,20.10000,1.16112,406.69278
2025-06-27 11:34:10+07:00,29.00000,64.90000,15.40000,20.60000,1.17591,406.63181
2025-06-27 11:35:03+07:00,29.00000,64.80000,15.40000,22.40000,1.10626,406.61966
2025-06-27 11:35:53+07:00,29.10000,64.80000,15.80000,23.50000,1.11478,406.74188
2025-06-27 11:36:42+07:00,29.10000,64.70000,15.40000,19.90000,1.17888,406.65613
2025-06-27 11:37:32+07:00,29.10000,64.30000,15.40000,21.50000,1.17294,406.81610
2025-06-27 11:38:21+07:00,29.10000,65.30000,15.30000,19.60000,1.13198,406.20627
2025-06-27 11:39:10+07:00,29.10000,66.00000,15.00000,21.30000,1.19687,406.64395
2025-06-27 11:40:00+07:00,29.10000,65.40000,16.30000,25.30000,1.12049,406.89099
2025-06-27 11:40:49+07:00,29.10000,64.80000,15.20000,19.00000,1.15232,406.51126
2025-06-27 11:41:39+07:00,29.00000,63.90000,15.70000,21.90000,1.26154,406.65613
2025-06-27 11:42:28+07:00,29.00000,64.60000,14.50000,21.80000,1.28051,406.74188
2025-06-27 11:43:18+07:00,29.00000,63.70000,16.90000,23.20000,1.16702,406.40430
2025-06-27 11:44:07+07:00,29.00000,64.60000,14.50000,18.50000,1.22425,406.59543
2025-06-27 11:44:57+07:00,28.90000,64.80000,14.70000,21.40000,1.19385,406.34552
2025-06-27 11:45:46+07:00,28.90000,64.40000,14.30000,21.50000,1.15524,406.60754
2025-06-27 11:46:36+07:00,28.80000,64.30000,13.70000,20.00000,1.15818,406.76654
2025-06-27 11:47:25+07:00,28.80000,65.20000,13.70000,18.70000,1.16406,406.53522
2025-06-27 11:48:17+07:00,28.70000,65.60000,14.60000,20.00000,1.17888,406.57129
2025-06-27 11:49:07+07:00,28.70000,65.30000,14.80000,20.00000,1.19687,406.71729
2025-06-27 11:49:56+07:00,28.60000,66.20000,14.60000,19.40000,1.17294,406.69278
2025-06-27 11:50:46+07:00,28.60000,65.40000,14.80000,19.90000,1.17294,406.42795
2025-06-27 11:51:35+07:00,28.70000,65.80000,14.70000,20.80000,1.16997,406.82855
2025-06-27 11:52:24+07:00,28.70000,66.00000,14.20000,19.20000,1.17294,406.71729
2025-06-27 11:53:17+07:00,28.80000,65.60000,14.50000,21.50000,1.12623,406.69278
2025-06-27 11:54:07+07:00,28.90000,65.70000,15.40000,22.50000,1.22425,406.96658
2025-06-27 11:54:57+07:00,29.00000,65.10000,14.80000,19.40000,1.16112,407.04285
2025-06-27 11:55:47+07:00,28.90000,64.40000,14.70000,18.90000,1.23658,406.76654
2025-06-27 11:56:40+07:00,28.80000,65.60000,13.90000,18.10000,1.29972,407.06845
2025-06-27 11:57:37+07:00,28.80000,64.50000,15.30000,21.00000,1.21507,406.87848
2025-06-27 11:58:28+07:00,28.90000,65.60000,14.70000,20.00000,1.17591,406.91614
2025-06-27 11:59:18+07:00,29.00000,65.30000,13.80000,21.90000,1.21812,406.72958
2025-06-27 12:00:12+07:00,29.00000,65.00000,13.90000,19.80000,1.30941,406.77890
2025-06-27 12:01:06+07:00,29.00000,65.90000,13.50000,18.40000,1.18187,407.09409
2025-06-27 12:01:57+07:00,29.00000,64.90000,14.80000,19.50000,1.25213,407.04285
2025-06-27 12:02:46+07:00,29.00000,65.30000,14.60000,19.00000,1.20291,407.09409
2025-06-27 12:03:36+07:00,29.00000,65.60000,15.30000,19.80000,1.21812,407.24966
2025-06-27 12:04:25+07:00,29.00000,65.00000,15.40000,20.20000,1.29329,406.64395
2025-06-27 12:05:15+07:00,29.00000,66.20000,16.30000,21.10000,1.24278,406.95395
2025-06-27 12:06:04+07:00,29.00000,66.80000,16.90000,22.00000,1.32242,407.11984
2025-06-27 12:06:54+07:00,28.90000,66.40000,17.20000,23.90000,1.19085,407.19751
2025-06-27 12:07:43+07:00,28.90000,65.30000,18.70000,24.20000,1.26784,407.23660
2025-06-27 12:08:33+07:00,28.80000,64.90000,19.30000,28.10000,1.21507,407.10696
2025-06-27 12:09:22+07:00,28.80000,65.20000,17.60000,23.00000,1.24901,407.19751
2025-06-27 12:10:12+07:00,28.80000,66.10000,16.00000,20.80000,1.28689,407.21051
2025-06-27 12:11:04+07:00,28.70000,65.40000,16.60000,24.60000,1.29329,406.85345
2025-06-27 12:11:53+07:00,28.80000,65.90000,21.60000,31.30000,1.31266,407.05563
2025-06-27 12:12:43+07:00,28.90000,65.80000,18.40000,26.20000,1.24589,406.99194
2025-06-27 12:13:32+07:00,28.90000,65.00000,17.00000,21.70000,1.30618,407.30215
2025-06-27 12:14:22+07:00,28.80000,65.00000,16.30000,22.80000,1.30295,407.42139
2025-06-27 12:15:12+07:00,28.80000,64.80000,15.70000,20.80000,1.34544,407.23660
2025-06-27 12:16:05+07:00,28.90000,64.70000,15.20000,20.90000,1.32897,407.14563
2025-06-27 12:16:57+07:00,28.90000,64.30000,15.80000,22.40000,1.28689,407.38147
2025-06-27 12:17:48+07:00,28.90000,64.40000,15.40000,19.50000,1.18785,407.15857
2025-06-27 12:18:40+07:00,28.90000,64.60000,15.50000,21.10000,1.26784,407.08127
2025-06-27 12:19:31+07:00,29.00000,64.70000,15.50000,20.80000,1.32569,407.04285
2025-06-27 12:20:21+07:00,29.00000,64.50000,15.30000,18.80000,1.24901,407.14563
2025-06-27 12:21:10+07:00,29.00000,64.50000,16.10000,19.60000,1.31916,406.77890
2025-06-27 12:22:00+07:00,29.00000,64.90000,16.00000,20.90000,1.21507,406.89099
2025-06-27 12:22:51+07:00,29.10000,64.90000,16.40000,21.50000,1.21202,407.24966
2025-06-27 12:23:44+07:00,29.20000,65.80000,15.90000,21.00000,1.20898,407.00464
2025-06-27 12:24:33+07:00,29.20000,64.40000,15.80000,20.40000,1.28051,407.13272
2025-06-27 12:25:23+07:00,29.10000,63.80000,17.20000,22.00000,1.29009,406.97925
2025-06-27 12:26:20+07:00,29.10000,63.30000,16.30000,22.50000,1.30295,407.19751
2025-06-27 12:27:16+07:00,29.10000,63.80000,16.60000,22.10000,1.22732,406.70502
2025-06-27 12:28:06+07:00,29.10000,64.30000,15.80000,20.10000,1.21812,406.86597
2025-06-27 12:28:55+07:00,29.10000,64.60000,15.10000,21.00000,1.18785,407.04285
2025-06-27 12:29:45+07:00,29.10000,63.90000,15.20000,21.70000,1.31590,407.11984
2025-06-27 12:30:34+07:00,29.20000,64.70000,14.90000,20.90000,1.23968,406.92871
2025-06-27 12:31:24+07:00,29.30000,63.70000,16.30000,22.20000,1.21202,407.14563
2025-06-27 12:32:13+07:00,29.20000,64.20000,16.10000,21.20000,1.29972,407.08127
2025-06-27 12:33:02+07:00,29.20000,65.40000,16.90000,22.40000,1.29329,407.28900
2025-06-27 12:33:57+07:00,29.20000,64.60000,16.40000,21.70000,1.35873,406.92871
2025-06-27 12:34:46+07:00,29.20000,64.50000,16.20000,22.50000,1.33553,407.23660
2025-06-27 12:35:43+07:00,29.20000,64.50000,15.30000,18.80000,1.32897,407.38147
2025-06-27 12:36:33+07:00,29.20000,63.70000,15.30000,18.50000,1.31590,407.17154
2025-06-27 12:38:18+07:00,29.30000,64.00000,15.60000,22.30000,1.28689,407.32852
2025-06-27 12:39:07+07:00,29.30000,63.20000,14.40000,20.00000,1.31916,407.06845
2025-06-27 12:39:56+07:00,29.20000,63.40000,14.40000,17.00000,1.25839,407.14563
2025-06-27 12:40:49+07:00,29.20000,63.50000,15.00000,18.40000,1.30295,406.95395
2025-06-27 12:41:39+07:00,29.30000,63.70000,14.10000,18.30000,1.32242,407.44812
2025-06-27 12:42:28+07:00,29.30000,63.30000,14.80000,17.90000,1.35207,407.21051
2025-06-27 12:44:18+07:00,29.40000,63.50000,15.20000,21.60000,1.32242,407.22354
2025-06-27 12:45:08+07:00,29.40000,64.10000,15.20000,21.30000,1.32569,407.04285
2025-06-27 12:45:58+07:00,29.40000,63.50000,15.20000,19.20000,1.29972,407.01736
2025-06-27 12:46:49+07:00,29.50000,64.00000,15.50000,18.70000,1.26154,407.18451
2025-06-27 12:47:46+07:00,29.60000,64.20000,15.00000,20.60000,1.26468,407.21051
2025-06-27 12:48:43+07:00,29.60000,63.70000,14.50000,18.20000,1.34544,406.97925
2025-06-27 12:49:33+07:00,29.60000,62.10000,14.00000,19.90000,1.31266,407.66479
2025-06-27 12:50:26+07:00,29.50000,62.10000,15.00000,20.80000,1.24589,407.14563
2025-06-27 12:51:18+07:00,29.50000,63.10000,16.30000,21.10000,1.26154,407.18451
2025-06-27 12:52:10+07:00,29.40000,61.90000,14.80000,19.40000,1.29651,407.23660
2025-06-27 12:53:04+07:00,29.40000,62.20000,13.80000,17.90000,1.30941,407.19751
2025-06-27 12:53:57+07:00,29.40000,61.60000,12.80000,15.60000,1.27416,407.03009
2025-06-27 12:54:54+07:00,29.40000,62.80000,13.80000,16.00000,1.36877,407.14563
2025-06-27 12:55:50+07:00,29.50000,63.30000,14.80000,18.60000,1.32569,407.40808
2025-06-27 12:56:40+07:00,29.50000,63.30000,14.60000,20.00000,1.28370,407.39478
2025-06-27 12:57:35+07:00,29.50000,62.60000,15.60000,20.30000,1.29009,407.14563
2025-06-27 12:58:32+07:00,29.50000,62.30000,16.50000,21.90000,1.36207,407.71979
2025-06-27 12:59:23+07:00,29.50000,62.10000,16.50000,21.20000,1.37213,407.31531
2025-06-27 13:00:14+07:00,29.50000,61.70000,16.20000,21.10000,1.33225,407.34174
2025-06-27 13:01:05+07:00,29.50000,63.20000,16.50000,21.60000,1.26468,407.22354
2025-06-27 13:01:55+07:00,29.60000,63.10000,16.10000,20.40000,1.35207,406.80368
2025-06-27 13:02:46+07:00,29.60000,62.40000,14.90000,19.10000,1.29651,407.19751
2025-06-27 13:03:36+07:00,29.60000,62.30000,15.20000,18.00000,1.27100,407.14563
2025-06-27 13:04:25+07:00,29.70000,63.30000,15.80000,20.70000,1.27100,407.01736
2025-06-27 13:05:15+07:00,29.70000,61.70000,15.70000,19.40000,1.28051,407.19751
2025-06-27 13:06:04+07:00,29.70000,62.60000,15.30000,20.20000,1.26784,407.18451
2025-06-27 13:06:53+07:00,29.70000,61.90000,15.90000,21.20000,1.28370,407.04285
2025-06-27 13:07:43+07:00,29.60000,62.40000,15.90000,19.60000,1.20291,407.04285
2025-06-27 13:08:32+07:00,29.70000,62.60000,16.00000,21.00000,1.27734,406.90356
2025-06-27 13:09:22+07:00,29.70000,61.50000,16.80000,20.90000,1.23968,407.05563
2025-06-27 13:10:11+07:00,29.60000,61.40000,15.70000,18.50000,1.26784,407.00464
2025-06-27 13:11:01+07:00,29.70000,62.40000,14.70000,19.80000,1.27100,407.10696
2025-06-27 13:11:50+07:00,29.70000,62.40000,15.30000,19.70000,1.17591,406.94131
2025-06-27 13:12:40+07:00,29.60000,62.20000,15.00000,18.80000,1.18187,406.94131
2025-06-27 13:13:30+07:00,29.60000,61.60000,15.20000,18.80000,1.17591,407.03009
2025-06-27 13:14:20+07:00,29.60000,61.90000,14.00000,18.10000,1.22118,407.46152
2025-06-27 13:15:15+07:00,29.70000,62.20000,15.10000,19.00000,1.26784,407.14563
2025-06-27 13:16:04+07:00,29.70000,63.40000,14.40000,18.10000,1.32569,406.92871
2025-06-27 13:16:54+07:00,29.70000,61.80000,14.00000,15.90000,1.28370,407.09409
2025-06-27 13:17:43+07:00,29.70000,63.00000,14.10000,17.80000,1.18187,407.09409
2025-06-27 13:18:32+07:00,29.60000,62.80000,14.00000,17.20000,1.25213,407.01736
2025-06-27 13:19:22+07:00,29.50000,62.40000,14.30000,20.70000,1.26784,406.63181
2025-06-27 13:20:11+07:00,29.50000,62.50000,15.40000,19.40000,1.20594,407.17154
2025-06-27 13:21:01+07:00,29.50000,61.90000,14.70000,20.00000,1.20898,406.91614
2025-06-27 13:21:50+07:00,29.50000,63.80000,14.40000,18.20000,1.24278,406.59543
2025-06-27 13:22:40+07:00,29.60000,63.20000,14.20000,16.90000,1.15818,407.10696
2025-06-27 13:23:30+07:00,29.60000,62.40000,13.20000,17.70000,1.23040,406.54721
2025-06-27 13:24:20+07:00,29.60000,62.30000,13.20000,15.90000,1.18485,406.68054
2025-06-27 13:25:10+07:00,29.50000,63.20000,12.70000,15.20000,1.16997,406.76654
2025-06-27 13:25:59+07:00,29.50000,63.00000,12.20000,14.90000,1.27100,406.99194
2025-06-27 13:26:54+07:00,29.60000,62.50000,12.70000,16.40000,1.19385,406.96658
2025-06-27 13:27:45+07:00,29.60000,62.70000,13.10000,19.60000,1.26468,406.64395
2025-06-27 13:28:34+07:00,29.60000,62.70000,12.90000,16.40000,1.28051,406.95395
2025-06-27 13:29:28+07:00,29.60000,64.00000,13.30000,17.20000,1.25213,406.89099
2025-06-27 13:30:21+07:00,29.60000,63.00000,13.70000,18.40000,1.23349,407.10696
2025-06-27 13:31:12+07:00,29.60000,63.60000,13.60000,21.60000,1.24589,406.76654
2025-06-27 13:32:05+07:00,29.70000,63.40000,13.40000,17.60000,1.38225,406.77890
2025-06-27 13:32:58+07:00,29.70000,63.00000,12.50000,14.40000,1.21507,406.95395
2025-06-27 13:33:49+07:00,29.70000,62.70000,13.20000,15.80000,1.20898,407.04285
2025-06-27 13:34:42+07:00,29.70000,63.20000,13.10000,15.80000,1.23040,406.96658
2025-06-27 13:35:32+07:00,29.70000,63.80000,12.90000,14.80000,1.16997,406.60754
2025-06-27 13:36:30+07:00,29.70000,64.30000,13.50000,15.90000,1.21812,406.63181
2025-06-27 13:37:20+07:00,29.70000,62.90000,14.40000,18.10000,1.22732,406.82855
2025-06-27 13:38:10+07:00,29.60000,62.50000,13.90000,17.60000,1.32242,406.86597
2025-06-27 13:39:00+07:00,29.70000,63.90000,13.50000,18.10000,1.16112,406.99194
2025-06-27 13:39:52+07:00,29.70000,64.70000,12.60000,17.30000,1.22732,406.91614
2025-06-27 13:40:45+07:00,29.70000,64.70000,13.40000,19.60000,1.22118,406.95395
2025-06-27 13:41:35+07:00,29.70000,65.10000,13.00000,16.40000,1.18485,406.71729
2025-06-27 13:42:31+07:00,29.80000,63.30000,11.40000,14.50000,1.30941,406.68054
2025-06-27 13:43:21+07:00,29.70000,61.90000,12.00000,14.80000,1.28051,406.97925
2025-06-27 13:44:10+07:00,29.60000,62.00000,12.60000,15.70000,1.24589,406.63181
2025-06-27 13:45:00+07:00,29.60000,63.40000,12.50000,17.30000,1.23968,406.96658
2025-06-27 13:45:49+07:00,29.70000,62.60000,11.70000,15.70000,1.20594,406.91614
2025-06-27 13:46:39+07:00,29.70000,62.80000,12.20000,14.00000,1.12049,406.86597
2025-06-27 13:47:30+07:00,29.70000,62.30000,11.50000,14.70000,1.24278,406.35724
2025-06-27 13:48:19+07:00,29.60000,61.60000,12.30000,15.10000,1.25213,406.92871
2025-06-27 13:49:09+07:00,29.60000,62.00000,12.10000,13.80000,1.16702,406.82855
2025-06-27 13:49:58+07:00,29.60000,62.80000,12.40000,14.70000,1.21812,406.91614
2025-06-27 13:50:52+07:00,29.60000,62.80000,12.30000,15.10000,1.23968,406.60754
2025-06-27 13:51:41+07:00,29.60000,63.10000,13.10000,15.10000,1.16997,406.28720
2025-06-27 13:52:30+07:00,29.70000,64.10000,12.50000,16.90000,1.16406,406.94131
2025-06-27 13:53:21+07:00,29.70000,63.70000,12.70000,16.30000,1.15524,406.60754
2025-06-27 13:54:12+07:00,29.70000,63.60000,13.40000,16.20000,1.16997,406.51126
2025-06-27 13:55:01+07:00,29.70000,63.90000,12.90000,15.10000,1.18187,406.87848
2025-06-27 13:55:51+07:00,29.70000,64.10000,12.90000,14.80000,1.14357,406.63181
2025-06-27 13:56:44+07:00,29.70000,64.10000,13.80000,17.40000,1.20594,406.63181
2025-06-27 13:57:33+07:00,29.70000,65.30000,12.50000,14.40000,1.20291,406.74188
2025-06-27 13:58:26+07:00,29.70000,64.80000,13.10000,18.40000,1.20594,406.36899
2025-06-27 13:59:16+07:00,29.70000,64.40000,11.70000,13.30000,1.12910,406.47543
2025-06-27 14:00:08+07:00,29.80000,64.30000,11.40000,12.80000,1.06993,406.61966
2025-06-27 14:00:58+07:00,29.80000,64.30000,10.10000,12.20000,1.19687,406.41611
2025-06-27 14:01:48+07:00,29.70000,61.80000,10.50000,12.60000,1.19687,406.48737
2025-06-27 14:02:37+07:00,29.70000,61.70000,10.60000,13.10000,1.16702,406.47543
2025-06-27 14:03:27+07:00,29.70000,62.20000,9.90000,13.40000,1.22118,406.72958
2025-06-27 14:04:16+07:00,29.70000,61.80000,11.20000,15.40000,1.12049,406.41611
2025-06-27 14:05:06+07:00,29.70000,61.90000,9.20000,11.40000,1.14939,406.71729
2025-06-27 14:05:56+07:00,29.60000,60.60000,9.10000,12.20000,1.17294,406.45166
2025-06-27 14:06:46+07:00,29.70000,61.40000,9.50000,12.90000,1.12910,406.54721
2025-06-27 14:07:36+07:00,29.70000,61.00000,10.00000,12.60000,1.20291,406.66833
2025-06-27 14:08:25+07:00,29.70000,60.60000,9.40000,12.50000,1.16702,406.29883
2025-06-27 14:09:15+07:00,29.70000,60.40000,9.30000,12.30000,1.12336,406.84100
2025-06-27 14:10:04+07:00,29.70000,60.30000,8.70000,12.40000,1.19085,406.36899
2025-06-27 14:10:54+07:00,29.70000,61.00000,9.40000,11.50000,1.12049,406.57129
2025-06-27 14:11:43+07:00,29.80000,61.80000,9.00000,11.20000,1.17591,406.76654
2025-06-27 14:12:34+07:00,29.80000,60.90000,8.80000,9.90000,1.19085,406.72958
2025-06-27 14:13:27+07:00,29.80000,61.10000,9.30000,12.70000,1.19085,406.66833
2025-06-27 14:14:17+07:00,29.80000,60.60000,9.60000,12.00000,1.14648,406.48737
2025-06-27 14:15:07+07:00,29.70000,59.80000,8.60000,11.50000,1.13776,406.82855
2025-06-27 14:15:58+07:00,29.70000,59.80000,9.30000,10.60000,1.04804,406.72958
2025-06-27 14:16:47+07:00,29.70000,61.10000,9.70000,11.10000,1.18187,406.40430
2025-06-27 14:17:39+07:00,29.70000,61.60000,9.40000,12.20000,1.20898,406.57129
2025-06-27 14:18:29+07:00,29.80000,61.80000,9.70000,13.00000,1.18785,406.40430
2025-06-27 14:19:19+07:00,29.80000,62.00000,10.60000,13.20000,1.24278,406.36899
2025-06-27 14:20:08+07:00,29.80000,62.40000,13.50000,19.80000,1.22425,406.68054
2025-06-27 14:21:02+07:00,29.80000,61.90000,13.00000,17.90000,1.14648,406.72958
2025-06-27 14:21:51+07:00,29.80000,62.30000,12.70000,18.00000,1.19687,406.90356
2025-06-27 14:22:42+07:00,29.80000,62.40000,11.40000,16.40000,1.08937,406.85345
2025-06-27 14:23:31+07:00,29.80000,62.10000,12.70000,16.80000,1.17294,406.90356
2025-06-27 14:24:22+07:00,29.80000,62.30000,12.90000,18.10000,1.18485,406.51126
2025-06-27 14:25:11+07:00,29.80000,61.60000,11.20000,15.60000,1.20594,406.65613
2025-06-27 14:26:01+07:00,29.80000,61.90000,11.20000,16.20000,1.21812,406.90356
2025-06-27 14:26:51+07:00,29.80000,61.50000,12.50000,16.30000,1.21202,406.94131
2025-06-27 14:27:41+07:00,29.90000,62.10000,11.20000,14.40000,1.14066,406.48737
2025-06-27 14:28:31+07:00,29.90000,62.10000,10.50000,13.70000,1.22425,406.91614
2025-06-27 14:29:21+07:00,29.90000,61.30000,8.90000,11.00000,1.25839,406.90356
2025-06-27 14:30:12+07:00,29.90000,59.80000,9.20000,10.40000,1.19085,406.63181
2025-06-27 14:31:02+07:00,29.80000,59.90000,9.40000,12.60000,1.19385,406.84100
2025-06-27 14:31:59+07:00,29.90000,59.70000,9.50000,16.10000,1.16702,406.82855
2025-06-27 14:32:49+07:00,29.80000,59.70000,8.70000,10.90000,1.16406,406.77890
2025-06-27 14:33:41+07:00,29.80000,59.30000,9.10000,11.70000,1.21202,406.55923
2025-06-27 14:34:31+07:00,29.80000,59.70000,9.30000,12.30000,1.15524,406.79129
2025-06-27 14:35:21+07:00,29.80000,60.80000,9.50000,11.50000,1.14066,406.55923
2025-06-27 14:36:13+07:00,29.80000,59.30000,9.50000,12.10000,1.16112,406.55923
2025-06-27 14:37:06+07:00,29.90000,60.40000,8.40000,11.30000,1.15232,406.74188
2025-06-27 14:37:56+07:00,29.90000,58.30000,8.40000,9.50000,1.23040,406.35724
2025-06-27 14:38:45+07:00,29.90000,57.80000,9.20000,11.60000,1.16997,406.79129
2025-06-27 14:39:35+07:00,29.80000,58.20000,9.20000,11.40000,1.15232,406.72958
2025-06-27 14:40:26+07:00,29.80000,59.00000,9.40000,12.40000,1.19988,406.68054
2025-06-27 14:41:16+07:00,29.80000,59.10000,8.80000,12.20000,1.23968,406.75421
2025-06-27 14:42:06+07:00,29.80000,58.50000,9.50000,12.50000,1.13198,406.47543
2025-06-27 14:42:58+07:00,29.80000,59.30000,8.90000,11.10000,1.19988,406.36899
2025-06-27 14:43:48+07:00,29.80000,58.90000,12.80000,18.00000,1.17888,406.33383
2025-06-27 14:44:37+07:00,29.80000,58.70000,10.60000,13.80000,1.12910,406.42795
2025-06-27 14:45:27+07:00,29.80000,58.70000,9.90000,12.70000,1.15818,406.64395
2025-06-27 14:46:16+07:00,29.80000,58.50000,9.60000,11.80000,1.16406,406.63181
2025-06-27 14:47:06+07:00,29.80000,59.30000,9.70000,14.40000,1.16406,406.70502
2025-06-27 14:47:56+07:00,29.90000,60.30000,10.20000,12.50000,1.14357,406.52322
2025-06-27 14:48:47+07:00,29.90000,60.40000,9.40000,11.50000,1.15524,406.61966
2025-06-27 14:49:37+07:00,30.00000,60.30000,9.00000,13.00000,1.24901,406.69278
2025-06-27 14:50:27+07:00,29.90000,59.50000,9.10000,11.40000,1.12049,406.74188
2025-06-27 14:51:16+07:00,29.90000,60.00000,8.90000,11.00000,1.19385,406.79129
2025-06-27 14:52:07+07:00,30.00000,60.40000,8.60000,10.20000,1.16702,406.53522
2025-06-27 14:52:56+07:00,30.00000,60.50000,8.20000,11.60000,1.17888,406.41611
2025-06-27 14:53:46+07:00,30.10000,60.20000,7.90000,11.40000,1.16406,406.48737
2025-06-27 14:54:36+07:00,30.00000,58.20000,7.40000,11.20000,1.13776,406.82855
2025-06-27 14:55:25+07:00,29.90000,57.30000,8.60000,11.70000,1.15818,406.45166
2025-06-27 14:56:15+07:00,29.90000,57.50000,9.60000,12.10000,1.14066,406.61966
2025-06-27 14:57:05+07:00,29.90000,58.00000,10.80000,14.90000,1.10626,406.66833
2025-06-27 14:57:57+07:00,29.90000,57.90000,11.00000,15.80000,1.15232,406.59543
2025-06-27 14:58:46+07:00,29.90000,58.80000,11.00000,16.00000,1.23349,406.51126
2025-06-27 14:59:35+07:00,30.00000,59.30000,8.70000,12.10000,1.08658,406.61966
2025-06-27 15:00:25+07:00,30.00000,57.50000,7.90000,10.70000,1.07823,406.55923
2025-06-27 15:01:19+07:00,29.90000,58.10000,7.90000,10.30000,1.19988,406.45166
2025-06-27 15:02:09+07:00,29.90000,58.30000,9.80000,14.60000,1.16997,406.72958
2025-06-27 15:02:58+07:00,29.90000,57.90000,10.90000,15.30000,1.13198,406.64395
2025-06-27 15:03:51+07:00,29.90000,58.60000,12.50000,18.60000,1.08937,406.39252
2025-06-27 15:04:40+07:00,29.90000,58.20000,12.10000,19.40000,1.17591,406.74188
2025-06-27 15:05:30+07:00,29.90000,58.50000,11.70000,16.40000,1.18485,406.43979
2025-06-27 15:06:19+07:00,29.90000,59.00000,9.70000,12.60000,1.12623,406.58337
2025-06-27 15:07:09+07:00,29.90000,59.00000,9.30000,11.40000,1.14357,406.77890
2025-06-27 15:07:58+07:00,29.90000,60.00000,7.70000,10.20000,1.08100,406.71729
2025-06-27 15:08:48+07:00,29.90000,59.00000,8.30000,10.70000,1.15818,406.45166
2025-06-27 15:09:38+07:00,29.90000,59.00000,10.20000,14.20000,1.13198,406.74188
2025-06-27 15:10:28+07:00,29.90000,59.50000,10.10000,14.90000,1.04804,406.77890
2025-06-27 15:11:17+07:00,29.90000,58.70000,9.10000,12.20000,1.17294,406.60754
2025-06-27 15:12:07+07:00,29.80000,58.10000,9.50000,12.10000,1.13776,406.48737
2025-06-27 15:12:56+07:00,29.80000,58.70000,8.60000,12.90000,1.18187,406.74188
2025-06-27 15:13:46+07:00,29.90000,58.30000,6.90000,8.90000,1.19085,406.39252
2025-06-27 15:14:35+07:00,29.90000,57.70000,7.20000,9.40000,1.19085,406.40430
2025-06-27 15:15:25+07:00,29.90000,57.70000,7.00000,10.40000,1.15524,406.64395
2025-06-27 15:16:14+07:00,29.80000,57.50000,8.30000,12.00000,1.15818,406.59543
2025-06-27 15:17:04+07:00,29.80000,57.80000,8.00000,11.80000,1.16406,406.54721
2025-06-27 15:17:53+07:00,29.80000,58.40000,8.10000,10.80000,1.12049,406.54721
2025-06-27 15:18:47+07:00,29.90000,59.00000,7.70000,9.80000,1.13776,406.55923
2025-06-27 15:19:37+07:00,29.90000,58.80000,7.60000,10.50000,1.15232,406.33383
2025-06-27 15:20:26+07:00,29.90000,59.30000,7.30000,9.80000,1.08937,406.17187
2025-06-27 15:21:16+07:00,29.90000,59.30000,8.20000,11.10000,1.10626,406.57129
2025-06-27 15:22:05+07:00,29.90000,59.90000,8.20000,12.60000,1.07823,406.60754
2025-06-27 15:22:55+07:00,29.90000,59.70000,8.40000,13.30000,1.07545,406.26398
2025-06-27 15:23:45+07:00,29.90000,60.00000,8.90000,12.50000,1.12049,406.79129
2025-06-27 15:24:39+07:00,29.90000,59.60000,9.10000,13.50000,1.05621,406.12622
2025-06-27 15:25:30+07:00,29.90000,60.10000,10.70000,17.80000,1.11763,406.54721
2025-06-27 15:26:24+07:00,29.80000,60.10000,10.50000,15.20000,1.10343,406.45166
2025-06-27 15:27:13+07:00,29.80000,60.80000,10.60000,13.80000,1.02652,406.31049
2025-06-27 15:28:10+07:00,29.80000,61.00000,10.80000,16.90000,1.13776,406.39252
2025-06-27 15:31:53+07:00,29.90000,60.60000,9.20000,12.70000,1.14066,406.54721
2025-06-27 15:32:42+07:00,29.90000,61.30000,9.90000,13.20000,1.14357,406.79129
2025-06-27 15:33:31+07:00,29.90000,60.70000,10.00000,15.50000,1.17888,406.76654
2025-06-27 15:34:24+07:00,29.90000,61.00000,10.40000,13.10000,1.13776,406.43979
2025-06-27 15:35:13+07:00,29.80000,61.40000,11.20000,15.40000,1.16997,406.74188
2025-06-27 15:36:09+07:00,29.70000,61.00000,11.60000,15.80000,1.16702,406.76654
2025-06-27 15:36:59+07:00,29.60000,61.70000,11.20000,14.20000,1.10909,406.81610
2025-06-27 15:37:52+07:00,29.60000,62.20000,11.90000,15.90000,1.14066,406.38074
2025-06-27 15:38:41+07:00,29.70000,62.10000,12.80000,17.00000,1.12910,406.52322
2025-06-27 15:39:30+07:00,29.70000,61.90000,12.60000,16.00000,1.06168,406.85345
2025-06-27 15:40:20+07:00,29.70000,62.20000,12.20000,15.60000,1.14648,406.63181
2025-06-27 15:41:10+07:00,29.70000,62.30000,12.20000,16.00000,1.06993,406.91614
2025-06-27 15:41:59+07:00,29.70000,62.80000,11.50000,12.90000,1.10343,406.57129
2025-06-27 15:42:50+07:00,29.70000,63.40000,12.00000,17.20000,1.19385,406.42795
2025-06-27 15:43:40+07:00,29.60000,63.20000,12.00000,15.80000,1.12623,406.72958
2025-06-27 15:44:30+07:00,29.60000,62.60000,10.70000,13.90000,1.16702,406.79129
2025-06-27 15:45:25+07:00,29.60000,61.30000,11.60000,15.60000,1.13776,406.64395
2025-06-27 15:46:15+07:00,29.60000,61.80000,12.30000,17.40000,1.12623,406.33383
2025-06-27 15:48:09+07:00,29.60000,62.00000,13.30000,19.90000,1.16702,406.17187
2025-06-27 15:48:59+07:00,29.60000,62.40000,12.00000,15.90000,1.15232,406.80368
2025-06-27 15:49:49+07:00,29.60000,62.50000,12.10000,15.70000,1.14648,406.91614
2025-06-27 15:50:39+07:00,29.50000,62.00000,11.80000,16.10000,1.15818,406.80368
2025-06-27 15:51:28+07:00,29.60000,61.70000,12.50000,17.50000,1.16997,407.11984
2025-06-27 15:52:21+07:00,29.50000,61.80000,11.80000,19.80000,1.25839,406.58337
2025-06-27 15:53:11+07:00,29.60000,62.70000,11.00000,16.40000,1.19988,406.54721
2025-06-27 15:54:01+07:00,29.60000,61.70000,11.20000,14.90000,1.17888,406.48737
2025-06-27 15:54:51+07:00,29.50000,61.20000,10.40000,16.30000,1.15524,406.65613
2025-06-27 15:55:41+07:00,29.60000,61.90000,10.30000,13.80000,1.19988,406.81610
2025-06-27 15:56:31+07:00,29.60000,62.40000,11.10000,14.10000,1.15524,406.70502
2025-06-27 15:57:20+07:00,29.60000,62.10000,11.00000,15.10000,1.16406,406.46353
2025-06-27 15:58:10+07:00,29.70000,61.50000,11.20000,14.50000,1.23968,406.77890
2025-06-27 15:58:59+07:00,29.70000,61.70000,11.60000,13.50000,1.09779,406.81610
2025-06-27 15:59:48+07:00,29.70000,62.10000,10.10000,13.60000,1.18785,406.85345
2025-06-27 16:00:38+07:00,29.70000,61.20000,11.00000,13.90000,1.22118,406.66833
2025-06-27 16:01:27+07:00,29.70000,60.80000,10.30000,13.90000,1.24901,406.89099
2025-06-27 16:02:17+07:00,29.70000,60.80000,11.10000,18.00000,1.18485,406.71729
2025-06-27 16:03:09+07:00,29.70000,60.80000,11.00000,15.70000,1.15818,406.61966
2025-06-27 16:03:58+07:00,29.70000,61.70000,11.00000,15.90000,1.14648,406.45166
2025-06-27 16:04:47+07:00,29.70000,62.00000,10.90000,14.50000,1.14357,406.48737
2025-06-27 16:05:37+07:00,29.70000,61.40000,10.90000,14.80000,1.09217,406.72958
2025-06-27 16:06:26+07:00,29.70000,60.60000,10.80000,14.80000,1.13776,406.87848
2025-06-27 16:07:16+07:00,29.70000,61.30000,11.60000,18.50000,1.17888,406.80368
2025-06-27 16:08:06+07:00,29.70000,61.50000,11.40000,15.60000,1.17294,406.79129
2025-06-27 16:08:55+07:00,29.70000,62.20000,12.00000,16.70000,1.19385,406.77890
2025-06-27 16:09:45+07:00,29.70000,62.90000,11.00000,13.20000,1.10061,406.74188
2025-06-27 16:10:34+07:00,29.70000,61.90000,11.70000,15.90000,1.11763,406.76654
2025-06-27 16:11:23+07:00,29.70000,62.00000,11.30000,15.20000,1.16112,406.51126
2025-06-27 16:12:13+07:00,29.70000,62.00000,11.70000,15.90000,1.23349,406.72958
2025-06-27 16:13:02+07:00,29.60000,63.50000,11.40000,15.10000,1.16112,406.65613
2025-06-27 16:13:52+07:00,29.60000,62.80000,12.10000,16.90000,1.12336,406.55923
2025-06-27 16:14:41+07:00,29.60000,62.20000,11.80000,14.80000,1.06442,406.66833
2025-06-27 16:15:31+07:00,29.60000,61.80000,11.50000,14.60000,1.16406,406.89099
2025-06-27 16:16:20+07:00,29.60000,62.30000,11.70000,16.20000,1.07823,406.76654
2025-06-27 16:17:09+07:00,29.60000,62.50000,12.10000,15.10000,1.11194,406.53522
2025-06-27 16:17:59+07:00,29.70000,62.90000,11.60000,14.80000,1.06168,406.42795
2025-06-27 16:18:51+07:00,29.60000,62.50000,12.30000,15.70000,1.11194,406.63181
2025-06-27 16:19:40+07:00,29.60000,62.80000,11.90000,15.80000,1.11194,406.52322
2025-06-27 16:20:30+07:00,29.60000,62.70000,11.90000,15.00000,1.10626,405.97983
2025-06-27 16:21:19+07:00,29.60000,62.40000,12.10000,16.70000,1.02119,406.47543
2025-06-27 16:22:08+07:00,29.60000,62.30000,12.10000,16.50000,1.08379,406.38074
2025-06-27 16:22:58+07:00,29.50000,62.10000,12.20000,17.80000,1.09217,406.32214
2025-06-27 16:23:47+07:00,29.50000,61.90000,12.80000,16.50000,1.08100,406.61966
2025-06-27 16:24:37+07:00,29.50000,62.20000,11.30000,14.00000,1.08937,406.40430
2025-06-27 16:25:26+07:00,29.50000,61.90000,12.20000,16.50000,1.09217,406.40430
2025-06-27 16:26:17+07:00,29.60000,62.80000,12.60000,17.20000,1.09779,406.36899
2025-06-27 16:27:06+07:00,29.50000,62.30000,12.30000,15.60000,1.06717,406.35724
2025-06-27 16:27:56+07:00,29.50000,62.40000,12.80000,19.50000,1.10626,406.17187
2025-06-27 16:28:51+07:00,29.60000,62.90000,12.40000,17.50000,1.05621,406.53522
2025-06-27 16:29:43+07:00,29.60000,62.40000,12.70000,18.20000,1.03993,406.64395
2025-06-27 16:30:33+07:00,29.50000,62.40000,11.00000,14.80000,1.00797,406.64395
2025-06-27 16:31:22+07:00,29.50000,61.90000,12.40000,15.90000,1.14357,406.80368
2025-06-27 16:32:12+07:00,29.50000,62.40000,12.00000,17.30000,1.10626,406.69278
2025-06-27 16:33:01+07:00,29.50000,62.70000,12.10000,16.60000,1.13776,406.85345
2025-06-27 16:33:50+07:00,29.50000,62.20000,12.50000,16.50000,1.05621,406.72958
2025-06-27 16:34:40+07:00,29.50000,62.20000,11.80000,16.20000,1.12623,406.60754
2025-06-27 16:35:29+07:00,29.50000,62.50000,12.50000,16.90000,1.14939,406.72958
2025-06-27 16:36:19+07:00,29.40000,62.20000,11.90000,15.90000,1.08658,406.60754
2025-06-27 16:37:08+07:00,29.40000,61.90000,11.70000,15.00000,1.16702,406.46353
2025-06-27 16:37:58+07:00,29.40000,62.50000,12.50000,15.20000,1.16112,406.76654
2025-06-27 16:38:47+07:00,29.40000,63.20000,13.20000,18.10000,1.19687,406.66833
2025-06-27 16:39:36+07:00,29.40000,63.60000,12.90000,18.80000,1.14939,406.51126
2025-06-27 16:40:26+07:00,29.40000,64.10000,12.70000,17.40000,1.13776,407.18451
2025-06-27 16:42:11+07:00,29.50000,63.30000,12.70000,16.40000,1.24589,406.66833
2025-06-27 16:43:02+07:00,29.50000,63.40000,12.70000,18.90000,1.08658,407.17154
2025-06-27 16:43:55+07:00,29.40000,63.40000,14.00000,20.60000,1.12910,406.95395
2025-06-27 16:44:44+07:00,29.30000,63.40000,13.90000,21.50000,1.16997,406.87848
2025-06-27 16:45:34+07:00,29.30000,63.90000,13.00000,17.40000,1.13776,407.06845
2025-06-27 16:46:23+07:00,29.30000,63.30000,13.30000,18.90000,1.10909,407.04285
2025-06-27 16:47:13+07:00,29.30000,63.80000,13.60000,19.20000,1.16702,406.80368
2025-06-27 16:48:05+07:00,29.30000,63.90000,13.10000,16.40000,1.18485,406.70502
2025-06-27 16:48:55+07:00,29.30000,64.10000,13.50000,17.70000,1.14066,406.82855
2025-06-27 16:49:45+07:00,29.30000,63.60000,13.50000,18.90000,1.17294,406.85345
2025-06-27 16:50:38+07:00,29.30000,63.60000,14.10000,19.70000,1.13198,406.80368
2025-06-27 16:51:28+07:00,29.30000,63.70000,14.70000,20.30000,1.18485,406.60754
2025-06-27 16:52:17+07:00,29.30000,63.90000,13.30000,17.40000,1.12623,406.61966
2025-06-27 16:53:06+07:00,29.30000,63.30000,14.10000,19.90000,1.19385,406.64395
2025-06-27 16:53:56+07:00,29.40000,63.80000,13.80000,20.00000,1.16406,407.09409
2025-06-27 16:54:45+07:00,29.40000,63.70000,13.70000,21.90000,1.12336,406.70502
2025-06-27 16:55:35+07:00,29.30000,64.00000,13.30000,18.10000,1.14648,407.01736
2025-06-27 16:56:24+07:00,29.30000,63.60000,13.80000,19.00000,1.20898,407.08127
2025-06-27 16:57:14+07:00,29.20000,63.70000,13.80000,20.30000,1.24901,407.01736
2025-06-27 16:58:03+07:00,29.20000,63.60000,13.00000,17.00000,1.16997,406.81610
2025-06-27 16:58:55+07:00,29.20000,64.10000,14.40000,19.90000,1.17888,406.96658
2025-06-27 16:59:44+07:00,29.20000,64.30000,13.70000,19.80000,1.20898,407.04285
2025-06-27 17:00:34+07:00,29.20000,64.10000,13.10000,17.50000,1.14357,406.97925
2025-06-27 17:01:24+07:00,29.20000,63.90000,12.80000,16.90000,1.18485,406.90356
2025-06-27 17:02:13+07:00,29.20000,63.80000,12.70000,17.40000,1.20291,406.86597
2025-06-27 17:03:03+07:00,29.20000,64.00000,13.00000,17.50000,1.22118,406.69278
2025-06-27 17:03:53+07:00,29.20000,63.80000,12.90000,18.00000,1.20898,407.03009
2025-06-27 17:04:43+07:00,29.20000,63.70000,13.60000,17.40000,1.18485,407.06845
2025-06-27 17:05:36+07:00,29.20000,63.70000,13.70000,18.40000,1.18187,407.00464
2025-06-27 17:06:25+07:00,29.20000,64.30000,13.70000,19.00000,1.20291,407.08127
2025-06-27 17:07:15+07:00,29.20000,64.60000,13.60000,19.10000,1.21202,406.90356
2025-06-27 17:08:04+07:00,29.30000,64.60000,13.50000,17.80000,1.19085,407.14563
2025-06-27 17:08:58+07:00,29.20000,64.30000,13.60000,20.50000,1.20594,406.74188
2025-06-27 17:09:48+07:00,29.20000,64.30000,13.40000,19.00000,1.19385,406.95395
2025-06-27 17:10:39+07:00,29.20000,64.30000,13.40000,20.10000,1.19988,406.97925
2025-06-27 17:11:29+07:00,29.10000,64.30000,13.60000,17.90000,1.18785,406.76654
2025-06-27 17:12:18+07:00,29.20000,64.30000,13.30000,19.60000,1.21202,406.87848
2025-06-27 17:13:08+07:00,29.20000,64.60000,13.60000,16.50000,1.17591,407.04285
2025-06-27 17:13:58+07:00,29.20000,64.60000,14.20000,19.40000,1.13487,406.99194
2025-06-27 17:14:48+07:00,29.20000,64.90000,14.90000,19.90000,1.19687,407.10696
2025-06-27 17:15:38+07:00,29.20000,65.30000,13.10000,18.50000,1.25213,407.05563
2025-06-27 17:16:27+07:00,29.20000,65.10000,14.80000,22.60000,1.20898,407.05563
2025-06-27 17:17:16+07:00,29.20000,65.00000,14.70000,19.90000,1.14648,406.84100
2025-06-27 17:18:06+07:00,29.20000,65.70000,15.10000,20.40000,1.20594,407.10696
2025-06-27 17:18:55+07:00,29.10000,65.00000,14.90000,21.20000,1.18485,406.82855
2025-06-27 17:19:44+07:00,29.10000,64.90000,15.00000,19.40000,1.24901,407.15857
2025-06-27 17:20:34+07:00,29.10000,65.10000,14.20000,18.90000,1.34544,407.09409
2025-06-27 17:21:23+07:00,29.10000,64.40000,14.00000,18.00000,1.22118,407.17154
2025-06-27 17:22:12+07:00,29.00000,64.10000,13.40000,18.20000,1.17888,406.70502
2025-06-27 17:23:02+07:00,29.00000,64.40000,13.80000,18.20000,1.24278,407.10696
2025-06-27 17:23:51+07:00,29.10000,64.60000,14.90000,20.50000,1.20898,407.24966
2025-06-27 17:24:41+07:00,29.10000,65.00000,15.00000,19.30000,1.23349,406.79129
2025-06-27 17:25:30+07:00,29.10000,65.20000,15.60000,21.40000,1.13776,407.03009
2025-06-27 17:26:20+07:00,29.20000,64.70000,15.10000,20.60000,1.08379,406.64395
2025-06-27 17:27:12+07:00,29.20000,64.60000,15.00000,20.00000,1.15818,406.49930
2025-06-27 17:28:01+07:00,29.20000,64.70000,16.00000,23.50000,1.15232,406.54721
2025-06-27 17:28:51+07:00,29.20000,64.60000,14.30000,19.70000,1.14648,406.63181
2025-06-27 17:29:40+07:00,29.20000,64.00000,14.70000,19.50000,1.07269,406.38074
2025-06-27 17:30:32+07:00,29.10000,64.00000,17.20000,23.00000,1.02119,405.88016
2025-06-27 17:31:21+07:00,29.20000,64.00000,16.50000,22.80000,1.00797,406.32214
2025-06-27 17:32:11+07:00,29.20000,64.00000,15.30000,22.30000,0.97423,406.35724
2025-06-27 17:33:00+07:00,29.30000,64.00000,16.10000,20.10000,1.06168,406.75421
2025-06-27 17:33:50+07:00,29.20000,64.20000,16.40000,22.10000,1.00272,406.28720
2025-06-27 17:34:39+07:00,29.20000,64.30000,15.20000,20.40000,0.92653,406.20627
2025-06-27 17:35:29+07:00,29.20000,64.40000,15.60000,22.40000,0.96657,405.90219
2025-06-27 17:36:19+07:00,29.10000,64.50000,15.30000,24.60000,1.05348,406.51126
2025-06-27 17:37:11+07:00,29.10000,64.50000,15.50000,20.10000,1.06993,406.94131
2025-06-27 17:38:01+07:00,29.10000,64.30000,15.60000,22.30000,1.15818,407.18451
2025-06-27 17:38:50+07:00,29.20000,64.70000,16.00000,23.30000,1.24278,407.90076
2025-06-27 17:39:39+07:00,29.20000,64.60000,15.30000,21.10000,1.33553,408.30267
2025-06-27 17:40:29+07:00,29.20000,64.30000,15.70000,21.00000,1.36877,408.08530
2025-06-27 17:41:18+07:00,29.20000,64.30000,16.00000,21.60000,1.24278,407.26276
2025-06-27 17:42:08+07:00,29.10000,64.50000,15.60000,21.00000,1.27416,407.35495
2025-06-27 17:42:58+07:00,29.10000,64.60000,24.90000,33.30000,1.20898,407.23660
2025-06-27 17:43:47+07:00,29.20000,66.40000,25.80000,36.20000,1.14648,406.59543
2025-06-27 17:44:37+07:00,29.20000,66.10000,34.70000,47.10000,0.98452,405.44330
2025-06-27 17:45:27+07:00,29.10000,67.30000,37.90000,52.60000,0.99749,405.83630
2025-06-27 17:46:16+07:00,29.10000,67.90000,44.30000,62.90000,1.03724,406.20627
2025-06-27 17:47:06+07:00,29.10000,68.70000,45.10000,60.50000,0.95140,406.32214
2025-06-27 17:47:56+07:00,29.10000,68.50000,44.70000,59.30000,1.04533,406.25241
2025-06-27 17:48:45+07:00,29.10000,69.00000,50.40000,66.40000,1.08100,406.80368
2025-06-27 17:49:35+07:00,29.10000,69.30000,47.90000,65.70000,1.06442,406.53522
2025-06-27 17:50:24+07:00,29.10000,69.70000,49.50000,65.50000,1.06993,406.87848
2025-06-27 17:51:13+07:00,29.10000,69.70000,49.90000,73.60000,1.09217,406.77890
2025-06-27 17:52:03+07:00,29.10000,69.90000,52.30000,70.00000,1.09779,406.99194
2025-06-27 17:52:52+07:00,29.10000,70.00000,51.20000,72.80000,1.01324,407.03009
2025-06-27 17:53:44+07:00,29.10000,70.00000,51.90000,72.30000,1.11194,406.95395
2025-06-27 17:54:34+07:00,29.10000,70.10000,49.90000,71.20000,1.14066,406.81610
2025-06-27 17:55:23+07:00,29.10000,70.10000,51.90000,70.90000,1.26154,407.04285
2025-06-27 17:56:13+07:00,29.10000,70.10000,50.60000,68.90000,1.17888,407.22354
2025-06-27 17:57:04+07:00,29.10000,70.10000,51.00000,70.90000,1.10626,407.14563
2025-06-27 17:57:54+07:00,29.10000,70.10000,51.90000,73.50000,1.24589,407.32852
2025-06-27 17:58:44+07:00,29.10000,70.10000,49.20000,69.70000,1.18187,407.00464
2025-06-27 17:59:38+07:00,29.10000,70.20000,52.20000,75.60000,1.19687,406.76654
2025-06-27 18:00:34+07:00,29.10000,70.20000,51.70000,75.60000,1.18785,407.21051
2025-06-27 18:01:24+07:00,29.10000,70.40000,55.00000,83.40000,1.19988,407.23660
2025-06-27 18:02:16+07:00,29.00000,70.90000,57.30000,81.80000,1.13776,407.18451
2025-06-27 18:03:09+07:00,29.00000,71.00000,57.90000,85.60000,1.20898,407.14563
2025-06-27 18:03:59+07:00,29.00000,71.00000,54.60000,78.40000,1.15818,407.18451
2025-06-27 18:04:48+07:00,29.00000,71.10000,52.80000,76.30000,1.13776,407.15857
2025-06-27 18:05:38+07:00,29.00000,71.20000,49.80000,71.80000,1.17888,407.40808
2025-06-27 18:06:27+07:00,29.00000,70.90000,45.80000,69.00000,1.24278,407.15857
2025-06-27 18:07:24+07:00,29.00000,70.60000,34.70000,48.00000,1.18187,407.30215
2025-06-27 18:08:13+07:00,29.00000,70.50000,33.10000,46.80000,1.24901,407.51526
2025-06-27 18:09:02+07:00,29.00000,70.00000,23.50000,33.30000,1.17591,407.24966
2025-06-27 18:09:52+07:00,29.00000,69.00000,24.20000,36.50000,1.25213,407.24966
2025-06-27 18:10:41+07:00,29.00000,68.50000,25.00000,36.40000,1.19085,406.96658
2025-06-27 18:11:36+07:00,29.00000,68.10000,23.40000,33.50000,1.12049,407.22354
2025-06-27 18:12:29+07:00,29.10000,67.80000,23.70000,34.00000,1.13198,406.68054
2025-06-27 18:13:18+07:00,29.10000,68.10000,27.80000,44.20000,1.16702,407.04285
2025-06-27 18:14:07+07:00,29.10000,68.20000,31.30000,47.20000,1.14066,407.13272
2025-06-27 18:14:57+07:00,29.00000,68.30000,30.60000,44.00000,1.20898,406.65613
2025-06-27 18:16:49+07:00,28.90000,69.30000,27.50000,42.60000,1.16702,406.94131
2025-06-27 18:17:40+07:00,28.80000,69.70000,27.80000,42.50000,1.21202,406.71729
2025-06-27 18:18:36+07:00,28.70000,70.10000,25.40000,38.50000,1.14648,406.86597
2025-06-27 18:19:25+07:00,28.80000,70.10000,25.40000,38.80000,1.16406,406.77890
2025-06-27 18:20:15+07:00,28.70000,70.60000,26.80000,40.90000,1.16112,406.85345
2025-06-27 18:21:04+07:00,28.60000,71.10000,25.00000,38.50000,1.20594,406.80368
2025-06-27 18:21:54+07:00,28.50000,71.70000,30.50000,44.80000,1.17591,406.89099
2025-06-27 18:22:44+07:00,28.40000,72.10000,28.00000,43.20000,1.15818,406.76654
2025-06-27 18:23:33+07:00,28.40000,72.50000,28.70000,44.60000,1.16997,406.54721
2025-06-27 18:24:23+07:00,28.30000,72.90000,29.30000,48.70000,1.12049,406.17187
2025-06-27 18:25:12+07:00,28.30000,73.40000,27.60000,42.40000,1.08379,406.69278
2025-06-27 18:26:02+07:00,28.20000,74.10000,28.30000,39.40000,1.34875,407.13272
2025-06-27 18:26:52+07:00,28.00000,74.80000,29.00000,42.30000,1.26468,407.06845
2025-06-27 18:27:41+07:00,28.00000,75.20000,29.40000,39.70000,1.36542,407.17154
2025-06-27 18:28:32+07:00,28.00000,75.40000,30.30000,41.30000,1.25839,407.36819
2025-06-27 18:29:24+07:00,28.00000,75.70000,28.90000,42.40000,1.27416,407.19751
2025-06-27 18:30:13+07:00,27.90000,75.90000,27.30000,38.10000,1.32242,406.90356
2025-06-27 18:31:08+07:00,27.90000,76.10000,26.10000,36.00000,1.28051,407.00464
2025-06-27 18:31:58+07:00,27.90000,76.10000,27.30000,36.70000,1.30618,406.53522
2025-06-27 18:32:47+07:00,27.80000,76.40000,26.80000,38.80000,1.33553,407.14563
2025-06-27 18:33:37+07:00,27.80000,76.80000,27.00000,36.20000,1.29651,406.96658
2025-06-27 18:34:29+07:00,27.80000,77.10000,28.20000,37.10000,1.19687,406.89099
2025-06-27 18:35:19+07:00,27.80000,77.10000,27.10000,37.70000,1.26784,407.09409
2025-06-27 18:36:08+07:00,27.80000,76.70000,25.40000,32.10000,1.16997,406.92871
2025-06-27 18:36:58+07:00,27.80000,77.00000,27.10000,32.40000,1.21202,407.00464
2025-06-27 18:37:47+07:00,27.80000,77.20000,26.00000,33.90000,1.25526,407.10696
2025-06-27 18:38:37+07:00,27.70000,77.20000,26.40000,35.70000,1.45126,407.56937
2025-06-27 18:39:26+07:00,27.70000,77.50000,26.90000,34.00000,1.38903,407.51526
2025-06-27 18:40:16+07:00,27.70000,77.40000,27.50000,35.10000,1.41987,407.76123
2025-06-27 18:41:05+07:00,27.60000,77.50000,27.20000,32.70000,1.40610,407.46152
2025-06-27 18:41:55+07:00,27.60000,77.40000,28.00000,34.00000,1.37887,407.56937
2025-06-27 18:42:44+07:00,27.60000,77.60000,27.60000,34.90000,1.41297,407.36819
2025-06-27 18:43:33+07:00,27.60000,77.80000,25.90000,30.90000,1.43375,407.31531
2025-06-27 18:44:23+07:00,27.60000,77.80000,27.60000,33.70000,1.36207,407.54227
2025-06-27 18:45:12+07:00,27.50000,78.10000,28.00000,34.80000,1.37213,407.48834
2025-06-27 18:46:02+07:00,27.50000,77.80000,26.90000,33.50000,1.42333,407.50180
2025-06-27 18:46:51+07:00,27.50000,77.30000,26.70000,34.20000,1.35873,407.70599
2025-06-27 18:47:41+07:00,27.40000,77.50000,27.30000,37.40000,1.27416,407.42139
2025-06-27 18:48:30+07:00,27.50000,77.70000,29.00000,36.40000,1.24589,407.32852
2025-06-27 18:49:20+07:00,27.50000,77.90000,28.80000,37.20000,1.34875,407.27588
2025-06-27 18:50:09+07:00,27.60000,77.80000,30.00000,36.40000,1.29651,407.26276
2025-06-27 18:50:59+07:00,27.60000,77.70000,26.90000,35.70000,1.29972,407.36819
2025-06-27 18:51:48+07:00,27.60000,77.60000,26.70000,34.20000,1.35207,407.08127
2025-06-27 18:52:38+07:00,27.50000,77.40000,25.50000,32.00000,1.28689,407.54227
2025-06-27 18:53:27+07:00,27.50000,77.30000,26.90000,33.50000,1.34213,407.13272
2025-06-27 18:54:17+07:00,27.50000,77.50000,25.40000,31.10000,1.27734,407.38147
2025-06-27 18:55:06+07:00,27.50000,77.50000,27.80000,36.60000,1.32569,407.01736
2025-06-27 18:55:56+07:00,27.50000,77.60000,27.10000,34.40000,1.32242,407.21051
2025-06-27 18:56:46+07:00,27.50000,77.70000,29.70000,35.80000,1.30941,407.34174
2025-06-27 18:57:39+07:00,27.50000,77.90000,28.90000,36.80000,1.27734,407.04285
2025-06-27 18:58:28+07:00,27.60000,77.60000,30.20000,42.10000,1.27100,407.26276
2025-06-27 18:59:18+07:00,27.60000,77.50000,28.00000,33.70000,1.30941,407.50180
2025-06-27 19:00:12+07:00,27.70000,77.40000,27.30000,34.10000,1.33553,407.17154
2025-06-27 19:01:02+07:00,27.60000,77.40000,28.10000,34.50000,1.38903,407.22354
2025-06-27 19:01:51+07:00,27.60000,77.40000,26.30000,31.50000,1.37887,407.50180
2025-06-27 19:02:41+07:00,27.70000,77.30000,26.80000,41.50000,1.32569,407.80286
2025-06-27 19:03:30+07:00,27.70000,77.10000,27.30000,33.70000,1.31266,407.43475
2025-06-27 19:04:21+07:00,27.70000,77.50000,26.20000,32.60000,1.38225,407.46152
2025-06-27 19:05:10+07:00,27.60000,77.50000,26.60000,32.90000,1.31590,407.55582
2025-06-27 19:06:00+07:00,27.60000,77.90000,27.20000,33.80000,1.29651,407.51526
2025-06-27 19:06:50+07:00,27.50000,78.20000,26.80000,33.40000,1.31590,407.32852
2025-06-27 19:07:39+07:00,27.50000,78.10000,27.20000,35.30000,1.28689,407.40808
2025-06-27 19:08:29+07:00,27.50000,78.00000,28.70000,38.00000,1.28689,407.19751
2025-06-27 19:09:18+07:00,27.50000,78.20000,29.60000,35.60000,1.35207,407.44812
2025-06-27 19:10:08+07:00,27.50000,78.30000,29.00000,37.80000,1.35873,407.24966
2025-06-27 19:10:57+07:00,27.50000,78.30000,30.10000,37.30000,1.32569,407.43475
2025-06-27 19:11:46+07:00,27.50000,78.20000,31.30000,39.50000,1.34544,407.24966
2025-06-27 19:12:36+07:00,27.50000,78.10000,30.60000,39.30000,1.37887,407.31531
2025-06-27 19:13:25+07:00,27.50000,78.20000,32.40000,38.40000,1.39925,407.26276
2025-06-27 19:14:15+07:00,27.50000,78.30000,30.00000,37.50000,1.38903,407.50180
2025-06-27 19:15:04+07:00,27.50000,78.20000,31.80000,39.40000,1.34875,407.54227
2025-06-27 19:15:54+07:00,27.50000,78.50000,32.00000,39.50000,1.33553,407.48834
2025-06-27 19:16:43+07:00,27.50000,78.50000,31.80000,41.80000,1.36207,407.24966
2025-06-27 19:17:32+07:00,27.50000,78.70000,32.50000,42.50000,1.37887,408.02814
2025-06-27 19:18:22+07:00,27.40000,78.80000,33.30000,43.30000,1.45478,407.71979
2025-06-27 19:19:11+07:00,27.40000,78.80000,34.40000,49.50000,1.47249,408.05667
2025-06-27 19:20:00+07:00,27.50000,79.00000,35.30000,46.40000,1.50118,408.22968
2025-06-27 19:20:50+07:00,27.50000,79.00000,35.90000,46.00000,1.50118,407.76123
2025-06-27 19:21:39+07:00,27.50000,79.00000,35.20000,43.90000,1.49397,407.90076
2025-06-27 19:22:29+07:00,27.50000,79.20000,33.30000,43.20000,1.53400,407.99966
2025-06-27 19:23:18+07:00,27.50000,78.90000,34.80000,43.80000,1.40953,407.66479
2025-06-27 19:24:07+07:00,27.50000,78.70000,33.00000,43.30000,1.36877,407.50180
2025-06-27 19:24:57+07:00,27.50000,78.80000,35.10000,45.40000,1.34875,407.58295
2025-06-27 19:25:46+07:00,27.50000,78.90000,34.20000,44.80000,1.35873,407.27588
2025-06-27 19:26:36+07:00,27.60000,78.80000,34.40000,46.20000,1.39243,407.63742
2025-06-27 19:27:25+07:00,27.60000,78.60000,33.10000,45.50000,1.30941,407.46152
2025-06-27 19:28:15+07:00,27.50000,78.40000,33.80000,47.90000,1.29972,407.44812
2025-06-27 19:29:05+07:00,27.40000,78.50000,31.10000,41.90000,1.33553,407.22354
2025-06-27 19:29:55+07:00,27.40000,78.60000,35.80000,49.80000,1.35207,407.28900
2025-06-27 19:30:44+07:00,27.30000,79.10000,37.00000,52.10000,1.27100,407.28900
2025-06-27 19:31:34+07:00,27.30000,79.10000,34.20000,49.20000,1.30941,407.14563
2025-06-27 19:32:23+07:00,27.20000,79.30000,34.80000,50.40000,1.22732,407.67850
2025-06-27 19:33:13+07:00,27.20000,79.70000,37.40000,50.70000,1.27100,407.30215
2025-06-27 19:34:02+07:00,27.20000,79.60000,30.50000,41.40000,1.23968,406.94131
2025-06-27 19:35:48+07:00,27.30000,79.20000,35.30000,48.50000,1.22425,407.26276
2025-06-27 19:36:38+07:00,27.30000,79.00000,33.80000,48.50000,1.23349,407.15857
2025-06-27 19:37:30+07:00,27.40000,79.10000,35.40000,50.00000,1.28051,407.04285
2025-06-27 19:38:22+07:00,27.40000,79.10000,35.00000,46.50000,1.27416,407.11984
2025-06-27 19:39:11+07:00,27.40000,79.10000,33.80000,44.50000,1.21812,407.10696
2025-06-27 19:40:01+07:00,27.40000,79.10000,36.00000,51.00000,1.24901,407.04285
2025-06-27 19:40:52+07:00,27.40000,79.00000,35.30000,43.90000,1.18187,406.84100
2025-06-27 19:41:42+07:00,27.40000,79.00000,33.80000,45.50000,1.13487,407.01736
2025-06-27 19:42:31+07:00,27.40000,78.90000,36.00000,48.80000,1.23349,406.90356
2025-06-27 19:43:25+07:00,27.40000,79.10000,36.20000,49.10000,1.25526,406.96658
2025-06-27 19:44:14+07:00,27.40000,79.20000,33.30000,45.80000,1.22425,406.68054
2025-06-27 19:45:04+07:00,27.30000,79.20000,34.10000,43.50000,1.23658,407.00464
2025-06-27 19:45:54+07:00,27.30000,79.50000,36.30000,48.00000,1.23349,407.15857
2025-06-27 19:46:44+07:00,27.20000,79.70000,35.70000,47.00000,1.23658,406.89099
2025-06-27 19:47:33+07:00,27.20000,79.70000,36.00000,48.70000,1.15524,407.01736
2025-06-27 19:48:23+07:00,27.20000,80.00000,34.90000,49.80000,1.26784,406.94131
2025-06-27 19:49:12+07:00,27.20000,79.70000,33.70000,46.90000,1.19988,407.18451
2025-06-27 19:50:02+07:00,27.20000,79.80000,36.60000,48.80000,1.23040,406.99194
2025-06-27 19:50:51+07:00,27.10000,80.00000,36.50000,49.40000,1.25213,407.38147
2025-06-27 19:51:40+07:00,27.20000,80.00000,35.60000,46.70000,1.25526,407.15857
2025-06-27 19:52:30+07:00,27.10000,80.10000,38.80000,52.70000,1.28370,407.30215
2025-06-27 19:53:19+07:00,27.20000,80.30000,45.10000,63.50000,1.27416,407.10696
2025-06-27 19:54:09+07:00,27.20000,80.30000,44.50000,62.40000,1.31916,407.00464
2025-06-27 19:54:58+07:00,27.20000,80.20000,45.70000,59.50000,1.27734,407.44812
2025-06-27 19:55:48+07:00,27.20000,80.20000,42.70000,52.90000,1.33883,407.24966
2025-06-27 19:56:37+07:00,27.10000,80.50000,41.90000,55.90000,1.35540,407.47491
2025-06-27 19:57:26+07:00,27.20000,80.70000,41.20000,56.30000,1.31916,407.40808
2025-06-27 19:58:16+07:00,27.20000,80.50000,40.20000,54.90000,1.28689,407.42139
2025-06-27 19:59:05+07:00,27.10000,80.40000,37.90000,50.90000,1.28051,407.65109
2025-06-27 19:59:55+07:00,27.10000,80.50000,37.40000,45.50000,1.27100,407.51526
2025-06-27 20:00:44+07:00,27.20000,80.30000,36.70000,45.70000,1.35540,407.50180
2025-06-27 20:01:33+07:00,27.20000,80.00000,35.50000,46.00000,1.35540,407.35495
2025-06-27 20:02:23+07:00,27.20000,80.00000,36.10000,47.80000,1.34213,407.50180
2025-06-27 20:03:12+07:00,27.20000,80.10000,36.70000,46.10000,1.37213,407.43475
2025-06-27 20:04:02+07:00,27.20000,80.00000,34.40000,45.10000,1.40267,407.30215
2025-06-27 20:04:51+07:00,27.20000,79.80000,38.80000,50.80000,1.30295,407.51526
2025-06-27 20:05:40+07:00,27.30000,79.80000,37.10000,46.60000,1.36877,407.42139
2025-06-27 20:06:30+07:00,27.20000,79.80000,35.30000,44.10000,1.27100,407.52878
2025-06-27 20:07:20+07:00,27.20000,79.60000,35.00000,43.90000,1.33225,407.43475
2025-06-27 20:08:09+07:00,27.20000,79.60000,34.80000,44.00000,1.29972,407.24966
2025-06-27 20:08:58+07:00,27.20000,79.60000,57.50000,71.30000,1.33225,407.34174
2025-06-27 20:09:48+07:00,27.30000,79.60000,45.60000,61.80000,1.37550,408.05667
2025-06-27 20:10:37+07:00,27.20000,79.70000,51.70000,68.20000,1.41642,407.66479
2025-06-27 20:11:27+07:00,27.20000,79.60000,69.20000,84.70000,1.43724,407.44812
2025-06-27 20:12:16+07:00,27.20000,79.40000,36.30000,48.40000,1.35873,407.59653
2025-06-27 20:13:06+07:00,27.30000,79.30000,88.00000,104.70000,1.38225,407.94302
2025-06-27 20:14:01+07:00,27.30000,79.10000,45.70000,59.50000,1.36877,407.43475
2025-06-27 20:14:50+07:00,27.30000,79.10000,58.60000,72.70000,1.38564,407.67850
2025-06-27 20:15:40+07:00,27.40000,79.10000,59.80000,75.40000,1.39925,407.69223
2025-06-27 20:16:29+07:00,27.40000,79.10000,70.50000,84.30000,1.29651,407.46152
2025-06-27 20:17:19+07:00,27.40000,78.80000,91.10000,105.70000,1.32569,407.61014
2025-06-27 20:18:08+07:00,27.40000,78.80000,45.00000,57.00000,1.48320,408.07095
2025-06-27 20:18:58+07:00,27.40000,78.90000,71.20000,88.90000,1.42680,407.97131
2025-06-27 20:19:47+07:00,27.30000,79.00000,55.50000,69.20000,1.36542,407.85867
2025-06-27 20:20:37+07:00,27.40000,78.90000,73.30000,87.10000,1.36542,407.91483
2025-06-27 20:21:26+07:00,27.40000,78.90000,55.10000,69.10000,1.40610,407.98547
2025-06-27 20:22:16+07:00,27.40000,78.90000,46.10000,59.30000,1.36877,407.90076
2025-06-27 20:23:05+07:00,27.40000,78.80000,63.30000,77.10000,1.41297,407.74741
2025-06-27 20:23:55+07:00,27.30000,79.10000,77.10000,92.30000,1.39243,407.90076
2025-06-27 20:24:44+07:00,27.30000,79.00000,64.50000,75.80000,1.44423,407.88672
2025-06-27 20:25:33+07:00,27.40000,78.70000,53.40000,65.60000,1.39925,407.94302
2025-06-27 20:26:23+07:00,27.40000,78.60000,36.70000,49.50000,1.40953,407.88672
2025-06-27 20:27:12+07:00,27.40000,78.80000,46.70000,59.20000,1.49757,407.85867
2025-06-27 20:28:04+07:00,27.40000,78.90000,55.00000,67.70000,1.44774,407.85867
2025-06-27 20:28:58+07:00,27.40000,79.00000,47.30000,62.20000,1.52300,407.85867
2025-06-27 20:29:52+07:00,27.40000,78.80000,61.70000,77.00000,1.50118,407.90076
2025-06-27 20:30:41+07:00,27.40000,78.70000,47.00000,58.40000,1.41297,407.99966
2025-06-27 20:31:34+07:00,27.40000,78.60000,74.20000,87.80000,1.46184,408.02814
2025-06-27 20:32:26+07:00,27.50000,78.40000,48.90000,61.70000,1.47962,407.97131
2025-06-27 20:33:16+07:00,27.50000,78.40000,52.30000,66.40000,1.43027,408.09961
2025-06-27 20:34:10+07:00,27.50000,78.60000,42.00000,54.80000,1.49037,408.14279
2025-06-27 20:34:59+07:00,27.50000,78.60000,46.00000,59.70000,1.41297,407.99966
2025-06-27 20:35:49+07:00,27.40000,78.80000,44.70000,57.70000,1.46184,408.02814
2025-06-27 20:36:38+07:00,27.40000,79.00000,54.00000,70.40000,1.47249,408.04239
2025-06-27 20:37:34+07:00,27.40000,79.00000,41.90000,54.80000,1.47962,407.99966
2025-06-27 20:38:23+07:00,27.40000,78.90000,42.10000,57.80000,1.56366,408.04239
2025-06-27 20:39:14+07:00,27.40000,79.00000,57.20000,73.60000,1.55620,407.84470
2025-06-27 20:40:03+07:00,27.40000,79.10000,44.30000,58.80000,1.55248,407.92892
2025-06-27 20:40:53+07:00,27.30000,79.40000,52.20000,67.10000,1.53033,408.12839
2025-06-27 20:41:42+07:00,27.20000,79.40000,47.00000,60.30000,1.55993,408.09961
2025-06-27 20:42:38+07:00,27.20000,79.70000,67.20000,79.50000,1.48678,407.59653
2025-06-27 20:43:28+07:00,27.30000,79.50000,67.00000,79.40000,1.53769,408.18613
2025-06-27 20:44:17+07:00,27.30000,79.50000,62.10000,78.10000,1.52300,408.07095
2025-06-27 20:45:11+07:00,27.20000,79.80000,72.40000,84.10000,1.51570,407.97131
2025-06-27 20:46:54+07:00,27.10000,80.10000,131.30000,147.10001,1.44423,407.95715
2025-06-27 20:47:44+07:00,27.10000,80.20000,134.80000,151.10001,1.53033,407.84470
2025-06-27 20:48:33+07:00,27.10000,80.20000,118.90000,133.89999,1.49397,408.08530
2025-06-27 20:49:23+07:00,27.10000,80.20000,87.40000,106.20000,1.44423,407.91483
2025-06-27 20:50:12+07:00,27.10000,80.20000,64.50000,80.30000,1.51935,408.12839
2025-06-27 20:51:01+07:00,27.10000,80.00000,58.80000,74.00000,1.49037,408.09961
2025-06-27 20:51:51+07:00,27.10000,80.00000,75.10000,90.20000,1.47249,407.95715
2025-06-27 20:52:40+07:00,27.20000,79.90000,53.40000,64.10000,1.55620,408.64557
2025-06-27 20:53:29+07:00,27.20000,79.60000,43.80000,57.90000,1.49397,408.01389
2025-06-27 20:54:20+07:00,27.20000,79.60000,54.10000,67.30000,1.51206,407.99966
2025-06-27 20:55:09+07:00,27.20000,79.60000,56.80000,67.70000,1.50118,408.09961
2025-06-27 20:55:59+07:00,27.20000,79.60000,54.50000,67.00000,1.57490,408.49506
2025-06-27 20:56:48+07:00,27.30000,79.40000,58.00000,70.00000,1.47605,408.21515
2025-06-27 20:57:37+07:00,27.20000,79.60000,47.80000,57.50000,1.53033,408.61526
2025-06-27 20:58:27+07:00,27.30000,79.50000,57.60000,71.20000,1.49037,408.04239
2025-06-27 20:59:16+07:00,27.30000,79.40000,40.90000,52.80000,1.54507,408.04239
2025-06-27 21:00:06+07:00,27.30000,79.30000,40.80000,51.80000,1.42680,407.81680
2025-06-27 21:00:55+07:00,27.30000,79.30000,49.30000,60.60000,1.52666,408.17166
2025-06-27 21:01:44+07:00,27.30000,79.30000,50.80000,60.80000,1.51206,407.83072
2025-06-27 21:02:34+07:00,27.30000,79.30000,41.60000,55.10000,1.51570,407.81680
2025-06-27 21:03:23+07:00,27.30000,79.10000,37.20000,48.30000,1.47605,407.95715
2025-06-27 21:04:12+07:00,27.30000,78.90000,52.40000,63.30000,1.45830,408.09961
2025-06-27 21:05:02+07:00,27.20000,78.80000,40.80000,55.90000,1.47962,407.73358
2025-06-27 21:05:51+07:00,27.10000,79.00000,53.20000,66.90000,1.42333,407.99966
2025-06-27 21:06:41+07:00,27.10000,79.10000,59.10000,72.90000,1.43724,408.15720
2025-06-27 21:07:34+07:00,27.10000,78.90000,44.70000,57.80000,1.52666,408.12839
2025-06-27 21:08:24+07:00,27.10000,79.00000,61.80000,74.60000,1.48320,408.05667
2025-06-27 21:09:13+07:00,27.00000,79.50000,56.30000,72.80000,1.58620,407.99966
2025-06-27 21:10:03+07:00,27.00000,79.70000,57.90000,72.70000,1.47605,407.90076
2025-06-27 21:10:53+07:00,27.00000,79.70000,54.90000,76.90000,1.57114,408.05667
2025-06-27 21:11:43+07:00,27.00000,79.40000,45.20000,67.30000,1.60519,408.22968
2025-06-27 21:12:32+07:00,27.00000,79.30000,40.60000,59.40000,1.51935,407.94302
2025-06-27 21:13:22+07:00,27.00000,79.00000,40.90000,54.50000,1.50118,407.77509
2025-06-27 21:14:11+07:00,27.00000,78.90000,53.50000,71.40000,1.49037,407.73358
2025-06-27 21:16:02+07:00,27.10000,78.80000,41.30000,55.00000,1.46893,408.02814
2025-06-27 21:16:56+07:00,27.10000,78.80000,38.10000,53.90000,1.52300,407.84470
2025-06-27 21:17:49+07:00,27.00000,79.00000,39.00000,52.20000,1.54877,407.78897
2025-06-27 21:18:38+07:00,27.00000,79.30000,44.50000,61.10000,1.50843,407.56937
2025-06-27 21:19:28+07:00,27.00000,79.20000,49.20000,63.10000,1.48678,407.73358
2025-06-27 21:20:17+07:00,27.00000,79.20000,39.10000,53.70000,1.43724,407.66479
2025-06-27 21:21:06+07:00,27.00000,79.00000,54.60000,69.10000,1.53033,408.30267
2025-06-27 21:21:56+07:00,27.00000,79.00000,47.60000,63.00000,1.47249,407.71979
2025-06-27 21:22:46+07:00,27.00000,78.90000,43.70000,64.00000,1.47605,407.88672
2025-06-27 21:23:35+07:00,27.00000,79.10000,44.60000,65.00000,1.47962,407.95715
2025-06-27 21:24:25+07:00,26.90000,79.60000,49.20000,69.50000,1.49037,407.83072
2025-06-27 21:25:15+07:00,26.90000,79.70000,46.30000,67.20000,1.50118,407.98547
2025-06-27 21:26:04+07:00,26.90000,79.70000,45.60000,65.50000,1.48678,407.81680
2025-06-27 21:26:53+07:00,26.90000,79.70000,45.90000,67.50000,1.42680,407.80286
2025-06-27 21:27:43+07:00,26.90000,79.80000,49.00000,71.90000,1.44774,408.14279
2025-06-27 21:28:32+07:00,26.90000,79.80000,55.70000,73.50000,1.41642,407.76123
2025-06-27 21:29:22+07:00,26.90000,79.60000,42.10000,57.70000,1.47962,408.04239
2025-06-27 21:30:11+07:00,26.90000,79.50000,42.90000,60.40000,1.50118,407.83072
2025-06-27 21:31:01+07:00,26.80000,79.60000,41.10000,58.40000,1.40267,407.91483
2025-06-27 21:31:50+07:00,26.90000,79.60000,42.80000,58.10000,1.45126,407.87268
2025-06-27 21:32:42+07:00,26.90000,79.60000,47.50000,61.50000,1.53400,407.85867
2025-06-27 21:33:31+07:00,26.90000,79.50000,44.80000,59.90000,1.45478,407.83072
2025-06-27 21:34:21+07:00,27.00000,79.40000,45.40000,61.30000,1.46893,408.20062
2025-06-27 21:35:10+07:00,27.00000,79.50000,39.90000,52.70000,1.49037,407.87268
2025-06-27 21:36:00+07:00,27.00000,79.50000,44.00000,59.30000,1.54137,408.14279
2025-06-27 21:36:49+07:00,27.00000,79.50000,46.30000,62.60000,1.49037,407.95715
2025-06-27 21:37:38+07:00,27.00000,79.60000,41.30000,53.80000,1.52666,408.04239
2025-06-27 21:38:28+07:00,27.00000,79.70000,40.20000,54.30000,1.52666,407.84470
2025-06-27 21:39:17+07:00,27.00000,79.50000,48.80000,61.60000,1.46538,407.95715
2025-06-27 21:40:10+07:00,27.00000,79.30000,39.50000,53.60000,1.53033,408.02814
2025-06-27 21:41:00+07:00,27.00000,79.40000,48.00000,63.30000,1.51570,408.22968
2025-06-27 21:41:49+07:00,27.00000,79.30000,40.70000,55.70000,1.48320,408.14279
2025-06-27 21:42:38+07:00,27.00000,79.20000,39.20000,53.80000,1.56740,408.09961
2025-06-27 21:43:28+07:00,27.00000,79.20000,35.80000,45.90000,1.50480,407.99966
2025-06-27 21:44:17+07:00,27.00000,79.30000,36.50000,51.20000,1.53769,408.08530
2025-06-27 21:45:08+07:00,27.00000,79.20000,43.10000,56.70000,1.49397,407.92892
2025-06-27 21:45:57+07:00,27.10000,79.00000,41.50000,51.90000,1.49757,408.18613
2025-06-27 21:46:46+07:00,27.10000,78.90000,43.50000,61.50000,1.56366,408.07095
2025-06-27 21:47:36+07:00,27.20000,78.80000,39.10000,57.90000,1.52666,408.07095
2025-06-27 21:48:25+07:00,27.20000,78.70000,43.80000,54.60000,1.55620,407.98547
2025-06-27 21:49:14+07:00,27.10000,78.70000,47.50000,61.70000,1.54137,408.14279
2025-06-27 21:50:04+07:00,27.20000,78.60000,49.70000,64.40000,1.56366,408.28802
2025-06-27 21:50:53+07:00,27.10000,78.60000,49.50000,67.90000,1.48678,407.97131
2025-06-27 21:51:43+07:00,27.10000,79.00000,54.00000,73.90000,1.55620,408.15720
2025-06-27 21:52:32+07:00,27.00000,79.00000,51.50000,70.90000,1.45126,407.97131
2025-06-27 21:53:21+07:00,27.10000,78.80000,48.60000,66.90000,1.55248,408.04239
2025-06-27 21:54:11+07:00,27.10000,78.80000,51.20000,67.30000,1.52666,407.97131
2025-06-27 21:55:00+07:00,27.10000,78.60000,49.00000,63.50000,1.50843,408.40579
2025-06-27 21:55:53+07:00,27.10000,78.30000,47.30000,65.00000,1.55248,408.24423
2025-06-27 21:56:42+07:00,27.10000,78.40000,52.50000,70.90000,1.58620,407.95715
2025-06-27 21:57:31+07:00,27.10000,78.50000,48.00000,67.80000,1.49037,407.94302
2025-06-27 21:58:21+07:00,27.10000,78.60000,45.90000,60.80000,1.49757,407.99966
2025-06-27 21:59:10+07:00,27.10000,78.70000,44.20000,60.50000,1.59757,407.87268
2025-06-27 22:00:00+07:00,27.20000,78.50000,40.80000,56.20000,1.50118,407.92892
2025-06-27 22:00:49+07:00,27.20000,78.30000,41.90000,53.50000,1.49757,407.84470
2025-06-27 22:01:39+07:00,27.20000,78.30000,42.40000,59.20000,1.51570,408.05667
2025-06-27 22:02:28+07:00,27.10000,78.60000,39.40000,53.10000,1.57490,408.01389
2025-06-27 22:03:18+07:00,27.10000,78.40000,40.10000,51.30000,1.54137,408.01389
2025-06-27 22:04:07+07:00,27.10000,78.40000,39.80000,57.60000,1.50118,407.91483
2025-06-27 22:05:03+07:00,27.10000,78.70000,46.40000,61.80000,1.39243,408.05667
2025-06-27 22:05:54+07:00,27.10000,78.60000,39.90000,55.20000,1.39925,407.85867
2025-06-27 22:06:51+07:00,27.10000,78.30000,40.70000,56.70000,1.54877,407.85867
2025-06-27 22:07:40+07:00,27.20000,78.30000,41.90000,56.00000,1.48678,407.83072
2025-06-27 22:08:30+07:00,27.20000,78.40000,40.50000,53.80000,1.53400,408.02814
2025-06-27 22:09:20+07:00,27.10000,78.40000,41.90000,55.70000,1.52666,408.12839
2025-06-27 22:10:10+07:00,27.10000,78.60000,41.80000,55.80000,1.54137,407.87268
2025-06-27 22:11:00+07:00,27.10000,78.40000,46.00000,60.20000,1.48678,407.78897
2025-06-27 22:11:50+07:00,27.00000,78.70000,49.40000,70.60000,1.68694,407.71979
2025-06-27 22:13:39+07:00,26.90000,79.10000,46.00000,66.50000,1.50843,408.08530
2025-06-27 22:14:32+07:00,26.90000,79.30000,47.90000,66.00000,1.50480,407.99966
2025-06-27 22:15:22+07:00,27.00000,79.40000,48.90000,67.20000,1.59757,408.20062
2025-06-27 22:16:12+07:00,27.00000,79.20000,47.50000,67.50000,1.58243,407.95715
2025-06-27 22:17:01+07:00,27.00000,79.20000,47.30000,67.00000,1.56366,408.52496
2025-06-27 22:17:51+07:00,27.00000,79.10000,48.40000,66.90000,1.54507,408.07095
2025-06-27 22:18:41+07:00,27.00000,79.20000,46.60000,68.10000,1.64371,408.25882
2025-06-27 22:19:30+07:00,27.00000,79.00000,45.10000,64.40000,1.54877,408.25882
2025-06-27 22:20:20+07:00,27.00000,78.90000,47.00000,63.80000,1.57490,408.34674
2025-06-27 22:21:09+07:00,27.10000,78.60000,46.00000,66.90000,1.55620,408.02814
2025-06-27 22:21:59+07:00,27.10000,78.40000,46.20000,63.20000,1.65541,408.24423
2025-06-27 22:22:48+07:00,27.10000,78.20000,48.10000,68.10000,1.54137,408.31735
2025-06-27 22:23:39+07:00,27.10000,78.40000,56.80000,76.20000,1.64371,408.55499
2025-06-27 22:24:28+07:00,27.00000,78.60000,48.10000,65.70000,1.57866,408.37622
2025-06-27 22:25:18+07:00,27.00000,78.90000,66.20000,83.90000,1.60138,408.64557
2025-06-27 22:26:07+07:00,27.00000,78.90000,46.60000,65.00000,1.64371,408.33203
2025-06-27 22:26:57+07:00,27.00000,78.90000,50.10000,70.00000,1.58243,408.55499
2025-06-27 22:27:46+07:00,27.00000,79.00000,54.60000,77.60000,1.63982,408.86005
2025-06-27 22:28:35+07:00,27.00000,78.90000,50.70000,71.50000,1.62051,408.20062
2025-06-27 22:29:25+07:00,27.00000,79.10000,49.20000,68.10000,1.60901,408.33203
2025-06-27 22:30:14+07:00,27.00000,79.00000,51.10000,73.60000,1.67901,408.89105
2025-06-27 22:31:04+07:00,27.00000,79.00000,73.70000,99.80000,1.57114,408.53995
2025-06-27 22:31:53+07:00,27.00000,78.80000,46.90000,65.20000,1.73515,408.55499
2025-06-27 22:32:42+07:00,27.10000,78.50000,45.80000,67.90000,1.63982,408.37622
2025-06-27 22:33:32+07:00,27.00000,78.50000,62.30000,81.60000,1.64760,408.55499
2025-06-27 22:34:21+07:00,27.00000,78.50000,63.50000,84.70000,1.65541,408.30267
2025-06-27 22:35:11+07:00,27.00000,78.80000,51.30000,70.20000,1.60519,408.96896
2025-06-27 22:36:00+07:00,27.00000,78.60000,45.50000,65.10000,1.69092,408.61526
2025-06-27 22:36:54+07:00,27.00000,78.70000,48.10000,65.40000,1.67506,408.67593
2025-06-27 22:37:44+07:00,27.00000,78.70000,49.60000,67.50000,1.72299,408.78293
2025-06-27 22:38:34+07:00,27.00000,78.60000,50.30000,65.00000,1.67112,408.69113
2025-06-27 22:39:23+07:00,27.00000,78.70000,57.80000,74.80000,1.67901,408.49506
2025-06-27 22:40:13+07:00,27.00000,78.70000,62.70000,84.00000,1.73515,408.61526
2025-06-27 22:41:02+07:00,26.90000,78.70000,64.20000,81.10000,1.73515,408.60016
2025-06-27 22:41:54+07:00,26.90000,78.70000,79.90000,102.00000,1.74737,408.53995
2025-06-27 22:42:44+07:00,26.90000,78.60000,65.20000,84.60000,1.72299,408.84457
2025-06-27 22:43:33+07:00,26.90000,78.50000,66.40000,81.70000,1.73922,408.70639
2025-06-27 22:44:24+07:00,26.90000,78.60000,63.50000,78.70000,1.76378,408.86005
2025-06-27 22:45:13+07:00,26.80000,78.60000,61.00000,80.20000,1.73109,408.70639
2025-06-27 22:46:02+07:00,26.80000,78.80000,61.00000,78.70000,1.76790,408.87552
2025-06-27 22:46:52+07:00,26.80000,78.70000,72.10000,93.50000,1.77203,408.50998
2025-06-27 22:47:41+07:00,26.90000,78.60000,59.00000,77.20000,1.75967,408.90659
2025-06-27 22:48:31+07:00,26.80000,78.60000,60.70000,79.60000,1.78862,408.69113
2025-06-27 22:49:20+07:00,26.80000,78.60000,63.50000,81.00000,1.82219,408.87552
2025-06-27 22:50:14+07:00,26.90000,78.50000,57.00000,76.10000,1.82642,408.92215
2025-06-27 22:51:04+07:00,27.00000,78.20000,56.60000,78.50000,1.82642,408.90659
2025-06-27 22:51:53+07:00,27.00000,78.00000,58.60000,72.40000,1.78862,408.92215
2025-06-27 22:52:43+07:00,27.00000,78.00000,58.00000,79.40000,1.75146,409.00027
2025-06-27 22:53:32+07:00,27.00000,78.10000,56.50000,75.90000,1.90396,408.89105
2025-06-27 22:54:28+07:00,26.90000,78.20000,58.80000,76.70000,1.80534,408.87552
2025-06-27 22:55:18+07:00,26.90000,78.30000,56.50000,81.90000,1.79279,408.84457
2025-06-27 22:56:07+07:00,26.90000,78.40000,57.00000,77.70000,1.76790,408.79831
2025-06-27 22:56:57+07:00,26.80000,78.60000,56.80000,77.40000,1.84770,408.93771
2025-06-27 22:57:46+07:00,26.80000,78.90000,55.90000,74.20000,1.76790,408.52496
2025-06-27 22:58:36+07:00,26.70000,79.10000,58.90000,77.70000,1.84343,408.96896
2025-06-27 22:59:29+07:00,26.80000,79.00000,55.60000,70.40000,1.79279,409.00027
2025-06-27 23:00:21+07:00,26.80000,78.80000,56.70000,75.40000,1.85198,408.86005
2025-06-27 23:01:10+07:00,26.80000,78.90000,58.50000,78.60000,1.78862,408.84457
2025-06-27 23:02:00+07:00,26.80000,79.20000,57.10000,75.40000,1.86918,409.15829
2025-06-27 23:02:50+07:00,26.70000,79.30000,57.20000,78.30000,1.71091,408.86005
2025-06-27 23:03:45+07:00,26.80000,79.40000,56.70000,78.40000,1.73109,408.96896
2025-06-27 23:04:34+07:00,26.70000,79.20000,54.10000,78.40000,1.76790,408.93771
2025-06-27 23:05:24+07:00,26.80000,79.10000,47.90000,73.10000,1.76790,408.82913
2025-06-27 23:06:13+07:00,26.70000,79.30000,49.70000,73.40000,1.75146,408.45032
2025-06-27 23:07:02+07:00,26.70000,79.40000,56.80000,83.10000,1.78446,408.72165
2025-06-27 23:07:55+07:00,26.70000,79.70000,58.20000,86.40000,1.76790,408.40579
2025-06-27 23:08:45+07:00,26.70000,80.00000,78.90000,102.00000,1.79279,408.90659
2025-06-27 23:09:34+07:00,26.70000,80.10000,56.60000,87.00000,1.70289,408.64557
2025-06-27 23:10:24+07:00,26.70000,80.00000,58.60000,84.60000,1.82219,408.73694
2025-06-27 23:11:16+07:00,26.70000,80.00000,53.30000,77.30000,1.75146,408.72165
2025-06-27 23:12:06+07:00,26.70000,79.80000,50.80000,74.20000,1.79697,408.86005
2025-06-27 23:12:56+07:00,26.70000,79.40000,69.40000,96.40000,1.73922,408.67593
2025-06-27 23:13:46+07:00,26.80000,78.90000,50.00000,76.10000,1.81797,408.75223
2025-06-27 23:14:36+07:00,26.70000,79.00000,48.00000,75.80000,1.86056,408.69113
2025-06-27 23:15:25+07:00,26.70000,79.10000,46.90000,73.40000,1.74737,408.36148
2025-06-27 23:16:15+07:00,26.70000,79.20000,55.90000,81.80000,1.76790,408.72165
2025-06-27 23:17:05+07:00,26.70000,79.20000,45.30000,69.00000,1.87782,408.70639
2025-06-27 23:17:54+07:00,26.70000,79.30000,48.10000,66.60000,1.73109,408.45032
2025-06-27 23:18:47+07:00,26.70000,79.10000,47.10000,71.80000,1.76790,408.48010
2025-06-27 23:19:36+07:00,26.70000,79.20000,47.10000,68.60000,1.71493,408.52496
2025-06-27 23:20:29+07:00,26.70000,79.20000,42.30000,64.70000,1.79279,408.40579
2025-06-27 23:21:18+07:00,26.60000,79.20000,40.90000,59.50000,1.71896,408.11398
2025-06-27 23:22:08+07:00,26.60000,79.40000,37.80000,52.90000,1.64760,408.37622
2025-06-27 23:22:57+07:00,26.60000,79.40000,39.60000,55.30000,1.53400,408.34674
2025-06-27 23:23:48+07:00,26.60000,79.20000,38.60000,53.80000,1.78031,408.50998
2025-06-27 23:24:37+07:00,26.60000,79.20000,35.50000,48.70000,1.90396,408.37622
2025-06-27 23:25:27+07:00,26.60000,79.00000,34.70000,45.60000,1.73922,408.50998
2025-06-27 23:26:19+07:00,26.60000,78.80000,35.60000,46.60000,1.75967,408.22968
2025-06-27 23:27:08+07:00,26.60000,78.70000,34.30000,45.20000,1.68694,408.14279
2025-06-27 23:27:58+07:00,26.60000,78.90000,35.80000,48.90000,1.69490,408.07095
2025-06-27 23:28:48+07:00,26.50000,79.00000,37.00000,48.00000,1.62051,408.25882
2025-06-27 23:29:38+07:00,26.50000,79.10000,36.80000,53.30000,1.62051,407.94302
2025-06-27 23:30:34+07:00,26.50000,79.20000,37.00000,50.20000,1.65933,407.95715
2025-06-27 23:31:23+07:00,26.50000,79.30000,36.50000,51.30000,1.60901,408.05667
2025-06-27 23:32:13+07:00,26.50000,79.10000,56.70000,70.00000,1.67506,408.04239
2025-06-27 23:33:02+07:00,26.60000,79.00000,56.20000,73.00000,1.60519,408.09961
2025-06-27 23:33:52+07:00,26.60000,79.00000,37.90000,53.90000,1.68297,407.98547
2025-06-27 23:34:41+07:00,26.60000,78.90000,37.90000,52.70000,1.61667,408.21515
2025-06-27 23:35:30+07:00,26.60000,78.90000,35.50000,49.90000,1.65541,407.94302
2025-06-27 23:36:20+07:00,26.60000,78.50000,37.00000,51.90000,1.67112,408.11398
2025-06-27 23:37:09+07:00,26.60000,78.60000,40.00000,56.00000,1.64371,408.04239
2025-06-27 23:37:59+07:00,26.60000,78.70000,41.70000,57.00000,1.72704,408.14279
2025-06-27 23:38:52+07:00,26.60000,78.70000,41.60000,58.00000,1.62051,408.14279
2025-06-27 23:39:41+07:00,26.60000,78.80000,44.70000,65.30000,1.63208,408.14279
2025-06-27 23:40:30+07:00,26.60000,78.80000,45.40000,65.80000,1.77617,408.09961
2025-06-27 23:41:20+07:00,26.60000,78.90000,54.70000,79.50000,1.64371,408.48010
2025-06-27 23:42:12+07:00,26.60000,78.80000,54.80000,79.80000,1.63208,408.31735
2025-06-27 23:43:02+07:00,26.60000,78.90000,55.20000,82.10000,1.71493,408.37622
2025-06-27 23:43:52+07:00,26.60000,79.10000,59.80000,78.80000,1.68297,408.27341
2025-06-27 23:44:48+07:00,26.60000,79.20000,67.00000,88.40000,1.70690,408.02814
2025-06-27 23:45:38+07:00,26.50000,79.20000,64.10000,86.60000,1.57866,408.05667
2025-06-27 23:46:27+07:00,26.60000,79.20000,82.10000,102.00000,1.61283,407.99966
2025-06-27 23:47:17+07:00,26.60000,79.00000,70.80000,94.00000,1.67112,408.31735
2025-06-27 23:48:06+07:00,26.60000,78.90000,68.10000,91.30000,1.62436,408.01389
2025-06-27 23:48:55+07:00,26.60000,78.80000,63.70000,88.60000,1.61283,408.25882
2025-06-27 23:49:45+07:00,26.60000,79.00000,62.20000,83.60000,1.63595,408.18613
2025-06-27 23:50:34+07:00,26.50000,79.30000,57.90000,76.60000,1.62051,408.11398
2025-06-27 23:51:24+07:00,26.60000,78.70000,59.10000,80.70000,1.59757,408.61526
2025-06-27 23:52:17+07:00,26.60000,78.60000,57.00000,76.30000,1.70289,408.57001
2025-06-27 23:53:06+07:00,26.50000,78.90000,60.20000,82.40000,1.63208,408.09961
2025-06-27 23:53:55+07:00,26.40000,79.10000,64.90000,89.70000,1.67506,408.05667
2025-06-27 23:54:45+07:00,26.40000,79.20000,63.10000,87.70000,1.66325,408.15720
2025-06-27 23:55:34+07:00,26.40000,79.20000,70.30000,95.90000,1.61283,408.18613
2025-06-27 23:56:25+07:00,26.40000,79.10000,79.50000,106.50000,1.68694,408.15720
2025-06-27 23:57:14+07:00,26.40000,79.20000,81.50000,113.40000,1.69889,407.95715
2025-06-27 23:58:06+07:00,26.50000,79.30000,81.60000,107.20000,1.62436,408.12839
2025-06-27 23:58:56+07:00,26.40000,79.50000,85.80000,112.70000,1.65541,408.40579
2025-06-27 23:59:45+07:00,26.40000,79.70000,91.10000,117.80000,1.59377,408.11398
2025-06-28 00:00:35+07:00,26.30000,80.00000,90.90000,122.50000,1.65933,407.95715
2025-06-28 00:01:24+07:00,26.30000,80.20000,89.40000,116.70000,1.60519,408.22968
2025-06-28 00:02:13+07:00,26.40000,79.80000,86.10000,112.50000,1.62051,408.40579
2025-06-28 00:03:03+07:00,26.40000,79.80000,83.50000,110.00000,1.69490,408.43546
2025-06-28 00:03:52+07:00,26.40000,79.70000,89.40000,116.30000,1.60901,408.17166
2025-06-28 00:04:41+07:00,26.50000,79.50000,82.50000,106.80000,1.62051,408.28802
2025-06-28 00:05:31+07:00,26.40000,79.50000,69.30000,88.90000,1.62051,408.28802
2025-06-28 00:06:20+07:00,26.50000,79.30000,70.70000,95.00000,1.65541,408.08530
2025-06-28 00:07:09+07:00,26.40000,79.40000,83.50000,105.80000,1.63595,408.25882
2025-06-28 00:07:59+07:00,26.50000,79.60000,77.90000,104.00000,1.67506,408.33203
2025-06-28 00:08:48+07:00,26.50000,79.70000,80.00000,106.50000,1.71493,408.11398
2025-06-28 00:09:37+07:00,26.50000,80.00000,79.70000,108.80000,1.66718,408.42062
2025-06-28 00:10:27+07:00,26.50000,80.10000,82.40000,109.70000,1.58620,408.36148
2025-06-28 00:11:16+07:00,26.50000,80.10000,84.70000,107.30000,1.62436,408.22968
2025-06-28 00:12:06+07:00,26.50000,79.90000,72.60000,92.50000,1.63208,408.34674
2025-06-28 00:12:58+07:00,26.50000,79.90000,69.30000,91.20000,1.62051,408.37622
2025-06-28 00:13:47+07:00,26.40000,79.80000,68.20000,90.40000,1.75146,408.40579
2025-06-28 00:14:37+07:00,26.50000,79.60000,75.10000,96.40000,1.65541,408.33203
2025-06-28 00:15:26+07:00,26.50000,79.60000,72.50000,93.60000,1.69490,408.55499
2025-06-28 00:16:19+07:00,26.50000,79.50000,76.10000,95.40000,1.63208,408.27341
2025-06-28 00:17:09+07:00,26.50000,79.20000,74.40000,94.70000,1.64371,407.98547
2025-06-28 00:18:05+07:00,26.50000,79.20000,77.30000,100.50000,1.71493,408.27341
2025-06-28 00:18:54+07:00,26.50000,79.20000,74.20000,97.70000,1.68297,408.36148
2025-06-28 00:19:44+07:00,26.50000,79.10000,69.80000,92.00000,1.66325,408.34674
2025-06-28 00:20:33+07:00,26.50000,79.20000,51.60000,69.70000,1.59377,408.34674
2025-06-28 00:21:23+07:00,26.50000,78.40000,56.90000,77.10000,1.64371,408.04239
2025-06-28 00:22:13+07:00,26.50000,78.50000,57.10000,79.10000,1.60519,408.20062
2025-06-28 00:23:05+07:00,26.50000,78.60000,57.70000,80.10000,1.69092,408.04239
2025-06-28 00:23:54+07:00,26.60000,78.50000,54.60000,73.10000,1.55248,408.36148
2025-06-28 00:24:44+07:00,26.60000,78.10000,50.60000,69.00000,1.60901,408.15720
2025-06-28 00:25:34+07:00,26.70000,77.90000,47.70000,64.00000,1.64371,407.90076
2025-06-28 00:26:23+07:00,26.70000,77.70000,44.90000,63.90000,1.69490,408.08530
2025-06-28 00:27:13+07:00,26.70000,77.40000,48.60000,64.10000,1.66325,407.98547
2025-06-28 00:28:02+07:00,26.60000,77.80000,55.90000,78.50000,1.71493,408.09961
2025-06-28 00:28:51+07:00,26.60000,78.10000,57.70000,78.10000,1.64371,407.92892
2025-06-28 00:29:41+07:00,26.60000,78.30000,56.70000,73.30000,1.69092,408.02814
2025-06-28 00:30:33+07:00,26.50000,78.60000,56.70000,72.80000,1.63208,407.87268
2025-06-28 00:31:22+07:00,26.50000,78.90000,57.40000,83.00000,1.69889,408.14279
2025-06-28 00:32:12+07:00,26.50000,79.00000,60.60000,81.80000,1.56740,407.91483
2025-06-28 00:33:01+07:00,26.50000,79.00000,59.60000,78.40000,1.54137,408.28802
2025-06-28 00:33:50+07:00,26.60000,78.90000,62.80000,84.10000,1.59757,408.20062
2025-06-28 00:34:40+07:00,26.60000,78.40000,57.40000,75.70000,1.55248,408.18613
2025-06-28 00:35:29+07:00,26.60000,78.40000,57.30000,81.00000,1.65150,408.18613
2025-06-28 00:36:19+07:00,26.50000,78.60000,57.90000,74.80000,1.64371,408.17166
2025-06-28 00:37:08+07:00,26.50000,78.80000,56.90000,78.90000,1.57866,408.34674
2025-06-28 00:37:57+07:00,26.50000,78.70000,58.30000,78.20000,1.57866,408.07095
2025-06-28 00:38:47+07:00,26.50000,78.50000,55.90000,74.30000,1.58243,408.02814
2025-06-28 00:39:36+07:00,26.50000,78.60000,61.10000,79.30000,1.63595,408.17166
2025-06-28 00:40:25+07:00,26.60000,78.50000,58.50000,77.10000,1.63208,407.90076
2025-06-28 00:42:06+07:00,26.70000,78.20000,50.20000,68.30000,1.59377,408.49506
2025-06-28 00:42:56+07:00,26.70000,78.00000,48.10000,68.10000,1.65150,408.11398
2025-06-28 00:43:45+07:00,26.70000,78.10000,49.00000,68.50000,1.58243,408.01389
2025-06-28 00:44:34+07:00,26.70000,78.30000,47.70000,68.80000,1.51935,408.04239
2025-06-28 00:45:24+07:00,26.60000,78.70000,49.50000,67.40000,1.67506,408.02814
2025-06-28 00:46:13+07:00,26.60000,78.90000,48.10000,69.20000,1.58243,408.08530
2025-06-28 00:47:03+07:00,26.60000,78.90000,46.90000,64.40000,1.69092,408.28802
2025-06-28 00:47:52+07:00,26.60000,79.00000,48.50000,70.70000,1.70289,408.40579
2025-06-28 00:48:41+07:00,26.60000,79.30000,49.10000,74.70000,1.65541,408.34674
2025-06-28 00:49:31+07:00,26.60000,79.20000,49.40000,68.50000,1.63595,408.02814
2025-06-28 00:50:20+07:00,26.60000,79.30000,49.90000,70.60000,1.60901,408.27341
2025-06-28 00:51:10+07:00,26.60000,79.40000,51.50000,71.60000,1.56366,408.25882
2025-06-28 00:51:59+07:00,26.60000,79.40000,49.80000,72.40000,1.66325,408.42062
2025-06-28 00:52:49+07:00,26.50000,79.50000,50.50000,73.20000,1.75556,408.25882
2025-06-28 00:53:38+07:00,26.50000,79.50000,53.30000,76.60000,1.69490,408.55499
2025-06-28 00:54:27+07:00,26.60000,79.40000,52.00000,75.20000,1.61667,408.96896
2025-06-28 00:55:17+07:00,26.50000,79.60000,51.70000,74.50000,1.64371,408.58508
2025-06-28 00:56:06+07:00,26.50000,79.80000,51.30000,70.80000,1.74329,408.37622
2025-06-28 00:56:55+07:00,26.40000,79.90000,52.90000,70.00000,1.63208,408.34674
2025-06-28 00:57:45+07:00,26.40000,79.90000,50.40000,72.70000,1.67506,408.58508
2025-06-28 00:58:34+07:00,26.40000,80.00000,50.90000,69.60000,1.74737,408.58508
2025-06-28 00:59:28+07:00,26.40000,79.80000,47.20000,67.60000,1.71493,408.73694
2025-06-28 01:00:17+07:00,26.40000,79.60000,46.50000,64.30000,1.69490,408.40579
2025-06-28 01:01:07+07:00,26.40000,79.60000,46.20000,64.70000,1.62436,408.39099
2025-06-28 01:01:56+07:00,26.40000,79.60000,44.30000,61.80000,1.70289,408.02814
2025-06-28 01:02:46+07:00,26.40000,79.20000,43.30000,60.00000,1.76790,408.63040
2025-06-28 01:03:38+07:00,26.40000,78.90000,43.50000,58.90000,1.69092,408.42062
2025-06-28 01:04:27+07:00,26.50000,78.80000,45.90000,60.60000,1.68694,408.22968
2025-06-28 01:05:21+07:00,26.50000,78.80000,47.00000,64.80000,1.76378,408.46521
2025-06-28 01:06:10+07:00,26.40000,78.80000,45.70000,60.90000,1.70690,408.36148
2025-06-28 01:06:59+07:00,26.40000,78.90000,46.40000,60.90000,1.67112,408.39099
2025-06-28 01:07:49+07:00,26.40000,79.10000,44.20000,61.80000,1.65933,408.25882
2025-06-28 01:08:43+07:00,26.40000,79.10000,43.60000,59.40000,1.70690,408.21515
2025-06-28 01:09:32+07:00,26.30000,79.20000,43.10000,62.00000,1.93039,408.02814
2025-06-28 01:10:24+07:00,26.40000,79.20000,43.80000,60.70000,1.80954,408.11398
2025-06-28 01:11:14+07:00,26.40000,79.30000,44.00000,61.50000,1.63982,408.36148
2025-06-28 01:12:06+07:00,26.40000,79.30000,46.40000,64.30000,1.65541,408.20062
2025-06-28 01:13:03+07:00,26.40000,79.40000,45.30000,60.60000,1.66325,408.43546
2025-06-28 01:13:55+07:00,26.40000,79.40000,43.10000,59.00000,1.71896,408.20062
2025-06-28 01:14:47+07:00,26.40000,79.40000,45.30000,64.20000,1.66718,408.37622
2025-06-28 01:15:40+07:00,26.40000,79.30000,45.30000,58.40000,1.68694,408.37622
2025-06-28 01:16:36+07:00,26.40000,79.40000,44.60000,62.60000,1.71091,408.04239
2025-06-28 01:17:33+07:00,26.40000,79.40000,42.20000,60.80000,1.64371,408.18613
2025-06-28 01:18:32+07:00,26.40000,79.50000,41.30000,56.80000,1.63982,408.11398
2025-06-28 01:19:25+07:00,26.40000,79.40000,42.00000,58.40000,1.73515,408.37622
2025-06-28 01:20:15+07:00,26.40000,79.40000,39.80000,55.90000,1.58998,407.85867
2025-06-28 01:21:04+07:00,26.40000,79.20000,41.60000,59.30000,1.66325,408.31735
2025-06-28 01:21:54+07:00,26.40000,79.40000,44.50000,60.60000,1.57866,408.49506
2025-06-28 01:22:43+07:00,26.40000,79.40000,45.60000,62.10000,1.57490,408.07095
2025-06-28 01:23:32+07:00,26.40000,79.30000,45.00000,63.30000,1.67506,407.97131
2025-06-28 01:24:22+07:00,26.50000,79.40000,42.00000,57.70000,1.59377,408.27341
2025-06-28 01:25:11+07:00,26.50000,79.00000,42.70000,60.70000,1.60519,407.99966
2025-06-28 01:26:01+07:00,26.50000,78.70000,42.50000,59.90000,1.65933,407.84470
2025-06-28 01:26:50+07:00,26.60000,78.60000,48.90000,69.20000,1.63595,408.30267
2025-06-28 01:27:46+07:00,26.50000,78.80000,53.90000,78.90000,1.64371,408.02814
2025-06-28 01:28:35+07:00,26.50000,79.10000,56.10000,83.90000,1.62051,408.08530
2025-06-28 01:29:24+07:00,26.50000,79.50000,59.30000,88.40000,1.63982,408.48010
2025-06-28 01:30:17+07:00,26.50000,79.50000,57.60000,87.50000,1.79279,408.34674
2025-06-28 01:31:09+07:00,26.50000,79.40000,60.00000,90.00000,1.64371,408.63040
2025-06-28 01:31:59+07:00,26.50000,79.50000,64.70000,93.70000,1.62051,408.22968
2025-06-28 01:32:49+07:00,26.50000,79.60000,57.30000,84.30000,1.67506,408.76758
2025-06-28 01:33:38+07:00,26.40000,79.70000,55.10000,85.50000,1.68297,408.78293
2025-06-28 01:34:28+07:00,26.40000,79.80000,59.80000,84.10000,1.69490,408.87552
2025-06-28 01:35:17+07:00,26.40000,79.80000,57.20000,89.70000,1.73515,409.03171
2025-06-28 01:36:06+07:00,26.40000,79.90000,56.20000,82.10000,1.80115,408.69113
2025-06-28 01:36:56+07:00,26.40000,79.80000,57.70000,83.80000,1.73922,408.90659
2025-06-28 01:38:37+07:00,26.40000,79.90000,53.90000,78.80000,1.73922,408.84457
2025-06-28 01:39:26+07:00,26.40000,79.80000,57.50000,79.80000,1.77617,408.86005
2025-06-28 01:40:16+07:00,26.40000,79.50000,52.20000,78.20000,1.79697,408.36148
2025-06-28 01:41:10+07:00,26.40000,79.70000,52.60000,74.10000,1.86486,408.90659
2025-06-28 01:42:03+07:00,26.40000,79.60000,51.50000,75.90000,1.71493,408.58508
2025-06-28 01:42:53+07:00,26.40000,79.30000,54.20000,79.20000,1.72704,408.53995
2025-06-28 01:43:42+07:00,26.50000,79.10000,53.70000,81.10000,1.79697,408.53995
2025-06-28 01:44:33+07:00,26.40000,79.20000,55.90000,80.30000,1.71091,408.69113
2025-06-28 01:45:23+07:00,26.40000,79.20000,55.00000,79.20000,1.72299,408.67593
2025-06-28 01:46:12+07:00,26.40000,79.30000,52.90000,76.10000,1.84343,408.69113
2025-06-28 01:47:02+07:00,26.40000,79.30000,50.80000,77.10000,1.76790,408.84457
2025-06-28 01:47:51+07:00,26.40000,79.30000,52.70000,79.60000,1.78031,408.73694
2025-06-28 01:48:40+07:00,26.30000,79.40000,52.60000,81.40000,1.77203,408.90659
2025-06-28 01:49:30+07:00,26.30000,79.60000,52.50000,78.60000,1.89086,408.69113
2025-06-28 01:50:19+07:00,26.30000,79.70000,52.00000,80.40000,1.78031,409.35101
2025-06-28 01:51:10+07:00,26.20000,79.70000,53.10000,79.90000,1.76378,408.92215
2025-06-28 01:51:59+07:00,26.30000,79.60000,53.10000,76.70000,1.79697,408.90659
2025-06-28 01:52:51+07:00,26.30000,79.30000,51.40000,77.50000,1.77617,408.92215
2025-06-28 01:54:42+07:00,26.30000,78.90000,52.00000,78.10000,1.78031,409.14240
2025-06-28 01:55:31+07:00,26.30000,78.90000,51.70000,83.00000,1.83916,408.82913
2025-06-28 01:56:21+07:00,26.30000,79.00000,52.60000,75.20000,1.80534,409.14240
2025-06-28 01:57:10+07:00,26.30000,79.00000,51.90000,78.10000,1.77617,409.17422
2025-06-28 01:57:59+07:00,26.30000,79.20000,53.80000,81.20000,1.81797,408.92215
2025-06-28 01:58:49+07:00,26.30000,79.20000,61.50000,86.00000,1.86486,408.60016
2025-06-28 01:59:38+07:00,26.30000,79.00000,55.70000,82.90000,1.86918,409.09482
2025-06-28 02:00:27+07:00,26.30000,79.00000,55.30000,85.50000,1.78031,409.17422
2025-06-28 02:01:17+07:00,26.20000,79.10000,53.30000,85.30000,1.83491,408.96896
2025-06-28 02:02:06+07:00,26.30000,79.00000,57.60000,84.60000,1.86486,409.15829
2025-06-28 02:02:56+07:00,26.40000,78.80000,56.00000,83.80000,1.86056,409.33481
2025-06-28 02:03:45+07:00,26.40000,78.60000,58.30000,90.70000,1.89522,409.27029
2025-06-28 02:04:34+07:00,26.40000,78.70000,58.90000,85.50000,1.88216,409.33481
2025-06-28 02:05:24+07:00,26.30000,79.00000,60.50000,89.00000,1.92155,409.12650
2025-06-28 02:06:13+07:00,26.30000,79.10000,60.30000,90.20000,1.99323,409.49780
2025-06-28 02:07:03+07:00,26.20000,79.40000,59.00000,91.00000,1.92155,408.92215
2025-06-28 02:07:52+07:00,26.20000,79.50000,58.40000,87.30000,1.79697,409.22217
2025-06-28 02:08:42+07:00,26.20000,79.50000,55.50000,91.60000,2.03450,409.04745
2025-06-28 02:09:31+07:00,26.20000,79.30000,54.90000,81.50000,1.87350,409.14240
2025-06-28 02:10:20+07:00,26.20000,79.20000,54.50000,77.70000,1.91274,409.27029
2025-06-28 02:11:10+07:00,26.20000,79.20000,53.00000,75.90000,1.86918,409.11066
2025-06-28 02:11:59+07:00,26.20000,79.20000,55.00000,80.60000,1.83491,408.98462
2025-06-28 02:12:48+07:00,26.10000,79.50000,54.90000,78.20000,1.89522,409.15829
2025-06-28 02:13:38+07:00,26.20000,79.20000,53.50000,75.00000,1.95712,409.01599
2025-06-28 02:14:27+07:00,26.20000,79.10000,53.40000,71.70000,1.87782,408.87552
2025-06-28 02:15:17+07:00,26.20000,79.10000,50.00000,71.40000,1.90396,408.82913
2025-06-28 02:16:06+07:00,26.30000,78.80000,49.40000,70.10000,1.81797,408.67593
2025-06-28 02:16:55+07:00,26.30000,78.80000,49.10000,70.60000,1.86056,409.19019
2025-06-28 02:17:45+07:00,26.30000,78.80000,48.00000,65.20000,1.76378,408.84457
2025-06-28 02:18:34+07:00,26.20000,78.90000,45.50000,64.20000,1.80954,409.06320
2025-06-28 02:19:24+07:00,26.20000,79.00000,46.90000,64.00000,1.80954,408.81369
2025-06-28 02:20:13+07:00,26.30000,78.80000,47.60000,66.80000,1.83916,408.79831
2025-06-28 02:21:02+07:00,26.20000,79.00000,47.50000,66.20000,1.88216,408.64557
2025-06-28 02:21:52+07:00,26.20000,79.10000,47.00000,67.80000,1.82219,408.61526
2025-06-28 02:22:45+07:00,26.20000,79.10000,46.40000,66.00000,1.86056,408.64557
2025-06-28 02:23:34+07:00,26.20000,79.20000,47.30000,63.80000,1.80115,408.34674
2025-06-28 02:24:24+07:00,26.20000,79.30000,47.20000,66.90000,1.82219,408.84457
2025-06-28 02:25:13+07:00,26.10000,79.50000,48.40000,67.40000,1.83066,408.46521
2025-06-28 02:26:03+07:00,26.10000,79.70000,47.10000,62.40000,1.83066,408.52496
2025-06-28 02:26:52+07:00,26.20000,79.60000,45.70000,61.50000,1.80954,408.50998
2025-06-28 02:27:42+07:00,26.10000,79.70000,45.50000,62.80000,1.88650,408.28802
2025-06-28 02:28:31+07:00,26.20000,79.90000,49.10000,69.30000,1.86918,408.20062
2025-06-28 02:29:20+07:00,26.20000,79.90000,48.20000,67.40000,1.78031,408.50998
2025-06-28 02:30:10+07:00,26.30000,80.10000,49.80000,68.00000,1.78446,408.25882
2025-06-28 02:30:59+07:00,26.40000,80.30000,49.60000,72.00000,1.82642,408.70639
2025-06-28 02:31:49+07:00,26.40000,80.60000,66.00000,98.00000,1.84770,408.67593
2025-06-28 02:32:41+07:00,26.30000,81.10000,71.10000,103.80000,1.80115,408.34674
2025-06-28 02:33:31+07:00,26.20000,81.50000,81.70000,124.10000,1.77617,408.28802
2025-06-28 02:34:20+07:00,26.20000,82.00000,75.80000,115.70000,1.81797,408.64557
2025-06-28 02:35:12+07:00,26.20000,82.20000,68.10000,101.50000,1.74737,408.33203
2025-06-28 02:36:02+07:00,26.20000,82.20000,74.80000,120.20000,1.75556,408.28802
2025-06-28 02:36:51+07:00,26.20000,82.40000,74.10000,113.60000,1.78862,408.52496
2025-06-28 02:37:40+07:00,26.10000,82.70000,71.40000,107.80000,1.73922,408.52496
2025-06-28 02:38:30+07:00,26.10000,82.40000,77.40000,123.80000,1.75556,408.66074
2025-06-28 02:39:20+07:00,26.10000,82.80000,91.70000,149.00000,1.82642,408.39099
2025-06-28 02:40:09+07:00,26.10000,82.80000,139.30000,227.10001,1.80954,408.46521
2025-06-28 02:40:58+07:00,26.10000,82.90000,136.39999,222.10001,1.85626,408.42062
2025-06-28 02:41:48+07:00,26.10000,82.90000,130.20000,208.20000,1.78446,408.76758
2025-06-28 02:42:37+07:00,26.10000,82.90000,124.60000,196.89999,1.75967,408.55499
2025-06-28 02:43:27+07:00,26.10000,83.10000,97.30000,155.39999,1.87782,409.12650
2025-06-28 02:44:16+07:00,26.10000,83.20000,84.40000,121.90000,1.75146,408.75223
2025-06-28 02:45:11+07:00,26.00000,83.30000,71.70000,110.30000,1.80954,408.69113
2025-06-28 02:46:01+07:00,26.10000,83.20000,65.50000,100.90000,1.91274,408.58508
2025-06-28 02:46:51+07:00,26.10000,83.20000,67.50000,96.90000,1.77617,408.87552
2025-06-28 02:47:40+07:00,26.00000,83.50000,73.40000,109.10000,1.86486,408.57001
2025-06-28 02:48:30+07:00,26.00000,83.60000,71.10000,105.20000,1.79697,408.69113
2025-06-28 02:49:19+07:00,26.00000,83.60000,69.50000,105.90000,1.75967,408.84457
2025-06-28 02:50:11+07:00,26.00000,83.70000,66.30000,94.10000,1.72704,408.53995
2025-06-28 02:51:56+07:00,26.10000,83.80000,61.50000,91.30000,1.83491,408.89105
2025-06-28 02:52:46+07:00,26.00000,84.30000,61.80000,89.10000,1.86486,408.86005
2025-06-28 02:53:35+07:00,25.90000,84.50000,63.90000,89.00000,1.81797,408.60016
2025-06-28 02:54:25+07:00,25.90000,84.40000,63.40000,91.60000,1.82219,408.89105
2025-06-28 02:55:14+07:00,25.90000,84.50000,61.30000,88.00000,1.94818,408.69113
2025-06-28 02:56:07+07:00,25.90000,84.30000,59.50000,89.10000,1.83916,408.50998
2025-06-28 02:56:56+07:00,25.90000,84.60000,61.80000,91.50000,1.75967,408.89105
2025-06-28 02:57:46+07:00,25.80000,84.50000,61.70000,89.00000,1.80115,408.60016
2025-06-28 02:58:35+07:00,25.80000,84.40000,62.10000,89.70000,1.83916,408.90659
2025-06-28 02:59:24+07:00,25.80000,84.30000,60.20000,88.80000,1.82219,408.55499
2025-06-28 03:00:14+07:00,25.90000,84.50000,59.30000,86.90000,1.80534,408.61526
2025-06-28 03:01:04+07:00,25.90000,84.40000,59.50000,87.50000,1.75556,408.37622
2025-06-28 03:01:54+07:00,25.90000,84.40000,60.10000,89.00000,1.73922,408.78293
2025-06-28 03:02:43+07:00,25.90000,84.30000,62.70000,89.80000,1.82219,408.45032
2025-06-28 03:03:33+07:00,25.90000,84.30000,62.90000,91.90000,1.84343,408.79831
2025-06-28 03:04:25+07:00,25.90000,84.10000,60.10000,86.00000,1.81797,408.81369
2025-06-28 03:05:15+07:00,26.00000,84.20000,63.30000,89.30000,1.84343,408.63040
2025-06-28 03:06:05+07:00,26.00000,84.20000,67.80000,97.90000,1.82642,408.76758
2025-06-28 03:06:59+07:00,26.00000,84.30000,65.10000,96.50000,1.79279,408.93771
2025-06-28 03:07:49+07:00,26.00000,84.00000,66.40000,92.70000,1.81797,408.81369
2025-06-28 03:08:41+07:00,26.10000,83.60000,64.60000,94.70000,1.84343,408.33203
2025-06-28 03:09:30+07:00,26.00000,83.60000,67.80000,94.50000,1.86486,408.49506
2025-06-28 03:10:20+07:00,26.00000,83.60000,65.10000,96.60000,1.83491,408.93771
2025-06-28 03:11:09+07:00,26.00000,83.90000,65.70000,97.00000,1.87782,408.72165
2025-06-28 03:11:59+07:00,26.00000,83.90000,65.00000,93.20000,1.83066,408.95334
2025-06-28 03:12:54+07:00,25.90000,84.10000,66.10000,98.00000,1.79697,408.76758
2025-06-28 03:13:44+07:00,26.00000,83.80000,64.90000,96.30000,1.82642,408.90659
2025-06-28 03:14:34+07:00,26.00000,83.90000,63.60000,90.40000,1.80954,408.90659
2025-06-28 03:15:28+07:00,25.90000,83.80000,62.20000,92.40000,1.88650,408.93771
2025-06-28 03:16:17+07:00,25.90000,84.00000,61.80000,90.90000,1.86056,409.00027
2025-06-28 03:17:07+07:00,26.00000,84.10000,64.80000,93.00000,1.85626,409.00027
2025-06-28 03:17:56+07:00,26.00000,83.80000,63.40000,87.00000,1.91714,408.95334
2025-06-28 03:18:46+07:00,26.00000,84.10000,60.80000,89.20000,1.88650,408.95334
2025-06-28 03:19:35+07:00,26.00000,84.10000,63.70000,91.30000,1.88650,409.07901
2025-06-28 03:20:25+07:00,25.90000,84.20000,63.80000,92.20000,1.80115,408.90659
2025-06-28 03:21:18+07:00,25.90000,84.20000,63.20000,92.50000,1.96610,408.90659
2025-06-28 03:22:08+07:00,25.90000,84.30000,64.60000,95.00000,1.82642,408.86005
2025-06-28 03:22:57+07:00,26.00000,84.40000,61.90000,89.30000,1.89958,408.75223
2025-06-28 03:23:47+07:00,25.90000,84.40000,64.10000,88.90000,1.78862,408.75223
2025-06-28 03:24:36+07:00,25.90000,84.50000,64.70000,97.30000,1.96161,408.98462
2025-06-28 03:25:26+07:00,25.90000,84.30000,65.80000,91.10000,1.91714,408.84457
2025-06-28 03:26:15+07:00,25.90000,84.10000,63.20000,92.40000,1.85198,408.81369
2025-06-28 03:27:05+07:00,26.00000,83.80000,65.00000,93.40000,1.92155,408.98462
2025-06-28 03:27:54+07:00,26.10000,83.40000,65.20000,97.60000,1.79697,409.06320
2025-06-28 03:28:44+07:00,26.00000,83.60000,61.60000,88.00000,1.81375,409.01599
2025-06-28 03:29:33+07:00,26.00000,83.70000,63.10000,87.20000,1.87350,408.84457
2025-06-28 03:30:22+07:00,26.00000,83.90000,64.90000,90.90000,1.87782,408.75223
2025-06-28 03:31:12+07:00,26.00000,84.20000,66.20000,97.70000,1.79697,408.60016
2025-06-28 03:32:01+07:00,25.90000,84.60000,63.50000,89.10000,1.86056,408.86005
2025-06-28 03:32:51+07:00,25.90000,85.00000,63.90000,87.40000,1.87350,408.78293
2025-06-28 03:33:40+07:00,25.90000,85.10000,63.20000,90.40000,1.90396,408.92215
2025-06-28 03:34:30+07:00,25.90000,85.00000,63.10000,90.40000,1.90835,408.87552
2025-06-28 03:35:19+07:00,25.90000,84.80000,63.30000,92.60000,1.86486,408.95334
2025-06-28 03:36:08+07:00,25.90000,84.80000,65.10000,93.00000,1.83491,409.12650
2025-06-28 03:36:58+07:00,25.90000,84.70000,64.90000,93.60000,1.87782,408.98462
2025-06-28 03:37:48+07:00,25.90000,84.60000,62.10000,92.80000,1.87782,408.96896
2025-06-28 03:38:37+07:00,25.90000,84.60000,64.80000,89.40000,1.80115,409.00027
2025-06-28 03:39:29+07:00,26.00000,84.30000,64.70000,92.00000,1.85198,408.93771
2025-06-28 03:40:19+07:00,26.00000,84.40000,62.90000,94.20000,1.79279,408.61526
2025-06-28 03:41:09+07:00,26.10000,84.20000,65.10000,97.20000,1.88216,408.76758
2025-06-28 03:42:01+07:00,26.10000,84.30000,64.00000,92.20000,1.86918,408.78293
2025-06-28 03:42:50+07:00,26.10000,84.30000,65.20000,95.60000,1.91274,408.61526
2025-06-28 03:43:43+07:00,26.00000,84.30000,63.30000,89.80000,1.78446,408.98462
2025-06-28 03:44:36+07:00,26.00000,84.30000,65.70000,98.80000,1.86918,408.76758
2025-06-28 03:45:29+07:00,25.90000,84.50000,64.30000,95.00000,1.86918,408.93771
2025-06-28 03:46:23+07:00,25.90000,84.90000,64.30000,94.50000,1.84343,408.92215
2025-06-28 03:47:13+07:00,25.80000,85.40000,66.30000,101.20000,1.92155,408.73694
2025-06-28 03:48:02+07:00,25.80000,85.50000,65.20000,90.50000,1.90396,408.98462
2025-06-28 03:48:52+07:00,25.80000,85.10000,67.20000,94.30000,1.92155,408.84457
2025-06-28 03:49:42+07:00,25.90000,85.00000,66.60000,97.30000,1.83916,408.95334
2025-06-28 03:50:31+07:00,25.90000,85.00000,71.70000,99.10000,1.88650,408.75223
2025-06-28 03:51:21+07:00,26.00000,84.70000,73.70000,102.90000,1.80534,408.79831
2025-06-28 03:52:11+07:00,26.00000,84.80000,83.20000,110.80000,1.88216,408.89105
2025-06-28 03:53:03+07:00,26.00000,84.60000,80.10000,107.00000,1.84770,408.82913
2025-06-28 03:53:52+07:00,25.90000,84.80000,78.70000,101.40000,1.85626,408.60016
2025-06-28 03:54:42+07:00,25.90000,85.00000,73.30000,97.80000,1.82642,408.72165
2025-06-28 03:55:34+07:00,25.90000,85.10000,73.70000,98.20000,1.86486,408.87552
2025-06-28 03:56:24+07:00,25.90000,85.10000,69.70000,95.50000,1.72299,408.90659
2025-06-28 03:57:13+07:00,25.80000,85.30000,68.80000,93.70000,1.85626,408.79831
2025-06-28 03:58:03+07:00,25.80000,85.90000,70.30000,94.60000,1.83491,408.61526
2025-06-28 03:58:53+07:00,25.80000,85.70000,62.20000,86.70000,1.80534,408.76758
2025-06-28 03:59:45+07:00,25.80000,85.20000,59.70000,77.40000,1.81375,408.67593
2025-06-28 04:00:34+07:00,25.80000,85.00000,55.30000,74.40000,1.79697,408.61526
2025-06-28 04:01:24+07:00,25.80000,84.60000,53.50000,74.70000,1.86918,408.78293
2025-06-28 04:02:16+07:00,25.70000,84.70000,55.20000,75.00000,1.78446,408.53995
2025-06-28 04:03:06+07:00,25.70000,85.00000,57.10000,75.70000,1.78031,408.53995
2025-06-28 04:03:55+07:00,25.70000,85.20000,57.10000,78.90000,1.86056,408.69113
2025-06-28 04:04:45+07:00,25.80000,85.10000,60.30000,87.40000,1.78031,408.57001
2025-06-28 04:05:37+07:00,25.80000,84.80000,61.60000,86.60000,1.73515,408.49506
2025-06-28 04:06:27+07:00,25.80000,85.10000,61.90000,90.10000,1.82642,408.72165
2025-06-28 04:07:19+07:00,25.80000,85.10000,63.00000,92.70000,1.92155,408.63040
2025-06-28 04:08:08+07:00,25.80000,85.20000,64.90000,91.40000,1.77203,408.57001
2025-06-28 04:08:58+07:00,25.80000,85.50000,64.00000,88.70000,1.79697,408.84457
2025-06-28 04:09:48+07:00,25.70000,85.40000,62.40000,89.90000,1.77617,408.50998
2025-06-28 04:10:37+07:00,25.70000,85.50000,60.70000,88.70000,1.80954,408.24423
2025-06-28 04:11:26+07:00,25.70000,85.70000,60.80000,90.30000,1.77617,408.84457
2025-06-28 04:12:16+07:00,25.80000,85.60000,60.50000,83.40000,1.76790,408.79831
2025-06-28 04:13:05+07:00,25.80000,85.50000,58.60000,85.40000,1.83491,408.63040
2025-06-28 04:13:55+07:00,25.90000,85.40000,62.40000,84.80000,1.81797,408.75223
2025-06-28 04:14:44+07:00,25.90000,85.20000,63.90000,86.40000,1.81797,408.55499
2025-06-28 04:15:33+07:00,25.90000,85.10000,63.00000,81.00000,1.74329,408.60016
2025-06-28 04:16:23+07:00,25.90000,85.20000,60.90000,79.80000,1.81375,408.73694
2025-06-28 04:17:13+07:00,25.90000,85.10000,60.20000,80.70000,1.66718,408.48010
2025-06-28 04:18:03+07:00,25.90000,85.00000,62.10000,81.90000,1.77617,408.60016
2025-06-28 04:18:52+07:00,25.90000,85.10000,60.10000,80.00000,1.74737,408.36148
2025-06-28 04:19:45+07:00,25.80000,85.20000,57.80000,79.50000,1.76378,408.22968
2025-06-28 04:20:34+07:00,25.80000,85.30000,57.30000,78.60000,1.71091,408.43546
2025-06-28 04:21:24+07:00,25.90000,85.20000,58.50000,75.50000,1.76790,408.36148
2025-06-28 04:22:13+07:00,25.80000,85.30000,57.40000,78.20000,1.77617,407.83072
2025-06-28 04:23:02+07:00,25.80000,85.50000,54.60000,73.70000,1.79697,408.20062
2025-06-28 04:23:52+07:00,25.80000,85.50000,54.20000,71.20000,1.78862,408.33203
2025-06-28 04:24:42+07:00,25.70000,85.50000,55.90000,78.50000,1.75556,408.39099
2025-06-28 04:25:32+07:00,25.80000,85.40000,54.40000,77.90000,1.75146,408.49506
2025-06-28 04:26:22+07:00,25.80000,85.40000,52.10000,71.50000,1.78446,408.39099
2025-06-28 04:27:12+07:00,25.80000,85.60000,51.60000,73.50000,1.69889,408.33203
2025-06-28 04:28:01+07:00,25.70000,85.60000,53.50000,73.60000,1.81375,408.58508
2025-06-28 04:28:50+07:00,25.80000,85.70000,51.10000,70.70000,1.79279,408.25882
2025-06-28 04:29:40+07:00,25.70000,85.70000,52.00000,73.20000,1.79279,408.36148
2025-06-28 04:30:34+07:00,25.70000,85.70000,50.30000,69.50000,1.77203,408.30267
2025-06-28 04:31:24+07:00,25.80000,85.60000,53.20000,69.10000,1.77617,408.53995
2025-06-28 04:32:20+07:00,25.70000,85.80000,50.40000,71.00000,1.74737,408.55499
2025-06-28 04:33:10+07:00,25.70000,85.70000,49.40000,66.10000,1.77617,408.25882
2025-06-28 04:34:00+07:00,25.80000,85.40000,50.80000,66.80000,1.76378,408.02814
2025-06-28 04:34:57+07:00,25.70000,85.40000,50.30000,67.40000,1.70690,408.58508
2025-06-28 04:35:50+07:00,25.70000,85.60000,51.00000,68.40000,1.82219,408.42062
2025-06-28 04:36:40+07:00,25.70000,85.60000,50.10000,67.40000,1.79697,408.37622
2025-06-28 04:37:29+07:00,25.80000,85.40000,49.10000,66.80000,1.75967,408.11398
2025-06-28 04:38:19+07:00,25.80000,85.20000,48.90000,67.10000,1.71493,408.33203
2025-06-28 04:39:08+07:00,25.80000,85.10000,48.60000,68.60000,1.78862,408.17166
2025-06-28 04:40:00+07:00,25.90000,84.80000,48.60000,66.70000,1.73109,408.31735
2025-06-28 04:40:50+07:00,25.90000,85.10000,48.70000,69.40000,1.71896,408.34674
2025-06-28 04:41:39+07:00,25.90000,85.00000,48.40000,67.40000,1.76790,408.08530
2025-06-28 04:42:29+07:00,25.90000,84.90000,49.60000,68.10000,1.74329,408.40579
2025-06-28 04:43:18+07:00,25.90000,85.00000,49.20000,65.90000,1.70690,408.48010
2025-06-28 04:44:08+07:00,25.90000,85.10000,48.90000,64.90000,1.77617,408.08530
2025-06-28 04:44:57+07:00,25.80000,85.10000,49.60000,68.60000,1.79279,408.42062
2025-06-28 04:45:47+07:00,25.90000,85.20000,47.30000,68.10000,1.83916,408.15720
2025-06-28 04:46:36+07:00,25.90000,84.90000,48.50000,64.60000,1.78862,408.28802
2025-06-28 04:47:27+07:00,25.90000,84.90000,49.00000,69.30000,1.68694,408.52496
2025-06-28 04:48:20+07:00,25.80000,85.30000,47.70000,64.90000,1.77617,408.22968
2025-06-28 04:49:09+07:00,25.80000,85.30000,48.30000,67.00000,1.70289,408.28802
2025-06-28 04:50:01+07:00,25.80000,85.20000,49.50000,67.80000,1.73922,408.42062
2025-06-28 04:50:51+07:00,25.80000,85.40000,46.30000,64.70000,1.71091,408.30267
2025-06-28 04:51:40+07:00,25.70000,85.50000,46.20000,63.60000,1.66718,408.07095
2025-06-28 04:52:30+07:00,25.70000,85.60000,44.90000,60.00000,1.73109,407.84470
2025-06-28 04:53:22+07:00,25.70000,85.50000,44.60000,59.60000,1.80115,408.50998
2025-06-28 04:54:14+07:00,25.70000,85.60000,44.80000,58.50000,1.71091,408.24423
2025-06-28 04:55:03+07:00,25.60000,85.30000,44.00000,57.70000,1.70690,408.14279
2025-06-28 04:55:53+07:00,25.70000,85.30000,45.50000,61.10000,1.66718,408.20062
2025-06-28 04:56:42+07:00,25.80000,85.30000,44.70000,60.50000,1.62821,408.15720
2025-06-28 04:57:32+07:00,25.70000,85.20000,43.60000,60.80000,1.74329,408.17166
2025-06-28 04:58:21+07:00,25.70000,85.50000,44.20000,59.90000,1.65933,407.85867
2025-06-28 04:59:14+07:00,25.70000,85.50000,43.40000,56.40000,1.67506,408.22968
2025-06-28 05:00:03+07:00,25.70000,85.20000,45.20000,60.30000,1.75967,408.58508
2025-06-28 05:00:53+07:00,25.80000,84.90000,48.10000,65.30000,1.73109,408.22968
2025-06-28 05:01:42+07:00,25.80000,84.90000,48.80000,70.00000,1.65150,408.25882
2025-06-28 05:02:35+07:00,25.80000,84.80000,46.90000,62.20000,1.70289,408.34674
2025-06-28 05:03:25+07:00,25.80000,84.80000,48.80000,65.50000,1.71493,408.34674
2025-06-28 05:04:14+07:00,25.80000,84.80000,50.20000,68.00000,1.68694,408.31735
2025-06-28 05:05:04+07:00,25.80000,85.00000,53.60000,73.10000,1.63208,408.15720
2025-06-28 05:05:54+07:00,25.80000,85.00000,52.90000,71.20000,1.69490,408.11398
2025-06-28 05:06:43+07:00,25.80000,85.10000,55.90000,78.20000,1.65933,407.80286
2025-06-28 05:07:33+07:00,25.80000,84.90000,58.90000,83.00000,1.67112,408.37622
2025-06-28 05:08:22+07:00,25.70000,85.10000,58.10000,85.80000,1.72299,408.17166
2025-06-28 05:09:12+07:00,25.60000,85.30000,59.30000,81.20000,1.72299,408.11398
2025-06-28 05:10:53+07:00,25.60000,85.50000,59.10000,84.80000,1.70289,408.21515
2025-06-28 05:11:45+07:00,25.60000,86.20000,59.90000,86.10000,1.73515,408.21515
2025-06-28 05:12:34+07:00,25.50000,86.00000,59.10000,83.60000,1.67506,408.52496
2025-06-28 05:13:27+07:00,25.60000,86.00000,59.00000,81.50000,1.73109,408.60016
2025-06-28 05:14:16+07:00,25.50000,86.00000,57.30000,81.90000,1.81375,408.28802
2025-06-28 05:15:05+07:00,25.60000,85.80000,58.70000,79.20000,1.68694,408.28802
2025-06-28 05:15:55+07:00,25.60000,85.80000,58.20000,85.80000,1.79279,408.75223
2025-06-28 05:16:44+07:00,25.60000,85.90000,57.20000,79.80000,1.71493,408.57001
2025-06-28 05:17:34+07:00,25.60000,86.00000,55.60000,79.40000,1.60901,408.49506
2025-06-28 05:18:23+07:00,25.60000,85.90000,57.20000,78.90000,1.78862,408.58508
2025-06-28 05:19:13+07:00,25.60000,85.90000,56.30000,77.20000,1.82642,408.43546
2025-06-28 05:20:02+07:00,25.60000,85.70000,52.00000,71.20000,1.70289,408.93771
2025-06-28 05:20:51+07:00,25.60000,85.90000,54.30000,75.50000,1.74329,408.86005
2025-06-28 05:21:41+07:00,25.60000,86.00000,55.40000,75.50000,1.85198,408.90659
2025-06-28 05:22:30+07:00,25.60000,86.10000,53.90000,73.10000,1.80954,408.63040
2025-06-28 05:23:20+07:00,25.60000,86.10000,54.10000,72.10000,1.79279,408.84457
2025-06-28 05:24:09+07:00,25.50000,85.90000,54.90000,73.80000,1.83066,408.93771
2025-06-28 05:24:58+07:00,25.50000,85.80000,53.40000,71.10000,1.81797,408.67593
2025-06-28 05:25:48+07:00,25.50000,85.90000,52.20000,69.80000,1.78446,408.67593
2025-06-28 05:26:37+07:00,25.50000,85.50000,53.30000,70.80000,1.80115,408.96896
2025-06-28 05:27:26+07:00,25.60000,85.40000,52.40000,68.60000,1.82219,408.70639
2025-06-28 05:28:16+07:00,25.60000,85.00000,54.30000,73.30000,1.80534,408.67593
2025-06-28 05:29:05+07:00,25.60000,85.10000,54.60000,74.00000,1.75146,408.93771
2025-06-28 05:29:55+07:00,25.60000,85.10000,52.80000,68.30000,1.77617,408.72165
2025-06-28 05:30:44+07:00,25.60000,85.00000,54.40000,70.60000,1.78031,408.63040
2025-06-28 05:31:33+07:00,25.60000,84.90000,54.50000,75.20000,1.70690,408.73694
2025-06-28 05:32:23+07:00,25.60000,85.30000,52.10000,69.50000,1.78446,408.84457
2025-06-28 05:33:12+07:00,25.60000,85.40000,55.30000,75.90000,1.73515,408.52496
2025-06-28 05:34:02+07:00,25.70000,85.00000,54.70000,75.80000,1.78031,408.57001
2025-06-28 05:34:54+07:00,25.80000,85.20000,53.60000,74.60000,1.84770,408.20062
2025-06-28 05:35:46+07:00,25.80000,84.90000,55.50000,75.40000,1.79279,408.87552
2025-06-28 05:36:35+07:00,25.80000,84.80000,55.50000,75.40000,1.75146,408.72165
2025-06-28 05:37:25+07:00,25.70000,85.10000,57.40000,85.40000,1.81375,408.60016
2025-06-28 05:38:14+07:00,25.70000,84.90000,56.70000,79.50000,1.78446,408.76758
2025-06-28 05:39:04+07:00,25.70000,85.10000,56.60000,80.10000,1.81375,408.84457
2025-06-28 05:39:57+07:00,25.70000,85.20000,56.40000,82.20000,1.75967,408.66074
2025-06-28 05:40:51+07:00,25.60000,85.30000,53.40000,77.20000,1.86056,408.90659
2025-06-28 05:41:41+07:00,25.60000,85.70000,54.40000,80.30000,1.88650,408.61526
2025-06-28 05:42:30+07:00,25.60000,85.70000,55.90000,81.30000,1.75146,408.82913
2025-06-28 05:43:20+07:00,25.60000,85.80000,56.10000,83.00000,1.90835,408.69113
2025-06-28 05:44:09+07:00,25.50000,86.10000,52.80000,73.40000,1.78862,408.67593
2025-06-28 05:44:58+07:00,25.60000,86.00000,52.10000,77.20000,2.00234,408.87552
2025-06-28 05:45:48+07:00,25.60000,85.60000,53.40000,78.80000,1.80115,408.79831
2025-06-28 05:46:37+07:00,25.50000,85.80000,51.90000,75.10000,1.84770,408.78293
2025-06-28 05:47:27+07:00,25.60000,85.70000,50.10000,75.40000,1.94818,408.58508
2025-06-28 05:48:16+07:00,25.60000,86.00000,53.20000,78.90000,1.75146,408.92215
2025-06-28 05:49:05+07:00,25.60000,86.20000,51.60000,75.50000,1.88216,408.98462
2025-06-28 05:49:55+07:00,25.50000,86.00000,50.80000,78.50000,1.84343,408.84457
2025-06-28 05:50:44+07:00,25.60000,86.00000,50.40000,81.90000,1.89086,408.78293
2025-06-28 05:51:36+07:00,25.50000,86.10000,51.20000,74.50000,1.75967,408.81369
2025-06-28 05:52:28+07:00,25.50000,86.10000,49.00000,69.90000,1.85198,408.75223
2025-06-28 05:53:18+07:00,25.50000,86.20000,53.00000,83.20000,1.81375,408.96896
2025-06-28 05:54:08+07:00,25.50000,86.60000,51.80000,77.80000,1.85626,409.09482
2025-06-28 05:55:00+07:00,25.50000,86.50000,49.20000,76.30000,1.87782,408.84457
2025-06-28 05:55:50+07:00,25.50000,86.40000,49.40000,72.20000,1.97963,408.73694
2025-06-28 05:56:46+07:00,25.50000,86.30000,53.40000,75.20000,1.88216,408.90659
2025-06-28 05:57:36+07:00,25.40000,86.60000,52.80000,88.60000,1.89086,408.96896
2025-06-28 05:58:25+07:00,25.50000,86.50000,51.70000,76.10000,1.88650,409.12650
2025-06-28 05:59:16+07:00,25.50000,86.30000,52.80000,76.10000,1.83491,408.73694
2025-06-28 06:00:08+07:00,25.50000,86.30000,50.90000,75.00000,1.87350,408.73694
2025-06-28 06:01:00+07:00,25.50000,86.30000,50.70000,76.20000,1.95712,409.20618
2025-06-28 06:01:53+07:00,25.50000,86.30000,56.60000,81.90000,1.88216,408.84457
2025-06-28 06:02:42+07:00,25.50000,86.00000,66.00000,93.40000,1.93483,408.75223
2025-06-28 06:03:32+07:00,25.40000,86.30000,71.40000,96.30000,1.90396,408.92215
2025-06-28 06:04:22+07:00,25.50000,86.40000,110.60000,141.50000,1.86056,408.92215
2025-06-28 06:05:11+07:00,25.50000,86.40000,136.70000,164.80000,1.83916,408.82913
2025-06-28 06:06:01+07:00,25.50000,86.50000,137.89999,168.10001,1.85626,408.75223
2025-06-28 06:06:50+07:00,25.50000,86.40000,157.80000,193.89999,1.86486,408.78293
2025-06-28 06:07:40+07:00,25.50000,86.60000,179.70000,212.00000,1.90396,408.92215
2025-06-28 06:08:29+07:00,25.50000,86.60000,168.50000,199.00000,1.86918,408.90659
2025-06-28 06:09:19+07:00,25.50000,86.50000,155.50000,187.60001,1.84343,408.67593
2025-06-28 06:10:08+07:00,25.50000,86.30000,142.80000,175.89999,1.85198,408.72165
2025-06-28 06:10:58+07:00,25.50000,86.40000,132.89999,164.20000,1.81797,409.03171
2025-06-28 06:11:47+07:00,25.50000,86.30000,114.70000,137.10001,1.97963,408.79831
2025-06-28 06:12:37+07:00,25.50000,86.50000,101.30000,131.50000,1.90396,408.92215
2025-06-28 06:13:26+07:00,25.50000,86.20000,80.30000,103.70000,1.85198,408.55499
2025-06-28 06:14:16+07:00,25.50000,86.10000,77.30000,102.40000,1.96161,408.84457
2025-06-28 06:15:05+07:00,25.40000,86.00000,69.20000,93.30000,1.96610,408.90659
2025-06-28 06:15:55+07:00,25.50000,85.90000,72.10000,94.30000,1.83916,408.82913
2025-06-28 06:16:44+07:00,25.50000,85.90000,62.80000,85.60000,1.92597,408.63040
2025-06-28 06:17:34+07:00,25.40000,86.20000,61.50000,86.40000,1.85626,408.75223
2025-06-28 06:18:26+07:00,25.40000,86.50000,54.50000,76.60000,1.84343,408.75223
2025-06-28 06:19:16+07:00,25.40000,86.60000,56.00000,78.60000,1.85198,408.73694
2025-06-28 06:20:05+07:00,25.40000,86.50000,54.50000,75.30000,1.82219,408.58508
2025-06-28 06:20:55+07:00,25.40000,86.50000,52.30000,69.60000,1.84770,408.15720
2025-06-28 06:21:47+07:00,25.40000,86.60000,47.90000,69.40000,1.88216,408.84457
2025-06-28 06:22:43+07:00,25.40000,86.70000,50.10000,69.90000,1.89958,408.90659
2025-06-28 06:23:40+07:00,25.40000,86.30000,48.60000,64.90000,1.87782,408.52496
2025-06-28 06:24:38+07:00,25.50000,86.20000,47.30000,63.10000,1.95712,409.01599
2025-06-28 06:25:35+07:00,25.50000,85.80000,46.00000,63.20000,1.89086,408.89105
2025-06-28 06:26:26+07:00,25.60000,85.20000,48.00000,64.20000,1.88216,408.95334
2025-06-28 06:27:19+07:00,25.60000,85.20000,47.80000,61.50000,1.89958,408.87552
2025-06-28 06:28:09+07:00,25.60000,85.60000,48.40000,65.40000,1.96161,409.23819
2025-06-28 06:28:58+07:00,25.60000,84.90000,48.30000,66.30000,2.01149,408.90659
2025-06-28 06:29:48+07:00,25.60000,85.30000,46.20000,61.30000,1.97511,408.98462
2025-06-28 06:30:42+07:00,25.50000,85.60000,48.90000,69.10000,1.94818,409.31866
2025-06-28 06:31:31+07:00,25.50000,85.10000,49.20000,68.40000,1.97511,409.23819
2025-06-28 06:32:20+07:00,25.50000,85.70000,48.30000,64.70000,2.04841,409.14240
2025-06-28 06:33:10+07:00,25.50000,85.90000,48.80000,65.50000,1.99778,409.20618
2025-06-28 06:33:59+07:00,25.50000,85.90000,49.90000,66.80000,1.98415,409.49780
2025-06-28 06:34:48+07:00,25.50000,86.10000,46.20000,62.50000,2.02527,409.25424
2025-06-28 06:35:38+07:00,25.50000,84.90000,46.60000,65.50000,2.08588,409.15829
2025-06-28 06:36:27+07:00,25.60000,85.40000,48.00000,68.50000,1.96610,409.23819
2025-06-28 06:38:08+07:00,25.60000,85.30000,54.20000,74.00000,2.09533,409.04745
2025-06-28 06:38:58+07:00,25.60000,85.40000,53.60000,78.60000,2.04841,408.75223
2025-06-28 06:39:48+07:00,25.50000,85.60000,54.80000,74.70000,2.05772,409.27029
2025-06-28 06:40:37+07:00,25.60000,85.60000,69.50000,92.80000,1.93483,409.27029
2025-06-28 06:41:27+07:00,25.60000,85.60000,95.80000,124.10000,2.06708,409.35101
2025-06-28 06:43:08+07:00,25.50000,86.20000,123.90000,156.60001,2.13350,409.01599
2025-06-28 06:43:57+07:00,25.50000,86.50000,124.50000,154.20000,2.00691,409.06320
2025-06-28 06:44:47+07:00,25.50000,86.70000,110.30000,133.39999,2.02988,408.96896
2025-06-28 06:45:36+07:00,25.40000,86.90000,114.70000,147.10001,1.97963,408.95334
2025-06-28 06:46:25+07:00,25.40000,87.10000,108.90000,137.39999,2.08117,408.95334
2025-06-28 06:47:15+07:00,25.40000,87.10000,85.00000,112.20000,1.93039,408.82913
2025-06-28 06:48:04+07:00,25.40000,86.70000,96.70000,126.80000,1.95265,409.30252
2025-06-28 06:48:54+07:00,25.50000,86.90000,85.00000,114.20000,1.93927,408.90659
2025-06-28 06:49:43+07:00,25.50000,87.00000,78.80000,102.20000,1.95712,409.25424
2025-06-28 06:50:33+07:00,25.50000,86.60000,65.50000,92.50000,2.05306,409.03171
2025-06-28 06:51:22+07:00,25.60000,86.90000,65.90000,91.50000,1.99323,409.06320
2025-06-28 06:52:11+07:00,25.60000,87.30000,64.40000,88.60000,2.03913,408.87552
2025-06-28 06:53:00+07:00,25.50000,87.60000,62.70000,85.70000,2.10482,409.41602
2025-06-28 06:53:50+07:00,25.40000,88.00000,59.00000,82.70000,2.02527,409.84787
2025-06-28 06:54:39+07:00,25.40000,88.30000,55.30000,77.40000,2.09060,409.31866
2025-06-28 06:55:28+07:00,25.30000,88.20000,55.40000,74.40000,2.10482,409.56366
2025-06-28 06:56:18+07:00,25.40000,88.20000,55.70000,73.10000,2.07176,409.23819
2025-06-28 06:57:07+07:00,25.40000,88.00000,52.70000,72.90000,2.00691,409.33481
2025-06-28 06:57:57+07:00,25.30000,87.90000,51.10000,69.10000,2.01607,409.28641
2025-06-28 06:58:46+07:00,25.40000,87.30000,55.90000,77.70000,1.97511,409.06320
2025-06-28 06:59:35+07:00,25.40000,87.50000,53.40000,75.00000,2.06240,408.87552
2025-06-28 07:00:25+07:00,25.40000,87.60000,55.60000,76.10000,1.97060,408.86005
2025-06-28 07:01:14+07:00,25.50000,87.60000,52.70000,73.60000,2.04376,408.76758
2025-06-28 07:02:04+07:00,25.50000,87.70000,53.10000,74.50000,2.01607,408.87552
2025-06-28 07:02:53+07:00,25.50000,87.90000,50.20000,69.90000,1.96610,409.07901
2025-06-28 07:03:42+07:00,25.50000,87.50000,51.40000,69.70000,1.85626,408.66074
2025-06-28 07:04:32+07:00,25.60000,87.30000,53.20000,76.50000,1.94818,409.15829
2025-06-28 07:05:21+07:00,25.60000,87.30000,51.90000,72.90000,1.99778,408.90659
2025-06-28 07:06:10+07:00,25.50000,87.80000,49.70000,70.60000,2.02527,408.89105
2025-06-28 07:07:00+07:00,25.40000,87.90000,47.60000,64.70000,2.03913,408.87552
2025-06-28 07:07:49+07:00,25.40000,88.10000,45.90000,66.50000,2.00691,408.69113
2025-06-28 07:08:39+07:00,25.30000,88.30000,42.50000,57.00000,1.97511,408.50998
2025-06-28 07:09:28+07:00,25.40000,88.30000,44.30000,61.10000,1.93927,409.01599
2025-06-28 07:10:17+07:00,25.40000,88.30000,42.80000,58.60000,1.92597,408.67593
2025-06-28 07:11:07+07:00,25.40000,87.70000,44.60000,61.00000,1.90396,408.70639
2025-06-28 07:11:56+07:00,25.40000,87.60000,45.90000,65.50000,1.98869,408.82913
2025-06-28 07:12:45+07:00,25.40000,87.40000,41.40000,58.90000,1.95265,408.78293
2025-06-28 07:13:35+07:00,25.40000,87.70000,41.60000,57.50000,2.06240,408.98462
2025-06-28 07:14:24+07:00,25.40000,87.80000,43.00000,58.50000,1.94372,408.98462
2025-06-28 07:15:14+07:00,25.50000,87.80000,43.60000,62.40000,1.96610,409.03171
2025-06-28 07:16:03+07:00,25.50000,87.40000,41.70000,56.50000,2.08117,409.17422
2025-06-28 07:16:53+07:00,25.50000,87.30000,41.50000,59.80000,2.06708,409.20618
2025-06-28 07:17:43+07:00,25.50000,87.10000,41.10000,55.90000,2.06240,408.96896
2025-06-28 07:18:32+07:00,25.50000,87.40000,43.20000,61.20000,2.07176,409.15829
2025-06-28 07:19:21+07:00,25.50000,87.20000,43.60000,59.30000,2.11435,409.56366
2025-06-28 07:20:13+07:00,25.50000,87.40000,43.20000,61.70000,2.08117,409.19019
2025-06-28 07:21:02+07:00,25.50000,86.80000,44.70000,60.40000,2.07176,409.67984
2025-06-28 07:21:52+07:00,25.50000,86.60000,42.20000,60.50000,1.90835,409.35101
2025-06-28 07:22:41+07:00,25.50000,87.10000,41.10000,56.50000,2.02067,409.14240
2025-06-28 07:23:30+07:00,25.50000,87.30000,39.10000,54.20000,2.02067,409.30252
2025-06-28 07:24:20+07:00,25.50000,87.10000,43.30000,60.60000,2.07646,409.04745
2025-06-28 07:25:09+07:00,25.50000,87.70000,43.40000,58.40000,1.94818,409.20618
2025-06-28 07:25:59+07:00,25.50000,88.30000,46.20000,63.90000,2.14313,409.20618
2025-06-28 07:26:48+07:00,25.50000,88.10000,45.00000,63.90000,2.23641,409.17422
2025-06-28 07:27:37+07:00,25.50000,88.00000,42.20000,55.90000,2.04376,409.22217
2025-06-28 07:28:27+07:00,25.40000,87.40000,42.20000,56.90000,2.05772,408.96896
2025-06-28 07:29:16+07:00,25.40000,87.30000,43.90000,59.30000,2.02988,409.56366
2025-06-28 07:30:06+07:00,25.40000,87.60000,42.50000,56.90000,2.10482,409.07901
2025-06-28 07:30:55+07:00,25.40000,87.50000,41.50000,58.60000,2.05772,409.14240
2025-06-28 07:31:44+07:00,25.30000,87.60000,41.40000,56.50000,1.91274,408.93771
2025-06-28 07:32:34+07:00,25.20000,87.70000,40.70000,56.70000,2.02527,408.82913
2025-06-28 07:33:23+07:00,25.30000,87.70000,41.30000,60.00000,1.97963,408.87552
2025-06-28 07:34:12+07:00,25.30000,87.70000,41.20000,57.50000,2.08588,408.69113
2025-06-28 07:35:02+07:00,25.20000,87.80000,42.20000,55.60000,1.98869,409.28641
2025-06-28 07:35:51+07:00,25.20000,88.20000,39.60000,52.80000,2.02527,408.95334
2025-06-28 07:36:41+07:00,25.10000,88.20000,40.70000,53.30000,1.81375,408.09961
2025-06-28 07:37:30+07:00,25.10000,88.50000,43.90000,57.50000,1.77617,408.20062
2025-06-28 07:38:19+07:00,25.10000,88.80000,42.10000,55.30000,1.77617,407.63742
2025-06-28 07:39:09+07:00,25.10000,89.10000,41.60000,58.00000,1.71493,408.01389
2025-06-28 07:39:58+07:00,25.00000,89.20000,45.20000,61.00000,1.71091,407.91483
2025-06-28 07:40:47+07:00,25.00000,89.10000,43.60000,60.50000,1.80534,407.95715
2025-06-28 07:41:37+07:00,24.90000,89.50000,41.20000,57.40000,1.67901,407.81680
2025-06-28 07:42:26+07:00,24.90000,89.40000,43.00000,58.50000,1.67506,408.02814
2025-06-28 07:43:15+07:00,25.00000,89.00000,45.10000,62.30000,1.63208,407.85867
2025-06-28 07:44:05+07:00,25.00000,89.00000,43.30000,59.70000,1.64760,407.69223
2025-06-28 07:44:54+07:00,25.00000,89.00000,45.40000,63.60000,1.63208,408.17166
2025-06-28 07:45:43+07:00,24.90000,89.60000,46.20000,60.90000,1.60519,407.80286
2025-06-28 07:46:33+07:00,24.90000,89.80000,44.30000,59.90000,1.68694,407.97131
2025-06-28 07:47:22+07:00,25.00000,89.50000,45.00000,62.00000,1.62821,407.81680
2025-06-28 07:48:12+07:00,25.00000,89.20000,45.10000,63.30000,1.65933,408.11398
2025-06-28 07:49:01+07:00,25.10000,89.30000,43.50000,60.00000,1.70289,407.99966
2025-06-28 07:49:50+07:00,25.10000,89.10000,43.20000,58.70000,1.61283,408.04239
2025-06-28 07:50:40+07:00,25.10000,88.90000,44.00000,58.30000,1.69092,407.87268
2025-06-28 07:51:29+07:00,25.10000,88.70000,43.60000,57.60000,1.63208,408.01389
2025-06-28 07:52:18+07:00,25.10000,88.50000,42.90000,58.20000,1.67506,407.94302
2025-06-28 07:53:08+07:00,25.20000,88.50000,44.10000,59.50000,1.71091,407.70599
2025-06-28 07:53:57+07:00,25.20000,88.40000,42.20000,59.10000,1.71493,407.59653
2025-06-28 07:54:46+07:00,25.20000,88.80000,43.30000,60.30000,1.68694,407.95715
2025-06-28 07:55:36+07:00,25.20000,88.70000,44.70000,61.50000,1.66325,408.07095
2025-06-28 07:56:28+07:00,25.20000,88.30000,42.00000,60.90000,1.68694,407.78897
2025-06-28 07:57:18+07:00,25.30000,88.00000,39.80000,51.90000,1.65150,407.88672
2025-06-28 07:58:07+07:00,25.20000,87.90000,41.00000,55.40000,1.63982,408.05667
2025-06-28 07:58:56+07:00,25.20000,88.20000,43.60000,62.50000,1.63982,408.22968
2025-06-28 07:59:49+07:00,25.20000,87.90000,43.50000,54.30000,1.71896,408.17166
2025-06-28 08:00:42+07:00,25.20000,87.90000,44.50000,57.20000,1.75556,408.15720
2025-06-28 08:01:35+07:00,25.30000,87.60000,50.80000,65.50000,1.84343,408.17166
2025-06-28 08:02:25+07:00,25.30000,88.00000,50.60000,68.20000,1.73515,408.57001
2025-06-28 08:03:21+07:00,25.20000,88.20000,47.90000,59.00000,1.82219,408.84457
2025-06-28 08:04:10+07:00,25.30000,88.20000,43.40000,57.00000,1.83916,408.90659
2025-06-28 08:05:00+07:00,25.30000,88.00000,54.00000,69.70000,1.80534,408.87552
2025-06-28 08:05:55+07:00,25.30000,88.10000,56.10000,75.40000,1.93483,408.76758
2025-06-28 08:06:45+07:00,25.30000,88.00000,51.10000,68.10000,1.94372,409.00027
2025-06-28 08:07:34+07:00,25.30000,88.00000,55.40000,76.50000,1.89958,408.69113
2025-06-28 08:08:23+07:00,25.30000,88.20000,51.10000,70.70000,1.91274,408.66074
2025-06-28 08:09:13+07:00,25.20000,88.30000,50.10000,67.50000,1.87350,408.42062
2025-06-28 08:10:02+07:00,25.10000,88.50000,47.80000,60.40000,1.93039,408.82913
2025-06-28 08:10:52+07:00,25.10000,88.90000,47.30000,62.70000,1.81375,408.61526
2025-06-28 08:11:41+07:00,25.10000,88.80000,45.70000,61.50000,1.83066,408.75223
2025-06-28 08:12:30+07:00,25.00000,88.60000,45.50000,65.00000,1.83491,408.70639
2025-06-28 08:13:20+07:00,25.00000,88.80000,46.50000,62.90000,1.91274,408.61526
2025-06-28 08:14:12+07:00,25.00000,88.80000,39.10000,53.70000,2.01607,408.75223
2025-06-28 08:15:01+07:00,25.00000,88.90000,41.50000,56.30000,1.96610,408.55499
2025-06-28 08:15:50+07:00,25.10000,88.80000,39.50000,54.20000,2.07646,408.76758
2025-06-28 08:16:43+07:00,25.10000,88.50000,41.80000,56.10000,1.92597,408.57001
2025-06-28 08:17:37+07:00,25.00000,88.40000,43.70000,54.80000,2.01149,408.28802
2025-06-28 08:18:34+07:00,25.00000,88.70000,40.60000,55.20000,1.98869,408.76758
2025-06-28 08:19:24+07:00,25.10000,88.50000,44.20000,57.90000,1.78446,408.76758
2025-06-28 08:20:13+07:00,25.20000,88.50000,44.90000,61.50000,1.83066,408.75223
2025-06-28 08:21:02+07:00,25.20000,88.50000,43.20000,59.30000,1.89522,408.50998
2025-06-28 08:21:52+07:00,25.20000,88.30000,38.90000,52.70000,1.91714,408.49506
2025-06-28 08:22:41+07:00,25.20000,88.70000,37.30000,51.50000,1.88650,408.42062
2025-06-28 08:23:31+07:00,25.20000,88.90000,51.60000,68.70000,1.85626,408.05667
2025-06-28 08:24:20+07:00,25.20000,88.70000,46.20000,62.10000,1.82642,407.95715
2025-06-28 08:25:12+07:00,25.10000,88.70000,43.60000,59.30000,1.82642,408.11398
2025-06-28 08:26:02+07:00,25.10000,89.00000,44.00000,60.70000,1.80115,407.98547
2025-06-28 08:26:51+07:00,25.10000,88.60000,48.10000,65.80000,1.85198,407.83072
2025-06-28 08:27:41+07:00,25.00000,88.90000,47.70000,67.20000,1.83491,408.07095
2025-06-28 08:28:30+07:00,24.90000,89.50000,48.70000,68.00000,1.76378,408.02814
2025-06-28 08:29:20+07:00,24.80000,89.50000,46.00000,63.40000,1.83916,408.05667
2025-06-28 08:30:09+07:00,24.70000,89.50000,42.90000,59.30000,1.84343,408.17166
2025-06-28 08:30:59+07:00,24.70000,89.50000,38.60000,54.00000,1.83916,408.20062
2025-06-28 08:31:48+07:00,24.70000,88.60000,36.40000,50.40000,1.85198,407.94302
2025-06-28 08:32:37+07:00,24.70000,88.20000,36.40000,49.00000,1.87350,408.21515
2025-06-28 08:33:27+07:00,24.60000,87.60000,35.30000,45.90000,1.86056,408.11398
2025-06-28 08:34:16+07:00,24.60000,87.80000,36.80000,50.90000,1.61283,407.38147
2025-06-28 08:35:08+07:00,24.60000,87.90000,38.70000,53.60000,1.73109,407.56937
2025-06-28 08:36:04+07:00,24.70000,87.90000,37.60000,51.60000,1.61283,407.84470
2025-06-28 08:36:54+07:00,24.80000,88.00000,37.40000,49.10000,1.59757,407.48834
2025-06-28 08:37:48+07:00,24.90000,87.70000,31.90000,44.50000,1.60901,407.54227
2025-06-28 08:38:37+07:00,25.00000,87.40000,33.80000,45.30000,1.67506,407.39478
2025-06-28 08:39:27+07:00,24.90000,86.80000,32.60000,44.60000,1.66325,407.38147
2025-06-28 08:40:16+07:00,25.00000,86.70000,32.30000,47.80000,1.53400,407.36819
2025-06-28 08:41:05+07:00,25.00000,86.70000,27.90000,37.10000,1.66718,407.36819
2025-06-28 08:41:58+07:00,25.00000,86.70000,28.10000,40.10000,1.62436,407.35495
2025-06-28 08:42:47+07:00,24.90000,86.10000,26.90000,36.60000,1.55248,407.24966
2025-06-28 08:43:37+07:00,24.70000,86.20000,27.00000,39.10000,1.53769,407.28900
2025-06-28 08:44:28+07:00,24.60000,86.70000,25.90000,34.40000,1.53769,407.23660
2025-06-28 08:45:18+07:00,24.60000,87.10000,25.10000,35.00000,1.51570,407.15857
2025-06-28 08:46:07+07:00,24.50000,86.60000,23.50000,32.30000,1.63982,407.51526
2025-06-28 08:46:57+07:00,24.50000,86.30000,26.40000,38.70000,1.65150,407.55582
2025-06-28 08:47:49+07:00,24.50000,86.60000,23.00000,31.70000,1.65541,407.69223
2025-06-28 08:48:39+07:00,24.50000,87.50000,22.00000,32.60000,1.73515,407.95715
2025-06-28 08:49:36+07:00,24.50000,88.00000,19.30000,28.30000,1.71896,407.99966
2025-06-28 08:50:30+07:00,24.50000,87.60000,18.40000,26.30000,1.81797,407.92892
2025-06-28 08:51:19+07:00,24.50000,87.50000,18.10000,26.00000,1.88216,408.15720
2025-06-28 08:52:09+07:00,24.40000,87.40000,16.60000,22.50000,1.77203,408.04239
2025-06-28 08:53:04+07:00,24.50000,87.30000,16.10000,21.90000,1.70690,407.92892
2025-06-28 08:55:48+07:00,24.40000,87.00000,15.50000,21.70000,1.79279,407.80286
2025-06-28 08:57:32+07:00,24.40000,86.80000,14.50000,21.20000,1.85198,407.90076
2025-06-28 08:58:21+07:00,24.50000,86.70000,14.70000,22.90000,1.83066,407.80286
2025-06-28 08:59:11+07:00,24.40000,86.10000,14.60000,23.50000,1.81797,407.56937
2025-06-28 09:00:03+07:00,24.30000,86.10000,13.60000,19.60000,1.78862,407.55582
2025-06-28 09:00:52+07:00,24.20000,86.80000,15.80000,22.40000,1.65933,407.55582
2025-06-28 09:01:42+07:00,24.20000,86.60000,15.20000,21.70000,1.70289,407.51526
2025-06-28 09:02:31+07:00,24.10000,86.90000,15.60000,22.10000,1.65541,407.08127
2025-06-28 09:03:20+07:00,24.10000,87.40000,16.60000,22.70000,1.63982,407.28900
2025-06-28 09:04:10+07:00,24.10000,87.20000,16.50000,24.20000,1.62436,407.17154
2025-06-28 09:04:59+07:00,24.10000,87.30000,16.50000,24.30000,1.61667,407.40808
2025-06-28 09:05:48+07:00,24.10000,87.10000,16.40000,23.10000,1.62051,407.34174
2025-06-28 09:06:38+07:00,24.10000,87.30000,19.40000,29.90000,1.62051,407.38147
2025-06-28 09:07:28+07:00,24.10000,87.70000,19.00000,27.20000,1.67112,407.31531
2025-06-28 09:08:17+07:00,24.00000,87.60000,19.40000,28.80000,1.57866,407.42139
2025-06-28 09:09:07+07:00,24.00000,87.50000,18.80000,26.50000,1.66325,407.85867
2025-06-28 09:09:56+07:00,24.10000,87.70000,17.80000,25.30000,1.67112,407.71979
2025-06-28 09:10:45+07:00,24.10000,87.60000,17.90000,27.00000,1.55248,407.32852
2025-06-28 09:11:35+07:00,24.10000,87.80000,16.40000,22.40000,1.59757,407.21051
2025-06-28 09:12:24+07:00,24.10000,88.00000,16.50000,24.10000,1.55248,407.47491
2025-06-28 09:13:14+07:00,24.10000,87.80000,15.40000,22.80000,1.47249,407.27588
2025-06-28 09:14:03+07:00,24.10000,88.40000,17.30000,27.10000,1.61283,407.21051
2025-06-28 09:14:52+07:00,24.00000,88.30000,17.60000,29.30000,1.58243,407.24966
2025-06-28 09:15:42+07:00,24.00000,88.60000,17.00000,23.80000,1.50480,407.06845
2025-06-28 09:16:31+07:00,24.00000,88.70000,16.90000,25.00000,1.60519,407.15857
2025-06-28 09:17:20+07:00,23.90000,89.60000,18.20000,27.10000,1.42333,406.51126
2025-06-28 09:18:10+07:00,23.90000,88.30000,17.80000,26.50000,1.50843,406.81610
2025-06-28 09:18:59+07:00,23.90000,88.10000,17.30000,25.20000,1.44073,406.46353
2025-06-28 09:19:49+07:00,23.70000,87.10000,17.20000,29.40000,1.24589,406.08087
2025-06-28 09:20:38+07:00,23.70000,86.90000,17.00000,25.20000,1.39243,406.66833
2025-06-28 09:21:27+07:00,23.60000,87.00000,14.30000,20.30000,1.21202,406.03577
2025-06-28 09:22:17+07:00,23.60000,86.30000,15.10000,21.80000,1.27416,406.00214
2025-06-28 09:23:06+07:00,23.60000,86.40000,14.20000,20.20000,1.26154,406.01334
2025-06-28 09:23:55+07:00,23.60000,86.40000,15.90000,24.40000,1.21812,405.85818
2025-06-28 09:24:45+07:00,23.70000,86.50000,15.30000,23.50000,1.17294,405.72784
2025-06-28 09:25:34+07:00,23.70000,86.00000,14.30000,21.70000,1.28051,405.77103
2025-06-28 09:26:23+07:00,23.70000,85.40000,13.70000,21.60000,1.19085,405.78186
2025-06-28 09:27:13+07:00,23.80000,85.10000,14.70000,21.10000,1.14357,405.68494
2025-06-28 09:28:02+07:00,23.90000,85.00000,13.90000,21.50000,1.18187,405.67426
2025-06-28 09:28:52+07:00,23.90000,85.00000,14.70000,23.30000,1.18785,405.58936
2025-06-28 09:29:41+07:00,23.90000,85.00000,15.10000,23.30000,1.13776,405.48468
2025-06-28 09:30:35+07:00,24.00000,84.40000,15.90000,22.40000,1.21507,405.76022
2025-06-28 09:31:24+07:00,24.00000,84.80000,15.60000,24.40000,1.14357,405.72784
2025-06-28 09:32:14+07:00,24.00000,84.80000,15.40000,26.00000,1.18485,405.48468
2025-06-28 09:33:03+07:00,23.90000,84.40000,14.60000,22.60000,1.10061,405.28021
2025-06-28 09:33:52+07:00,23.90000,84.90000,15.40000,29.40000,1.13487,405.84723
2025-06-28 09:34:42+07:00,23.90000,85.30000,14.80000,23.10000,1.16112,405.56830
2025-06-28 09:35:31+07:00,23.80000,85.70000,14.80000,25.40000,1.17591,405.79272
2025-06-28 09:36:21+07:00,23.80000,85.50000,14.70000,24.60000,1.10343,405.72784
2025-06-28 09:37:10+07:00,23.80000,85.70000,14.60000,28.00000,1.16112,405.57883
2025-06-28 09:37:59+07:00,23.80000,85.70000,15.80000,24.20000,1.10061,405.55777
2025-06-28 09:38:49+07:00,23.90000,85.80000,15.80000,26.00000,1.10061,405.66357
2025-06-28 09:39:38+07:00,24.00000,85.20000,14.10000,24.60000,1.10626,405.37143
2025-06-28 09:40:27+07:00,24.00000,85.20000,17.00000,24.40000,1.14648,405.58936
2025-06-28 09:41:17+07:00,24.00000,85.60000,14.40000,23.60000,1.16112,405.41238
2025-06-28 09:42:06+07:00,24.00000,85.50000,13.40000,22.30000,1.13487,405.82538
2025-06-28 09:42:55+07:00,23.80000,85.60000,11.60000,20.50000,1.11478,405.47430
2025-06-28 09:43:45+07:00,23.70000,86.10000,21.40000,36.50000,1.03455,405.27014
2025-06-28 09:44:34+07:00,23.50000,86.80000,49.90000,82.60000,1.07545,405.43298
2025-06-28 09:45:24+07:00,23.50000,87.10000,57.20000,93.90000,1.04263,405.55777
2025-06-28 09:46:16+07:00,23.50000,87.20000,54.30000,80.40000,1.08937,405.51593
2025-06-28 09:47:05+07:00,23.40000,87.50000,31.20000,48.90000,1.16406,405.62106
2025-06-28 09:47:55+07:00,23.30000,87.80000,19.90000,29.80000,1.07269,405.50549
2025-06-28 09:48:44+07:00,23.30000,87.70000,21.50000,30.10000,1.10909,405.70636
2025-06-28 09:49:33+07:00,23.30000,87.90000,14.50000,21.90000,1.05894,405.68494
2025-06-28 09:50:23+07:00,23.30000,88.00000,14.90000,22.80000,1.04804,405.37143
2025-06-28 09:51:12+07:00,23.30000,87.80000,12.20000,17.70000,1.06993,405.40213
2025-06-28 09:52:02+07:00,23.30000,87.70000,12.30000,20.40000,1.07545,405.44330
2025-06-28 09:52:51+07:00,23.30000,88.20000,8.20000,16.70000,1.04263,405.41238
2025-06-28 09:53:41+07:00,23.30000,87.70000,9.60000,17.00000,1.07269,405.28021
2025-06-28 09:54:30+07:00,23.30000,87.50000,7.50000,14.00000,1.08658,405.48468
2025-06-28 09:55:19+07:00,23.40000,87.40000,7.70000,15.00000,1.06168,405.23007
2025-06-28 09:56:09+07:00,23.40000,87.10000,10.80000,16.60000,0.98710,405.21014
2025-06-28 09:57:01+07:00,23.30000,87.70000,13.50000,18.20000,1.04263,405.16055
2025-06-28 09:57:50+07:00,23.20000,87.80000,10.60000,15.80000,1.00534,405.17044
2025-06-28 09:58:40+07:00,23.20000,87.70000,10.10000,15.10000,0.98194,405.29028
2025-06-28 09:59:29+07:00,23.20000,88.30000,9.60000,16.20000,1.06442,405.37143
2025-06-28 10:00:19+07:00,23.20000,88.60000,9.70000,16.80000,1.01324,405.23007
2025-06-28 10:01:08+07:00,23.20000,88.80000,10.10000,16.90000,1.01324,405.21014
2025-06-28 10:01:57+07:00,23.20000,89.10000,9.10000,15.60000,1.07545,405.16055
2025-06-28 10:02:47+07:00,23.10000,89.10000,9.70000,17.80000,1.01589,405.02374
2025-06-28 10:03:36+07:00,23.00000,89.20000,9.70000,19.30000,1.00534,405.08200
2025-06-28 10:04:25+07:00,23.00000,89.40000,11.70000,20.00000,0.99489,404.82413
2025-06-28 10:05:15+07:00,23.10000,89.40000,10.40000,18.20000,1.01589,405.00446
2025-06-28 10:06:11+07:00,23.10000,88.90000,9.40000,16.80000,0.98969,405.01410
2025-06-28 10:07:01+07:00,23.20000,88.20000,9.10000,19.10000,0.98710,404.85223
2025-06-28 10:07:50+07:00,23.20000,88.10000,9.20000,16.50000,0.98969,405.00446
2025-06-28 10:08:40+07:00,23.20000,87.80000,8.80000,16.00000,0.98452,404.95648
2025-06-28 10:09:33+07:00,23.30000,87.10000,8.70000,15.40000,1.02652,405.08200
2025-06-28 10:10:26+07:00,23.30000,86.60000,8.50000,16.00000,0.98710,404.98523
2025-06-28 10:11:19+07:00,23.30000,86.20000,7.40000,12.90000,0.99229,405.00446
2025-06-28 10:12:11+07:00,23.40000,86.20000,5.30000,9.90000,0.99229,405.05280
2025-06-28 10:13:04+07:00,23.40000,84.10000,5.30000,9.70000,0.98194,404.99481
2025-06-28 10:13:53+07:00,23.50000,84.00000,6.20000,11.50000,0.93642,405.06253
2025-06-28 10:14:43+07:00,23.50000,83.60000,4.20000,8.40000,0.94389,405.15067
2025-06-28 10:15:32+07:00,23.60000,83.40000,4.60000,8.90000,0.94889,405.04312
2025-06-28 10:16:22+07:00,23.60000,83.70000,4.60000,8.70000,0.93394,404.88992
2025-06-28 10:17:16+07:00,23.60000,83.30000,4.40000,7.10000,0.96149,404.89938
2025-06-28 10:18:05+07:00,23.70000,83.00000,7.20000,11.40000,0.91186,404.78683
2025-06-28 10:19:02+07:00,23.70000,83.20000,4.20000,8.20000,0.92900,404.75903
2025-06-28 10:19:51+07:00,23.70000,83.40000,5.20000,9.10000,0.95896,404.62198
2025-06-28 10:20:40+07:00,23.80000,84.10000,11.80000,14.20000,0.96403,404.88992
2025-06-28 10:21:30+07:00,23.90000,84.00000,9.60000,12.70000,0.93890,404.81479
2025-06-28 10:22:19+07:00,23.90000,83.80000,6.60000,10.10000,0.87833,404.59497
2025-06-28 10:23:09+07:00,23.80000,83.40000,6.30000,10.40000,0.86660,404.64008
2025-06-28 10:23:58+07:00,23.70000,83.40000,7.50000,12.40000,0.92162,404.78683
2025-06-28 10:24:51+07:00,23.80000,83.10000,7.30000,11.10000,0.93146,404.85223
2025-06-28 10:25:40+07:00,23.90000,82.30000,7.30000,10.90000,0.89737,404.75903
2025-06-28 10:26:30+07:00,23.90000,82.80000,5.90000,9.00000,0.90459,404.74057
2025-06-28 10:27:20+07:00,23.90000,83.50000,6.30000,8.70000,0.91186,404.62198
2025-06-28 10:28:12+07:00,23.90000,83.10000,5.70000,7.70000,0.83667,404.83350
2025-06-28 10:29:01+07:00,23.90000,83.00000,6.20000,11.70000,0.91186,404.70383
2025-06-28 10:29:54+07:00,23.90000,82.40000,6.50000,9.90000,0.91429,404.69467
2025-06-28 10:30:43+07:00,24.00000,82.20000,8.00000,11.40000,0.92653,404.83350
2025-06-28 10:31:32+07:00,23.90000,81.50000,7.40000,10.70000,0.89258,404.74057
2025-06-28 10:32:22+07:00,23.90000,80.90000,4.30000,8.50000,0.93394,404.77756
2025-06-28 10:33:11+07:00,23.80000,80.80000,4.40000,8.50000,0.85962,404.95648
2025-06-28 10:34:01+07:00,23.80000,81.10000,4.80000,8.60000,0.89019,404.69467
2025-06-28 10:34:50+07:00,23.80000,81.20000,3.30000,7.00000,0.84808,404.66730
2025-06-28 10:35:39+07:00,23.80000,81.00000,3.30000,6.50000,0.89737,404.73138
2025-06-28 10:36:35+07:00,23.90000,81.20000,5.10000,7.50000,0.90701,404.67642
2025-06-28 10:37:29+07:00,23.90000,81.20000,5.00000,9.30000,0.85962,404.67642
2025-06-28 10:38:19+07:00,24.00000,82.00000,4.80000,8.90000,0.92162,404.59497
2025-06-28 10:39:08+07:00,24.00000,82.40000,6.90000,12.80000,0.85962,404.65820
2025-06-28 10:39:57+07:00,24.00000,82.30000,5.90000,9.10000,0.85038,404.56808
2025-06-28 10:40:47+07:00,23.90000,81.30000,7.10000,10.40000,0.86194,404.71298
2025-06-28 10:41:39+07:00,23.90000,82.80000,10.40000,11.70000,0.89019,404.77756
2025-06-28 10:42:29+07:00,23.90000,82.70000,10.20000,12.30000,0.89258,404.67642
2025-06-28 10:43:18+07:00,23.90000,82.40000,8.90000,10.00000,0.88306,404.61298
2025-06-28 10:44:10+07:00,23.90000,82.20000,9.70000,11.20000,0.89258,404.62198
2025-06-28 10:45:04+07:00,24.00000,81.60000,9.20000,11.10000,0.88070,404.65820
2025-06-28 10:46:00+07:00,23.90000,81.30000,5.00000,6.80000,0.93890,404.68555
2025-06-28 10:46:53+07:00,23.70000,81.40000,3.50000,5.30000,0.88306,404.56808
2025-06-28 10:47:46+07:00,23.60000,81.40000,2.60000,3.60000,0.85962,404.74982
2025-06-28 10:48:38+07:00,23.60000,81.40000,2.50000,3.60000,0.89258,404.63101
2025-06-28 10:49:27+07:00,23.60000,80.90000,2.00000,4.70000,0.85730,404.73138
2025-06-28 10:50:23+07:00,23.60000,80.60000,1.80000,3.30000,0.88543,404.64008
2025-06-28 10:51:12+07:00,23.60000,80.90000,2.20000,5.10000,0.82089,404.56808
2025-06-28 10:52:04+07:00,23.60000,80.90000,2.50000,4.90000,0.85268,404.69467
2025-06-28 10:52:57+07:00,23.60000,81.20000,2.60000,4.30000,0.87598,404.62198
2025-06-28 10:53:47+07:00,23.50000,81.20000,2.60000,4.70000,0.88070,404.68555
2025-06-28 10:54:36+07:00,23.50000,81.50000,3.00000,5.20000,0.83894,404.57703
2025-06-28 10:55:26+07:00,23.50000,81.60000,2.70000,5.70000,0.87128,404.46176
2025-06-28 10:56:19+07:00,23.50000,81.70000,2.70000,5.10000,0.81865,404.65820
2025-06-28 10:57:08+07:00,23.50000,81.60000,2.90000,5.10000,0.83894,404.90887
2025-06-28 10:57:57+07:00,23.50000,82.00000,2.60000,4.70000,0.87833,404.68555
2025-06-28 10:58:47+07:00,23.40000,82.00000,2.20000,5.30000,0.82762,404.56808
2025-06-28 10:59:36+07:00,23.50000,82.00000,3.00000,5.30000,0.84579,404.62198
2025-06-28 11:00:25+07:00,23.40000,82.60000,2.70000,4.30000,0.82762,404.69467
2025-06-28 11:01:15+07:00,23.40000,82.90000,2.90000,4.90000,0.82089,404.57703
2025-06-28 11:02:04+07:00,23.40000,83.20000,3.00000,5.70000,0.90218,404.47934
2025-06-28 11:02:54+07:00,23.30000,82.90000,2.70000,5.60000,0.87598,404.61298
2025-06-28 11:03:43+07:00,23.30000,83.10000,2.60000,4.60000,0.83894,404.55020
2025-06-28 11:04:33+07:00,23.30000,83.80000,2.70000,6.50000,0.86660,404.55020
2025-06-28 11:05:22+07:00,23.20000,84.30000,3.20000,7.10000,0.83440,404.53241
2025-06-28 11:06:11+07:00,23.20000,84.60000,3.20000,6.30000,0.85499,404.49698
2025-06-28 11:07:01+07:00,23.10000,84.60000,3.20000,5.70000,0.79657,404.54132
2025-06-28 11:07:50+07:00,23.00000,85.40000,4.30000,6.20000,0.82762,404.65820
2025-06-28 11:08:40+07:00,23.10000,85.20000,6.40000,9.80000,0.88781,404.52353
2025-06-28 11:09:29+07:00,23.10000,84.90000,8.20000,9.50000,0.80095,404.64008
2025-06-28 11:10:18+07:00,23.20000,84.80000,8.50000,9.80000,0.85962,404.55914
2025-06-28 11:11:08+07:00,23.30000,84.60000,7.50000,8.30000,0.84350,404.56808
2025-06-28 11:11:57+07:00,23.30000,84.90000,7.40000,8.70000,0.82988,404.55020
2025-06-28 11:12:47+07:00,23.30000,85.10000,4.90000,7.60000,0.82762,404.56808
2025-06-28 11:14:30+07:00,23.20000,85.40000,3.80000,6.30000,0.81198,404.64008
2025-06-28 11:15:19+07:00,23.10000,85.50000,4.80000,6.30000,0.82313,404.49698
2025-06-28 11:16:08+07:00,23.10000,85.40000,5.30000,7.40000,0.80095,404.50583
2025-06-28 11:16:58+07:00,23.20000,85.70000,4.90000,6.70000,0.82988,404.57703
2025-06-28 11:17:47+07:00,23.20000,85.20000,6.00000,9.30000,0.90701,404.54132
2025-06-28 11:18:37+07:00,23.20000,85.60000,5.20000,7.90000,0.85962,404.62198
2025-06-28 11:19:26+07:00,23.20000,85.90000,5.30000,7.60000,0.80314,404.35748
2025-06-28 11:20:18+07:00,23.20000,86.10000,5.40000,9.60000,0.83894,404.44424
2025-06-28 11:21:08+07:00,23.30000,86.10000,3.80000,6.10000,0.83440,404.58600
2025-06-28 11:21:57+07:00,23.30000,86.00000,2.90000,4.70000,0.85962,404.71298
2025-06-28 11:22:47+07:00,23.30000,85.90000,2.80000,5.80000,0.82313,404.50583
2025-06-28 11:23:36+07:00,23.20000,85.80000,2.30000,4.30000,0.90459,404.55914
2025-06-28 11:24:25+07:00,23.20000,86.10000,2.90000,5.40000,0.81198,404.47934
2025-06-28 11:25:17+07:00,23.20000,86.10000,3.40000,5.70000,0.86660,404.66730
2025-06-28 11:26:07+07:00,23.20000,86.10000,3.10000,5.30000,0.83213,404.56808
2025-06-28 11:26:56+07:00,23.20000,85.90000,3.10000,4.60000,0.79221,404.74982
2025-06-28 11:27:46+07:00,23.20000,86.00000,3.70000,7.00000,0.78570,404.55914
2025-06-28 11:28:35+07:00,23.30000,86.00000,5.30000,8.20000,0.85268,404.63101
2025-06-28 11:29:25+07:00,23.30000,86.00000,4.40000,6.50000,0.81642,404.66730
2025-06-28 11:30:14+07:00,23.20000,86.00000,4.90000,6.90000,0.78787,404.58600
2025-06-28 11:31:04+07:00,23.20000,86.30000,6.60000,10.00000,0.83667,404.55020
2025-06-28 11:31:53+07:00,23.20000,86.30000,5.20000,9.90000,0.80976,404.36612
2025-06-28 11:32:43+07:00,23.20000,86.30000,4.50000,6.60000,0.80535,404.54132
2025-06-28 11:33:32+07:00,23.20000,86.60000,3.70000,5.40000,0.79439,404.52353
2025-06-28 11:34:22+07:00,23.20000,86.60000,3.80000,5.60000,0.81198,404.37473
2025-06-28 11:35:11+07:00,23.20000,86.90000,3.90000,5.70000,0.82089,404.46176
2025-06-28 11:36:01+07:00,23.30000,86.90000,3.90000,6.30000,0.81865,404.42679
2025-06-28 11:36:50+07:00,23.20000,86.90000,4.50000,6.50000,0.79876,404.48816
2025-06-28 11:37:40+07:00,23.30000,86.70000,5.90000,10.40000,0.79004,404.49698
2025-06-28 11:38:33+07:00,23.30000,86.90000,8.00000,15.40000,0.83440,404.52353
2025-06-28 11:39:23+07:00,23.30000,87.30000,8.00000,15.60000,0.81642,404.73138
2025-06-28 11:41:13+07:00,23.30000,87.60000,8.20000,15.40000,0.82089,404.55914
2025-06-28 11:42:05+07:00,23.40000,87.40000,8.70000,15.40000,0.82313,404.64914
2025-06-28 11:43:03+07:00,23.50000,87.30000,10.90000,19.70000,0.79439,404.52353
2025-06-28 11:43:57+07:00,23.40000,87.10000,12.80000,25.40000,0.81865,404.52353
2025-06-28 11:44:46+07:00,23.40000,87.40000,11.70000,21.30000,0.79876,404.67642
2025-06-28 11:45:36+07:00,23.40000,87.60000,11.00000,22.70000,0.80976,404.66730
2025-06-28 11:46:28+07:00,23.50000,87.30000,11.90000,21.20000,0.82762,404.62198
2025-06-28 11:47:20+07:00,23.50000,87.30000,12.30000,23.10000,0.73927,404.50583
2025-06-28 11:48:11+07:00,23.50000,87.20000,11.80000,23.10000,0.85962,404.96603
2025-06-28 11:49:00+07:00,23.50000,87.20000,11.90000,23.10000,0.81420,404.83350
2025-06-28 11:49:50+07:00,23.50000,87.20000,11.50000,22.00000,0.81865,404.80545
2025-06-28 11:50:39+07:00,23.50000,87.20000,11.40000,21.60000,0.89497,404.88049
2025-06-28 11:51:29+07:00,23.50000,87.10000,11.80000,23.90000,0.85962,405.03342
2025-06-28 11:52:18+07:00,23.50000,86.90000,10.40000,20.10000,0.87363,405.11133
2025-06-28 11:53:07+07:00,23.60000,87.00000,8.20000,14.70000,0.86194,405.00446
2025-06-28 11:53:57+07:00,23.60000,86.60000,8.80000,16.70000,0.86194,404.79614
2025-06-28 11:54:46+07:00,23.60000,86.60000,8.30000,14.50000,0.87833,404.99481
2025-06-28 11:55:36+07:00,23.70000,86.90000,8.90000,15.40000,0.85268,404.84286
2025-06-28 11:56:25+07:00,23.80000,86.90000,8.40000,15.00000,0.85038,405.03342
2025-06-28 11:57:15+07:00,23.90000,86.50000,7.60000,12.40000,0.88781,404.97562
2025-06-28 11:58:04+07:00,24.00000,86.70000,6.00000,9.50000,0.86427,405.28021
2025-06-28 11:58:59+07:00,24.00000,86.20000,6.50000,9.40000,0.87363,405.01410
2025-06-28 11:59:49+07:00,24.00000,86.40000,5.60000,7.30000,0.90459,405.21014
2025-06-28 12:00:38+07:00,24.00000,86.60000,5.40000,7.20000,0.93146,405.03342
2025-06-28 12:01:28+07:00,24.10000,86.40000,5.30000,8.10000,0.88306,405.05280
2025-06-28 12:02:17+07:00,24.10000,86.50000,4.50000,5.70000,0.91186,405.21014
2025-06-28 12:03:07+07:00,24.10000,86.30000,4.00000,5.10000,0.91917,405.02374
2025-06-28 12:03:56+07:00,24.10000,86.80000,3.20000,4.70000,0.82762,405.26010
2025-06-28 12:04:45+07:00,24.20000,86.70000,3.30000,4.80000,0.92162,405.01410
2025-06-28 12:05:35+07:00,24.20000,86.40000,3.10000,3.70000,0.90459,404.93738
2025-06-28 12:06:24+07:00,24.30000,86.50000,3.20000,5.10000,0.85268,404.99481
2025-06-28 12:07:16+07:00,24.30000,86.10000,3.80000,5.20000,0.89497,404.88049
2025-06-28 12:08:06+07:00,24.30000,85.70000,4.20000,5.50000,0.88306,405.10156
2025-06-28 12:08:55+07:00,24.30000,85.80000,4.40000,5.90000,0.91673,404.94693
2025-06-28 12:09:45+07:00,24.40000,86.20000,4.40000,6.80000,0.89258,404.99481
2025-06-28 12:10:34+07:00,24.40000,86.10000,4.20000,5.90000,0.89258,405.05280
2025-06-28 12:11:23+07:00,24.50000,86.20000,4.10000,5.10000,0.89497,404.97562
2025-06-28 12:12:13+07:00,24.50000,86.30000,3.90000,5.00000,0.89737,404.74057
2025-06-28 12:13:02+07:00,24.50000,85.80000,4.70000,6.30000,0.89019,405.19025
2025-06-28 12:13:51+07:00,24.60000,85.60000,4.30000,6.30000,0.87128,404.68555
2025-06-28 12:14:41+07:00,24.60000,85.20000,3.90000,5.20000,0.82537,404.64008
2025-06-28 12:15:30+07:00,24.60000,85.20000,3.90000,5.10000,0.85499,404.44424
2025-06-28 12:16:20+07:00,24.60000,85.40000,3.80000,4.30000,0.85268,404.48816
2025-06-28 12:17:09+07:00,24.60000,85.70000,3.60000,4.30000,0.82762,404.46176
2025-06-28 12:17:59+07:00,24.60000,85.50000,4.00000,5.00000,0.82537,404.50583
2025-06-28 12:18:55+07:00,24.60000,85.60000,4.20000,5.40000,0.82537,404.43552
2025-06-28 12:19:44+07:00,24.70000,85.40000,4.00000,4.80000,0.80976,404.49698
2025-06-28 12:20:34+07:00,24.80000,84.90000,4.40000,6.80000,0.85730,404.49698
2025-06-28 12:22:21+07:00,24.90000,84.60000,4.30000,5.70000,0.83667,404.41809
2025-06-28 12:23:10+07:00,24.90000,84.00000,4.50000,5.90000,0.80755,404.27213
2025-06-28 12:24:00+07:00,24.80000,84.40000,6.00000,8.20000,0.79439,404.44424
2025-06-28 12:24:49+07:00,24.90000,84.30000,6.20000,8.20000,0.81642,404.30609
2025-06-28 12:25:39+07:00,25.00000,84.30000,6.60000,9.10000,0.85499,404.47055
2025-06-28 12:26:28+07:00,25.00000,84.50000,6.90000,12.20000,0.85962,404.43552
2025-06-28 12:27:18+07:00,25.10000,85.10000,8.00000,12.50000,0.79876,404.47934
2025-06-28 12:28:07+07:00,25.10000,85.20000,6.70000,9.50000,0.85499,404.49698
2025-06-28 12:28:57+07:00,25.00000,85.00000,6.60000,10.50000,0.85962,404.38336
2025-06-28 12:29:51+07:00,25.00000,85.00000,6.80000,10.70000,0.84350,404.55020
2025-06-28 12:30:40+07:00,24.90000,85.00000,7.90000,12.60000,0.82537,404.39203
2025-06-28 12:31:33+07:00,24.90000,85.50000,8.30000,12.60000,0.83440,404.64914
2025-06-28 12:32:26+07:00,25.00000,85.60000,9.10000,14.20000,0.83894,404.50583
2025-06-28 12:33:19+07:00,25.10000,85.80000,9.50000,13.80000,0.82762,404.48816
2025-06-28 12:34:08+07:00,25.20000,85.60000,9.60000,13.00000,0.82089,404.44424
2025-06-28 12:35:04+07:00,25.10000,85.60000,10.10000,15.80000,0.86660,404.61298
2025-06-28 12:35:54+07:00,25.10000,85.90000,11.20000,16.20000,0.89977,404.57703
2025-06-28 12:36:47+07:00,25.10000,86.30000,12.10000,17.20000,0.82089,404.63101
2025-06-28 12:37:36+07:00,25.20000,85.70000,12.30000,17.60000,0.85038,404.62198
2025-06-28 12:38:25+07:00,25.20000,85.70000,11.50000,16.60000,0.91186,404.74982
2025-06-28 12:39:15+07:00,25.20000,85.40000,12.10000,16.70000,0.82537,404.80545
2025-06-28 12:40:07+07:00,25.20000,85.20000,11.20000,16.80000,0.80314,404.87106
2025-06-28 12:41:55+07:00,25.40000,84.80000,12.20000,18.80000,0.85499,404.83350
2025-06-28 12:42:49+07:00,25.40000,85.00000,11.70000,17.10000,0.88781,405.06253
2025-06-28 12:43:38+07:00,25.30000,84.30000,11.00000,15.90000,1.12049,405.73862
2025-06-28 12:44:41+07:00,25.30000,84.00000,11.20000,16.30000,1.06168,405.41238
2025-06-28 12:45:37+07:00,25.30000,84.60000,10.70000,17.30000,1.06442,405.85818
2025-06-28 12:46:26+07:00,25.20000,84.70000,10.70000,15.50000,1.05621,405.83630
2025-06-28 12:47:15+07:00,25.30000,85.10000,10.60000,14.60000,1.09779,405.57883
2025-06-28 12:48:05+07:00,25.30000,85.20000,11.30000,16.50000,1.04263,405.96866
2025-06-28 12:48:57+07:00,25.30000,85.40000,11.60000,15.20000,1.07823,406.13760
2025-06-28 12:49:46+07:00,25.30000,85.10000,11.50000,16.00000,1.14357,405.86917
2025-06-28 12:50:36+07:00,25.30000,85.10000,12.80000,16.70000,1.11478,406.02457
2025-06-28 12:51:26+07:00,25.20000,84.50000,16.70000,25.40000,1.16112,406.09216
2025-06-28 12:52:15+07:00,25.20000,84.70000,13.80000,18.80000,1.16997,405.97983
2025-06-28 12:53:05+07:00,25.20000,85.00000,14.10000,19.10000,1.16406,406.11487
2025-06-28 12:53:54+07:00,25.20000,84.90000,13.80000,19.00000,1.10626,405.94644
2025-06-28 12:54:43+07:00,25.30000,84.50000,13.60000,17.40000,1.06993,405.94644
2025-06-28 12:55:33+07:00,25.20000,84.60000,14.10000,19.80000,1.11763,406.03577
2025-06-28 12:56:23+07:00,25.20000,84.70000,16.00000,21.10000,1.14939,405.93536
2025-06-28 12:57:12+07:00,25.20000,84.80000,14.50000,18.70000,1.16112,405.91321
2025-06-28 12:58:05+07:00,25.30000,85.40000,16.20000,22.60000,1.15524,406.13760
2025-06-28 12:58:55+07:00,25.30000,85.40000,20.10000,25.90000,1.14939,406.04703
2025-06-28 12:59:44+07:00,25.30000,84.70000,16.10000,22.80000,1.15818,406.35724
2025-06-28 13:00:33+07:00,25.30000,84.60000,14.10000,19.90000,1.21202,406.45166
2025-06-28 13:01:23+07:00,25.30000,84.00000,14.50000,19.40000,1.18187,406.38074
2025-06-28 13:02:13+07:00,25.30000,84.20000,13.50000,18.60000,1.19085,406.46353
2025-06-28 13:03:02+07:00,25.40000,84.20000,13.90000,20.20000,1.18187,406.42795
2025-06-28 13:03:51+07:00,25.40000,83.90000,14.40000,20.70000,1.21812,406.28720
2025-06-28 13:04:41+07:00,25.50000,84.20000,12.80000,20.30000,1.05348,406.39252
2025-06-28 13:05:30+07:00,25.50000,84.50000,13.00000,17.80000,1.22118,406.76654
2025-06-28 13:06:20+07:00,25.50000,84.30000,12.80000,19.60000,1.22425,406.39252
2025-06-28 13:07:09+07:00,25.50000,83.90000,10.70000,14.50000,1.18187,406.38074
2025-06-28 13:07:59+07:00,25.50000,83.40000,10.10000,14.90000,1.18785,406.60754
2025-06-28 13:08:48+07:00,25.40000,83.00000,8.80000,11.80000,1.20594,406.54721
2025-06-28 13:09:39+07:00,25.50000,83.50000,8.80000,12.60000,1.17294,406.51126
2025-06-28 13:10:28+07:00,25.50000,82.70000,7.90000,10.20000,1.14066,406.14902
2025-06-28 13:11:18+07:00,25.40000,82.40000,8.50000,11.50000,1.15524,406.20627
2025-06-28 13:12:07+07:00,25.40000,83.00000,8.10000,12.90000,1.15232,406.10352
2025-06-28 13:12:57+07:00,25.40000,82.60000,7.70000,9.20000,1.11194,405.82538
2025-06-28 13:13:46+07:00,25.30000,82.10000,8.20000,11.50000,1.09217,405.95755
2025-06-28 13:14:35+07:00,25.30000,82.60000,10.80000,13.80000,1.15232,405.83630
2025-06-28 13:15:25+07:00,25.40000,83.00000,13.30000,17.60000,1.11763,405.85818
2025-06-28 13:16:14+07:00,25.40000,83.40000,10.70000,14.50000,1.13776,406.45166
2025-06-28 13:17:03+07:00,25.30000,83.20000,10.50000,13.10000,1.10343,406.04703
2025-06-28 13:17:53+07:00,25.40000,83.50000,10.90000,16.50000,1.21812,406.21777
2025-06-28 13:18:42+07:00,25.30000,83.00000,10.20000,12.80000,1.11763,405.92429
2025-06-28 13:19:32+07:00,25.40000,82.60000,9.60000,13.40000,1.09498,405.63165
2025-06-28 13:20:21+07:00,25.30000,82.60000,9.10000,12.90000,1.13487,405.96866
2025-06-28 13:21:10+07:00,25.40000,82.50000,8.70000,12.80000,1.08100,405.88016
2025-06-28 13:22:00+07:00,25.40000,82.00000,9.20000,11.30000,1.12049,405.95755
2025-06-28 13:22:49+07:00,25.50000,82.00000,9.50000,13.30000,1.10626,405.63165
2025-06-28 13:23:38+07:00,25.50000,81.70000,9.70000,12.80000,1.06993,405.79272
2025-06-28 13:24:28+07:00,25.50000,81.50000,9.60000,13.40000,1.00272,405.68494
2025-06-28 13:25:17+07:00,25.50000,82.10000,11.10000,15.00000,1.09779,405.72784
2025-06-28 13:26:07+07:00,25.40000,82.90000,13.80000,18.00000,1.08937,405.49509
2025-06-28 13:26:56+07:00,25.50000,82.80000,13.60000,19.10000,1.10909,405.65292
2025-06-28 13:27:48+07:00,25.50000,82.90000,14.10000,19.30000,1.04533,405.81448
2025-06-28 13:28:38+07:00,25.50000,82.80000,13.20000,20.00000,1.09498,405.91321
2025-06-28 13:29:27+07:00,25.50000,82.70000,12.60000,15.70000,1.11478,405.66357
2025-06-28 13:30:20+07:00,25.50000,82.80000,11.80000,16.50000,1.06168,405.84723
2025-06-28 13:31:09+07:00,25.50000,82.50000,11.20000,13.60000,1.13776,405.81448
2025-06-28 13:32:00+07:00,25.50000,82.30000,11.60000,14.60000,1.03187,405.78186
2025-06-28 13:32:52+07:00,25.40000,82.90000,10.90000,13.40000,1.07269,405.55777
2025-06-28 13:33:41+07:00,25.40000,82.80000,11.10000,16.20000,1.04263,405.47430
2025-06-28 13:35:25+07:00,25.30000,83.20000,10.40000,12.80000,1.02652,405.64230
2025-06-28 13:36:15+07:00,25.20000,83.30000,8.40000,9.60000,1.05894,405.66357
2025-06-28 13:37:04+07:00,25.10000,83.10000,8.20000,9.70000,1.01589,405.65292
2025-06-28 13:37:54+07:00,25.10000,83.40000,8.60000,11.30000,1.05621,405.64230
2025-06-28 13:38:46+07:00,25.10000,83.50000,8.70000,10.20000,1.01324,405.47430
2025-06-28 13:39:36+07:00,25.00000,83.20000,9.10000,10.50000,1.00797,405.43298
2025-06-28 13:40:25+07:00,25.00000,83.30000,9.30000,11.20000,0.95896,405.58936
2025-06-28 13:41:15+07:00,25.00000,83.50000,9.10000,11.20000,1.03993,405.27014
2025-06-28 13:42:04+07:00,25.00000,84.10000,9.80000,11.50000,1.02385,405.08200
2025-06-28 13:42:54+07:00,25.00000,84.40000,9.70000,13.00000,1.01589,405.26010
2025-06-28 13:43:43+07:00,25.10000,84.30000,10.00000,11.70000,0.98194,405.50549
2025-06-28 13:44:33+07:00,25.10000,83.60000,10.30000,12.10000,1.00534,405.54730
2025-06-28 13:45:22+07:00,25.10000,83.30000,10.30000,13.10000,1.02385,405.55777
2025-06-28 13:46:11+07:00,25.10000,83.60000,9.70000,12.00000,1.07269,405.39188
2025-06-28 13:47:04+07:00,25.10000,83.30000,10.00000,13.50000,0.98969,405.46396
2025-06-28 13:47:53+07:00,25.10000,83.50000,10.70000,14.70000,1.01324,405.30035
2025-06-28 13:48:43+07:00,25.10000,84.10000,11.70000,13.30000,1.07269,405.44330
2025-06-28 13:49:32+07:00,25.20000,84.60000,12.90000,15.40000,1.03455,405.49509
2025-06-28 13:50:21+07:00,25.20000,85.30000,18.20000,20.30000,1.02385,405.54730
2025-06-28 13:51:11+07:00,25.30000,85.50000,16.10000,18.00000,1.01589,405.73862
2025-06-28 13:52:00+07:00,25.30000,85.40000,12.40000,17.40000,1.04804,405.54730
2025-06-28 13:52:50+07:00,25.20000,85.20000,8.80000,11.70000,1.00010,405.73862
2025-06-28 13:53:44+07:00,25.20000,84.80000,8.70000,9.80000,1.02119,405.62106
2025-06-28 13:54:35+07:00,25.20000,84.60000,8.00000,10.00000,1.10909,405.64230
2025-06-28 13:55:25+07:00,25.20000,84.80000,8.70000,11.30000,0.99749,405.34088
2025-06-28 13:56:19+07:00,25.20000,85.50000,8.50000,10.20000,1.01854,405.65292
2025-06-28 13:57:15+07:00,25.20000,85.40000,8.10000,10.20000,1.04263,405.65292
2025-06-28 13:58:07+07:00,25.20000,85.60000,8.40000,9.50000,1.04263,405.64230
2025-06-28 13:59:00+07:00,25.20000,85.60000,8.70000,11.10000,0.99489,405.70636
2025-06-28 13:59:50+07:00,25.30000,85.80000,8.60000,11.00000,1.00534,405.68494
2025-06-28 14:00:40+07:00,25.20000,85.90000,10.20000,14.40000,1.10061,405.48468
2025-06-28 14:01:31+07:00,25.20000,86.50000,9.70000,12.00000,0.98969,405.61047
2025-06-28 14:02:24+07:00,25.10000,86.50000,8.40000,9.40000,1.01854,405.67426
2025-06-28 14:03:17+07:00,25.10000,86.50000,8.40000,9.40000,1.04533,405.64230
2025-06-28 14:04:06+07:00,25.10000,87.00000,10.10000,14.00000,1.01589,405.52637
2025-06-28 14:04:56+07:00,25.20000,87.00000,12.00000,13.80000,1.00797,405.51593
2025-06-28 14:05:46+07:00,25.20000,87.80000,11.10000,14.30000,1.07269,405.55777
2025-06-28 14:06:36+07:00,25.20000,87.50000,10.20000,12.80000,1.01324,405.49509
2025-06-28 14:07:25+07:00,25.20000,87.40000,10.90000,16.70000,1.05621,405.54730
2025-06-28 14:08:15+07:00,25.20000,87.90000,13.60000,16.10000,1.01589,405.68494
2025-06-28 14:09:05+07:00,25.20000,87.70000,10.10000,12.30000,0.97936,405.58936
2025-06-28 14:09:54+07:00,25.20000,86.90000,10.50000,12.60000,1.02652,405.80359
2025-06-28 14:10:45+07:00,25.20000,86.60000,8.00000,10.30000,1.02385,405.65292
2025-06-28 14:12:26+07:00,25.00000,85.60000,6.90000,8.20000,0.94889,405.86917
2025-06-28 14:13:16+07:00,24.90000,86.20000,7.60000,9.20000,0.97167,405.56830
2025-06-28 14:14:06+07:00,24.90000,86.00000,8.70000,13.10000,1.00272,405.62106
2025-06-28 14:14:57+07:00,24.90000,86.60000,9.10000,16.80000,0.96403,405.37143
2025-06-28 14:15:47+07:00,24.90000,86.60000,12.00000,17.70000,0.95644,405.41238
2025-06-28 14:16:37+07:00,24.90000,86.90000,12.40000,17.70000,1.00272,405.29028
2025-06-28 14:17:28+07:00,24.90000,87.00000,11.90000,17.70000,1.02385,405.39188
2025-06-28 14:18:18+07:00,24.90000,87.20000,13.30000,18.40000,1.00010,405.43298
2025-06-28 14:19:09+07:00,24.90000,86.90000,16.80000,22.70000,0.94639,405.25009
2025-06-28 14:19:59+07:00,25.00000,87.30000,14.00000,21.20000,0.95644,405.48468
2025-06-28 14:20:49+07:00,25.00000,87.70000,12.20000,16.00000,0.95896,405.50549
2025-06-28 14:21:39+07:00,25.00000,87.90000,11.80000,15.90000,0.97167,405.47430
2025-06-28 14:22:29+07:00,25.10000,87.80000,10.40000,13.90000,1.00010,405.37143
2025-06-28 14:24:18+07:00,25.10000,87.50000,7.40000,10.70000,1.01060,405.53680
2025-06-28 14:25:09+07:00,25.10000,86.90000,7.50000,10.30000,1.04533,405.14081
2025-06-28 14:26:56+07:00,25.10000,86.50000,19.40000,24.00000,0.95140,405.52637
2025-06-28 14:27:48+07:00,25.20000,86.40000,10.80000,15.10000,0.92900,405.73862
2025-06-28 14:28:43+07:00,25.20000,86.90000,30.00000,37.70000,0.97679,405.39188
2025-06-28 14:29:37+07:00,25.20000,86.20000,11.60000,15.10000,0.95896,405.53680
2025-06-28 14:30:27+07:00,25.20000,86.40000,19.00000,21.80000,1.00797,405.47430
2025-06-28 14:31:20+07:00,25.20000,86.20000,30.60000,38.10000,0.99489,405.56830
2025-06-28 14:32:13+07:00,25.10000,86.30000,9.30000,11.60000,0.98194,405.31049
2025-06-28 14:33:04+07:00,25.10000,86.10000,16.90000,21.70000,0.97936,405.41238
2025-06-28 14:33:58+07:00,25.10000,86.10000,29.40000,34.90000,0.97936,405.33072
2025-06-28 14:34:50+07:00,25.10000,86.20000,58.50000,69.30000,0.94389,405.30035
2025-06-28 14:35:42+07:00,25.10000,85.90000,23.90000,31.70000,0.97167,405.42267
2025-06-28 14:36:32+07:00,25.20000,86.20000,35.60000,42.40000,0.97679,405.39188
2025-06-28 14:37:22+07:00,25.20000,85.20000,79.60000,93.30000,0.95140,405.47430
2025-06-28 14:38:13+07:00,25.10000,85.70000,64.50000,74.30000,0.95392,405.40213
2025-06-28 14:39:04+07:00,25.20000,85.40000,32.30000,38.50000,0.97679,405.37143
2025-06-28 14:39:54+07:00,25.10000,85.40000,64.10000,78.10000,0.97423,405.51593
2025-06-28 14:40:45+07:00,25.20000,85.60000,23.20000,29.80000,1.00272,405.44330
2025-06-28 14:41:38+07:00,25.20000,84.90000,49.00000,57.20000,0.96149,405.51593
2025-06-28 14:43:21+07:00,25.10000,84.20000,37.10000,45.90000,1.00534,405.52637
2025-06-28 14:44:12+07:00,25.10000,84.20000,17.70000,20.20000,1.01060,405.55777
2025-06-28 14:45:02+07:00,25.20000,84.50000,12.20000,14.60000,0.95896,405.47430
2025-06-28 14:45:53+07:00,25.30000,84.60000,35.80000,42.90000,0.97167,405.38165
2025-06-28 14:46:44+07:00,25.30000,84.40000,65.40000,78.60000,1.01854,405.57883
2025-06-28 14:47:34+07:00,25.40000,84.50000,61.50000,70.50000,0.97679,405.52637
2025-06-28 14:48:25+07:00,25.40000,84.20000,39.40000,45.50000,0.95644,405.55777
2025-06-28 14:49:16+07:00,25.40000,84.50000,22.60000,25.80000,1.00010,405.48468
2025-06-28 14:50:06+07:00,25.40000,84.30000,10.50000,12.70000,0.92407,405.50549
2025-06-28 14:50:56+07:00,25.40000,84.10000,3.70000,5.20000,0.93642,405.44330
2025-06-28 14:52:43+07:00,25.30000,83.70000,51.40000,63.10000,0.96403,405.22009
2025-06-28 14:53:33+07:00,25.30000,84.00000,44.20000,52.40000,0.97167,405.64230
2025-06-28 14:54:24+07:00,25.30000,84.10000,72.90000,85.40000,1.00010,405.46396
2025-06-28 14:55:15+07:00,25.40000,83.50000,50.60000,64.00000,1.00797,405.38165
2025-06-28 14:56:05+07:00,25.40000,83.30000,43.80000,51.70000,1.03187,405.33072
2025-06-28 14:56:56+07:00,25.40000,82.70000,52.30000,61.00000,0.98452,405.49509
2025-06-28 14:57:47+07:00,25.30000,82.40000,51.30000,62.60000,1.06168,405.30035
2025-06-28 14:58:37+07:00,25.30000,82.60000,36.10000,43.70000,0.91429,405.41238
2025-06-28 14:59:28+07:00,25.40000,82.60000,37.80000,42.80000,0.93642,405.31049
2025-06-28 15:00:18+07:00,25.40000,82.30000,11.10000,13.50000,0.99749,405.38165
2025-06-28 15:01:09+07:00,25.40000,82.10000,36.80000,41.30000,0.95896,405.54730
2025-06-28 15:02:00+07:00,25.50000,82.20000,38.70000,46.20000,0.96149,405.44330
2025-06-28 15:02:50+07:00,25.50000,82.00000,18.10000,21.10000,0.98969,405.42267
2025-06-28 15:03:44+07:00,25.60000,82.00000,25.60000,31.40000,0.96149,405.07227
2025-06-28 15:05:29+07:00,25.50000,82.00000,25.80000,29.70000,0.95392,405.43298
2025-06-28 15:06:22+07:00,25.50000,82.80000,9.50000,10.90000,0.95392,405.37143
2025-06-28 15:07:12+07:00,25.50000,82.70000,8.80000,10.50000,0.97679,405.01410
2025-06-28 15:08:04+07:00,25.50000,83.00000,12.10000,13.50000,0.92653,405.19025
2025-06-28 15:08:54+07:00,25.50000,83.00000,17.00000,20.40000,0.90943,405.33072
2025-06-28 15:09:44+07:00,25.50000,83.00000,10.70000,11.90000,0.94389,405.34088
2025-06-28 15:10:38+07:00,25.50000,83.10000,5.40000,7.70000,0.93146,405.50549
2025-06-28 15:11:34+07:00,25.60000,83.20000,4.80000,7.20000,1.03455,405.32059
2025-06-28 15:12:29+07:00,25.50000,82.80000,4.60000,7.40000,0.93642,405.27014
2025-06-28 15:13:22+07:00,25.40000,82.90000,4.60000,5.50000,0.92900,405.14081
2025-06-28 15:14:17+07:00,25.40000,82.20000,4.60000,7.40000,0.98194,405.21014
2025-06-28 15:15:12+07:00,25.40000,82.30000,4.40000,7.60000,0.95896,405.32059
2025-06-28 15:16:04+07:00,25.40000,82.60000,6.10000,7.30000,0.94889,405.27014
2025-06-28 15:16:56+07:00,25.40000,82.40000,4.50000,6.20000,0.92900,405.31049
2025-06-28 15:17:47+07:00,25.40000,82.60000,7.50000,8.60000,0.95392,405.14081
2025-06-28 15:18:42+07:00,25.40000,82.80000,4.40000,5.20000,0.93146,405.08200
2025-06-28 15:19:37+07:00,25.50000,83.00000,4.10000,5.30000,0.93642,405.19025
2025-06-28 15:20:30+07:00,25.60000,82.70000,4.50000,6.30000,0.94639,405.15067
2025-06-28 15:21:21+07:00,25.50000,81.60000,6.10000,7.50000,0.90701,405.18033
2025-06-28 15:22:13+07:00,25.40000,81.60000,19.10000,22.60000,0.89258,405.14081
2025-06-28 15:23:05+07:00,25.40000,81.70000,3.90000,6.50000,0.88781,404.76831
2025-06-28 15:24:00+07:00,25.30000,81.70000,18.10000,21.70000,0.87833,404.93738
2025-06-28 15:24:54+07:00,25.30000,81.70000,4.40000,6.40000,0.93394,404.92786
2025-06-28 15:25:46+07:00,25.30000,81.50000,4.50000,7.30000,0.91673,405.09177
2025-06-28 15:26:39+07:00,25.20000,81.40000,4.90000,6.70000,0.87363,404.93738
2025-06-28 15:27:31+07:00,25.20000,81.20000,6.30000,7.40000,0.88543,405.00446
2025-06-28 15:28:25+07:00,25.20000,81.40000,12.70000,16.00000,0.88543,404.88992
2025-06-28 15:29:16+07:00,25.20000,81.70000,4.70000,6.70000,0.89258,405.01410
2025-06-28 15:30:12+07:00,25.30000,82.10000,4.50000,5.20000,0.92653,405.20020
2025-06-28 15:31:13+07:00,25.30000,81.60000,8.60000,10.80000,0.92162,405.35104
2025-06-28 15:33:02+07:00,25.30000,81.40000,13.70000,16.10000,0.92162,405.27014
2025-06-28 15:33:55+07:00,25.30000,81.50000,8.20000,11.40000,0.90701,405.16055
2025-06-28 15:35:40+07:00,25.40000,81.40000,5.90000,8.30000,0.88543,405.22009
2025-06-28 15:36:35+07:00,25.40000,81.10000,12.00000,14.80000,0.92162,405.04312
2025-06-28 15:37:25+07:00,25.40000,81.50000,6.80000,11.60000,0.93394,405.07227
2025-06-28 15:38:23+07:00,25.40000,81.80000,5.00000,7.30000,0.94139,405.10156
2025-06-28 15:39:16+07:00,25.40000,82.00000,4.90000,6.60000,0.87363,405.05280
2025-06-28 15:40:07+07:00,25.40000,82.20000,5.00000,6.20000,0.93394,405.17044
2025-06-28 15:40:58+07:00,25.40000,82.60000,7.80000,9.70000,0.88781,405.25009
2025-06-28 15:41:48+07:00,25.40000,82.40000,4.90000,6.00000,0.86194,404.85223
2025-06-28 15:42:38+07:00,25.40000,82.30000,4.90000,7.00000,0.88543,404.98523
2025-06-28 15:43:28+07:00,25.40000,82.10000,4.70000,7.10000,0.92162,405.01410
2025-06-28 15:44:18+07:00,25.50000,81.50000,5.00000,6.10000,0.91917,405.12115
2025-06-28 15:45:08+07:00,25.40000,81.30000,5.00000,7.10000,0.89497,405.06253
2025-06-28 15:45:59+07:00,25.40000,81.90000,5.70000,9.30000,0.89977,405.17044
2025-06-28 15:46:56+07:00,25.50000,82.10000,5.60000,7.90000,0.86660,405.09177
2025-06-28 15:47:47+07:00,25.40000,81.50000,4.90000,8.70000,0.90218,405.07227
2025-06-28 15:48:38+07:00,25.50000,81.10000,5.30000,6.10000,0.89019,405.12115
2025-06-28 15:49:29+07:00,25.50000,81.40000,5.30000,8.50000,0.88070,405.09177
2025-06-28 15:50:21+07:00,25.50000,81.60000,5.70000,7.40000,0.88306,405.02374
2025-06-28 15:51:12+07:00,25.50000,81.80000,6.30000,8.70000,0.92407,404.99481
2025-06-28 15:52:02+07:00,25.50000,81.90000,6.00000,7.50000,0.87598,405.34088
2025-06-28 15:52:53+07:00,25.50000,81.80000,6.20000,8.00000,0.94389,405.24005
2025-06-28 15:53:43+07:00,25.50000,81.60000,5.90000,8.40000,0.90943,405.21014
2025-06-28 15:54:33+07:00,25.50000,82.10000,6.50000,9.60000,0.91673,405.22009
2025-06-28 15:55:25+07:00,25.50000,82.30000,6.20000,9.40000,0.90701,405.32059
2025-06-28 15:56:17+07:00,25.50000,81.80000,6.60000,9.20000,0.92407,405.27014
2025-06-28 15:57:11+07:00,25.50000,82.40000,6.10000,8.70000,0.94139,405.44330
2025-06-28 15:58:55+07:00,25.70000,82.50000,6.20000,9.70000,0.88070,405.39188
2025-06-28 15:59:49+07:00,25.60000,82.20000,6.30000,8.90000,0.89019,405.11133
2025-06-28 16:01:50+07:00,25.50000,81.60000,6.70000,9.60000,0.97167,405.07227
2025-06-28 16:04:35+07:00,25.40000,82.00000,6.80000,9.50000,0.90218,405.23007
2025-06-28 16:06:28+07:00,25.50000,82.40000,7.50000,9.10000,0.94389,405.23007
2025-06-28 16:07:27+07:00,25.50000,82.70000,7.40000,11.10000,0.88781,405.42267
2025-06-28 16:08:19+07:00,25.50000,82.90000,7.20000,10.90000,0.89737,405.39188
2025-06-28 16:09:15+07:00,25.50000,83.20000,7.30000,10.10000,0.89977,404.98523
2025-06-28 16:10:11+07:00,25.50000,82.30000,8.10000,11.80000,0.95140,405.46396
2025-06-28 16:11:09+07:00,25.40000,82.90000,8.50000,11.80000,0.89977,405.32059
2025-06-28 16:13:04+07:00,25.40000,83.00000,9.10000,12.70000,0.89497,405.18033
2025-06-28 16:13:56+07:00,25.40000,82.70000,9.40000,14.50000,0.90943,405.23007
2025-06-28 16:14:52+07:00,25.30000,82.90000,10.30000,15.30000,0.91186,405.43298
2025-06-28 16:16:47+07:00,25.30000,83.20000,9.90000,14.10000,0.92653,405.41238
2025-06-28 16:17:40+07:00,25.30000,83.80000,11.50000,17.20000,0.95896,405.45361
2025-06-28 16:18:36+07:00,25.50000,83.80000,11.40000,16.00000,0.93890,405.47430
2025-06-28 16:19:31+07:00,25.40000,83.80000,9.50000,13.00000,0.88543,405.25009
2025-06-28 16:20:26+07:00,25.40000,83.50000,8.60000,12.90000,0.93642,405.36124
2025-06-28 16:21:19+07:00,25.30000,83.60000,8.90000,10.60000,0.85499,405.47430
2025-06-28 16:22:09+07:00,25.30000,83.80000,16.60000,21.10000,0.91917,405.45361
2025-06-28 16:22:58+07:00,25.30000,84.00000,8.90000,11.50000,0.90943,405.48468
2025-06-28 16:23:47+07:00,25.30000,84.10000,9.30000,11.40000,0.91429,405.47430
2025-06-28 16:24:37+07:00,25.40000,83.40000,8.70000,11.00000,0.92653,405.41238
2025-06-28 16:25:26+07:00,25.40000,83.10000,9.30000,13.90000,0.89019,405.57883
2025-06-28 16:26:15+07:00,25.40000,83.30000,8.50000,10.80000,0.92653,405.42267
2025-06-28 16:27:05+07:00,25.40000,83.70000,8.50000,10.70000,0.94889,405.58936
2025-06-28 16:27:54+07:00,25.40000,83.70000,8.50000,11.10000,0.94639,405.38165
2025-06-28 16:28:44+07:00,25.40000,83.50000,8.00000,10.70000,0.94889,405.41238
2025-06-28 16:29:33+07:00,25.40000,83.10000,14.80000,19.00000,1.01060,405.37143
2025-06-28 16:30:22+07:00,25.50000,83.20000,9.30000,12.60000,0.90218,405.56830
2025-06-28 16:31:12+07:00,25.50000,83.30000,9.40000,13.80000,0.94889,405.13098
2025-06-28 16:32:01+07:00,25.40000,83.40000,11.60000,17.80000,0.90943,405.52637
2025-06-28 16:32:51+07:00,25.40000,83.30000,9.40000,13.90000,0.93146,405.39188
2025-06-28 16:33:40+07:00,25.40000,83.20000,10.30000,12.50000,0.95644,405.36124
2025-06-28 16:34:29+07:00,25.40000,82.80000,26.20000,31.40000,0.93642,405.32059
2025-06-28 16:35:19+07:00,25.40000,83.00000,12.90000,19.20000,0.91429,405.52637
2025-06-28 16:36:08+07:00,25.50000,82.90000,18.80000,25.60000,0.91673,405.48468
2025-06-28 16:36:58+07:00,25.50000,82.80000,10.70000,14.60000,1.01060,405.61047
2025-06-28 16:37:47+07:00,25.50000,82.60000,9.50000,14.70000,0.93642,405.34088
2025-06-28 16:38:36+07:00,25.40000,82.60000,9.90000,15.90000,0.99749,405.34088
2025-06-28 16:39:26+07:00,25.50000,82.60000,10.80000,14.30000,0.91917,405.56830
2025-06-28 16:40:15+07:00,25.50000,82.70000,11.90000,16.70000,0.98710,405.57883
2025-06-28 16:41:04+07:00,25.40000,82.70000,8.70000,12.80000,0.94639,405.63165
2025-06-28 16:41:54+07:00,25.40000,83.00000,8.50000,13.10000,0.95140,405.61047
2025-06-28 16:43:37+07:00,25.40000,82.50000,8.30000,12.70000,0.89737,405.39188
2025-06-28 16:44:27+07:00,25.40000,82.80000,8.90000,13.40000,0.92653,405.42267
2025-06-28 16:45:16+07:00,25.30000,83.00000,8.40000,11.50000,0.93394,405.43298
2025-06-28 16:46:05+07:00,25.30000,82.70000,11.10000,15.40000,0.96403,405.40213
2025-06-28 16:46:55+07:00,25.30000,83.00000,17.80000,24.50000,0.93890,405.54730
2025-06-28 16:47:45+07:00,25.30000,83.00000,9.60000,13.30000,0.95896,405.22009
2025-06-28 16:48:39+07:00,25.40000,82.60000,9.20000,13.60000,0.91186,405.58936
2025-06-28 16:49:29+07:00,25.40000,82.20000,17.30000,22.60000,0.95140,405.37143
2025-06-28 16:50:18+07:00,25.40000,82.40000,9.00000,14.10000,1.00010,405.49509
2025-06-28 16:51:08+07:00,25.40000,82.20000,11.40000,15.70000,0.95644,405.53680
2025-06-28 16:52:00+07:00,25.40000,82.40000,14.70000,18.50000,0.91186,405.72784
2025-06-28 16:52:50+07:00,25.30000,82.30000,16.30000,21.80000,0.95644,405.38165
2025-06-28 16:53:48+07:00,25.40000,82.20000,14.50000,19.00000,0.90701,405.48468
2025-06-28 16:54:42+07:00,25.40000,82.20000,10.00000,18.00000,0.95392,405.48468
2025-06-28 16:55:32+07:00,25.40000,82.20000,9.70000,15.60000,0.97167,405.35104
2025-06-28 16:56:21+07:00,25.40000,82.10000,10.00000,15.80000,0.92653,405.58936
2025-06-28 16:57:11+07:00,25.40000,82.20000,10.90000,17.40000,1.00010,405.11133
2025-06-28 16:58:05+07:00,25.40000,82.20000,9.40000,13.00000,0.92407,405.46396
2025-06-28 16:58:54+07:00,25.40000,81.90000,9.20000,14.30000,0.92162,405.18033
2025-06-28 16:59:43+07:00,25.40000,82.00000,9.00000,12.10000,0.93146,405.36124
2025-06-28 17:00:33+07:00,25.50000,81.90000,9.00000,12.30000,0.94139,405.55777
2025-06-28 17:01:22+07:00,25.50000,82.00000,10.20000,15.40000,0.95644,405.42267
2025-06-28 17:02:11+07:00,25.50000,82.20000,8.60000,10.50000,0.94889,405.46396
2025-06-28 17:03:01+07:00,25.50000,82.20000,8.80000,13.00000,0.95392,405.13098
2025-06-28 17:03:50+07:00,25.50000,81.80000,8.60000,13.60000,0.85730,405.48468
2025-06-28 17:04:40+07:00,25.50000,82.00000,8.20000,13.60000,0.95392,405.35104
2025-06-28 17:05:29+07:00,25.50000,81.80000,9.30000,13.10000,0.91917,405.43298
2025-06-28 17:06:18+07:00,25.50000,81.70000,11.80000,17.00000,0.91673,405.50549
2025-06-28 17:07:08+07:00,25.40000,81.70000,9.00000,15.30000,0.86660,405.21014
2025-06-28 17:07:57+07:00,25.40000,81.50000,8.40000,11.90000,0.91186,405.22009
2025-06-28 17:08:46+07:00,25.30000,81.30000,10.30000,16.20000,0.89019,405.24005
2025-06-28 17:09:36+07:00,25.30000,81.40000,12.70000,18.90000,0.92407,405.25009
2025-06-28 17:10:25+07:00,25.30000,81.40000,12.50000,20.60000,0.86894,405.15067
2025-06-28 17:11:15+07:00,25.30000,81.30000,10.80000,17.30000,0.95392,405.16055
2025-06-28 17:12:04+07:00,25.30000,80.90000,11.40000,19.00000,0.88543,405.05280
2025-06-28 17:12:54+07:00,25.30000,81.00000,14.10000,22.80000,0.92162,405.32059
2025-06-28 17:13:43+07:00,25.40000,81.00000,13.20000,20.70000,0.93890,405.37143
2025-06-28 17:14:33+07:00,25.30000,81.40000,12.30000,22.60000,0.95392,405.37143
2025-06-28 17:15:22+07:00,25.40000,81.40000,12.60000,19.40000,0.86427,405.32059
2025-06-28 17:16:11+07:00,25.30000,81.50000,12.10000,20.60000,0.99229,405.39188
2025-06-28 17:17:08+07:00,25.30000,81.40000,10.60000,16.00000,0.97679,405.43298
2025-06-28 17:18:01+07:00,25.30000,81.00000,11.50000,19.00000,0.95896,405.58936
2025-06-28 17:18:51+07:00,25.30000,81.20000,11.40000,20.00000,0.93394,405.48468
2025-06-28 17:19:40+07:00,25.30000,81.30000,11.90000,19.90000,0.94889,405.28021
2025-06-28 17:20:30+07:00,25.30000,81.20000,12.20000,20.60000,0.97679,405.41238
2025-06-28 17:21:19+07:00,25.30000,81.20000,11.30000,17.70000,0.92653,405.37143
2025-06-28 17:22:09+07:00,25.30000,81.20000,13.10000,19.50000,0.94889,405.35104
2025-06-28 17:22:58+07:00,25.30000,81.10000,11.30000,16.20000,0.92653,405.07227
2025-06-28 17:23:48+07:00,25.30000,81.20000,11.10000,16.00000,0.89737,405.34088
2025-06-28 17:24:37+07:00,25.30000,81.40000,10.60000,18.80000,0.93146,405.43298
2025-06-28 17:25:26+07:00,25.30000,81.50000,11.80000,16.50000,0.95644,405.40213
2025-06-28 17:26:17+07:00,25.30000,81.80000,11.40000,18.30000,0.91673,405.44330
2025-06-28 17:27:07+07:00,25.30000,82.10000,11.30000,17.50000,0.95140,405.24005
2025-06-28 17:27:56+07:00,25.30000,82.20000,12.80000,18.70000,0.91429,405.44330
2025-06-28 17:28:46+07:00,25.30000,82.10000,11.20000,17.10000,0.90459,405.40213
2025-06-28 17:29:35+07:00,25.30000,82.50000,12.60000,17.70000,0.96403,405.47430
2025-06-28 17:30:24+07:00,25.30000,82.40000,10.80000,18.10000,0.89737,405.29028
2025-06-28 17:31:14+07:00,25.30000,82.20000,9.40000,12.90000,1.03187,405.70636
2025-06-28 17:32:03+07:00,25.30000,82.50000,10.50000,17.40000,0.93394,405.34088
2025-06-28 17:32:53+07:00,25.30000,82.50000,9.90000,13.20000,0.95140,405.36124
2025-06-28 17:33:43+07:00,25.20000,82.40000,10.00000,15.60000,0.92900,405.29028
2025-06-28 17:34:33+07:00,25.20000,82.40000,14.60000,19.00000,0.88781,405.20020
2025-06-28 17:35:22+07:00,25.20000,82.40000,11.00000,15.00000,0.94889,405.39188
2025-06-28 17:36:14+07:00,25.20000,82.30000,9.70000,14.20000,1.03455,405.08200
2025-06-28 17:37:03+07:00,25.20000,82.20000,10.20000,14.80000,0.92653,405.23007
2025-06-28 17:37:53+07:00,25.20000,82.20000,9.30000,14.40000,0.93642,405.32059
2025-06-28 17:38:42+07:00,25.20000,82.50000,9.70000,15.20000,0.95392,405.39188
2025-06-28 17:39:32+07:00,25.20000,82.70000,9.30000,14.90000,0.90943,405.47430
2025-06-28 17:40:21+07:00,25.20000,82.70000,8.70000,12.70000,0.92162,405.58936
2025-06-28 17:42:18+07:00,25.10000,82.60000,9.90000,15.10000,0.93394,405.37143
2025-06-28 17:45:06+07:00,25.30000,82.20000,9.40000,16.50000,0.93146,405.16055
2025-06-28 17:47:01+07:00,25.20000,81.80000,9.60000,16.60000,0.92162,405.46396
2025-06-28 17:48:57+07:00,25.20000,82.10000,10.40000,15.70000,0.91186,405.53680
2025-06-28 17:49:52+07:00,25.20000,81.70000,12.30000,19.70000,0.95896,405.52637
2025-06-28 17:50:49+07:00,25.20000,81.80000,10.00000,15.80000,1.01589,405.32059
2025-06-28 17:51:45+07:00,25.20000,81.60000,10.90000,17.50000,0.95644,405.59991
2025-06-28 17:53:35+07:00,25.30000,81.70000,14.30000,21.20000,0.97167,405.71710
2025-06-28 17:54:29+07:00,25.30000,81.60000,13.30000,21.00000,1.04804,405.74942
2025-06-28 17:55:23+07:00,25.30000,81.60000,10.60000,15.20000,1.00010,405.73862
2025-06-28 17:56:16+07:00,25.30000,81.30000,9.10000,13.20000,0.96403,405.70636
2025-06-28 17:57:07+07:00,25.20000,81.20000,10.20000,16.00000,1.00272,405.65292
2025-06-28 17:57:58+07:00,25.10000,81.40000,10.10000,15.10000,0.96149,405.55777
2025-06-28 17:58:53+07:00,25.10000,81.50000,9.90000,14.10000,0.90943,405.62106
2025-06-28 17:59:44+07:00,25.10000,81.70000,9.80000,15.10000,0.95140,405.46396
2025-06-28 18:00:36+07:00,25.10000,81.90000,11.60000,20.00000,0.97167,405.58936
2025-06-28 18:01:27+07:00,25.10000,82.20000,10.20000,16.30000,0.95896,405.65292
2025-06-28 18:02:21+07:00,25.10000,82.10000,11.10000,15.20000,0.95644,405.72784
2025-06-28 18:03:13+07:00,25.10000,82.20000,10.70000,18.00000,0.97167,405.51593
2025-06-28 18:04:55+07:00,25.20000,81.90000,12.10000,19.60000,0.99749,405.66357
2025-06-28 18:05:47+07:00,25.20000,81.90000,13.60000,20.40000,0.98452,405.65292
2025-06-28 18:06:39+07:00,25.20000,82.20000,13.90000,23.50000,0.95644,405.73862
2025-06-28 18:07:33+07:00,25.10000,82.40000,14.90000,22.70000,1.03724,405.68494
2025-06-28 18:08:26+07:00,25.10000,82.60000,14.60000,25.30000,0.99749,405.76022
2025-06-28 18:09:18+07:00,25.10000,82.60000,15.30000,24.40000,0.97936,405.88016
2025-06-28 18:10:10+07:00,25.10000,82.60000,16.50000,24.10000,0.99749,405.70636
2025-06-28 18:11:01+07:00,25.10000,82.70000,14.40000,20.90000,0.98710,405.81448
2025-06-28 18:11:52+07:00,25.10000,82.30000,13.90000,22.80000,1.00797,405.58936
2025-06-28 18:13:44+07:00,25.10000,82.50000,14.40000,19.40000,0.99489,405.69565
2025-06-28 18:14:38+07:00,25.10000,82.50000,12.90000,18.10000,0.97936,405.69565
2025-06-28 18:15:29+07:00,25.10000,82.30000,10.90000,17.10000,0.98710,405.81448
2025-06-28 18:16:22+07:00,25.10000,81.90000,11.30000,18.10000,1.00272,405.70636
2025-06-28 18:17:15+07:00,25.10000,81.90000,14.40000,21.60000,1.01854,405.51593
2025-06-28 18:18:07+07:00,25.10000,82.20000,14.60000,19.60000,0.96657,405.70636
2025-06-28 18:19:10+07:00,25.00000,82.00000,14.70000,20.30000,1.01854,405.59991
2025-06-28 18:20:07+07:00,25.00000,82.20000,13.80000,20.10000,1.00272,405.40213
2025-06-28 18:21:01+07:00,25.00000,82.10000,13.80000,24.70000,1.02119,405.65292
2025-06-28 18:21:53+07:00,25.10000,82.30000,12.70000,16.90000,0.91917,405.58936
2025-06-28 18:22:47+07:00,25.00000,82.10000,11.30000,15.70000,0.97679,405.58936
2025-06-28 18:23:39+07:00,25.00000,81.80000,11.10000,14.70000,1.06717,405.68494
2025-06-28 18:24:31+07:00,25.00000,81.60000,11.20000,17.10000,1.00797,405.48468
2025-06-28 18:25:25+07:00,25.00000,81.60000,11.90000,17.80000,0.93890,405.67426
2025-06-28 18:26:18+07:00,25.00000,81.70000,10.80000,17.00000,0.96149,405.49509
2025-06-28 18:27:11+07:00,25.00000,81.60000,11.10000,14.80000,0.94639,405.36124
2025-06-28 18:28:03+07:00,25.00000,81.60000,12.20000,19.60000,0.94639,405.57883
2025-06-28 18:28:55+07:00,25.00000,81.60000,15.70000,24.10000,0.95392,405.44330
2025-06-28 18:29:49+07:00,25.00000,81.60000,16.60000,24.80000,1.00797,405.28021
2025-06-28 18:31:39+07:00,25.10000,81.40000,16.50000,25.80000,0.97936,405.36124
2025-06-28 18:32:32+07:00,25.10000,81.50000,12.40000,19.30000,0.97423,405.34088
2025-06-28 18:33:25+07:00,25.10000,81.40000,16.20000,22.20000,0.93146,405.47430
2025-06-28 18:34:17+07:00,25.10000,81.50000,12.80000,17.90000,0.94389,405.36124
2025-06-28 18:36:04+07:00,25.10000,81.30000,15.50000,23.30000,1.05348,405.35104
2025-06-28 18:36:56+07:00,25.10000,81.60000,14.10000,20.30000,0.91429,405.25009
2025-06-28 18:37:48+07:00,25.10000,81.50000,13.60000,19.90000,0.96657,405.23007
2025-06-28 18:38:41+07:00,25.10000,81.80000,12.70000,17.50000,0.97936,405.46396
2025-06-28 18:39:37+07:00,25.20000,81.50000,16.40000,22.70000,0.94389,405.52637
2025-06-28 18:40:35+07:00,25.10000,81.60000,12.90000,18.60000,0.98710,405.42267
2025-06-28 18:41:28+07:00,25.10000,81.70000,16.00000,22.00000,0.95644,405.45361
2025-06-28 18:42:23+07:00,25.10000,81.80000,15.30000,21.30000,0.91429,405.21014
2025-06-28 18:43:19+07:00,25.10000,81.80000,14.60000,21.10000,0.98969,405.24005
2025-06-28 18:44:11+07:00,25.10000,82.00000,15.10000,22.30000,0.92407,405.46396
2025-06-28 18:45:04+07:00,25.10000,82.10000,14.30000,24.20000,0.91917,405.54730
2025-06-28 18:46:51+07:00,25.10000,82.00000,14.30000,20.90000,0.96657,405.52637
2025-06-28 18:47:43+07:00,25.10000,82.00000,12.90000,18.00000,0.96149,405.52637
2025-06-28 18:48:34+07:00,25.00000,82.30000,13.50000,19.30000,0.97679,405.44330
2025-06-28 18:49:28+07:00,25.00000,82.70000,14.20000,21.80000,0.86660,405.45361
2025-06-28 18:50:19+07:00,25.00000,82.80000,12.40000,18.40000,0.90701,405.35104
2025-06-28 18:51:10+07:00,25.00000,82.30000,13.70000,21.60000,0.95896,405.18033
2025-06-28 18:52:01+07:00,25.00000,82.40000,14.80000,21.40000,0.93642,405.39188
2025-06-28 18:52:53+07:00,25.00000,82.40000,14.20000,22.40000,0.97167,405.40213
2025-06-28 18:53:46+07:00,25.00000,82.70000,13.30000,18.50000,0.90459,405.48468
2025-06-28 18:54:38+07:00,25.00000,82.60000,13.00000,18.20000,0.92162,405.36124
2025-06-28 18:55:29+07:00,25.00000,82.80000,12.60000,19.10000,0.97679,405.09177
2025-06-28 18:56:21+07:00,25.00000,82.80000,12.90000,19.00000,0.86894,405.50549
2025-06-28 18:57:12+07:00,25.00000,82.80000,13.00000,17.90000,0.98452,405.33072
2025-06-28 18:58:04+07:00,25.00000,82.70000,12.40000,19.80000,0.94389,405.25009
2025-06-28 18:58:55+07:00,25.00000,82.80000,11.90000,16.90000,0.94389,405.38165
2025-06-28 18:59:47+07:00,24.90000,83.00000,12.80000,17.20000,0.86660,405.40213
2025-06-28 19:00:41+07:00,24.90000,83.30000,13.10000,19.10000,0.92162,405.50549
2025-06-28 19:01:33+07:00,24.90000,83.50000,13.80000,18.60000,0.85730,405.18033
2025-06-28 19:02:25+07:00,24.90000,83.70000,12.40000,17.50000,0.89737,405.40213
2025-06-28 19:03:16+07:00,24.80000,83.80000,12.40000,18.20000,0.91673,405.28021
2025-06-28 19:04:12+07:00,24.80000,84.10000,12.40000,16.80000,0.88781,405.33072
2025-06-28 19:05:02+07:00,24.80000,84.40000,13.40000,18.80000,0.91917,405.18033
2025-06-28 19:05:56+07:00,24.70000,84.60000,13.00000,17.70000,0.92407,405.26010
2025-06-28 19:06:50+07:00,24.70000,84.70000,14.10000,20.70000,0.92407,405.21014
2025-06-28 19:07:48+07:00,24.80000,84.70000,14.00000,18.80000,0.98194,405.32059
2025-06-28 19:10:29+07:00,24.80000,85.00000,13.40000,18.40000,0.95644,405.45361
2025-06-28 19:13:20+07:00,24.70000,85.50000,15.10000,21.90000,0.94389,405.30035
2025-06-28 19:14:17+07:00,24.60000,85.90000,14.20000,19.00000,0.86427,405.52637
2025-06-28 19:15:13+07:00,24.70000,85.80000,14.70000,19.90000,0.96149,405.28021
2025-06-28 19:16:08+07:00,24.60000,86.10000,14.10000,22.50000,0.90943,405.40213
2025-06-28 19:16:59+07:00,24.60000,86.40000,12.60000,17.00000,0.92162,405.30035
2025-06-28 19:18:49+07:00,24.50000,86.60000,12.10000,18.50000,0.94139,405.08200
2025-06-28 19:19:42+07:00,24.50000,86.80000,11.30000,16.10000,1.05076,405.44330
2025-06-28 19:20:37+07:00,24.40000,86.90000,12.10000,15.20000,0.88543,405.23007
2025-06-28 19:21:27+07:00,24.40000,87.50000,12.20000,14.90000,0.91917,405.17044
2025-06-28 19:22:27+07:00,24.40000,87.60000,11.30000,15.30000,0.92900,405.23007
2025-06-28 19:23:22+07:00,24.30000,87.50000,11.50000,17.80000,0.94639,405.21014
2025-06-28 19:24:17+07:00,24.30000,87.70000,11.00000,14.20000,0.91917,405.19025
2025-06-28 19:25:12+07:00,24.40000,87.70000,11.10000,13.00000,0.91429,405.28021
2025-06-28 19:26:02+07:00,24.40000,87.80000,11.60000,13.60000,0.92162,405.27014
2025-06-28 19:26:58+07:00,24.40000,87.90000,11.40000,17.00000,0.91429,405.17044
2025-06-28 19:27:53+07:00,24.40000,87.90000,11.10000,15.00000,0.91673,405.40213
2025-06-28 19:28:45+07:00,24.40000,87.60000,11.90000,18.20000,0.90943,405.39188
2025-06-28 19:29:37+07:00,24.30000,87.60000,12.50000,24.20000,0.88781,405.45361
2025-06-28 19:30:28+07:00,24.30000,87.60000,11.60000,20.40000,0.95392,405.27014
2025-06-28 19:31:24+07:00,24.30000,87.70000,12.60000,19.10000,0.89019,405.35104
2025-06-28 19:32:16+07:00,24.30000,87.80000,12.10000,21.40000,0.94389,405.11133
2025-06-28 19:33:07+07:00,24.40000,87.90000,12.30000,18.10000,0.96149,405.29028
2025-06-28 19:34:02+07:00,24.40000,87.70000,12.10000,15.80000,0.90701,405.35104
2025-06-28 19:34:52+07:00,24.40000,87.80000,11.30000,15.80000,0.92162,405.34088
2025-06-28 19:35:41+07:00,24.30000,88.00000,11.20000,13.90000,0.92407,405.22009
2025-06-28 19:36:30+07:00,24.20000,88.20000,12.10000,14.70000,0.97423,405.00446
2025-06-28 19:37:20+07:00,24.20000,88.30000,11.30000,14.20000,0.91186,405.23007
2025-06-28 19:38:09+07:00,24.20000,88.50000,10.60000,14.30000,0.92407,405.30035
2025-06-28 19:38:58+07:00,24.20000,88.30000,10.50000,14.40000,0.94389,405.32059
2025-06-28 19:39:48+07:00,24.10000,88.60000,11.50000,15.10000,0.97679,405.65292
2025-06-28 19:40:37+07:00,24.10000,88.60000,10.40000,13.80000,0.96403,405.52637
2025-06-28 19:41:27+07:00,24.10000,88.70000,14.40000,18.40000,0.86427,405.59991
2025-06-28 19:42:16+07:00,24.10000,88.80000,12.30000,15.40000,0.98452,405.50549
2025-06-28 19:43:05+07:00,24.10000,88.60000,25.70000,32.20000,0.91917,405.48468
2025-06-28 19:43:55+07:00,24.10000,88.70000,22.30000,28.70000,0.98969,405.49509
2025-06-28 19:44:44+07:00,24.20000,88.60000,13.90000,19.00000,1.02119,405.65292
2025-06-28 19:45:37+07:00,24.10000,88.60000,17.90000,22.20000,0.94639,405.54730
2025-06-28 19:46:26+07:00,24.20000,88.70000,29.00000,37.80000,1.02919,405.47430
2025-06-28 19:47:16+07:00,24.20000,88.50000,22.10000,27.00000,0.96403,405.64230
2025-06-28 19:48:05+07:00,24.30000,88.40000,15.50000,19.20000,0.96657,405.57883
2025-06-28 19:48:55+07:00,24.30000,88.10000,11.20000,14.80000,1.02652,405.69565
2025-06-28 19:49:47+07:00,24.30000,88.00000,10.70000,14.00000,0.97936,405.65292
2025-06-28 19:50:40+07:00,24.30000,88.00000,10.80000,14.70000,1.00010,405.55777
2025-06-28 19:51:29+07:00,24.30000,88.30000,11.10000,14.20000,0.98710,405.69565
2025-06-28 19:52:27+07:00,24.20000,88.40000,11.50000,14.80000,0.92900,405.63165
2025-06-28 19:53:16+07:00,24.20000,88.70000,11.90000,17.30000,0.96912,405.56830
2025-06-28 19:54:06+07:00,24.10000,89.00000,12.90000,18.10000,1.05894,405.62106
2025-06-28 19:54:55+07:00,24.10000,89.40000,11.20000,14.60000,0.98710,405.61047
2025-06-28 19:55:44+07:00,24.10000,89.30000,11.00000,13.10000,0.99749,405.43298
2025-06-28 19:56:34+07:00,24.10000,89.40000,10.60000,13.90000,0.98452,405.72784
2025-06-28 19:57:23+07:00,24.10000,89.30000,9.70000,11.90000,0.99489,405.73862
2025-06-28 19:58:12+07:00,24.10000,89.10000,11.60000,13.20000,0.93146,405.72784
2025-06-28 19:59:02+07:00,24.10000,89.10000,31.40000,37.50000,0.99229,405.65292
2025-06-28 19:59:51+07:00,24.10000,89.20000,9.90000,11.50000,0.98710,405.71710
2025-06-28 20:00:41+07:00,24.20000,89.00000,9.10000,12.50000,0.99229,405.67426
2025-06-28 20:01:30+07:00,24.20000,88.70000,19.30000,24.40000,1.00797,405.67426
2025-06-28 20:02:19+07:00,24.20000,88.50000,9.10000,12.60000,0.98452,405.68494
2025-06-28 20:03:12+07:00,24.20000,88.30000,14.50000,19.80000,0.95392,405.52637
2025-06-28 20:04:01+07:00,24.20000,87.90000,22.20000,27.30000,1.00010,405.65292
2025-06-28 20:04:50+07:00,24.20000,87.70000,7.70000,9.40000,1.00272,405.71710
2025-06-28 20:05:40+07:00,24.20000,87.60000,13.90000,17.90000,0.98969,405.63165
2025-06-28 20:06:29+07:00,24.20000,87.80000,7.80000,10.10000,0.96149,405.63165
2025-06-28 20:07:18+07:00,24.20000,86.90000,6.70000,9.40000,1.00534,405.54730
2025-06-28 20:08:08+07:00,24.10000,86.80000,6.70000,9.90000,0.96657,405.45361
2025-06-28 20:08:57+07:00,24.00000,87.00000,6.50000,8.60000,0.96149,405.45361
2025-06-28 20:09:47+07:00,24.00000,86.70000,6.40000,8.60000,0.95644,405.44330
2025-06-28 20:10:36+07:00,24.00000,86.80000,9.70000,13.60000,0.92900,405.38165
2025-06-28 20:11:25+07:00,24.00000,86.90000,8.70000,13.20000,0.97167,405.59991
2025-06-28 20:12:15+07:00,24.00000,86.90000,10.00000,15.30000,0.96912,405.46396
2025-06-28 20:13:04+07:00,24.00000,86.80000,17.10000,22.70000,0.95644,405.54730
2025-06-28 20:13:53+07:00,24.00000,86.70000,12.20000,17.10000,1.01060,405.46396
2025-06-28 20:14:43+07:00,24.10000,86.60000,29.70000,38.10000,0.99749,405.48468
2025-06-28 20:15:32+07:00,24.10000,86.50000,11.30000,15.10000,1.01060,405.50549
2025-06-28 20:16:21+07:00,24.20000,86.30000,13.00000,17.00000,0.96657,405.45361
2025-06-28 20:17:11+07:00,24.20000,86.20000,7.20000,10.20000,0.98194,405.38165
2025-06-28 20:18:00+07:00,24.10000,86.20000,7.40000,11.90000,0.89258,405.52637
2025-06-28 20:18:50+07:00,24.10000,86.10000,7.30000,12.00000,0.96403,405.62106
2025-06-28 20:19:39+07:00,24.10000,86.10000,13.40000,20.50000,0.95392,405.52637
2025-06-28 20:20:28+07:00,24.10000,86.30000,7.60000,12.50000,0.99229,405.37143
2025-06-28 20:21:18+07:00,24.10000,86.20000,7.40000,10.30000,0.98969,405.25009
2025-06-28 20:22:07+07:00,24.10000,86.20000,7.90000,11.70000,0.96657,405.34088
2025-06-28 20:22:56+07:00,24.20000,86.20000,7.20000,10.80000,0.98194,405.52637
2025-06-28 20:23:46+07:00,24.10000,86.10000,8.00000,13.80000,0.92407,405.27014
2025-06-28 20:24:35+07:00,24.10000,86.30000,6.80000,9.70000,0.99749,405.79272
2025-06-28 20:25:25+07:00,24.10000,86.20000,6.50000,9.80000,0.98452,405.38165
2025-06-28 20:26:14+07:00,24.20000,86.20000,6.30000,10.00000,0.95140,405.63165
2025-06-28 20:27:08+07:00,24.20000,86.10000,5.80000,7.60000,0.98194,405.42267
2025-06-28 20:27:57+07:00,24.10000,86.40000,10.60000,12.60000,0.97423,405.23007
2025-06-28 20:28:50+07:00,24.10000,86.10000,5.30000,7.50000,0.94889,404.89938
2025-06-28 20:29:40+07:00,24.00000,86.20000,5.60000,7.00000,0.96657,405.19025
2025-06-28 20:30:29+07:00,24.00000,86.30000,8.10000,9.30000,0.96912,405.31049
2025-06-28 20:31:18+07:00,24.10000,86.10000,6.00000,6.80000,0.91186,405.23007
2025-06-28 20:32:08+07:00,24.10000,85.90000,5.30000,7.50000,0.92653,405.42267
2025-06-28 20:32:58+07:00,24.10000,86.30000,9.90000,11.30000,0.95392,405.33072
2025-06-28 20:33:47+07:00,24.10000,86.60000,7.80000,8.80000,0.91673,405.39188
2025-06-28 20:34:36+07:00,24.10000,86.40000,5.90000,6.60000,0.98452,405.23007
2025-06-28 20:35:26+07:00,24.10000,86.60000,6.10000,7.60000,0.95140,405.30035
2025-06-28 20:36:15+07:00,24.10000,86.20000,5.60000,6.60000,0.93642,405.28021
2025-06-28 20:37:05+07:00,24.10000,86.20000,5.90000,8.10000,0.97423,405.22009
2025-06-28 20:37:54+07:00,24.10000,86.20000,7.70000,9.70000,0.92407,405.28021
2025-06-28 20:38:43+07:00,24.10000,86.30000,6.80000,8.90000,0.95140,405.35104
2025-06-28 20:39:33+07:00,24.10000,85.90000,6.90000,11.10000,0.96657,405.38165
2025-06-28 20:40:22+07:00,24.10000,85.90000,23.70000,28.30000,0.97679,405.38165
2025-06-28 20:41:12+07:00,24.10000,85.80000,10.30000,13.80000,0.89977,405.21014
2025-06-28 20:42:01+07:00,24.20000,85.70000,9.80000,12.70000,0.96149,405.36124
2025-06-28 20:42:51+07:00,24.20000,85.60000,11.20000,16.40000,0.94139,405.38165
2025-06-28 20:43:40+07:00,24.20000,85.50000,8.70000,13.70000,0.88306,405.31049
2025-06-28 20:44:29+07:00,24.30000,85.30000,9.70000,14.50000,0.92407,405.16055
2025-06-28 20:45:19+07:00,24.20000,85.30000,13.00000,20.10000,0.94139,405.45361
2025-06-28 20:46:08+07:00,24.20000,85.50000,9.80000,15.90000,1.01324,405.38165
2025-06-28 20:46:58+07:00,24.20000,85.40000,7.90000,9.80000,0.93642,405.37143
2025-06-28 20:47:47+07:00,24.20000,85.50000,12.30000,16.00000,0.95644,405.44330
2025-06-28 20:48:37+07:00,24.20000,85.50000,7.80000,11.40000,0.90459,405.28021
2025-06-28 20:49:27+07:00,24.20000,85.50000,7.60000,11.70000,0.98452,405.45361
2025-06-28 20:50:17+07:00,24.20000,85.40000,6.80000,7.90000,0.91673,405.47430
2025-06-28 20:51:06+07:00,24.10000,85.50000,7.60000,9.60000,0.92900,405.34088
2025-06-28 20:51:55+07:00,24.10000,85.30000,7.00000,9.60000,0.94139,405.33072
2025-06-28 20:52:45+07:00,24.20000,85.00000,6.90000,11.30000,1.00534,405.30035
2025-06-28 20:53:37+07:00,24.20000,85.00000,7.80000,10.60000,0.97423,405.42267
2025-06-28 20:54:26+07:00,24.20000,85.00000,6.80000,8.40000,0.95140,405.27014
2025-06-28 20:55:16+07:00,24.20000,85.00000,6.90000,9.50000,0.89977,405.16055
2025-06-28 20:56:08+07:00,24.20000,85.00000,6.90000,8.40000,0.96403,405.16055
2025-06-28 20:56:58+07:00,24.20000,84.80000,6.70000,8.30000,0.97167,405.42267
2025-06-28 20:57:48+07:00,24.20000,84.90000,7.00000,9.00000,0.93642,405.58936
2025-06-28 20:58:38+07:00,24.20000,85.00000,9.50000,12.30000,0.94639,405.55777
2025-06-28 20:59:27+07:00,24.20000,85.10000,10.10000,13.70000,0.95140,405.32059
2025-06-28 21:00:17+07:00,24.20000,85.10000,7.30000,14.10000,0.93642,405.52637
2025-06-28 21:01:06+07:00,24.30000,85.00000,7.20000,9.30000,0.96403,405.46396
2025-06-28 21:01:56+07:00,24.30000,85.00000,34.90000,40.80000,0.93146,405.50549
2025-06-28 21:02:46+07:00,24.30000,85.10000,8.90000,11.80000,0.94639,405.66357
2025-06-28 21:03:35+07:00,24.40000,84.80000,7.60000,9.60000,0.95140,405.64230
2025-06-28 21:04:25+07:00,24.40000,84.60000,10.80000,13.00000,0.98710,405.47430
2025-06-28 21:05:15+07:00,24.40000,84.60000,11.00000,14.70000,0.98710,405.55777
2025-06-28 21:06:05+07:00,24.40000,84.70000,10.90000,13.80000,0.98194,405.33072
2025-06-28 21:06:57+07:00,24.40000,84.80000,12.10000,17.30000,1.00272,405.64230
2025-06-28 21:07:47+07:00,24.40000,84.70000,10.80000,16.40000,0.99229,405.58936
2025-06-28 21:08:37+07:00,24.40000,84.70000,10.70000,13.60000,0.97423,405.53680
2025-06-28 21:09:27+07:00,24.30000,84.80000,21.60000,28.00000,0.91673,405.64230
2025-06-28 21:10:16+07:00,24.30000,84.90000,10.30000,15.50000,0.92407,405.65292
2025-06-28 21:11:06+07:00,24.30000,84.80000,10.50000,15.50000,0.96912,405.53680
2025-06-28 21:11:56+07:00,24.30000,84.70000,9.90000,13.50000,0.97679,405.78186
2025-06-28 21:12:45+07:00,24.40000,84.90000,15.70000,20.20000,0.98969,405.56830
2025-06-28 21:13:35+07:00,24.40000,84.90000,19.60000,24.70000,0.97167,405.55777
2025-06-28 21:14:24+07:00,24.40000,84.80000,13.70000,17.20000,0.99489,405.66357
2025-06-28 21:15:14+07:00,24.30000,85.10000,15.40000,20.60000,0.94639,405.66357
2025-06-28 21:16:08+07:00,24.30000,85.40000,12.70000,18.00000,0.98969,405.58936
2025-06-28 21:17:00+07:00,24.40000,85.30000,11.60000,15.70000,0.98969,405.53680
2025-06-28 21:17:49+07:00,24.40000,85.10000,12.00000,17.80000,0.96912,405.46396
2025-06-28 21:18:39+07:00,24.40000,85.10000,12.50000,17.50000,0.99749,405.70636
2025-06-28 21:19:28+07:00,24.40000,85.30000,14.50000,20.30000,0.98710,405.54730
2025-06-28 21:20:18+07:00,24.50000,85.10000,12.80000,17.80000,0.99749,405.84723
2025-06-28 21:21:07+07:00,24.50000,85.10000,14.00000,17.50000,0.96403,405.66357
2025-06-28 21:21:57+07:00,24.40000,85.10000,12.20000,17.90000,0.95392,405.55777
2025-06-28 21:22:46+07:00,24.40000,84.80000,11.60000,14.90000,0.97936,405.69565
2025-06-28 21:23:36+07:00,24.40000,84.60000,16.40000,21.40000,0.97679,405.28021
2025-06-28 21:24:25+07:00,24.40000,84.70000,20.10000,26.10000,1.01589,405.50549
2025-06-28 21:25:15+07:00,24.40000,84.90000,14.80000,17.50000,0.96912,405.71710
2025-06-28 21:26:04+07:00,24.40000,84.70000,14.80000,20.60000,0.99489,405.80359
2025-06-28 21:26:54+07:00,24.40000,84.70000,16.20000,22.30000,0.97936,405.84723
2025-06-28 21:27:43+07:00,24.40000,85.00000,16.50000,23.00000,0.96403,405.67426
2025-06-28 21:28:33+07:00,24.40000,85.10000,15.30000,20.20000,0.95392,405.68494
2025-06-28 21:29:22+07:00,24.40000,85.00000,14.30000,20.50000,0.88781,405.65292
2025-06-28 21:30:12+07:00,24.40000,84.80000,14.00000,18.60000,1.00010,405.59991
2025-06-28 21:31:01+07:00,24.40000,84.80000,13.60000,16.10000,0.97423,405.69565
2025-06-28 21:31:51+07:00,24.40000,84.90000,12.40000,16.20000,0.99229,406.33383
2025-06-28 21:32:40+07:00,24.50000,84.90000,12.40000,17.10000,1.13776,407.21051
2025-06-28 21:33:30+07:00,24.50000,84.80000,14.50000,20.90000,1.24589,407.21051
2025-06-28 21:34:19+07:00,24.50000,85.00000,16.50000,21.20000,1.32569,407.51526
2025-06-28 21:35:09+07:00,24.40000,85.00000,10.10000,12.40000,1.36877,407.35495
2025-06-28 21:35:59+07:00,24.50000,84.80000,10.20000,15.30000,1.31266,407.30215
2025-06-28 21:36:49+07:00,24.50000,84.50000,9.50000,13.90000,1.32242,406.90356
2025-06-28 21:37:38+07:00,24.50000,83.60000,10.60000,14.50000,1.23968,406.68054
2025-06-28 21:38:27+07:00,24.50000,84.00000,10.30000,15.20000,1.24278,406.65613
2025-06-28 21:39:17+07:00,24.50000,84.40000,10.20000,12.30000,1.17888,406.57129
2025-06-28 21:40:06+07:00,24.50000,84.50000,10.70000,15.00000,1.17888,406.42795
2025-06-28 21:40:56+07:00,24.50000,84.40000,11.10000,15.20000,1.14066,406.43979
2025-06-28 21:41:45+07:00,24.50000,84.40000,10.70000,14.90000,1.21202,406.36899
2025-06-28 21:42:34+07:00,24.50000,84.00000,11.70000,15.70000,1.26784,406.16043
2025-06-28 21:43:24+07:00,24.50000,83.60000,11.70000,16.90000,1.19687,406.42795
2025-06-28 21:44:14+07:00,24.50000,83.40000,11.60000,15.80000,1.18485,406.06958
2025-06-28 21:45:03+07:00,24.50000,83.60000,11.30000,15.80000,1.20291,406.14902
2025-06-28 21:45:53+07:00,24.50000,83.90000,12.80000,18.30000,1.13776,406.25241
2025-06-28 21:46:42+07:00,24.50000,83.90000,11.60000,14.20000,1.14357,406.11487
2025-06-28 21:47:32+07:00,24.50000,83.70000,11.10000,16.40000,1.14648,406.10352
2025-06-28 21:48:22+07:00,24.50000,83.70000,12.10000,16.70000,1.05076,405.77103
2025-06-28 21:49:12+07:00,24.50000,83.90000,12.00000,15.40000,1.10343,405.46396
2025-06-28 21:50:01+07:00,24.50000,83.90000,11.80000,16.10000,1.13487,405.81448
2025-06-28 21:50:50+07:00,24.50000,83.60000,11.00000,16.30000,1.08937,405.88016
2025-06-28 21:51:40+07:00,24.50000,83.30000,10.70000,15.50000,1.11478,405.74942
2025-06-28 21:52:30+07:00,24.50000,83.30000,10.20000,14.60000,1.14648,405.59991
2025-06-28 21:53:19+07:00,24.40000,83.40000,10.90000,16.70000,1.03187,405.54730
2025-06-28 21:54:09+07:00,24.40000,83.60000,10.80000,15.40000,1.08658,405.51593
2025-06-28 21:54:58+07:00,24.40000,83.50000,16.20000,23.00000,1.03993,405.53680
2025-06-28 21:55:48+07:00,24.40000,83.70000,11.90000,17.10000,0.97679,405.68494
2025-06-28 21:56:38+07:00,24.30000,83.70000,12.40000,16.80000,1.11763,405.53680
2025-06-28 21:57:27+07:00,24.30000,83.60000,12.40000,16.80000,1.03993,405.61047
2025-06-28 21:58:17+07:00,24.30000,83.60000,14.10000,21.40000,0.99229,405.66357
2025-06-28 21:59:08+07:00,24.30000,83.50000,10.20000,14.80000,1.00272,405.43298
2025-06-28 21:59:58+07:00,24.40000,83.20000,14.90000,18.30000,1.04263,405.65292
2025-06-28 22:00:48+07:00,24.50000,82.80000,10.30000,13.30000,0.98969,405.44330
2025-06-28 22:01:42+07:00,24.40000,82.60000,10.30000,13.50000,1.03187,405.59991
2025-06-28 22:02:32+07:00,24.40000,82.60000,12.00000,17.40000,1.03724,405.67426
2025-06-28 22:03:22+07:00,24.30000,82.70000,10.50000,14.00000,1.03993,405.46396
2025-06-28 22:04:12+07:00,24.30000,82.90000,11.10000,15.20000,1.02385,405.61047
2025-06-28 22:05:01+07:00,24.30000,83.00000,10.40000,14.70000,1.09217,405.63165
2025-06-28 22:05:51+07:00,24.20000,82.90000,11.20000,14.60000,0.99489,405.36124
2025-06-28 22:06:41+07:00,24.30000,82.70000,9.10000,12.00000,1.01589,405.57883
2025-06-28 22:07:31+07:00,24.20000,82.70000,9.10000,12.90000,1.00797,405.65292
2025-06-28 22:08:21+07:00,24.10000,82.90000,8.40000,10.80000,1.01589,405.44330
2025-06-28 22:09:12+07:00,24.10000,83.00000,9.20000,11.70000,0.95896,405.44330
2025-06-28 22:10:01+07:00,24.10000,82.90000,9.20000,11.70000,0.99749,404.98523
2025-06-28 22:10:51+07:00,24.10000,82.90000,9.60000,13.30000,0.99749,405.35104
2025-06-28 22:11:42+07:00,24.20000,83.00000,9.80000,15.90000,0.97936,405.35104
2025-06-28 22:12:32+07:00,24.20000,83.00000,8.50000,11.90000,1.03187,405.48468
2025-06-28 22:13:22+07:00,24.20000,83.00000,8.20000,10.40000,1.00534,405.57883
2025-06-28 22:14:12+07:00,24.20000,82.90000,8.70000,11.10000,0.98710,405.42267
2025-06-28 22:15:02+07:00,24.20000,82.90000,9.40000,14.00000,0.97423,405.42267
2025-06-28 22:15:52+07:00,24.20000,83.00000,8.50000,10.70000,0.98710,405.31049
2025-06-28 22:16:41+07:00,24.20000,82.90000,8.70000,11.40000,0.99489,405.38165
2025-06-28 22:17:31+07:00,24.20000,83.00000,7.80000,10.30000,1.00272,405.39188
2025-06-28 22:18:21+07:00,24.10000,83.20000,8.50000,10.30000,0.94889,405.47430
2025-06-28 22:19:11+07:00,24.20000,83.20000,8.70000,11.50000,0.94639,405.46396
2025-06-28 22:20:00+07:00,24.10000,83.30000,8.40000,10.70000,1.00797,405.25009
2025-06-28 22:20:50+07:00,24.10000,83.30000,8.70000,13.30000,0.92162,405.28021
2025-06-28 22:21:40+07:00,24.10000,83.20000,8.80000,11.90000,0.96149,405.38165
2025-06-28 22:22:30+07:00,24.10000,83.30000,9.10000,12.20000,0.97167,405.11133
2025-06-28 22:23:19+07:00,24.10000,83.10000,9.70000,13.40000,0.96912,405.34088
2025-06-28 22:24:15+07:00,24.00000,83.30000,9.40000,14.80000,0.93146,405.28021
2025-06-28 22:25:08+07:00,24.00000,83.20000,9.70000,13.20000,0.94639,405.31049
2025-06-28 22:25:58+07:00,24.10000,83.20000,10.50000,14.40000,0.91673,405.38165
2025-06-28 22:26:47+07:00,24.10000,83.20000,11.00000,16.90000,0.94139,405.33072
2025-06-28 22:27:37+07:00,24.00000,83.40000,13.00000,18.50000,0.89977,405.37143
2025-06-28 22:28:27+07:00,24.00000,83.70000,11.00000,15.20000,0.97936,405.34088
2025-06-28 22:29:17+07:00,24.00000,83.50000,12.00000,17.50000,0.97423,405.26010
2025-06-28 22:30:06+07:00,24.10000,83.60000,15.60000,21.80000,0.93394,405.23007
2025-06-28 22:30:56+07:00,24.10000,83.30000,12.10000,17.60000,0.95644,405.14081
2025-06-28 22:31:46+07:00,24.10000,83.20000,12.40000,18.80000,0.87363,405.62106
2025-06-28 22:32:36+07:00,24.10000,83.10000,13.90000,19.40000,0.91429,405.24005
2025-06-28 22:33:27+07:00,24.20000,83.10000,12.40000,17.10000,0.98194,405.13098
2025-06-28 22:34:17+07:00,24.20000,83.00000,13.20000,19.90000,0.90218,405.11133
2025-06-28 22:35:07+07:00,24.20000,82.90000,14.00000,21.30000,0.98452,405.32059
2025-06-28 22:35:56+07:00,24.20000,83.10000,14.40000,20.50000,0.95644,405.25009
2025-06-28 22:36:51+07:00,24.10000,83.10000,15.00000,21.50000,0.94389,405.28021
2025-06-28 22:37:46+07:00,24.10000,83.30000,14.00000,21.00000,0.90701,405.36124
2025-06-28 22:38:37+07:00,24.10000,83.50000,14.70000,22.10000,0.92900,405.39188
2025-06-28 22:39:27+07:00,24.10000,83.60000,16.10000,23.10000,0.93146,405.56830
2025-06-28 22:40:16+07:00,24.10000,83.50000,15.80000,23.40000,0.95896,405.43298
2025-06-28 22:41:06+07:00,24.10000,83.60000,16.90000,24.90000,0.97936,405.27014
2025-06-28 22:41:55+07:00,24.10000,83.50000,18.70000,26.60000,0.92900,405.19025
2025-06-28 22:42:45+07:00,24.10000,83.40000,18.70000,27.40000,0.92162,405.41238
2025-06-28 22:43:35+07:00,24.20000,83.50000,19.00000,28.00000,0.90701,405.34088
2025-06-28 22:44:25+07:00,24.10000,83.60000,20.10000,27.70000,0.96149,405.40213
2025-06-28 22:45:14+07:00,24.10000,83.80000,20.30000,29.80000,0.90943,405.41238
2025-06-28 22:46:04+07:00,24.10000,84.00000,22.00000,30.10000,0.96403,405.56830
2025-06-28 22:46:54+07:00,24.10000,84.00000,22.40000,32.00000,0.93146,405.31049
2025-06-28 22:47:43+07:00,24.10000,84.10000,21.00000,30.00000,1.00272,405.48468
2025-06-28 22:48:33+07:00,24.10000,83.90000,21.20000,30.60000,0.92407,405.54730
2025-06-28 22:49:22+07:00,24.10000,84.00000,21.50000,29.90000,0.95644,405.39188
2025-06-28 22:50:12+07:00,24.10000,83.80000,19.90000,28.10000,0.96149,405.35104
2025-06-28 22:51:05+07:00,24.10000,83.80000,19.30000,25.30000,0.90218,405.50549
2025-06-28 22:51:54+07:00,24.10000,83.90000,17.80000,24.60000,0.94639,405.45361
2025-06-28 22:52:44+07:00,24.10000,83.80000,15.90000,23.00000,0.97167,405.26010
2025-06-28 22:53:33+07:00,24.10000,83.80000,16.30000,25.40000,0.93642,405.49509
2025-06-28 22:54:23+07:00,24.10000,83.70000,16.90000,23.90000,0.93642,405.53680
2025-06-28 22:55:12+07:00,24.20000,83.60000,15.90000,23.00000,0.90943,405.65292
2025-06-28 22:56:02+07:00,24.10000,83.90000,16.00000,22.40000,0.97423,405.62106
2025-06-28 22:56:51+07:00,24.10000,83.90000,16.40000,21.70000,0.94639,405.52637
2025-06-28 22:57:41+07:00,24.10000,84.20000,17.60000,23.70000,0.90459,405.27014
2025-06-28 22:58:30+07:00,24.10000,84.20000,17.60000,23.40000,0.98969,405.62106
2025-06-28 22:59:20+07:00,24.10000,84.40000,18.80000,27.40000,0.95896,405.73862
2025-06-28 23:00:09+07:00,24.10000,84.80000,18.50000,26.90000,0.98969,405.46396
2025-06-28 23:00:59+07:00,24.10000,84.90000,17.80000,23.30000,0.99229,405.77103
2025-06-28 23:01:48+07:00,24.10000,84.90000,16.00000,22.40000,0.94889,406.03577
2025-06-28 23:02:37+07:00,24.10000,84.60000,17.40000,24.00000,0.99229,405.67426
2025-06-28 23:03:27+07:00,24.10000,85.10000,16.80000,23.80000,0.97167,405.67426
2025-06-28 23:04:16+07:00,24.10000,84.90000,16.70000,21.90000,0.97679,405.61047
2025-06-28 23:05:10+07:00,24.10000,84.90000,18.20000,28.10000,0.98710,405.56830
2025-06-28 23:05:59+07:00,24.10000,85.00000,18.00000,25.50000,0.99229,405.44330
2025-06-28 23:06:48+07:00,24.00000,85.10000,17.90000,25.00000,0.99749,405.63165
2025-06-28 23:07:38+07:00,24.00000,85.10000,20.20000,26.40000,0.98194,405.56830
2025-06-28 23:08:27+07:00,24.00000,85.20000,20.60000,27.90000,0.99489,405.76022
2025-06-28 23:09:24+07:00,24.00000,85.40000,21.10000,27.40000,0.97423,405.71710
2025-06-28 23:10:18+07:00,24.00000,85.40000,19.80000,27.30000,0.96657,405.78186
2025-06-28 23:12:12+07:00,24.00000,85.20000,20.60000,27.50000,0.95140,405.68494
2025-06-28 23:13:06+07:00,24.00000,85.20000,21.10000,28.70000,0.96657,405.61047
2025-06-28 23:13:56+07:00,24.00000,85.10000,24.20000,33.40000,1.00272,405.79272
2025-06-28 23:14:45+07:00,24.00000,84.90000,23.70000,32.50000,0.96403,405.69565
2025-06-28 23:15:35+07:00,24.10000,84.80000,22.70000,33.30000,1.01854,405.70636
2025-06-28 23:16:24+07:00,24.10000,84.80000,23.10000,35.60000,1.05621,405.77103
2025-06-28 23:17:17+07:00,24.10000,85.10000,24.80000,35.30000,0.99489,405.63165
2025-06-28 23:18:06+07:00,24.10000,85.10000,25.00000,37.30000,0.99749,405.82538
2025-06-28 23:18:56+07:00,24.00000,85.20000,25.60000,37.90000,1.00010,406.01334
2025-06-28 23:19:45+07:00,24.10000,85.20000,27.20000,38.00000,0.98194,405.74942
2025-06-28 23:20:35+07:00,24.10000,85.00000,27.90000,42.90000,1.01060,405.92429
2025-06-28 23:21:25+07:00,24.10000,85.20000,28.70000,45.80000,1.02385,406.11487
2025-06-28 23:22:14+07:00,24.00000,85.30000,29.70000,46.60000,1.06717,405.86917
2025-06-28 23:23:04+07:00,24.00000,85.40000,30.00000,44.60000,1.09779,406.22931
2025-06-28 23:23:58+07:00,24.00000,85.30000,30.20000,46.50000,1.05076,406.02457
2025-06-28 23:24:48+07:00,24.00000,85.40000,30.70000,48.20000,1.02919,405.91321
2025-06-28 23:25:40+07:00,24.00000,85.30000,29.70000,46.50000,1.01324,405.85818
2025-06-28 23:26:33+07:00,24.10000,85.20000,29.40000,47.10000,1.01060,405.83630
2025-06-28 23:27:22+07:00,24.00000,85.10000,30.20000,45.90000,1.01324,405.85818
2025-06-28 23:28:12+07:00,24.10000,85.10000,29.50000,45.80000,1.03724,405.66357
2025-06-28 23:29:02+07:00,24.10000,85.20000,30.10000,44.30000,1.05076,405.79272
2025-06-28 23:29:51+07:00,24.10000,85.30000,28.80000,43.70000,1.03187,405.79272
2025-06-28 23:30:40+07:00,24.10000,85.10000,30.10000,47.60000,1.05894,405.82538
2025-06-28 23:31:30+07:00,24.00000,85.20000,33.80000,49.60000,1.03455,405.97983
2025-06-28 23:32:19+07:00,24.00000,85.10000,31.60000,46.80000,1.03993,405.78186
2025-06-28 23:33:09+07:00,24.00000,85.40000,31.30000,48.30000,1.01854,405.93536
2025-06-28 23:33:59+07:00,24.00000,85.40000,33.90000,48.20000,1.03187,406.01334
2025-06-28 23:34:48+07:00,24.00000,85.30000,31.20000,45.90000,1.02652,405.76022
2025-06-28 23:35:41+07:00,24.00000,85.40000,32.30000,46.60000,1.07823,405.91321
2025-06-28 23:36:30+07:00,24.00000,85.40000,29.90000,44.40000,1.06717,406.10352
2025-06-28 23:37:20+07:00,24.00000,85.50000,31.80000,47.60000,1.03455,406.01334
2025-06-28 23:38:13+07:00,24.00000,85.60000,30.00000,45.50000,0.94389,405.80359
2025-06-28 23:39:06+07:00,24.00000,85.60000,30.40000,44.00000,1.01589,405.93536
2025-06-28 23:39:55+07:00,24.00000,85.40000,32.60000,48.00000,1.02119,405.83630
2025-06-28 23:40:54+07:00,24.10000,85.30000,32.00000,48.70000,1.02385,405.80359
2025-06-28 23:41:44+07:00,24.10000,85.20000,33.00000,48.30000,1.08937,405.83630
2025-06-28 23:42:33+07:00,24.10000,85.20000,31.10000,47.70000,1.06717,405.93536
2025-06-28 23:43:23+07:00,24.10000,85.30000,31.70000,46.20000,1.06168,406.10352
2025-06-28 23:44:16+07:00,24.10000,85.00000,30.30000,42.90000,1.06717,405.97983
2025-06-28 23:46:00+07:00,24.10000,85.60000,27.00000,37.70000,1.02652,406.17187
2025-06-28 23:46:52+07:00,24.10000,85.70000,25.20000,34.70000,1.04263,406.21777
2025-06-28 23:47:41+07:00,24.10000,85.80000,29.60000,41.60000,1.10626,406.13760
2025-06-28 23:48:31+07:00,24.10000,86.00000,30.40000,47.40000,1.08100,406.41611
2025-06-28 23:49:20+07:00,24.10000,86.10000,30.20000,43.00000,1.08658,406.49930
2025-06-28 23:50:14+07:00,24.00000,86.30000,31.40000,46.80000,1.08937,406.59543
2025-06-28 23:51:03+07:00,24.00000,86.50000,31.10000,52.10000,1.12336,406.71729
2025-06-28 23:51:53+07:00,24.00000,86.60000,31.00000,51.60000,1.14939,406.61966
2025-06-28 23:52:45+07:00,24.00000,86.60000,31.20000,46.30000,1.20594,406.51126
2025-06-28 23:53:34+07:00,23.90000,86.70000,32.30000,46.10000,1.16702,406.71729
2025-06-28 23:54:27+07:00,23.90000,86.80000,30.70000,44.20000,1.16702,406.61966
2025-06-28 23:55:17+07:00,23.90000,86.80000,31.80000,45.10000,1.14939,406.65613
2025-06-28 23:56:07+07:00,23.90000,86.90000,32.40000,51.40000,1.12910,406.86597
2025-06-28 23:56:56+07:00,23.90000,87.00000,31.40000,45.90000,1.22425,406.87848
2025-06-28 23:57:46+07:00,23.90000,87.00000,33.60000,50.10000,1.26784,406.65613
2025-06-28 23:59:34+07:00,23.90000,86.80000,33.60000,53.30000,1.29972,406.89099
2025-06-29 00:00:23+07:00,24.00000,86.70000,35.10000,53.40000,1.23349,406.87848
2025-06-29 00:01:13+07:00,24.00000,86.60000,35.80000,56.90000,1.25213,407.08127
2025-06-29 00:03:00+07:00,23.90000,86.70000,34.90000,59.60000,1.28370,406.92871
2025-06-29 00:03:53+07:00,23.90000,86.70000,36.10000,59.30000,1.23040,406.87848
2025-06-29 00:04:42+07:00,23.90000,86.50000,33.60000,55.20000,1.19385,406.75421
2025-06-29 00:05:32+07:00,23.90000,86.70000,34.40000,56.00000,1.32242,406.94131
2025-06-29 00:06:21+07:00,23.90000,86.80000,34.70000,51.70000,1.27416,406.94131
2025-06-29 00:07:10+07:00,23.80000,86.80000,33.90000,52.00000,1.23658,406.85345
2025-06-29 00:08:01+07:00,23.80000,87.00000,33.10000,52.00000,1.21202,406.82855
2025-06-29 00:08:51+07:00,23.80000,87.00000,33.60000,48.50000,1.26784,406.52322
2025-06-29 00:09:41+07:00,23.80000,87.00000,32.70000,48.20000,1.30941,406.66833
2025-06-29 00:10:31+07:00,23.80000,86.90000,31.70000,45.00000,1.20898,406.75421
2025-06-29 00:11:23+07:00,23.80000,86.90000,29.90000,44.30000,1.24278,406.72958
2025-06-29 00:12:13+07:00,23.80000,86.80000,31.10000,43.40000,1.21812,406.85345
2025-06-29 00:13:02+07:00,23.80000,86.90000,31.20000,43.20000,1.23040,406.55923
2025-06-29 00:13:52+07:00,23.80000,86.80000,31.30000,47.00000,1.21507,406.68054
2025-06-29 00:14:41+07:00,23.80000,86.80000,29.00000,41.90000,1.24278,406.81610
2025-06-29 00:15:31+07:00,23.90000,86.80000,30.30000,44.00000,1.23968,406.54721
2025-06-29 00:16:20+07:00,23.90000,86.80000,30.60000,46.90000,1.34544,407.01736
2025-06-29 00:17:09+07:00,23.90000,86.60000,30.80000,41.70000,1.25526,406.72958
2025-06-29 00:17:59+07:00,23.90000,86.70000,29.30000,40.40000,1.23968,406.54721
2025-06-29 00:18:52+07:00,23.90000,86.50000,28.60000,37.10000,1.22425,406.69278
2025-06-29 00:19:41+07:00,23.90000,86.50000,27.90000,36.60000,1.27100,406.45166
2025-06-29 00:20:31+07:00,23.90000,86.40000,27.40000,37.80000,1.17591,406.55923
2025-06-29 00:21:21+07:00,23.90000,86.40000,30.40000,42.90000,1.24589,406.43979
2025-06-29 00:22:11+07:00,23.90000,86.50000,30.10000,43.50000,1.27734,406.52322
2025-06-29 00:23:00+07:00,23.90000,86.60000,30.30000,42.00000,1.26154,406.17187
2025-06-29 00:23:49+07:00,23.90000,86.50000,31.00000,41.90000,1.24589,406.59543
2025-06-29 00:24:39+07:00,23.90000,86.40000,31.60000,46.30000,1.26468,406.46353
2025-06-29 00:25:35+07:00,23.90000,86.40000,32.00000,45.20000,1.31266,406.40430
2025-06-29 00:26:24+07:00,23.90000,86.60000,32.30000,44.20000,1.23968,406.39252
2025-06-29 00:27:14+07:00,23.90000,86.60000,31.20000,47.00000,1.17888,406.45166
2025-06-29 00:28:03+07:00,24.00000,86.60000,33.70000,49.20000,1.23349,406.47543
2025-06-29 00:28:53+07:00,24.00000,86.40000,33.40000,45.20000,1.17294,406.55923
2025-06-29 00:29:42+07:00,24.00000,86.50000,32.30000,45.30000,1.19988,406.49930
2025-06-29 00:30:32+07:00,23.90000,86.70000,32.70000,48.30000,1.25839,406.43979
2025-06-29 00:31:21+07:00,23.90000,86.90000,33.60000,43.00000,1.24901,406.59543
2025-06-29 00:32:11+07:00,23.80000,86.90000,33.10000,49.80000,1.18187,406.47543
2025-06-29 00:33:00+07:00,23.80000,87.10000,34.40000,50.70000,1.23658,406.79129
2025-06-29 00:33:50+07:00,23.80000,87.40000,34.00000,50.90000,1.26154,406.42795
2025-06-29 00:34:42+07:00,23.80000,87.40000,38.60000,54.90000,1.24589,406.41611
2025-06-29 00:35:35+07:00,23.80000,88.00000,34.10000,49.10000,1.27100,406.36899
2025-06-29 00:36:25+07:00,23.80000,87.80000,32.70000,46.20000,1.25839,406.49930
2025-06-29 00:37:15+07:00,23.70000,87.80000,33.60000,46.80000,1.23968,406.49930
2025-06-29 00:38:04+07:00,23.80000,87.80000,32.70000,45.10000,1.30618,406.51126
2025-06-29 00:38:57+07:00,23.80000,87.50000,33.00000,44.20000,1.24278,406.65613
2025-06-29 00:39:50+07:00,23.90000,87.30000,31.50000,44.00000,1.20898,406.45166
2025-06-29 00:40:43+07:00,23.80000,87.40000,31.70000,45.00000,1.24901,406.59543
2025-06-29 00:41:33+07:00,23.80000,87.60000,45.70000,63.00000,1.27100,406.48737
2025-06-29 00:42:25+07:00,23.80000,87.80000,46.80000,67.00000,1.19988,406.64395
2025-06-29 00:43:15+07:00,23.80000,87.90000,42.70000,60.60000,1.24901,406.70502
2025-06-29 00:44:08+07:00,23.80000,87.90000,43.00000,60.80000,1.24589,406.55923
2025-06-29 00:44:57+07:00,23.80000,87.80000,40.90000,57.40000,1.29009,406.64395
2025-06-29 00:45:50+07:00,23.80000,87.90000,43.70000,62.50000,1.25526,406.75421
2025-06-29 00:46:39+07:00,23.80000,88.00000,48.10000,67.90000,1.25213,406.52322
2025-06-29 00:47:29+07:00,23.80000,88.00000,45.70000,64.40000,1.26154,406.61966
2025-06-29 00:48:18+07:00,23.80000,88.00000,49.20000,70.70000,1.25839,406.53522
2025-06-29 00:49:08+07:00,23.70000,88.20000,70.60000,110.30000,1.21812,406.64395
2025-06-29 00:49:57+07:00,23.70000,88.40000,69.00000,106.30000,1.23040,406.63181
2025-06-29 00:50:46+07:00,23.70000,88.60000,54.40000,81.80000,1.22732,406.55923
2025-06-29 00:51:36+07:00,23.70000,88.60000,50.40000,75.40000,1.32897,406.87848
2025-06-29 00:52:25+07:00,23.70000,88.60000,55.40000,89.70000,1.34544,406.59543
2025-06-29 00:54:12+07:00,23.70000,88.80000,61.40000,99.40000,1.27100,406.66833
2025-06-29 00:55:02+07:00,23.70000,88.80000,56.10000,93.20000,1.23349,406.49930
2025-06-29 00:55:52+07:00,23.70000,88.80000,52.00000,84.40000,1.27416,406.65613
2025-06-29 00:56:41+07:00,23.60000,89.10000,47.20000,70.90000,1.28051,406.75421
2025-06-29 00:57:31+07:00,23.60000,89.30000,44.40000,62.30000,1.23658,406.82855
2025-06-29 00:58:21+07:00,23.60000,89.20000,43.70000,62.00000,1.28051,406.86597
2025-06-29 00:59:14+07:00,23.60000,89.40000,43.50000,59.20000,1.34875,406.81610
2025-06-29 01:00:06+07:00,23.60000,89.30000,43.40000,57.10000,1.29651,406.61966
2025-06-29 01:00:56+07:00,23.60000,89.20000,42.90000,57.50000,1.34875,406.81610
2025-06-29 01:01:45+07:00,23.60000,89.20000,41.00000,54.70000,1.31916,407.09409
2025-06-29 01:02:35+07:00,23.70000,89.30000,40.70000,52.50000,1.27734,406.65613
2025-06-29 01:03:24+07:00,23.70000,89.00000,39.40000,51.30000,1.29651,406.95395
2025-06-29 01:04:14+07:00,23.70000,89.10000,37.80000,50.20000,1.25526,406.05829
2025-06-29 01:05:03+07:00,23.70000,89.10000,37.50000,49.90000,1.31266,406.76654
2025-06-29 01:05:53+07:00,23.70000,89.00000,40.20000,53.60000,1.27100,406.64395
2025-06-29 01:07:34+07:00,23.60000,89.10000,36.50000,51.60000,1.26784,406.57129
2025-06-29 01:08:23+07:00,23.60000,89.00000,35.00000,48.10000,1.24589,406.53522
2025-06-29 01:09:13+07:00,23.60000,88.80000,30.80000,39.10000,1.16997,406.70502
2025-06-29 01:10:02+07:00,23.60000,88.80000,29.80000,38.00000,1.29651,406.53522
2025-06-29 01:10:51+07:00,23.70000,88.50000,29.00000,37.00000,1.27734,406.48737
2025-06-29 01:11:41+07:00,23.70000,88.30000,27.30000,39.50000,1.21812,406.45166
2025-06-29 01:12:30+07:00,23.60000,88.40000,28.10000,39.10000,1.26784,406.47543
2025-06-29 01:13:20+07:00,23.60000,88.50000,26.70000,39.20000,1.27100,406.39252
2025-06-29 01:14:09+07:00,23.60000,88.50000,27.80000,38.10000,1.26784,406.27557
2025-06-29 01:14:58+07:00,23.60000,88.50000,27.80000,36.00000,1.14357,406.20627
2025-06-29 01:15:48+07:00,23.60000,88.40000,32.00000,49.90000,1.19988,406.35724
2025-06-29 01:16:37+07:00,23.60000,88.50000,33.90000,53.50000,1.30618,406.36899
2025-06-29 01:17:28+07:00,23.60000,88.60000,31.10000,46.60000,1.19385,406.32214
2025-06-29 01:18:17+07:00,23.50000,88.90000,26.50000,36.40000,1.22732,406.36899
2025-06-29 01:19:07+07:00,23.50000,89.00000,26.70000,34.30000,1.20594,406.16043
2025-06-29 01:19:56+07:00,23.50000,88.90000,26.60000,39.60000,1.15818,406.17187
2025-06-29 01:20:45+07:00,23.40000,89.00000,28.30000,40.30000,1.19085,406.63181
2025-06-29 01:21:35+07:00,23.40000,89.00000,30.30000,45.60000,1.15818,406.19479
2025-06-29 01:22:24+07:00,23.40000,89.10000,33.90000,56.00000,1.19687,406.00214
2025-06-29 01:23:14+07:00,23.40000,89.10000,31.40000,47.00000,1.21812,406.14902
2025-06-29 01:24:04+07:00,23.50000,88.90000,34.30000,52.60000,1.18485,406.48737
2025-06-29 01:24:53+07:00,23.50000,88.70000,37.40000,58.70000,1.16997,406.36899
2025-06-29 01:25:43+07:00,23.60000,88.60000,37.40000,66.00000,1.19988,406.36899
2025-06-29 01:26:32+07:00,23.60000,88.50000,38.60000,64.40000,1.19687,406.33383
2025-06-29 01:27:23+07:00,23.60000,88.60000,38.50000,61.60000,1.18187,406.35724
2025-06-29 01:28:12+07:00,23.60000,88.40000,38.70000,62.70000,1.15232,406.40430
2025-06-29 01:29:02+07:00,23.60000,88.40000,37.90000,63.40000,1.21812,406.21777
2025-06-29 01:29:55+07:00,23.50000,88.60000,37.60000,57.60000,1.20291,406.36899
2025-06-29 01:30:44+07:00,23.50000,88.80000,37.00000,56.70000,1.20594,406.03577
2025-06-29 01:31:37+07:00,23.50000,88.70000,35.20000,55.10000,1.24278,406.31049
2025-06-29 01:32:26+07:00,23.60000,88.50000,32.60000,48.40000,1.22732,406.10352
2025-06-29 01:33:16+07:00,23.60000,88.40000,34.70000,53.80000,1.15524,406.40430
2025-06-29 01:34:05+07:00,23.50000,88.40000,33.30000,49.10000,1.15524,406.41611
2025-06-29 01:34:55+07:00,23.50000,88.30000,31.90000,50.10000,1.21812,406.27557
2025-06-29 01:35:44+07:00,23.60000,88.20000,32.20000,47.40000,1.19085,406.49930
2025-06-29 01:36:38+07:00,23.50000,88.20000,30.60000,47.50000,1.17888,406.40430
2025-06-29 01:37:27+07:00,23.50000,88.20000,30.20000,42.40000,1.15524,406.38074
2025-06-29 01:38:17+07:00,23.60000,88.00000,30.40000,43.30000,1.19385,406.36899
2025-06-29 01:39:11+07:00,23.50000,88.10000,29.50000,44.80000,1.25526,406.42795
2025-06-29 01:40:00+07:00,23.50000,88.10000,28.80000,44.60000,1.14939,406.19479
2025-06-29 01:40:50+07:00,23.60000,87.80000,29.10000,45.10000,1.19085,406.28720
2025-06-29 01:41:40+07:00,23.50000,87.80000,28.70000,42.00000,1.12623,406.41611
2025-06-29 01:42:29+07:00,23.50000,87.70000,28.50000,39.30000,1.22732,406.42795
2025-06-29 01:43:18+07:00,23.50000,87.70000,28.50000,39.60000,1.16702,406.71729
2025-06-29 01:44:08+07:00,23.50000,87.70000,29.00000,40.40000,1.15818,406.33383
2025-06-29 01:44:57+07:00,23.60000,87.70000,30.00000,41.50000,1.13776,406.29883
2025-06-29 01:45:47+07:00,23.60000,87.80000,30.80000,45.70000,1.16406,406.13760
2025-06-29 01:46:36+07:00,23.60000,87.70000,32.20000,46.30000,1.19385,406.42795
2025-06-29 01:47:26+07:00,23.60000,87.60000,31.40000,45.30000,1.18187,406.51126
2025-06-29 01:48:15+07:00,23.60000,87.50000,30.20000,45.90000,1.16702,406.21777
2025-06-29 01:49:05+07:00,23.60000,87.50000,30.00000,49.10000,1.23349,406.32214
2025-06-29 01:49:54+07:00,23.60000,87.60000,32.10000,47.70000,1.30941,406.29883
2025-06-29 01:50:44+07:00,23.50000,87.90000,30.10000,46.70000,1.14066,406.39252
2025-06-29 01:51:37+07:00,23.50000,88.10000,28.60000,42.90000,1.16997,406.45166
2025-06-29 01:52:27+07:00,23.50000,88.00000,29.10000,43.60000,1.18187,406.33383
2025-06-29 01:53:16+07:00,23.50000,87.90000,25.20000,36.50000,1.15232,406.20627
2025-06-29 01:54:05+07:00,23.50000,87.50000,25.40000,37.50000,1.19085,406.35724
2025-06-29 01:54:55+07:00,23.50000,87.40000,24.20000,36.50000,1.21202,406.09216
2025-06-29 01:55:45+07:00,23.50000,87.30000,23.70000,35.20000,1.15232,406.17187
2025-06-29 01:56:34+07:00,23.50000,87.50000,28.20000,41.50000,1.14648,406.00214
2025-06-29 01:57:24+07:00,23.40000,87.70000,28.80000,45.10000,1.17294,406.12622
2025-06-29 01:58:13+07:00,23.50000,87.50000,27.10000,39.90000,1.18187,406.19479
2025-06-29 01:59:03+07:00,23.50000,87.50000,25.00000,39.60000,1.08100,406.08087
2025-06-29 02:00:45+07:00,23.50000,87.40000,25.40000,35.20000,1.11763,406.21777
2025-06-29 02:01:34+07:00,23.50000,87.40000,25.80000,37.40000,1.17294,405.95755
2025-06-29 02:02:24+07:00,23.50000,87.30000,27.10000,37.90000,1.19988,406.03577
2025-06-29 02:03:13+07:00,23.50000,87.20000,26.40000,43.40000,1.18187,406.16043
2025-06-29 02:04:03+07:00,23.50000,87.10000,26.20000,40.90000,1.16406,406.05829
2025-06-29 02:04:53+07:00,23.50000,87.20000,29.00000,47.20000,1.15232,406.29883
2025-06-29 02:05:48+07:00,23.50000,87.20000,27.10000,43.50000,1.14066,406.11487
2025-06-29 02:06:38+07:00,23.50000,87.30000,27.50000,45.20000,1.10626,406.16043
2025-06-29 02:07:28+07:00,23.50000,87.40000,27.30000,42.20000,1.09779,406.17187
2025-06-29 02:08:17+07:00,23.50000,87.40000,30.00000,48.40000,1.12049,406.02457
2025-06-29 02:09:06+07:00,23.50000,87.40000,30.70000,46.00000,1.14357,405.97983
2025-06-29 02:10:00+07:00,23.50000,87.40000,32.20000,50.60000,1.19988,405.82538
2025-06-29 02:11:46+07:00,23.50000,87.60000,30.70000,48.40000,1.16997,406.10352
2025-06-29 02:12:36+07:00,23.50000,87.70000,29.80000,43.80000,1.18485,406.12622
2025-06-29 02:13:33+07:00,23.50000,87.60000,29.90000,45.50000,1.15232,406.11487
2025-06-29 02:14:26+07:00,23.50000,87.50000,29.10000,43.90000,1.17294,406.17187
2025-06-29 02:15:23+07:00,23.60000,87.40000,28.40000,44.30000,1.15818,406.03577
2025-06-29 02:16:13+07:00,23.50000,87.50000,28.80000,41.70000,1.21507,406.13760
2025-06-29 02:17:02+07:00,23.50000,87.50000,26.20000,39.10000,1.16406,406.24084
2025-06-29 02:17:52+07:00,23.50000,87.50000,28.30000,43.80000,1.15524,406.09216
2025-06-29 02:18:42+07:00,23.50000,87.70000,29.30000,40.40000,1.19385,406.11487
2025-06-29 02:19:35+07:00,23.50000,87.80000,29.30000,44.10000,1.16112,406.10352
2025-06-29 02:20:25+07:00,23.50000,87.90000,29.60000,43.90000,1.28370,406.10352
2025-06-29 02:21:15+07:00,23.50000,87.90000,31.20000,45.30000,1.15818,406.12622
2025-06-29 02:22:04+07:00,23.50000,87.80000,30.80000,47.00000,1.16702,406.12622
2025-06-29 02:22:53+07:00,23.40000,88.00000,30.90000,44.50000,1.19085,406.05829
2025-06-29 02:23:46+07:00,23.30000,88.20000,29.20000,42.30000,1.18187,406.18332
2025-06-29 02:24:36+07:00,23.40000,88.20000,30.20000,40.60000,1.15818,406.10352
2025-06-29 02:25:25+07:00,23.40000,88.00000,28.30000,39.90000,1.14066,406.26398
2025-06-29 02:26:14+07:00,23.40000,88.10000,28.90000,43.80000,1.12910,406.13760
2025-06-29 02:27:04+07:00,23.40000,87.80000,28.40000,40.00000,1.07823,406.10352
2025-06-29 02:27:53+07:00,23.40000,87.60000,27.90000,40.90000,1.15524,406.11487
2025-06-29 02:28:43+07:00,23.50000,87.50000,28.30000,40.50000,1.14357,406.13760
2025-06-29 02:29:32+07:00,23.40000,87.60000,28.00000,40.70000,1.09779,406.16043
2025-06-29 02:30:21+07:00,23.40000,87.70000,24.80000,35.80000,1.13487,405.97983
2025-06-29 02:31:11+07:00,23.40000,87.50000,26.10000,35.70000,1.14648,406.21777
2025-06-29 02:32:00+07:00,23.30000,87.50000,24.40000,34.30000,1.16997,406.16043
2025-06-29 02:32:50+07:00,23.30000,87.80000,25.10000,35.40000,1.13487,406.06958
2025-06-29 02:33:39+07:00,23.30000,87.70000,24.10000,37.30000,1.15818,406.25241
2025-06-29 02:34:29+07:00,23.30000,87.70000,24.30000,33.40000,1.16112,406.21777
2025-06-29 02:35:18+07:00,23.30000,87.70000,24.00000,31.70000,1.06993,406.42795
2025-06-29 02:36:07+07:00,23.30000,87.80000,23.50000,32.70000,1.10343,406.08087
2025-06-29 02:36:57+07:00,23.30000,87.80000,24.10000,36.40000,1.11194,406.09216
2025-06-29 02:37:46+07:00,23.30000,87.70000,23.60000,33.60000,1.13198,405.84723
2025-06-29 02:38:35+07:00,23.30000,87.80000,23.60000,35.40000,1.17294,406.31049
2025-06-29 02:39:25+07:00,23.30000,87.80000,23.90000,35.50000,1.12336,406.31049
2025-06-29 02:40:14+07:00,23.30000,87.70000,25.90000,37.30000,1.13487,406.05829
2025-06-29 02:41:04+07:00,23.30000,87.60000,26.80000,37.30000,1.19687,405.93536
2025-06-29 02:41:53+07:00,23.30000,87.50000,25.90000,36.70000,1.15524,405.88016
2025-06-29 02:42:42+07:00,23.30000,87.50000,25.00000,33.30000,1.08937,405.95755
2025-06-29 02:43:32+07:00,23.30000,87.50000,25.30000,33.90000,1.12910,406.22931
2025-06-29 02:44:21+07:00,23.30000,87.60000,23.30000,32.60000,1.12910,405.94644
2025-06-29 02:45:11+07:00,23.20000,87.70000,24.80000,36.30000,1.05348,406.09216
2025-06-29 02:46:00+07:00,23.30000,87.50000,25.70000,39.20000,1.13198,406.10352
2025-06-29 02:46:50+07:00,23.30000,87.40000,26.30000,38.70000,1.11763,405.95755
2025-06-29 02:47:39+07:00,23.30000,87.40000,28.40000,40.60000,1.19988,406.02457
2025-06-29 02:48:28+07:00,23.40000,87.20000,27.90000,39.80000,1.13198,405.82538
2025-06-29 02:49:18+07:00,23.40000,87.10000,27.60000,38.90000,1.13487,406.32214
2025-06-29 02:50:07+07:00,23.40000,87.00000,27.30000,36.80000,1.10626,406.09216
2025-06-29 02:50:57+07:00,23.30000,87.10000,27.00000,38.90000,1.16406,405.96866
2025-06-29 02:51:46+07:00,23.30000,87.30000,27.90000,40.60000,1.11478,406.17187
2025-06-29 02:52:35+07:00,23.30000,87.10000,25.40000,33.00000,1.11763,406.22931
2025-06-29 02:53:25+07:00,23.40000,87.10000,26.20000,36.60000,1.05621,406.28720
2025-06-29 02:54:14+07:00,23.30000,87.10000,25.10000,36.30000,1.15232,406.09216
2025-06-29 02:55:04+07:00,23.30000,87.20000,23.70000,33.30000,1.06717,406.04703
2025-06-29 02:55:53+07:00,23.30000,87.20000,24.90000,36.00000,1.13487,406.12622
2025-06-29 02:56:42+07:00,23.40000,87.20000,24.20000,36.30000,1.05076,406.00214
2025-06-29 02:57:32+07:00,23.40000,86.90000,25.60000,35.90000,1.17591,405.97983
2025-06-29 02:58:22+07:00,23.30000,87.00000,24.30000,35.10000,1.21202,405.80359
2025-06-29 02:59:11+07:00,23.30000,87.10000,23.50000,30.00000,1.14939,405.96866
2025-06-29 03:00:00+07:00,23.30000,87.20000,24.50000,32.40000,1.12049,406.06958
2025-06-29 03:00:50+07:00,23.30000,87.20000,24.90000,34.20000,1.16997,406.29883
2025-06-29 03:01:39+07:00,23.30000,87.20000,23.80000,35.20000,1.11194,406.12622
2025-06-29 03:02:29+07:00,23.30000,87.20000,25.30000,36.30000,1.15818,406.05829
2025-06-29 03:03:18+07:00,23.30000,87.10000,25.50000,38.80000,1.08379,406.11487
2025-06-29 03:04:07+07:00,23.40000,86.70000,27.20000,39.80000,1.16997,406.10352
2025-06-29 03:04:57+07:00,23.40000,86.30000,26.80000,40.10000,1.15232,406.06958
2025-06-29 03:05:46+07:00,23.40000,86.50000,28.20000,42.50000,1.22425,405.95755
2025-06-29 03:06:35+07:00,23.30000,86.80000,28.20000,42.50000,1.10061,406.49930
2025-06-29 03:07:25+07:00,23.30000,86.80000,29.20000,43.10000,1.18187,406.09216
2025-06-29 03:08:14+07:00,23.20000,87.00000,29.30000,44.50000,1.07545,406.02457
2025-06-29 03:09:03+07:00,23.20000,87.00000,30.10000,46.20000,1.12336,406.29883
2025-06-29 03:09:53+07:00,23.20000,87.00000,29.20000,44.60000,1.16702,405.94644
2025-06-29 03:10:42+07:00,23.20000,87.10000,30.20000,45.70000,1.12623,405.95755
2025-06-29 03:11:31+07:00,23.30000,86.90000,30.80000,43.70000,1.14939,406.42795
2025-06-29 03:12:21+07:00,23.30000,86.80000,32.00000,45.70000,1.15524,406.38074
2025-06-29 03:13:10+07:00,23.30000,87.00000,34.20000,52.30000,1.14066,406.10352
2025-06-29 03:14:00+07:00,23.20000,87.00000,36.90000,53.80000,1.10343,406.31049
2025-06-29 03:14:49+07:00,23.30000,86.90000,40.80000,65.50000,1.14939,406.40430
2025-06-29 03:15:38+07:00,23.20000,87.00000,42.30000,67.80000,1.06442,406.14902
2025-06-29 03:16:28+07:00,23.20000,87.20000,44.10000,69.50000,1.13776,406.55923
2025-06-29 03:17:17+07:00,23.20000,87.40000,49.10000,80.10000,1.19687,406.26398
2025-06-29 03:18:07+07:00,23.10000,87.40000,47.00000,76.30000,1.11194,406.52322
2025-06-29 03:18:56+07:00,23.10000,87.50000,47.60000,73.90000,1.17294,406.77890
2025-06-29 03:19:46+07:00,23.10000,87.50000,45.40000,75.20000,1.19385,406.43979
2025-06-29 03:20:35+07:00,23.10000,87.60000,47.40000,79.10000,1.20291,406.40430
2025-06-29 03:21:28+07:00,23.20000,87.60000,48.80000,80.40000,1.23040,406.52322
2025-06-29 03:22:20+07:00,23.20000,87.40000,51.00000,87.10000,1.22118,406.51126
2025-06-29 03:23:17+07:00,23.20000,87.50000,49.30000,85.10000,1.20898,406.71729
2025-06-29 03:24:06+07:00,23.10000,87.70000,48.60000,80.60000,1.18485,406.55923
2025-06-29 03:24:56+07:00,23.20000,87.60000,48.00000,80.00000,1.21812,406.64395
2025-06-29 03:25:45+07:00,23.10000,87.80000,48.80000,78.50000,1.28689,406.57129
2025-06-29 03:26:34+07:00,23.20000,87.90000,44.30000,75.50000,1.31916,406.68054
2025-06-29 03:27:24+07:00,23.10000,87.60000,43.60000,69.40000,1.16702,406.80368
2025-06-29 03:28:13+07:00,23.20000,87.60000,45.00000,75.10000,1.26784,406.54721
2025-06-29 03:29:03+07:00,23.10000,87.80000,43.70000,75.00000,1.23349,406.64395
2025-06-29 03:29:52+07:00,23.10000,87.70000,44.30000,69.60000,1.24901,407.06845
2025-06-29 03:30:42+07:00,23.10000,87.70000,43.20000,67.90000,1.31916,406.60754
2025-06-29 03:31:31+07:00,23.20000,87.30000,42.00000,64.80000,1.30295,406.90356
2025-06-29 03:32:20+07:00,23.30000,87.10000,41.10000,74.50000,1.24901,406.69278
2025-06-29 03:33:10+07:00,23.30000,87.10000,39.50000,65.90000,1.29329,406.55923
2025-06-29 03:33:59+07:00,23.30000,87.00000,39.40000,64.90000,1.27734,406.69278
2025-06-29 03:34:48+07:00,23.30000,87.10000,38.70000,62.80000,1.28370,406.20627
2025-06-29 03:35:38+07:00,23.30000,86.90000,37.80000,63.60000,1.19988,406.57129
2025-06-29 03:36:27+07:00,23.20000,87.10000,39.30000,62.80000,1.25839,406.16043
2025-06-29 03:37:17+07:00,23.20000,87.20000,37.90000,58.00000,1.27734,406.60754
2025-06-29 03:38:10+07:00,23.20000,87.30000,36.80000,57.80000,1.28689,406.55923
2025-06-29 03:39:00+07:00,23.10000,87.40000,35.70000,56.60000,1.32897,406.49930
2025-06-29 03:39:54+07:00,23.10000,87.50000,36.80000,58.50000,1.26154,406.55923
2025-06-29 03:40:43+07:00,23.20000,87.40000,35.30000,56.90000,1.32897,406.61966
2025-06-29 03:41:33+07:00,23.20000,87.20000,35.80000,59.70000,1.29651,406.65613
2025-06-29 03:42:22+07:00,23.20000,87.30000,35.70000,58.80000,1.39584,406.58337
2025-06-29 03:43:12+07:00,23.20000,87.50000,35.60000,54.10000,1.27734,406.51126
2025-06-29 03:44:01+07:00,23.20000,87.30000,34.50000,55.00000,1.27100,406.54721
2025-06-29 03:44:51+07:00,23.10000,87.60000,33.20000,54.50000,1.26154,406.58337
2025-06-29 03:45:44+07:00,23.10000,87.60000,33.50000,52.80000,1.25213,406.66833
2025-06-29 03:46:33+07:00,23.20000,87.40000,34.00000,57.00000,1.17294,406.61966
2025-06-29 03:47:23+07:00,23.20000,87.10000,33.40000,58.60000,1.24278,406.61966
2025-06-29 03:48:12+07:00,23.20000,87.10000,33.20000,53.10000,1.25213,406.46353
2025-06-29 03:49:02+07:00,23.20000,87.20000,33.50000,52.90000,1.23968,406.32214
2025-06-29 03:49:51+07:00,23.20000,87.00000,34.80000,56.30000,1.28689,406.57129
2025-06-29 03:50:41+07:00,23.30000,87.00000,34.90000,58.60000,1.22425,406.12622
2025-06-29 03:51:31+07:00,23.30000,87.10000,36.50000,59.50000,1.23968,406.48737
2025-06-29 03:52:24+07:00,23.30000,86.90000,36.10000,59.50000,1.23658,406.63181
2025-06-29 03:53:16+07:00,23.20000,87.30000,35.10000,56.90000,1.25839,406.51126
2025-06-29 03:54:05+07:00,23.20000,87.30000,35.50000,58.20000,1.28051,406.22931
2025-06-29 03:54:55+07:00,23.20000,87.60000,35.40000,56.70000,1.28370,406.11487
2025-06-29 03:55:44+07:00,23.10000,87.80000,35.50000,58.30000,1.26154,406.34552
2025-06-29 03:56:34+07:00,23.10000,87.60000,36.20000,56.60000,1.24589,406.18332
2025-06-29 03:57:23+07:00,23.10000,87.70000,37.80000,66.20000,1.22425,406.51126
2025-06-29 03:58:13+07:00,23.10000,87.80000,37.10000,62.70000,1.25526,406.47543
2025-06-29 03:59:02+07:00,23.10000,87.70000,37.00000,67.00000,1.18187,406.49930
2025-06-29 03:59:52+07:00,23.10000,87.90000,35.50000,59.40000,1.22118,406.47543
2025-06-29 04:00:41+07:00,23.10000,87.90000,35.80000,62.00000,1.28689,406.42795
2025-06-29 04:01:31+07:00,23.10000,87.90000,36.50000,61.40000,1.24589,406.51126
2025-06-29 04:02:20+07:00,23.10000,87.90000,34.20000,56.70000,1.25839,406.63181
2025-06-29 04:03:10+07:00,23.10000,87.90000,36.00000,58.80000,1.23658,406.74188
2025-06-29 04:03:59+07:00,23.10000,87.70000,37.20000,60.80000,1.22732,406.48737
2025-06-29 04:04:48+07:00,23.10000,87.80000,33.70000,59.10000,1.26468,406.53522
2025-06-29 04:05:38+07:00,23.10000,87.90000,31.50000,49.30000,1.20594,406.38074
2025-06-29 04:06:28+07:00,23.10000,87.50000,33.00000,58.20000,1.20898,406.20627
2025-06-29 04:07:20+07:00,23.20000,87.40000,32.80000,52.80000,1.26784,406.47543
2025-06-29 04:08:09+07:00,23.20000,87.40000,34.70000,54.20000,1.23968,406.47543
2025-06-29 04:08:59+07:00,23.10000,87.40000,33.70000,55.80000,1.26784,406.42795
2025-06-29 04:09:53+07:00,23.20000,87.40000,34.00000,52.00000,1.22118,406.19479
2025-06-29 04:10:45+07:00,23.10000,87.40000,34.60000,55.20000,1.23349,406.51126
2025-06-29 04:11:34+07:00,23.10000,87.70000,34.50000,56.20000,1.22425,406.52322
2025-06-29 04:12:24+07:00,23.10000,87.60000,33.50000,59.10000,1.21812,406.43979
2025-06-29 04:13:13+07:00,23.10000,87.50000,32.80000,52.30000,1.20898,406.59543
2025-06-29 04:14:02+07:00,23.20000,87.40000,32.50000,52.10000,1.19385,406.60754
2025-06-29 04:14:52+07:00,23.20000,87.20000,32.10000,52.00000,1.23040,406.36899
2025-06-29 04:15:41+07:00,23.30000,87.00000,33.20000,52.50000,1.18485,406.29883
2025-06-29 04:16:31+07:00,23.20000,87.10000,33.10000,52.80000,1.26784,406.41611
2025-06-29 04:17:20+07:00,23.10000,87.20000,33.50000,55.00000,1.21202,406.32214
2025-06-29 04:18:10+07:00,23.10000,87.20000,31.10000,50.00000,1.23349,406.26398
2025-06-29 04:18:59+07:00,23.10000,87.30000,33.40000,57.80000,1.21507,406.43979
2025-06-29 04:19:48+07:00,23.10000,87.30000,33.00000,53.20000,1.23040,406.49930
2025-06-29 04:20:38+07:00,23.10000,87.30000,33.30000,52.40000,1.21507,406.18332
2025-06-29 04:21:27+07:00,23.10000,87.50000,32.80000,50.30000,1.16702,406.38074
2025-06-29 04:22:17+07:00,23.00000,87.60000,32.60000,55.50000,1.26468,406.06958
2025-06-29 04:23:06+07:00,23.00000,87.60000,32.20000,53.20000,1.21507,406.17187
2025-06-29 04:23:55+07:00,23.00000,87.70000,33.50000,51.30000,1.21202,406.33383
2025-06-29 04:24:45+07:00,23.00000,87.70000,32.90000,50.30000,1.19988,406.31049
2025-06-29 04:25:34+07:00,23.10000,87.50000,33.20000,53.70000,1.20291,406.33383
2025-06-29 04:26:24+07:00,23.10000,87.30000,33.50000,54.00000,1.15818,406.39252
2025-06-29 04:27:13+07:00,23.10000,87.30000,34.20000,55.30000,1.35540,406.70502
2025-06-29 04:28:02+07:00,23.20000,87.20000,35.60000,60.50000,1.20594,406.39252
2025-06-29 04:28:52+07:00,23.20000,87.10000,35.00000,63.40000,1.19988,406.27557
2025-06-29 04:29:41+07:00,23.10000,87.20000,35.30000,59.00000,1.24278,406.48737
2025-06-29 04:30:31+07:00,23.10000,87.20000,34.80000,57.10000,1.18785,406.32214
2025-06-29 04:31:20+07:00,23.10000,87.10000,34.40000,59.90000,1.17591,406.40430
2025-06-29 04:32:09+07:00,23.20000,87.00000,35.10000,60.20000,1.25526,406.33383
2025-06-29 04:32:59+07:00,23.20000,86.80000,34.70000,56.10000,1.20594,406.33383
2025-06-29 04:33:48+07:00,23.20000,86.80000,35.70000,60.30000,1.25526,406.39252
2025-06-29 04:34:37+07:00,23.20000,86.70000,34.00000,58.10000,1.26154,406.42795
2025-06-29 04:35:27+07:00,23.20000,86.80000,33.60000,57.80000,1.23349,406.36899
2025-06-29 04:36:16+07:00,23.10000,87.10000,35.00000,55.50000,1.20594,406.29883
2025-06-29 04:37:06+07:00,23.10000,87.10000,33.50000,58.20000,1.20291,406.45166
2025-06-29 04:37:55+07:00,23.10000,87.10000,34.90000,55.50000,1.24901,406.45166
2025-06-29 04:38:44+07:00,23.10000,87.30000,34.70000,59.90000,1.19385,406.41611
2025-06-29 04:39:34+07:00,23.00000,87.40000,34.70000,54.60000,1.25839,406.35724
2025-06-29 04:40:23+07:00,23.00000,87.60000,35.50000,62.40000,1.18785,406.42795
2025-06-29 04:41:12+07:00,23.00000,87.50000,36.00000,60.90000,1.25213,406.53522
2025-06-29 04:42:02+07:00,23.00000,87.50000,33.10000,52.00000,1.20594,406.51126
2025-06-29 04:42:51+07:00,23.00000,87.50000,35.00000,52.00000,1.20898,406.43979
2025-06-29 04:43:41+07:00,23.00000,87.40000,34.00000,58.30000,1.24278,406.47543
2025-06-29 04:44:30+07:00,23.00000,87.30000,33.20000,56.40000,1.24589,406.27557
2025-06-29 04:45:19+07:00,23.00000,87.30000,34.30000,57.40000,1.22118,406.59543
2025-06-29 04:46:08+07:00,23.00000,87.50000,32.90000,53.70000,1.23968,406.31049
2025-06-29 04:46:58+07:00,23.00000,87.50000,34.60000,58.20000,1.21507,406.65613
2025-06-29 04:47:47+07:00,23.00000,87.50000,33.40000,54.70000,1.19988,406.27557
2025-06-29 04:48:37+07:00,23.00000,87.60000,33.30000,53.80000,1.26784,406.54721
2025-06-29 04:49:26+07:00,22.90000,87.80000,33.90000,57.20000,1.23658,406.38074
2025-06-29 04:50:15+07:00,22.90000,87.90000,32.80000,52.20000,1.24901,406.43979
2025-06-29 04:51:05+07:00,22.90000,87.90000,33.70000,51.90000,1.25213,406.48737
2025-06-29 04:51:54+07:00,22.90000,87.90000,33.10000,55.50000,1.23040,406.51126
2025-06-29 04:52:44+07:00,23.00000,87.80000,32.70000,51.00000,1.22425,406.32214
2025-06-29 04:53:33+07:00,22.90000,87.70000,32.00000,51.80000,1.24589,406.51126
2025-06-29 04:54:22+07:00,22.90000,87.70000,32.70000,51.70000,1.22425,406.47543
2025-06-29 04:55:12+07:00,22.90000,87.70000,31.80000,51.30000,1.08100,406.48737
2025-06-29 04:56:01+07:00,23.00000,87.50000,33.10000,55.20000,1.19385,406.35724
2025-06-29 04:56:50+07:00,23.00000,87.20000,33.10000,53.20000,1.21507,406.57129
2025-06-29 04:57:40+07:00,23.10000,87.00000,33.50000,51.30000,1.26784,406.19479
2025-06-29 04:58:29+07:00,23.00000,87.10000,33.40000,53.00000,1.18187,406.43979
2025-06-29 04:59:19+07:00,23.00000,87.10000,32.60000,53.10000,1.24901,406.47543
2025-06-29 05:00:08+07:00,23.00000,87.10000,33.40000,51.40000,1.16112,406.48737
2025-06-29 05:00:58+07:00,23.00000,87.20000,32.90000,52.60000,1.18485,406.39252
2025-06-29 05:01:47+07:00,23.00000,87.20000,33.20000,56.20000,1.21202,406.45166
2025-06-29 05:02:36+07:00,23.00000,87.10000,33.40000,52.20000,1.28370,406.48737
2025-06-29 05:03:26+07:00,23.00000,87.20000,32.30000,50.90000,1.23968,406.46353
2025-06-29 05:04:15+07:00,23.00000,87.20000,31.80000,52.10000,1.27416,406.55923
2025-06-29 05:05:04+07:00,23.00000,87.20000,33.50000,52.60000,1.24589,406.55923
2025-06-29 05:05:54+07:00,23.00000,87.10000,34.50000,54.30000,1.21812,406.43979
2025-06-29 05:06:43+07:00,23.00000,87.40000,34.60000,58.60000,1.20291,406.51126
2025-06-29 05:07:33+07:00,23.00000,87.50000,31.60000,49.10000,1.09498,406.52322
2025-06-29 05:08:22+07:00,23.00000,87.40000,32.70000,49.40000,1.25213,406.43979
2025-06-29 05:09:12+07:00,23.00000,87.30000,32.00000,52.40000,1.35873,406.42795
2025-06-29 05:10:01+07:00,23.00000,87.20000,34.20000,55.80000,1.25526,406.47543
2025-06-29 05:10:50+07:00,23.00000,87.20000,37.60000,62.50000,1.22425,406.57129
2025-06-29 05:11:40+07:00,22.90000,87.50000,37.50000,65.10000,1.26154,406.55923
2025-06-29 05:12:29+07:00,22.90000,87.70000,34.80000,61.00000,1.25213,406.43979
2025-06-29 05:13:19+07:00,22.90000,87.70000,37.30000,63.20000,1.26468,406.47543
2025-06-29 05:14:08+07:00,22.90000,87.80000,39.50000,70.20000,1.30941,406.49930
2025-06-29 05:14:57+07:00,22.90000,87.90000,40.00000,70.50000,1.23968,406.51126
2025-06-29 05:15:47+07:00,22.90000,87.80000,39.70000,64.80000,1.26784,406.51126
2025-06-29 05:16:36+07:00,23.00000,87.60000,40.90000,68.00000,1.23349,406.59543
2025-06-29 05:17:25+07:00,23.00000,87.70000,40.80000,70.20000,1.25526,406.61966
2025-06-29 05:18:15+07:00,22.90000,87.80000,43.00000,75.30000,1.21812,406.58337
2025-06-29 05:19:04+07:00,22.90000,87.90000,43.20000,74.60000,1.28370,406.20627
2025-06-29 05:19:54+07:00,22.90000,87.90000,42.80000,73.00000,1.29651,406.45166
2025-06-29 05:20:43+07:00,22.90000,88.10000,44.00000,70.10000,1.26468,406.53522
2025-06-29 05:21:32+07:00,22.90000,87.90000,44.00000,68.60000,1.28051,406.74188
2025-06-29 05:22:22+07:00,22.90000,88.10000,42.50000,73.00000,1.20594,406.42795
2025-06-29 05:23:11+07:00,22.90000,88.10000,43.10000,68.10000,1.26154,406.64395
2025-06-29 05:24:00+07:00,22.90000,88.20000,46.20000,70.00000,1.38564,406.61966
2025-06-29 05:24:50+07:00,22.90000,88.30000,43.00000,69.60000,1.30618,406.76654
2025-06-29 05:25:39+07:00,22.90000,88.40000,42.40000,69.00000,1.29651,406.57129
2025-06-29 05:26:28+07:00,22.90000,88.50000,37.90000,62.30000,1.35207,406.69278
2025-06-29 05:27:18+07:00,22.90000,88.40000,39.20000,65.90000,1.28370,406.64395
2025-06-29 05:28:07+07:00,22.80000,88.70000,35.80000,61.10000,1.22425,406.53522
2025-06-29 05:28:57+07:00,22.90000,88.50000,36.40000,62.00000,1.29651,406.45166
2025-06-29 05:29:46+07:00,22.90000,88.40000,37.50000,61.70000,1.20594,406.79129
2025-06-29 05:30:35+07:00,22.90000,88.20000,36.20000,62.50000,1.30618,406.54721
2025-06-29 05:31:25+07:00,22.90000,88.40000,37.00000,67.30000,1.24589,406.58337
2025-06-29 05:32:14+07:00,22.90000,88.20000,41.40000,84.70000,1.29651,406.27557
2025-06-29 05:33:04+07:00,22.90000,88.00000,40.20000,80.70000,1.22732,406.36899
2025-06-29 05:33:53+07:00,22.90000,87.90000,37.00000,73.40000,1.24278,406.45166
2025-06-29 05:34:42+07:00,22.80000,88.00000,38.30000,76.90000,1.24901,406.36899
2025-06-29 05:35:32+07:00,22.80000,87.80000,37.80000,74.60000,1.29651,406.45166
2025-06-29 05:36:21+07:00,22.80000,87.80000,35.10000,62.10000,1.24589,406.40430
2025-06-29 05:37:10+07:00,22.80000,87.80000,31.40000,52.80000,1.21507,406.16043
2025-06-29 05:38:00+07:00,22.80000,87.70000,28.80000,49.30000,1.14357,406.35724
2025-06-29 05:38:49+07:00,22.80000,87.70000,30.50000,49.90000,1.23040,406.42795
2025-06-29 05:39:39+07:00,22.80000,87.60000,41.90000,69.90000,1.19988,406.17187
2025-06-29 05:40:28+07:00,22.80000,87.70000,47.20000,84.80000,1.17294,406.10352
2025-06-29 05:41:17+07:00,22.80000,87.80000,60.60000,107.30000,1.19687,406.35724
2025-06-29 05:42:07+07:00,22.80000,87.70000,51.60000,92.50000,1.21812,406.19479
2025-06-29 05:42:56+07:00,22.80000,87.60000,40.00000,67.00000,1.16997,406.06958
2025-06-29 05:43:46+07:00,22.80000,87.80000,32.10000,52.00000,1.18785,406.11487
2025-06-29 05:44:35+07:00,22.80000,87.60000,31.60000,51.80000,1.23968,405.97983
2025-06-29 05:45:24+07:00,22.70000,87.90000,29.30000,46.00000,1.11478,405.85818
2025-06-29 05:46:14+07:00,22.70000,87.80000,29.00000,40.20000,1.18785,406.20627
2025-06-29 05:47:03+07:00,22.70000,88.00000,29.80000,44.30000,1.12910,405.88016
2025-06-29 05:47:53+07:00,22.60000,88.40000,30.10000,44.40000,1.17888,405.97983
2025-06-29 05:48:42+07:00,22.60000,88.50000,30.10000,46.30000,1.16702,405.76022
2025-06-29 05:49:31+07:00,22.70000,88.30000,28.30000,42.90000,1.12910,405.97983
2025-06-29 05:50:21+07:00,22.60000,88.30000,28.20000,45.40000,1.11478,405.78186
2025-06-29 05:51:10+07:00,22.60000,88.40000,30.50000,44.70000,1.14066,405.93536
2025-06-29 05:51:59+07:00,22.60000,88.40000,29.10000,43.80000,1.19687,405.76022
2025-06-29 05:52:49+07:00,22.60000,88.20000,30.50000,49.80000,1.21507,405.94644
2025-06-29 05:53:38+07:00,22.60000,88.60000,31.30000,48.80000,1.12049,405.97983
2025-06-29 05:54:28+07:00,22.70000,88.60000,30.50000,50.10000,1.15524,406.26398
2025-06-29 05:55:18+07:00,22.60000,88.60000,31.50000,50.00000,1.14357,406.12622
2025-06-29 05:56:07+07:00,22.70000,88.60000,33.20000,52.90000,1.08658,406.13760
2025-06-29 05:56:57+07:00,22.70000,88.60000,33.20000,49.80000,1.19988,406.25241
2025-06-29 05:57:46+07:00,22.60000,88.70000,32.20000,49.10000,1.16997,406.41611
2025-06-29 05:58:35+07:00,22.70000,88.90000,33.80000,50.80000,1.14939,406.45166
2025-06-29 05:59:25+07:00,22.70000,88.80000,33.90000,55.30000,1.14066,406.42795
2025-06-29 06:00:14+07:00,22.70000,89.00000,35.90000,59.50000,1.12336,406.57129
2025-06-29 06:01:04+07:00,22.70000,89.10000,36.70000,56.40000,1.18485,406.60754
2025-06-29 06:01:53+07:00,22.70000,89.30000,36.40000,56.80000,1.19085,406.41611
2025-06-29 06:02:42+07:00,22.60000,89.40000,36.60000,60.00000,1.23040,406.29883
2025-06-29 06:03:32+07:00,22.70000,89.10000,37.10000,58.20000,1.20594,406.57129
2025-06-29 06:04:21+07:00,22.70000,89.10000,36.80000,57.00000,1.25213,406.54721
2025-06-29 06:05:10+07:00,22.70000,89.20000,38.90000,59.90000,1.18785,406.61966
2025-06-29 06:06:00+07:00,22.60000,89.50000,38.50000,62.00000,1.16997,406.68054
2025-06-29 06:06:49+07:00,22.60000,89.50000,38.40000,62.10000,1.24278,406.63181
2025-06-29 06:07:39+07:00,22.60000,89.70000,39.80000,62.90000,1.17294,406.59543
2025-06-29 06:08:28+07:00,22.50000,89.40000,36.60000,54.80000,1.26784,406.38074
2025-06-29 06:09:17+07:00,22.60000,89.40000,37.00000,57.70000,1.14939,406.70502
2025-06-29 06:10:07+07:00,22.60000,89.20000,36.30000,56.10000,1.22732,406.71729
2025-06-29 06:10:57+07:00,22.60000,89.20000,37.00000,55.60000,1.29329,406.81610
2025-06-29 06:11:47+07:00,22.60000,89.00000,37.20000,53.30000,1.25213,406.91614
2025-06-29 06:12:37+07:00,22.60000,88.80000,37.00000,58.90000,1.25213,406.79129
2025-06-29 06:13:26+07:00,22.70000,88.70000,36.90000,57.00000,1.31916,407.06845
2025-06-29 06:14:16+07:00,22.70000,88.60000,35.70000,53.70000,1.31266,406.91614
2025-06-29 06:15:05+07:00,22.70000,88.40000,37.40000,56.20000,1.27734,407.27588
2025-06-29 06:15:55+07:00,22.80000,87.90000,36.20000,56.60000,1.28370,407.18451
2025-06-29 06:16:44+07:00,22.80000,88.10000,36.50000,54.50000,1.29972,406.91614
2025-06-29 06:17:33+07:00,22.80000,88.20000,38.10000,60.70000,1.25839,406.84100
2025-06-29 06:18:23+07:00,22.80000,87.90000,38.40000,57.30000,1.32569,406.65613
2025-06-29 06:19:12+07:00,22.80000,87.90000,36.00000,55.80000,1.22118,406.94131
2025-06-29 06:20:05+07:00,22.90000,87.60000,37.20000,57.70000,1.33225,406.70502
2025-06-29 06:21:00+07:00,23.00000,87.30000,35.20000,50.80000,1.36542,407.06845
2025-06-29 06:21:49+07:00,23.00000,86.90000,38.30000,55.90000,1.33553,406.92871
2025-06-29 06:22:39+07:00,23.00000,86.80000,38.70000,58.40000,1.33553,406.90356
2025-06-29 06:23:28+07:00,23.00000,86.80000,37.20000,52.40000,1.49037,406.85345
2025-06-29 06:24:17+07:00,23.00000,86.80000,35.50000,55.80000,1.37213,406.94131
2025-06-29 06:25:07+07:00,23.10000,86.60000,36.50000,54.40000,1.32242,407.08127
2025-06-29 06:25:56+07:00,23.10000,86.50000,35.00000,50.70000,1.35873,406.96658
2025-06-29 06:26:46+07:00,23.20000,86.40000,34.60000,52.30000,1.35873,407.04285
2025-06-29 06:27:36+07:00,23.30000,86.10000,34.40000,50.30000,1.37550,407.05563
2025-06-29 06:28:26+07:00,23.40000,85.80000,37.10000,58.80000,1.38903,406.91614
2025-06-29 06:29:15+07:00,23.40000,85.50000,35.30000,53.80000,1.36207,406.90356
2025-06-29 06:30:04+07:00,23.40000,85.60000,35.50000,55.80000,1.34213,406.82855
2025-06-29 06:30:54+07:00,23.30000,85.90000,36.00000,53.40000,1.38225,406.92871
2025-06-29 06:31:46+07:00,23.20000,86.20000,39.60000,61.10000,1.37550,407.05563
2025-06-29 06:32:35+07:00,23.20000,86.50000,38.80000,60.10000,1.36542,406.80368
2025-06-29 06:33:26+07:00,23.20000,86.40000,42.60000,66.70000,1.38564,406.70502
2025-06-29 06:34:18+07:00,23.30000,86.00000,42.70000,64.00000,1.39243,406.99194
2025-06-29 06:35:08+07:00,23.20000,86.10000,42.50000,63.00000,1.41642,406.75421
2025-06-29 06:35:57+07:00,23.30000,86.10000,46.10000,67.20000,1.37550,407.01736
2025-06-29 06:36:47+07:00,23.30000,85.90000,47.80000,70.70000,1.42333,407.01736
2025-06-29 06:37:36+07:00,23.30000,85.80000,48.50000,68.80000,1.33553,406.86597
2025-06-29 06:38:26+07:00,23.40000,85.60000,48.40000,73.90000,1.36877,407.00464
2025-06-29 06:39:15+07:00,23.50000,85.20000,50.50000,72.10000,1.27416,406.64395
2025-06-29 06:40:08+07:00,23.50000,85.10000,50.10000,71.30000,1.34875,406.70502
2025-06-29 06:40:58+07:00,23.50000,85.40000,48.00000,69.30000,1.39243,406.86597
2025-06-29 06:41:50+07:00,23.60000,85.20000,51.60000,74.20000,1.49757,406.76654
2025-06-29 06:42:40+07:00,23.50000,85.00000,51.00000,76.20000,1.36207,406.85345
2025-06-29 06:43:30+07:00,23.50000,85.10000,50.70000,74.10000,1.40610,406.54721
2025-06-29 06:44:19+07:00,23.40000,85.40000,52.50000,75.30000,1.38225,406.89099
2025-06-29 06:45:09+07:00,23.50000,85.30000,48.80000,74.20000,1.41297,406.81610
2025-06-29 06:45:59+07:00,23.50000,85.30000,48.50000,72.60000,1.38225,407.13272
2025-06-29 06:46:49+07:00,23.50000,85.30000,47.40000,71.90000,1.29329,406.90356
2025-06-29 06:47:38+07:00,23.40000,85.40000,46.90000,73.10000,1.41297,406.76654
2025-06-29 06:48:27+07:00,23.50000,85.20000,44.50000,66.20000,1.41642,406.75421
2025-06-29 06:49:17+07:00,23.60000,85.00000,45.30000,70.30000,1.40953,407.11984
2025-06-29 06:50:06+07:00,23.70000,84.50000,45.80000,70.20000,1.40267,407.00464
2025-06-29 06:50:55+07:00,23.80000,84.10000,46.70000,72.60000,1.43375,407.04285
2025-06-29 06:51:45+07:00,23.90000,83.70000,46.20000,68.70000,1.38903,406.96658
2025-06-29 06:52:34+07:00,23.80000,84.00000,46.10000,69.30000,1.47605,407.11984
2025-06-29 06:53:24+07:00,23.80000,84.00000,43.90000,68.20000,1.55620,407.21051
2025-06-29 06:54:13+07:00,23.90000,83.90000,49.50000,72.10000,1.47249,407.15857
2025-06-29 06:55:02+07:00,23.90000,83.80000,46.30000,73.40000,1.50480,407.28900
2025-06-29 06:55:52+07:00,23.90000,83.70000,44.00000,65.10000,1.52300,407.03009
2025-06-29 06:56:41+07:00,24.00000,83.50000,45.40000,68.60000,1.49757,407.15857
2025-06-29 06:57:35+07:00,24.00000,83.50000,42.10000,63.90000,1.43375,407.24966
2025-06-29 06:58:25+07:00,24.10000,83.20000,44.70000,69.30000,1.51935,407.55582
2025-06-29 06:59:14+07:00,24.20000,82.80000,45.00000,70.30000,1.40610,407.35495
2025-06-29 07:00:06+07:00,24.10000,83.00000,45.10000,70.20000,1.50480,407.31531
2025-06-29 07:00:56+07:00,24.20000,83.00000,45.00000,70.70000,1.58998,407.23660
2025-06-29 07:01:51+07:00,24.30000,82.80000,46.80000,66.40000,1.51570,407.17154
2025-06-29 07:02:41+07:00,24.40000,82.70000,52.00000,78.10000,1.57866,407.17154
2025-06-29 07:03:36+07:00,24.40000,82.60000,58.00000,86.50000,1.57490,407.14563
2025-06-29 07:04:25+07:00,24.40000,82.60000,60.20000,93.40000,1.52300,407.47491
2025-06-29 07:05:15+07:00,24.40000,82.60000,62.70000,104.00000,1.53400,407.58295
2025-06-29 07:06:04+07:00,24.20000,82.90000,61.00000,97.20000,1.60138,407.36819
2025-06-29 07:06:54+07:00,24.10000,83.30000,58.90000,98.70000,1.60519,407.51526
2025-06-29 07:07:46+07:00,24.10000,83.70000,59.00000,93.10000,1.58243,407.52878
2025-06-29 07:08:36+07:00,24.10000,83.50000,57.40000,96.40000,1.61667,407.39478
2025-06-29 07:09:25+07:00,24.10000,83.40000,55.60000,93.20000,1.67112,407.44812
2025-06-29 07:10:15+07:00,24.10000,83.20000,61.40000,96.00000,1.62051,407.66479
2025-06-29 07:11:05+07:00,24.10000,82.90000,60.80000,89.80000,1.61283,407.44812
2025-06-29 07:11:58+07:00,24.10000,83.10000,58.30000,91.20000,1.56366,407.54227
2025-06-29 07:12:47+07:00,24.20000,82.60000,59.20000,88.90000,1.61667,407.56937
2025-06-29 07:13:36+07:00,24.40000,82.40000,58.00000,89.40000,1.54877,407.32852
2025-06-29 07:14:26+07:00,24.50000,82.00000,57.00000,88.50000,1.65933,407.34174
2025-06-29 07:15:15+07:00,24.50000,81.60000,52.50000,82.00000,1.62051,407.35495
2025-06-29 07:16:05+07:00,24.50000,81.30000,49.50000,75.20000,1.60138,407.06845
2025-06-29 07:16:54+07:00,24.60000,81.30000,50.00000,77.40000,1.62051,407.21051
2025-06-29 07:17:43+07:00,24.70000,81.00000,50.50000,77.30000,1.40953,407.30215
2025-06-29 07:18:33+07:00,24.80000,80.70000,48.40000,74.30000,1.51206,406.89099
2025-06-29 07:19:22+07:00,24.80000,80.60000,50.10000,77.70000,1.58243,407.28900
2025-06-29 07:20:12+07:00,24.80000,80.60000,47.70000,72.20000,1.47605,407.05563
2025-06-29 07:21:01+07:00,24.90000,80.30000,48.10000,76.20000,1.56366,407.04285
2025-06-29 07:21:50+07:00,24.80000,80.20000,46.10000,76.80000,1.49397,406.91614
2025-06-29 07:22:40+07:00,24.80000,80.20000,48.30000,74.40000,1.48678,406.99194
2025-06-29 07:23:29+07:00,24.90000,80.00000,48.60000,74.00000,1.49397,407.13272
2025-06-29 07:24:19+07:00,24.80000,80.00000,47.10000,72.40000,1.56740,407.00464
2025-06-29 07:25:08+07:00,24.70000,80.30000,45.30000,67.50000,1.54507,406.81610
2025-06-29 07:25:57+07:00,24.80000,79.90000,44.30000,70.90000,1.42333,407.10696
2025-06-29 07:26:47+07:00,24.90000,79.80000,46.40000,67.90000,1.55993,407.03009
2025-06-29 07:27:36+07:00,25.00000,79.40000,45.00000,70.80000,1.50118,406.94131
2025-06-29 07:28:25+07:00,25.00000,79.30000,46.30000,67.50000,1.48320,406.96658
2025-06-29 07:29:15+07:00,25.10000,79.00000,46.60000,66.70000,1.45126,407.03009
2025-06-29 07:30:04+07:00,25.10000,78.90000,45.50000,65.40000,1.42680,406.90356
2025-06-29 07:30:53+07:00,25.20000,78.70000,50.20000,70.50000,1.54137,406.92871
2025-06-29 07:31:43+07:00,25.10000,78.60000,50.70000,73.00000,1.46184,406.87848
2025-06-29 07:32:32+07:00,24.90000,79.10000,46.40000,67.60000,1.41987,407.14563
2025-06-29 07:33:22+07:00,24.90000,79.10000,43.20000,60.10000,1.44774,407.05563
2025-06-29 07:34:11+07:00,25.00000,78.90000,44.70000,64.20000,1.45478,407.08127
2025-06-29 07:35:00+07:00,25.20000,78.70000,46.70000,62.80000,1.45478,407.08127
2025-06-29 07:35:50+07:00,25.30000,78.50000,46.50000,64.70000,1.40610,407.00464
2025-06-29 07:36:39+07:00,25.30000,78.50000,46.80000,68.90000,1.54877,407.03009
2025-06-29 07:37:28+07:00,25.30000,78.50000,46.10000,69.70000,1.44774,406.92871
2025-06-29 07:38:18+07:00,25.30000,78.60000,45.80000,63.50000,1.43027,407.00464
2025-06-29 07:39:07+07:00,25.40000,78.50000,45.50000,68.10000,1.47605,406.95395
2025-06-29 07:39:57+07:00,25.40000,78.40000,44.70000,66.30000,1.41642,406.91614
2025-06-29 07:40:46+07:00,25.40000,78.30000,45.00000,66.40000,1.50480,407.14563
2025-06-29 07:41:35+07:00,25.50000,77.90000,44.40000,63.00000,1.44073,407.10696
2025-06-29 07:42:25+07:00,25.40000,77.80000,43.20000,61.60000,1.41642,407.11984
2025-06-29 07:43:14+07:00,25.50000,77.80000,44.70000,66.60000,1.45126,406.90356
2025-06-29 07:44:04+07:00,25.60000,77.50000,47.00000,68.90000,1.39584,407.04285
2025-06-29 07:44:53+07:00,25.60000,77.50000,45.70000,67.80000,1.46538,406.72958
2025-06-29 07:45:42+07:00,25.60000,77.50000,44.80000,69.90000,1.44073,407.09409
2025-06-29 07:46:32+07:00,25.60000,77.40000,45.50000,69.10000,1.44073,407.18451
2025-06-29 07:47:21+07:00,25.60000,77.30000,45.70000,66.40000,1.36542,407.10696
2025-06-29 07:48:11+07:00,25.50000,77.40000,44.50000,64.60000,1.43375,406.70502
2025-06-29 07:49:00+07:00,25.50000,77.40000,44.30000,66.70000,1.42680,406.94131
2025-06-29 07:49:50+07:00,25.50000,77.60000,44.10000,63.80000,1.39925,406.94131
2025-06-29 07:50:39+07:00,25.60000,77.60000,44.20000,64.10000,1.40953,406.84100
2025-06-29 07:51:28+07:00,25.70000,77.50000,45.50000,65.50000,1.42333,406.75421
2025-06-29 07:52:18+07:00,25.70000,77.40000,43.90000,64.00000,1.41987,406.90356
2025-06-29 07:53:07+07:00,25.80000,77.20000,45.60000,72.10000,1.43027,406.61966
2025-06-29 07:53:56+07:00,25.70000,76.90000,46.70000,68.20000,1.40953,406.47543
2025-06-29 07:54:46+07:00,25.70000,77.30000,46.00000,63.20000,1.42680,406.79129
2025-06-29 07:55:35+07:00,25.60000,77.20000,47.50000,72.00000,1.42333,406.63181
2025-06-29 07:56:25+07:00,25.60000,77.00000,44.70000,66.50000,1.39925,406.58337
2025-06-29 07:57:14+07:00,25.70000,76.90000,45.60000,65.50000,1.40953,406.70502
2025-06-29 07:58:03+07:00,25.80000,76.60000,45.90000,67.30000,1.38564,406.59543
2025-06-29 07:58:53+07:00,25.80000,76.60000,46.70000,68.00000,1.36877,406.66833
2025-06-29 07:59:42+07:00,25.80000,76.50000,48.20000,72.90000,1.37213,406.48737
2025-06-29 08:00:32+07:00,25.80000,76.70000,47.90000,68.60000,1.40267,406.84100
2025-06-29 08:01:21+07:00,25.80000,76.90000,50.60000,75.70000,1.37550,406.60754
2025-06-29 08:02:10+07:00,25.80000,77.10000,50.50000,73.70000,1.37213,406.91614
2025-06-29 08:03:00+07:00,25.80000,76.90000,53.90000,76.60000,1.29651,406.80368
2025-06-29 08:03:49+07:00,25.80000,76.90000,53.00000,74.90000,1.39243,406.71729
2025-06-29 08:04:38+07:00,25.60000,77.30000,50.90000,72.80000,1.38564,406.74188
2025-06-29 08:05:28+07:00,25.40000,77.60000,50.30000,73.60000,1.38564,406.65613
2025-06-29 08:06:17+07:00,25.30000,78.10000,48.90000,68.50000,1.43724,406.75421
2025-06-29 08:07:07+07:00,25.40000,78.10000,47.80000,67.90000,1.37550,406.65613
2025-06-29 08:07:56+07:00,25.60000,77.40000,47.20000,65.60000,1.42333,406.85345
2025-06-29 08:08:45+07:00,25.60000,77.40000,45.90000,65.20000,1.36207,406.66833
2025-06-29 08:09:35+07:00,25.80000,77.40000,46.70000,69.50000,1.34875,406.90356
2025-06-29 08:10:24+07:00,25.80000,77.40000,48.70000,71.70000,1.41642,406.87848
2025-06-29 08:11:14+07:00,25.80000,77.20000,49.10000,69.50000,1.41297,406.77890
2025-06-29 08:12:03+07:00,25.70000,77.30000,47.80000,69.30000,1.39925,407.06845
2025-06-29 08:12:52+07:00,25.70000,77.50000,50.60000,75.10000,1.37550,406.72958
2025-06-29 08:13:42+07:00,25.60000,77.70000,48.50000,70.00000,1.35540,406.72958
2025-06-29 08:14:31+07:00,25.60000,77.70000,51.60000,70.80000,1.37887,406.77890
2025-06-29 08:15:20+07:00,25.70000,77.50000,52.40000,76.80000,1.35540,407.15857
2025-06-29 08:16:10+07:00,25.70000,77.60000,52.10000,73.00000,1.40610,406.84100
2025-06-29 08:16:59+07:00,25.70000,77.80000,50.10000,72.40000,1.40953,406.70502
2025-06-29 08:17:51+07:00,25.60000,78.20000,50.70000,73.60000,1.41642,406.77890
2025-06-29 08:18:40+07:00,25.50000,78.50000,51.50000,74.40000,1.39243,407.05563
2025-06-29 08:19:30+07:00,25.40000,78.80000,51.80000,72.80000,1.36877,406.80368
2025-06-29 08:20:19+07:00,25.30000,79.20000,53.70000,75.10000,1.50843,406.63181
2025-06-29 08:21:09+07:00,25.20000,79.70000,52.60000,76.90000,1.35207,406.85345
2025-06-29 08:21:58+07:00,25.30000,79.30000,55.20000,74.90000,1.37213,406.86597
2025-06-29 08:22:47+07:00,25.40000,78.80000,54.80000,79.50000,1.41642,407.00464
2025-06-29 08:23:37+07:00,25.40000,78.80000,53.90000,75.20000,1.39243,406.86597
2025-06-29 08:24:26+07:00,25.30000,78.90000,52.60000,70.00000,1.44423,406.94131
2025-06-29 08:25:15+07:00,25.30000,78.90000,48.50000,70.60000,1.39925,407.30215
2025-06-29 08:26:05+07:00,25.40000,79.00000,50.60000,72.70000,1.36207,406.58337
2025-06-29 08:26:54+07:00,25.30000,79.10000,46.80000,67.90000,1.34875,406.80368
2025-06-29 08:27:44+07:00,25.20000,79.10000,46.90000,65.90000,1.34544,406.86597
2025-06-29 08:28:33+07:00,25.40000,78.70000,46.00000,67.20000,1.38564,406.69278
2025-06-29 08:29:22+07:00,25.40000,78.20000,45.00000,65.30000,1.33553,406.92871
2025-06-29 08:30:12+07:00,25.50000,78.20000,49.40000,71.20000,1.34875,406.81610
2025-06-29 08:31:01+07:00,25.70000,77.80000,50.50000,70.60000,1.37550,406.69278
2025-06-29 08:31:50+07:00,25.70000,77.80000,52.00000,76.70000,1.34875,406.84100
2025-06-29 08:32:40+07:00,25.70000,77.30000,53.60000,82.60000,1.33553,406.68054
2025-06-29 08:33:29+07:00,25.80000,77.10000,54.60000,84.40000,1.29009,406.68054
2025-06-29 08:34:19+07:00,25.80000,77.10000,69.20000,109.20000,1.31266,406.94131
2025-06-29 08:35:08+07:00,25.70000,77.10000,78.50000,124.40000,1.30941,406.63181
2025-06-29 08:35:57+07:00,25.70000,77.30000,79.90000,123.80000,1.32242,406.55923
2025-06-29 08:36:47+07:00,25.80000,77.50000,64.90000,96.10000,1.26784,406.58337
2025-06-29 08:37:36+07:00,25.80000,78.10000,55.70000,85.00000,1.36542,406.66833
2025-06-29 08:38:26+07:00,26.00000,78.00000,54.70000,75.70000,1.38903,406.80368
2025-06-29 08:39:15+07:00,26.10000,77.70000,51.60000,73.80000,1.38903,406.81610
2025-06-29 08:40:04+07:00,26.20000,77.70000,53.60000,71.30000,1.36877,406.65613
2025-06-29 08:40:54+07:00,26.30000,77.50000,44.60000,63.60000,1.27734,406.77890
2025-06-29 08:41:43+07:00,26.50000,76.80000,53.10000,74.30000,1.33225,406.65613
2025-06-29 08:42:32+07:00,26.50000,76.20000,51.60000,71.70000,1.35207,406.59543
2025-06-29 08:43:22+07:00,26.30000,76.70000,50.00000,66.60000,1.37213,406.57129
2025-06-29 08:44:11+07:00,26.20000,77.00000,49.30000,68.20000,1.32242,406.42795
2025-06-29 08:45:00+07:00,26.20000,77.10000,47.70000,63.20000,1.44423,406.51126
2025-06-29 08:45:50+07:00,26.20000,76.90000,47.10000,64.90000,1.33883,406.75421
2025-06-29 08:46:39+07:00,26.30000,76.70000,48.50000,66.60000,1.32569,406.59543
2025-06-29 08:47:29+07:00,26.40000,76.60000,46.80000,62.90000,1.31916,406.43979
2025-06-29 08:48:19+07:00,26.40000,76.50000,43.10000,59.90000,1.28051,406.46353
2025-06-29 08:49:08+07:00,26.40000,76.70000,42.50000,58.10000,1.34544,406.18332
2025-06-29 08:49:57+07:00,26.40000,76.40000,39.60000,53.20000,1.29009,406.39252
2025-06-29 08:50:47+07:00,26.30000,76.70000,39.90000,52.30000,1.23040,406.31049
2025-06-29 08:51:39+07:00,26.20000,76.70000,38.80000,54.80000,1.25213,406.31049
2025-06-29 08:52:28+07:00,26.00000,77.10000,41.30000,59.30000,1.29329,406.41611
2025-06-29 08:53:17+07:00,25.90000,77.10000,41.70000,56.20000,1.21507,406.28720
2025-06-29 08:54:07+07:00,25.80000,77.60000,42.00000,59.50000,1.26154,406.09216
2025-06-29 08:54:56+07:00,25.90000,77.60000,42.30000,59.60000,1.20898,406.09216
2025-06-29 08:55:46+07:00,25.80000,77.90000,41.70000,57.20000,1.20898,405.96866
2025-06-29 08:56:35+07:00,25.80000,78.10000,43.20000,55.80000,1.26784,405.93536
2025-06-29 08:57:24+07:00,25.90000,77.90000,42.70000,59.80000,1.19988,406.33383
2025-06-29 08:58:17+07:00,25.90000,77.70000,41.70000,58.80000,1.19988,406.09216
2025-06-29 08:59:06+07:00,26.10000,77.60000,44.00000,62.50000,1.21507,406.05829
2025-06-29 08:59:55+07:00,26.20000,77.70000,45.60000,60.40000,1.25213,406.14902
2025-06-29 09:00:45+07:00,26.10000,77.70000,44.60000,60.80000,1.22118,406.13760
2025-06-29 09:01:34+07:00,26.10000,77.90000,45.30000,59.30000,1.19687,406.24084
2025-06-29 09:02:23+07:00,26.10000,78.10000,41.80000,58.20000,1.22425,406.28720
2025-06-29 09:03:13+07:00,26.10000,77.80000,43.00000,59.50000,1.19988,406.32214
2025-06-29 09:04:02+07:00,26.10000,78.10000,42.70000,60.20000,1.25213,406.00214
2025-06-29 09:04:51+07:00,26.10000,78.30000,43.10000,62.50000,1.19988,406.03577
2025-06-29 09:05:41+07:00,26.10000,78.20000,45.00000,59.80000,1.20898,406.13760
2025-06-29 09:06:31+07:00,26.10000,78.70000,45.70000,62.00000,1.08937,406.03577
2025-06-29 09:07:20+07:00,26.10000,78.70000,44.00000,60.10000,1.17591,406.08087
2025-06-29 09:08:10+07:00,26.00000,78.70000,43.50000,58.80000,1.20291,406.28720
2025-06-29 09:08:59+07:00,26.10000,79.20000,40.10000,54.40000,1.17294,406.04703
2025-06-29 09:09:49+07:00,26.00000,78.60000,39.60000,59.30000,1.16406,406.11487
2025-06-29 09:10:38+07:00,26.10000,78.80000,38.90000,54.10000,1.16406,405.97983
2025-06-29 09:11:28+07:00,26.10000,78.90000,37.80000,50.00000,1.18785,406.11487
2025-06-29 09:12:17+07:00,26.20000,78.90000,38.40000,51.50000,1.16406,406.26398
2025-06-29 09:13:06+07:00,26.20000,78.60000,39.20000,52.70000,1.14939,406.04703
2025-06-29 09:13:56+07:00,26.30000,78.40000,35.50000,49.00000,1.17294,405.96866
2025-06-29 09:14:45+07:00,26.30000,78.00000,34.50000,48.20000,1.13198,405.92429
2025-06-29 09:15:34+07:00,26.20000,78.40000,34.40000,47.30000,1.14066,405.96866
2025-06-29 09:16:24+07:00,26.20000,78.10000,33.80000,45.80000,1.14939,405.97983
2025-06-29 09:17:13+07:00,26.20000,78.40000,34.70000,47.70000,1.17591,405.92429
2025-06-29 09:18:02+07:00,26.20000,78.40000,34.80000,47.50000,1.12623,405.85818
2025-06-29 09:18:52+07:00,26.30000,78.70000,34.40000,46.10000,1.09498,405.91321
2025-06-29 09:19:41+07:00,26.40000,78.20000,30.30000,40.40000,1.13776,405.78186
2025-06-29 09:20:31+07:00,26.40000,77.90000,28.80000,39.10000,1.11478,405.72784
2025-06-29 09:21:20+07:00,26.40000,77.70000,30.40000,39.60000,0.98969,405.82538
2025-06-29 09:22:09+07:00,26.50000,77.90000,28.50000,37.40000,1.07545,405.78186
2025-06-29 09:22:59+07:00,26.50000,77.20000,27.40000,37.40000,1.09779,405.62106
2025-06-29 09:23:48+07:00,26.40000,77.10000,26.00000,34.70000,1.08100,405.67426
2025-06-29 09:24:37+07:00,26.40000,76.90000,27.60000,38.00000,1.03187,406.05829
2025-06-29 09:25:27+07:00,26.50000,77.20000,26.80000,35.50000,1.08100,405.63165
2025-06-29 09:26:16+07:00,26.50000,77.00000,26.40000,34.10000,1.03993,405.67426
2025-06-29 09:27:06+07:00,26.50000,77.20000,27.40000,34.00000,1.07545,405.63165
2025-06-29 09:27:55+07:00,26.50000,77.30000,26.60000,34.90000,1.10061,405.31049
2025-06-29 09:28:44+07:00,26.60000,77.30000,25.70000,32.70000,1.06993,405.52637
2025-06-29 09:29:34+07:00,26.70000,77.50000,24.90000,35.10000,1.03187,405.43298
2025-06-29 09:30:23+07:00,26.70000,77.10000,26.10000,35.00000,1.09498,405.59991
2025-06-29 09:31:12+07:00,26.80000,77.90000,26.10000,32.80000,1.08100,405.99097
2025-06-29 09:32:02+07:00,26.80000,77.00000,25.20000,31.70000,1.03455,405.49509
2025-06-29 09:32:51+07:00,26.80000,76.40000,24.50000,31.00000,1.07545,405.41238
2025-06-29 09:33:41+07:00,26.70000,76.60000,25.40000,34.40000,1.04533,405.40213
2025-06-29 09:34:31+07:00,26.70000,76.90000,27.10000,39.40000,1.02385,405.49509
2025-06-29 09:35:20+07:00,26.60000,76.40000,26.80000,37.50000,1.03455,405.42267
2025-06-29 09:36:10+07:00,26.60000,77.10000,26.30000,33.90000,1.00797,405.42267
2025-06-29 09:36:59+07:00,26.70000,76.90000,26.60000,35.30000,1.01060,405.23007
2025-06-29 09:37:49+07:00,26.70000,77.20000,26.20000,36.50000,1.01324,405.36124
2025-06-29 09:38:42+07:00,26.70000,77.50000,25.90000,35.00000,0.93642,405.65292
2025-06-29 09:39:31+07:00,26.70000,76.90000,23.70000,30.30000,1.04533,405.43298
2025-06-29 09:40:21+07:00,26.70000,76.70000,22.70000,30.20000,0.95896,405.39188
2025-06-29 09:41:10+07:00,26.70000,76.20000,20.70000,26.20000,0.94389,405.37143
2025-06-29 09:41:59+07:00,26.60000,76.50000,22.40000,27.70000,1.01589,405.39188
2025-06-29 09:42:49+07:00,26.70000,77.20000,22.90000,32.70000,1.00534,405.38165
2025-06-29 09:43:38+07:00,26.70000,77.20000,21.80000,30.20000,1.01589,405.42267
2025-06-29 09:44:28+07:00,26.60000,76.60000,21.80000,28.60000,1.00534,405.24005
2025-06-29 09:45:17+07:00,26.60000,77.10000,21.70000,28.80000,0.98710,405.30035
2025-06-29 09:46:07+07:00,26.70000,77.10000,22.00000,28.30000,1.00797,405.31049
2025-06-29 09:46:56+07:00,26.60000,77.20000,21.50000,27.90000,0.97936,405.23007
2025-06-29 09:47:45+07:00,26.70000,77.00000,20.50000,27.90000,0.97423,405.34088
2025-06-29 09:48:35+07:00,26.70000,76.30000,19.00000,25.70000,0.94389,405.34088
2025-06-29 09:49:24+07:00,26.70000,75.90000,18.80000,25.90000,0.95896,405.33072
2025-06-29 09:50:14+07:00,26.70000,75.80000,19.70000,25.70000,0.92900,405.17044
2025-06-29 09:51:03+07:00,26.70000,75.80000,19.90000,25.90000,0.94639,405.23007
2025-06-29 09:51:53+07:00,26.70000,76.20000,19.40000,25.10000,0.96149,405.35104
2025-06-29 09:52:42+07:00,26.70000,76.70000,17.50000,20.30000,0.99229,405.12115
2025-06-29 09:53:31+07:00,26.70000,76.40000,18.00000,23.60000,0.99229,405.27014
2025-06-29 09:54:21+07:00,26.70000,76.20000,15.90000,20.60000,0.96403,405.14081
2025-06-29 09:55:10+07:00,26.80000,75.90000,15.00000,20.10000,0.93890,405.17044
2025-06-29 09:56:00+07:00,26.70000,75.50000,16.00000,21.20000,0.97167,405.30035
2025-06-29 09:56:49+07:00,26.70000,76.10000,16.90000,23.70000,0.96403,405.07227
2025-06-29 09:57:38+07:00,26.70000,75.80000,16.50000,22.10000,0.96657,405.07227
2025-06-29 09:58:28+07:00,26.60000,76.20000,15.90000,19.30000,0.93146,405.05280
2025-06-29 09:59:17+07:00,26.70000,76.50000,16.60000,23.00000,0.91917,405.18033
2025-06-29 10:00:07+07:00,26.60000,76.80000,15.90000,20.90000,0.93642,404.88049
2025-06-29 10:00:56+07:00,26.70000,77.00000,16.20000,21.40000,0.92162,405.01410
2025-06-29 10:01:45+07:00,26.70000,76.80000,16.50000,27.60000,0.94639,404.96603
2025-06-29 10:02:35+07:00,26.80000,76.60000,16.30000,26.10000,0.93642,405.11133
2025-06-29 10:03:24+07:00,26.80000,76.50000,15.00000,22.70000,0.92407,405.02374
2025-06-29 10:04:14+07:00,26.90000,76.20000,15.90000,21.90000,0.90701,404.97562
2025-06-29 10:05:03+07:00,26.90000,75.60000,15.60000,22.40000,0.88781,405.02374
2025-06-29 10:05:52+07:00,26.90000,75.70000,16.20000,20.60000,0.88543,405.05280
2025-06-29 10:06:42+07:00,26.90000,74.70000,13.50000,17.70000,0.95140,405.04312
2025-06-29 10:07:31+07:00,26.90000,74.40000,14.80000,20.20000,0.89258,405.17044
2025-06-29 10:08:21+07:00,26.90000,74.60000,14.80000,20.00000,0.92653,405.16055
2025-06-29 10:09:10+07:00,27.00000,74.80000,13.70000,17.00000,0.94639,405.15067
2025-06-29 10:09:59+07:00,27.00000,75.20000,13.20000,16.90000,0.91673,404.99481
2025-06-29 10:10:49+07:00,26.90000,75.20000,12.30000,16.70000,0.93146,404.90887
2025-06-29 10:11:38+07:00,26.90000,75.60000,12.20000,14.80000,0.89019,404.97562
2025-06-29 10:12:27+07:00,27.00000,74.90000,12.10000,15.20000,0.89019,404.99481
2025-06-29 10:13:17+07:00,27.00000,74.70000,11.60000,16.70000,0.89737,404.94693
2025-06-29 10:14:06+07:00,27.00000,74.70000,11.50000,15.10000,0.86660,404.89938
2025-06-29 10:14:56+07:00,27.00000,75.20000,11.50000,14.70000,0.84579,404.88049
2025-06-29 10:15:45+07:00,27.00000,74.90000,12.10000,17.10000,0.91673,404.84286
2025-06-29 10:16:34+07:00,27.00000,75.40000,12.00000,17.80000,0.91917,404.93738
2025-06-29 10:17:24+07:00,27.10000,74.80000,12.00000,15.30000,0.91917,404.90887
2025-06-29 10:18:13+07:00,27.00000,74.10000,12.00000,15.40000,0.86427,404.91837
2025-06-29 10:19:02+07:00,27.00000,74.10000,11.40000,15.20000,0.87598,404.75903
2025-06-29 10:19:52+07:00,27.00000,73.70000,11.50000,15.30000,0.89019,405.13098
2025-06-29 10:20:41+07:00,27.00000,73.70000,11.10000,14.40000,0.91673,405.13098
2025-06-29 10:21:31+07:00,27.00000,74.40000,11.20000,15.30000,0.89737,405.29028
2025-06-29 10:22:20+07:00,27.10000,74.70000,13.00000,15.70000,0.91673,405.13098
2025-06-29 10:23:09+07:00,27.10000,74.70000,10.40000,13.10000,0.90218,405.04312
2025-06-29 10:23:59+07:00,27.20000,73.50000,11.00000,13.90000,0.91186,405.03342
2025-06-29 10:24:48+07:00,27.20000,73.10000,10.70000,12.70000,0.87833,405.10156
2025-06-29 10:25:38+07:00,27.20000,73.30000,10.00000,13.00000,0.84808,404.87106
2025-06-29 10:26:28+07:00,27.20000,73.70000,10.70000,14.70000,0.86660,404.98523
2025-06-29 10:27:17+07:00,27.20000,73.80000,12.10000,15.60000,0.85268,404.89938
2025-06-29 10:28:07+07:00,27.30000,74.40000,11.50000,15.00000,0.86194,404.73138
2025-06-29 10:28:56+07:00,27.30000,74.00000,11.20000,15.40000,0.88543,404.86163
2025-06-29 10:29:46+07:00,27.30000,73.20000,11.40000,14.40000,0.86660,404.72217
2025-06-29 10:30:35+07:00,27.20000,73.30000,11.40000,13.50000,0.88781,404.88992
2025-06-29 10:31:24+07:00,27.20000,73.60000,11.50000,15.20000,0.87363,404.80545
2025-06-29 10:32:14+07:00,27.20000,73.60000,11.30000,15.40000,0.85962,404.75903
2025-06-29 10:33:03+07:00,27.20000,74.20000,11.20000,14.00000,0.84579,404.86163
2025-06-29 10:33:52+07:00,27.20000,74.20000,11.10000,15.40000,0.81865,404.91837
2025-06-29 10:34:42+07:00,27.20000,74.00000,10.00000,13.30000,0.83894,404.71298
2025-06-29 10:35:31+07:00,27.20000,74.00000,11.40000,15.60000,0.85730,405.06253
2025-06-29 10:36:20+07:00,27.20000,74.00000,10.40000,15.50000,0.84808,404.79614
2025-06-29 10:37:10+07:00,27.20000,73.90000,11.40000,16.40000,0.80976,404.60394
2025-06-29 10:37:59+07:00,27.20000,74.30000,10.50000,15.00000,0.82313,404.78683
2025-06-29 10:38:48+07:00,27.20000,74.90000,10.50000,13.50000,0.81865,404.76831
2025-06-29 10:39:38+07:00,27.20000,74.60000,10.30000,15.10000,0.80095,404.68555
2025-06-29 10:40:27+07:00,27.30000,75.30000,10.60000,15.30000,0.84579,404.79614
2025-06-29 10:41:17+07:00,27.30000,75.00000,10.80000,12.70000,0.82762,404.87106
2025-06-29 10:42:06+07:00,27.30000,74.50000,10.70000,13.10000,0.82988,404.72217
2025-06-29 10:42:55+07:00,27.30000,74.80000,10.20000,14.20000,0.85268,404.77756
2025-06-29 10:43:45+07:00,27.30000,74.40000,9.30000,12.30000,0.83667,404.70383
2025-06-29 10:44:34+07:00,27.40000,74.10000,8.90000,11.00000,0.85730,404.64914
2025-06-29 10:45:24+07:00,27.30000,73.10000,8.70000,11.50000,0.85730,404.73138
2025-06-29 10:46:13+07:00,27.40000,73.00000,8.90000,13.10000,0.81865,404.88992
2025-06-29 10:47:02+07:00,27.30000,72.60000,8.90000,12.00000,0.87598,405.00446
2025-06-29 10:47:51+07:00,27.30000,73.90000,8.60000,12.10000,0.85730,404.85223
2025-06-29 10:48:41+07:00,27.30000,72.60000,8.40000,11.00000,0.88070,404.98523
2025-06-29 10:49:30+07:00,27.30000,72.40000,8.40000,10.80000,0.87128,404.99481
2025-06-29 10:50:20+07:00,27.30000,72.90000,8.70000,10.40000,0.88543,404.93738
2025-06-29 10:51:09+07:00,27.40000,73.20000,8.10000,10.50000,0.89737,404.78683
2025-06-29 10:51:58+07:00,27.40000,72.90000,8.80000,11.80000,0.82762,404.78683
2025-06-29 10:52:48+07:00,27.40000,73.10000,8.50000,13.20000,0.83213,404.93738
2025-06-29 10:53:37+07:00,27.40000,73.40000,8.20000,10.80000,0.91186,404.74982
2025-06-29 10:54:27+07:00,27.40000,72.60000,7.90000,9.90000,0.85962,404.76831
2025-06-29 10:55:16+07:00,27.40000,73.00000,8.60000,10.60000,0.78787,404.81479
2025-06-29 10:56:05+07:00,27.40000,73.60000,8.30000,11.80000,0.83667,404.86163
2025-06-29 10:56:55+07:00,27.50000,72.70000,8.20000,9.70000,0.87128,404.71298
2025-06-29 10:57:44+07:00,27.40000,72.50000,8.90000,11.80000,0.83440,404.72217
2025-06-29 10:58:34+07:00,27.40000,72.60000,8.30000,11.20000,0.79221,404.89938
2025-06-29 10:59:23+07:00,27.40000,73.50000,8.50000,11.00000,0.83213,404.74057
2025-06-29 11:00:13+07:00,27.50000,74.10000,9.20000,11.30000,0.85038,404.88049
2025-06-29 11:01:02+07:00,27.50000,73.80000,8.50000,11.00000,0.82988,404.96603
2025-06-29 11:01:51+07:00,27.50000,73.20000,8.00000,11.20000,0.84808,404.92786
2025-06-29 11:02:41+07:00,27.50000,72.50000,9.00000,10.90000,0.82988,404.76831
2025-06-29 11:03:30+07:00,27.50000,72.50000,8.90000,11.80000,0.83213,404.79614
2025-06-29 11:04:19+07:00,27.50000,73.30000,8.90000,11.80000,0.82537,404.92786
2025-06-29 11:05:10+07:00,27.50000,73.40000,8.80000,11.50000,0.83667,404.84286
2025-06-29 11:06:00+07:00,27.50000,73.50000,9.20000,12.60000,0.84579,405.02374
2025-06-29 11:06:49+07:00,27.50000,73.30000,9.30000,11.90000,0.91917,404.85223
2025-06-29 11:07:39+07:00,27.50000,73.40000,9.10000,11.00000,0.84579,404.97562
2025-06-29 11:08:28+07:00,27.50000,71.70000,9.50000,14.90000,0.85499,404.95648
2025-06-29 11:09:17+07:00,27.40000,72.20000,9.50000,11.50000,0.79657,404.95648
2025-06-29 11:10:07+07:00,27.40000,72.80000,9.00000,10.80000,0.82988,404.93738
2025-06-29 11:10:56+07:00,27.40000,73.10000,9.00000,14.30000,0.86194,404.88992
2025-06-29 11:11:45+07:00,27.40000,73.10000,9.20000,13.10000,0.79439,404.88049
2025-06-29 11:12:35+07:00,27.50000,74.10000,9.40000,11.70000,0.81198,404.92786
2025-06-29 11:13:24+07:00,27.40000,74.30000,9.50000,11.80000,0.86427,404.81479
2025-06-29 11:14:13+07:00,27.40000,73.80000,8.90000,11.60000,0.87598,405.14081
2025-06-29 11:15:03+07:00,27.50000,73.70000,8.70000,10.80000,0.80755,405.13098
2025-06-29 11:15:53+07:00,27.50000,74.00000,8.90000,12.40000,0.86194,404.87106
2025-06-29 11:16:42+07:00,27.60000,74.30000,9.10000,12.20000,0.82313,405.14081
2025-06-29 11:17:31+07:00,27.60000,74.50000,8.90000,17.20000,0.83440,404.91837
2025-06-29 11:18:21+07:00,27.60000,74.50000,8.20000,11.00000,0.83894,404.86163
2025-06-29 11:19:10+07:00,27.60000,73.30000,8.60000,12.40000,0.83440,405.00446
2025-06-29 11:20:00+07:00,27.50000,72.80000,8.20000,10.30000,0.82537,405.04312
2025-06-29 11:20:49+07:00,27.40000,72.80000,7.30000,9.70000,0.83667,404.84286
2025-06-29 11:21:38+07:00,27.40000,72.70000,7.70000,10.30000,0.81865,404.93738
2025-06-29 11:22:28+07:00,27.50000,72.50000,7.00000,10.70000,0.81420,405.00446
2025-06-29 11:23:17+07:00,27.50000,71.70000,6.90000,9.40000,0.80095,404.95648
2025-06-29 11:24:06+07:00,27.60000,71.40000,7.30000,10.50000,0.80095,404.86163
2025-06-29 11:24:56+07:00,27.60000,72.00000,7.50000,11.20000,0.82988,404.89938
2025-06-29 11:25:45+07:00,27.70000,72.20000,8.00000,11.30000,0.84350,404.89938
2025-06-29 11:26:35+07:00,27.70000,72.60000,7.50000,11.60000,0.80535,404.85223
2025-06-29 11:27:24+07:00,27.80000,72.60000,7.70000,11.40000,0.82988,404.99481
2025-06-29 11:28:13+07:00,27.80000,72.00000,7.90000,12.30000,0.79876,404.92786
2025-06-29 11:29:03+07:00,27.80000,72.20000,8.90000,13.30000,0.83440,405.00446
2025-06-29 11:29:52+07:00,27.90000,72.90000,9.00000,14.90000,0.86194,404.86163
2025-06-29 11:30:42+07:00,28.00000,73.00000,7.20000,10.40000,0.82313,404.91837
2025-06-29 11:31:31+07:00,28.00000,71.40000,8.20000,11.10000,0.82988,404.83350
2025-06-29 11:32:20+07:00,28.10000,70.90000,7.90000,12.90000,0.84579,404.52353
2025-06-29 11:33:10+07:00,28.10000,70.90000,6.30000,8.60000,0.83440,404.57703
2025-06-29 11:33:59+07:00,28.10000,69.90000,7.10000,10.10000,0.80314,404.41809
2025-06-29 11:34:48+07:00,28.10000,70.40000,7.20000,10.90000,0.82762,404.47934
2025-06-29 11:35:38+07:00,28.10000,70.30000,6.90000,9.70000,0.79876,404.46176
2025-06-29 11:36:27+07:00,28.10000,70.80000,7.00000,9.90000,0.83894,404.61298
2025-06-29 11:37:16+07:00,28.10000,69.80000,6.00000,8.20000,0.80755,404.33173
2025-06-29 11:38:06+07:00,28.10000,68.40000,6.20000,6.90000,0.81198,404.54132
2025-06-29 11:38:55+07:00,28.10000,69.80000,6.80000,9.60000,0.80755,404.60394
2025-06-29 11:39:45+07:00,28.20000,70.50000,6.40000,7.60000,0.87363,404.61298
2025-06-29 11:40:34+07:00,28.20000,70.60000,6.90000,9.80000,0.83667,404.60394
2025-06-29 11:41:23+07:00,28.30000,71.20000,6.60000,8.50000,0.81865,404.47934
2025-06-29 11:42:13+07:00,28.30000,70.50000,6.80000,8.30000,0.82089,404.36612
2025-06-29 11:43:02+07:00,28.30000,70.10000,6.80000,9.60000,0.80314,404.47934
2025-06-29 11:43:51+07:00,28.20000,69.30000,6.40000,10.20000,0.80535,404.46176
2025-06-29 11:44:41+07:00,28.20000,69.50000,6.80000,9.20000,0.79876,404.51468
2025-06-29 11:45:30+07:00,28.30000,69.60000,7.40000,9.90000,0.80314,404.46176
2025-06-29 11:46:20+07:00,28.20000,69.20000,7.40000,11.10000,0.86660,404.48816
2025-06-29 11:47:09+07:00,28.20000,68.60000,6.70000,8.60000,0.84808,404.46176
2025-06-29 11:47:59+07:00,28.30000,70.30000,7.40000,9.90000,0.82089,404.55020
2025-06-29 11:48:48+07:00,28.30000,70.20000,8.40000,10.30000,0.85038,404.65820
2025-06-29 11:49:37+07:00,28.20000,69.40000,8.90000,11.80000,0.83440,404.57703
2025-06-29 11:50:27+07:00,28.20000,69.60000,9.20000,13.00000,0.89497,404.71298
2025-06-29 11:51:16+07:00,28.10000,69.80000,8.30000,11.30000,0.88781,404.99481
2025-06-29 11:52:05+07:00,28.10000,70.40000,9.20000,13.80000,0.91186,404.70383
2025-06-29 11:52:55+07:00,28.00000,71.20000,9.60000,14.00000,0.83440,404.52353
2025-06-29 11:53:44+07:00,28.00000,71.40000,9.20000,12.50000,0.81420,404.81479
2025-06-29 11:54:34+07:00,28.00000,71.10000,9.10000,11.20000,0.82313,404.79614
2025-06-29 11:55:23+07:00,28.00000,71.10000,9.70000,11.40000,0.82762,404.79614
2025-06-29 11:56:12+07:00,28.00000,71.10000,9.10000,11.10000,0.82313,404.76831
2025-06-29 11:57:02+07:00,28.00000,72.00000,9.50000,12.60000,0.83440,405.12115
2025-06-29 11:57:51+07:00,27.90000,71.90000,9.70000,12.40000,0.83894,404.70383
2025-06-29 11:58:41+07:00,28.00000,71.70000,9.60000,12.60000,0.84579,404.74982
2025-06-29 11:59:30+07:00,28.00000,71.40000,9.00000,10.40000,0.80535,404.90887
2025-06-29 12:00:19+07:00,28.00000,71.90000,9.70000,11.20000,0.84122,404.74982
2025-06-29 12:01:09+07:00,28.00000,71.40000,9.60000,13.00000,0.77924,404.83350
2025-06-29 12:01:58+07:00,27.90000,70.70000,9.80000,13.40000,0.86894,404.88049
2025-06-29 12:02:48+07:00,27.90000,71.50000,10.00000,14.40000,0.82089,405.00446
2025-06-29 12:03:38+07:00,27.90000,71.10000,10.20000,15.30000,0.80535,404.92786
2025-06-29 12:04:28+07:00,27.90000,71.60000,10.30000,12.70000,0.83894,404.83350
2025-06-29 12:05:17+07:00,28.00000,71.10000,10.80000,14.90000,0.84122,404.81479
2025-06-29 12:06:12+07:00,28.00000,71.40000,10.60000,15.20000,0.81642,404.80545
2025-06-29 12:07:01+07:00,28.10000,71.40000,9.80000,13.30000,0.81420,404.83350
2025-06-29 12:07:51+07:00,28.10000,70.30000,7.80000,9.80000,0.83213,404.89938
2025-06-29 12:08:40+07:00,28.00000,70.50000,7.80000,9.80000,0.85730,404.84286
2025-06-29 12:09:30+07:00,28.00000,71.00000,7.60000,10.20000,0.85038,404.88992
2025-06-29 12:10:20+07:00,28.00000,70.00000,7.80000,9.90000,0.89019,404.86163
2025-06-29 12:11:09+07:00,28.00000,70.00000,7.00000,10.10000,0.87128,404.80545
2025-06-29 12:12:03+07:00,28.00000,69.90000,7.40000,8.80000,0.84579,404.88049
2025-06-29 12:12:53+07:00,28.10000,69.90000,8.00000,10.50000,0.88070,404.73138
2025-06-29 12:13:42+07:00,28.10000,70.30000,7.90000,11.40000,0.83894,404.77756
2025-06-29 12:14:32+07:00,28.10000,70.70000,8.30000,13.70000,0.83440,404.95648
2025-06-29 12:15:21+07:00,28.10000,69.80000,7.50000,9.70000,0.85962,405.00446
2025-06-29 12:16:11+07:00,28.10000,69.40000,8.60000,14.50000,0.80755,404.87106
2025-06-29 12:17:00+07:00,28.10000,70.00000,9.30000,13.90000,0.85962,404.78683
2025-06-29 12:17:50+07:00,28.20000,71.10000,8.60000,13.00000,0.82313,404.81479
2025-06-29 12:18:39+07:00,28.30000,70.50000,7.60000,9.70000,0.83667,404.83350
2025-06-29 12:19:29+07:00,28.40000,70.30000,7.20000,10.80000,0.80755,404.86163
2025-06-29 12:20:18+07:00,28.40000,70.30000,6.80000,10.40000,0.84808,404.82413
2025-06-29 12:21:08+07:00,28.50000,69.60000,7.10000,10.70000,0.85499,404.90887
2025-06-29 12:21:57+07:00,28.50000,69.20000,7.20000,10.60000,0.87363,404.88049
2025-06-29 12:22:47+07:00,28.60000,70.20000,7.40000,8.90000,0.87363,404.82413
2025-06-29 12:23:36+07:00,28.50000,69.00000,7.30000,10.40000,0.85730,404.90887
2025-06-29 12:24:26+07:00,28.50000,69.20000,8.20000,11.40000,0.81865,404.98523
2025-06-29 12:25:15+07:00,28.50000,69.70000,7.70000,9.80000,0.84350,404.82413
2025-06-29 12:26:05+07:00,28.40000,69.60000,7.00000,9.30000,0.83440,405.11133
2025-06-29 12:26:55+07:00,28.40000,69.00000,6.70000,10.60000,0.85730,404.88992
2025-06-29 12:27:44+07:00,28.30000,69.70000,6.60000,10.60000,0.82762,405.11133
2025-06-29 12:28:34+07:00,28.30000,69.50000,7.10000,10.50000,0.98452,405.25009
2025-06-29 12:29:23+07:00,28.30000,69.80000,6.50000,9.80000,0.93146,405.39188
2025-06-29 12:30:16+07:00,28.30000,68.60000,6.80000,10.20000,0.85962,405.26010
2025-06-29 12:31:06+07:00,28.30000,68.30000,6.50000,9.00000,0.97679,405.34088
2025-06-29 12:31:55+07:00,28.40000,68.70000,6.50000,9.60000,0.97936,405.34088
2025-06-29 12:32:44+07:00,28.40000,68.10000,6.60000,9.10000,1.02919,405.32059
2025-06-29 12:33:34+07:00,28.40000,68.60000,6.60000,9.20000,0.95644,405.26010
2025-06-29 12:34:23+07:00,28.40000,68.70000,6.30000,7.80000,0.96149,405.34088
2025-06-29 12:35:13+07:00,28.40000,68.90000,6.50000,7.90000,0.93394,405.23007
2025-06-29 12:36:05+07:00,28.40000,68.10000,7.00000,9.70000,0.92407,405.33072
2025-06-29 12:36:55+07:00,28.40000,68.80000,6.60000,10.60000,0.93146,405.01410
2025-06-29 12:37:44+07:00,28.40000,68.40000,6.20000,7.40000,0.91186,405.47430
2025-06-29 12:38:35+07:00,28.30000,68.10000,6.60000,8.50000,0.99749,405.33072
2025-06-29 12:39:24+07:00,28.30000,69.20000,6.30000,8.00000,1.03455,405.28021
2025-06-29 12:40:14+07:00,28.30000,69.30000,6.30000,9.40000,1.02385,405.46396
2025-06-29 12:41:03+07:00,28.30000,68.80000,6.60000,9.40000,0.99749,405.45361
2025-06-29 12:41:53+07:00,28.30000,69.30000,6.60000,8.60000,0.95896,405.41238
2025-06-29 12:42:42+07:00,28.30000,69.70000,7.10000,9.70000,0.96657,405.20020
2025-06-29 12:43:31+07:00,28.20000,69.20000,6.70000,8.80000,0.98452,405.35104
2025-06-29 12:44:21+07:00,28.20000,68.80000,6.40000,8.30000,0.92162,405.39188
2025-06-29 12:45:10+07:00,28.20000,68.90000,7.30000,9.40000,0.97936,405.31049
2025-06-29 12:46:00+07:00,28.30000,69.90000,6.70000,10.20000,0.98710,405.35104
2025-06-29 12:46:54+07:00,28.30000,69.90000,6.70000,8.80000,0.90943,405.30035
2025-06-29 12:47:50+07:00,28.30000,70.10000,6.70000,9.20000,0.93890,405.36124
2025-06-29 12:48:40+07:00,28.30000,70.50000,6.40000,8.50000,1.01060,405.44330
2025-06-29 12:49:30+07:00,28.30000,68.80000,6.50000,9.60000,1.01060,405.58936
2025-06-29 12:50:29+07:00,28.30000,69.60000,7.40000,10.20000,0.95140,405.67426
2025-06-29 12:51:18+07:00,28.30000,70.70000,7.70000,9.90000,0.92653,405.53680
2025-06-29 12:52:08+07:00,28.30000,69.90000,7.00000,9.40000,0.93394,405.35104
2025-06-29 12:52:57+07:00,28.20000,69.50000,7.20000,9.30000,0.89019,405.52637
2025-06-29 12:53:47+07:00,28.20000,69.90000,7.10000,11.00000,0.87363,405.30035
2025-06-29 12:54:36+07:00,28.20000,69.90000,7.50000,11.30000,0.94139,405.31049
2025-06-29 12:55:26+07:00,28.20000,70.40000,7.90000,9.60000,0.91429,405.29028
2025-06-29 12:56:16+07:00,28.20000,71.00000,8.10000,10.20000,0.92653,405.46396
2025-06-29 12:57:05+07:00,28.20000,71.70000,8.90000,13.20000,0.96657,405.42267
2025-06-29 12:57:55+07:00,28.10000,72.10000,7.80000,11.50000,0.93890,405.47430
2025-06-29 12:58:44+07:00,28.10000,71.00000,7.50000,9.00000,0.92900,405.25009
2025-06-29 12:59:34+07:00,28.10000,70.60000,7.70000,10.90000,0.90943,405.19025
2025-06-29 13:00:24+07:00,28.10000,70.20000,7.90000,12.10000,0.91186,405.23007
2025-06-29 13:01:18+07:00,28.10000,70.90000,8.30000,11.70000,0.91917,405.41238
2025-06-29 13:02:07+07:00,28.10000,71.50000,8.80000,12.90000,0.94639,405.47430
2025-06-29 13:02:57+07:00,28.10000,71.60000,9.70000,14.50000,0.97423,405.41238
2025-06-29 13:03:46+07:00,28.10000,71.70000,10.10000,14.60000,0.94389,405.12115
2025-06-29 13:04:36+07:00,28.10000,71.60000,9.80000,13.00000,0.91186,405.52637
2025-06-29 13:05:25+07:00,28.10000,71.40000,9.30000,13.60000,0.88543,405.43298
2025-06-29 13:06:15+07:00,28.10000,70.90000,9.60000,12.70000,0.93394,405.46396
2025-06-29 13:07:08+07:00,28.20000,71.10000,9.90000,14.90000,0.93394,405.48468
2025-06-29 13:07:57+07:00,28.20000,72.00000,10.90000,15.10000,0.91673,405.40213
2025-06-29 13:08:47+07:00,28.20000,71.60000,10.60000,14.30000,0.98194,405.32059
2025-06-29 13:09:36+07:00,28.20000,72.80000,10.90000,14.90000,0.99229,405.47430
2025-06-29 13:10:26+07:00,28.20000,73.00000,10.80000,16.80000,0.91917,405.47430
2025-06-29 13:12:14+07:00,28.30000,72.00000,10.80000,12.80000,1.01060,405.56830
2025-06-29 13:14:15+07:00,28.30000,72.10000,11.20000,16.50000,0.90943,405.38165
2025-06-29 13:16:15+07:00,28.30000,73.20000,10.70000,13.60000,0.91186,405.00446
2025-06-29 13:17:04+07:00,28.40000,73.70000,10.60000,14.00000,0.83440,405.12115
2025-06-29 13:17:54+07:00,28.40000,71.70000,11.00000,14.40000,0.85038,405.41238
2025-06-29 13:18:43+07:00,28.40000,72.00000,10.40000,14.50000,0.94889,405.38165
2025-06-29 13:19:32+07:00,28.30000,72.90000,11.10000,15.10000,0.99229,405.58936
2025-06-29 13:20:22+07:00,28.30000,72.30000,9.80000,13.50000,0.81865,405.40213
2025-06-29 13:21:11+07:00,28.20000,72.20000,10.20000,13.20000,0.91186,405.35104
2025-06-29 13:22:01+07:00,28.20000,72.30000,9.90000,13.20000,0.90943,405.26010
2025-06-29 13:24:01+07:00,28.30000,73.70000,10.80000,14.00000,0.86894,405.47430
2025-06-29 13:24:50+07:00,28.30000,74.90000,10.90000,16.50000,0.92407,405.47430
2025-06-29 13:25:40+07:00,28.20000,74.90000,11.10000,14.40000,0.97936,405.59991
2025-06-29 13:26:32+07:00,28.10000,74.50000,10.80000,14.30000,0.89977,405.64230
2025-06-29 13:27:22+07:00,28.20000,75.00000,10.80000,14.50000,0.97936,405.67426
2025-06-29 13:28:11+07:00,28.10000,74.90000,10.30000,14.90000,0.91186,405.69565
2025-06-29 13:29:01+07:00,28.00000,74.10000,9.70000,13.40000,0.92162,405.63165
2025-06-29 13:29:50+07:00,28.00000,74.30000,10.30000,14.10000,0.90943,405.69565
2025-06-29 13:30:40+07:00,27.90000,74.50000,10.50000,12.30000,0.97679,406.02457
2025-06-29 13:31:29+07:00,27.90000,74.70000,10.00000,13.60000,0.89977,405.73862
2025-06-29 13:32:19+07:00,27.90000,74.80000,10.00000,11.70000,0.91673,405.69565
2025-06-29 13:33:08+07:00,27.90000,74.70000,9.60000,12.80000,0.93146,405.73862
2025-06-29 13:33:57+07:00,27.90000,74.50000,10.00000,13.20000,0.98194,405.88016
2025-06-29 13:34:47+07:00,27.90000,74.90000,8.70000,12.40000,0.96149,405.72784
2025-06-29 13:35:36+07:00,28.00000,74.40000,8.80000,12.60000,0.95896,405.91321
2025-06-29 13:36:26+07:00,28.00000,73.10000,8.50000,12.60000,1.01324,405.82538
2025-06-29 13:37:15+07:00,28.00000,73.90000,8.00000,11.40000,0.90459,405.79272
2025-06-29 13:38:08+07:00,28.00000,72.70000,8.30000,12.00000,0.95896,405.88016
2025-06-29 13:38:57+07:00,27.90000,73.40000,8.90000,11.40000,0.95140,405.67426
2025-06-29 13:39:47+07:00,27.90000,73.90000,9.30000,14.70000,0.97679,405.91321
2025-06-29 13:41:34+07:00,27.90000,72.30000,8.20000,10.50000,0.99749,405.74942
2025-06-29 13:42:24+07:00,27.90000,72.10000,7.60000,11.50000,0.97167,405.82538
2025-06-29 13:43:13+07:00,27.90000,71.60000,7.50000,9.50000,0.98452,405.70636
2025-06-29 13:44:04+07:00,27.90000,70.80000,7.10000,9.80000,0.98969,405.71710
2025-06-29 13:44:59+07:00,27.90000,70.30000,7.50000,9.10000,0.95140,405.51593
2025-06-29 13:45:49+07:00,28.00000,71.30000,8.00000,12.50000,1.02119,405.68494
2025-06-29 13:46:38+07:00,28.10000,72.00000,7.60000,9.00000,0.98969,405.53680
2025-06-29 13:47:28+07:00,28.10000,70.90000,7.60000,10.90000,0.95896,406.04703
2025-06-29 13:48:23+07:00,28.00000,71.20000,7.40000,9.90000,0.98710,405.61047
2025-06-29 13:50:14+07:00,28.00000,70.40000,6.70000,8.60000,0.89258,405.74942
2025-06-29 13:51:06+07:00,28.00000,70.50000,7.00000,10.30000,0.99489,405.54730
2025-06-29 13:51:56+07:00,28.00000,69.80000,6.60000,8.70000,1.01589,405.54730
2025-06-29 13:52:45+07:00,28.00000,69.30000,5.70000,7.40000,0.94139,405.46396
2025-06-29 13:53:34+07:00,28.00000,69.00000,5.90000,7.70000,1.00010,405.39188
2025-06-29 13:54:24+07:00,28.00000,68.40000,0.00000,0.00000,0.99489,405.58936
2025-06-29 13:55:14+07:00,28.00000,70.20000,5.80000,7.60000,0.95644,405.44330
2025-06-29 13:56:03+07:00,28.10000,70.10000,6.10000,8.10000,0.97679,405.79272
2025-06-29 13:56:53+07:00,28.10000,68.80000,6.20000,10.10000,0.92653,405.72784
2025-06-29 13:57:42+07:00,28.10000,69.20000,5.50000,7.10000,0.96149,405.70636
2025-06-29 13:58:32+07:00,28.10000,68.60000,6.30000,11.00000,0.96149,405.71710
2025-06-29 13:59:21+07:00,28.10000,68.50000,6.30000,8.70000,0.96657,405.86917
2025-06-29 14:00:15+07:00,28.10000,69.80000,7.10000,9.60000,1.01060,405.55777
2025-06-29 14:01:05+07:00,28.10000,70.70000,7.20000,10.30000,0.98452,405.59991
2025-06-29 14:01:58+07:00,28.10000,70.30000,6.90000,10.60000,0.93146,405.63165
2025-06-29 14:02:52+07:00,28.00000,69.10000,7.00000,9.30000,0.97423,405.68494
2025-06-29 14:03:49+07:00,28.00000,69.20000,6.60000,8.30000,0.97679,405.79272
2025-06-29 14:04:41+07:00,27.90000,69.20000,9.10000,12.30000,0.90459,405.72784
2025-06-29 14:05:42+07:00,28.00000,69.80000,8.70000,11.80000,0.95644,405.67426
2025-06-29 14:06:34+07:00,28.00000,70.30000,9.60000,13.60000,0.98969,405.68494
2025-06-29 14:07:23+07:00,28.00000,70.80000,8.80000,11.60000,0.96657,405.45361
2025-06-29 14:08:13+07:00,28.10000,71.10000,8.50000,12.30000,0.95392,405.53680
2025-06-29 14:09:02+07:00,28.10000,71.70000,10.20000,13.70000,0.93642,405.57883
2025-06-29 14:09:51+07:00,28.10000,71.50000,12.60000,16.30000,0.89737,405.48468
2025-06-29 14:10:41+07:00,28.00000,70.80000,9.50000,12.20000,0.95392,405.55777
2025-06-29 14:11:30+07:00,28.10000,70.70000,11.40000,14.70000,0.89019,405.29028
2025-06-29 14:12:19+07:00,28.00000,71.50000,10.70000,13.40000,0.94639,405.61047
2025-06-29 14:13:09+07:00,28.10000,72.60000,11.10000,15.10000,0.91917,405.52637
2025-06-29 14:13:58+07:00,28.10000,72.60000,10.30000,12.60000,0.93146,405.41238
2025-06-29 14:14:47+07:00,28.10000,72.00000,10.60000,13.80000,0.95140,405.57883
2025-06-29 14:15:37+07:00,28.00000,71.90000,8.50000,13.40000,0.94389,405.63165
2025-06-29 14:16:26+07:00,28.00000,70.60000,8.90000,11.10000,0.97167,405.55777
2025-06-29 14:17:16+07:00,28.00000,70.80000,8.20000,11.50000,0.96149,405.47430
2025-06-29 14:18:05+07:00,28.00000,70.10000,8.20000,11.20000,0.91429,405.45361
2025-06-29 14:18:55+07:00,28.00000,70.60000,8.50000,10.50000,0.95644,405.55777
2025-06-29 14:19:44+07:00,28.00000,70.30000,7.80000,8.70000,0.93394,405.41238
2025-06-29 14:20:33+07:00,28.00000,70.40000,9.00000,10.90000,0.93890,405.58936
2025-06-29 14:21:23+07:00,28.00000,71.40000,8.30000,12.10000,0.94139,405.44330
2025-06-29 14:23:04+07:00,27.90000,70.60000,10.20000,12.80000,0.87363,405.36124
2025-06-29 14:23:53+07:00,27.90000,73.30000,11.40000,15.00000,0.90701,405.40213
2025-06-29 14:24:43+07:00,27.80000,74.80000,12.90000,17.50000,0.92407,405.36124
2025-06-29 14:25:32+07:00,27.80000,75.50000,12.90000,21.10000,0.97936,405.57883
2025-06-29 14:26:22+07:00,27.70000,75.40000,14.20000,19.60000,0.90218,405.37143
2025-06-29 14:27:18+07:00,27.70000,76.30000,14.00000,18.80000,0.96657,405.59991
2025-06-29 14:28:08+07:00,27.60000,76.60000,13.90000,18.10000,0.85268,405.34088
2025-06-29 14:28:58+07:00,27.60000,76.20000,13.90000,17.30000,0.92653,405.44330
2025-06-29 14:29:50+07:00,27.60000,76.20000,13.30000,17.00000,0.93642,405.30035
2025-06-29 14:30:43+07:00,27.60000,76.20000,13.70000,19.00000,0.96149,405.44330
2025-06-29 14:31:32+07:00,27.60000,76.90000,14.20000,17.20000,1.00797,405.55777
2025-06-29 14:32:22+07:00,27.60000,76.40000,12.60000,15.40000,0.97679,405.58936
2025-06-29 14:33:12+07:00,27.60000,75.60000,12.80000,17.10000,0.95896,405.52637
2025-06-29 14:34:01+07:00,27.60000,75.40000,12.80000,16.50000,0.94639,405.67426
2025-06-29 14:34:50+07:00,27.60000,75.40000,12.00000,15.00000,0.94139,405.42267
2025-06-29 14:35:40+07:00,27.70000,75.50000,12.80000,16.80000,0.97679,405.47430
2025-06-29 14:36:29+07:00,27.70000,76.20000,13.70000,18.40000,0.94639,405.55777
2025-06-29 14:37:19+07:00,27.70000,76.10000,12.50000,18.80000,0.98710,405.83630
2025-06-29 14:38:08+07:00,27.70000,76.00000,12.80000,15.30000,0.97423,405.62106
2025-06-29 14:38:58+07:00,27.70000,75.90000,12.30000,15.30000,1.00797,405.43298
2025-06-29 14:39:47+07:00,27.70000,75.50000,12.40000,15.60000,0.93890,405.45361
2025-06-29 14:40:37+07:00,27.70000,75.00000,12.30000,15.00000,0.98452,405.45361
2025-06-29 14:41:26+07:00,27.70000,75.30000,12.40000,15.50000,1.01589,405.42267
2025-06-29 14:42:16+07:00,27.70000,75.30000,12.90000,16.30000,0.95896,405.52637
2025-06-29 14:43:05+07:00,27.70000,74.90000,12.20000,15.90000,0.99229,405.65292
2025-06-29 14:43:54+07:00,27.60000,74.70000,12.20000,15.40000,0.98452,405.64230
2025-06-29 14:44:44+07:00,27.60000,74.90000,12.20000,15.10000,0.95392,405.37143
2025-06-29 14:45:33+07:00,27.60000,75.00000,12.20000,16.70000,0.95896,405.56830
2025-06-29 14:46:22+07:00,27.60000,75.30000,12.00000,16.60000,0.98969,405.64230
2025-06-29 14:47:12+07:00,27.60000,75.20000,11.90000,15.00000,0.97679,405.47430
2025-06-29 14:48:01+07:00,27.50000,74.80000,11.70000,15.10000,0.95392,405.57883
2025-06-29 14:48:51+07:00,27.50000,74.90000,12.60000,17.40000,0.96912,405.39188
2025-06-29 14:49:40+07:00,27.50000,74.70000,12.20000,14.50000,0.99749,405.38165
2025-06-29 14:50:30+07:00,27.50000,74.70000,12.40000,15.90000,0.94389,405.55777
2025-06-29 14:51:22+07:00,27.50000,75.00000,12.90000,16.70000,0.89977,405.55777
2025-06-29 14:52:11+07:00,27.40000,75.20000,13.50000,17.90000,0.93146,405.46396
2025-06-29 14:53:01+07:00,27.50000,75.50000,13.20000,18.30000,0.96403,405.50549
2025-06-29 14:53:54+07:00,27.40000,75.90000,14.30000,19.20000,1.01060,405.45361
2025-06-29 14:54:44+07:00,27.40000,76.10000,14.60000,16.80000,0.94889,405.52637
2025-06-29 14:55:33+07:00,27.30000,76.50000,14.10000,18.70000,0.92407,405.40213
2025-06-29 14:56:23+07:00,27.30000,76.40000,13.80000,16.70000,0.95644,405.58936
2025-06-29 14:57:12+07:00,27.40000,76.20000,15.20000,18.50000,0.98194,405.48468
2025-06-29 14:58:02+07:00,27.40000,75.90000,14.90000,21.70000,0.91429,405.72784
2025-06-29 14:58:51+07:00,27.40000,76.20000,15.60000,33.20000,0.98710,405.45361
2025-06-29 14:59:41+07:00,27.50000,76.10000,15.50000,19.90000,0.98194,405.86917
2025-06-29 15:00:30+07:00,27.50000,76.00000,14.80000,19.90000,0.97423,405.50549
2025-06-29 15:01:19+07:00,27.50000,76.20000,15.20000,24.30000,0.98710,405.56830
2025-06-29 15:02:09+07:00,27.60000,76.00000,15.60000,22.00000,0.98452,405.62106
2025-06-29 15:02:58+07:00,27.60000,75.80000,14.70000,19.50000,1.00797,405.49509
2025-06-29 15:03:48+07:00,27.50000,75.70000,15.80000,19.80000,0.97167,405.56830
2025-06-29 15:04:37+07:00,27.50000,75.60000,14.80000,18.30000,0.96403,405.53680
2025-06-29 15:05:27+07:00,27.50000,75.60000,15.00000,19.40000,0.95644,405.55777
2025-06-29 15:06:16+07:00,27.50000,75.80000,15.00000,19.80000,0.93642,405.46396
2025-06-29 15:07:06+07:00,27.50000,74.70000,14.70000,18.70000,0.95140,405.55777
2025-06-29 15:07:55+07:00,27.40000,74.40000,15.40000,18.10000,1.03187,405.46396
2025-06-29 15:08:46+07:00,27.40000,74.80000,16.20000,19.30000,1.00797,405.59991
2025-06-29 15:09:35+07:00,27.40000,75.00000,15.30000,19.70000,0.98969,405.49509
2025-06-29 15:10:25+07:00,27.40000,75.40000,16.30000,18.80000,0.97423,405.51593
2025-06-29 15:11:14+07:00,27.40000,75.80000,16.80000,21.80000,1.00534,405.68494
2025-06-29 15:12:04+07:00,27.40000,75.70000,17.10000,22.60000,0.97679,405.45361
2025-06-29 15:27:30+07:00,27.10000,78.20000,24.80000,31.00000,1.00534,405.77103
2025-06-29 15:28:20+07:00,27.10000,78.40000,24.70000,30.30000,0.99749,405.53680
2025-06-29 15:29:09+07:00,27.00000,78.30000,25.20000,30.60000,0.97936,405.76022
2025-06-29 15:29:58+07:00,26.90000,78.60000,25.10000,29.40000,0.96657,405.80359
2025-06-29 15:30:48+07:00,26.90000,78.30000,24.50000,31.00000,0.96403,405.71710
2025-06-29 15:31:37+07:00,26.90000,78.60000,24.50000,28.60000,0.97423,405.86917
2025-06-29 15:32:27+07:00,26.90000,78.30000,22.00000,26.20000,1.03455,405.63165
2025-06-29 15:33:16+07:00,26.90000,78.10000,21.20000,26.50000,1.01854,405.68494
2025-06-29 15:34:05+07:00,26.80000,78.10000,20.60000,25.30000,1.00797,405.72784
2025-06-29 15:34:55+07:00,26.80000,78.40000,20.20000,23.60000,1.04533,405.80359
2025-06-29 15:35:44+07:00,26.80000,78.40000,20.30000,24.20000,1.08379,405.71710
2025-06-29 15:36:33+07:00,26.80000,78.40000,21.40000,23.90000,0.98710,405.73862
2025-06-29 15:37:23+07:00,26.80000,78.50000,21.60000,24.20000,1.02652,405.69565
2025-06-29 15:38:12+07:00,26.80000,78.70000,22.10000,24.90000,0.94889,405.70636
2025-06-29 15:39:02+07:00,26.90000,78.80000,20.10000,22.70000,1.03993,405.77103
2025-06-29 15:39:51+07:00,26.90000,77.80000,19.70000,22.70000,0.98194,405.70636
2025-06-29 15:40:40+07:00,26.90000,78.00000,19.70000,22.00000,1.14648,405.70636
2025-06-29 15:41:30+07:00,26.90000,77.90000,19.80000,22.20000,1.03187,405.74942
2025-06-29 15:42:19+07:00,26.90000,77.70000,18.30000,20.40000,1.00797,406.12622
2025-06-29 15:43:08+07:00,26.90000,77.30000,18.90000,21.70000,1.05894,405.78186
2025-06-29 15:43:58+07:00,26.80000,77.40000,18.80000,23.50000,1.05076,405.73862
2025-06-29 15:44:47+07:00,26.80000,77.20000,18.40000,22.00000,1.03455,405.78186
2025-06-29 15:45:36+07:00,26.80000,77.20000,18.80000,21.00000,1.00534,405.77103
2025-06-29 15:46:26+07:00,26.80000,77.40000,18.30000,20.30000,1.03455,405.80359
2025-06-29 15:47:15+07:00,26.80000,77.40000,18.80000,21.10000,1.03993,405.76022
2025-06-29 15:48:04+07:00,26.80000,77.00000,19.70000,22.10000,1.01854,405.65292
2025-06-29 15:48:54+07:00,26.80000,77.10000,19.50000,21.80000,0.96657,405.78186
2025-06-29 15:49:43+07:00,26.80000,77.40000,21.60000,25.50000,1.03455,405.72784
2025-06-29 15:50:32+07:00,26.80000,77.40000,19.80000,22.90000,1.04533,405.83630
2025-06-29 15:51:22+07:00,26.80000,77.30000,17.20000,19.90000,1.03455,405.72784
2025-06-29 15:52:11+07:00,26.80000,77.50000,18.30000,22.70000,1.04533,405.78186
2025-06-29 15:53:01+07:00,26.80000,77.30000,19.80000,23.30000,1.03455,405.94644
2025-06-29 15:53:50+07:00,26.80000,77.20000,21.00000,24.80000,1.06993,405.83630
2025-06-29 15:54:39+07:00,26.80000,77.00000,25.60000,32.80000,1.03187,405.70636
2025-06-29 15:55:29+07:00,26.70000,77.60000,20.90000,26.10000,0.98194,405.93536
2025-06-29 15:56:18+07:00,26.60000,78.20000,16.80000,19.20000,1.02652,405.88016
2025-06-29 15:57:07+07:00,26.70000,77.50000,17.10000,19.40000,1.02119,405.97983
2025-06-29 15:57:57+07:00,26.70000,77.40000,16.80000,20.60000,1.06993,405.90219
2025-06-29 15:58:46+07:00,26.70000,77.70000,17.50000,19.60000,1.02385,405.80359
2025-06-29 15:59:35+07:00,26.80000,77.50000,18.40000,21.70000,1.08937,405.77103
2025-06-29 16:00:25+07:00,26.80000,78.10000,17.90000,20.60000,1.02119,406.22931
2025-06-29 16:01:14+07:00,26.80000,77.40000,17.70000,21.30000,1.03187,405.69565
2025-06-29 16:02:03+07:00,26.90000,77.30000,24.90000,33.40000,1.10343,406.03577
2025-06-29 16:02:53+07:00,26.90000,77.30000,23.20000,31.20000,1.07545,405.95755
2025-06-29 16:03:42+07:00,26.90000,77.60000,25.10000,32.50000,1.14648,405.95755
2025-06-29 16:04:32+07:00,26.90000,77.70000,24.80000,30.80000,1.10626,406.06958
2025-06-29 16:05:21+07:00,27.00000,77.50000,24.10000,27.90000,1.06168,406.31049
2025-06-29 16:06:10+07:00,27.00000,77.20000,24.10000,28.90000,1.12049,406.26398
2025-06-29 16:07:00+07:00,27.20000,76.70000,25.80000,29.90000,1.14939,406.39252
2025-06-29 16:07:49+07:00,27.20000,76.60000,26.20000,31.60000,1.10061,406.06958
2025-06-29 16:08:38+07:00,27.30000,76.40000,25.80000,33.20000,0.96149,405.79272
2025-06-29 16:09:28+07:00,27.30000,76.50000,27.20000,34.30000,0.95140,405.54730
2025-06-29 16:10:17+07:00,27.30000,76.50000,29.20000,40.80000,0.99749,405.99097
2025-06-29 16:11:06+07:00,27.30000,76.50000,30.90000,40.20000,0.89737,405.48468
2025-06-29 16:11:56+07:00,27.30000,76.40000,32.00000,45.00000,0.92900,405.41238
2025-06-29 16:12:45+07:00,27.20000,76.50000,32.90000,44.60000,0.87363,405.34088
2025-06-29 16:13:35+07:00,27.20000,76.60000,34.70000,48.20000,0.88781,405.45361
2025-06-29 16:14:24+07:00,27.20000,76.50000,36.90000,51.30000,0.94389,405.62106
2025-06-29 16:15:13+07:00,27.20000,76.70000,37.50000,53.10000,0.89497,405.39188
2025-06-29 16:16:03+07:00,27.20000,76.60000,36.20000,50.00000,0.91186,405.59991
2025-06-29 16:16:52+07:00,27.10000,76.90000,39.50000,58.70000,0.94389,405.49509
2025-06-29 16:17:41+07:00,27.10000,77.00000,37.40000,54.10000,0.91186,405.48468
2025-06-29 16:18:31+07:00,27.10000,77.00000,36.90000,52.90000,0.91186,405.61047
2025-06-29 16:19:20+07:00,27.10000,77.00000,36.90000,53.10000,0.93146,405.51593
2025-06-29 16:20:10+07:00,27.00000,77.20000,35.80000,47.90000,0.88781,405.44330
2025-06-29 16:20:59+07:00,27.10000,77.00000,34.60000,49.50000,0.95140,405.47430
2025-06-29 16:21:48+07:00,27.00000,76.90000,32.70000,46.20000,0.95392,405.53680
2025-06-29 16:22:38+07:00,27.00000,77.00000,32.30000,48.10000,0.97423,405.36124
2025-06-29 16:23:27+07:00,26.90000,77.30000,34.30000,47.40000,0.98452,405.41238
2025-06-29 16:24:17+07:00,26.90000,77.40000,32.90000,45.40000,0.91673,405.41238
2025-06-29 16:25:09+07:00,26.90000,77.30000,33.00000,48.40000,0.95896,405.39188
2025-06-29 16:26:01+07:00,26.80000,77.50000,32.00000,45.50000,0.93890,405.56830
2025-06-29 16:26:50+07:00,26.80000,77.50000,32.90000,45.60000,0.93890,405.43298
2025-06-29 16:27:40+07:00,26.80000,77.70000,33.50000,45.30000,0.92653,405.46396
2025-06-29 16:28:29+07:00,26.80000,77.70000,33.10000,44.60000,0.95140,405.45361
2025-06-29 16:29:22+07:00,26.80000,77.60000,33.60000,43.80000,0.97936,405.50549
2025-06-29 16:30:15+07:00,26.80000,77.60000,32.50000,43.40000,0.98969,405.65292
2025-06-29 16:31:04+07:00,26.80000,77.70000,31.60000,45.20000,0.97936,405.59991
2025-06-29 16:31:54+07:00,26.80000,77.60000,32.40000,43.80000,0.98194,405.48468
2025-06-29 16:32:43+07:00,26.90000,77.20000,32.80000,45.20000,1.00534,405.50549
2025-06-29 16:33:33+07:00,27.00000,77.10000,35.50000,47.90000,0.96403,405.45361
2025-06-29 16:34:22+07:00,26.90000,77.20000,35.20000,46.80000,0.97423,405.57883
2025-06-29 16:35:12+07:00,26.90000,77.30000,33.30000,42.90000,1.00010,405.51593
2025-06-29 16:36:04+07:00,26.80000,77.60000,35.00000,49.10000,0.96657,405.48468
2025-06-29 16:36:54+07:00,26.90000,77.30000,35.30000,48.80000,0.96657,405.55777
2025-06-29 16:37:43+07:00,26.80000,77.30000,35.20000,47.80000,1.02119,405.64230
2025-06-29 16:38:32+07:00,26.80000,77.20000,34.80000,48.30000,0.98194,405.61047
2025-06-29 16:39:22+07:00,26.80000,77.20000,35.00000,49.40000,0.97679,405.72784
2025-06-29 16:40:11+07:00,26.70000,77.30000,34.80000,51.50000,1.06442,405.38165
2025-06-29 16:41:01+07:00,26.80000,77.40000,35.90000,50.90000,0.94389,405.33072
2025-06-29 16:41:50+07:00,26.80000,77.20000,36.40000,51.40000,0.96657,405.58936
2025-06-29 16:42:39+07:00,26.90000,77.10000,36.20000,51.70000,0.97423,405.52637
2025-06-29 16:43:29+07:00,26.80000,77.20000,36.40000,51.70000,0.98969,405.42267
2025-06-29 16:44:18+07:00,26.80000,77.20000,36.50000,52.00000,1.03724,405.49509
2025-06-29 16:45:08+07:00,26.80000,77.30000,36.90000,54.30000,0.98194,405.47430
2025-06-29 16:45:57+07:00,26.80000,77.30000,36.40000,49.80000,0.96912,405.40213
2025-06-29 16:46:47+07:00,26.80000,77.50000,37.30000,51.50000,1.01060,405.45361
2025-06-29 16:47:36+07:00,26.80000,77.40000,35.90000,51.40000,0.98194,405.36124
2025-06-29 16:48:26+07:00,26.80000,77.50000,36.30000,51.50000,0.98194,405.47430
2025-06-29 16:49:20+07:00,26.80000,77.40000,35.90000,51.70000,0.93890,405.36124
2025-06-29 16:50:14+07:00,26.80000,77.30000,35.10000,49.60000,0.97423,405.45361
2025-06-29 16:51:06+07:00,26.80000,77.20000,37.00000,51.50000,0.99489,405.48468
2025-06-29 16:51:56+07:00,26.70000,77.30000,40.90000,57.50000,1.02919,405.41238
2025-06-29 16:52:45+07:00,26.70000,77.50000,39.40000,53.60000,1.03993,405.50549
2025-06-29 16:53:35+07:00,26.70000,77.60000,41.50000,57.30000,1.00797,405.43298
2025-06-29 16:54:24+07:00,26.70000,77.60000,39.60000,54.50000,0.98969,405.51593
2025-06-29 16:55:14+07:00,26.80000,77.50000,40.10000,53.20000,0.94389,405.43298
2025-06-29 16:56:07+07:00,26.80000,77.20000,38.60000,54.50000,1.00010,405.37143
2025-06-29 16:56:56+07:00,26.80000,77.00000,38.70000,53.20000,0.98710,405.31049
2025-06-29 16:57:46+07:00,26.80000,77.10000,37.80000,52.20000,0.92162,405.34088
2025-06-29 16:58:38+07:00,26.80000,76.80000,36.80000,52.90000,0.92407,405.26010
2025-06-29 16:59:30+07:00,26.80000,76.40000,37.00000,51.20000,0.95140,405.41238
2025-06-29 17:00:20+07:00,26.80000,76.50000,36.40000,50.20000,0.98452,405.25009
2025-06-29 17:01:09+07:00,26.90000,76.20000,35.20000,49.70000,0.94889,405.13098
2025-06-29 17:01:59+07:00,26.80000,76.20000,36.70000,50.50000,0.95644,405.35104
2025-06-29 17:02:48+07:00,26.80000,76.10000,36.50000,48.10000,0.99229,405.20020
2025-06-29 17:03:38+07:00,26.80000,76.10000,35.40000,47.30000,0.91186,405.16055
2025-06-29 17:04:27+07:00,26.80000,76.10000,35.70000,52.40000,0.90218,405.39188
2025-06-29 17:05:17+07:00,26.80000,76.20000,35.60000,49.40000,0.96149,405.32059
2025-06-29 17:06:08+07:00,26.80000,76.30000,37.90000,52.80000,0.91673,405.04312
2025-06-29 17:06:57+07:00,26.80000,76.40000,38.80000,58.70000,0.95896,405.26010
2025-06-29 17:07:47+07:00,26.80000,76.60000,37.70000,54.80000,0.95392,405.12115
2025-06-29 17:08:36+07:00,26.70000,76.50000,37.50000,52.30000,0.94639,405.22009
2025-06-29 17:09:28+07:00,26.70000,76.70000,36.10000,51.90000,0.93642,405.31049
2025-06-29 17:10:20+07:00,26.70000,76.80000,35.90000,49.90000,0.91429,405.13098
2025-06-29 17:11:10+07:00,26.70000,76.80000,36.00000,47.80000,0.92900,405.13098
2025-06-29 17:11:59+07:00,26.70000,76.80000,37.00000,48.60000,0.92162,405.14081
2025-06-29 17:12:49+07:00,26.70000,76.80000,35.90000,51.80000,0.94889,405.01410
2025-06-29 17:13:39+07:00,26.80000,76.90000,36.80000,49.60000,0.96912,405.21014
2025-06-29 17:14:28+07:00,26.80000,76.90000,36.70000,50.00000,0.94139,405.14081
2025-06-29 17:15:17+07:00,26.70000,77.00000,38.80000,52.90000,0.96657,405.09177
2025-06-29 17:16:07+07:00,26.70000,77.00000,37.20000,51.10000,0.97423,405.10156
2025-06-29 17:16:56+07:00,26.70000,76.90000,36.40000,47.60000,0.93890,405.21014
2025-06-29 17:17:45+07:00,26.70000,76.90000,36.50000,49.50000,0.97167,405.40213
2025-06-29 17:18:35+07:00,26.80000,76.70000,38.80000,50.10000,0.96149,405.07227
2025-06-29 17:19:24+07:00,26.80000,76.70000,37.60000,49.10000,0.95644,405.14081
2025-06-29 17:20:13+07:00,26.70000,76.80000,36.60000,49.00000,0.88781,405.01410
2025-06-29 17:21:03+07:00,26.80000,76.60000,37.10000,48.10000,0.92900,405.05280
2025-06-29 17:21:52+07:00,26.80000,76.50000,36.60000,51.00000,0.90701,405.03342
2025-06-29 17:22:41+07:00,26.80000,76.60000,35.70000,48.40000,0.99489,405.16055
2025-06-29 17:23:31+07:00,26.80000,76.40000,35.80000,46.60000,0.95644,405.22009
2025-06-29 17:24:20+07:00,26.90000,76.30000,36.10000,47.00000,0.96403,405.02374
2025-06-29 17:25:10+07:00,26.80000,76.40000,34.20000,46.90000,0.93146,405.11133
2025-06-29 17:25:59+07:00,26.80000,76.30000,35.50000,47.10000,0.91917,405.12115
2025-06-29 17:26:48+07:00,26.80000,76.40000,36.80000,51.70000,1.06993,405.06253
2025-06-29 17:27:38+07:00,26.90000,76.40000,36.10000,48.50000,0.90459,405.03342
2025-06-29 17:28:27+07:00,26.90000,76.50000,37.70000,50.00000,0.90459,405.05280
2025-06-29 17:29:17+07:00,26.90000,76.50000,38.80000,52.00000,0.95140,405.08200
2025-06-29 17:30:06+07:00,26.90000,76.60000,39.20000,54.10000,0.97423,405.07227
2025-06-29 17:30:55+07:00,26.90000,76.60000,38.20000,51.10000,0.86427,405.07227
2025-06-29 17:31:45+07:00,26.90000,76.50000,38.90000,52.90000,0.93146,404.89938
2025-06-29 17:32:34+07:00,26.90000,76.50000,39.60000,54.70000,0.93146,405.14081
2025-06-29 17:33:24+07:00,26.90000,76.40000,39.50000,54.00000,0.91673,405.13098
2025-06-29 17:34:13+07:00,26.80000,76.50000,38.50000,51.20000,0.91673,404.90887
2025-06-29 17:35:03+07:00,26.80000,76.50000,41.10000,57.40000,0.93146,405.08200
2025-06-29 17:35:52+07:00,26.80000,76.60000,39.00000,54.10000,0.90701,405.07227
2025-06-29 17:36:41+07:00,26.80000,76.70000,39.80000,58.10000,0.87833,405.23007
2025-06-29 17:37:31+07:00,26.80000,76.80000,40.10000,52.70000,0.92407,404.93738
2025-06-29 17:38:20+07:00,26.90000,76.90000,39.00000,50.80000,0.92900,404.99481
2025-06-29 17:39:10+07:00,26.90000,76.80000,38.80000,50.60000,0.88306,405.08200
2025-06-29 17:39:59+07:00,26.90000,76.70000,36.80000,46.50000,0.87598,404.93738
2025-06-29 17:40:49+07:00,26.90000,76.70000,41.10000,54.20000,0.89977,404.93738
2025-06-29 17:41:38+07:00,26.90000,76.70000,42.30000,58.50000,0.89019,405.08200
2025-06-29 17:42:28+07:00,26.80000,76.80000,42.50000,54.70000,0.90218,404.88992
2025-06-29 17:43:17+07:00,26.80000,76.90000,42.40000,57.50000,0.88306,405.06253
2025-06-29 17:44:06+07:00,26.80000,76.90000,42.00000,57.90000,0.90218,405.05280
2025-06-29 17:44:56+07:00,26.80000,76.60000,43.30000,57.20000,0.85730,404.99481
2025-06-29 17:45:45+07:00,26.90000,76.50000,42.10000,57.90000,0.93642,405.21014
2025-06-29 17:46:35+07:00,26.90000,76.30000,40.80000,55.00000,0.92900,405.05280
2025-06-29 17:47:28+07:00,26.90000,76.30000,42.40000,55.30000,0.90459,405.01410
2025-06-29 17:48:21+07:00,26.90000,76.10000,45.20000,62.00000,0.91917,405.07227
2025-06-29 17:49:10+07:00,26.90000,76.30000,44.20000,59.40000,0.88781,405.05280
2025-06-29 17:50:00+07:00,26.80000,76.40000,44.70000,61.80000,0.89737,405.09177
2025-06-29 17:50:49+07:00,26.80000,76.60000,47.70000,63.50000,0.98194,405.09177
2025-06-29 17:51:39+07:00,26.80000,76.60000,45.60000,63.50000,0.89737,404.89938
2025-06-29 17:52:35+07:00,26.80000,76.60000,45.80000,63.50000,0.89497,404.88992
2025-06-29 17:53:25+07:00,26.80000,76.60000,43.70000,61.60000,0.88543,405.08200
2025-06-29 17:54:14+07:00,26.80000,76.50000,44.20000,58.50000,0.88781,404.98523
2025-06-29 17:55:04+07:00,26.80000,76.40000,46.10000,64.10000,0.83894,404.98523
2025-06-29 17:55:54+07:00,26.80000,76.60000,46.00000,64.30000,0.93890,404.97562
2025-06-29 17:56:43+07:00,26.80000,76.80000,46.40000,64.10000,0.87833,405.00446
2025-06-29 17:57:33+07:00,26.70000,77.10000,46.20000,62.00000,0.96912,405.24005
2025-06-29 17:58:22+07:00,26.70000,77.30000,46.40000,61.90000,0.91186,405.02374
2025-06-29 17:59:12+07:00,26.80000,77.20000,43.20000,58.10000,0.90701,405.09177
2025-06-29 18:00:02+07:00,26.80000,77.30000,45.10000,56.90000,0.93890,405.15067
2025-06-29 18:00:51+07:00,26.80000,77.30000,44.90000,62.80000,0.96657,405.10156
2025-06-29 18:01:41+07:00,26.80000,77.20000,44.50000,61.20000,0.88781,405.03342
2025-06-29 18:02:33+07:00,26.80000,77.30000,43.60000,59.60000,0.92900,405.03342
2025-06-29 18:03:23+07:00,26.80000,77.40000,42.70000,55.60000,0.93146,405.14081
2025-06-29 18:04:13+07:00,26.80000,77.30000,43.10000,62.40000,0.92900,405.14081
2025-06-29 18:05:02+07:00,26.80000,77.20000,42.10000,56.00000,0.89019,405.06253
2025-06-29 18:05:52+07:00,26.80000,77.10000,43.40000,58.00000,0.92407,405.06253
2025-06-29 18:06:41+07:00,26.80000,77.20000,43.20000,58.50000,0.98452,405.06253
2025-06-29 18:07:31+07:00,26.80000,77.10000,43.20000,59.90000,0.98452,405.10156
2025-06-29 18:08:20+07:00,26.80000,77.20000,43.20000,57.00000,0.86894,405.17044
2025-06-29 18:09:10+07:00,26.80000,77.20000,43.50000,59.10000,0.95140,405.06253
2025-06-29 18:09:59+07:00,26.80000,77.30000,45.10000,65.20000,0.92407,404.95648
2025-06-29 18:10:49+07:00,26.80000,77.50000,48.00000,69.10000,0.92162,405.15067
2025-06-29 18:11:38+07:00,26.80000,77.40000,47.10000,68.30000,0.90218,405.24005
2025-06-29 18:12:28+07:00,26.80000,77.40000,48.10000,64.70000,0.96403,405.02374
2025-06-29 18:13:18+07:00,26.80000,77.50000,48.10000,64.30000,0.90943,404.81479
2025-06-29 18:14:07+07:00,26.80000,77.70000,47.90000,66.30000,0.92407,405.16055
2025-06-29 18:14:57+07:00,26.70000,77.80000,47.00000,61.00000,0.92653,405.23007
2025-06-29 18:15:49+07:00,26.70000,77.70000,48.30000,64.90000,0.90701,405.12115
2025-06-29 18:16:39+07:00,26.80000,77.70000,47.30000,61.10000,0.94389,405.00446
2025-06-29 18:17:29+07:00,26.80000,77.60000,48.30000,64.90000,1.01060,404.88049
2025-06-29 18:18:26+07:00,26.70000,77.40000,46.40000,65.40000,0.93146,405.06253
2025-06-29 18:19:19+07:00,26.80000,77.20000,45.80000,63.80000,0.97167,405.16055
2025-06-29 18:21:06+07:00,26.80000,77.10000,47.20000,65.50000,0.92653,405.13098
2025-06-29 18:21:56+07:00,26.70000,77.00000,47.10000,60.60000,0.98969,405.13098
2025-06-29 18:22:45+07:00,26.70000,76.90000,46.10000,62.00000,0.94389,405.09177
2025-06-29 18:23:37+07:00,26.70000,77.10000,47.30000,65.50000,0.99749,404.98523
2025-06-29 18:24:27+07:00,26.80000,76.80000,47.90000,63.90000,0.93642,405.05280
2025-06-29 18:25:16+07:00,26.80000,76.70000,49.20000,66.30000,0.97423,405.24005
2025-06-29 18:26:06+07:00,26.80000,76.50000,49.40000,71.10000,0.97423,405.21014
2025-06-29 18:26:55+07:00,26.80000,76.70000,48.50000,66.60000,0.96149,404.81479
2025-06-29 18:27:45+07:00,26.70000,76.60000,49.40000,65.00000,0.99229,404.94693
2025-06-29 18:28:34+07:00,26.70000,76.70000,48.40000,65.90000,0.95392,405.13098
2025-06-29 18:29:24+07:00,26.70000,76.80000,47.50000,65.30000,0.94889,405.23007
2025-06-29 18:30:13+07:00,26.70000,76.90000,48.40000,65.00000,0.93890,405.07227
2025-06-29 18:31:03+07:00,26.70000,77.00000,47.40000,68.30000,1.02119,405.29028
2025-06-29 18:31:52+07:00,26.70000,77.00000,47.70000,67.30000,0.96403,405.36124
2025-06-29 18:32:44+07:00,26.70000,77.00000,49.20000,72.80000,0.94889,405.21014
2025-06-29 18:33:34+07:00,26.80000,76.90000,49.70000,68.00000,0.94889,405.43298
2025-06-29 18:34:24+07:00,26.80000,76.50000,48.50000,71.20000,0.94889,405.10156
2025-06-29 18:35:18+07:00,26.90000,76.50000,50.30000,72.50000,0.98710,405.12115
2025-06-29 18:36:12+07:00,26.80000,76.60000,50.80000,69.90000,1.00010,405.19025
2025-06-29 18:37:01+07:00,26.80000,76.50000,50.80000,72.20000,0.95896,405.19025
2025-06-29 18:37:54+07:00,26.90000,76.40000,52.40000,76.40000,0.96403,405.33072
2025-06-29 18:38:49+07:00,26.90000,76.50000,50.90000,74.60000,1.01854,405.28021
2025-06-29 18:39:38+07:00,26.80000,76.60000,50.10000,76.00000,0.98194,405.43298
2025-06-29 18:41:26+07:00,26.70000,76.90000,53.20000,76.40000,0.98452,405.41238
2025-06-29 18:42:16+07:00,26.80000,77.00000,51.40000,75.20000,1.02919,405.44330
2025-06-29 18:43:05+07:00,26.70000,77.10000,53.00000,77.70000,1.01060,405.32059
2025-06-29 18:43:55+07:00,26.70000,77.20000,56.90000,80.60000,1.02385,405.36124
2025-06-29 18:44:44+07:00,26.70000,77.30000,53.20000,77.50000,1.03993,405.35104
2025-06-29 18:45:34+07:00,26.80000,77.10000,54.60000,81.60000,1.06717,405.57883
2025-06-29 18:46:23+07:00,26.80000,77.00000,53.70000,81.70000,1.02919,405.39188
2025-06-29 18:47:12+07:00,26.80000,77.00000,55.90000,85.00000,1.04263,405.62106
2025-06-29 18:48:02+07:00,26.70000,77.30000,57.30000,85.20000,1.06168,405.56830
2025-06-29 18:48:51+07:00,26.70000,77.50000,57.50000,83.10000,1.08379,405.54730
2025-06-29 18:49:40+07:00,26.70000,77.40000,57.00000,86.70000,1.05621,405.52637
2025-06-29 18:50:30+07:00,26.70000,77.20000,58.50000,86.10000,1.08658,405.51593
2025-06-29 18:51:19+07:00,26.70000,77.10000,58.00000,88.10000,1.10061,405.52637
2025-06-29 18:52:09+07:00,26.70000,77.30000,55.00000,83.70000,1.05076,405.47430
2025-06-29 18:52:59+07:00,26.70000,77.20000,43.00000,63.60000,1.05076,405.39188
2025-06-29 18:53:50+07:00,26.60000,76.10000,42.50000,62.70000,1.05894,405.35104
2025-06-29 18:55:31+07:00,26.60000,75.10000,29.70000,42.30000,1.02919,405.29028
2025-06-29 18:56:21+07:00,26.50000,74.80000,26.10000,35.00000,1.09498,405.04312
2025-06-29 18:57:11+07:00,26.50000,74.60000,25.40000,31.80000,0.98452,404.87106
2025-06-29 18:58:00+07:00,26.60000,74.60000,25.30000,31.70000,0.97167,404.88049
2025-06-29 18:58:50+07:00,26.60000,74.40000,30.60000,41.30000,0.94889,404.94693
2025-06-29 18:59:39+07:00,26.60000,74.10000,36.90000,46.60000,0.97423,404.96603
2025-06-29 19:00:28+07:00,26.60000,74.40000,46.50000,58.60000,0.94139,404.94693
2025-06-29 19:01:18+07:00,26.60000,74.70000,38.10000,48.50000,0.96403,405.02374
2025-06-29 19:02:07+07:00,26.70000,74.50000,25.70000,33.40000,0.95140,404.87106
2025-06-29 19:02:56+07:00,26.60000,74.50000,29.00000,38.00000,0.91429,404.88049
2025-06-29 19:03:46+07:00,26.50000,74.50000,28.10000,35.20000,0.95392,404.92786
2025-06-29 19:04:35+07:00,26.50000,74.90000,35.60000,42.70000,0.97679,404.87106
2025-06-29 19:05:24+07:00,26.50000,75.30000,31.90000,37.80000,0.92900,404.79614
2025-06-29 19:06:14+07:00,26.60000,75.30000,31.50000,37.20000,0.96403,404.79614
2025-06-29 19:07:03+07:00,26.60000,75.40000,28.80000,37.60000,0.90701,404.64008
2025-06-29 19:07:53+07:00,26.60000,75.10000,29.60000,38.30000,0.89019,404.79614
2025-06-29 19:08:42+07:00,26.60000,75.30000,28.10000,33.70000,0.88306,404.71298
2025-06-29 19:09:31+07:00,26.70000,75.00000,27.70000,34.90000,0.90943,404.81479
2025-06-29 19:10:21+07:00,26.60000,75.10000,28.10000,35.30000,0.88306,404.73138
2025-06-29 19:11:10+07:00,26.60000,75.30000,43.30000,53.30000,0.95896,404.80545
2025-06-29 19:12:00+07:00,26.60000,75.60000,37.20000,46.60000,0.92900,404.87106
2025-06-29 19:12:49+07:00,26.70000,75.10000,29.60000,39.00000,0.91186,404.77756
2025-06-29 19:13:38+07:00,26.70000,75.20000,26.80000,32.50000,0.85038,404.65820
2025-06-29 19:14:28+07:00,26.60000,75.10000,26.60000,37.60000,0.86894,404.74057
2025-06-29 19:15:17+07:00,26.60000,75.50000,25.80000,34.90000,0.86660,404.55020
2025-06-29 19:16:07+07:00,26.60000,75.20000,27.50000,34.80000,0.84350,404.55914
2025-06-29 19:16:56+07:00,26.60000,75.40000,28.80000,38.80000,0.89019,404.64914
2025-06-29 19:17:45+07:00,26.60000,75.50000,24.50000,32.30000,0.87363,404.59497
2025-06-29 19:18:35+07:00,26.60000,75.20000,27.40000,36.60000,0.90943,404.55914
2025-06-29 19:19:24+07:00,26.60000,75.80000,25.70000,32.70000,0.90943,404.70383
2025-06-29 19:20:14+07:00,26.70000,75.30000,26.20000,36.00000,0.87833,404.67642
2025-06-29 19:21:03+07:00,26.60000,75.30000,26.70000,35.10000,0.85962,404.70383
2025-06-29 19:21:54+07:00,26.60000,75.40000,27.50000,33.00000,0.86194,404.48816
2025-06-29 19:22:43+07:00,26.60000,75.60000,27.30000,36.30000,0.85730,404.48816
2025-06-29 19:23:32+07:00,26.60000,76.00000,28.40000,37.30000,0.85962,404.74982
2025-06-29 19:24:22+07:00,26.60000,75.80000,30.40000,39.80000,1.01324,405.88016
2025-06-29 19:25:11+07:00,26.60000,75.90000,26.20000,37.40000,1.08658,405.83630
2025-06-29 19:26:00+07:00,26.70000,75.90000,25.40000,32.00000,1.19988,406.40430
2025-06-29 19:26:50+07:00,26.70000,75.90000,26.20000,36.40000,1.28689,406.65613
2025-06-29 19:27:39+07:00,26.70000,76.00000,28.40000,38.90000,1.29329,406.10352
2025-06-29 19:28:29+07:00,26.60000,75.90000,26.90000,35.40000,1.25839,406.10352
2025-06-29 19:29:18+07:00,26.60000,76.00000,25.50000,31.90000,1.19988,405.77103
2025-06-29 19:30:07+07:00,26.60000,75.80000,25.80000,33.00000,1.20898,405.69565
2025-06-29 19:30:57+07:00,26.50000,75.90000,26.10000,32.20000,1.16702,405.61047
2025-06-29 19:31:46+07:00,26.50000,75.80000,29.90000,36.60000,1.15818,405.65292
2025-06-29 19:32:36+07:00,26.50000,75.80000,27.90000,38.70000,1.10909,405.34088
2025-06-29 19:33:25+07:00,26.60000,75.40000,26.60000,33.20000,1.07823,405.13098
2025-06-29 19:34:17+07:00,26.50000,75.60000,27.00000,35.90000,1.00272,404.79614
2025-06-29 19:35:06+07:00,26.50000,75.90000,26.30000,32.20000,1.02119,404.90887
2025-06-29 19:35:56+07:00,26.50000,75.90000,27.80000,37.40000,0.97423,404.93738
2025-06-29 19:37:42+07:00,26.50000,76.30000,26.70000,35.60000,0.97679,404.71298
2025-06-29 19:38:36+07:00,26.50000,76.30000,26.50000,34.10000,0.96149,404.77756
2025-06-29 19:39:29+07:00,26.50000,76.40000,24.90000,31.70000,0.96657,404.79614
2025-06-29 19:40:22+07:00,26.50000,76.40000,25.50000,34.90000,0.92162,404.79614
2025-06-29 19:42:05+07:00,26.50000,76.30000,24.30000,33.10000,0.94889,404.70383
2025-06-29 19:42:55+07:00,26.60000,76.10000,25.60000,31.70000,0.95392,404.77756
2025-06-29 19:43:44+07:00,26.60000,76.10000,25.90000,33.50000,0.89977,404.74982
2025-06-29 19:44:33+07:00,26.60000,76.20000,24.80000,34.70000,0.93146,404.55914
2025-06-29 19:45:23+07:00,26.60000,76.00000,25.60000,33.80000,0.88781,404.58600
2025-06-29 19:46:16+07:00,26.60000,75.90000,24.30000,32.10000,0.94889,404.56808
2025-06-29 19:47:05+07:00,26.60000,75.90000,25.90000,32.80000,0.90943,404.62198
2025-06-29 19:47:54+07:00,26.60000,76.00000,26.30000,32.60000,0.87598,404.61298
2025-06-29 19:48:44+07:00,26.60000,75.80000,25.90000,31.70000,0.87598,404.61298
2025-06-29 19:49:33+07:00,26.60000,75.90000,28.60000,39.90000,0.87363,404.74057
2025-06-29 19:50:22+07:00,26.60000,76.10000,27.50000,35.60000,0.85038,404.50583
2025-06-29 19:51:14+07:00,26.60000,75.80000,27.00000,37.90000,0.84122,404.66730
2025-06-29 19:52:04+07:00,26.60000,75.80000,27.60000,38.30000,0.86660,404.54132
2025-06-29 19:52:53+07:00,26.60000,75.70000,27.50000,36.90000,0.89497,404.62198
2025-06-29 19:53:43+07:00,26.50000,76.00000,26.40000,35.70000,0.92900,404.44424
2025-06-29 19:54:32+07:00,26.50000,76.00000,27.00000,36.50000,0.85730,404.55020
2025-06-29 19:55:22+07:00,26.50000,76.00000,26.40000,34.80000,0.84122,404.53241
2025-06-29 19:56:17+07:00,26.50000,76.20000,28.40000,37.30000,0.79876,404.49698
2025-06-29 19:57:07+07:00,26.50000,76.50000,28.70000,35.60000,0.84808,404.47934
2025-06-29 19:58:00+07:00,26.50000,76.30000,27.30000,33.10000,0.83440,404.71298
2025-06-29 19:58:50+07:00,26.40000,75.30000,27.40000,32.90000,0.82089,404.50583
2025-06-29 19:59:39+07:00,26.30000,75.40000,25.70000,30.70000,0.81198,404.34030
2025-06-29 20:00:32+07:00,26.30000,75.30000,26.80000,30.50000,0.83894,404.47934
2025-06-29 20:01:22+07:00,26.30000,75.20000,27.00000,33.10000,0.80314,404.19644
2025-06-29 20:02:11+07:00,26.30000,75.50000,28.40000,35.10000,0.81865,404.39203
2025-06-29 20:03:00+07:00,26.40000,75.60000,28.40000,34.00000,0.79439,404.38336
2025-06-29 20:03:50+07:00,26.30000,75.80000,28.80000,34.30000,0.83440,404.41809
2025-06-29 20:04:39+07:00,26.30000,76.00000,28.30000,33.50000,0.77282,404.32318
2025-06-29 20:05:28+07:00,26.30000,76.10000,27.70000,33.80000,0.87128,404.27213
2025-06-29 20:06:18+07:00,26.20000,76.20000,28.20000,34.20000,0.77495,404.11362
2025-06-29 20:07:11+07:00,26.30000,76.20000,26.80000,31.30000,0.79439,404.27213
2025-06-29 20:08:01+07:00,26.30000,76.30000,29.80000,37.40000,0.77709,404.21317
2025-06-29 20:08:50+07:00,26.30000,76.80000,35.80000,42.60000,0.79876,404.25519
2025-06-29 20:09:40+07:00,26.30000,76.90000,28.20000,39.00000,0.82762,404.18808
2025-06-29 20:10:29+07:00,26.30000,76.80000,28.50000,35.60000,0.76856,404.20480
2025-06-29 20:11:18+07:00,26.30000,76.90000,27.70000,33.90000,0.78354,404.35748
2025-06-29 20:12:08+07:00,26.30000,76.70000,27.80000,35.80000,0.80755,404.43552
2025-06-29 20:13:00+07:00,26.20000,76.90000,27.80000,33.90000,0.80535,404.45300
2025-06-29 20:14:51+07:00,26.20000,77.30000,32.40000,39.70000,0.80314,404.47055
2025-06-29 20:15:43+07:00,26.20000,77.40000,30.10000,35.40000,0.78139,404.50583
2025-06-29 20:16:33+07:00,26.20000,77.60000,31.60000,37.60000,0.78139,404.55914
2025-06-29 20:17:22+07:00,26.20000,77.90000,30.10000,36.20000,0.83894,404.44424
2025-06-29 20:18:11+07:00,26.10000,78.20000,32.10000,37.30000,0.80314,404.35748
2025-06-29 20:19:01+07:00,26.00000,78.40000,30.20000,36.80000,0.79876,404.54132
2025-06-29 20:19:50+07:00,25.90000,78.70000,30.20000,39.00000,0.80095,404.48816
2025-06-29 20:20:39+07:00,25.90000,79.10000,30.00000,38.30000,0.86427,404.42679
2025-06-29 20:21:29+07:00,25.80000,79.20000,30.40000,37.90000,0.81420,404.34891
2025-06-29 20:22:18+07:00,25.80000,79.40000,30.60000,36.80000,0.74133,404.62198
2025-06-29 20:23:08+07:00,25.70000,79.60000,31.00000,39.30000,0.82089,404.40939
2025-06-29 20:23:57+07:00,25.70000,80.10000,30.80000,34.60000,0.78139,404.23834
2025-06-29 20:24:47+07:00,25.70000,80.10000,31.70000,37.50000,0.74547,404.40939
2025-06-29 20:25:36+07:00,25.70000,80.20000,30.70000,37.20000,0.82537,404.40070
2025-06-29 20:26:25+07:00,25.60000,80.00000,30.70000,38.80000,0.79657,404.46176
2025-06-29 20:27:15+07:00,25.60000,80.20000,33.40000,39.70000,0.80976,404.37473
2025-06-29 20:28:05+07:00,25.60000,80.30000,29.60000,36.80000,0.80976,404.39203
2025-06-29 20:28:54+07:00,25.60000,80.40000,29.60000,38.20000,0.75171,404.41809
2025-06-29 20:29:44+07:00,25.70000,80.40000,29.50000,37.90000,0.80095,404.42679
2025-06-29 20:30:33+07:00,25.70000,80.20000,29.60000,36.60000,0.77924,404.45300
2025-06-29 20:31:23+07:00,25.60000,80.30000,28.60000,35.50000,0.78139,404.43552
2025-06-29 20:32:12+07:00,25.60000,80.10000,31.20000,37.10000,0.79004,404.44424
2025-06-29 20:33:01+07:00,25.60000,80.40000,31.60000,38.40000,0.78570,404.41809
2025-06-29 20:33:50+07:00,25.60000,80.20000,28.10000,34.40000,0.80535,404.52353
2025-06-29 20:34:40+07:00,25.70000,80.10000,29.70000,36.50000,0.77709,404.40939
2025-06-29 20:35:29+07:00,25.70000,80.10000,28.50000,34.40000,0.79876,404.50583
2025-06-29 20:36:19+07:00,25.70000,80.40000,30.80000,37.50000,0.79876,404.33173
2025-06-29 20:37:08+07:00,25.70000,80.50000,27.90000,35.30000,0.77924,404.45300
2025-06-29 20:37:57+07:00,25.70000,80.60000,26.90000,33.00000,0.81198,404.47055
2025-06-29 20:38:47+07:00,25.70000,80.30000,26.70000,32.60000,0.79221,404.53241
2025-06-29 20:39:36+07:00,25.70000,80.50000,28.80000,35.20000,0.71286,404.32318
2025-06-29 20:40:26+07:00,25.70000,80.50000,37.70000,47.80000,0.83440,404.36612
2025-06-29 20:41:15+07:00,25.70000,80.50000,33.80000,39.20000,0.77495,404.40939
2025-06-29 20:42:04+07:00,25.70000,80.40000,27.10000,34.20000,0.77495,404.45300
2025-06-29 20:42:57+07:00,25.80000,80.40000,38.60000,47.40000,0.81642,404.44424
2025-06-29 20:43:46+07:00,25.80000,80.30000,28.20000,37.60000,0.76221,404.49698
2025-06-29 20:44:36+07:00,25.80000,80.10000,27.10000,33.10000,0.79439,404.55914
2025-06-29 20:45:25+07:00,25.80000,80.10000,49.10000,63.90000,0.78139,404.59497
2025-06-29 20:47:15+07:00,26.00000,80.00000,43.90000,66.40000,0.75171,404.63101
2025-06-29 20:48:04+07:00,25.90000,79.80000,44.90000,67.50000,0.76010,404.69467
2025-06-29 20:48:54+07:00,26.00000,79.90000,43.60000,69.10000,0.80535,404.64008
2025-06-29 20:49:46+07:00,26.00000,79.90000,32.50000,45.20000,0.78570,404.64008
2025-06-29 20:50:39+07:00,26.00000,80.00000,41.50000,61.10000,0.77709,404.60394
2025-06-29 20:51:29+07:00,25.90000,80.00000,37.10000,55.90000,0.78354,404.63101
2025-06-29 20:52:18+07:00,26.00000,80.10000,37.10000,54.40000,0.81642,404.54132
2025-06-29 20:53:07+07:00,25.90000,80.10000,36.20000,52.00000,0.77495,404.55020
2025-06-29 20:53:57+07:00,26.00000,80.00000,39.90000,56.00000,0.77495,404.57703
2025-06-29 20:54:46+07:00,26.00000,80.00000,36.40000,58.70000,0.80755,404.52353
2025-06-29 20:55:36+07:00,26.00000,80.00000,39.30000,59.70000,0.77495,404.50583
2025-06-29 20:56:25+07:00,26.00000,79.80000,44.20000,65.00000,0.79221,404.55020
2025-06-29 20:57:14+07:00,26.10000,79.70000,36.80000,55.80000,0.79004,404.53241
2025-06-29 20:58:04+07:00,26.10000,79.70000,37.70000,58.70000,0.76010,404.58600
2025-06-29 20:58:53+07:00,26.00000,79.80000,42.30000,63.60000,0.78570,404.42679
2025-06-29 20:59:43+07:00,26.00000,79.70000,37.00000,57.10000,0.78354,404.40939
2025-06-29 21:00:32+07:00,26.10000,79.90000,32.50000,48.00000,0.78354,404.52353
2025-06-29 21:01:22+07:00,26.10000,80.00000,56.10000,72.70000,0.75380,404.29758
2025-06-29 21:02:13+07:00,26.10000,79.80000,53.90000,72.50000,0.72902,404.49698
2025-06-29 21:03:03+07:00,26.20000,79.60000,40.30000,57.20000,0.73927,404.53241
2025-06-29 21:03:52+07:00,26.20000,79.60000,49.00000,64.70000,0.79657,404.56808
2025-06-29 21:04:41+07:00,26.20000,79.60000,55.10000,75.10000,0.75171,404.55020
2025-06-29 21:05:31+07:00,26.10000,79.70000,57.90000,81.90000,0.78787,404.55914
2025-06-29 21:06:20+07:00,26.10000,79.80000,56.90000,80.30000,0.74755,404.53241
2025-06-29 21:07:10+07:00,26.20000,79.70000,59.90000,82.60000,0.80535,404.74057
2025-06-29 21:07:59+07:00,26.20000,79.80000,62.50000,90.40000,0.80095,404.85223
2025-06-29 21:08:49+07:00,26.20000,79.60000,60.80000,87.70000,0.79439,404.88992
2025-06-29 21:09:38+07:00,26.30000,79.40000,61.40000,90.60000,0.82762,404.93738
2025-06-29 21:10:30+07:00,26.20000,79.40000,61.00000,88.30000,0.81865,405.03342
2025-06-29 21:11:20+07:00,26.20000,79.40000,61.60000,90.10000,0.83894,404.97562
2025-06-29 21:12:09+07:00,26.10000,79.70000,61.70000,91.10000,0.85962,405.04312
2025-06-29 21:12:59+07:00,26.10000,79.70000,61.50000,87.90000,0.86660,405.00446
2025-06-29 21:13:49+07:00,26.10000,79.70000,61.00000,89.60000,0.82537,405.00446
2025-06-29 21:14:39+07:00,26.10000,79.80000,62.40000,90.50000,0.84350,404.84286
2025-06-29 21:15:28+07:00,26.10000,79.70000,62.20000,91.80000,0.88306,405.16055
2025-06-29 21:16:18+07:00,26.10000,79.50000,61.20000,88.30000,0.87363,404.97562
2025-06-29 21:17:08+07:00,26.10000,79.60000,64.90000,93.60000,0.87128,405.14081
2025-06-29 21:17:57+07:00,26.20000,79.70000,62.90000,89.60000,0.85962,405.25009
2025-06-29 21:19:42+07:00,26.10000,79.80000,64.90000,95.50000,0.86660,405.13098
2025-06-29 21:20:32+07:00,26.10000,79.80000,65.30000,91.50000,0.88543,405.09177
2025-06-29 21:21:22+07:00,26.10000,79.60000,64.60000,96.90000,0.87128,405.21014
2025-06-29 21:22:11+07:00,26.10000,79.70000,67.90000,100.90000,0.97679,405.10156
2025-06-29 21:23:01+07:00,26.10000,79.90000,68.60000,103.10000,0.89737,405.14081
2025-06-29 21:23:50+07:00,26.10000,80.00000,67.90000,101.10000,0.88781,405.14081
2025-06-29 21:24:40+07:00,26.10000,79.90000,69.30000,101.90000,0.87363,405.12115
2025-06-29 21:25:29+07:00,26.10000,80.00000,73.80000,112.40000,0.91917,405.13098
2025-06-29 21:26:18+07:00,26.10000,80.10000,76.30000,110.30000,0.89977,405.19025
2025-06-29 21:27:08+07:00,26.10000,80.30000,76.10000,114.70000,0.92900,405.19025
2025-06-29 21:27:57+07:00,26.10000,80.30000,76.00000,117.90000,0.93146,405.28021
2025-06-29 21:28:47+07:00,26.10000,80.40000,81.50000,116.70000,0.94639,405.30035
2025-06-29 21:29:37+07:00,26.20000,80.20000,73.10000,108.00000,0.98710,405.47430
2025-06-29 21:30:26+07:00,26.20000,80.10000,68.30000,100.40000,0.92900,405.30035
2025-06-29 21:31:15+07:00,26.20000,80.10000,57.10000,79.20000,0.97167,405.38165
2025-06-29 21:32:05+07:00,26.10000,80.20000,56.60000,85.00000,0.98969,405.23007
2025-06-29 21:32:55+07:00,26.10000,80.30000,56.70000,83.50000,0.97167,405.18033
2025-06-29 21:33:44+07:00,26.10000,80.40000,56.20000,82.30000,0.96403,405.14081
2025-06-29 21:34:34+07:00,26.10000,80.50000,56.90000,79.60000,0.96912,405.09177
2025-06-29 21:35:23+07:00,26.10000,80.60000,53.80000,78.90000,0.95644,405.14081
2025-06-29 21:36:13+07:00,26.10000,80.60000,54.50000,78.60000,0.98969,405.07227
2025-06-29 21:37:07+07:00,26.10000,80.60000,55.00000,77.70000,0.97423,405.08200
2025-06-29 21:37:57+07:00,26.10000,81.00000,64.00000,88.40000,0.93394,404.98523
2025-06-29 21:38:46+07:00,26.10000,80.90000,63.20000,88.80000,0.96403,405.02374
2025-06-29 21:39:36+07:00,26.10000,81.60000,61.80000,87.00000,0.95392,404.93738
2025-06-29 21:40:29+07:00,26.00000,81.50000,58.90000,84.60000,0.94639,405.01410
2025-06-29 21:41:18+07:00,26.10000,81.30000,60.40000,85.20000,0.93642,405.07227
2025-06-29 21:42:08+07:00,26.10000,81.10000,61.40000,88.20000,0.95896,404.88992
2025-06-29 21:42:57+07:00,26.10000,81.20000,61.40000,91.80000,0.93146,404.95648
2025-06-29 21:43:46+07:00,26.00000,81.80000,61.50000,85.90000,0.89977,404.91837
2025-06-29 21:44:36+07:00,26.00000,82.10000,61.80000,90.00000,0.92407,404.92786
2025-06-29 21:45:25+07:00,26.00000,82.20000,62.80000,90.00000,0.97167,405.10156
2025-06-29 21:46:15+07:00,26.00000,81.90000,76.00000,102.90000,0.93394,405.09177
2025-06-29 21:47:04+07:00,26.10000,81.60000,66.10000,95.40000,0.97167,405.14081
2025-06-29 21:47:53+07:00,26.10000,81.90000,60.40000,93.80000,0.93394,405.00446
2025-06-29 21:48:43+07:00,26.10000,82.20000,63.20000,93.10000,0.95896,405.03342
2025-06-29 21:49:32+07:00,26.10000,82.10000,67.60000,96.60000,0.92653,404.98523
2025-06-29 21:50:22+07:00,26.10000,82.20000,65.00000,90.70000,0.96149,405.11133
2025-06-29 21:51:11+07:00,26.10000,82.20000,68.50000,100.50000,0.96403,405.09177
2025-06-29 21:52:01+07:00,26.10000,82.80000,67.50000,93.20000,0.98710,405.17044
2025-06-29 21:52:50+07:00,26.00000,82.70000,69.10000,98.40000,0.89977,405.00446
2025-06-29 21:53:40+07:00,26.00000,82.70000,66.50000,94.60000,0.93146,405.00446
2025-06-29 21:54:29+07:00,26.00000,82.60000,66.90000,92.40000,0.96657,405.05280
2025-06-29 21:55:19+07:00,26.00000,82.90000,65.60000,92.10000,0.96403,405.03342
2025-06-29 21:56:08+07:00,26.00000,82.90000,64.40000,92.80000,0.97423,405.05280
2025-06-29 21:56:58+07:00,26.00000,82.60000,64.00000,90.50000,1.01589,404.92786
2025-06-29 21:57:47+07:00,26.00000,82.10000,62.80000,91.10000,0.92407,405.03342
2025-06-29 21:58:37+07:00,25.90000,82.70000,59.10000,83.40000,0.96403,405.37143
2025-06-29 21:59:26+07:00,25.90000,83.10000,45.80000,60.10000,0.96657,405.07227
2025-06-29 22:00:18+07:00,25.80000,83.10000,37.50000,49.60000,0.95644,404.90887
2025-06-29 22:01:10+07:00,25.60000,83.80000,38.40000,50.60000,0.88781,404.89938
2025-06-29 22:02:00+07:00,25.40000,84.60000,39.70000,51.60000,0.88781,404.70383
2025-06-29 22:02:49+07:00,25.30000,85.10000,38.90000,50.30000,0.90459,404.79614
2025-06-29 22:03:39+07:00,25.20000,85.60000,40.00000,55.50000,0.89737,404.53241
2025-06-29 22:04:28+07:00,25.20000,85.80000,38.90000,48.90000,0.89497,404.64008
2025-06-29 22:05:18+07:00,25.20000,86.10000,38.00000,50.80000,0.88306,404.61298
2025-06-29 22:06:07+07:00,25.30000,85.80000,38.90000,50.70000,0.84808,404.63101
2025-06-29 22:07:01+07:00,25.20000,85.70000,44.20000,60.50000,0.86660,404.28058
2025-06-29 22:07:50+07:00,25.20000,86.30000,43.20000,58.30000,0.83667,404.66730
2025-06-29 22:08:40+07:00,25.10000,86.60000,41.20000,54.50000,0.83894,404.58600
2025-06-29 22:09:29+07:00,25.20000,86.30000,41.90000,53.90000,0.83894,404.61298
2025-06-29 22:10:21+07:00,25.10000,86.30000,43.50000,56.20000,0.87128,404.62198
2025-06-29 22:11:14+07:00,25.10000,86.60000,43.10000,59.90000,0.84350,404.71298
2025-06-29 22:12:04+07:00,25.10000,86.70000,48.50000,67.90000,0.89258,404.69467
2025-06-29 22:12:58+07:00,25.20000,86.50000,46.00000,62.00000,0.83440,404.65820
2025-06-29 22:13:49+07:00,25.20000,86.70000,46.60000,60.40000,0.86894,404.53241
2025-06-29 22:14:38+07:00,25.20000,87.00000,46.40000,60.30000,0.91429,404.58600
2025-06-29 22:15:28+07:00,25.20000,86.80000,47.60000,62.00000,0.83440,404.86163
2025-06-29 22:16:18+07:00,25.20000,86.90000,41.70000,55.20000,0.84579,404.66730
2025-06-29 22:17:08+07:00,25.30000,86.60000,41.90000,53.70000,0.83213,404.59497
2025-06-29 22:18:00+07:00,25.20000,86.80000,41.70000,56.60000,0.85730,404.53241
2025-06-29 22:18:50+07:00,25.20000,86.70000,42.00000,54.20000,0.86660,404.67642
2025-06-29 22:19:39+07:00,25.10000,87.00000,42.30000,57.00000,0.82089,404.67642
2025-06-29 22:20:28+07:00,25.10000,87.50000,42.10000,55.40000,0.84579,404.75903
2025-06-29 22:21:19+07:00,25.00000,87.70000,41.30000,56.20000,0.82762,404.65820
2025-06-29 22:22:08+07:00,24.90000,88.10000,36.40000,47.20000,0.84579,404.43552
2025-06-29 22:22:58+07:00,24.90000,88.00000,35.80000,46.60000,0.77709,404.73138
2025-06-29 22:23:48+07:00,24.90000,87.90000,36.00000,46.80000,0.83667,404.53241
2025-06-29 22:24:37+07:00,24.80000,87.90000,30.30000,36.40000,0.84350,404.69467
2025-06-29 22:25:27+07:00,24.80000,87.10000,30.30000,37.20000,0.84122,404.50583
2025-06-29 22:26:16+07:00,24.80000,87.40000,29.90000,36.90000,0.83667,404.74057
2025-06-29 22:27:09+07:00,24.80000,87.60000,29.30000,35.80000,0.82988,404.47055
2025-06-29 22:27:59+07:00,24.80000,86.90000,26.10000,33.80000,0.83440,404.39203
2025-06-29 22:28:48+07:00,24.70000,86.50000,27.40000,34.70000,0.80976,404.47934
2025-06-29 22:29:38+07:00,24.70000,86.80000,31.40000,38.30000,0.82988,404.41809
2025-06-29 22:30:27+07:00,24.70000,86.90000,25.40000,32.30000,0.83440,404.30609
2025-06-29 22:31:17+07:00,24.70000,86.10000,23.80000,28.80000,0.81642,404.42679
2025-06-29 22:32:07+07:00,24.60000,85.40000,27.70000,31.90000,0.82537,404.41809
2025-06-29 22:32:56+07:00,24.70000,85.60000,30.30000,34.90000,0.74755,404.28909
2025-06-29 22:33:45+07:00,24.80000,85.80000,24.80000,30.90000,0.78354,404.40939
2025-06-29 22:34:35+07:00,24.90000,85.10000,21.50000,24.10000,0.80755,404.42679
2025-06-29 22:35:24+07:00,24.80000,84.70000,23.70000,28.00000,0.80314,404.40939
2025-06-29 22:36:14+07:00,24.90000,84.80000,19.50000,23.40000,0.78570,404.33173
2025-06-29 22:37:04+07:00,24.90000,84.70000,22.10000,25.90000,0.67367,404.40070
2025-06-29 22:37:54+07:00,25.00000,84.10000,18.30000,22.10000,0.78354,404.27213
2025-06-29 22:38:43+07:00,25.00000,83.40000,22.40000,25.10000,0.81198,404.39203
2025-06-29 22:39:33+07:00,25.10000,83.40000,23.00000,27.60000,0.81642,404.33173
2025-06-29 22:40:22+07:00,25.10000,83.50000,19.40000,22.50000,0.76644,404.29758
2025-06-29 22:41:11+07:00,25.10000,83.30000,21.40000,24.30000,0.76644,404.30609
2025-06-29 22:42:01+07:00,25.10000,83.00000,19.90000,22.30000,0.77069,404.21317
2025-06-29 22:42:50+07:00,25.10000,83.10000,18.90000,22.40000,0.74340,404.22153
2025-06-29 22:43:39+07:00,25.00000,82.80000,18.10000,20.30000,0.73927,404.14658
2025-06-29 22:44:29+07:00,25.00000,82.10000,18.70000,21.60000,0.75171,404.13834
2025-06-29 22:45:18+07:00,25.10000,82.20000,18.80000,22.00000,0.74133,404.04022
2025-06-29 22:46:08+07:00,25.00000,82.00000,18.90000,21.20000,0.76644,404.19644
2025-06-29 22:46:57+07:00,25.00000,82.40000,19.70000,22.00000,0.74340,404.15485
2025-06-29 22:47:46+07:00,25.00000,82.50000,19.70000,23.20000,0.76432,404.18808
2025-06-29 22:48:36+07:00,25.00000,82.30000,19.00000,21.20000,0.76221,404.13007
2025-06-29 22:49:25+07:00,25.10000,82.20000,20.10000,22.40000,0.80314,404.22153
2025-06-29 22:50:14+07:00,25.10000,82.30000,19.70000,22.40000,0.74340,404.09723
2025-06-29 22:51:04+07:00,25.00000,82.40000,20.40000,22.80000,0.76432,404.03214
2025-06-29 22:51:53+07:00,25.10000,82.50000,19.90000,22.30000,0.71286,404.01599
2025-06-29 22:52:43+07:00,25.10000,82.30000,19.90000,22.20000,0.74963,404.07272
2025-06-29 22:53:32+07:00,25.00000,81.80000,19.40000,22.70000,0.73310,404.02405
2025-06-29 22:54:26+07:00,25.00000,81.80000,23.40000,27.70000,0.71086,404.00793
2025-06-29 22:55:16+07:00,25.00000,81.80000,20.60000,23.70000,0.71286,404.08905
2025-06-29 22:57:03+07:00,25.00000,81.60000,20.80000,23.40000,0.73927,404.13834
2025-06-29 22:57:53+07:00,25.10000,81.70000,20.40000,26.50000,0.64540,404.02405
2025-06-29 22:58:43+07:00,25.10000,81.90000,25.40000,31.40000,0.70290,403.98389
2025-06-29 22:59:32+07:00,25.10000,82.00000,22.70000,30.70000,0.70488,404.03214
2025-06-29 23:00:23+07:00,25.20000,81.80000,21.70000,29.00000,0.67944,403.97589
2025-06-29 23:01:12+07:00,25.20000,81.70000,23.20000,29.60000,0.68330,404.01599
2025-06-29 23:02:02+07:00,25.10000,81.50000,20.90000,28.30000,0.71888,404.06458
2025-06-29 23:02:52+07:00,25.10000,81.60000,25.40000,34.60000,0.67176,403.92026
2025-06-29 23:03:41+07:00,25.10000,81.70000,24.80000,35.70000,0.65285,403.99188
2025-06-29 23:04:33+07:00,25.10000,81.90000,25.70000,36.60000,0.69305,404.04834
2025-06-29 23:05:22+07:00,25.10000,82.10000,30.10000,41.30000,0.67751,404.04022
2025-06-29 23:06:14+07:00,25.10000,82.40000,29.60000,43.10000,0.69501,404.07272
2025-06-29 23:07:03+07:00,25.20000,82.50000,30.00000,43.40000,0.66414,403.96790
2025-06-29 23:07:55+07:00,25.20000,82.70000,37.30000,57.70000,0.68137,404.26364
2025-06-29 23:08:45+07:00,25.20000,82.70000,38.70000,62.00000,0.69894,404.15485
2025-06-29 23:10:26+07:00,25.20000,82.60000,31.00000,46.40000,0.69894,404.04834
2025-06-29 23:11:16+07:00,25.20000,82.70000,31.60000,44.90000,0.69894,404.05646
2025-06-29 23:12:05+07:00,25.20000,82.70000,30.00000,45.70000,0.67944,403.84189
2025-06-29 23:12:55+07:00,25.20000,82.40000,30.30000,46.40000,0.69894,404.05646
2025-06-29 23:14:41+07:00,25.10000,82.90000,26.80000,40.00000,0.65659,404.08905
2025-06-29 23:15:30+07:00,25.20000,82.80000,27.60000,39.40000,0.66414,404.04022
2025-06-29 23:16:20+07:00,25.20000,82.60000,26.30000,38.80000,0.67944,404.40070
2025-06-29 23:17:10+07:00,25.20000,83.20000,26.30000,36.90000,0.68719,404.01599
2025-06-29 23:17:59+07:00,25.20000,83.30000,28.40000,36.10000,0.68719,404.01599
2025-06-29 23:18:48+07:00,25.10000,83.40000,24.90000,33.30000,0.66985,403.98389
2025-06-29 23:19:38+07:00,25.10000,83.70000,24.60000,33.00000,0.67751,404.04834
2025-06-29 23:20:27+07:00,25.10000,83.80000,25.90000,33.70000,0.67751,403.95197
2025-06-29 23:21:16+07:00,25.20000,84.10000,24.20000,33.10000,0.67944,404.11362
2025-06-29 23:22:06+07:00,25.20000,83.70000,25.30000,31.90000,0.69109,404.04022
2025-06-29 23:22:55+07:00,25.10000,83.90000,25.20000,33.30000,0.69697,404.17145
2025-06-29 23:23:45+07:00,25.10000,83.80000,24.80000,33.30000,0.66794,404.05646
2025-06-29 23:24:34+07:00,25.10000,83.90000,26.00000,33.20000,0.65847,403.99991
2025-06-29 23:25:24+07:00,25.10000,84.00000,27.10000,36.90000,0.70886,404.17978
2025-06-29 23:26:16+07:00,25.10000,84.10000,26.10000,35.70000,0.66225,404.13007
2025-06-29 23:27:06+07:00,25.10000,83.80000,26.10000,33.70000,0.70290,404.03214
2025-06-29 23:27:59+07:00,25.10000,83.80000,25.90000,34.40000,0.70092,404.12186
2025-06-29 23:28:48+07:00,25.10000,83.90000,26.30000,36.10000,0.69894,403.79547
2025-06-29 23:29:38+07:00,25.00000,84.10000,25.50000,36.40000,0.66414,403.96790
2025-06-29 23:30:27+07:00,25.00000,84.40000,26.70000,33.90000,0.66604,404.04022
2025-06-29 23:31:17+07:00,25.10000,84.40000,26.40000,35.50000,0.71486,404.04022
2025-06-29 23:32:06+07:00,25.10000,84.40000,26.80000,33.00000,0.69109,404.02405
2025-06-29 23:32:58+07:00,25.20000,84.20000,27.70000,35.00000,0.66414,404.13834
2025-06-29 23:33:47+07:00,25.20000,84.00000,25.80000,34.50000,0.69305,404.21317
2025-06-29 23:34:37+07:00,25.10000,84.20000,26.70000,34.10000,0.64355,404.04022
2025-06-29 23:35:26+07:00,25.10000,84.00000,26.60000,34.40000,0.66985,404.04022
2025-06-29 23:36:16+07:00,25.20000,83.80000,27.50000,34.00000,0.66794,403.84967
2025-06-29 23:37:05+07:00,25.10000,84.30000,26.20000,33.60000,0.66794,404.06458
2025-06-29 23:37:54+07:00,25.10000,84.50000,27.50000,36.40000,0.62889,404.07272
2025-06-29 23:38:44+07:00,25.00000,84.50000,26.20000,35.30000,0.63253,404.08087
2025-06-29 23:39:33+07:00,25.00000,84.70000,26.90000,33.80000,0.66414,403.90448
2025-06-29 23:40:22+07:00,25.00000,84.80000,26.60000,32.90000,0.64911,404.08087
2025-06-29 23:41:12+07:00,25.00000,84.70000,26.80000,35.10000,0.68330,404.17145
2025-06-29 23:42:01+07:00,25.00000,84.70000,27.70000,35.20000,0.63253,404.13834
2025-06-29 23:42:51+07:00,25.10000,84.70000,28.40000,36.10000,0.68524,404.06458
2025-06-29 23:43:40+07:00,25.10000,84.60000,27.70000,35.60000,0.67176,404.10541
2025-06-29 23:44:29+07:00,25.10000,84.50000,27.60000,37.20000,0.69305,404.00793
2025-06-29 23:45:19+07:00,25.00000,84.50000,28.50000,36.70000,0.65847,404.13007
2025-06-29 23:46:08+07:00,25.00000,84.70000,29.80000,37.50000,0.66794,404.08087
2025-06-29 23:46:57+07:00,25.00000,85.10000,28.70000,39.20000,0.61271,403.99188
2025-06-29 23:47:47+07:00,24.90000,85.20000,29.00000,39.10000,0.67751,404.33173
2025-06-29 23:48:36+07:00,25.00000,85.10000,30.60000,42.30000,0.58818,404.14658
2025-06-29 23:49:25+07:00,24.90000,85.30000,30.40000,43.20000,0.69501,404.06458
2025-06-29 23:50:15+07:00,24.90000,85.30000,31.70000,43.50000,0.66414,404.18808
2025-06-29 23:51:05+07:00,25.00000,85.80000,30.30000,40.50000,0.65847,404.21317
2025-06-29 23:51:57+07:00,25.10000,85.50000,30.60000,42.10000,0.67176,404.34030
2025-06-29 23:52:47+07:00,25.10000,85.60000,32.00000,44.00000,0.66794,404.14658
2025-06-29 23:53:37+07:00,25.00000,85.80000,30.00000,41.00000,0.70092,404.31464
2025-06-29 23:54:26+07:00,25.00000,85.80000,29.10000,40.00000,0.65659,404.22153
2025-06-29 23:55:18+07:00,24.90000,86.20000,29.40000,38.40000,0.71286,404.01599
2025-06-29 23:56:18+07:00,24.90000,86.10000,30.90000,43.30000,0.63619,404.28058
2025-06-29 23:57:07+07:00,25.00000,85.90000,30.00000,43.70000,0.70290,404.20480
2025-06-29 23:57:57+07:00,25.00000,85.90000,29.80000,41.30000,0.65847,404.08905
2025-06-29 23:58:51+07:00,25.00000,85.60000,29.20000,41.60000,0.67944,404.08087
2025-06-29 23:59:40+07:00,25.00000,85.40000,32.00000,43.00000,0.61986,404.09723
2025-06-30 00:00:30+07:00,24.90000,85.80000,33.40000,45.00000,0.66414,404.17145
2025-06-30 00:01:19+07:00,24.90000,85.90000,31.30000,43.80000,0.62707,404.03214
2025-06-30 00:02:08+07:00,24.90000,85.70000,30.70000,40.30000,0.66985,404.30609
2025-06-30 00:02:58+07:00,24.90000,85.80000,31.10000,43.00000,0.65098,404.07272
2025-06-30 00:03:47+07:00,24.80000,86.00000,31.30000,43.90000,0.65659,404.14658
2025-06-30 00:04:37+07:00,24.90000,85.70000,30.60000,39.40000,0.66794,404.28058
2025-06-30 00:05:26+07:00,24.90000,85.60000,35.50000,43.20000,0.67176,404.31464
2025-06-30 00:06:16+07:00,24.90000,85.40000,29.90000,36.50000,0.66225,404.07272
2025-06-30 00:07:05+07:00,24.90000,85.40000,33.20000,40.30000,0.69501,404.15485
2025-06-30 00:07:55+07:00,25.00000,85.30000,31.70000,39.20000,0.67559,403.99188
2025-06-30 00:08:44+07:00,25.00000,85.30000,30.80000,40.10000,0.67176,404.17145
2025-06-30 00:09:33+07:00,25.00000,85.10000,35.30000,46.40000,0.71687,404.19644
2025-06-30 00:10:23+07:00,25.00000,85.40000,32.70000,41.70000,0.65285,404.14658
2025-06-30 00:11:12+07:00,25.00000,85.30000,33.50000,42.30000,0.58302,404.06458
2025-06-30 00:12:02+07:00,25.00000,85.40000,32.30000,40.80000,0.65285,404.08087
2025-06-30 00:12:51+07:00,25.00000,85.60000,31.30000,42.30000,0.69894,404.27213
2025-06-30 00:13:40+07:00,25.00000,85.20000,32.60000,41.70000,0.67751,404.16315
2025-06-30 00:14:30+07:00,25.00000,85.30000,32.30000,39.70000,0.66604,404.06458
2025-06-30 00:15:19+07:00,25.00000,85.30000,31.00000,38.40000,0.66794,404.07272
2025-06-30 00:16:09+07:00,25.00000,85.30000,31.10000,38.70000,0.66985,404.03214
2025-06-30 00:16:58+07:00,25.00000,85.30000,31.70000,39.60000,0.67176,404.17145
2025-06-30 00:17:47+07:00,25.00000,85.30000,38.70000,47.20000,0.68914,404.01599
2025-06-30 00:18:37+07:00,25.10000,85.00000,32.20000,37.50000,0.69894,404.06458
2025-06-30 00:19:26+07:00,25.10000,84.90000,31.70000,39.70000,0.65098,404.06458
2025-06-30 00:20:16+07:00,25.00000,85.10000,31.60000,38.00000,0.65285,404.03214
2025-06-30 00:21:05+07:00,24.90000,85.30000,31.50000,42.10000,0.68719,403.92816
2025-06-30 00:21:55+07:00,24.90000,85.60000,30.60000,39.00000,0.65659,403.92026
2025-06-30 00:22:44+07:00,24.80000,85.60000,30.60000,39.20000,0.64540,403.96790
2025-06-30 00:23:34+07:00,24.80000,85.50000,32.00000,41.20000,0.69501,403.94400
2025-06-30 00:24:23+07:00,24.80000,85.70000,30.30000,39.40000,0.66414,403.99188
2025-06-30 00:25:13+07:00,24.90000,85.50000,31.70000,41.60000,0.67367,403.99188
2025-06-30 00:26:02+07:00,24.90000,85.60000,31.30000,36.90000,0.65847,403.92816
2025-06-30 00:26:51+07:00,24.90000,85.40000,31.40000,39.60000,0.64911,403.87308
2025-06-30 00:27:41+07:00,24.90000,85.50000,31.20000,36.60000,0.66225,403.64401
2025-06-30 00:28:30+07:00,24.90000,85.40000,28.90000,37.50000,0.66225,404.21317
2025-06-30 00:29:20+07:00,24.90000,85.40000,29.50000,35.60000,0.62889,403.95993
2025-06-30 00:30:12+07:00,24.90000,85.40000,32.10000,38.40000,0.66225,403.90448
2025-06-30 00:31:07+07:00,24.90000,85.20000,30.30000,38.30000,0.61271,403.97589
2025-06-30 00:31:57+07:00,24.90000,85.40000,35.60000,47.40000,0.69697,403.87308
2025-06-30 00:32:46+07:00,24.80000,85.50000,37.60000,49.10000,0.64911,403.92026
2025-06-30 00:33:36+07:00,24.80000,85.70000,37.50000,47.50000,0.65659,404.00793
2025-06-30 00:34:29+07:00,24.80000,85.80000,39.90000,52.90000,0.63071,403.88873
2025-06-30 00:35:19+07:00,24.90000,85.80000,40.70000,53.10000,0.64540,404.01599
2025-06-30 00:36:09+07:00,24.90000,85.80000,37.00000,46.00000,0.64355,403.90448
2025-06-30 00:36:58+07:00,24.80000,85.80000,33.80000,42.10000,0.62346,403.92816
2025-06-30 00:37:47+07:00,24.90000,85.60000,33.60000,43.30000,0.64540,403.98389
2025-06-30 00:38:37+07:00,24.80000,85.70000,32.50000,39.80000,0.61806,403.98389
2025-06-30 00:39:26+07:00,24.90000,85.70000,31.90000,40.00000,0.61627,403.95197
2025-06-30 00:40:18+07:00,24.90000,85.70000,32.80000,40.30000,0.65847,403.87308
2025-06-30 00:41:07+07:00,24.80000,85.90000,30.50000,40.60000,0.62526,403.92816
2025-06-30 00:41:57+07:00,24.90000,86.10000,30.50000,37.90000,0.68719,403.97589
2025-06-30 00:42:52+07:00,24.80000,85.80000,29.30000,37.10000,0.63986,403.85745
2025-06-30 00:43:41+07:00,24.80000,85.80000,28.90000,35.10000,0.63435,403.88873
2025-06-30 00:44:31+07:00,24.70000,86.00000,29.60000,38.20000,0.63802,403.81860
2025-06-30 00:45:20+07:00,24.70000,86.00000,29.70000,36.70000,0.66225,403.77243
2025-06-30 00:46:10+07:00,24.70000,85.80000,31.70000,39.60000,0.64911,403.82635
2025-06-30 00:46:59+07:00,24.80000,85.70000,31.30000,40.00000,0.63619,403.83411
2025-06-30 00:47:48+07:00,24.70000,85.80000,29.10000,36.50000,0.64726,403.95197
2025-06-30 00:48:38+07:00,24.80000,85.70000,32.40000,41.90000,0.61627,403.73428
2025-06-30 00:49:27+07:00,24.80000,85.50000,31.90000,40.80000,0.63986,403.88873
2025-06-30 00:50:17+07:00,24.80000,85.60000,32.50000,41.40000,0.60738,403.81860
2025-06-30 00:51:06+07:00,24.90000,85.60000,32.30000,42.00000,0.65098,403.95993
2025-06-30 00:51:55+07:00,24.80000,85.40000,33.00000,40.40000,0.60386,403.96790
2025-06-30 00:52:45+07:00,24.90000,85.30000,30.90000,38.70000,0.65285,403.97589
2025-06-30 00:53:34+07:00,24.90000,85.40000,32.00000,40.60000,0.63619,403.81088
2025-06-30 00:54:23+07:00,24.80000,85.80000,32.50000,42.40000,0.60562,403.94400
2025-06-30 00:55:13+07:00,24.80000,85.90000,34.50000,42.50000,0.63435,404.02405
2025-06-30 00:56:03+07:00,24.80000,85.70000,31.90000,42.00000,0.63619,403.93607
2025-06-30 00:56:52+07:00,24.80000,85.80000,35.50000,48.30000,0.68137,403.96790
2025-06-30 00:57:41+07:00,24.70000,85.90000,37.10000,51.30000,0.62707,403.88092
2025-06-30 00:58:31+07:00,24.80000,85.80000,36.00000,47.50000,0.59685,403.92026
2025-06-30 00:59:20+07:00,24.80000,85.70000,36.10000,49.10000,0.63435,403.88873
2025-06-30 01:00:10+07:00,24.80000,85.60000,37.60000,50.90000,0.62166,403.82635
2025-06-30 01:00:59+07:00,24.80000,85.80000,36.20000,47.40000,0.65472,403.88873
2025-06-30 01:01:49+07:00,24.80000,85.80000,35.10000,45.00000,0.65847,403.86526
2025-06-30 01:02:41+07:00,24.80000,85.60000,29.80000,37.80000,0.59337,403.86526
2025-06-30 01:03:30+07:00,24.80000,85.30000,30.90000,39.90000,0.64355,403.90448
2025-06-30 01:04:20+07:00,24.80000,85.20000,31.30000,39.40000,0.64170,404.08905
2025-06-30 01:05:09+07:00,24.80000,85.40000,30.60000,38.90000,0.61093,403.87308
2025-06-30 01:05:59+07:00,24.80000,85.30000,30.00000,37.70000,0.64355,403.85745
2025-06-30 01:06:48+07:00,24.80000,85.30000,28.90000,36.90000,0.56609,403.73428
2025-06-30 01:07:38+07:00,24.80000,85.10000,29.50000,35.50000,0.61093,403.92816
2025-06-30 01:08:27+07:00,24.80000,85.20000,29.00000,35.00000,0.63619,403.90448
2025-06-30 01:09:17+07:00,24.80000,85.20000,29.70000,37.10000,0.62889,403.81860
2025-06-30 01:10:06+07:00,24.80000,85.10000,29.40000,37.50000,0.59337,403.89661
2025-06-30 01:10:56+07:00,24.90000,85.10000,29.80000,35.50000,0.62707,403.92816
2025-06-30 01:11:45+07:00,24.80000,85.00000,31.20000,43.30000,0.61271,403.95993
2025-06-30 01:12:35+07:00,24.90000,85.10000,30.70000,40.20000,0.61627,403.84967
2025-06-30 01:13:24+07:00,24.80000,85.30000,30.70000,38.90000,0.61806,403.90448
2025-06-30 01:14:14+07:00,24.80000,85.30000,29.20000,41.80000,0.63986,403.84967
2025-06-30 01:15:03+07:00,24.90000,84.80000,32.70000,41.00000,0.67367,403.78778
2025-06-30 01:15:53+07:00,24.90000,84.70000,36.70000,52.30000,0.59511,403.89661
2025-06-30 01:16:43+07:00,24.90000,84.80000,40.60000,65.30000,0.63071,403.80316
2025-06-30 01:17:32+07:00,24.90000,84.90000,46.80000,78.10000,0.58474,403.81860
2025-06-30 01:18:21+07:00,24.80000,84.90000,45.20000,72.70000,0.61627,404.04022
2025-06-30 01:19:11+07:00,24.80000,85.30000,39.40000,59.20000,0.61627,403.88092
2025-06-30 01:20:01+07:00,24.80000,85.20000,36.20000,55.30000,0.60738,403.82635
2025-06-30 01:20:50+07:00,24.80000,85.00000,35.10000,50.70000,0.61271,403.84189
2025-06-30 01:21:40+07:00,24.70000,85.10000,38.70000,58.40000,0.64540,403.75714
2025-06-30 01:22:29+07:00,24.70000,85.10000,39.70000,56.70000,0.59164,403.88873
2025-06-30 01:23:19+07:00,24.60000,85.40000,38.40000,61.60000,0.63802,404.02405
2025-06-30 01:24:08+07:00,24.70000,85.50000,38.70000,59.40000,0.65098,403.94400
2025-06-30 01:24:57+07:00,24.70000,85.40000,38.00000,57.40000,0.63986,403.93607
2025-06-30 01:25:47+07:00,24.70000,85.70000,38.90000,55.50000,0.57791,403.92816
2025-06-30 01:26:36+07:00,24.60000,85.80000,35.60000,50.50000,0.61806,403.88092
2025-06-30 01:27:26+07:00,24.60000,86.00000,33.30000,45.50000,0.64540,403.85745
2025-06-30 01:28:15+07:00,24.60000,85.90000,34.20000,45.50000,0.60738,403.81860
2025-06-30 01:29:04+07:00,24.60000,86.20000,32.50000,41.50000,0.58818,404.01599
2025-06-30 01:29:54+07:00,24.60000,86.10000,33.00000,43.70000,0.60035,403.74951
2025-06-30 01:30:43+07:00,24.60000,86.10000,33.40000,43.50000,0.60738,403.92816
2025-06-30 01:31:32+07:00,24.60000,86.20000,33.30000,41.90000,0.60386,403.88873
2025-06-30 01:32:22+07:00,24.60000,86.10000,33.80000,42.00000,0.61806,404.20480
2025-06-30 01:33:11+07:00,24.60000,86.20000,34.30000,44.80000,0.63253,403.96790
2025-06-30 01:34:01+07:00,24.70000,86.10000,33.50000,43.90000,0.63435,403.99188
2025-06-30 01:34:50+07:00,24.70000,86.10000,34.00000,43.20000,0.64911,403.91235
2025-06-30 01:35:39+07:00,24.80000,85.70000,33.70000,42.90000,0.61986,403.99991
2025-06-30 01:36:29+07:00,24.80000,85.50000,33.80000,44.30000,0.62346,403.97589
2025-06-30 01:37:18+07:00,24.80000,85.30000,33.60000,43.80000,0.60915,403.92816
2025-06-30 01:38:08+07:00,24.80000,85.60000,33.70000,43.10000,0.62346,404.11362
2025-06-30 01:38:57+07:00,24.70000,85.80000,33.50000,42.90000,0.63071,403.95993
2025-06-30 01:39:47+07:00,24.70000,85.60000,33.30000,41.80000,0.61806,403.92816
2025-06-30 01:40:36+07:00,24.80000,85.50000,33.40000,41.40000,0.63071,403.88873
2025-06-30 01:41:26+07:00,24.80000,85.40000,34.70000,46.00000,0.62166,403.84967
2025-06-30 01:42:15+07:00,24.80000,85.20000,35.10000,46.00000,0.61986,403.99188
2025-06-30 01:43:05+07:00,24.80000,85.20000,33.00000,44.00000,0.63619,403.97589
2025-06-30 01:43:54+07:00,24.80000,85.20000,34.20000,42.70000,0.62166,403.93607
2025-06-30 01:44:43+07:00,24.60000,85.70000,34.40000,42.80000,0.66604,403.83411
2025-06-30 01:45:33+07:00,24.60000,85.60000,33.70000,48.70000,0.63071,403.93607
2025-06-30 01:46:23+07:00,24.60000,85.80000,33.60000,44.40000,0.63986,404.04022
2025-06-30 01:47:15+07:00,24.60000,85.80000,33.40000,44.60000,0.61271,403.88873
2025-06-30 01:48:04+07:00,24.60000,85.80000,33.20000,42.10000,0.61449,403.92816
2025-06-30 01:48:54+07:00,24.60000,85.60000,34.90000,43.40000,0.63802,403.88092
2025-06-30 01:49:43+07:00,24.60000,85.60000,33.70000,42.90000,0.61986,403.96790
2025-06-30 01:50:33+07:00,24.60000,85.60000,34.20000,43.10000,0.59860,403.95197
2025-06-30 01:51:23+07:00,24.60000,85.90000,33.40000,44.10000,0.62707,403.80316
2025-06-30 01:52:12+07:00,24.60000,86.10000,34.80000,48.50000,0.64540,403.93607
2025-06-30 01:53:02+07:00,24.50000,86.20000,34.30000,44.70000,0.61806,403.96790
2025-06-30 01:53:54+07:00,24.50000,86.30000,35.20000,46.90000,0.62166,403.98389
2025-06-30 01:54:43+07:00,24.50000,86.10000,35.20000,48.40000,0.66794,403.87308
2025-06-30 01:56:36+07:00,24.60000,85.90000,37.20000,49.00000,0.59685,404.06458
2025-06-30 01:57:25+07:00,24.60000,86.00000,36.60000,47.50000,0.63619,403.88873
2025-06-30 01:58:18+07:00,24.60000,86.20000,36.60000,48.30000,0.60386,404.03214
2025-06-30 01:59:08+07:00,24.60000,86.10000,36.70000,47.60000,0.62526,403.78009
2025-06-30 01:59:57+07:00,24.60000,86.00000,38.80000,51.60000,0.64355,403.88873
2025-06-30 02:00:47+07:00,24.70000,85.90000,37.90000,53.00000,0.59511,404.17978
2025-06-30 02:01:36+07:00,24.70000,85.90000,37.80000,49.60000,0.63071,403.77243
2025-06-30 02:02:25+07:00,24.70000,86.00000,40.10000,54.00000,0.62889,404.18808
2025-06-30 02:03:18+07:00,24.70000,86.00000,36.70000,52.30000,0.64355,403.96790
2025-06-30 02:04:11+07:00,24.60000,86.00000,38.10000,50.70000,0.64726,404.01599
2025-06-30 02:05:04+07:00,24.60000,85.90000,37.60000,51.60000,0.63802,404.05646
2025-06-30 02:05:53+07:00,24.60000,86.00000,37.40000,49.60000,0.60210,404.11362
2025-06-30 02:06:43+07:00,24.60000,86.00000,38.90000,50.80000,0.61271,403.88873
2025-06-30 02:07:32+07:00,24.70000,85.90000,39.00000,55.40000,0.64540,404.03214
2025-06-30 02:08:22+07:00,24.70000,85.70000,38.70000,57.30000,0.65472,403.93607
2025-06-30 02:09:14+07:00,24.70000,85.60000,40.90000,57.00000,0.62346,404.00793
2025-06-30 02:10:03+07:00,24.70000,85.90000,41.50000,57.00000,0.61449,404.00793
2025-06-30 02:10:53+07:00,24.70000,86.20000,42.00000,57.90000,0.65098,403.91235
2025-06-30 02:11:42+07:00,24.70000,86.30000,41.50000,57.70000,0.63986,403.93607
2025-06-30 02:12:32+07:00,24.70000,86.30000,43.20000,62.00000,0.69501,403.99991
2025-06-30 02:13:21+07:00,24.70000,86.20000,42.10000,62.30000,0.63986,404.04022
2025-06-30 02:14:11+07:00,24.70000,86.10000,43.30000,61.40000,0.67367,404.05646
2025-06-30 02:15:00+07:00,24.70000,86.20000,42.30000,63.70000,0.65098,403.89661
2025-06-30 02:15:50+07:00,24.70000,86.20000,40.40000,55.80000,0.66414,404.07272
2025-06-30 02:16:39+07:00,24.60000,86.40000,41.30000,58.40000,0.64726,403.99991
2025-06-30 02:17:31+07:00,24.60000,86.40000,43.20000,57.20000,0.67559,403.99991
2025-06-30 02:18:21+07:00,24.50000,86.60000,42.60000,61.00000,0.64540,404.12186
2025-06-30 02:19:10+07:00,24.60000,86.40000,43.80000,61.90000,0.62707,404.13007
2025-06-30 02:19:59+07:00,24.60000,86.40000,44.80000,65.60000,0.64170,404.08087
2025-06-30 02:20:49+07:00,24.60000,86.40000,46.30000,71.70000,0.63802,403.99991
2025-06-30 02:21:38+07:00,24.60000,86.30000,46.30000,66.70000,0.66794,404.00793
2025-06-30 02:22:28+07:00,24.60000,86.50000,45.80000,68.30000,0.64726,404.05646
2025-06-30 02:23:17+07:00,24.50000,86.70000,42.80000,60.80000,0.60562,404.04022
2025-06-30 02:24:07+07:00,24.50000,86.90000,41.50000,56.50000,0.64911,403.91235
2025-06-30 02:24:57+07:00,24.50000,86.80000,40.40000,56.20000,0.61986,404.05646
2025-06-30 02:25:46+07:00,24.50000,87.00000,40.00000,55.30000,0.61627,403.99991
2025-06-30 02:26:36+07:00,24.60000,86.90000,41.80000,56.10000,0.66225,404.10541
2025-06-30 02:27:25+07:00,24.60000,86.90000,38.80000,54.80000,0.67176,404.00793
2025-06-30 02:28:14+07:00,24.50000,87.30000,38.00000,48.60000,0.63619,403.88873
2025-06-30 02:29:04+07:00,24.50000,87.60000,38.60000,50.80000,0.65847,403.90448
2025-06-30 02:29:53+07:00,24.50000,87.70000,38.50000,49.90000,0.64540,404.16315
2025-06-30 02:30:43+07:00,24.50000,87.80000,39.90000,51.80000,0.61806,403.93607
2025-06-30 02:31:38+07:00,24.50000,88.00000,40.40000,53.30000,0.69697,403.91235
2025-06-30 02:32:28+07:00,24.40000,88.00000,41.10000,52.40000,0.63802,403.96790
2025-06-30 02:33:17+07:00,24.50000,88.00000,40.50000,54.20000,0.64355,403.91235
2025-06-30 02:34:07+07:00,24.40000,87.90000,40.70000,51.10000,0.66036,404.00793
2025-06-30 02:34:56+07:00,24.40000,88.20000,40.60000,52.20000,0.60035,404.10541
2025-06-30 02:35:46+07:00,24.40000,88.20000,40.90000,54.60000,0.65659,403.93607
2025-06-30 02:36:35+07:00,24.40000,88.00000,40.30000,53.70000,0.65847,404.00793
2025-06-30 02:37:24+07:00,24.40000,87.80000,40.00000,53.70000,0.66414,404.13007
2025-06-30 02:38:14+07:00,24.40000,88.20000,43.00000,56.90000,0.68914,404.09723
2025-06-30 02:39:03+07:00,24.40000,88.10000,45.10000,61.80000,0.64355,404.01599
2025-06-30 02:39:52+07:00,24.30000,88.20000,42.90000,57.10000,0.61806,404.02405
2025-06-30 02:40:42+07:00,24.30000,88.40000,43.50000,58.40000,0.64355,404.05646
2025-06-30 02:41:31+07:00,24.30000,88.50000,44.80000,60.90000,0.60562,404.05646
2025-06-30 02:42:20+07:00,24.30000,88.70000,43.50000,57.30000,0.63071,403.93607
2025-06-30 02:43:10+07:00,24.30000,88.80000,42.70000,58.90000,0.67751,404.17145
2025-06-30 02:44:03+07:00,24.30000,88.70000,42.40000,57.40000,0.65098,404.00793
2025-06-30 02:44:52+07:00,24.30000,88.70000,40.90000,53.30000,0.64170,404.14658
2025-06-30 02:45:42+07:00,24.30000,88.60000,44.30000,63.90000,0.64911,404.04022
2025-06-30 02:46:31+07:00,24.30000,88.60000,43.40000,63.50000,0.65847,404.12186
2025-06-30 02:47:21+07:00,24.30000,88.90000,42.10000,53.20000,0.64170,404.10541
2025-06-30 02:48:10+07:00,24.20000,89.20000,39.70000,55.30000,0.68524,404.13007
2025-06-30 02:49:03+07:00,24.30000,89.00000,43.60000,59.20000,0.64911,404.22153
2025-06-30 02:49:52+07:00,24.20000,89.10000,43.20000,61.50000,0.63619,404.07272
2025-06-30 02:50:42+07:00,24.30000,88.80000,45.10000,62.40000,0.67944,404.22153
2025-06-30 02:51:31+07:00,24.30000,88.70000,44.20000,60.90000,0.67176,404.28058
2025-06-30 02:52:21+07:00,24.30000,88.90000,44.70000,63.40000,0.67176,404.38336
2025-06-30 02:53:10+07:00,24.30000,88.70000,47.80000,68.70000,0.68137,404.30609
2025-06-30 02:54:00+07:00,24.30000,88.70000,45.30000,63.70000,0.66985,404.15485
2025-06-30 02:54:49+07:00,24.20000,88.90000,47.10000,67.20000,0.66036,404.37473
2025-06-30 02:55:39+07:00,24.20000,89.00000,44.70000,65.60000,0.66036,404.28058
2025-06-30 02:56:28+07:00,24.20000,89.10000,48.00000,67.50000,0.65659,404.33173
2025-06-30 02:57:18+07:00,24.20000,89.20000,47.10000,66.10000,0.69109,404.33173
2025-06-30 02:58:07+07:00,24.20000,89.20000,48.80000,70.90000,0.70886,404.40070
2025-06-30 02:58:57+07:00,24.10000,89.30000,50.30000,73.90000,0.71286,404.47055
2025-06-30 02:59:46+07:00,24.10000,89.40000,48.20000,69.00000,0.70488,404.40070
2025-06-30 03:00:35+07:00,24.00000,89.50000,49.20000,71.80000,0.66414,404.34030
2025-06-30 03:01:25+07:00,24.00000,89.60000,49.50000,68.70000,0.69697,404.53241
2025-06-30 03:02:14+07:00,24.00000,89.70000,49.20000,70.50000,0.73310,404.52353
2025-06-30 03:03:04+07:00,24.10000,89.70000,50.50000,75.00000,0.72090,404.57703
2025-06-30 03:03:54+07:00,24.10000,89.60000,51.50000,76.00000,0.71687,404.41809
2025-06-30 03:04:43+07:00,24.10000,89.60000,52.00000,78.70000,0.70488,404.50583
2025-06-30 03:05:32+07:00,24.10000,89.70000,52.10000,75.40000,0.72495,404.50583
2025-06-30 03:06:22+07:00,24.10000,89.60000,49.60000,72.70000,0.73515,404.55020
2025-06-30 03:07:11+07:00,24.10000,89.50000,50.50000,76.50000,0.73721,404.56808
2025-06-30 03:08:01+07:00,24.10000,89.40000,48.40000,69.40000,0.72090,404.53241
2025-06-30 03:08:50+07:00,24.20000,89.30000,50.70000,72.50000,0.75171,404.67642
2025-06-30 03:09:39+07:00,24.20000,89.40000,46.70000,67.50000,0.72495,404.61298
2025-06-30 03:10:29+07:00,24.10000,89.60000,46.40000,63.70000,0.73106,404.66730
2025-06-30 03:11:18+07:00,24.20000,89.60000,46.30000,70.00000,0.76010,404.59497
2025-06-30 03:12:07+07:00,24.20000,89.70000,44.80000,61.90000,0.75380,404.54132
2025-06-30 03:12:57+07:00,24.20000,89.50000,47.90000,69.90000,0.73515,404.48816
2025-06-30 03:13:46+07:00,24.20000,89.50000,47.00000,68.60000,0.72495,404.54132
2025-06-30 03:14:36+07:00,24.20000,89.60000,43.10000,64.80000,0.74755,404.51468
2025-06-30 03:15:25+07:00,24.20000,89.20000,44.60000,64.10000,0.72698,404.39203
2025-06-30 03:16:15+07:00,24.20000,89.20000,45.80000,65.00000,0.74340,404.47055
2025-06-30 03:17:04+07:00,24.20000,89.30000,43.20000,61.20000,0.73721,404.41809
2025-06-30 03:17:53+07:00,24.20000,89.20000,44.30000,61.80000,0.73515,404.47934
2025-06-30 03:18:43+07:00,24.20000,89.20000,43.60000,58.80000,0.72698,404.47934
2025-06-30 03:19:32+07:00,24.20000,89.00000,44.30000,62.10000,0.73310,404.41809
2025-06-30 03:20:25+07:00,24.30000,89.10000,42.80000,57.90000,0.72902,404.53241
2025-06-30 03:21:14+07:00,24.30000,88.80000,47.20000,69.10000,0.70290,404.27213
2025-06-30 03:22:04+07:00,24.30000,89.10000,46.20000,68.30000,0.76010,404.47055
2025-06-30 03:22:53+07:00,24.30000,89.00000,49.20000,68.50000,0.75590,404.40070
2025-06-30 03:23:42+07:00,24.40000,89.10000,47.80000,70.80000,0.79876,404.55020
2025-06-30 03:24:32+07:00,24.40000,89.10000,47.70000,66.50000,0.73927,404.41809
2025-06-30 03:25:21+07:00,24.40000,89.30000,47.70000,70.90000,0.77069,404.60394
2025-06-30 03:26:11+07:00,24.40000,89.10000,45.40000,66.50000,0.77924,404.59497
2025-06-30 03:27:00+07:00,24.30000,89.10000,48.00000,68.40000,0.74963,404.54132
2025-06-30 03:27:50+07:00,24.30000,89.30000,46.80000,65.20000,0.76221,404.64914
2025-06-30 03:28:39+07:00,24.30000,89.30000,45.90000,67.50000,0.75171,404.48816
2025-06-30 03:29:29+07:00,24.30000,89.20000,45.90000,63.10000,0.74547,404.54132
2025-06-30 03:30:18+07:00,24.30000,89.30000,44.40000,62.60000,0.74755,404.52353
2025-06-30 03:31:08+07:00,24.30000,89.20000,46.00000,65.00000,0.74755,404.59497
2025-06-30 03:31:57+07:00,24.20000,89.40000,46.70000,66.20000,0.74340,404.58600
2025-06-30 03:32:47+07:00,24.30000,89.50000,47.90000,68.80000,0.75590,404.45300
2025-06-30 03:33:36+07:00,24.20000,89.60000,47.70000,68.40000,0.79004,404.65820
2025-06-30 03:34:25+07:00,24.20000,89.70000,47.90000,67.70000,0.76010,404.64914
2025-06-30 03:35:15+07:00,24.20000,89.80000,49.50000,72.00000,0.77709,404.57703
2025-06-30 03:36:05+07:00,24.20000,89.80000,49.60000,74.00000,0.76644,404.46176
2025-06-30 03:36:54+07:00,24.20000,89.80000,48.20000,72.70000,0.73310,404.55914
2025-06-30 03:37:45+07:00,24.20000,89.80000,50.00000,72.20000,0.75800,404.55020
2025-06-30 03:38:34+07:00,24.30000,89.60000,48.30000,75.00000,0.78570,404.72217
2025-06-30 03:39:23+07:00,24.30000,89.60000,48.90000,72.30000,0.78354,404.51468
2025-06-30 03:40:13+07:00,24.20000,89.60000,51.60000,75.00000,0.77924,404.58600
2025-06-30 03:41:02+07:00,24.20000,89.80000,47.90000,70.00000,0.79004,404.66730
2025-06-30 03:41:52+07:00,24.30000,89.60000,48.00000,68.80000,0.75800,404.66730
2025-06-30 03:42:41+07:00,24.30000,89.30000,47.70000,70.20000,0.76432,404.51468
2025-06-30 03:44:26+07:00,24.30000,88.90000,49.30000,72.50000,0.77069,404.45300
2025-06-30 03:45:16+07:00,24.30000,89.30000,48.00000,67.60000,0.74963,404.54132
2025-06-30 03:46:05+07:00,24.20000,89.40000,45.00000,64.10000,0.73106,404.68555
2025-06-30 03:46:54+07:00,24.20000,89.60000,45.60000,63.40000,0.73927,404.59497
2025-06-30 03:47:44+07:00,24.20000,89.20000,49.40000,72.90000,0.84579,404.71298
2025-06-30 03:48:33+07:00,24.30000,89.40000,47.30000,67.40000,0.81865,404.55914
2025-06-30 03:49:23+07:00,24.30000,89.40000,47.90000,66.40000,0.78787,404.56808
2025-06-30 03:50:12+07:00,24.30000,89.10000,46.60000,68.10000,0.75380,404.52353
2025-06-30 03:51:01+07:00,24.30000,88.90000,46.20000,66.50000,0.78570,404.49698
2025-06-30 03:51:51+07:00,24.30000,89.00000,49.30000,72.90000,0.77069,404.60394
2025-06-30 03:52:40+07:00,24.20000,89.20000,48.00000,70.90000,0.78570,404.64914
2025-06-30 03:53:30+07:00,24.30000,88.90000,44.50000,68.40000,0.76856,404.65820
2025-06-30 03:54:19+07:00,24.30000,89.00000,47.70000,66.90000,0.80755,404.42679
2025-06-30 03:55:08+07:00,24.30000,89.00000,48.30000,68.30000,0.78354,404.55020
2025-06-30 03:55:58+07:00,24.30000,88.80000,47.30000,65.00000,0.72293,404.61298
2025-06-30 03:56:47+07:00,24.30000,89.00000,45.70000,74.20000,0.76221,404.51468
2025-06-30 03:57:36+07:00,24.30000,88.90000,49.10000,69.00000,0.79004,404.51468
2025-06-30 03:58:26+07:00,24.30000,88.90000,49.20000,71.90000,0.77069,404.50583
2025-06-30 03:59:15+07:00,24.30000,88.90000,48.10000,73.40000,0.79439,404.59497
2025-06-30 04:00:05+07:00,24.30000,89.00000,46.50000,70.50000,0.71086,404.77756
2025-06-30 04:00:54+07:00,24.30000,88.80000,50.00000,71.80000,0.73927,404.39203
2025-06-30 04:01:43+07:00,24.20000,89.20000,47.80000,67.40000,0.79004,404.50583
2025-06-30 04:02:32+07:00,24.20000,89.20000,48.90000,71.90000,0.76010,404.50583
2025-06-30 04:03:22+07:00,24.20000,89.20000,47.50000,67.10000,0.76010,404.56808
2025-06-30 04:04:11+07:00,24.20000,89.20000,49.00000,73.10000,0.75800,404.31464
2025-06-30 04:05:01+07:00,24.20000,89.30000,47.70000,69.20000,0.77924,404.55020
2025-06-30 04:05:50+07:00,24.10000,89.30000,50.50000,71.90000,0.72902,404.39203
2025-06-30 04:06:39+07:00,24.10000,88.80000,49.20000,74.70000,0.78139,404.60394
2025-06-30 04:07:29+07:00,24.20000,89.30000,51.50000,74.60000,0.79439,404.60394
2025-06-30 04:08:18+07:00,24.20000,89.30000,47.90000,67.90000,0.80314,404.55020
2025-06-30 04:09:07+07:00,24.20000,89.30000,49.70000,74.00000,0.73927,404.41809
2025-06-30 04:09:57+07:00,24.20000,89.30000,49.40000,74.30000,0.74755,404.60394
2025-06-30 04:10:46+07:00,24.30000,89.00000,52.40000,79.20000,0.79876,404.25519
2025-06-30 04:11:35+07:00,24.20000,88.90000,50.40000,74.60000,0.77069,404.46176
2025-06-30 04:12:25+07:00,24.20000,89.20000,51.00000,77.20000,0.76221,404.51468
2025-06-30 04:13:14+07:00,24.20000,89.30000,52.40000,78.00000,0.79876,404.47934
2025-06-30 04:14:03+07:00,24.20000,89.20000,52.80000,76.00000,0.78570,404.66730
2025-06-30 04:14:57+07:00,24.20000,89.30000,51.60000,78.50000,0.77495,404.48816
2025-06-30 04:15:47+07:00,24.10000,89.30000,53.40000,80.70000,0.76010,404.60394
2025-06-30 04:16:36+07:00,24.10000,89.40000,55.00000,85.40000,0.81642,404.43552
2025-06-30 04:17:26+07:00,24.10000,89.70000,51.30000,78.10000,0.78570,404.74982
2025-06-30 04:18:15+07:00,24.10000,89.60000,52.20000,79.30000,0.78354,404.51468
2025-06-30 04:19:07+07:00,24.20000,89.30000,53.70000,77.80000,0.78787,404.62198
2025-06-30 04:19:57+07:00,24.10000,89.50000,53.40000,77.50000,0.82537,404.65820
2025-06-30 04:20:46+07:00,24.10000,89.60000,51.20000,72.40000,0.79876,404.58600
2025-06-30 04:21:35+07:00,24.20000,89.50000,51.50000,75.60000,0.83667,404.53241
2025-06-30 04:22:25+07:00,24.20000,89.60000,51.90000,73.10000,0.81420,404.45300
2025-06-30 04:23:17+07:00,24.10000,89.70000,52.30000,76.80000,0.78787,404.59497
2025-06-30 04:24:07+07:00,24.10000,89.70000,49.70000,70.90000,0.80755,404.88992
2025-06-30 04:24:56+07:00,24.10000,89.80000,51.10000,76.30000,0.82537,404.74982
2025-06-30 04:25:46+07:00,24.10000,89.70000,52.40000,74.80000,0.83213,404.72217
2025-06-30 04:26:35+07:00,24.10000,89.80000,50.80000,71.50000,0.80755,404.53241
2025-06-30 04:27:25+07:00,24.20000,89.70000,49.90000,72.20000,0.80976,404.49698
2025-06-30 04:28:18+07:00,24.20000,89.70000,52.70000,74.70000,0.82313,404.58600
2025-06-30 04:29:08+07:00,24.20000,89.40000,52.00000,79.10000,0.85038,404.70383
2025-06-30 04:29:57+07:00,24.20000,89.50000,53.00000,78.20000,0.82089,404.59497
2025-06-30 04:30:47+07:00,24.20000,89.70000,52.40000,76.40000,0.79439,404.74982
2025-06-30 04:31:36+07:00,24.20000,89.60000,52.00000,76.00000,0.82762,404.74982
2025-06-30 04:32:26+07:00,24.20000,89.60000,49.90000,72.00000,0.81642,404.76831
2025-06-30 04:33:15+07:00,24.20000,89.50000,50.60000,74.50000,0.82988,404.37473
2025-06-30 04:34:05+07:00,24.20000,89.30000,51.50000,76.20000,0.78354,404.57703
2025-06-30 04:34:54+07:00,24.10000,89.40000,46.50000,64.90000,0.83213,404.62198
2025-06-30 04:35:44+07:00,24.20000,88.90000,51.50000,73.50000,0.83213,404.74982
2025-06-30 04:36:33+07:00,24.20000,88.80000,50.20000,72.20000,0.83667,404.62198
2025-06-30 04:37:22+07:00,24.20000,88.60000,51.50000,76.60000,0.83440,404.62198
2025-06-30 04:38:12+07:00,24.20000,89.00000,53.00000,76.80000,0.82313,404.55914
2025-06-30 04:39:01+07:00,24.20000,88.90000,51.10000,79.00000,0.81865,404.68555
2025-06-30 04:39:50+07:00,24.30000,88.80000,51.30000,80.50000,0.81198,405.01410
2025-06-30 04:40:40+07:00,24.30000,88.70000,50.40000,77.40000,0.80755,404.76831
2025-06-30 04:41:33+07:00,24.30000,88.50000,49.90000,72.50000,0.83440,404.61298
2025-06-30 04:42:22+07:00,24.40000,87.90000,51.60000,79.80000,0.75590,404.73138
2025-06-30 04:43:11+07:00,24.40000,88.10000,51.30000,75.70000,0.83667,404.64008
2025-06-30 04:44:01+07:00,24.30000,88.20000,48.50000,66.40000,0.82089,404.54132
2025-06-30 04:44:50+07:00,24.30000,88.10000,50.20000,70.90000,0.83440,404.80545
2025-06-30 04:45:40+07:00,24.30000,88.20000,49.10000,73.10000,0.82762,404.48816
2025-06-30 04:46:29+07:00,24.30000,88.10000,52.30000,74.60000,0.80314,404.58600
2025-06-30 04:47:19+07:00,24.30000,88.20000,48.60000,67.90000,0.82089,404.80545
2025-06-30 04:48:08+07:00,24.30000,88.10000,49.90000,71.30000,0.79439,404.74057
2025-06-30 04:48:57+07:00,24.30000,88.20000,52.30000,75.30000,0.81865,404.60394
2025-06-30 04:49:47+07:00,24.30000,88.50000,52.00000,73.40000,0.82762,404.67642
2025-06-30 04:50:36+07:00,24.20000,88.70000,53.00000,75.60000,0.81198,404.70383
2025-06-30 04:51:25+07:00,24.20000,88.80000,52.90000,73.50000,0.83213,404.75903
2025-06-30 04:52:15+07:00,24.20000,88.80000,49.20000,74.40000,0.83213,404.57703
2025-06-30 04:53:04+07:00,24.20000,88.80000,48.70000,70.00000,0.84122,404.43552
2025-06-30 04:53:54+07:00,24.30000,88.80000,50.90000,73.90000,0.81198,404.83350
2025-06-30 04:54:43+07:00,24.20000,88.40000,45.80000,64.80000,0.81642,404.60394
2025-06-30 04:55:32+07:00,24.30000,88.50000,47.90000,68.60000,0.83894,404.59497
2025-06-30 04:56:22+07:00,24.30000,88.20000,48.40000,69.40000,0.84808,404.79614
2025-06-30 04:57:11+07:00,24.20000,88.10000,47.30000,68.80000,0.80535,405.03342
2025-06-30 04:58:00+07:00,24.20000,88.20000,49.20000,69.30000,0.83213,404.80545
2025-06-30 04:58:50+07:00,24.10000,88.60000,49.60000,71.40000,0.84122,404.65820
2025-06-30 04:59:39+07:00,24.10000,88.70000,51.70000,71.10000,0.82762,404.64008
2025-06-30 05:00:28+07:00,24.10000,89.00000,49.70000,70.80000,0.81198,404.78683
2025-06-30 05:01:18+07:00,24.10000,88.90000,51.90000,75.20000,0.81198,404.73138
2025-06-30 05:02:07+07:00,24.10000,88.90000,52.00000,75.30000,0.86194,404.71298
2025-06-30 05:02:57+07:00,24.10000,88.90000,53.30000,79.70000,0.82762,404.85223
2025-06-30 05:03:46+07:00,24.10000,89.10000,52.00000,73.40000,0.77924,404.73138
2025-06-30 05:04:35+07:00,24.10000,89.10000,51.80000,74.30000,0.86894,405.05280
2025-06-30 05:05:25+07:00,24.10000,88.90000,53.50000,75.70000,0.79439,404.62198
2025-06-30 05:06:14+07:00,24.10000,88.80000,53.10000,77.90000,0.85268,404.64914
2025-06-30 05:07:04+07:00,24.10000,88.90000,51.50000,78.20000,0.84122,404.83350
2025-06-30 05:07:53+07:00,24.10000,88.90000,52.00000,79.20000,0.82537,404.66730
2025-06-30 05:08:42+07:00,24.10000,88.50000,54.00000,77.50000,0.81420,404.60394
2025-06-30 05:09:32+07:00,24.10000,88.80000,54.50000,81.80000,0.84579,404.62198
2025-06-30 05:10:21+07:00,24.00000,89.00000,53.30000,83.90000,0.84350,404.88049
2025-06-30 05:11:10+07:00,24.00000,89.10000,51.70000,77.50000,0.84350,404.64008
2025-06-30 05:12:03+07:00,24.00000,89.00000,52.70000,78.90000,0.84808,404.60394
2025-06-30 05:12:52+07:00,24.00000,89.20000,50.80000,76.50000,0.82537,404.61298
2025-06-30 05:13:42+07:00,24.10000,89.10000,53.90000,76.20000,0.83440,404.74982
2025-06-30 05:14:31+07:00,24.10000,88.80000,49.70000,72.10000,0.82988,404.79614
2025-06-30 05:15:20+07:00,24.10000,88.70000,50.30000,73.70000,0.83667,404.79614
2025-06-30 05:16:10+07:00,24.10000,88.70000,48.00000,71.80000,0.86894,404.50583
2025-06-30 05:16:59+07:00,24.10000,88.80000,49.70000,72.10000,0.81198,404.57703
2025-06-30 05:17:49+07:00,24.10000,88.60000,50.10000,69.70000,0.85038,404.71298
2025-06-30 05:18:38+07:00,24.10000,88.70000,48.40000,67.30000,0.81865,404.83350
2025-06-30 05:19:27+07:00,24.10000,88.80000,42.50000,60.50000,0.80976,404.72217
2025-06-30 05:20:17+07:00,24.10000,88.70000,48.50000,69.80000,0.82537,404.68555
2025-06-30 05:21:06+07:00,24.20000,88.60000,54.70000,78.60000,0.85730,404.75903
2025-06-30 05:21:56+07:00,24.20000,88.70000,53.70000,80.60000,0.85962,404.54132
2025-06-30 05:22:45+07:00,24.20000,88.70000,54.00000,82.80000,0.82762,404.57703
2025-06-30 05:23:34+07:00,24.30000,88.70000,52.40000,77.20000,0.79004,404.62198
2025-06-30 05:24:24+07:00,24.20000,88.80000,52.80000,78.80000,0.82313,404.58600
2025-06-30 05:25:13+07:00,24.20000,88.90000,50.60000,76.00000,0.89019,404.62198
2025-06-30 05:26:02+07:00,24.20000,88.90000,51.80000,74.90000,0.85730,404.77756
2025-06-30 05:26:52+07:00,24.20000,88.70000,50.00000,71.60000,0.85038,404.57703
2025-06-30 05:27:41+07:00,24.20000,88.50000,49.80000,74.80000,0.82089,404.57703
2025-06-30 05:28:31+07:00,24.20000,88.50000,48.20000,72.40000,0.79221,404.63101
2025-06-30 05:29:20+07:00,24.30000,88.30000,50.60000,75.00000,0.80095,404.64008
2025-06-30 05:30:10+07:00,24.20000,88.40000,42.90000,64.80000,0.79657,404.61298
2025-06-30 05:30:59+07:00,24.30000,88.20000,51.90000,76.50000,0.81642,404.76831
2025-06-30 05:31:48+07:00,24.30000,88.00000,49.30000,73.60000,0.81420,404.58600
2025-06-30 05:32:38+07:00,24.30000,87.70000,51.90000,83.00000,0.82537,404.59497
2025-06-30 05:33:27+07:00,24.30000,88.10000,46.90000,73.70000,0.83440,404.76831
2025-06-30 05:34:17+07:00,24.30000,88.10000,49.70000,76.20000,0.83667,404.71298
2025-06-30 05:35:06+07:00,24.30000,88.00000,43.80000,64.40000,0.83667,404.52353
2025-06-30 05:35:56+07:00,24.30000,87.70000,48.70000,75.10000,0.81420,404.56808
2025-06-30 05:36:45+07:00,24.40000,87.60000,50.20000,73.00000,0.74133,404.52353
2025-06-30 05:37:34+07:00,24.40000,87.70000,50.10000,75.80000,0.79876,404.58600
2025-06-30 05:38:24+07:00,24.30000,87.70000,51.70000,74.60000,0.79876,404.47934
2025-06-30 05:39:13+07:00,24.20000,87.80000,48.40000,69.70000,0.82988,404.39203
2025-06-30 05:40:03+07:00,24.30000,87.90000,47.00000,69.90000,0.76432,404.76831
2025-06-30 05:40:52+07:00,24.30000,87.60000,51.40000,75.80000,0.79221,404.55914
2025-06-30 05:41:44+07:00,24.20000,87.80000,45.50000,68.70000,0.81865,404.48816
2025-06-30 05:42:34+07:00,24.20000,88.00000,48.50000,71.10000,0.80535,404.61298
2025-06-30 05:43:23+07:00,24.20000,87.80000,48.70000,78.50000,0.79657,404.57703
2025-06-30 05:44:12+07:00,24.30000,87.50000,52.00000,83.50000,0.83894,404.43552
2025-06-30 05:45:02+07:00,24.30000,87.60000,50.30000,75.00000,0.87128,404.64008
2025-06-30 05:45:51+07:00,24.30000,87.40000,48.20000,73.50000,0.83213,404.60394
2025-06-30 05:46:40+07:00,24.30000,87.10000,47.50000,73.00000,0.83440,404.71298
2025-06-30 05:47:30+07:00,24.30000,87.40000,46.10000,66.30000,0.83667,404.54132
2025-06-30 05:48:19+07:00,24.10000,87.50000,46.20000,65.50000,0.85730,404.63101
2025-06-30 05:49:09+07:00,24.10000,87.60000,40.80000,57.40000,0.80755,404.62198
2025-06-30 05:49:58+07:00,24.00000,87.50000,39.70000,54.50000,0.82988,404.57703
2025-06-30 05:50:47+07:00,24.10000,87.20000,38.00000,51.70000,0.84579,404.46176
2025-06-30 05:51:37+07:00,24.10000,86.90000,34.90000,49.80000,0.84808,404.57703
2025-06-30 05:52:26+07:00,24.00000,86.90000,36.50000,49.80000,0.80755,404.72217
2025-06-30 05:53:16+07:00,23.90000,87.10000,35.80000,48.90000,0.83440,404.47055
2025-06-30 05:54:05+07:00,23.90000,87.10000,38.70000,56.00000,0.86660,404.65820
2025-06-30 05:54:54+07:00,23.90000,87.20000,37.80000,52.40000,0.85499,404.88049
2025-06-30 05:55:44+07:00,23.90000,87.10000,35.30000,49.20000,0.84579,404.48816
2025-06-30 05:56:33+07:00,23.80000,87.20000,34.70000,47.70000,0.79439,404.14658
2025-06-30 05:57:23+07:00,23.80000,87.40000,36.50000,51.80000,0.76856,404.27213
2025-06-30 05:58:12+07:00,23.70000,87.60000,36.10000,48.90000,0.75171,404.26364
2025-06-30 05:59:01+07:00,23.80000,87.50000,33.60000,46.20000,0.74340,404.42679
2025-06-30 05:59:51+07:00,23.90000,87.00000,35.90000,54.30000,0.75800,404.40070
2025-06-30 06:00:40+07:00,23.90000,87.10000,34.60000,46.50000,0.73927,404.25519
2025-06-30 06:01:30+07:00,23.90000,87.10000,33.30000,44.80000,0.76644,404.38336
2025-06-30 06:02:19+07:00,23.90000,87.10000,33.50000,49.40000,0.77069,404.34030
2025-06-30 06:03:08+07:00,23.90000,86.90000,34.30000,46.60000,0.70687,404.26364
2025-06-30 06:03:58+07:00,23.90000,86.80000,34.10000,46.90000,0.73310,404.35748
2025-06-30 06:04:47+07:00,23.90000,87.00000,35.60000,50.80000,0.84808,404.22153
2025-06-30 06:05:36+07:00,23.90000,87.10000,33.30000,46.40000,0.73310,404.45300
2025-06-30 06:06:26+07:00,24.00000,86.80000,34.80000,47.50000,0.72495,404.29758
2025-06-30 06:07:15+07:00,24.00000,86.90000,37.90000,51.80000,0.76010,404.40939
2025-06-30 06:08:04+07:00,24.00000,86.90000,36.60000,53.80000,0.72293,404.31464
2025-06-30 06:08:54+07:00,24.00000,86.70000,36.00000,50.20000,0.77709,404.30609
2025-06-30 06:09:43+07:00,24.00000,86.50000,35.70000,50.20000,0.74340,404.40939
2025-06-30 06:10:33+07:00,24.00000,86.40000,36.00000,51.10000,0.76010,404.36612
2025-06-30 06:11:22+07:00,24.10000,86.20000,38.30000,53.10000,0.74547,404.29758
2025-06-30 06:12:11+07:00,24.10000,86.40000,35.50000,51.30000,0.76432,404.40070
2025-06-30 06:13:01+07:00,24.00000,86.70000,36.10000,49.90000,0.77069,404.34030
2025-06-30 06:13:50+07:00,24.00000,86.60000,37.50000,49.80000,0.77069,404.51468
2025-06-30 06:14:40+07:00,24.00000,86.70000,37.40000,49.40000,0.79657,404.40939
2025-06-30 06:15:29+07:00,24.10000,86.80000,35.40000,48.90000,0.82988,404.47055
2025-06-30 06:16:18+07:00,24.00000,86.80000,40.00000,55.70000,0.76010,404.42679
2025-06-30 06:17:08+07:00,24.00000,87.00000,38.30000,50.70000,0.76221,404.28909
2025-06-30 06:17:57+07:00,24.00000,87.10000,39.40000,51.70000,0.80535,404.50583
2025-06-30 06:18:47+07:00,24.00000,87.20000,37.60000,50.80000,0.72495,404.58600
2025-06-30 06:19:36+07:00,24.00000,86.80000,36.90000,50.00000,0.73106,404.47934
2025-06-30 06:20:25+07:00,24.10000,86.60000,40.30000,55.10000,0.78354,404.52353
2025-06-30 06:21:15+07:00,24.10000,86.80000,41.00000,56.80000,0.75171,404.71298
2025-06-30 06:22:04+07:00,24.10000,86.90000,41.60000,58.80000,0.82537,404.34030
2025-06-30 06:22:54+07:00,24.00000,87.00000,41.90000,56.10000,0.77069,404.60394
2025-06-30 06:23:43+07:00,24.00000,87.10000,41.60000,57.40000,0.78354,404.52353
2025-06-30 06:24:32+07:00,24.00000,87.10000,43.30000,61.40000,0.78354,404.31464
2025-06-30 06:25:22+07:00,24.00000,87.30000,42.00000,58.70000,0.79439,404.41809
2025-06-30 06:26:11+07:00,24.00000,87.20000,36.60000,50.40000,0.80314,404.47934
2025-06-30 06:27:01+07:00,24.00000,86.80000,38.30000,55.80000,0.79221,404.57703
2025-06-30 06:27:50+07:00,24.10000,87.10000,38.80000,57.40000,0.72293,404.57703
2025-06-30 06:28:39+07:00,24.10000,86.70000,41.10000,58.90000,0.78139,404.66730
2025-06-30 06:29:29+07:00,24.10000,86.90000,41.90000,60.20000,0.80976,404.45300
2025-06-30 06:30:18+07:00,24.10000,86.60000,37.60000,53.70000,0.74755,404.49698
2025-06-30 06:31:07+07:00,24.20000,86.50000,39.90000,54.60000,0.80314,404.44424
2025-06-30 06:31:57+07:00,24.20000,86.50000,39.40000,54.10000,0.81642,404.47934
2025-06-30 06:32:46+07:00,24.20000,86.60000,37.50000,57.20000,0.83440,404.40070
2025-06-30 06:33:35+07:00,24.20000,86.20000,38.00000,53.70000,0.82537,404.60394
2025-06-30 06:34:25+07:00,24.20000,86.10000,38.20000,51.40000,0.83667,404.55914
2025-06-30 06:35:14+07:00,24.20000,86.50000,39.30000,53.80000,0.79876,404.47934
2025-06-30 06:36:03+07:00,24.20000,86.60000,37.50000,52.70000,0.77924,404.58600
2025-06-30 06:36:53+07:00,24.20000,86.60000,39.40000,52.50000,0.85962,404.61298
2025-06-30 06:37:42+07:00,24.20000,86.50000,37.10000,49.60000,0.84350,404.47055
2025-06-30 06:38:31+07:00,24.10000,86.80000,39.00000,53.00000,0.79004,404.49698
2025-06-30 06:39:21+07:00,24.10000,87.00000,36.40000,50.80000,0.77709,404.59497
2025-06-30 06:40:10+07:00,24.10000,87.00000,36.20000,46.90000,0.82089,404.38336
2025-06-30 06:41:00+07:00,24.00000,86.80000,34.20000,44.20000,0.78139,404.34891
2025-06-30 06:41:49+07:00,24.00000,86.70000,32.00000,46.50000,0.77495,404.41809
2025-06-30 06:42:38+07:00,24.00000,86.90000,34.20000,43.60000,0.82988,404.64914
2025-06-30 06:43:28+07:00,24.00000,86.70000,31.50000,39.10000,0.80976,404.47934
2025-06-30 06:44:17+07:00,24.10000,86.30000,32.90000,43.70000,0.81420,404.47055
2025-06-30 06:45:07+07:00,24.20000,86.10000,31.30000,40.20000,0.82313,404.48816
2025-06-30 06:45:56+07:00,24.20000,86.30000,32.40000,42.70000,0.82762,404.42679
2025-06-30 06:46:45+07:00,24.20000,86.10000,32.80000,41.70000,0.76010,404.39203
2025-06-30 06:47:35+07:00,24.20000,86.00000,31.90000,40.90000,0.78787,404.45300
2025-06-30 06:48:24+07:00,24.20000,85.70000,33.10000,40.80000,0.81865,404.38336
2025-06-30 06:49:13+07:00,24.20000,86.20000,32.40000,43.20000,0.78139,404.41809
2025-06-30 06:50:03+07:00,24.10000,86.40000,31.30000,39.90000,0.81420,404.49698
2025-06-30 06:50:52+07:00,24.20000,86.00000,32.90000,44.50000,0.82313,404.43552
2025-06-30 06:51:41+07:00,24.30000,85.80000,35.00000,47.30000,0.76010,404.52353
2025-06-30 06:52:31+07:00,24.30000,85.90000,33.70000,45.30000,0.77069,404.37473
2025-06-30 06:53:20+07:00,24.20000,86.00000,34.90000,46.50000,0.79004,404.39203
2025-06-30 06:54:10+07:00,24.30000,85.80000,39.10000,50.90000,0.79657,404.46176
2025-06-30 06:54:59+07:00,24.40000,85.90000,39.80000,53.20000,0.77924,404.42679
2025-06-30 06:55:48+07:00,24.30000,86.20000,39.70000,52.20000,0.81198,404.54132
2025-06-30 06:56:37+07:00,24.20000,86.50000,41.10000,54.10000,0.77924,404.47055
2025-06-30 06:57:27+07:00,24.20000,86.70000,40.80000,55.70000,0.81865,404.65820
2025-06-30 06:58:16+07:00,24.20000,86.60000,43.30000,60.60000,0.76856,404.43552
2025-06-30 06:59:06+07:00,24.20000,86.60000,45.00000,61.90000,0.79876,404.58600
2025-06-30 06:59:55+07:00,24.20000,86.60000,44.30000,63.00000,0.81865,404.49698
