created_at,Temperature,Humidity,PM2.5,PM10,CO,CO2
2025-06-21 07:00:15+07:00,24.80000,84.30000,52.70000,72.50000,0.59860,403.34171
2025-06-21 07:01:04+07:00,24.80000,84.10000,50.40000,66.70000,0.56109,403.40472
2025-06-21 07:01:53+07:00,24.80000,84.00000,51.70000,74.00000,0.54466,403.36261
2025-06-21 07:02:43+07:00,24.90000,83.60000,49.70000,65.90000,0.55447,403.30020
2025-06-21 07:03:32+07:00,24.90000,83.30000,51.60000,72.70000,0.57113,403.29333
2025-06-21 07:04:22+07:00,24.90000,83.30000,48.30000,67.90000,0.56609,403.29333
2025-06-21 07:05:11+07:00,24.90000,83.00000,48.70000,65.80000,0.55612,403.29333
2025-06-21 07:06:03+07:00,24.90000,83.00000,50.20000,67.40000,0.55119,403.32782
2025-06-21 07:06:53+07:00,24.90000,82.90000,52.00000,69.80000,0.53338,403.21170
2025-06-21 07:07:42+07:00,24.90000,82.60000,50.20000,70.50000,0.56109,403.24551
2025-06-21 07:08:32+07:00,25.00000,82.50000,49.50000,67.80000,0.53658,403.19156
2025-06-21 07:09:21+07:00,25.00000,82.40000,54.50000,74.40000,0.58302,403.24551
2025-06-21 07:10:10+07:00,25.10000,82.00000,56.70000,78.20000,0.55119,403.22519
2025-06-21 07:11:00+07:00,25.10000,81.60000,55.20000,71.70000,0.55612,403.32089
2025-06-21 07:11:49+07:00,25.10000,81.60000,55.70000,75.30000,0.52228,403.28647
2025-06-21 07:12:39+07:00,25.10000,81.50000,55.00000,72.60000,0.53658,403.36960
2025-06-21 07:13:28+07:00,25.10000,81.80000,54.40000,71.40000,0.55777,403.34866
2025-06-21 07:14:20+07:00,25.00000,82.20000,52.50000,68.20000,0.55119,403.36261
2025-06-21 07:15:10+07:00,25.00000,82.40000,54.40000,71.40000,0.56109,403.36261
2025-06-21 07:15:59+07:00,25.10000,82.00000,54.60000,73.70000,0.58131,403.41177
2025-06-21 07:16:49+07:00,25.10000,81.50000,53.50000,68.40000,0.58131,403.39062
2025-06-21 07:17:39+07:00,25.20000,81.30000,53.30000,72.90000,0.54792,403.25232
2025-06-21 07:18:28+07:00,25.20000,81.40000,52.90000,70.40000,0.55943,403.15155
2025-06-21 07:19:18+07:00,25.10000,81.90000,53.60000,67.60000,0.51915,403.36261
2025-06-21 07:20:07+07:00,25.10000,82.00000,57.90000,77.30000,0.55447,403.24551
2025-06-21 07:20:57+07:00,25.20000,82.00000,58.20000,75.80000,0.57961,403.41177
2025-06-21 07:21:46+07:00,25.20000,82.00000,59.40000,78.60000,0.56609,403.42593
2025-06-21 07:22:35+07:00,25.20000,81.90000,58.30000,78.90000,0.56276,403.21170
2025-06-21 07:23:25+07:00,25.20000,81.90000,58.40000,76.50000,0.53658,403.39062
2025-06-21 07:24:14+07:00,25.20000,81.60000,60.30000,76.90000,0.56609,403.38361
2025-06-21 07:25:04+07:00,25.20000,81.50000,60.40000,78.00000,0.56945,403.43304
2025-06-21 07:25:53+07:00,25.20000,81.20000,61.50000,78.30000,0.55119,403.39767
2025-06-21 07:26:43+07:00,25.30000,81.00000,66.70000,84.90000,0.57113,403.42593
2025-06-21 07:27:32+07:00,25.40000,81.20000,67.50000,93.40000,0.54142,403.40472
2025-06-21 07:28:22+07:00,25.40000,81.40000,69.70000,94.10000,0.56777,403.42593
2025-06-21 07:29:11+07:00,25.30000,81.60000,67.60000,87.20000,0.57621,403.49744
2025-06-21 07:30:00+07:00,25.20000,81.80000,72.30000,96.00000,0.54955,403.46152
2025-06-21 07:30:53+07:00,25.20000,82.00000,71.70000,90.80000,0.58991,403.58478
2025-06-21 07:31:43+07:00,25.20000,82.20000,69.20000,91.30000,0.57961,403.54089
2025-06-21 07:33:24+07:00,25.20000,82.40000,75.00000,101.60000,0.58131,403.65146
2025-06-21 07:34:14+07:00,25.10000,82.30000,76.50000,103.60000,0.50215,403.54819
2025-06-21 07:35:03+07:00,25.20000,82.20000,79.00000,106.30000,0.57282,403.57745
2025-06-21 07:35:53+07:00,25.30000,82.00000,81.80000,109.90000,0.58131,403.62912
2025-06-21 07:36:43+07:00,25.20000,82.20000,76.00000,99.80000,0.58474,403.61429
2025-06-21 07:37:32+07:00,25.20000,82.20000,79.10000,109.60000,0.57791,403.63657
2025-06-21 07:38:21+07:00,25.40000,81.90000,80.50000,114.00000,0.58818,403.50464
2025-06-21 07:39:11+07:00,25.50000,81.80000,81.10000,107.70000,0.60210,403.59952
2025-06-21 07:40:00+07:00,25.50000,81.70000,84.50000,116.90000,0.58991,403.51187
2025-06-21 07:40:50+07:00,25.40000,81.80000,87.50000,114.90000,0.60562,403.62912
2025-06-21 07:41:39+07:00,25.50000,81.80000,87.90000,119.60000,0.61093,403.65894
2025-06-21 07:42:29+07:00,25.50000,81.90000,90.30000,122.60000,0.62707,403.58478
2025-06-21 07:43:18+07:00,25.40000,82.20000,89.50000,119.00000,0.63071,403.68890
2025-06-21 07:44:07+07:00,25.40000,82.10000,87.60000,114.00000,0.60210,403.83411
2025-06-21 07:44:59+07:00,25.40000,82.20000,85.40000,114.30000,0.61449,403.70398
2025-06-21 07:45:49+07:00,25.50000,81.60000,93.80000,121.60000,0.65472,403.69644
2025-06-21 07:46:41+07:00,25.40000,82.10000,88.60000,118.20000,0.63802,403.83411
2025-06-21 07:47:30+07:00,25.40000,82.40000,86.60000,111.60000,0.57791,404.00793
2025-06-21 07:48:20+07:00,25.40000,82.40000,90.00000,120.50000,0.58818,403.76477
2025-06-21 07:49:09+07:00,25.40000,82.30000,88.20000,117.70000,0.62526,403.72668
2025-06-21 07:49:59+07:00,25.30000,82.50000,90.50000,115.90000,0.61449,403.73428
2025-06-21 07:50:48+07:00,25.20000,82.80000,90.10000,114.40000,0.61986,403.69644
2025-06-21 07:51:37+07:00,25.20000,82.90000,86.60000,114.70000,0.59337,403.74951
2025-06-21 07:52:28+07:00,25.10000,83.10000,86.50000,112.30000,0.60210,403.65894
2025-06-21 07:53:17+07:00,25.00000,83.40000,87.50000,117.90000,0.61093,403.78009
2025-06-21 07:54:06+07:00,25.10000,82.90000,84.60000,106.20000,0.59685,403.78009
2025-06-21 07:55:01+07:00,25.20000,82.80000,87.10000,113.10000,0.60915,403.70398
2025-06-21 07:57:44+07:00,25.30000,82.70000,87.40000,113.90000,0.60210,403.68140
2025-06-21 07:58:34+07:00,25.30000,82.70000,87.50000,115.30000,0.54955,403.57745
2025-06-21 07:59:23+07:00,25.40000,82.50000,92.90000,120.50000,0.60386,403.68140
2025-06-21 08:00:12+07:00,25.40000,82.50000,90.60000,119.20000,0.65098,403.81088
2025-06-21 08:01:02+07:00,25.50000,82.00000,94.00000,117.90000,0.59685,403.67389
2025-06-21 08:01:51+07:00,25.50000,82.30000,94.00000,120.00000,0.64911,403.92816
2025-06-21 08:02:41+07:00,25.50000,82.30000,90.20000,124.40000,0.60210,403.68890
2025-06-21 08:03:30+07:00,25.60000,82.10000,95.40000,124.40000,0.66036,403.76477
2025-06-21 08:04:20+07:00,25.50000,82.00000,94.40000,122.30000,0.59337,403.73428
2025-06-21 08:05:09+07:00,25.60000,81.80000,95.20000,124.00000,0.55283,403.74951
2025-06-21 08:05:59+07:00,25.70000,81.70000,99.90000,129.60001,0.60562,403.74951
2025-06-21 08:06:48+07:00,25.60000,82.00000,97.60000,129.89999,0.61806,403.85745
2025-06-21 08:07:37+07:00,25.60000,82.00000,96.70000,129.00000,0.58818,403.74188
2025-06-21 08:08:28+07:00,25.50000,82.10000,97.50000,126.90000,0.60210,403.83411
2025-06-21 08:09:18+07:00,25.50000,82.30000,95.40000,123.30000,0.59685,403.84967
2025-06-21 08:10:07+07:00,25.40000,82.40000,97.90000,121.20000,0.59164,403.80316
2025-06-21 08:10:58+07:00,25.40000,82.40000,98.70000,125.50000,0.59685,403.87308
2025-06-21 08:11:47+07:00,25.40000,82.70000,93.80000,123.50000,0.60562,403.81088
2025-06-21 08:12:37+07:00,25.40000,82.80000,93.90000,122.60000,0.60386,403.74951
2025-06-21 08:13:29+07:00,25.50000,82.90000,95.10000,121.30000,0.65098,403.88092
2025-06-21 08:14:18+07:00,25.40000,82.90000,93.80000,122.50000,0.60915,403.55548
2025-06-21 08:15:08+07:00,25.50000,82.70000,91.80000,119.70000,0.61806,403.80316
2025-06-21 08:15:58+07:00,25.60000,82.50000,90.40000,117.40000,0.60562,403.66641
2025-06-21 08:16:47+07:00,25.50000,82.60000,88.50000,115.80000,0.62889,403.84967
2025-06-21 08:17:38+07:00,25.60000,82.50000,91.50000,118.10000,0.60210,403.70398
2025-06-21 08:19:19+07:00,25.60000,82.20000,85.00000,111.70000,0.62526,403.81860
2025-06-21 08:20:09+07:00,25.70000,82.00000,86.90000,114.00000,0.61986,403.79547
2025-06-21 08:21:00+07:00,25.70000,82.10000,87.50000,114.00000,0.58991,403.81860
2025-06-21 08:21:49+07:00,25.70000,82.00000,88.50000,116.60000,0.63619,403.84189
2025-06-21 08:22:39+07:00,25.70000,82.20000,86.70000,118.40000,0.60915,403.65146
2025-06-21 08:23:28+07:00,25.60000,82.30000,85.70000,118.70000,0.60386,403.64401
2025-06-21 08:24:18+07:00,25.60000,82.40000,84.90000,116.50000,0.61093,403.52637
2025-06-21 08:25:08+07:00,25.50000,82.30000,86.30000,113.80000,0.62166,403.78778
2025-06-21 08:25:57+07:00,25.60000,82.30000,88.90000,116.80000,0.55283,403.69644
2025-06-21 08:26:47+07:00,25.70000,82.20000,89.00000,117.10000,0.59511,403.74951
2025-06-21 08:27:36+07:00,25.70000,82.30000,82.30000,109.00000,0.60562,403.80316
2025-06-21 08:28:26+07:00,25.80000,81.90000,85.40000,111.30000,0.60386,403.70398
2025-06-21 08:29:16+07:00,25.90000,81.70000,85.30000,109.20000,0.60738,403.66641
2025-06-21 08:30:10+07:00,26.00000,81.40000,85.50000,107.20000,0.61627,403.74951
2025-06-21 08:31:01+07:00,26.00000,81.30000,88.70000,115.40000,0.58646,403.72668
2025-06-21 08:31:51+07:00,26.00000,81.40000,87.20000,117.70000,0.58646,403.69644
2025-06-21 08:32:41+07:00,26.00000,81.30000,87.00000,122.20000,0.60210,403.63657
2025-06-21 08:33:37+07:00,26.10000,81.20000,88.90000,118.50000,0.59860,403.70398
2025-06-21 08:34:27+07:00,26.00000,81.40000,87.00000,114.60000,0.60035,403.77243
2025-06-21 08:35:18+07:00,26.10000,81.40000,85.60000,110.30000,0.61806,403.83411
2025-06-21 08:36:08+07:00,26.20000,81.00000,90.80000,116.10000,0.61627,403.81860
2025-06-21 08:36:57+07:00,26.10000,80.90000,90.60000,115.80000,0.65659,403.62912
2025-06-21 08:37:54+07:00,26.20000,81.00000,97.10000,126.70000,0.63071,403.83411
2025-06-21 08:38:43+07:00,26.20000,80.60000,109.10000,138.89999,0.63435,403.74188
2025-06-21 08:39:34+07:00,26.20000,80.90000,111.10000,139.20000,0.61627,403.73428
2025-06-21 08:40:24+07:00,26.30000,80.80000,116.80000,152.80000,0.63435,403.70398
2025-06-21 08:41:13+07:00,26.30000,80.60000,128.60001,179.50000,0.67751,403.77243
2025-06-21 08:42:06+07:00,26.50000,80.30000,126.30000,183.30000,0.66036,403.76477
2025-06-21 08:42:57+07:00,26.40000,80.00000,133.80000,200.30000,0.60210,403.88873
2025-06-21 08:44:47+07:00,26.20000,80.60000,110.40000,152.10001,0.61627,403.78778
2025-06-21 08:45:37+07:00,26.30000,80.70000,102.10000,135.70000,0.62166,403.76477
2025-06-21 08:46:27+07:00,26.30000,80.60000,103.50000,129.39999,0.64170,403.84967
2025-06-21 08:48:10+07:00,26.40000,80.40000,97.50000,125.50000,0.63253,403.77243
2025-06-21 08:49:00+07:00,26.60000,79.70000,100.50000,128.30000,0.59164,403.71912
2025-06-21 08:49:50+07:00,26.60000,79.60000,101.20000,128.20000,0.58474,403.83411
2025-06-21 08:50:40+07:00,26.60000,79.80000,99.50000,127.50000,0.62526,403.71155
2025-06-21 08:51:29+07:00,26.60000,79.90000,106.80000,139.60001,0.61627,403.77243
2025-06-21 08:52:19+07:00,26.50000,80.00000,103.50000,138.00000,0.63986,403.74188
2025-06-21 08:53:09+07:00,26.50000,79.80000,100.40000,136.60001,0.62707,403.75714
2025-06-21 08:53:59+07:00,26.60000,79.90000,97.60000,130.89999,0.62346,403.74188
2025-06-21 08:54:49+07:00,26.50000,79.70000,95.10000,128.00000,0.61986,403.69644
2025-06-21 08:55:38+07:00,26.60000,79.60000,93.50000,125.60000,0.62707,403.77243
2025-06-21 08:56:28+07:00,26.60000,79.30000,96.00000,133.10001,0.60035,403.77243
2025-06-21 08:57:21+07:00,26.60000,79.20000,92.40000,122.30000,0.62166,403.66641
2025-06-21 08:58:11+07:00,26.70000,78.90000,96.50000,129.00000,0.58991,403.70398
2025-06-21 08:59:01+07:00,26.70000,78.80000,94.90000,125.10000,0.57113,403.67389
2025-06-21 08:59:50+07:00,26.80000,79.00000,94.50000,129.20000,0.60915,403.63657
2025-06-21 09:00:40+07:00,26.90000,78.80000,91.40000,121.80000,0.63435,403.57745
2025-06-21 09:01:32+07:00,26.80000,78.90000,93.20000,122.10000,0.58991,403.62170
2025-06-21 09:02:25+07:00,26.90000,78.50000,89.90000,118.00000,0.62526,403.57010
2025-06-21 09:03:17+07:00,26.90000,78.40000,91.10000,117.90000,0.57791,403.53363
2025-06-21 09:04:07+07:00,26.80000,78.50000,91.80000,115.70000,0.59164,403.57010
2025-06-21 09:04:58+07:00,26.80000,78.20000,86.30000,112.70000,0.60035,403.56277
2025-06-21 09:05:48+07:00,26.80000,77.80000,86.20000,115.10000,0.61093,403.46869
2025-06-21 09:06:39+07:00,26.80000,78.10000,80.70000,106.70000,0.59337,403.65146
2025-06-21 09:07:30+07:00,27.00000,77.40000,90.80000,118.20000,0.60915,403.54819
2025-06-21 09:08:19+07:00,27.10000,77.50000,87.40000,119.70000,0.60738,403.50464
2025-06-21 09:09:09+07:00,27.10000,77.60000,89.20000,117.80000,0.58646,403.63657
2025-06-21 09:09:59+07:00,27.10000,77.40000,89.80000,117.00000,0.58818,403.59213
2025-06-21 09:10:48+07:00,27.00000,77.30000,84.00000,107.90000,0.58302,403.51187
2025-06-21 09:11:38+07:00,27.10000,77.40000,81.20000,104.10000,0.60035,403.46152
2025-06-21 09:12:27+07:00,27.10000,77.00000,79.00000,102.70000,0.57621,403.52637
2025-06-21 09:14:10+07:00,27.20000,76.50000,84.40000,109.60000,0.56276,403.41885
2025-06-21 09:15:02+07:00,27.20000,76.30000,81.70000,109.00000,0.58991,403.49023
2025-06-21 09:15:52+07:00,27.20000,75.20000,83.40000,108.50000,0.58474,403.49744
2025-06-21 09:16:41+07:00,27.30000,75.90000,77.70000,99.30000,0.58646,403.36960
2025-06-21 09:18:25+07:00,27.40000,74.90000,86.80000,119.80000,0.55119,403.48303
2025-06-21 09:19:19+07:00,27.40000,75.80000,84.60000,110.70000,0.57791,403.49744
2025-06-21 09:20:13+07:00,27.30000,76.20000,87.10000,112.90000,0.54142,403.39062
2025-06-21 09:21:02+07:00,27.30000,76.40000,92.40000,118.70000,0.58302,403.29333
2025-06-21 09:21:53+07:00,27.30000,76.60000,86.80000,114.10000,0.57791,403.43304
2025-06-21 09:22:43+07:00,27.40000,76.20000,93.30000,122.70000,0.57621,403.50464
2025-06-21 09:23:33+07:00,27.30000,76.40000,91.40000,115.40000,0.58302,403.39767
2025-06-21 09:24:23+07:00,27.30000,76.40000,93.80000,123.40000,0.56109,403.32782
2025-06-21 09:25:14+07:00,27.40000,76.40000,88.20000,115.80000,0.58131,403.35562
2025-06-21 09:26:04+07:00,27.50000,76.00000,93.00000,123.80000,0.58131,403.46869
2025-06-21 09:26:55+07:00,27.60000,75.80000,87.60000,115.00000,0.54629,403.35562
2025-06-21 09:27:44+07:00,27.60000,75.20000,88.00000,117.30000,0.53819,403.35562
2025-06-21 09:28:33+07:00,27.50000,75.50000,90.20000,124.20000,0.52544,403.71155
2025-06-21 09:29:31+07:00,27.50000,75.50000,83.20000,113.00000,0.54792,403.44727
2025-06-21 09:30:20+07:00,27.70000,74.70000,87.50000,116.40000,0.57621,403.57010
2025-06-21 09:31:16+07:00,27.80000,74.80000,82.20000,113.00000,0.56109,403.49744
2025-06-21 09:32:05+07:00,27.70000,74.90000,92.40000,121.10000,0.58131,403.51187
2025-06-21 09:32:55+07:00,27.70000,75.30000,87.70000,115.50000,0.53019,403.41885
2025-06-21 09:33:44+07:00,27.70000,75.30000,84.90000,117.90000,0.55777,403.46152
2025-06-21 09:34:34+07:00,27.70000,75.00000,72.50000,95.30000,0.54142,403.34866
2025-06-21 09:35:23+07:00,27.80000,74.40000,76.00000,100.60000,0.53498,403.44727
2025-06-21 09:36:13+07:00,27.80000,74.10000,79.00000,105.50000,0.53178,403.27277
2025-06-21 09:37:03+07:00,27.90000,74.00000,82.00000,110.90000,0.53338,403.36261
2025-06-21 09:37:54+07:00,27.80000,74.10000,78.00000,103.20000,0.50982,403.41885
2025-06-21 09:38:44+07:00,27.80000,74.10000,84.80000,111.60000,0.54955,403.44727
2025-06-21 09:39:33+07:00,27.80000,74.50000,78.20000,100.20000,0.52228,403.36960
2025-06-21 09:40:23+07:00,27.90000,74.30000,74.30000,99.30000,0.56442,403.39062
2025-06-21 09:42:06+07:00,27.80000,74.20000,64.70000,84.40000,0.52228,403.30710
2025-06-21 09:42:59+07:00,28.00000,73.40000,63.90000,83.60000,0.56945,403.34171
2025-06-21 09:43:50+07:00,28.10000,73.60000,61.60000,85.10000,0.55283,403.17819
2025-06-21 09:44:39+07:00,28.10000,72.90000,59.30000,83.60000,0.55943,403.23196
2025-06-21 09:45:29+07:00,28.10000,72.90000,54.10000,71.10000,0.50062,403.47586
2025-06-21 09:47:14+07:00,28.00000,72.40000,56.40000,76.20000,0.55777,403.26593
2025-06-21 09:48:09+07:00,28.00000,72.10000,55.40000,73.20000,0.50215,403.21844
2025-06-21 09:49:04+07:00,28.00000,72.30000,54.70000,72.80000,0.52228,403.11197
2025-06-21 09:49:55+07:00,28.00000,72.30000,51.00000,66.90000,0.53658,403.26593
2025-06-21 09:50:55+07:00,27.90000,71.90000,49.30000,62.10000,0.59337,403.21170
2025-06-21 09:51:45+07:00,27.90000,71.80000,48.90000,63.70000,0.52386,403.07278
2025-06-21 09:52:35+07:00,27.90000,72.00000,48.20000,62.70000,0.50674,403.19156
2025-06-21 09:53:24+07:00,28.00000,71.90000,56.10000,74.20000,0.49910,403.07928
2025-06-21 09:54:14+07:00,28.00000,72.10000,56.00000,76.20000,0.47967,403.23196
2025-06-21 09:55:04+07:00,28.00000,72.00000,51.20000,67.50000,0.52860,403.15155
2025-06-21 09:55:53+07:00,28.00000,72.00000,49.70000,62.70000,0.51758,403.00192
2025-06-21 09:56:43+07:00,28.00000,71.70000,44.80000,57.50000,0.52544,403.05978
2025-06-21 09:57:32+07:00,27.90000,71.50000,42.80000,56.10000,0.52071,403.17819
2025-06-21 09:58:22+07:00,28.00000,71.90000,42.70000,54.20000,0.50674,403.11853
2025-06-21 09:59:13+07:00,28.00000,71.80000,42.50000,52.60000,0.50982,403.01471
2025-06-21 10:00:02+07:00,27.90000,71.40000,40.50000,50.20000,0.53178,403.09232
2025-06-21 10:00:53+07:00,27.90000,71.20000,39.50000,46.00000,0.50215,403.01471
2025-06-21 10:01:43+07:00,28.00000,71.40000,39.30000,49.20000,0.49156,403.13834
2025-06-21 10:02:37+07:00,28.00000,71.10000,38.80000,50.10000,0.47235,403.13171
2025-06-21 10:03:26+07:00,28.00000,71.00000,41.90000,51.20000,0.46800,403.03397
2025-06-21 10:04:19+07:00,28.00000,71.20000,41.50000,52.30000,0.49006,403.03397
2025-06-21 10:05:09+07:00,28.10000,71.00000,52.50000,65.70000,0.49156,403.07928
2025-06-21 10:05:58+07:00,28.00000,70.90000,51.80000,65.70000,0.50368,403.05978
2025-06-21 10:06:48+07:00,28.00000,71.10000,47.30000,59.20000,0.49608,403.04041
2025-06-21 10:07:38+07:00,28.10000,70.90000,43.30000,55.70000,0.51447,403.16486
2025-06-21 10:08:28+07:00,28.20000,70.80000,47.40000,59.90000,0.48707,402.95752
2025-06-21 10:09:24+07:00,28.20000,71.10000,47.20000,58.70000,0.43704,403.09885
2025-06-21 10:10:17+07:00,28.10000,71.40000,49.50000,60.40000,0.50982,403.17151
2025-06-21 10:11:06+07:00,28.00000,71.70000,48.80000,64.60000,0.47967,403.05331
2025-06-21 10:12:00+07:00,28.00000,71.70000,47.30000,64.20000,0.50521,403.00833
2025-06-21 10:12:49+07:00,28.10000,71.50000,54.30000,67.30000,0.48410,403.00833
2025-06-21 10:13:39+07:00,28.10000,71.90000,54.30000,66.80000,0.44951,403.04684
2025-06-21 10:14:30+07:00,28.00000,71.70000,50.10000,64.70000,0.46368,403.06628
2025-06-21 10:15:22+07:00,27.90000,71.70000,49.80000,60.80000,0.47527,402.91989
2025-06-21 10:16:13+07:00,28.00000,72.10000,49.60000,63.40000,0.47381,403.23196
2025-06-21 10:17:03+07:00,28.00000,72.00000,48.20000,62.30000,0.50982,403.04041
2025-06-21 10:17:52+07:00,28.00000,72.40000,49.90000,65.50000,0.48262,403.00833
2025-06-21 10:18:44+07:00,28.20000,72.40000,50.00000,65.50000,0.50062,403.19156
2025-06-21 10:19:33+07:00,28.20000,72.20000,50.60000,63.90000,0.47235,403.17151
2025-06-21 10:20:23+07:00,28.20000,71.50000,48.50000,66.40000,0.47527,403.13834
2025-06-21 10:21:13+07:00,28.20000,71.80000,51.20000,65.40000,0.48856,403.15155
2025-06-21 10:22:04+07:00,28.20000,72.00000,49.20000,64.90000,0.50982,403.19156
2025-06-21 10:23:48+07:00,28.30000,72.10000,49.80000,66.40000,0.46512,403.06628
2025-06-21 10:24:41+07:00,28.30000,71.70000,49.60000,66.50000,0.47673,403.21170
2025-06-21 10:25:30+07:00,28.30000,71.00000,51.70000,66.10000,0.47820,403.23874
2025-06-21 10:26:20+07:00,28.20000,71.80000,52.00000,67.40000,0.49910,403.15155
2025-06-21 10:27:09+07:00,28.20000,72.00000,54.70000,69.40000,0.47527,403.07928
2025-06-21 10:27:58+07:00,28.20000,71.80000,51.80000,66.50000,0.44671,403.23196
2025-06-21 10:28:48+07:00,28.30000,72.00000,49.40000,63.40000,0.50215,403.16486
2025-06-21 10:29:42+07:00,28.30000,71.70000,48.80000,62.40000,0.49608,403.15155
2025-06-21 10:30:31+07:00,28.30000,71.50000,47.70000,60.30000,0.49910,403.17151
2025-06-21 10:31:24+07:00,28.40000,72.00000,47.00000,57.80000,0.49006,403.24551
2025-06-21 10:32:19+07:00,28.40000,71.40000,45.70000,57.60000,0.51447,403.07278
2025-06-21 10:33:12+07:00,28.50000,71.00000,46.90000,61.40000,0.48856,403.34866
2025-06-21 10:34:05+07:00,28.50000,71.10000,49.70000,61.90000,0.53178,402.91367
2025-06-21 10:34:55+07:00,28.60000,70.70000,44.20000,54.40000,0.47673,403.36261
2025-06-21 10:35:44+07:00,28.60000,69.80000,36.10000,43.60000,0.51136,403.30020
2025-06-21 10:36:34+07:00,28.50000,68.80000,30.00000,36.30000,0.50828,403.19156
2025-06-21 10:37:24+07:00,28.50000,68.40000,31.70000,37.80000,0.45939,403.13834
2025-06-21 10:38:13+07:00,28.50000,68.60000,36.40000,45.60000,0.47527,403.19827
2025-06-21 10:39:04+07:00,28.50000,69.30000,33.10000,39.00000,0.50521,403.07278
2025-06-21 10:39:54+07:00,28.60000,69.20000,37.20000,45.90000,0.48856,403.17151
2025-06-21 10:40:46+07:00,28.70000,69.00000,39.20000,47.80000,0.47967,403.16486
2025-06-21 10:41:36+07:00,28.70000,68.90000,40.40000,48.90000,0.51136,403.27277
2025-06-21 10:42:29+07:00,28.70000,69.00000,36.00000,42.00000,0.48707,403.18488
2025-06-21 10:43:18+07:00,28.70000,68.10000,36.50000,44.70000,0.48856,403.09885
2025-06-21 10:44:08+07:00,28.80000,68.10000,30.70000,35.60000,0.47527,403.03397
2025-06-21 10:44:57+07:00,28.90000,68.00000,28.10000,33.40000,0.47527,403.19156
2025-06-21 10:45:51+07:00,28.80000,67.70000,27.80000,31.10000,0.49306,403.02112
2025-06-21 10:46:41+07:00,28.60000,67.10000,25.10000,28.20000,0.47673,403.12512
2025-06-21 10:47:30+07:00,28.60000,67.20000,35.30000,41.30000,0.47820,402.98920
2025-06-21 10:48:24+07:00,28.60000,68.90000,36.20000,43.30000,0.48558,403.03397
2025-06-21 10:49:17+07:00,28.60000,69.10000,36.50000,45.70000,0.48856,403.03397
2025-06-21 10:50:11+07:00,28.50000,69.50000,35.60000,42.80000,0.46800,403.07278
2025-06-21 10:51:00+07:00,28.60000,69.60000,37.30000,44.70000,0.48410,402.98285
2025-06-21 10:51:52+07:00,28.70000,69.60000,38.50000,45.10000,0.48410,402.90744
2025-06-21 10:52:47+07:00,28.70000,69.50000,37.50000,45.30000,0.48114,403.04041
2025-06-21 10:53:37+07:00,28.60000,69.80000,35.70000,41.90000,0.47967,403.04041
2025-06-21 10:54:27+07:00,28.60000,69.90000,33.50000,38.70000,0.45655,403.05978
2025-06-21 10:55:16+07:00,28.70000,69.40000,31.80000,36.50000,0.48707,402.98285
2025-06-21 10:56:07+07:00,28.60000,68.90000,32.90000,37.60000,0.48410,403.07278
2025-06-21 10:56:58+07:00,28.60000,69.60000,35.20000,40.20000,0.46368,402.96384
2025-06-21 10:57:48+07:00,28.70000,69.40000,32.80000,39.30000,0.47381,403.09885
2025-06-21 10:58:39+07:00,28.70000,69.30000,33.50000,39.20000,0.47673,403.04684
2025-06-21 10:59:34+07:00,28.70000,69.60000,33.90000,39.70000,0.44393,403.17151
2025-06-21 11:00:25+07:00,28.70000,69.70000,35.10000,41.00000,0.48558,403.11197
2025-06-21 11:01:20+07:00,28.80000,70.00000,35.10000,43.30000,0.47967,402.89502
2025-06-21 11:02:10+07:00,28.80000,69.60000,37.40000,47.30000,0.48114,403.17819
2025-06-21 11:02:59+07:00,28.70000,69.40000,38.00000,46.50000,0.48856,402.97015
2025-06-21 11:03:49+07:00,28.70000,69.60000,32.70000,38.00000,0.46225,402.98285
2025-06-21 11:04:43+07:00,28.70000,69.70000,34.00000,41.40000,0.46944,403.03397
2025-06-21 11:05:32+07:00,28.70000,69.70000,35.80000,41.20000,0.47673,403.14493
2025-06-21 11:06:22+07:00,28.70000,69.80000,34.20000,40.70000,0.45939,402.97015
2025-06-21 11:07:16+07:00,28.80000,70.00000,36.80000,48.80000,0.48410,403.02112
2025-06-21 11:08:06+07:00,28.90000,69.50000,35.20000,43.90000,0.42483,403.11853
2025-06-21 11:08:56+07:00,29.00000,69.00000,31.40000,38.00000,0.49306,402.98285
2025-06-21 11:09:48+07:00,29.10000,69.10000,30.20000,35.90000,0.47967,403.11853
2025-06-21 11:10:41+07:00,29.00000,69.30000,27.40000,31.10000,0.47967,403.13171
2025-06-21 11:11:31+07:00,29.00000,68.80000,27.10000,31.10000,0.49608,403.11197
2025-06-21 11:12:21+07:00,28.90000,68.30000,30.80000,35.20000,0.52386,403.36960
2025-06-21 11:13:10+07:00,28.90000,68.60000,27.30000,32.40000,0.56609,403.29333
2025-06-21 11:14:03+07:00,28.90000,68.60000,28.20000,31.60000,0.52071,403.37659
2025-06-21 11:14:53+07:00,28.90000,68.80000,27.90000,31.90000,0.52544,403.33475
2025-06-21 11:15:45+07:00,29.00000,68.80000,27.50000,31.80000,0.53019,403.26593
2025-06-21 11:16:35+07:00,29.00000,68.50000,27.70000,34.50000,0.55283,403.37659
2025-06-21 11:17:25+07:00,29.00000,68.70000,27.60000,31.00000,0.51602,403.30020
2025-06-21 11:19:08+07:00,29.20000,68.40000,30.80000,36.60000,0.53819,403.31400
2025-06-21 11:19:58+07:00,29.20000,68.20000,28.70000,32.20000,0.49306,403.19156
2025-06-21 11:20:47+07:00,29.30000,67.90000,27.00000,31.00000,0.49457,403.30020
2025-06-21 11:21:37+07:00,29.20000,67.50000,28.40000,35.30000,0.48114,403.14493
2025-06-21 11:22:26+07:00,29.20000,67.70000,31.40000,37.00000,0.52544,403.20499
2025-06-21 11:23:20+07:00,29.30000,67.70000,27.10000,30.40000,0.50521,403.35562
2025-06-21 11:24:10+07:00,29.30000,67.80000,28.50000,34.40000,0.48410,403.28647
2025-06-21 11:25:00+07:00,29.30000,68.30000,32.50000,38.70000,0.51758,403.10541
2025-06-21 11:25:50+07:00,29.30000,68.10000,31.30000,36.90000,0.49006,403.15820
2025-06-21 11:26:40+07:00,29.40000,67.90000,28.30000,33.10000,0.51291,403.19156
2025-06-21 11:27:30+07:00,29.40000,67.60000,26.60000,33.40000,0.52071,403.34866
2025-06-21 11:28:19+07:00,29.40000,67.10000,29.40000,36.10000,0.47820,403.17151
2025-06-21 11:29:09+07:00,29.30000,66.70000,30.20000,39.20000,0.46800,403.28647
2025-06-21 11:30:01+07:00,29.30000,67.00000,28.70000,34.80000,0.47967,403.22519
2025-06-21 11:30:55+07:00,29.20000,67.40000,29.50000,35.10000,0.50982,403.30020
2025-06-21 11:31:45+07:00,29.30000,67.40000,29.60000,34.50000,0.45513,403.14493
2025-06-21 11:32:42+07:00,29.30000,68.00000,28.20000,36.80000,0.49759,402.97650
2025-06-21 11:33:32+07:00,29.30000,67.70000,27.60000,31.10000,0.44811,402.97015
2025-06-21 11:34:21+07:00,29.30000,67.70000,28.00000,36.00000,0.49156,403.06628
2025-06-21 11:35:10+07:00,29.40000,67.50000,27.80000,33.70000,0.44116,403.10541
2025-06-21 11:36:00+07:00,29.40000,67.40000,27.70000,33.30000,0.45797,402.98920
2025-06-21 11:36:52+07:00,29.20000,67.40000,26.60000,31.40000,0.47967,403.05331
2025-06-21 11:37:42+07:00,29.10000,67.00000,24.00000,27.80000,0.47673,403.04684
2025-06-21 11:38:32+07:00,29.10000,67.00000,22.80000,27.10000,0.44116,402.99554
2025-06-21 11:39:26+07:00,29.00000,66.30000,22.50000,25.70000,0.45939,403.02753
2025-06-21 11:40:18+07:00,29.10000,65.70000,22.90000,27.10000,0.50215,402.98920
2025-06-21 11:41:07+07:00,29.10000,66.00000,22.60000,25.40000,0.47527,402.97650
2025-06-21 11:41:57+07:00,29.10000,66.50000,22.20000,25.20000,0.48707,403.04041
2025-06-21 11:42:47+07:00,29.10000,66.60000,24.00000,30.20000,0.46512,403.02112
2025-06-21 11:43:37+07:00,29.10000,66.20000,23.30000,26.20000,0.45231,403.11197
2025-06-21 11:44:31+07:00,29.10000,67.20000,25.50000,28.60000,0.47673,402.98285
2025-06-21 11:45:21+07:00,29.10000,66.80000,26.30000,30.90000,0.45655,402.88882
2025-06-21 11:46:11+07:00,29.00000,67.10000,23.40000,26.20000,0.46800,403.00833
2025-06-21 11:47:01+07:00,29.00000,67.40000,25.60000,29.50000,0.43430,403.00192
2025-06-21 11:47:52+07:00,29.00000,67.50000,27.50000,30.90000,0.46082,402.98285
2025-06-21 11:48:46+07:00,29.00000,67.70000,23.40000,29.20000,0.47235,403.13834
2025-06-21 11:49:42+07:00,29.00000,66.30000,24.60000,28.00000,0.47089,402.95123
2025-06-21 11:50:32+07:00,28.90000,65.70000,22.20000,27.20000,0.45655,402.98920
2025-06-21 11:51:22+07:00,28.90000,67.00000,22.30000,27.10000,0.47089,402.90121
2025-06-21 11:52:15+07:00,28.90000,67.10000,23.00000,26.40000,0.46368,402.94495
2025-06-21 11:53:05+07:00,29.00000,66.70000,22.20000,25.70000,0.43704,403.02112
2025-06-21 11:53:55+07:00,28.90000,66.40000,19.80000,24.70000,0.45372,402.97015
2025-06-21 11:54:47+07:00,28.90000,67.30000,22.10000,25.60000,0.44811,403.00833
2025-06-21 11:55:37+07:00,28.90000,66.70000,20.50000,23.00000,0.44951,402.98920
2025-06-21 11:56:27+07:00,28.90000,66.30000,18.90000,21.60000,0.44811,403.00192
2025-06-21 11:57:16+07:00,28.90000,66.00000,23.30000,27.00000,0.45372,402.97650
2025-06-21 11:58:06+07:00,29.00000,67.00000,24.40000,30.20000,0.46512,402.90121
2025-06-21 11:58:56+07:00,28.90000,66.70000,24.70000,28.70000,0.45797,402.87030
2025-06-21 11:59:46+07:00,28.90000,67.50000,26.20000,30.20000,0.47673,403.02753
2025-06-21 12:00:36+07:00,28.90000,68.40000,28.50000,33.00000,0.46368,403.16486
2025-06-21 12:01:26+07:00,28.90000,68.60000,27.80000,33.20000,0.42350,403.06628
2025-06-21 12:02:16+07:00,29.00000,68.10000,26.00000,30.70000,0.45513,403.06628
2025-06-21 12:03:05+07:00,28.90000,68.00000,26.90000,31.60000,0.47381,403.09232
2025-06-21 12:03:56+07:00,28.90000,68.00000,30.90000,35.90000,0.44811,403.11197
2025-06-21 12:04:46+07:00,29.00000,67.50000,45.60000,56.20000,0.43294,403.05331
2025-06-21 12:05:36+07:00,29.10000,67.10000,30.30000,36.10000,0.46082,403.13834
2025-06-21 12:06:25+07:00,29.10000,67.40000,24.60000,28.20000,0.47235,403.15155
2025-06-21 12:07:15+07:00,29.20000,68.20000,26.20000,33.90000,0.46225,403.05978
2025-06-21 12:08:04+07:00,29.20000,68.50000,26.60000,32.00000,0.46368,402.95123
2025-06-21 12:08:54+07:00,29.30000,68.90000,25.10000,29.70000,0.42350,403.09232
2025-06-21 12:09:43+07:00,29.30000,68.40000,25.00000,28.10000,0.46082,403.09232
2025-06-21 12:10:33+07:00,29.30000,67.20000,26.40000,30.00000,0.46368,402.95123
2025-06-21 12:11:23+07:00,29.40000,67.80000,28.10000,32.90000,0.44254,402.97650
2025-06-21 12:12:13+07:00,29.40000,67.90000,26.90000,31.70000,0.46082,403.05331
2025-06-21 12:13:02+07:00,29.40000,67.80000,25.40000,30.50000,0.46225,402.95752
2025-06-21 12:13:52+07:00,29.30000,67.30000,26.10000,30.70000,0.46512,402.99554
2025-06-21 12:14:42+07:00,29.30000,67.60000,26.90000,30.00000,0.44671,402.98285
2025-06-21 12:15:32+07:00,29.30000,67.50000,27.00000,31.60000,0.47820,402.99554
2025-06-21 12:16:21+07:00,29.30000,67.10000,28.00000,32.30000,0.46800,403.00192
2025-06-21 12:17:11+07:00,29.20000,67.50000,27.30000,31.70000,0.43567,402.95123
2025-06-21 12:18:00+07:00,29.20000,68.00000,27.60000,35.40000,0.46225,402.92615
2025-06-21 12:18:50+07:00,29.20000,68.80000,28.20000,32.40000,0.43430,403.04041
2025-06-21 12:19:39+07:00,29.20000,68.90000,27.90000,35.50000,0.46512,402.98285
2025-06-21 12:20:28+07:00,29.30000,69.50000,29.20000,33.90000,0.45091,403.04041
2025-06-21 12:21:19+07:00,29.20000,68.90000,28.40000,36.20000,0.47673,402.93240
2025-06-21 12:22:09+07:00,29.20000,68.60000,28.40000,34.60000,0.44671,403.05978
2025-06-21 12:23:50+07:00,29.10000,69.00000,26.40000,32.90000,0.44116,402.95123
2025-06-21 12:24:40+07:00,29.10000,68.20000,25.70000,33.30000,0.46082,403.06628
2025-06-21 12:25:30+07:00,29.20000,69.00000,26.00000,29.80000,0.44951,403.02753
2025-06-21 12:26:20+07:00,29.20000,69.40000,28.10000,31.70000,0.46800,403.11197
2025-06-21 12:27:10+07:00,29.30000,69.50000,26.70000,32.90000,0.45655,403.03397
2025-06-21 12:28:02+07:00,29.30000,69.40000,24.50000,29.90000,0.41817,403.00192
2025-06-21 12:28:51+07:00,29.20000,68.90000,23.80000,27.50000,0.43430,403.00833
2025-06-21 12:29:41+07:00,29.20000,67.90000,22.50000,25.50000,0.45231,403.05978
2025-06-21 12:30:30+07:00,29.10000,67.80000,23.00000,25.70000,0.43158,403.09232
2025-06-21 12:31:21+07:00,29.10000,67.50000,22.20000,25.20000,0.45513,403.05331
2025-06-21 12:32:11+07:00,29.10000,67.70000,21.70000,24.30000,0.44116,402.96384
2025-06-21 12:33:00+07:00,29.20000,68.20000,22.50000,27.00000,0.48262,402.91367
2025-06-21 12:33:51+07:00,29.20000,67.60000,22.20000,26.20000,0.46944,402.85187
2025-06-21 12:34:42+07:00,29.30000,67.00000,22.90000,26.80000,0.45797,402.95752
2025-06-21 12:35:31+07:00,29.30000,67.50000,21.70000,26.30000,0.45513,403.00833
2025-06-21 12:36:21+07:00,29.40000,67.00000,20.70000,24.60000,0.45231,403.17151
2025-06-21 12:37:16+07:00,29.40000,66.00000,21.20000,24.30000,0.45231,402.97650
2025-06-21 12:38:06+07:00,29.30000,66.90000,20.80000,25.80000,0.40122,402.91989
2025-06-21 12:38:58+07:00,29.30000,67.00000,19.90000,23.50000,0.42083,403.02112
2025-06-21 12:39:51+07:00,29.30000,67.70000,20.20000,23.10000,0.44951,402.98920
2025-06-21 12:40:42+07:00,29.30000,67.10000,20.50000,23.10000,0.46512,403.17151
2025-06-21 12:41:31+07:00,29.30000,66.60000,20.80000,24.20000,0.41685,403.00192
2025-06-21 12:42:21+07:00,29.30000,66.50000,20.70000,25.70000,0.43704,402.98285
2025-06-21 12:43:10+07:00,29.30000,67.10000,20.70000,25.30000,0.42752,402.95123
2025-06-21 12:44:00+07:00,29.20000,66.50000,19.00000,23.20000,0.46800,402.99554
2025-06-21 12:44:50+07:00,29.30000,66.70000,19.10000,21.40000,0.47381,402.87646
2025-06-21 12:45:40+07:00,29.20000,66.60000,19.40000,22.50000,0.43022,402.89502
2025-06-21 12:46:29+07:00,29.30000,67.50000,20.10000,22.60000,0.42083,403.03397
2025-06-21 12:47:20+07:00,29.40000,67.50000,19.00000,21.30000,0.42752,402.97015
2025-06-21 12:48:09+07:00,29.30000,66.10000,18.70000,21.70000,0.41553,402.97015
2025-06-21 12:48:59+07:00,29.30000,65.80000,19.60000,22.20000,0.45091,402.82745
2025-06-21 12:49:48+07:00,29.30000,66.10000,20.40000,22.90000,0.43567,402.93240
2025-06-21 12:50:38+07:00,29.40000,66.30000,19.10000,22.10000,0.39994,402.96384
2025-06-21 12:51:28+07:00,29.40000,66.70000,18.10000,21.50000,0.39738,402.88882
2025-06-21 12:52:17+07:00,29.50000,67.30000,19.80000,22.80000,0.43978,403.12512
2025-06-21 12:53:07+07:00,29.60000,66.60000,19.20000,22.60000,0.43841,402.87030
2025-06-21 12:53:57+07:00,29.60000,66.10000,20.40000,23.00000,0.44671,402.96384
2025-06-21 12:54:47+07:00,29.60000,66.00000,20.70000,25.00000,0.42350,402.83963
2025-06-21 12:55:36+07:00,29.50000,66.40000,22.30000,27.40000,0.41950,402.80927
2025-06-21 12:56:26+07:00,29.40000,67.00000,23.10000,29.30000,0.37010,402.75519
2025-06-21 12:57:15+07:00,29.40000,66.90000,19.60000,23.60000,0.38232,402.85800
2025-06-21 12:58:04+07:00,29.30000,67.10000,19.60000,23.70000,0.42618,402.91367
2025-06-21 12:58:54+07:00,29.30000,67.10000,19.80000,22.40000,0.42350,402.79718
2025-06-21 12:59:43+07:00,29.40000,66.60000,19.20000,22.90000,0.40379,402.95752
2025-06-21 13:00:33+07:00,29.30000,66.30000,18.50000,20.70000,0.41950,402.97650
2025-06-21 13:01:22+07:00,29.20000,66.30000,19.30000,21.70000,0.44393,402.83963
2025-06-21 13:02:12+07:00,29.20000,66.70000,21.10000,23.70000,0.43294,402.96384
2025-06-21 13:03:01+07:00,29.20000,67.30000,24.20000,27.00000,0.42752,402.90121
2025-06-21 13:03:51+07:00,29.20000,67.70000,22.80000,25.70000,0.40250,402.90121
2025-06-21 13:04:40+07:00,29.30000,67.60000,20.50000,23.00000,0.42618,402.98285
2025-06-21 13:05:30+07:00,29.40000,67.40000,21.10000,23.60000,0.40638,402.93866
2025-06-21 13:06:23+07:00,29.40000,67.00000,19.70000,22.60000,0.42216,402.97650
2025-06-21 13:07:12+07:00,29.40000,66.50000,19.00000,21.90000,0.45797,402.87646
2025-06-21 13:08:03+07:00,29.40000,66.20000,21.00000,25.70000,0.44951,402.92615
2025-06-21 13:08:53+07:00,29.20000,66.10000,21.70000,28.60000,0.43704,402.96384
2025-06-21 13:09:43+07:00,29.20000,66.30000,22.70000,26.90000,0.44116,402.98285
2025-06-21 13:10:33+07:00,29.20000,66.50000,22.10000,25.90000,0.41553,402.90121
2025-06-21 13:11:22+07:00,29.20000,67.90000,20.50000,24.70000,0.40638,402.85800
2025-06-21 13:12:12+07:00,29.30000,67.70000,18.40000,23.80000,0.42216,402.92615
2025-06-21 13:13:02+07:00,29.30000,67.50000,19.30000,21.70000,0.43022,402.83356
2025-06-21 13:13:56+07:00,29.30000,66.70000,19.70000,24.20000,0.41421,402.97650
2025-06-21 13:14:45+07:00,29.30000,67.40000,19.60000,22.20000,0.43430,402.94495
2025-06-21 13:15:35+07:00,29.30000,67.20000,19.40000,21.70000,0.43022,402.95752
2025-06-21 13:16:25+07:00,29.30000,67.10000,18.70000,20.80000,0.41950,402.96384
2025-06-21 13:17:14+07:00,29.40000,67.50000,20.70000,23.20000,0.43158,402.82745
2025-06-21 13:18:04+07:00,29.50000,67.80000,20.30000,22.70000,0.44671,403.02753
2025-06-21 13:18:54+07:00,29.50000,67.70000,20.10000,24.60000,0.42350,402.82138
2025-06-21 13:19:43+07:00,29.40000,67.60000,20.20000,22.90000,0.44532,402.99554
2025-06-21 13:20:33+07:00,29.40000,67.70000,19.50000,21.90000,0.43294,403.11197
2025-06-21 13:21:23+07:00,29.40000,67.70000,20.80000,24.20000,0.44671,403.19156
2025-06-21 13:22:13+07:00,29.50000,67.40000,51.40000,67.70000,0.42083,403.17151
2025-06-21 13:23:03+07:00,29.50000,69.40000,60.60000,75.10000,0.44671,403.29333
2025-06-21 13:23:52+07:00,29.40000,70.30000,66.00000,84.40000,0.43294,403.42593
2025-06-21 13:24:42+07:00,29.30000,71.30000,69.90000,93.30000,0.40379,403.26593
2025-06-21 13:25:31+07:00,29.30000,71.70000,71.10000,94.30000,0.44393,403.39767
2025-06-21 13:26:21+07:00,29.20000,72.40000,74.10000,98.70000,0.47967,403.48303
2025-06-21 13:27:12+07:00,29.10000,72.60000,72.20000,94.60000,0.49457,403.44727
2025-06-21 13:28:02+07:00,29.10000,73.10000,74.40000,93.10000,0.48262,403.51910
2025-06-21 13:28:51+07:00,29.10000,72.90000,70.10000,93.20000,0.48856,403.56277
2025-06-21 13:29:41+07:00,29.10000,73.00000,72.00000,96.80000,0.49457,403.46869
2025-06-21 13:30:30+07:00,29.00000,73.30000,74.60000,96.60000,0.48856,403.44012
2025-06-21 13:31:20+07:00,29.00000,73.80000,73.60000,97.00000,0.48707,403.81860
2025-06-21 13:32:09+07:00,29.00000,73.50000,73.80000,96.80000,0.47673,403.50464
2025-06-21 13:33:53+07:00,29.00000,73.80000,74.20000,94.90000,0.49759,403.62170
2025-06-21 13:34:42+07:00,29.00000,74.00000,66.80000,88.90000,0.51447,403.42593
2025-06-21 13:35:32+07:00,28.90000,73.70000,67.20000,88.70000,0.53338,403.44727
2025-06-21 13:36:21+07:00,28.90000,73.70000,65.10000,83.80000,0.46368,403.44727
2025-06-21 13:37:11+07:00,28.90000,73.70000,65.20000,83.00000,0.52386,403.62170
2025-06-21 13:38:00+07:00,28.90000,73.50000,63.00000,83.90000,0.52544,403.57745
2025-06-21 13:38:50+07:00,29.00000,73.50000,63.00000,83.90000,0.50982,403.63657
2025-06-21 13:39:40+07:00,29.00000,73.50000,62.10000,79.60000,0.52228,403.46869
2025-06-21 13:40:30+07:00,29.00000,73.60000,61.20000,79.90000,0.53658,403.46152
2025-06-21 13:42:22+07:00,29.00000,73.40000,62.70000,83.40000,0.54792,403.57745
2025-06-21 13:43:12+07:00,29.00000,73.50000,64.20000,84.80000,0.52860,403.54089
2025-06-21 13:44:02+07:00,29.00000,73.40000,59.90000,76.10000,0.54466,403.69644
2025-06-21 13:44:51+07:00,28.90000,73.30000,58.70000,76.90000,0.53338,403.56277
2025-06-21 13:45:42+07:00,28.90000,72.80000,56.50000,75.00000,0.53819,403.52637
2025-06-21 13:46:32+07:00,28.90000,73.20000,59.10000,77.20000,0.54142,403.41177
2025-06-21 13:47:23+07:00,28.90000,73.30000,56.20000,75.00000,0.53498,403.59213
2025-06-21 13:48:15+07:00,29.00000,73.30000,56.90000,72.10000,0.55612,403.49023
2025-06-21 13:49:05+07:00,29.00000,73.50000,54.40000,74.10000,0.55612,403.51187
2025-06-21 13:49:54+07:00,28.90000,73.40000,54.00000,70.20000,0.55612,403.54819
2025-06-21 13:50:44+07:00,28.80000,74.00000,55.30000,69.80000,0.53498,403.62170
2025-06-21 13:51:34+07:00,28.80000,73.80000,55.60000,68.10000,0.50368,403.57010
2025-06-21 13:52:23+07:00,28.80000,72.70000,57.40000,73.30000,0.55119,403.41177
2025-06-21 13:53:14+07:00,28.60000,73.00000,56.90000,72.90000,0.53819,403.51187
2025-06-21 13:54:04+07:00,28.60000,73.30000,55.30000,69.10000,0.60035,403.36261
2025-06-21 13:54:53+07:00,28.60000,73.80000,55.80000,70.60000,0.48856,403.49744
2025-06-21 13:55:43+07:00,28.70000,73.40000,53.10000,68.20000,0.54955,403.43304
2025-06-21 13:56:34+07:00,28.70000,73.30000,52.70000,67.10000,0.53819,403.41885
2025-06-21 13:57:24+07:00,28.60000,73.30000,51.50000,65.10000,0.55447,403.41885
2025-06-21 13:58:14+07:00,28.60000,73.60000,53.70000,65.40000,0.53980,403.35562
2025-06-21 13:59:03+07:00,28.60000,73.50000,50.60000,61.30000,0.48707,403.53363
2025-06-21 13:59:53+07:00,28.50000,74.10000,50.80000,64.90000,0.50828,403.57745
2025-06-21 14:00:42+07:00,28.50000,74.00000,50.90000,61.00000,0.55447,403.50464
2025-06-21 14:01:32+07:00,28.40000,74.00000,51.10000,62.30000,0.51915,403.51187
2025-06-21 14:02:21+07:00,28.50000,74.20000,51.00000,65.30000,0.48410,403.46152
2025-06-21 14:03:11+07:00,28.40000,74.30000,50.40000,61.00000,0.50828,403.34171
2025-06-21 14:04:53+07:00,28.40000,74.70000,52.10000,61.70000,0.54792,403.51187
2025-06-21 14:05:42+07:00,28.50000,74.60000,55.00000,68.50000,0.54955,403.49023
2025-06-21 14:06:32+07:00,28.40000,74.90000,54.60000,70.80000,0.56609,403.36960
2025-06-21 14:07:21+07:00,28.40000,75.00000,51.80000,67.70000,0.53980,403.52637
2025-06-21 14:08:11+07:00,28.40000,74.50000,49.70000,61.80000,0.53498,403.46152
2025-06-21 14:09:02+07:00,28.40000,74.50000,52.40000,66.00000,0.54629,403.39767
2025-06-21 14:09:56+07:00,28.50000,74.70000,51.80000,65.20000,0.52702,403.50464
2025-06-21 14:10:48+07:00,28.40000,74.90000,54.70000,69.00000,0.52386,403.66641
2025-06-21 14:11:37+07:00,28.40000,75.70000,54.40000,66.90000,0.55943,403.71155
2025-06-21 14:12:27+07:00,28.40000,75.50000,55.00000,68.30000,0.55777,403.67389
2025-06-21 14:13:18+07:00,28.40000,75.90000,51.40000,64.30000,0.53819,403.61429
2025-06-21 14:14:11+07:00,28.30000,75.70000,52.60000,65.50000,0.54466,403.56277
2025-06-21 14:15:05+07:00,28.30000,75.80000,52.50000,66.60000,0.54629,403.54089
2025-06-21 14:15:55+07:00,28.20000,75.80000,52.70000,67.70000,0.56945,403.54089
2025-06-21 14:16:44+07:00,28.20000,75.40000,53.00000,68.30000,0.56442,403.50464
2025-06-21 14:17:34+07:00,28.10000,75.90000,52.90000,66.90000,0.55447,403.44012
2025-06-21 14:18:24+07:00,28.00000,76.20000,54.90000,66.20000,0.51136,403.35562
2025-06-21 14:19:14+07:00,27.90000,76.30000,54.30000,66.30000,0.54955,403.52637
2025-06-21 14:20:03+07:00,27.90000,76.70000,51.30000,64.50000,0.50062,403.41177
2025-06-21 14:20:53+07:00,27.90000,76.40000,53.40000,63.50000,0.52544,403.46869
2025-06-21 14:21:42+07:00,27.90000,76.50000,53.10000,66.40000,0.49156,403.46152
2025-06-21 14:22:34+07:00,27.90000,76.70000,53.50000,66.30000,0.55777,403.40472
2025-06-21 14:23:23+07:00,27.90000,76.90000,52.80000,65.10000,0.50368,403.63657
2025-06-21 14:24:12+07:00,27.90000,77.00000,52.60000,66.70000,0.50215,403.49744
2025-06-21 14:25:02+07:00,27.90000,76.70000,52.00000,66.30000,0.57113,403.57010
2025-06-21 14:25:51+07:00,27.90000,76.70000,53.10000,65.20000,0.53019,403.53363
2025-06-21 14:26:41+07:00,27.90000,76.70000,53.30000,65.50000,0.55119,403.57010
2025-06-21 14:27:30+07:00,27.90000,76.80000,54.90000,71.50000,0.54792,403.57745
2025-06-21 14:28:20+07:00,28.00000,77.20000,57.80000,74.30000,0.54142,403.49023
2025-06-21 14:29:10+07:00,28.10000,77.00000,59.50000,71.00000,0.52544,403.41177
2025-06-21 14:29:59+07:00,28.10000,76.70000,58.00000,74.20000,0.52228,403.62170
2025-06-21 14:30:49+07:00,28.20000,76.60000,56.80000,70.80000,0.55283,403.46152
2025-06-21 14:31:38+07:00,28.20000,76.30000,55.50000,68.20000,0.56609,403.65894
2025-06-21 14:32:28+07:00,28.20000,76.40000,54.70000,66.70000,0.56777,403.67389
2025-06-21 14:33:17+07:00,28.10000,76.70000,54.60000,67.90000,0.55119,403.52637
2025-06-21 14:34:06+07:00,28.10000,76.70000,53.90000,67.30000,0.52860,403.41885
2025-06-21 14:34:56+07:00,28.10000,76.70000,53.80000,64.60000,0.50521,403.55548
2025-06-21 14:35:45+07:00,28.10000,76.80000,54.30000,67.10000,0.48856,403.51187
2025-06-21 14:36:35+07:00,28.10000,76.90000,52.60000,63.20000,0.55943,403.49744
2025-06-21 14:37:24+07:00,28.10000,76.80000,54.20000,67.00000,0.56276,403.46869
2025-06-21 14:38:14+07:00,28.10000,77.10000,53.40000,64.90000,0.53498,403.47586
2025-06-21 14:39:03+07:00,28.10000,77.10000,52.80000,67.90000,0.53658,403.33475
2025-06-21 14:39:52+07:00,28.10000,77.20000,56.60000,70.10000,0.57113,403.41885
2025-06-21 14:40:42+07:00,28.20000,77.20000,57.00000,79.00000,0.56276,403.54819
2025-06-21 14:41:31+07:00,28.20000,77.20000,56.50000,72.00000,0.56777,403.52637
2025-06-21 14:42:21+07:00,28.20000,77.10000,58.70000,74.10000,0.53819,403.63657
2025-06-21 14:43:10+07:00,28.20000,76.70000,61.40000,78.50000,0.54955,403.90448
2025-06-21 14:44:00+07:00,28.20000,76.60000,57.30000,75.20000,0.54142,403.85745
2025-06-21 14:44:49+07:00,28.20000,76.60000,55.20000,77.00000,0.58474,403.70398
2025-06-21 14:45:39+07:00,28.10000,76.60000,56.10000,72.50000,0.56609,403.75714
2025-06-21 14:46:28+07:00,28.10000,76.90000,56.50000,71.00000,0.52386,403.68890
2025-06-21 14:47:18+07:00,28.10000,77.00000,59.60000,76.10000,0.55777,403.72668
2025-06-21 14:48:07+07:00,28.20000,77.30000,59.90000,78.50000,0.57791,403.62170
2025-06-21 14:48:57+07:00,28.20000,77.40000,55.90000,75.10000,0.57451,403.65146
2025-06-21 14:49:46+07:00,28.10000,77.30000,56.90000,74.50000,0.57113,403.51910
2025-06-21 14:50:35+07:00,28.20000,77.30000,58.60000,76.10000,0.56609,403.68890
2025-06-21 14:51:25+07:00,28.20000,77.20000,61.10000,82.70000,0.54792,403.65146
2025-06-21 14:52:14+07:00,28.20000,77.30000,57.30000,72.80000,0.57113,403.41885
2025-06-21 14:53:04+07:00,28.10000,77.20000,58.90000,75.60000,0.57961,403.60690
2025-06-21 14:53:53+07:00,28.20000,77.20000,57.00000,77.20000,0.57961,403.54819
2025-06-21 14:54:43+07:00,28.20000,77.10000,58.90000,74.30000,0.55283,403.53363
2025-06-21 14:55:32+07:00,28.20000,77.30000,58.00000,73.80000,0.57791,403.53363
2025-06-21 14:56:21+07:00,28.10000,77.40000,57.00000,72.80000,0.55119,403.59952
2025-06-21 14:57:11+07:00,28.20000,77.30000,58.40000,77.40000,0.55777,403.47586
2025-06-21 14:58:00+07:00,28.20000,77.30000,59.90000,75.50000,0.56276,403.43304
2025-06-21 14:58:51+07:00,28.20000,77.30000,58.00000,76.60000,0.56276,403.51910
2025-06-21 14:59:40+07:00,28.20000,77.30000,59.70000,73.20000,0.55447,403.39062
2025-06-21 15:00:30+07:00,28.20000,77.30000,58.10000,78.50000,0.55612,403.62170
2025-06-21 15:01:19+07:00,28.30000,77.30000,58.60000,79.70000,0.54792,403.42593
2025-06-21 15:02:13+07:00,28.40000,77.10000,61.00000,78.70000,0.57621,403.63657
2025-06-21 15:03:03+07:00,28.30000,77.20000,57.60000,73.30000,0.53019,403.41177
2025-06-21 15:03:52+07:00,28.20000,77.00000,56.50000,70.80000,0.53019,403.53363
2025-06-21 15:04:42+07:00,28.20000,77.10000,55.90000,70.90000,0.53658,403.48303
2025-06-21 15:05:31+07:00,28.20000,77.10000,57.00000,72.60000,0.52228,403.62170
2025-06-21 15:06:21+07:00,28.20000,77.00000,54.50000,70.50000,0.55612,403.42593
2025-06-21 15:07:11+07:00,28.20000,76.80000,53.90000,72.20000,0.56276,403.44012
2025-06-21 15:08:01+07:00,28.20000,76.70000,53.70000,72.60000,0.56109,403.39767
2025-06-21 15:08:50+07:00,28.20000,76.90000,52.60000,68.50000,0.54466,403.37659
2025-06-21 15:09:40+07:00,28.10000,76.60000,52.40000,66.00000,0.56109,403.37659
2025-06-21 15:10:30+07:00,28.10000,76.50000,51.50000,64.60000,0.49156,403.50464
2025-06-21 15:11:20+07:00,28.20000,76.60000,54.20000,69.00000,0.54792,403.36261
2025-06-21 15:12:09+07:00,28.20000,76.60000,53.70000,81.10000,0.54304,403.44727
2025-06-21 15:12:59+07:00,28.30000,76.30000,52.40000,68.50000,0.54304,403.64401
2025-06-21 15:13:48+07:00,28.20000,76.50000,51.80000,67.00000,0.54955,403.43304
2025-06-21 15:14:37+07:00,28.20000,76.70000,51.60000,63.60000,0.56442,403.51910
2025-06-21 15:15:27+07:00,28.00000,77.00000,50.90000,63.70000,0.55283,403.44727
2025-06-21 15:16:16+07:00,28.00000,77.10000,52.00000,65.70000,0.57282,403.49023
2025-06-21 15:17:06+07:00,28.00000,77.30000,52.00000,68.40000,0.55612,403.41177
2025-06-21 15:17:56+07:00,28.10000,77.20000,55.50000,75.90000,0.55283,403.40472
2025-06-21 15:18:45+07:00,28.20000,77.30000,54.20000,70.80000,0.56609,403.35562
2025-06-21 15:19:34+07:00,28.10000,77.30000,54.10000,69.00000,0.55447,403.33475
2025-06-21 15:20:24+07:00,28.10000,77.40000,56.30000,73.20000,0.52702,403.44012
2025-06-21 15:21:14+07:00,28.00000,77.50000,51.30000,68.60000,0.53658,403.51187
2025-06-21 15:22:03+07:00,28.00000,77.70000,53.50000,70.50000,0.48707,403.36261
2025-06-21 15:22:55+07:00,28.10000,77.50000,50.90000,63.40000,0.57113,403.42593
2025-06-21 15:23:45+07:00,28.10000,77.30000,52.30000,68.20000,0.55283,403.28647
2025-06-21 15:24:38+07:00,28.10000,77.20000,52.50000,68.30000,0.53658,403.48303
2025-06-21 15:25:27+07:00,28.10000,77.30000,52.10000,67.70000,0.54142,403.66641
2025-06-21 15:26:19+07:00,28.20000,77.20000,52.80000,69.30000,0.56945,403.38361
2025-06-21 15:27:08+07:00,28.10000,77.30000,49.70000,62.10000,0.52228,403.55548
2025-06-21 15:28:01+07:00,28.10000,77.10000,47.20000,63.80000,0.53819,403.34866
2025-06-21 15:28:51+07:00,28.10000,76.80000,49.50000,62.90000,0.54466,403.41177
2025-06-21 15:29:40+07:00,28.10000,76.60000,49.60000,67.40000,0.55119,403.41177
2025-06-21 15:30:29+07:00,28.00000,76.80000,48.70000,62.70000,0.54142,403.41177
2025-06-21 15:31:19+07:00,28.00000,76.80000,49.20000,65.30000,0.56609,403.36960
2025-06-21 15:33:00+07:00,28.00000,76.80000,45.70000,60.20000,0.53338,403.43304
2025-06-21 15:33:50+07:00,28.00000,76.30000,47.80000,64.40000,0.53178,403.40472
2025-06-21 15:34:39+07:00,27.90000,76.40000,45.90000,63.00000,0.54142,403.44727
2025-06-21 15:35:29+07:00,28.00000,76.60000,46.30000,60.40000,0.52386,403.26593
2025-06-21 15:36:18+07:00,28.00000,76.80000,47.10000,57.90000,0.51915,403.34866
2025-06-21 15:37:08+07:00,28.00000,76.80000,46.60000,59.30000,0.51136,403.62912
2025-06-21 15:38:01+07:00,28.10000,76.70000,46.70000,62.70000,0.51291,403.41885
2025-06-21 15:38:54+07:00,28.10000,76.40000,44.50000,58.20000,0.53980,403.43304
2025-06-21 15:39:43+07:00,28.20000,76.20000,43.90000,57.80000,0.54792,403.32782
2025-06-21 15:40:33+07:00,28.20000,76.00000,44.60000,57.30000,0.54629,403.43304
2025-06-21 15:41:22+07:00,28.10000,76.00000,46.40000,62.70000,0.50215,403.43304
2025-06-21 15:42:12+07:00,28.10000,76.10000,49.00000,66.70000,0.53980,403.33475
2025-06-21 15:43:01+07:00,28.10000,76.30000,50.40000,64.70000,0.54466,403.30710
2025-06-21 15:43:50+07:00,28.10000,76.30000,50.70000,67.10000,0.50521,403.44012
2025-06-21 15:44:43+07:00,28.20000,76.30000,48.50000,63.00000,0.54304,403.51187
2025-06-21 15:45:33+07:00,28.10000,76.20000,47.90000,57.20000,0.48707,403.29333
2025-06-21 15:46:23+07:00,28.00000,76.40000,47.80000,57.20000,0.50215,403.27277
2025-06-21 15:47:12+07:00,27.90000,76.60000,47.60000,59.60000,0.50368,403.43304
2025-06-21 15:48:02+07:00,27.80000,76.80000,47.30000,57.40000,0.53658,403.37659
2025-06-21 15:48:51+07:00,27.80000,77.00000,49.30000,58.20000,0.50982,403.36261
2025-06-21 15:49:42+07:00,27.80000,77.10000,50.10000,62.00000,0.51136,403.48303
2025-06-21 15:50:31+07:00,27.70000,77.30000,53.20000,66.70000,0.56609,403.51910
2025-06-21 15:51:20+07:00,27.70000,77.60000,53.60000,68.80000,0.55119,403.57745
2025-06-21 15:52:10+07:00,27.80000,77.80000,54.90000,68.70000,0.52702,403.36960
2025-06-21 15:53:00+07:00,27.70000,78.00000,54.10000,67.00000,0.54466,403.43304
2025-06-21 15:53:52+07:00,27.70000,78.20000,54.20000,66.40000,0.55612,403.35562
2025-06-21 15:54:42+07:00,27.80000,78.20000,55.20000,69.00000,0.54466,403.32089
2025-06-21 15:55:36+07:00,27.80000,77.90000,57.30000,70.70000,0.54142,403.41885
2025-06-21 15:56:25+07:00,27.80000,78.00000,60.30000,78.90000,0.51291,403.30020
2025-06-21 15:57:15+07:00,27.80000,78.10000,60.30000,76.00000,0.52860,403.31400
2025-06-21 15:58:04+07:00,27.80000,78.20000,57.40000,73.40000,0.53658,403.36261
2025-06-21 15:58:58+07:00,27.80000,78.10000,57.30000,69.50000,0.53338,403.44727
2025-06-21 15:59:49+07:00,27.90000,77.90000,55.20000,66.90000,0.54304,403.35562
2025-06-21 16:00:39+07:00,27.90000,77.70000,54.90000,68.00000,0.52544,403.38361
2025-06-21 16:01:29+07:00,28.00000,77.60000,56.50000,68.30000,0.53819,403.50464
2025-06-21 16:02:20+07:00,28.00000,77.60000,57.60000,67.80000,0.52702,403.47586
2025-06-21 16:03:13+07:00,28.00000,77.40000,58.30000,72.30000,0.54142,403.41885
2025-06-21 16:04:04+07:00,28.00000,77.30000,59.50000,71.70000,0.51758,403.36261
2025-06-21 16:04:54+07:00,28.00000,77.40000,63.60000,76.00000,0.53980,403.59952
2025-06-21 16:05:43+07:00,28.00000,77.40000,63.20000,74.90000,0.46512,403.48303
2025-06-21 16:06:33+07:00,27.90000,77.70000,61.20000,72.20000,0.52860,403.47586
2025-06-21 16:07:22+07:00,27.80000,77.80000,65.30000,75.50000,0.46512,403.46869
2025-06-21 16:08:15+07:00,27.70000,78.00000,68.20000,79.40000,0.54142,403.45438
2025-06-21 16:09:05+07:00,27.70000,78.30000,64.20000,74.10000,0.50828,403.48303
2025-06-21 16:09:54+07:00,27.70000,78.20000,70.80000,79.80000,0.49156,403.40472
2025-06-21 16:10:48+07:00,27.80000,78.10000,77.70000,90.40000,0.50521,403.46152
2025-06-21 16:11:37+07:00,27.80000,78.10000,73.40000,83.00000,0.53658,403.39062
2025-06-21 16:12:28+07:00,27.80000,78.20000,79.80000,89.60000,0.51915,403.44727
2025-06-21 16:13:18+07:00,27.70000,78.20000,82.80000,93.10000,0.47381,403.49023
2025-06-21 16:14:07+07:00,27.70000,78.30000,68.50000,78.00000,0.46944,403.44727
2025-06-21 16:14:57+07:00,27.70000,78.20000,65.40000,77.80000,0.51602,403.49023
2025-06-21 16:15:47+07:00,27.80000,78.00000,59.80000,71.80000,0.52228,403.46152
2025-06-21 16:16:36+07:00,27.90000,77.80000,58.60000,72.50000,0.52544,403.40472
2025-06-21 16:17:26+07:00,28.00000,77.60000,59.00000,72.60000,0.50982,403.51910
2025-06-21 16:18:15+07:00,27.90000,77.30000,58.50000,68.00000,0.51602,403.62912
2025-06-21 16:19:04+07:00,27.80000,77.80000,60.10000,76.40000,0.47381,403.51910
2025-06-21 16:19:54+07:00,27.70000,77.90000,62.50000,74.40000,0.52228,403.45438
2025-06-21 16:20:45+07:00,27.70000,78.00000,60.80000,74.10000,0.53338,403.49023
2025-06-21 16:21:34+07:00,27.70000,78.00000,58.70000,74.00000,0.55447,403.53363
2025-06-21 16:22:26+07:00,27.70000,78.00000,57.90000,74.50000,0.50828,403.55548
2025-06-21 16:23:25+07:00,27.70000,78.90000,54.80000,78.90000,0.52228,403.33475
2025-06-21 16:24:17+07:00,27.50000,81.00000,47.10000,63.00000,0.53338,403.48303
2025-06-21 16:25:06+07:00,27.30000,80.90000,42.50000,57.50000,0.51291,403.36261
2025-06-21 16:25:56+07:00,27.10000,82.40000,41.20000,57.90000,0.49457,403.22519
2025-06-21 16:26:46+07:00,27.10000,82.70000,42.70000,58.00000,0.51291,403.34171
2025-06-21 16:27:36+07:00,27.20000,82.90000,43.50000,58.20000,0.50674,403.32089
2025-06-21 16:28:26+07:00,27.10000,83.00000,51.70000,71.10000,0.49759,403.20499
2025-06-21 16:29:15+07:00,27.10000,83.40000,52.60000,67.90000,0.49910,403.74188
2025-06-21 16:30:05+07:00,27.20000,82.90000,53.10000,68.10000,0.56777,403.88092
2025-06-21 16:30:54+07:00,27.30000,83.50000,59.40000,76.20000,0.53658,403.74188
2025-06-21 16:31:44+07:00,27.30000,83.80000,61.00000,75.20000,0.52860,403.86526
2025-06-21 16:32:34+07:00,27.40000,83.30000,56.40000,69.90000,0.63802,403.64401
2025-06-21 16:33:23+07:00,27.50000,82.40000,59.10000,75.00000,0.56777,403.78778
2025-06-21 16:34:13+07:00,27.60000,82.10000,64.50000,84.10000,0.56276,403.81860
2025-06-21 16:35:02+07:00,27.50000,81.70000,67.60000,85.70000,0.57961,403.54819
2025-06-21 16:35:52+07:00,27.50000,83.80000,69.20000,93.10000,0.57451,403.67389
2025-06-21 16:36:41+07:00,27.50000,84.10000,68.90000,89.80000,0.56276,403.43304
2025-06-21 16:37:31+07:00,27.40000,85.30000,71.70000,92.10000,0.54142,403.46869
2025-06-21 16:38:20+07:00,27.30000,85.50000,65.40000,86.60000,0.53178,403.48303
2025-06-21 16:39:12+07:00,27.30000,85.20000,68.30000,84.30000,0.55612,403.48303
2025-06-21 16:40:03+07:00,27.30000,85.20000,67.20000,85.00000,0.56945,403.51910
2025-06-21 16:40:52+07:00,27.30000,84.60000,68.70000,88.90000,0.52228,403.48303
2025-06-21 16:41:42+07:00,27.20000,85.70000,65.30000,83.80000,0.55612,403.34866
2025-06-21 16:42:32+07:00,27.20000,84.90000,69.60000,92.60000,0.57113,403.48303
2025-06-21 16:43:22+07:00,27.20000,85.50000,68.90000,91.40000,0.56276,403.49023
2025-06-21 16:44:12+07:00,27.20000,84.80000,67.10000,87.20000,0.55119,403.31400
2025-06-21 16:45:01+07:00,27.20000,85.10000,69.40000,88.20000,0.53819,403.48303
2025-06-21 16:45:50+07:00,27.20000,85.00000,67.70000,85.40000,0.50982,403.41177
2025-06-21 16:46:40+07:00,27.20000,84.40000,68.40000,86.50000,0.52860,403.49023
2025-06-21 16:47:29+07:00,27.20000,84.30000,67.60000,85.30000,0.55283,403.39767
2025-06-21 16:48:19+07:00,27.10000,84.60000,68.20000,86.30000,0.52386,403.41885
2025-06-21 16:49:12+07:00,27.20000,84.40000,69.20000,84.00000,0.55447,403.32089
2025-06-21 16:50:03+07:00,27.20000,84.60000,74.80000,94.50000,0.54466,403.37659
2025-06-21 16:51:49+07:00,27.20000,85.70000,74.50000,93.30000,0.55612,403.42593
2025-06-21 16:52:38+07:00,27.20000,85.20000,70.40000,89.80000,0.54629,403.42593
2025-06-21 16:53:29+07:00,27.20000,85.20000,65.80000,85.80000,0.55283,403.41885
2025-06-21 16:54:19+07:00,27.20000,85.50000,71.30000,93.10000,0.55447,403.41177
2025-06-21 16:55:09+07:00,27.20000,85.90000,72.40000,90.70000,0.59164,403.54819
2025-06-21 16:55:58+07:00,27.10000,85.60000,70.10000,90.00000,0.55447,403.53363
2025-06-21 16:56:48+07:00,27.10000,85.10000,69.30000,89.30000,0.50982,403.50464
2025-06-21 16:57:38+07:00,27.10000,85.80000,69.10000,86.90000,0.51602,403.48303
2025-06-21 16:58:28+07:00,27.00000,86.40000,65.90000,84.10000,0.55283,403.57745
2025-06-21 16:59:19+07:00,27.00000,85.90000,67.90000,87.60000,0.56945,403.59952
2025-06-21 17:00:08+07:00,27.00000,87.10000,68.60000,88.80000,0.55943,403.45438
2025-06-21 17:00:58+07:00,27.00000,86.90000,70.00000,89.90000,0.56109,403.57010
2025-06-21 17:01:48+07:00,26.90000,87.90000,68.10000,84.00000,0.51915,403.52637
2025-06-21 17:02:37+07:00,27.00000,87.20000,67.00000,82.70000,0.56777,403.51187
2025-06-21 17:03:27+07:00,27.10000,86.90000,60.30000,74.50000,0.53658,403.45438
2025-06-21 17:04:17+07:00,27.10000,86.60000,84.80000,107.40000,0.54466,403.56277
2025-06-21 17:05:07+07:00,26.90000,86.50000,94.60000,110.50000,0.53819,403.44012
2025-06-21 17:05:56+07:00,26.90000,86.90000,111.80000,133.70000,0.52228,403.41177
2025-06-21 17:06:46+07:00,26.80000,87.00000,113.30000,140.00000,0.53980,403.49023
2025-06-21 17:07:36+07:00,26.80000,87.20000,103.60000,124.00000,0.55612,403.52637
2025-06-21 17:08:25+07:00,26.70000,87.00000,87.00000,108.50000,0.57961,403.43304
2025-06-21 17:09:15+07:00,26.70000,87.40000,77.30000,93.30000,0.54466,403.42593
2025-06-21 17:10:04+07:00,26.80000,87.30000,71.50000,87.20000,0.54955,403.59213
2025-06-21 17:10:59+07:00,26.80000,87.10000,70.90000,87.90000,0.53980,403.38361
2025-06-21 17:11:48+07:00,26.80000,87.50000,75.30000,91.00000,0.55943,403.46152
2025-06-21 17:12:38+07:00,26.80000,87.70000,75.50000,90.80000,0.54955,403.38361
2025-06-21 17:13:27+07:00,26.80000,87.30000,77.50000,95.70000,0.56109,403.51187
2025-06-21 17:14:17+07:00,26.70000,87.30000,77.50000,93.60000,0.55119,403.34866
2025-06-21 17:15:07+07:00,26.70000,88.10000,74.50000,91.90000,0.57791,403.47586
2025-06-21 17:15:57+07:00,26.90000,86.80000,72.50000,90.50000,0.57451,403.55548
2025-06-21 17:16:46+07:00,27.00000,86.90000,75.50000,91.50000,0.54466,403.53363
2025-06-21 17:17:35+07:00,26.90000,86.90000,72.50000,87.60000,0.56109,403.43304
2025-06-21 17:18:25+07:00,26.80000,86.60000,69.00000,83.30000,0.52386,403.51187
2025-06-21 17:19:14+07:00,26.80000,86.50000,67.80000,84.40000,0.56276,403.41885
2025-06-21 17:20:03+07:00,26.80000,86.80000,68.60000,82.10000,0.54792,403.43304
2025-06-21 17:20:53+07:00,26.80000,86.70000,68.10000,83.20000,0.53980,403.46152
2025-06-21 17:21:42+07:00,26.80000,86.70000,69.40000,80.50000,0.52702,403.46869
2025-06-21 17:22:32+07:00,26.90000,86.30000,68.50000,82.00000,0.53658,403.33475
2025-06-21 17:23:21+07:00,27.00000,85.70000,70.70000,84.40000,0.55119,403.44012
2025-06-21 17:24:11+07:00,27.10000,85.70000,71.20000,82.40000,0.53178,403.46152
2025-06-21 17:25:00+07:00,27.10000,85.10000,69.10000,83.00000,0.54142,403.60690
2025-06-21 17:25:50+07:00,27.10000,84.70000,71.00000,87.40000,0.51136,403.48303
2025-06-21 17:26:40+07:00,27.10000,85.30000,72.20000,86.00000,0.53658,403.63657
2025-06-21 17:27:29+07:00,27.00000,86.20000,71.00000,87.40000,0.57791,403.68890
2025-06-21 17:28:20+07:00,27.00000,87.00000,73.80000,87.60000,0.56609,403.61429
2025-06-21 17:29:10+07:00,27.00000,86.10000,69.30000,82.30000,0.56276,403.81860
2025-06-21 17:29:59+07:00,27.10000,86.40000,71.60000,86.50000,0.60386,403.87308
2025-06-21 17:30:48+07:00,27.10000,86.00000,70.70000,82.90000,0.58991,403.81860
2025-06-21 17:31:38+07:00,27.10000,86.30000,72.10000,86.10000,0.57621,403.80316
2025-06-21 17:32:28+07:00,27.10000,86.40000,71.20000,88.40000,0.58991,403.76477
2025-06-21 17:33:18+07:00,27.00000,86.40000,72.40000,87.50000,0.58991,403.59213
2025-06-21 17:34:07+07:00,27.00000,86.10000,74.40000,88.30000,0.57621,403.74188
2025-06-21 17:34:57+07:00,27.00000,86.10000,71.10000,83.30000,0.58131,403.71912
2025-06-21 17:35:46+07:00,27.00000,86.30000,69.90000,86.30000,0.55943,403.71912
2025-06-21 17:36:36+07:00,26.90000,86.00000,69.60000,84.30000,0.57451,403.62170
2025-06-21 17:37:25+07:00,26.80000,86.70000,71.20000,84.10000,0.56442,403.63657
2025-06-21 17:38:15+07:00,26.80000,86.60000,76.60000,89.80000,0.58474,403.61429
2025-06-21 17:39:05+07:00,26.80000,86.40000,78.10000,91.30000,0.57621,403.49023
2025-06-21 17:39:54+07:00,26.80000,86.50000,83.40000,95.90000,0.53338,403.57745
2025-06-21 17:40:44+07:00,26.80000,87.00000,82.80000,98.30000,0.59337,403.64401
2025-06-21 17:41:33+07:00,26.80000,86.60000,93.30000,114.00000,0.56442,403.81860
2025-06-21 17:42:23+07:00,26.80000,86.30000,102.20000,123.90000,0.56777,403.76477
2025-06-21 17:43:12+07:00,26.70000,86.30000,102.30000,121.10000,0.56609,403.97589
2025-06-21 17:44:01+07:00,26.70000,86.60000,87.70000,102.30000,0.53498,403.79547
2025-06-21 17:44:51+07:00,26.80000,86.20000,88.90000,105.40000,0.58302,403.78778
2025-06-21 17:45:42+07:00,26.80000,86.30000,89.40000,105.80000,0.53819,403.81088
2025-06-21 17:46:33+07:00,26.80000,87.00000,77.80000,95.80000,0.58302,403.79547
2025-06-21 17:47:22+07:00,26.70000,85.40000,73.20000,94.60000,0.59164,403.73428
2025-06-21 17:48:11+07:00,26.80000,84.40000,76.80000,94.30000,0.63986,403.66641
2025-06-21 17:49:01+07:00,26.70000,85.10000,77.10000,92.80000,0.59164,403.59952
2025-06-21 17:49:50+07:00,26.70000,85.50000,83.70000,97.90000,0.54304,403.74951
2025-06-21 17:50:41+07:00,26.70000,85.50000,87.30000,103.40000,0.59860,403.49023
2025-06-21 17:51:32+07:00,26.80000,85.20000,86.10000,101.00000,0.54142,403.44012
2025-06-21 17:52:25+07:00,26.80000,85.20000,82.50000,98.30000,0.58646,403.65146
2025-06-21 17:53:14+07:00,26.80000,85.60000,81.10000,98.50000,0.54792,403.65894
2025-06-21 17:54:08+07:00,26.70000,85.60000,79.60000,97.60000,0.58302,403.54819
2025-06-21 17:54:57+07:00,26.80000,85.60000,75.50000,94.70000,0.60035,403.59213
2025-06-21 17:55:47+07:00,26.90000,85.10000,74.40000,95.90000,0.57961,403.81860
2025-06-21 17:56:40+07:00,26.90000,84.70000,70.10000,88.50000,0.55612,403.67389
2025-06-21 17:57:29+07:00,27.00000,84.20000,70.60000,84.20000,0.58646,403.68890
2025-06-21 17:58:19+07:00,27.00000,84.10000,68.70000,88.90000,0.57791,403.66641
2025-06-21 17:59:12+07:00,26.90000,83.60000,70.10000,89.20000,0.56609,403.68140
2025-06-21 18:00:02+07:00,26.90000,83.30000,70.30000,88.60000,0.57961,403.63657
2025-06-21 18:00:55+07:00,26.80000,83.70000,69.30000,87.40000,0.54629,403.34171
2025-06-21 18:01:49+07:00,26.80000,84.70000,72.80000,90.70000,0.56945,403.44012
2025-06-21 18:02:38+07:00,26.80000,85.00000,73.40000,91.30000,0.57791,403.46869
2025-06-21 18:03:27+07:00,26.80000,85.00000,78.40000,97.10000,0.59164,403.39767
2025-06-21 18:04:17+07:00,26.90000,85.00000,75.40000,93.90000,0.55612,403.65146
2025-06-21 18:05:07+07:00,26.90000,85.10000,74.20000,93.40000,0.57961,403.59952
2025-06-21 18:05:57+07:00,26.90000,85.10000,72.00000,92.20000,0.57961,403.61429
2025-06-21 18:06:47+07:00,26.90000,84.70000,74.60000,96.40000,0.55612,403.73428
2025-06-21 18:07:36+07:00,26.90000,84.50000,70.50000,89.50000,0.57961,403.70398
2025-06-21 18:08:27+07:00,26.90000,84.60000,72.50000,90.80000,0.54629,403.67389
2025-06-21 18:09:16+07:00,26.90000,84.60000,76.00000,95.40000,0.59511,403.59952
2025-06-21 18:10:09+07:00,26.90000,84.90000,78.20000,98.20000,0.59337,403.63657
2025-06-21 18:10:58+07:00,26.90000,85.10000,75.50000,94.80000,0.56945,403.81860
2025-06-21 18:11:48+07:00,26.80000,85.30000,77.20000,100.60000,0.57113,403.66641
2025-06-21 18:12:40+07:00,26.80000,85.70000,78.80000,97.20000,0.58474,403.76477
2025-06-21 18:13:30+07:00,26.70000,85.50000,73.60000,95.30000,0.58474,403.82635
2025-06-21 18:14:20+07:00,26.80000,85.50000,77.20000,99.60000,0.60386,403.64401
2025-06-21 18:15:09+07:00,26.80000,84.90000,77.10000,94.30000,0.58131,403.74188
2025-06-21 18:15:58+07:00,26.90000,85.00000,78.70000,98.20000,0.53658,403.67389
2025-06-21 18:16:48+07:00,26.80000,85.50000,79.80000,102.40000,0.58991,403.74188
2025-06-21 18:17:39+07:00,26.80000,85.40000,81.60000,102.20000,0.57961,403.76477
2025-06-21 18:18:29+07:00,26.90000,86.10000,80.60000,106.60000,0.56109,403.87308
2025-06-21 18:19:19+07:00,26.80000,85.90000,82.80000,104.40000,0.58991,403.84967
2025-06-21 18:20:09+07:00,26.70000,86.30000,80.40000,100.30000,0.59860,403.66641
2025-06-21 18:20:58+07:00,26.70000,85.70000,80.10000,102.70000,0.55612,403.74951
2025-06-21 18:21:48+07:00,26.80000,85.70000,82.00000,103.80000,0.60386,403.76477
2025-06-21 18:22:37+07:00,26.70000,85.80000,79.00000,99.40000,0.55612,403.84189
2025-06-21 18:23:27+07:00,26.70000,85.80000,82.90000,100.90000,0.63253,403.71912
2025-06-21 18:24:16+07:00,26.70000,86.00000,82.00000,101.00000,0.58302,404.04022
2025-06-21 18:25:06+07:00,26.60000,86.20000,79.30000,102.20000,0.63802,403.84189
2025-06-21 18:25:55+07:00,26.70000,85.60000,77.60000,96.10000,0.58991,403.81088
2025-06-21 18:26:44+07:00,26.70000,85.20000,77.20000,92.00000,0.59511,403.75714
2025-06-21 18:27:34+07:00,26.70000,85.20000,76.00000,95.20000,0.58646,403.57010
2025-06-21 18:28:23+07:00,26.70000,85.20000,76.60000,96.20000,0.58991,403.65146
2025-06-21 18:29:12+07:00,26.70000,85.20000,76.50000,96.50000,0.56442,403.70398
2025-06-21 18:30:02+07:00,26.70000,85.40000,78.70000,101.20000,0.58818,403.62170
2025-06-21 18:30:51+07:00,26.60000,86.00000,77.60000,95.70000,0.55119,403.62170
2025-06-21 18:31:41+07:00,26.60000,86.20000,79.30000,100.50000,0.56945,403.68140
2025-06-21 18:32:31+07:00,26.60000,86.60000,78.50000,96.60000,0.57961,403.64401
2025-06-21 18:33:21+07:00,26.60000,86.90000,81.30000,101.20000,0.58474,403.70398
2025-06-21 18:34:10+07:00,26.50000,87.00000,80.00000,98.90000,0.58131,403.50464
2025-06-21 18:35:00+07:00,26.50000,86.90000,79.60000,95.40000,0.58131,403.65894
2025-06-21 18:35:50+07:00,26.50000,86.50000,77.10000,93.90000,0.57961,403.68890
2025-06-21 18:36:40+07:00,26.50000,86.70000,76.70000,95.30000,0.58646,403.59213
2025-06-21 18:37:29+07:00,26.50000,87.00000,81.50000,102.30000,0.53498,403.73428
2025-06-21 18:38:19+07:00,26.50000,87.30000,79.60000,95.40000,0.54466,403.59952
2025-06-21 18:39:08+07:00,26.50000,87.30000,81.30000,98.10000,0.59164,403.62912
2025-06-21 18:39:58+07:00,26.40000,87.20000,79.80000,98.00000,0.55119,403.54819
2025-06-21 18:40:47+07:00,26.50000,87.30000,80.30000,97.10000,0.57451,403.62912
2025-06-21 18:41:37+07:00,26.50000,87.10000,80.90000,100.70000,0.58131,403.58478
2025-06-21 18:42:26+07:00,26.50000,86.60000,76.10000,93.60000,0.54629,403.58478
2025-06-21 18:43:18+07:00,26.50000,86.60000,81.10000,95.70000,0.55447,403.34866
2025-06-21 18:44:10+07:00,26.50000,87.30000,79.90000,95.90000,0.57621,403.54089
2025-06-21 18:45:00+07:00,26.50000,87.00000,76.00000,94.20000,0.56609,403.60690
2025-06-21 18:45:51+07:00,26.50000,87.30000,77.60000,97.30000,0.55447,403.71912
2025-06-21 18:46:44+07:00,26.50000,87.20000,78.90000,96.30000,0.56777,403.69644
2025-06-21 18:47:34+07:00,26.50000,86.70000,76.60000,93.90000,0.56945,403.71912
2025-06-21 18:48:24+07:00,26.60000,86.50000,77.20000,98.20000,0.55447,403.57745
2025-06-21 18:49:13+07:00,26.70000,85.80000,78.40000,94.10000,0.53019,403.62912
2025-06-21 18:50:03+07:00,26.70000,85.70000,77.60000,96.50000,0.58302,403.55548
2025-06-21 18:50:52+07:00,26.70000,86.00000,80.80000,96.80000,0.56609,403.49023
2025-06-21 18:51:43+07:00,26.60000,86.40000,78.10000,97.60000,0.54792,403.59952
2025-06-21 18:52:32+07:00,26.50000,86.60000,77.90000,95.60000,0.56109,403.65894
2025-06-21 18:53:22+07:00,26.50000,86.70000,80.60000,100.80000,0.57621,403.67389
2025-06-21 18:54:13+07:00,26.50000,86.30000,76.00000,97.20000,0.51915,403.62912
2025-06-21 18:55:03+07:00,26.50000,86.00000,79.00000,98.90000,0.57451,403.89661
2025-06-21 18:55:59+07:00,26.60000,85.60000,74.90000,96.50000,0.58302,403.81088
2025-06-21 18:56:49+07:00,26.60000,85.50000,73.30000,91.50000,0.59685,403.91235
2025-06-21 18:57:38+07:00,26.60000,85.10000,77.30000,94.00000,0.59337,403.73428
2025-06-21 18:58:28+07:00,26.70000,85.90000,83.50000,107.50000,0.58646,403.62912
2025-06-21 18:59:17+07:00,26.60000,86.00000,96.20000,139.30000,0.57961,403.78778
2025-06-21 19:00:07+07:00,26.70000,85.80000,97.10000,137.70000,0.58646,403.68890
2025-06-21 19:00:56+07:00,26.80000,86.00000,100.30000,143.39999,0.57113,404.03214
2025-06-21 19:01:46+07:00,26.90000,86.40000,101.60000,144.70000,0.57113,404.14658
2025-06-21 19:02:37+07:00,26.90000,86.10000,97.10000,136.30000,0.57621,404.08087
2025-06-21 19:03:26+07:00,26.80000,86.60000,98.30000,146.89999,0.63253,403.88092
2025-06-21 19:04:16+07:00,26.80000,86.40000,84.40000,117.20000,0.63253,403.91235
2025-06-21 19:05:05+07:00,26.80000,86.40000,83.20000,114.60000,0.57621,403.99188
2025-06-21 19:05:55+07:00,26.90000,86.20000,75.10000,99.90000,0.65847,403.92026
2025-06-21 19:06:44+07:00,26.90000,86.00000,73.00000,96.20000,0.61093,403.91235
2025-06-21 19:07:34+07:00,26.90000,85.50000,75.20000,99.50000,0.62346,403.75714
2025-06-21 19:08:23+07:00,26.90000,85.90000,74.50000,95.60000,0.66604,403.88873
2025-06-21 19:09:13+07:00,26.90000,85.40000,74.10000,96.90000,0.58131,403.77243
2025-06-21 19:10:03+07:00,26.70000,85.60000,73.20000,96.20000,0.59860,403.84189
2025-06-21 19:10:52+07:00,26.70000,85.90000,71.80000,92.70000,0.61093,403.68890
2025-06-21 19:11:42+07:00,26.70000,86.10000,70.40000,87.60000,0.56276,403.78009
2025-06-21 19:12:31+07:00,26.70000,86.20000,72.20000,92.10000,0.60915,403.87308
2025-06-21 19:13:20+07:00,26.70000,86.00000,71.80000,93.00000,0.60210,403.72668
2025-06-21 19:14:10+07:00,26.70000,86.00000,68.60000,85.20000,0.56945,403.84189
2025-06-21 19:14:59+07:00,26.80000,85.70000,69.50000,88.20000,0.62346,403.86526
2025-06-21 19:15:49+07:00,26.80000,85.90000,70.40000,86.20000,0.60386,403.88873
2025-06-21 19:16:40+07:00,26.80000,85.70000,69.70000,86.90000,0.57621,403.88092
2025-06-21 19:17:30+07:00,26.70000,85.40000,68.20000,86.10000,0.61271,403.98389
2025-06-21 19:18:19+07:00,26.70000,85.70000,71.20000,94.20000,0.60562,403.89661
2025-06-21 19:19:19+07:00,26.70000,85.60000,70.40000,88.30000,0.58131,403.83411
2025-06-21 19:20:08+07:00,26.70000,85.60000,68.20000,86.90000,0.56442,403.90448
2025-06-21 19:20:58+07:00,26.80000,85.70000,70.70000,91.70000,0.57621,403.84967
2025-06-21 19:21:47+07:00,26.80000,85.60000,70.70000,88.60000,0.58646,403.92816
2025-06-21 19:22:36+07:00,26.80000,85.60000,72.80000,88.50000,0.60210,403.92816
2025-06-21 19:23:27+07:00,26.80000,85.70000,73.20000,93.30000,0.63071,403.95197
2025-06-21 19:24:18+07:00,26.80000,85.70000,72.70000,89.80000,0.59860,403.95197
2025-06-21 19:25:07+07:00,26.80000,85.30000,75.10000,94.20000,0.61806,403.77243
2025-06-21 19:26:50+07:00,26.80000,85.10000,76.40000,95.10000,0.61627,403.81860
2025-06-21 19:27:40+07:00,26.80000,85.10000,79.80000,98.20000,0.62346,403.92026
2025-06-21 19:28:31+07:00,26.80000,85.10000,79.20000,95.60000,0.58646,403.91235
2025-06-21 19:29:23+07:00,26.80000,85.00000,83.10000,102.80000,0.61449,404.06458
2025-06-21 19:30:12+07:00,26.70000,85.20000,81.90000,101.60000,0.61986,403.95993
2025-06-21 19:31:03+07:00,26.70000,85.60000,81.00000,100.70000,0.59164,404.08087
2025-06-21 19:31:55+07:00,26.70000,85.60000,80.00000,104.90000,0.62707,403.94400
2025-06-21 19:32:45+07:00,26.70000,85.70000,82.70000,106.70000,0.63253,404.02405
2025-06-21 19:33:35+07:00,26.80000,85.40000,84.90000,103.60000,0.61986,404.08905
2025-06-21 19:34:24+07:00,26.80000,85.60000,90.80000,114.80000,0.65098,403.87308
2025-06-21 19:35:14+07:00,26.80000,85.80000,102.20000,131.30000,0.61093,403.95993
2025-06-21 19:36:03+07:00,26.80000,85.80000,107.40000,137.80000,0.61449,403.82635
2025-06-21 19:36:53+07:00,26.80000,86.10000,104.90000,133.89999,0.62166,403.95993
2025-06-21 19:37:42+07:00,26.80000,86.10000,104.90000,134.39999,0.64170,404.01599
2025-06-21 19:38:32+07:00,26.80000,86.10000,108.70000,138.89999,0.62346,404.02405
2025-06-21 19:39:21+07:00,26.80000,86.00000,108.30000,138.89999,0.65659,404.17145
2025-06-21 19:40:10+07:00,26.80000,86.00000,106.90000,139.10001,0.58818,404.24677
2025-06-21 19:41:00+07:00,26.80000,86.00000,106.60000,139.10001,0.64911,404.05646
2025-06-21 19:41:49+07:00,26.70000,86.00000,104.60000,140.39999,0.64355,404.17978
2025-06-21 19:42:39+07:00,26.70000,86.10000,107.70000,143.39999,0.63435,404.16315
2025-06-21 19:43:29+07:00,26.60000,86.50000,103.50000,135.00000,0.63253,404.02405
2025-06-21 19:44:19+07:00,26.60000,86.40000,111.20000,141.50000,0.63071,404.17978
2025-06-21 19:45:08+07:00,26.70000,86.10000,104.10000,134.70000,0.61806,404.11362
2025-06-21 19:45:58+07:00,26.70000,85.80000,102.50000,135.10001,0.65285,404.06458
2025-06-21 19:46:47+07:00,26.70000,85.90000,99.70000,131.89999,0.65098,404.20480
2025-06-21 19:47:36+07:00,26.60000,86.30000,101.40000,135.70000,0.61806,404.17145
2025-06-21 19:48:26+07:00,26.60000,86.30000,100.90000,130.39999,0.60915,404.22153
2025-06-21 19:49:15+07:00,26.70000,85.80000,101.30000,132.10001,0.64540,404.15485
2025-06-21 19:50:05+07:00,26.60000,86.00000,101.50000,132.50000,0.67176,404.16315
2025-06-21 19:50:54+07:00,26.70000,85.80000,103.20000,133.70000,0.65659,404.09723
2025-06-21 19:51:44+07:00,26.60000,85.60000,106.00000,139.20000,0.66036,404.24677
2025-06-21 19:52:33+07:00,26.70000,85.60000,104.70000,134.89999,0.71486,404.40939
2025-06-21 19:53:23+07:00,26.70000,85.40000,103.10000,134.50000,0.65285,404.32318
2025-06-21 19:54:13+07:00,26.70000,85.50000,103.30000,136.30000,0.70092,404.23834
2025-06-21 19:55:03+07:00,26.70000,85.80000,104.80000,132.10001,0.67367,404.22153
2025-06-21 19:55:53+07:00,26.60000,85.90000,102.40000,137.00000,0.63986,404.22992
2025-06-21 19:56:42+07:00,26.60000,85.90000,100.40000,133.89999,0.66414,404.35748
2025-06-21 19:57:32+07:00,26.50000,86.10000,104.50000,142.50000,0.63802,404.17978
2025-06-21 19:58:21+07:00,26.50000,86.10000,99.90000,136.00000,0.67944,404.24677
2025-06-21 19:59:11+07:00,26.50000,86.00000,99.10000,132.70000,0.65847,404.30609
2025-06-21 20:00:00+07:00,26.50000,86.10000,99.20000,130.10001,0.66985,404.13007
2025-06-21 20:00:50+07:00,26.50000,86.30000,102.30000,131.10001,0.63435,404.18808
2025-06-21 20:01:39+07:00,26.40000,86.50000,101.30000,133.20000,0.64726,404.21317
2025-06-21 20:02:28+07:00,26.40000,86.80000,103.90000,138.00000,0.65472,404.19644
2025-06-21 20:03:18+07:00,26.30000,87.00000,103.60000,137.10001,0.61986,404.07272
2025-06-21 20:04:08+07:00,26.30000,87.30000,104.30000,134.00000,0.63253,404.20480
2025-06-21 20:04:58+07:00,26.30000,87.50000,102.20000,134.80000,0.66036,404.08087
2025-06-21 20:05:47+07:00,26.30000,87.40000,102.30000,136.20000,0.61986,404.09723
2025-06-21 20:06:37+07:00,26.30000,87.10000,100.90000,136.10001,0.64355,403.90448
2025-06-21 20:07:26+07:00,26.30000,87.30000,105.10000,137.50000,0.60386,404.06458
2025-06-21 20:08:15+07:00,26.30000,87.50000,104.20000,135.30000,0.60210,404.07272
2025-06-21 20:09:05+07:00,26.30000,87.50000,102.60000,139.70000,0.64540,404.21317
2025-06-21 20:09:55+07:00,26.40000,87.10000,100.90000,131.30000,0.63986,404.26364
2025-06-21 20:10:44+07:00,26.40000,86.80000,103.90000,132.60001,0.63253,404.02405
2025-06-21 20:11:34+07:00,26.40000,86.60000,101.00000,131.20000,0.65098,404.16315
2025-06-21 20:12:23+07:00,26.50000,86.20000,104.60000,135.39999,0.64911,404.10541
2025-06-21 20:13:12+07:00,26.50000,86.10000,100.80000,132.39999,0.65098,403.96790
2025-06-21 20:14:02+07:00,26.50000,85.70000,102.90000,133.39999,0.63435,404.17145
2025-06-21 20:14:52+07:00,26.60000,85.70000,104.00000,129.70000,0.62889,404.13834
2025-06-21 20:15:41+07:00,26.60000,85.70000,102.30000,135.89999,0.64726,404.13007
2025-06-21 20:16:33+07:00,26.60000,85.80000,101.10000,133.10001,0.59164,404.26364
2025-06-21 20:17:22+07:00,26.60000,85.70000,97.10000,126.90000,0.64726,404.08087
2025-06-21 20:18:11+07:00,26.60000,85.70000,102.70000,130.30000,0.61986,403.94400
2025-06-21 20:19:04+07:00,26.60000,85.70000,98.90000,125.00000,0.61806,404.17145
2025-06-21 20:19:53+07:00,26.60000,85.70000,96.90000,124.50000,0.61806,404.08905
2025-06-21 20:20:45+07:00,26.60000,85.40000,94.90000,123.30000,0.63619,403.89661
2025-06-21 20:21:35+07:00,26.60000,85.70000,99.70000,130.89999,0.61093,404.00793
2025-06-21 20:22:25+07:00,26.50000,85.90000,96.10000,125.10000,0.60562,404.02405
2025-06-21 20:23:14+07:00,26.50000,86.10000,94.40000,122.40000,0.60562,403.88873
2025-06-21 20:24:04+07:00,26.50000,86.20000,94.60000,120.20000,0.63802,404.09723
2025-06-21 20:24:56+07:00,26.40000,86.40000,94.60000,119.80000,0.62889,404.04022
2025-06-21 20:25:45+07:00,26.40000,86.50000,96.20000,123.60000,0.60386,404.28058
2025-06-21 20:27:39+07:00,26.30000,87.00000,100.00000,126.10000,0.63802,404.33173
2025-06-21 20:28:33+07:00,26.30000,86.90000,98.40000,129.00000,0.67559,404.29758
2025-06-21 20:29:33+07:00,26.30000,87.00000,97.90000,126.50000,0.68330,404.40070
2025-06-21 20:30:26+07:00,26.30000,87.40000,97.50000,124.40000,0.65472,404.25519
2025-06-21 20:31:26+07:00,26.30000,87.70000,97.30000,123.50000,0.66036,404.31464
2025-06-21 20:32:18+07:00,26.30000,87.50000,99.40000,123.90000,0.68137,404.34891
2025-06-21 20:33:10+07:00,26.40000,86.80000,101.70000,126.50000,0.63986,404.08905
2025-06-21 20:34:00+07:00,26.50000,86.20000,98.90000,129.60001,0.60738,404.10541
2025-06-21 20:34:53+07:00,26.40000,86.40000,99.60000,131.50000,0.67751,404.01599
2025-06-21 20:35:47+07:00,26.40000,86.60000,99.80000,128.10001,0.69697,404.13007
2025-06-21 20:36:36+07:00,26.50000,86.40000,104.50000,130.70000,0.63435,404.02405
2025-06-21 20:37:26+07:00,26.40000,86.40000,98.60000,127.90000,0.62526,404.17978
2025-06-21 20:38:16+07:00,26.40000,86.30000,99.30000,129.20000,0.63253,404.10541
2025-06-21 20:39:06+07:00,26.40000,86.40000,101.40000,132.30000,0.60035,404.15485
2025-06-21 20:39:55+07:00,26.30000,86.70000,102.60000,133.80000,0.64726,404.10541
2025-06-21 20:40:44+07:00,26.30000,86.70000,92.70000,122.40000,0.62889,403.95197
2025-06-21 20:41:34+07:00,26.30000,86.80000,99.70000,129.89999,0.60915,404.04022
2025-06-21 20:42:23+07:00,26.20000,87.00000,99.40000,128.30000,0.63071,403.99991
2025-06-21 20:43:13+07:00,26.20000,87.20000,100.70000,125.80000,0.59511,403.99188
2025-06-21 20:44:04+07:00,26.10000,87.30000,102.50000,130.30000,0.61806,404.03214
2025-06-21 20:44:56+07:00,26.20000,86.90000,100.10000,125.20000,0.63986,404.00793
2025-06-21 20:45:46+07:00,26.20000,87.30000,108.90000,137.50000,0.59337,404.06458
2025-06-21 20:46:35+07:00,26.20000,87.60000,108.30000,140.39999,0.61806,403.92816
2025-06-21 20:47:25+07:00,26.20000,87.80000,103.40000,132.30000,0.60210,404.07272
2025-06-21 20:48:14+07:00,26.20000,87.90000,106.10000,139.30000,0.56109,404.06458
2025-06-21 20:49:04+07:00,26.20000,87.80000,110.80000,137.70000,0.63802,404.12186
2025-06-21 20:49:53+07:00,26.20000,87.70000,118.70000,151.50000,0.63071,404.06458
2025-06-21 20:50:43+07:00,26.30000,87.70000,108.90000,140.10001,0.63071,404.14658
2025-06-21 20:51:33+07:00,26.30000,87.60000,123.30000,155.20000,0.62889,404.17978
2025-06-21 20:52:22+07:00,26.30000,87.60000,112.70000,142.60001,0.61271,403.94400
2025-06-21 20:53:11+07:00,26.20000,87.70000,145.20000,183.60001,0.60738,404.15485
2025-06-21 20:54:01+07:00,26.30000,87.60000,137.50000,174.10001,0.64726,404.21317
2025-06-21 20:54:50+07:00,26.40000,87.20000,129.70000,171.89999,0.64911,404.09723
2025-06-21 20:55:40+07:00,26.40000,87.00000,123.40000,164.39999,0.60738,404.09723
2025-06-21 20:56:30+07:00,26.40000,86.90000,121.00000,158.30000,0.62166,404.28909
2025-06-21 20:57:19+07:00,26.40000,87.10000,114.90000,150.50000,0.63435,404.22153
2025-06-21 20:58:08+07:00,26.40000,87.10000,114.10000,150.89999,0.65659,404.10541
2025-06-21 20:58:58+07:00,26.40000,87.10000,113.40000,150.39999,0.63986,404.19644
2025-06-21 20:59:47+07:00,26.50000,87.00000,113.00000,147.00000,0.67559,404.17978
2025-06-21 21:00:37+07:00,26.50000,87.00000,120.40000,159.30000,0.65472,404.05646
2025-06-21 21:01:26+07:00,26.50000,86.80000,122.50000,156.20000,0.70488,404.13007
2025-06-21 21:02:15+07:00,26.50000,86.80000,119.50000,158.60001,0.59860,404.15485
2025-06-21 21:03:05+07:00,26.50000,86.70000,123.40000,161.20000,0.62889,404.19644
2025-06-21 21:03:54+07:00,26.50000,86.60000,123.90000,162.60001,0.62166,404.01599
2025-06-21 21:04:44+07:00,26.40000,86.80000,120.80000,163.50000,0.62889,404.34030
2025-06-21 21:05:33+07:00,26.40000,87.00000,122.80000,160.30000,0.62707,404.16315
2025-06-21 21:06:23+07:00,26.40000,87.00000,124.30000,166.00000,0.64726,404.08905
2025-06-21 21:07:12+07:00,26.40000,87.10000,122.10000,156.10001,0.59511,403.87308
2025-06-21 21:08:01+07:00,26.40000,87.30000,126.60000,167.50000,0.63253,404.34030
2025-06-21 21:08:51+07:00,26.40000,87.30000,126.50000,164.70000,0.64911,404.40070
2025-06-21 21:09:40+07:00,26.30000,87.40000,129.20000,168.30000,0.64726,404.17145
2025-06-21 21:10:30+07:00,26.30000,87.40000,133.10001,172.30000,0.61627,404.39203
2025-06-21 21:11:19+07:00,26.30000,87.60000,130.60001,170.70000,0.64540,404.35748
2025-06-21 21:12:09+07:00,26.30000,87.50000,127.30000,162.89999,0.63071,404.28058
2025-06-21 21:12:59+07:00,26.30000,87.50000,131.20000,168.20000,0.64726,403.86526
2025-06-21 21:13:48+07:00,26.40000,87.40000,128.00000,163.80000,0.65659,404.24677
2025-06-21 21:14:37+07:00,26.40000,87.60000,130.20000,166.60001,0.68330,404.28909
2025-06-21 21:15:27+07:00,26.30000,87.50000,129.70000,170.30000,0.63986,404.32318
2025-06-21 21:16:16+07:00,26.30000,87.60000,122.80000,159.50000,0.64540,404.23834
2025-06-21 21:17:06+07:00,26.40000,87.30000,125.20000,161.00000,0.63071,404.28909
2025-06-21 21:17:55+07:00,26.40000,87.30000,121.90000,162.70000,0.66794,404.19644
2025-06-21 21:18:45+07:00,26.40000,87.10000,121.50000,166.70000,0.63435,404.31464
2025-06-21 21:19:34+07:00,26.40000,87.20000,118.00000,154.39999,0.68137,404.32318
2025-06-21 21:20:23+07:00,26.40000,86.90000,118.60000,157.80000,0.64726,404.16315
2025-06-21 21:21:13+07:00,26.40000,87.00000,118.40000,150.70000,0.61806,404.25519
2025-06-21 21:22:02+07:00,26.40000,87.20000,119.40000,157.60001,0.61271,404.07272
2025-06-21 21:22:52+07:00,26.40000,87.00000,115.60000,151.30000,0.64540,404.17145
2025-06-21 21:23:41+07:00,26.30000,86.90000,112.50000,147.10001,0.64540,404.04834
2025-06-21 21:24:31+07:00,26.30000,87.00000,115.50000,148.50000,0.65098,404.22153
2025-06-21 21:25:20+07:00,26.40000,86.90000,113.10000,148.30000,0.59685,404.11362
2025-06-21 21:26:09+07:00,26.30000,87.10000,111.40000,142.80000,0.60915,404.08905
2025-06-21 21:26:59+07:00,26.30000,87.40000,110.40000,141.00000,0.64355,404.00793
2025-06-21 21:27:48+07:00,26.20000,87.40000,105.90000,137.20000,0.63802,404.02405
2025-06-21 21:28:37+07:00,26.30000,87.40000,107.60000,140.39999,0.58991,404.08905
2025-06-21 21:29:27+07:00,26.20000,87.40000,109.50000,141.60001,0.61271,404.12186
2025-06-21 21:30:16+07:00,26.20000,87.30000,104.30000,131.89999,0.63253,403.94400
2025-06-21 21:31:06+07:00,26.10000,87.60000,101.40000,127.60000,0.61986,404.05646
2025-06-21 21:31:55+07:00,26.10000,87.60000,107.50000,137.89999,0.59511,404.08087
2025-06-21 21:32:45+07:00,26.10000,87.70000,101.80000,128.80000,0.59685,404.00793
2025-06-21 21:33:34+07:00,26.10000,87.50000,99.90000,128.39999,0.60386,404.03214
2025-06-21 21:34:23+07:00,26.10000,87.50000,102.70000,129.70000,0.63071,403.88092
2025-06-21 21:35:13+07:00,26.10000,87.60000,103.30000,134.39999,0.59860,403.96790
2025-06-21 21:36:02+07:00,26.10000,87.40000,98.20000,122.50000,0.60738,403.90448
2025-06-21 21:36:52+07:00,26.20000,87.00000,97.90000,125.10000,0.60915,403.95197
2025-06-21 21:37:44+07:00,26.20000,87.00000,99.40000,126.70000,0.66225,403.92026
2025-06-21 21:38:34+07:00,26.20000,86.80000,103.80000,131.50000,0.60915,403.91235
2025-06-21 21:39:23+07:00,26.30000,86.70000,102.80000,126.60000,0.60210,403.94400
2025-06-21 21:40:12+07:00,26.30000,86.30000,101.90000,129.20000,0.65659,403.77243
2025-06-21 21:41:02+07:00,26.30000,86.50000,100.40000,131.70000,0.58131,403.86526
2025-06-21 21:41:51+07:00,26.20000,86.70000,101.50000,130.10001,0.59860,403.71912
2025-06-21 21:42:40+07:00,26.20000,86.80000,98.60000,128.10001,0.57113,403.92816
2025-06-21 21:43:30+07:00,26.20000,87.00000,98.90000,128.39999,0.61627,403.90448
2025-06-21 21:44:19+07:00,26.10000,87.00000,105.10000,131.70000,0.58474,403.89661
2025-06-21 21:45:09+07:00,26.10000,87.10000,101.50000,131.80000,0.61093,403.83411
2025-06-21 21:45:58+07:00,26.20000,87.00000,102.80000,133.10001,0.61449,403.93607
2025-06-21 21:46:47+07:00,26.20000,86.90000,101.80000,130.60001,0.58131,403.95993
2025-06-21 21:47:37+07:00,26.20000,86.60000,105.20000,134.10001,0.58991,403.77243
2025-06-21 21:48:26+07:00,26.20000,86.60000,106.40000,134.10001,0.60738,403.80316
2025-06-21 21:49:16+07:00,26.20000,86.60000,109.70000,138.80000,0.58991,404.04834
2025-06-21 21:50:05+07:00,26.30000,86.10000,113.10000,145.50000,0.57961,403.78778
2025-06-21 21:50:55+07:00,26.30000,86.00000,109.30000,140.89999,0.58646,403.84189
2025-06-21 21:51:44+07:00,26.20000,86.20000,108.40000,137.70000,0.57621,403.81860
2025-06-21 21:52:33+07:00,26.30000,86.30000,106.40000,142.70000,0.61271,403.84967
2025-06-21 21:53:28+07:00,26.30000,86.30000,111.50000,141.89999,0.57961,404.04834
2025-06-21 21:54:18+07:00,26.30000,86.30000,113.50000,143.50000,0.58474,403.93607
2025-06-21 21:55:07+07:00,26.20000,86.50000,108.20000,141.70000,0.58131,403.73428
2025-06-21 21:55:57+07:00,26.30000,86.50000,108.60000,135.80000,0.56945,403.84189
2025-06-21 21:56:46+07:00,26.30000,86.60000,112.10000,143.30000,0.58474,404.02405
2025-06-21 21:57:35+07:00,26.30000,86.60000,108.80000,140.20000,0.59511,403.89661
2025-06-21 21:58:25+07:00,26.30000,86.60000,114.70000,145.20000,0.59164,403.93607
2025-06-21 21:59:14+07:00,26.30000,86.60000,112.20000,144.39999,0.61986,404.07272
2025-06-21 22:00:05+07:00,26.40000,86.10000,113.40000,147.00000,0.59685,404.08905
2025-06-21 22:00:54+07:00,26.40000,86.20000,116.00000,153.10001,0.57282,404.01599
2025-06-21 22:01:43+07:00,26.40000,86.20000,113.00000,146.00000,0.59860,404.04022
2025-06-21 22:02:33+07:00,26.40000,86.30000,114.20000,148.10001,0.59860,403.86526
2025-06-21 22:03:25+07:00,26.40000,86.40000,117.70000,151.39999,0.58818,404.13007
2025-06-21 22:04:14+07:00,26.40000,86.30000,118.50000,152.00000,0.58131,403.90448
2025-06-21 22:05:04+07:00,26.40000,86.20000,117.30000,152.30000,0.60035,404.10541
2025-06-21 22:05:53+07:00,26.40000,86.20000,116.60000,155.00000,0.57961,403.84189
2025-06-21 22:06:43+07:00,26.40000,86.40000,119.50000,155.80000,0.60915,403.94400
2025-06-21 22:07:32+07:00,26.40000,86.60000,120.50000,156.50000,0.59337,403.88092
2025-06-21 22:08:22+07:00,26.40000,86.50000,117.60000,155.39999,0.59860,404.04022
2025-06-21 22:09:12+07:00,26.30000,86.50000,123.00000,162.10001,0.60210,404.12186
2025-06-21 22:10:55+07:00,26.40000,86.70000,122.40000,153.60001,0.62526,403.98389
2025-06-21 22:11:49+07:00,26.40000,86.80000,121.90000,153.80000,0.60035,404.04022
2025-06-21 22:12:39+07:00,26.30000,87.00000,115.80000,149.20000,0.58991,404.09723
2025-06-21 22:13:28+07:00,26.30000,87.00000,119.40000,152.60001,0.62526,403.94400
2025-06-21 22:14:17+07:00,26.30000,87.10000,117.90000,152.80000,0.60738,404.01599
2025-06-21 22:15:09+07:00,26.30000,87.00000,124.00000,161.20000,0.59164,404.06458
2025-06-21 22:16:01+07:00,26.30000,87.20000,131.30000,170.60001,0.59685,404.01599
2025-06-21 22:16:51+07:00,26.30000,87.30000,131.70000,173.30000,0.62346,404.01599
2025-06-21 22:17:40+07:00,26.20000,87.40000,131.70000,179.50000,0.60386,404.09723
2025-06-21 22:18:30+07:00,26.30000,87.40000,135.10001,179.80000,0.61449,404.00793
2025-06-21 22:19:19+07:00,26.30000,87.50000,134.80000,184.00000,0.62526,403.97589
2025-06-21 22:20:08+07:00,26.30000,87.20000,131.70000,180.10001,0.61986,404.08905
2025-06-21 22:20:58+07:00,26.30000,86.90000,136.39999,188.30000,0.59164,404.04834
2025-06-21 22:21:48+07:00,26.30000,87.30000,138.89999,187.20000,0.58302,404.24677
2025-06-21 22:22:38+07:00,26.30000,87.40000,144.39999,199.20000,0.60386,403.99188
2025-06-21 22:23:28+07:00,26.20000,87.40000,140.30000,193.30000,0.59337,404.08905
2025-06-21 22:24:17+07:00,26.30000,87.20000,140.80000,198.20000,0.60562,404.10541
2025-06-21 22:25:06+07:00,26.30000,87.20000,138.80000,193.00000,0.60386,404.25519
2025-06-21 22:25:56+07:00,26.30000,87.20000,137.10001,184.00000,0.61449,404.06458
2025-06-21 22:26:47+07:00,26.30000,87.20000,137.39999,184.30000,0.66036,404.15485
2025-06-21 22:27:41+07:00,26.30000,87.30000,137.00000,185.60001,0.61449,404.02405
2025-06-21 22:28:31+07:00,26.20000,87.20000,144.70000,190.10001,0.62889,404.04834
2025-06-21 22:29:20+07:00,26.30000,87.30000,140.50000,189.89999,0.61449,404.36612
2025-06-21 22:30:10+07:00,26.30000,87.30000,137.39999,185.20000,0.62707,404.08087
2025-06-21 22:30:59+07:00,26.30000,87.50000,137.10001,188.60001,0.61806,404.06458
2025-06-21 22:31:49+07:00,26.30000,87.30000,136.00000,189.20000,0.63253,404.13834
2025-06-21 22:32:38+07:00,26.30000,87.30000,140.10001,194.10001,0.60562,404.21317
2025-06-21 22:33:30+07:00,26.30000,87.60000,140.39999,196.70000,0.61093,403.92026
2025-06-21 22:34:19+07:00,26.20000,87.70000,138.50000,188.60001,0.62707,404.08087
2025-06-21 22:35:09+07:00,26.20000,87.70000,141.50000,193.89999,0.60562,404.13007
2025-06-21 22:35:58+07:00,26.20000,87.70000,141.50000,194.50000,0.61627,404.39203
2025-06-21 22:36:48+07:00,26.20000,87.80000,139.89999,195.60001,0.60562,404.07272
2025-06-21 22:37:37+07:00,26.10000,88.10000,136.10001,190.39999,0.64355,404.10541
2025-06-21 22:38:26+07:00,26.20000,87.80000,142.00000,195.70000,0.63071,404.13007
2025-06-21 22:39:16+07:00,26.20000,87.90000,138.60001,192.10001,0.66036,404.16315
2025-06-21 22:40:05+07:00,26.10000,88.00000,137.60001,198.20000,0.61806,404.27213
2025-06-21 22:40:55+07:00,26.10000,88.10000,128.00000,182.20000,0.60915,404.24677
2025-06-21 22:41:44+07:00,26.20000,88.00000,132.00000,185.10001,0.60915,404.28058
2025-06-21 22:42:34+07:00,26.20000,87.80000,132.89999,180.00000,0.60386,404.14658
2025-06-21 22:43:23+07:00,26.20000,87.80000,128.10001,181.60001,0.61271,404.17145
2025-06-21 22:44:12+07:00,26.10000,87.70000,123.60000,167.50000,0.64540,403.99991
2025-06-21 22:45:02+07:00,26.10000,87.90000,122.70000,167.89999,0.60386,404.00793
2025-06-21 22:45:51+07:00,26.10000,87.90000,122.20000,168.00000,0.65285,404.10541
2025-06-21 22:46:41+07:00,26.10000,87.70000,116.10000,154.10001,0.62889,404.10541
2025-06-21 22:47:30+07:00,26.10000,87.90000,114.60000,153.50000,0.60386,403.98389
2025-06-21 22:48:22+07:00,26.00000,88.10000,115.00000,154.10001,0.63802,403.92816
2025-06-21 22:49:11+07:00,26.00000,88.20000,116.30000,150.89999,0.60035,403.84967
2025-06-21 22:50:00+07:00,26.00000,88.30000,111.80000,149.10001,0.56945,403.88092
2025-06-21 22:50:50+07:00,26.00000,87.90000,120.00000,158.70000,0.62166,403.88873
2025-06-21 22:51:39+07:00,26.10000,88.00000,116.70000,152.00000,0.58818,403.93607
2025-06-21 22:52:29+07:00,26.00000,88.00000,109.70000,141.20000,0.60035,403.94400
2025-06-21 22:53:18+07:00,26.00000,87.80000,115.10000,153.50000,0.59337,404.05646
2025-06-21 22:54:11+07:00,26.00000,88.40000,115.70000,148.00000,0.59337,403.82635
2025-06-21 22:55:01+07:00,26.00000,88.20000,112.50000,145.60001,0.59511,403.92026
2025-06-21 22:55:53+07:00,26.00000,88.30000,114.90000,154.39999,0.60562,403.78778
2025-06-21 22:56:42+07:00,26.00000,88.00000,114.20000,150.39999,0.58646,403.82635
2025-06-21 22:57:32+07:00,26.00000,88.10000,115.10000,155.50000,0.55777,403.93607
2025-06-21 22:58:21+07:00,26.00000,88.10000,115.40000,149.80000,0.58991,403.78009
2025-06-21 22:59:14+07:00,26.00000,88.00000,113.30000,152.70000,0.56945,403.86526
2025-06-21 23:00:07+07:00,26.00000,88.00000,116.00000,152.30000,0.54955,403.88092
2025-06-21 23:01:01+07:00,26.00000,87.70000,114.20000,152.30000,0.57961,403.86526
2025-06-21 23:01:54+07:00,26.00000,88.00000,117.40000,157.89999,0.55119,403.74188
2025-06-21 23:02:50+07:00,26.10000,87.80000,121.90000,162.80000,0.58646,403.82635
2025-06-21 23:03:39+07:00,26.10000,87.60000,122.80000,159.70000,0.57961,403.87308
2025-06-21 23:04:29+07:00,26.10000,87.60000,124.70000,164.20000,0.56276,403.76477
2025-06-21 23:05:18+07:00,26.10000,87.70000,120.60000,158.20000,0.58131,403.78778
2025-06-21 23:06:08+07:00,26.00000,88.00000,120.80000,158.39999,0.57282,403.87308
2025-06-21 23:06:58+07:00,26.00000,88.30000,119.80000,159.80000,0.56945,403.82635
2025-06-21 23:07:47+07:00,25.90000,88.60000,116.10000,151.10001,0.58302,403.88092
2025-06-21 23:08:39+07:00,25.90000,88.70000,125.40000,162.80000,0.57113,403.70398
2025-06-21 23:09:29+07:00,25.90000,89.10000,120.20000,155.20000,0.57621,403.96790
2025-06-21 23:10:21+07:00,25.90000,89.00000,117.70000,154.10001,0.56609,403.78009
2025-06-21 23:11:11+07:00,25.90000,89.10000,120.90000,156.70000,0.56442,403.75714
2025-06-21 23:12:00+07:00,25.90000,88.80000,124.20000,162.89999,0.57282,403.89661
2025-06-21 23:12:53+07:00,26.00000,88.30000,122.00000,158.80000,0.59337,403.84189
2025-06-21 23:13:42+07:00,26.10000,88.40000,122.50000,162.50000,0.54304,403.82635
2025-06-21 23:14:32+07:00,26.10000,88.10000,120.10000,158.20000,0.55612,403.74951
2025-06-21 23:15:21+07:00,26.10000,87.80000,118.50000,157.39999,0.57113,403.88873
2025-06-21 23:16:11+07:00,26.10000,87.70000,120.20000,159.80000,0.58302,403.81860
2025-06-21 23:17:04+07:00,26.00000,87.90000,121.50000,156.80000,0.59860,403.87308
2025-06-21 23:17:53+07:00,26.10000,87.70000,119.50000,161.20000,0.56777,403.78009
2025-06-21 23:18:45+07:00,26.10000,87.80000,121.50000,159.50000,0.57791,403.93607
2025-06-21 23:19:46+07:00,26.10000,87.60000,119.90000,159.20000,0.56109,403.84189
2025-06-21 23:20:38+07:00,26.10000,87.30000,121.40000,160.39999,0.55612,403.92026
2025-06-21 23:21:31+07:00,26.10000,87.40000,124.20000,165.20000,0.58131,403.84189
2025-06-21 23:22:20+07:00,26.00000,87.80000,124.30000,162.50000,0.55612,403.98389
2025-06-21 23:23:09+07:00,26.00000,88.10000,122.00000,162.30000,0.59337,403.90448
2025-06-21 23:23:59+07:00,26.00000,88.30000,124.30000,169.20000,0.60386,403.79547
2025-06-21 23:24:48+07:00,26.00000,88.60000,130.20000,172.00000,0.57621,403.95993
2025-06-21 23:25:38+07:00,25.90000,88.70000,121.90000,165.20000,0.56276,403.88092
2025-06-21 23:26:27+07:00,25.90000,88.70000,124.90000,167.70000,0.55612,403.77243
2025-06-21 23:27:17+07:00,25.90000,88.70000,124.00000,168.20000,0.61271,403.88092
2025-06-21 23:28:06+07:00,25.90000,88.70000,122.10000,162.60001,0.55119,403.84189
2025-06-21 23:28:56+07:00,25.80000,88.60000,119.70000,155.89999,0.57621,403.84189
2025-06-21 23:29:45+07:00,25.80000,88.40000,112.50000,148.30000,0.58474,403.80316
2025-06-21 23:30:35+07:00,25.90000,87.90000,108.90000,146.89999,0.58131,403.86526
2025-06-21 23:32:20+07:00,26.00000,87.30000,119.00000,148.70000,0.54955,403.80316
2025-06-21 23:33:09+07:00,26.00000,87.20000,109.30000,142.70000,0.58991,403.67389
2025-06-21 23:33:59+07:00,25.90000,87.20000,106.10000,137.60001,0.57961,403.85745
2025-06-21 23:34:48+07:00,25.90000,87.10000,107.40000,134.39999,0.54955,403.78009
2025-06-21 23:35:38+07:00,25.90000,86.90000,104.20000,136.00000,0.50982,403.76477
2025-06-21 23:36:27+07:00,25.90000,86.80000,109.00000,138.10001,0.55612,403.68890
2025-06-21 23:37:17+07:00,25.90000,86.90000,109.80000,138.60001,0.57961,403.72668
2025-06-21 23:38:06+07:00,25.80000,87.20000,101.70000,129.10001,0.53980,403.74951
2025-06-21 23:38:55+07:00,25.90000,87.00000,102.80000,133.39999,0.55943,403.92026
2025-06-21 23:39:45+07:00,25.80000,87.20000,106.70000,132.30000,0.54629,403.66641
2025-06-21 23:40:34+07:00,25.70000,87.20000,99.50000,125.50000,0.49910,403.62170
2025-06-21 23:41:24+07:00,25.70000,87.30000,99.80000,124.20000,0.52386,403.70398
2025-06-21 23:42:13+07:00,25.80000,87.40000,100.00000,124.60000,0.54955,403.64401
2025-06-21 23:43:02+07:00,25.80000,87.30000,105.40000,131.30000,0.53338,403.65894
2025-06-21 23:43:52+07:00,25.80000,87.50000,102.80000,128.00000,0.54955,403.62912
2025-06-21 23:44:41+07:00,25.80000,87.60000,96.80000,124.80000,0.54142,403.67389
2025-06-21 23:45:31+07:00,25.80000,87.40000,94.90000,119.00000,0.54142,403.61429
2025-06-21 23:46:20+07:00,25.80000,87.20000,98.90000,128.50000,0.54629,403.74951
2025-06-21 23:47:10+07:00,25.80000,87.60000,98.20000,127.90000,0.55943,403.57010
2025-06-21 23:47:59+07:00,25.80000,87.50000,100.20000,126.60000,0.56276,403.57745
2025-06-21 23:48:49+07:00,25.80000,87.30000,93.40000,121.00000,0.55943,403.71912
2025-06-21 23:49:38+07:00,25.80000,87.20000,97.70000,126.00000,0.56609,403.60690
2025-06-21 23:50:27+07:00,25.80000,86.80000,94.20000,117.60000,0.55777,403.66641
2025-06-21 23:51:20+07:00,25.80000,86.80000,92.40000,123.90000,0.56276,403.64401
2025-06-21 23:52:09+07:00,25.80000,86.70000,92.80000,116.30000,0.51136,403.70398
2025-06-21 23:52:59+07:00,25.80000,86.90000,93.00000,118.50000,0.51136,403.68890
2025-06-21 23:53:48+07:00,25.80000,86.90000,95.50000,118.70000,0.58131,403.65894
2025-06-21 23:54:38+07:00,25.80000,86.80000,106.90000,142.30000,0.50521,403.57010
2025-06-21 23:55:27+07:00,25.90000,86.70000,99.10000,131.60001,0.55943,403.70398
2025-06-21 23:56:17+07:00,26.00000,86.60000,103.10000,135.70000,0.52228,403.68140
2025-06-21 23:57:11+07:00,26.00000,86.50000,103.60000,135.60001,0.51291,403.65894
2025-06-21 23:58:03+07:00,26.00000,86.30000,94.10000,124.90000,0.51136,403.71155
2025-06-21 23:58:53+07:00,26.00000,86.20000,94.80000,122.20000,0.54142,403.68140
2025-06-21 23:59:42+07:00,26.00000,86.00000,99.00000,129.60001,0.54466,403.50464
2025-06-22 00:00:32+07:00,26.00000,86.10000,98.10000,122.00000,0.54629,403.57745
2025-06-22 00:01:22+07:00,26.00000,86.00000,94.00000,116.80000,0.54304,403.45438
2025-06-22 00:02:11+07:00,26.00000,86.00000,94.30000,123.00000,0.53178,403.54089
2025-06-22 00:03:01+07:00,26.00000,85.90000,95.40000,118.60000,0.54792,403.58478
2025-06-22 00:03:50+07:00,26.00000,85.60000,96.50000,122.50000,0.52860,403.57745
2025-06-22 00:04:40+07:00,25.90000,85.70000,93.20000,120.20000,0.54792,403.46869
2025-06-22 00:05:29+07:00,25.90000,85.80000,93.00000,119.80000,0.55612,403.52637
2025-06-22 00:06:19+07:00,25.90000,86.00000,95.20000,120.00000,0.52544,403.71155
2025-06-22 00:07:09+07:00,25.90000,86.10000,96.60000,119.90000,0.51447,403.51187
2025-06-22 00:07:58+07:00,25.90000,86.60000,92.40000,116.30000,0.55447,403.61429
2025-06-22 00:08:47+07:00,25.90000,86.50000,97.80000,128.10001,0.51136,403.64401
2025-06-22 00:09:37+07:00,25.80000,86.80000,96.50000,124.10000,0.53338,403.64401
2025-06-22 00:10:26+07:00,25.90000,86.80000,100.30000,134.30000,0.50674,403.51910
2025-06-22 00:11:16+07:00,25.80000,86.90000,99.40000,126.50000,0.52702,403.56277
2025-06-22 00:12:05+07:00,25.80000,86.80000,101.40000,129.00000,0.51602,403.57010
2025-06-22 00:12:54+07:00,25.80000,86.80000,100.50000,127.60000,0.50521,403.47586
2025-06-22 00:13:44+07:00,25.80000,86.70000,95.90000,124.50000,0.54629,403.54089
2025-06-22 00:14:33+07:00,25.80000,87.20000,100.00000,127.10000,0.55447,403.65894
2025-06-22 00:15:23+07:00,25.80000,86.90000,101.20000,125.90000,0.54466,403.67389
2025-06-22 00:16:12+07:00,25.80000,87.00000,96.80000,125.70000,0.53980,403.70398
2025-06-22 00:17:02+07:00,25.80000,86.70000,98.30000,121.80000,0.53498,403.61429
2025-06-22 00:17:54+07:00,25.80000,87.00000,100.90000,130.30000,0.51447,403.57745
2025-06-22 00:18:43+07:00,25.80000,87.20000,102.40000,131.20000,0.52860,403.56277
2025-06-22 00:19:33+07:00,25.80000,86.90000,97.50000,123.60000,0.50674,403.68140
2025-06-22 00:20:23+07:00,25.70000,87.20000,99.30000,126.10000,0.52071,403.65894
2025-06-22 00:21:12+07:00,25.80000,87.50000,102.40000,128.00000,0.54142,403.65894
2025-06-22 00:22:02+07:00,25.80000,87.40000,102.90000,131.00000,0.49910,403.68890
2025-06-22 00:22:52+07:00,25.80000,87.40000,101.90000,130.00000,0.51291,403.67389
2025-06-22 00:23:46+07:00,25.90000,87.30000,100.50000,128.60001,0.54466,403.63657
2025-06-22 00:24:37+07:00,25.90000,87.30000,101.40000,127.50000,0.50062,403.64401
2025-06-22 00:25:29+07:00,25.90000,87.30000,105.40000,135.39999,0.51758,403.58478
2025-06-22 00:26:19+07:00,25.90000,87.60000,107.30000,139.50000,0.53498,403.60690
2025-06-22 00:27:08+07:00,25.90000,87.60000,103.80000,133.00000,0.55119,403.64401
2025-06-22 00:27:58+07:00,26.00000,87.60000,103.60000,131.50000,0.52386,403.68890
2025-06-22 00:28:47+07:00,25.90000,87.50000,104.10000,135.50000,0.52071,403.59952
2025-06-22 00:29:37+07:00,25.90000,87.70000,104.90000,129.39999,0.49910,403.64401
2025-06-22 00:30:26+07:00,25.90000,87.60000,103.00000,130.00000,0.54304,403.63657
2025-06-22 00:31:16+07:00,25.90000,87.50000,100.60000,127.80000,0.53019,403.57745
2025-06-22 00:32:08+07:00,25.90000,87.40000,102.80000,130.00000,0.51602,403.68140
2025-06-22 00:32:58+07:00,25.90000,87.50000,99.80000,127.70000,0.52702,403.64401
2025-06-22 00:33:48+07:00,25.90000,87.60000,97.70000,125.00000,0.48856,403.70398
2025-06-22 00:34:37+07:00,25.80000,87.80000,101.70000,132.00000,0.54629,403.60690
2025-06-22 00:35:27+07:00,25.90000,87.80000,103.20000,132.30000,0.53980,403.57010
2025-06-22 00:39:02+07:00,25.80000,88.00000,101.30000,128.30000,0.53980,403.59213
2025-06-22 00:39:52+07:00,25.90000,88.20000,104.30000,131.39999,0.51291,403.59213
2025-06-22 00:40:41+07:00,25.80000,88.20000,115.60000,149.89999,0.52860,403.62912
2025-06-22 00:41:31+07:00,25.80000,88.00000,115.10000,148.10001,0.53498,403.63657
2025-06-22 00:42:20+07:00,25.80000,88.50000,112.70000,145.50000,0.53338,403.62170
2025-06-22 00:43:10+07:00,25.90000,88.40000,115.30000,151.60001,0.54955,403.68140
2025-06-22 00:43:59+07:00,25.90000,88.30000,111.30000,142.70000,0.51447,403.69644
2025-06-22 00:44:48+07:00,25.80000,88.40000,112.10000,148.50000,0.54955,403.69644
2025-06-22 00:45:38+07:00,25.80000,88.40000,113.20000,145.20000,0.55943,403.63657
2025-06-22 00:46:27+07:00,25.80000,88.50000,115.60000,152.30000,0.51291,403.70398
2025-06-22 00:47:18+07:00,25.80000,88.60000,113.80000,150.39999,0.54304,403.70398
2025-06-22 00:48:07+07:00,25.80000,88.50000,113.10000,145.60001,0.55777,403.74951
2025-06-22 00:48:56+07:00,25.80000,88.80000,110.80000,142.80000,0.51758,403.70398
2025-06-22 00:49:46+07:00,25.70000,88.90000,114.00000,147.30000,0.53980,403.74951
2025-06-22 00:50:35+07:00,25.70000,88.90000,113.40000,145.10001,0.52386,403.71155
2025-06-22 00:51:25+07:00,25.80000,88.80000,114.30000,147.39999,0.52386,403.68890
2025-06-22 00:52:15+07:00,25.80000,88.60000,110.70000,146.10001,0.55612,403.69644
2025-06-22 00:53:04+07:00,25.80000,88.50000,116.90000,153.10001,0.53819,403.76477
2025-06-22 00:53:54+07:00,25.90000,88.40000,114.00000,148.60001,0.55447,403.78009
2025-06-22 00:54:43+07:00,25.90000,88.60000,115.20000,152.00000,0.55612,403.65894
2025-06-22 00:55:33+07:00,25.90000,88.30000,117.20000,151.30000,0.53980,403.74188
2025-06-22 00:56:23+07:00,25.80000,88.40000,116.20000,151.00000,0.53019,403.68140
2025-06-22 00:57:13+07:00,25.80000,88.40000,116.70000,150.10001,0.55447,403.67389
2025-06-22 00:58:02+07:00,25.80000,88.20000,120.80000,157.39999,0.54304,403.71155
2025-06-22 00:58:52+07:00,25.80000,88.20000,117.00000,150.60001,0.54304,403.72668
2025-06-22 00:59:41+07:00,25.70000,88.50000,122.50000,155.50000,0.55612,403.78009
2025-06-22 01:00:30+07:00,25.70000,88.80000,119.60000,155.70000,0.53498,403.62912
2025-06-22 01:01:20+07:00,25.70000,88.90000,119.30000,159.10001,0.56777,403.62170
2025-06-22 01:02:09+07:00,25.70000,88.60000,121.90000,161.39999,0.53658,403.69644
2025-06-22 01:02:59+07:00,25.70000,88.50000,117.50000,154.20000,0.55119,403.69644
2025-06-22 01:03:48+07:00,25.70000,88.80000,117.90000,155.00000,0.53178,403.56277
2025-06-22 01:04:38+07:00,25.70000,89.20000,119.90000,154.60001,0.56609,403.71155
2025-06-22 01:05:27+07:00,25.60000,89.30000,123.60000,159.70000,0.54142,403.71912
2025-06-22 01:06:17+07:00,25.70000,89.20000,118.50000,153.20000,0.54304,403.72668
2025-06-22 01:07:06+07:00,25.60000,89.30000,115.10000,150.80000,0.51915,403.69644
2025-06-22 01:07:56+07:00,25.60000,89.40000,116.80000,153.00000,0.50521,403.75714
2025-06-22 01:08:45+07:00,25.60000,89.60000,119.80000,155.39999,0.53980,403.75714
2025-06-22 01:09:35+07:00,25.50000,89.90000,118.50000,151.30000,0.56945,403.54089
2025-06-22 01:10:24+07:00,25.60000,89.70000,121.00000,159.39999,0.54955,403.68140
2025-06-22 01:11:14+07:00,25.60000,89.60000,115.70000,151.70000,0.53019,403.70398
2025-06-22 01:12:03+07:00,25.70000,89.40000,120.40000,153.10001,0.53819,403.65894
2025-06-22 01:12:53+07:00,25.80000,88.90000,116.30000,146.80000,0.55447,403.62912
2025-06-22 01:13:42+07:00,25.80000,89.20000,116.60000,155.80000,0.52860,403.70398
2025-06-22 01:14:31+07:00,25.80000,89.10000,117.10000,150.50000,0.53498,403.59952
2025-06-22 01:15:21+07:00,25.80000,89.00000,119.20000,155.70000,0.54466,403.74188
2025-06-22 01:16:10+07:00,25.80000,89.00000,117.70000,158.10001,0.51447,403.60690
2025-06-22 01:17:00+07:00,25.80000,88.80000,121.80000,160.80000,0.54792,403.89661
2025-06-22 01:17:49+07:00,25.90000,88.50000,125.40000,163.89999,0.52386,403.59952
2025-06-22 01:18:38+07:00,25.80000,88.70000,127.90000,170.89999,0.54304,403.92816
2025-06-22 01:19:28+07:00,25.80000,88.80000,126.30000,165.80000,0.52702,403.75714
2025-06-22 01:20:17+07:00,25.70000,89.10000,130.50000,175.10001,0.52860,403.77243
2025-06-22 01:21:09+07:00,25.70000,89.20000,129.80000,173.60001,0.53980,403.77243
2025-06-22 01:21:59+07:00,25.70000,89.40000,133.60001,181.30000,0.55447,403.67389
2025-06-22 01:22:48+07:00,25.60000,89.60000,130.39999,174.10001,0.54629,403.77243
2025-06-22 01:23:40+07:00,25.60000,89.80000,130.10001,171.80000,0.56609,403.68140
2025-06-22 01:24:30+07:00,25.60000,90.20000,134.20000,179.70000,0.52544,403.69644
2025-06-22 01:25:19+07:00,25.50000,90.20000,129.70000,173.80000,0.56442,403.74188
2025-06-22 01:26:08+07:00,25.60000,89.90000,133.00000,179.10001,0.51136,403.58478
2025-06-22 01:26:58+07:00,25.70000,89.70000,128.60001,173.20000,0.55283,403.76477
2025-06-22 01:27:47+07:00,25.70000,89.40000,129.00000,170.70000,0.53658,403.68140
2025-06-22 01:28:36+07:00,25.80000,89.10000,127.50000,171.30000,0.53498,403.78778
2025-06-22 01:29:26+07:00,25.70000,89.20000,129.60001,174.89999,0.52544,403.65894
2025-06-22 01:30:15+07:00,25.70000,89.30000,128.00000,174.80000,0.54304,403.67389
2025-06-22 01:31:05+07:00,25.70000,89.60000,128.30000,174.39999,0.54142,403.78778
2025-06-22 01:31:54+07:00,25.70000,89.50000,128.10001,170.80000,0.53338,403.76477
2025-06-22 01:32:43+07:00,25.70000,89.70000,129.50000,173.10001,0.54629,403.80316
2025-06-22 01:33:33+07:00,25.70000,89.70000,129.89999,172.80000,0.52544,403.71912
2025-06-22 01:34:22+07:00,25.70000,89.70000,135.30000,181.00000,0.53658,403.71155
2025-06-22 01:35:11+07:00,25.80000,89.70000,130.30000,177.70000,0.54955,403.72668
2025-06-22 01:36:01+07:00,25.80000,89.70000,135.00000,176.50000,0.55283,403.70398
2025-06-22 01:36:50+07:00,25.80000,89.80000,133.00000,176.60001,0.59685,403.84189
2025-06-22 01:37:40+07:00,25.80000,89.60000,131.30000,177.50000,0.54792,403.90448
2025-06-22 01:38:29+07:00,25.70000,89.80000,134.00000,177.80000,0.54955,403.78778
2025-06-22 01:39:18+07:00,25.70000,89.90000,132.39999,175.89999,0.57451,403.73428
2025-06-22 01:40:08+07:00,25.70000,89.70000,129.80000,176.70000,0.55612,403.75714
2025-06-22 01:40:57+07:00,25.70000,89.70000,129.70000,171.89999,0.55119,403.81088
2025-06-22 01:41:46+07:00,25.70000,89.60000,128.30000,172.80000,0.55283,403.79547
2025-06-22 01:42:36+07:00,25.70000,89.80000,128.00000,173.20000,0.56609,403.89661
2025-06-22 01:43:25+07:00,25.60000,89.90000,125.60000,168.00000,0.57282,403.66641
2025-06-22 01:44:15+07:00,25.60000,90.10000,127.20000,175.30000,0.54629,403.62912
2025-06-22 01:45:05+07:00,25.60000,89.90000,124.20000,171.70000,0.54629,403.74188
2025-06-22 01:45:55+07:00,25.60000,89.80000,121.90000,166.70000,0.57113,403.72668
2025-06-22 01:46:45+07:00,25.60000,89.40000,122.00000,164.80000,0.53019,403.78778
2025-06-22 01:47:35+07:00,25.60000,89.50000,121.00000,165.39999,0.57282,403.64401
2025-06-22 01:48:27+07:00,25.60000,89.70000,124.90000,168.89999,0.56109,403.92026
2025-06-22 01:49:16+07:00,25.60000,89.70000,126.90000,170.39999,0.56109,403.74188
2025-06-22 01:50:06+07:00,25.70000,89.40000,124.30000,168.10001,0.56442,403.79547
2025-06-22 01:50:58+07:00,25.70000,89.20000,128.39999,171.89999,0.52386,403.67389
2025-06-22 01:51:48+07:00,25.80000,89.10000,127.80000,174.39999,0.57451,403.81860
2025-06-22 01:52:39+07:00,25.80000,89.00000,126.50000,175.70000,0.54142,403.67389
2025-06-22 01:53:29+07:00,25.70000,88.90000,127.80000,176.60001,0.53498,403.81088
2025-06-22 01:54:19+07:00,25.70000,89.10000,133.60001,183.70000,0.53980,403.68890
2025-06-22 01:55:08+07:00,25.60000,89.10000,130.60001,182.70000,0.56777,403.74951
2025-06-22 01:55:59+07:00,25.70000,89.20000,135.20000,188.10001,0.54792,403.74951
2025-06-22 01:56:49+07:00,25.70000,89.10000,134.10001,190.20000,0.55447,403.73428
2025-06-22 01:57:38+07:00,25.60000,89.20000,138.39999,192.30000,0.55777,403.51187
2025-06-22 01:58:32+07:00,25.60000,89.20000,138.10001,193.30000,0.53819,403.62912
2025-06-22 01:59:22+07:00,25.70000,89.20000,138.89999,190.20000,0.56609,403.78778
2025-06-22 02:00:11+07:00,25.70000,89.30000,135.60001,188.20000,0.54304,403.88873
2025-06-22 02:01:01+07:00,25.70000,89.10000,139.30000,196.10001,0.55943,403.59213
2025-06-22 02:01:50+07:00,25.70000,89.20000,138.00000,195.10001,0.58131,404.14658
2025-06-22 02:02:40+07:00,25.70000,89.20000,139.60001,200.20000,0.53819,403.75714
2025-06-22 02:03:29+07:00,25.70000,89.20000,140.10001,199.10001,0.56609,403.77243
2025-06-22 02:04:19+07:00,25.70000,89.30000,136.50000,191.70000,0.52702,403.79547
2025-06-22 02:05:08+07:00,25.70000,89.10000,139.20000,199.80000,0.56109,403.95197
2025-06-22 02:05:58+07:00,25.70000,89.20000,139.80000,199.30000,0.52228,403.74951
2025-06-22 02:06:47+07:00,25.70000,89.10000,138.70000,194.50000,0.54629,403.67389
2025-06-22 02:07:36+07:00,25.60000,89.40000,134.10001,189.00000,0.56945,403.78009
2025-06-22 02:08:26+07:00,25.60000,89.70000,140.60001,195.70000,0.56442,403.70398
2025-06-22 02:09:15+07:00,25.50000,89.80000,132.80000,187.89999,0.55447,403.60690
2025-06-22 02:10:04+07:00,25.60000,89.60000,134.80000,189.00000,0.53498,403.81088
2025-06-22 02:10:54+07:00,25.50000,90.10000,134.89999,190.20000,0.57961,403.78778
2025-06-22 02:11:43+07:00,25.50000,90.40000,140.70000,194.00000,0.53658,403.74951
2025-06-22 02:12:33+07:00,25.40000,90.60000,141.89999,200.60001,0.55283,403.88873
2025-06-22 02:13:22+07:00,25.40000,90.80000,141.80000,203.39999,0.55943,403.74951
2025-06-22 02:14:11+07:00,25.40000,90.70000,137.00000,196.80000,0.56442,403.73428
2025-06-22 02:15:01+07:00,25.40000,90.70000,137.30000,191.20000,0.54955,403.71155
2025-06-22 02:15:51+07:00,25.50000,90.50000,140.30000,204.10001,0.54304,403.71155
2025-06-22 02:16:40+07:00,25.50000,90.20000,142.20000,201.39999,0.51291,403.89661
2025-06-22 02:17:29+07:00,25.60000,90.20000,139.60001,195.39999,0.55447,403.80316
2025-06-22 02:18:19+07:00,25.60000,90.00000,144.20000,207.80000,0.54466,403.51910
2025-06-22 02:19:08+07:00,25.60000,89.80000,142.30000,205.10001,0.57282,403.78009
2025-06-22 02:19:57+07:00,25.60000,89.80000,144.00000,209.39999,0.57621,403.69644
2025-06-22 02:20:47+07:00,25.60000,89.90000,149.89999,216.70000,0.56442,403.75714
2025-06-22 02:21:36+07:00,25.60000,89.90000,146.60001,209.10001,0.55612,403.69644
2025-06-22 02:22:26+07:00,25.60000,90.00000,149.60001,213.30000,0.57621,403.83411
2025-06-22 02:23:15+07:00,25.60000,90.10000,149.10001,214.50000,0.55612,403.78009
2025-06-22 02:24:04+07:00,25.50000,90.20000,147.70000,213.80000,0.54466,403.88873
2025-06-22 02:24:54+07:00,25.60000,90.00000,143.10001,204.89999,0.57451,403.59213
2025-06-22 02:25:43+07:00,25.60000,89.70000,141.30000,200.89999,0.56109,403.65146
2025-06-22 02:26:33+07:00,25.60000,89.50000,140.50000,202.50000,0.58131,403.67389
2025-06-22 02:27:22+07:00,25.60000,89.40000,140.80000,203.39999,0.56609,403.70398
2025-06-22 02:28:12+07:00,25.60000,89.60000,137.80000,200.70000,0.55283,403.79547
2025-06-22 02:29:01+07:00,25.50000,89.60000,134.80000,192.80000,0.52702,403.66641
2025-06-22 02:29:50+07:00,25.50000,89.60000,142.60001,204.60001,0.55283,403.71912
2025-06-22 02:30:40+07:00,25.60000,89.50000,141.00000,204.70000,0.53338,403.67389
2025-06-22 02:31:29+07:00,25.50000,89.50000,137.50000,202.50000,0.54304,403.66641
2025-06-22 02:32:19+07:00,25.60000,89.40000,143.50000,213.10001,0.54466,403.71155
2025-06-22 02:33:08+07:00,25.50000,89.70000,142.20000,208.39999,0.51602,403.64401
2025-06-22 02:33:57+07:00,25.40000,89.90000,139.30000,202.00000,0.55612,403.71912
2025-06-22 02:34:47+07:00,25.40000,90.00000,139.70000,204.00000,0.52860,403.77243
2025-06-22 02:35:36+07:00,25.40000,90.10000,138.70000,202.20000,0.55119,403.66641
2025-06-22 02:36:25+07:00,25.50000,89.90000,145.00000,206.50000,0.55943,403.59213
2025-06-22 02:37:15+07:00,25.50000,89.70000,144.30000,207.50000,0.53019,403.74188
2025-06-22 02:38:04+07:00,25.60000,89.50000,142.50000,203.10001,0.52702,403.83411
2025-06-22 02:38:54+07:00,25.60000,89.70000,142.50000,208.00000,0.54629,403.64401
2025-06-22 02:39:43+07:00,25.60000,89.50000,141.50000,202.39999,0.50674,403.63657
2025-06-22 02:40:32+07:00,25.60000,89.40000,139.89999,201.89999,0.52860,403.65146
2025-06-22 02:41:22+07:00,25.60000,89.40000,139.30000,203.50000,0.54792,403.62912
2025-06-22 02:42:11+07:00,25.60000,89.50000,142.10001,201.70000,0.55283,403.67389
2025-06-22 02:43:01+07:00,25.50000,89.60000,137.70000,193.20000,0.57791,403.71912
2025-06-22 02:43:50+07:00,25.60000,89.80000,137.89999,195.60001,0.56109,403.71155
2025-06-22 02:44:39+07:00,25.60000,89.70000,137.89999,195.20000,0.51915,403.62912
2025-06-22 02:45:29+07:00,25.60000,89.70000,133.20000,190.20000,0.55283,403.78009
2025-06-22 02:46:18+07:00,25.60000,89.70000,136.30000,193.50000,0.54304,403.70398
2025-06-22 02:47:08+07:00,25.60000,89.50000,134.30000,193.70000,0.54304,403.68140
2025-06-22 02:47:57+07:00,25.60000,89.50000,136.89999,193.00000,0.53498,403.71155
2025-06-22 02:48:46+07:00,25.60000,89.30000,133.60001,191.00000,0.56777,403.89661
2025-06-22 02:49:36+07:00,25.60000,89.20000,135.39999,189.50000,0.52702,403.71155
2025-06-22 02:50:26+07:00,25.50000,89.30000,132.70000,185.20000,0.55447,403.66641
2025-06-22 02:51:15+07:00,25.60000,89.20000,135.39999,189.30000,0.56609,403.76477
2025-06-22 02:52:08+07:00,25.60000,89.30000,135.70000,189.70000,0.53498,403.70398
2025-06-22 02:52:57+07:00,25.50000,89.50000,136.89999,194.89999,0.51447,403.71912
2025-06-22 02:53:46+07:00,25.40000,89.80000,137.20000,192.00000,0.51915,403.70398
2025-06-22 02:54:36+07:00,25.40000,90.10000,135.60001,187.20000,0.54629,403.74951
2025-06-22 02:55:25+07:00,25.30000,90.50000,132.60001,185.00000,0.53980,403.68890
2025-06-22 02:56:14+07:00,25.30000,90.90000,130.39999,184.50000,0.54142,403.82635
2025-06-22 02:57:04+07:00,25.30000,91.10000,128.80000,180.50000,0.49910,403.69644
2025-06-22 02:57:53+07:00,25.30000,90.70000,132.20000,187.80000,0.52071,403.74951
2025-06-22 02:58:43+07:00,25.40000,90.50000,138.89999,199.80000,0.50368,403.69644
2025-06-22 02:59:32+07:00,25.30000,90.50000,135.80000,195.80000,0.53980,403.70398
2025-06-22 03:00:21+07:00,25.30000,90.70000,135.39999,196.89999,0.53980,403.81860
2025-06-22 03:01:11+07:00,25.30000,90.70000,137.30000,201.70000,0.57451,403.75714
2025-06-22 03:02:00+07:00,25.20000,90.80000,142.39999,203.70000,0.53178,403.68140
2025-06-22 03:02:52+07:00,25.30000,90.90000,138.80000,198.10001,0.55119,403.79547
2025-06-22 03:03:42+07:00,25.20000,91.00000,134.39999,197.30000,0.52860,403.68890
2025-06-22 03:04:31+07:00,25.20000,90.90000,137.10001,199.39999,0.52544,403.65894
2025-06-22 03:05:21+07:00,25.20000,90.90000,136.50000,194.10001,0.52860,403.57010
2025-06-22 03:06:10+07:00,25.30000,91.10000,140.00000,206.10001,0.51136,403.71912
2025-06-22 03:07:00+07:00,25.20000,91.20000,139.20000,204.70000,0.54304,403.80316
2025-06-22 03:07:49+07:00,25.20000,91.30000,143.89999,213.30000,0.53658,403.72668
2025-06-22 03:08:41+07:00,25.20000,91.40000,138.10001,203.00000,0.54792,403.62170
2025-06-22 03:09:31+07:00,25.30000,91.50000,140.70000,208.89999,0.53178,403.65146
2025-06-22 03:10:25+07:00,25.30000,91.40000,140.80000,205.60001,0.50982,403.66641
2025-06-22 03:11:15+07:00,25.30000,91.30000,142.39999,207.80000,0.53980,403.71912
2025-06-22 03:12:04+07:00,25.30000,91.20000,136.89999,202.80000,0.53498,403.75714
2025-06-22 03:12:54+07:00,25.30000,91.10000,139.00000,202.70000,0.52702,403.81860
2025-06-22 03:13:45+07:00,25.30000,90.70000,133.00000,196.80000,0.54629,403.68140
2025-06-22 03:14:34+07:00,25.30000,90.60000,138.70000,200.70000,0.54955,403.57745
2025-06-22 03:15:24+07:00,25.30000,90.60000,135.70000,198.39999,0.52071,403.57010
2025-06-22 03:16:13+07:00,25.30000,90.50000,136.00000,201.60001,0.52386,403.68140
2025-06-22 03:17:02+07:00,25.30000,90.50000,137.60001,205.30000,0.54304,403.63657
2025-06-22 03:17:52+07:00,25.30000,90.40000,143.10001,208.50000,0.52228,403.63657
2025-06-22 03:18:44+07:00,25.40000,90.30000,137.20000,205.39999,0.51758,403.71912
2025-06-22 03:19:34+07:00,25.40000,90.00000,139.89999,209.30000,0.53658,403.54819
2025-06-22 03:20:23+07:00,25.30000,90.20000,135.10001,199.10001,0.51758,403.69644
2025-06-22 03:21:13+07:00,25.30000,90.40000,137.20000,200.60001,0.55612,403.62912
2025-06-22 03:22:02+07:00,25.30000,90.70000,137.50000,200.60001,0.54142,403.64401
2025-06-22 03:22:52+07:00,25.30000,90.90000,139.39999,203.50000,0.51291,403.57745
2025-06-22 03:23:41+07:00,25.20000,90.90000,140.00000,205.70000,0.53980,403.59952
2025-06-22 03:24:30+07:00,25.20000,91.10000,138.20000,197.70000,0.53658,403.63657
2025-06-22 03:25:20+07:00,25.20000,91.20000,134.30000,200.20000,0.53178,403.62912
2025-06-22 03:26:16+07:00,25.30000,91.30000,134.39999,200.50000,0.49608,403.58478
2025-06-22 03:27:08+07:00,25.20000,91.20000,136.50000,200.00000,0.52544,403.59213
2025-06-22 03:27:58+07:00,25.20000,91.10000,134.39999,193.30000,0.52071,403.54089
2025-06-22 03:28:47+07:00,25.30000,90.70000,134.80000,197.30000,0.54142,403.61429
2025-06-22 03:29:37+07:00,25.30000,90.70000,131.10001,193.39999,0.52386,403.59213
2025-06-22 03:30:28+07:00,25.40000,90.40000,135.50000,195.50000,0.49759,403.71912
2025-06-22 03:31:18+07:00,25.30000,90.60000,137.89999,200.20000,0.53819,403.54089
2025-06-22 03:32:07+07:00,25.40000,90.50000,135.00000,197.60001,0.48707,403.60690
2025-06-22 03:32:56+07:00,25.40000,90.40000,133.89999,191.50000,0.54142,403.68140
2025-06-22 03:33:46+07:00,25.40000,90.20000,133.80000,191.39999,0.54304,403.63657
2025-06-22 03:34:35+07:00,25.50000,90.00000,131.89999,195.30000,0.50674,403.59952
2025-06-22 03:35:25+07:00,25.40000,89.90000,132.60001,200.39999,0.51602,403.63657
2025-06-22 03:36:14+07:00,25.50000,90.10000,134.80000,196.80000,0.54629,403.63657
2025-06-22 03:37:03+07:00,25.40000,89.90000,134.50000,191.20000,0.51136,403.65894
2025-06-22 03:37:53+07:00,25.40000,90.00000,129.80000,188.30000,0.49306,403.51187
2025-06-22 03:38:42+07:00,25.40000,89.80000,130.39999,184.50000,0.55777,403.62170
2025-06-22 03:39:31+07:00,25.50000,89.60000,127.20000,185.60001,0.52228,403.60690
2025-06-22 03:40:21+07:00,25.50000,89.50000,130.89999,187.20000,0.55447,403.54089
2025-06-22 03:41:10+07:00,25.50000,89.40000,128.10001,186.20000,0.49608,403.56277
2025-06-22 03:41:59+07:00,25.50000,89.40000,128.10001,182.80000,0.49759,403.65894
2025-06-22 03:42:49+07:00,25.50000,89.40000,129.39999,180.89999,0.50521,403.62170
2025-06-22 03:43:42+07:00,25.60000,89.20000,129.00000,186.80000,0.50982,403.64401
2025-06-22 03:44:31+07:00,25.60000,89.10000,128.60001,184.39999,0.53819,403.62912
2025-06-22 03:45:21+07:00,25.50000,89.20000,128.39999,185.30000,0.57791,403.65146
2025-06-22 03:46:10+07:00,25.50000,89.30000,128.70000,186.00000,0.54304,403.59952
2025-06-22 03:46:59+07:00,25.40000,89.60000,125.00000,177.30000,0.50215,403.51910
2025-06-22 03:47:52+07:00,25.40000,89.60000,130.80000,187.60001,0.52386,403.52637
2025-06-22 03:48:41+07:00,25.50000,89.50000,128.60001,185.70000,0.51447,403.62170
2025-06-22 03:49:31+07:00,25.50000,89.50000,124.10000,180.89999,0.50215,403.58478
2025-06-22 03:50:20+07:00,25.50000,89.60000,123.20000,173.20000,0.52228,403.54089
2025-06-22 03:51:09+07:00,25.50000,89.60000,122.80000,169.50000,0.50521,403.56277
2025-06-22 03:51:59+07:00,25.50000,89.40000,119.60000,172.80000,0.49608,403.62170
2025-06-22 03:52:48+07:00,25.50000,89.30000,119.30000,166.30000,0.48558,403.64401
2025-06-22 03:53:38+07:00,25.50000,89.40000,122.30000,171.30000,0.51136,403.64401
2025-06-22 03:54:27+07:00,25.50000,89.60000,121.30000,170.00000,0.50674,403.53363
2025-06-22 03:55:21+07:00,25.50000,89.40000,123.80000,167.50000,0.53819,403.57010
2025-06-22 03:56:14+07:00,25.40000,89.70000,127.10000,175.89999,0.50982,403.52637
2025-06-22 03:57:09+07:00,25.40000,90.00000,123.20000,176.39999,0.49910,403.41177
2025-06-22 03:57:59+07:00,25.40000,90.00000,123.00000,173.39999,0.51291,403.65146
2025-06-22 03:58:49+07:00,25.40000,89.70000,123.90000,173.70000,0.52071,403.70398
2025-06-22 03:59:38+07:00,25.40000,90.00000,122.40000,174.10001,0.55612,403.57745
2025-06-22 04:00:28+07:00,25.40000,90.00000,124.50000,181.80000,0.52071,403.63657
2025-06-22 04:01:18+07:00,25.50000,89.90000,127.90000,179.20000,0.53178,403.63657
2025-06-22 04:02:07+07:00,25.50000,89.70000,125.00000,178.80000,0.58302,403.61429
2025-06-22 04:02:57+07:00,25.40000,89.90000,126.00000,176.80000,0.51447,403.54089
2025-06-22 04:03:47+07:00,25.40000,89.90000,123.80000,179.10001,0.49306,404.05646
2025-06-22 04:04:37+07:00,25.30000,90.00000,124.60000,176.10001,0.53338,403.54819
2025-06-22 04:06:23+07:00,25.30000,89.90000,130.80000,184.70000,0.52544,403.66641
2025-06-22 04:07:12+07:00,25.30000,89.80000,122.10000,177.20000,0.54466,403.61429
2025-06-22 04:08:02+07:00,25.30000,90.00000,123.30000,174.60001,0.49608,403.74188
2025-06-22 04:08:54+07:00,25.30000,90.10000,119.40000,170.70000,0.54466,403.56277
2025-06-22 04:09:44+07:00,25.30000,90.20000,116.80000,165.30000,0.53980,403.67389
2025-06-22 04:10:33+07:00,25.20000,90.50000,118.80000,164.80000,0.51915,403.57745
2025-06-22 04:11:23+07:00,25.20000,90.30000,120.40000,170.60001,0.54792,403.57010
2025-06-22 04:12:13+07:00,25.20000,90.40000,116.90000,170.10001,0.49457,403.64401
2025-06-22 04:13:03+07:00,25.20000,90.40000,124.00000,177.50000,0.53338,403.62912
2025-06-22 04:13:53+07:00,25.20000,90.70000,117.30000,162.10001,0.50828,403.63657
2025-06-22 04:14:42+07:00,25.10000,90.80000,119.50000,165.00000,0.53178,403.68890
2025-06-22 04:15:32+07:00,25.20000,90.80000,121.20000,168.39999,0.53498,403.62170
2025-06-22 04:16:26+07:00,25.10000,90.90000,123.10000,169.30000,0.50828,403.70398
2025-06-22 04:17:20+07:00,25.10000,91.10000,121.20000,167.80000,0.51447,403.74951
2025-06-22 04:18:10+07:00,25.10000,91.20000,121.20000,172.39999,0.49910,403.71155
2025-06-22 04:19:00+07:00,25.10000,91.20000,124.40000,175.89999,0.53819,403.52637
2025-06-22 04:19:50+07:00,25.10000,91.30000,117.00000,163.80000,0.51602,403.57745
2025-06-22 04:20:44+07:00,25.10000,91.30000,122.80000,175.50000,0.51915,403.62912
2025-06-22 04:21:34+07:00,25.10000,91.00000,124.40000,178.00000,0.52860,403.57010
2025-06-22 04:23:30+07:00,25.20000,90.70000,124.60000,177.50000,0.53338,403.55548
2025-06-22 04:25:28+07:00,25.20000,91.10000,127.10000,174.60001,0.52860,403.47586
2025-06-22 04:26:20+07:00,25.20000,91.00000,119.00000,169.70000,0.49608,403.62170
2025-06-22 04:27:13+07:00,25.20000,91.00000,117.80000,167.30000,0.53498,403.65146
2025-06-22 04:28:05+07:00,25.20000,90.80000,113.10000,154.39999,0.54304,403.65146
2025-06-22 04:28:54+07:00,25.20000,91.00000,111.20000,156.39999,0.54792,403.59213
2025-06-22 04:29:44+07:00,25.30000,90.00000,103.00000,139.20000,0.50368,403.61429
2025-06-22 04:30:34+07:00,25.30000,89.40000,102.80000,142.30000,0.55612,403.71912
2025-06-22 04:31:23+07:00,25.30000,89.90000,99.60000,132.70000,0.51602,403.67389
2025-06-22 04:32:22+07:00,25.30000,90.20000,90.10000,121.90000,0.53338,403.49023
2025-06-22 04:33:15+07:00,25.20000,89.90000,86.80000,115.30000,0.51291,403.59952
2025-06-22 04:34:05+07:00,25.20000,89.50000,88.50000,116.00000,0.51602,403.49744
2025-06-22 04:34:54+07:00,25.30000,89.20000,84.80000,112.70000,0.52071,403.49744
2025-06-22 04:35:44+07:00,25.30000,88.60000,87.10000,115.20000,0.49457,403.57010
2025-06-22 04:36:33+07:00,25.30000,89.10000,82.50000,108.60000,0.50828,403.51910
2025-06-22 04:37:23+07:00,25.30000,89.10000,84.70000,111.60000,0.51915,403.59213
2025-06-22 04:38:12+07:00,25.30000,89.20000,85.90000,114.50000,0.52544,403.43304
2025-06-22 04:39:02+07:00,25.20000,89.60000,87.90000,116.10000,0.50368,403.58478
2025-06-22 04:39:51+07:00,25.20000,89.80000,85.30000,110.30000,0.47527,403.56277
2025-06-22 04:40:40+07:00,25.20000,89.20000,86.80000,116.90000,0.50521,403.53363
2025-06-22 04:41:30+07:00,25.20000,89.80000,87.10000,116.60000,0.51136,403.56277
2025-06-22 04:42:19+07:00,25.20000,89.30000,86.80000,111.20000,0.48262,403.44012
2025-06-22 04:43:08+07:00,25.20000,89.00000,83.40000,108.60000,0.50982,403.51187
2025-06-22 04:43:58+07:00,25.30000,89.10000,78.90000,104.00000,0.49457,403.59213
2025-06-22 04:44:47+07:00,25.30000,88.00000,83.10000,107.80000,0.49759,403.68140
2025-06-22 04:45:36+07:00,25.30000,89.00000,83.80000,108.60000,0.50674,403.55548
2025-06-22 04:46:26+07:00,25.30000,89.30000,81.70000,102.30000,0.48707,403.46869
2025-06-22 04:47:15+07:00,25.30000,88.30000,81.00000,109.40000,0.54304,403.68140
2025-06-22 04:48:05+07:00,25.40000,88.60000,83.80000,111.40000,0.50215,403.62912
2025-06-22 04:48:54+07:00,25.30000,89.30000,83.70000,110.30000,0.51602,403.53363
2025-06-22 04:49:43+07:00,25.30000,88.40000,85.10000,119.00000,0.49306,403.62912
2025-06-22 04:50:33+07:00,25.30000,88.60000,86.80000,116.10000,0.51291,403.65894
2025-06-22 04:51:22+07:00,25.30000,89.00000,86.60000,119.70000,0.50062,403.54819
2025-06-22 04:52:12+07:00,25.30000,89.30000,87.50000,120.20000,0.50062,403.53363
2025-06-22 04:53:01+07:00,25.20000,89.50000,91.10000,137.10001,0.50062,403.59213
2025-06-22 04:53:50+07:00,25.30000,89.40000,88.20000,125.90000,0.50215,403.51910
2025-06-22 04:54:40+07:00,25.30000,89.30000,86.30000,122.20000,0.49457,403.54089
2025-06-22 04:55:32+07:00,25.30000,89.20000,85.90000,120.20000,0.55612,403.55548
2025-06-22 04:56:22+07:00,25.30000,89.60000,85.60000,115.20000,0.49457,403.43304
2025-06-22 04:57:11+07:00,25.30000,89.40000,86.10000,116.60000,0.53498,403.43304
2025-06-22 04:58:01+07:00,25.20000,89.60000,82.90000,115.60000,0.51447,403.51187
2025-06-22 04:58:50+07:00,25.20000,89.50000,81.80000,118.40000,0.49910,403.58478
2025-06-22 04:59:43+07:00,25.30000,89.40000,86.00000,118.30000,0.50368,403.53363
2025-06-22 05:00:34+07:00,25.20000,89.70000,83.90000,115.00000,0.49910,403.41885
2025-06-22 05:01:24+07:00,25.20000,90.00000,83.80000,114.40000,0.52860,403.40472
2025-06-22 05:02:13+07:00,25.20000,90.00000,83.30000,117.60000,0.49457,403.51910
2025-06-22 05:03:02+07:00,25.10000,90.20000,85.00000,117.80000,0.50062,403.55548
2025-06-22 05:03:52+07:00,25.10000,90.10000,84.10000,110.30000,0.49006,403.49744
2025-06-22 05:04:41+07:00,25.20000,89.50000,83.00000,116.90000,0.49759,403.50464
2025-06-22 05:05:30+07:00,25.20000,89.90000,85.00000,115.60000,0.49910,403.53363
2025-06-22 05:06:20+07:00,25.20000,89.90000,83.90000,112.40000,0.49759,403.49023
2025-06-22 05:07:10+07:00,25.20000,89.80000,87.30000,118.40000,0.48114,403.51187
2025-06-22 05:07:59+07:00,25.20000,89.80000,84.20000,115.30000,0.50368,403.54819
2025-06-22 05:08:48+07:00,25.20000,90.00000,84.40000,114.50000,0.52386,403.57745
2025-06-22 05:09:38+07:00,25.20000,89.90000,86.90000,116.50000,0.50521,403.57010
2025-06-22 05:10:27+07:00,25.10000,90.10000,87.00000,121.90000,0.52860,403.45438
2025-06-22 05:11:16+07:00,25.10000,90.30000,87.00000,119.00000,0.51291,403.44727
2025-06-22 05:12:06+07:00,25.00000,90.50000,80.10000,105.90000,0.50215,403.43304
2025-06-22 05:12:56+07:00,25.00000,90.50000,83.10000,117.90000,0.51758,403.50464
2025-06-22 05:13:45+07:00,25.00000,90.70000,86.80000,115.50000,0.47967,403.59213
2025-06-22 05:14:35+07:00,25.00000,90.90000,86.50000,112.00000,0.49006,403.49744
2025-06-22 05:15:24+07:00,25.00000,90.90000,85.10000,113.10000,0.49156,403.41177
2025-06-22 05:16:14+07:00,25.00000,90.90000,87.40000,113.10000,0.49759,403.74951
2025-06-22 05:17:03+07:00,25.00000,91.20000,87.90000,113.60000,0.49006,403.46869
2025-06-22 05:17:52+07:00,24.90000,91.50000,84.60000,119.30000,0.48262,403.55548
2025-06-22 05:18:42+07:00,24.90000,91.60000,89.40000,115.40000,0.50982,403.59213
2025-06-22 05:19:33+07:00,24.90000,91.60000,88.30000,116.10000,0.49006,403.44727
2025-06-22 05:20:22+07:00,25.00000,91.20000,86.70000,115.00000,0.51758,403.47586
2025-06-22 05:21:12+07:00,25.00000,91.00000,89.50000,116.10000,0.50828,403.45438
2025-06-22 05:22:01+07:00,25.00000,91.00000,86.20000,109.00000,0.49306,403.68890
2025-06-22 05:22:51+07:00,24.90000,91.10000,87.80000,113.40000,0.48707,403.62170
2025-06-22 05:23:40+07:00,24.90000,91.10000,86.90000,114.30000,0.48262,403.51187
2025-06-22 05:24:30+07:00,24.90000,91.20000,84.20000,112.60000,0.50062,403.62170
2025-06-22 05:25:22+07:00,25.00000,91.10000,87.50000,114.50000,0.48856,403.49023
2025-06-22 05:26:12+07:00,25.00000,91.10000,82.80000,109.30000,0.51291,403.54089
2025-06-22 05:27:01+07:00,25.00000,91.20000,86.00000,115.40000,0.49910,403.58478
2025-06-22 05:27:54+07:00,25.00000,91.20000,87.90000,113.60000,0.49759,403.51187
2025-06-22 05:28:43+07:00,25.00000,91.00000,86.20000,112.90000,0.47967,403.45438
2025-06-22 05:29:33+07:00,25.10000,91.00000,88.40000,118.30000,0.48856,403.70398
2025-06-22 05:30:22+07:00,25.10000,90.90000,86.70000,118.80000,0.51291,403.49744
2025-06-22 05:31:12+07:00,25.20000,90.40000,89.20000,117.60000,0.49759,403.57010
2025-06-22 05:32:01+07:00,25.10000,90.40000,87.00000,116.60000,0.49608,403.59952
2025-06-22 05:32:51+07:00,25.10000,90.30000,87.20000,114.30000,0.51915,403.57745
2025-06-22 05:33:43+07:00,25.10000,90.40000,90.30000,120.30000,0.49306,403.51910
2025-06-22 05:34:33+07:00,25.20000,90.30000,87.40000,113.20000,0.48856,403.55548
2025-06-22 05:35:22+07:00,25.20000,90.00000,87.10000,118.40000,0.54792,403.65146
2025-06-22 05:36:11+07:00,25.30000,90.00000,95.00000,126.00000,0.51136,403.70398
2025-06-22 05:37:01+07:00,25.30000,89.50000,93.80000,120.80000,0.50062,403.52637
2025-06-22 05:37:50+07:00,25.20000,89.40000,89.40000,115.70000,0.49156,403.56277
2025-06-22 05:38:40+07:00,25.20000,89.70000,93.60000,123.30000,0.50982,403.59952
2025-06-22 05:39:32+07:00,25.10000,89.60000,95.00000,121.20000,0.53178,403.51910
2025-06-22 05:40:22+07:00,25.10000,89.80000,90.80000,119.40000,0.49006,403.54089
2025-06-22 05:41:16+07:00,25.10000,89.70000,90.90000,116.90000,0.50982,403.61429
2025-06-22 05:42:05+07:00,25.10000,89.90000,95.10000,121.30000,0.50368,403.52637
2025-06-22 05:42:55+07:00,25.00000,90.10000,93.60000,117.20000,0.51758,403.59213
2025-06-22 05:43:44+07:00,24.90000,90.30000,94.30000,122.10000,0.50521,403.44727
2025-06-22 05:44:33+07:00,25.00000,90.30000,89.80000,118.80000,0.46800,403.49744
2025-06-22 05:45:23+07:00,25.00000,90.20000,92.40000,119.20000,0.53338,403.52637
2025-06-22 05:46:12+07:00,25.00000,90.10000,93.50000,119.70000,0.50521,403.60690
2025-06-22 05:47:02+07:00,25.10000,90.00000,92.90000,120.10000,0.51602,403.59213
2025-06-22 05:47:51+07:00,25.10000,89.80000,93.50000,122.20000,0.49306,403.57010
2025-06-22 05:48:41+07:00,25.10000,90.00000,95.00000,123.10000,0.51602,403.43304
2025-06-22 05:49:30+07:00,25.10000,90.00000,94.30000,128.30000,0.49457,403.59952
2025-06-22 05:50:20+07:00,25.10000,89.90000,89.70000,117.70000,0.51291,403.57745
2025-06-22 05:51:09+07:00,25.10000,90.00000,87.20000,116.40000,0.49910,403.53363
2025-06-22 05:51:58+07:00,25.10000,90.20000,88.90000,118.90000,0.50828,403.51187
2025-06-22 05:52:48+07:00,25.10000,90.30000,86.20000,118.80000,0.47381,403.62912
2025-06-22 05:53:37+07:00,25.10000,90.30000,89.70000,119.90000,0.49306,403.63657
2025-06-22 05:54:27+07:00,25.10000,90.10000,90.00000,114.00000,0.49608,403.56277
2025-06-22 05:55:16+07:00,25.10000,90.10000,85.90000,113.40000,0.51915,403.63657
2025-06-22 05:56:05+07:00,25.20000,90.10000,87.70000,118.30000,0.50521,403.59952
2025-06-22 05:56:55+07:00,25.20000,89.70000,90.10000,118.90000,0.50215,403.54819
2025-06-22 05:57:44+07:00,25.20000,89.80000,87.00000,119.70000,0.52544,403.61429
2025-06-22 05:58:34+07:00,25.30000,89.70000,88.50000,119.70000,0.52071,403.69644
2025-06-22 05:59:23+07:00,25.20000,90.00000,89.40000,120.40000,0.51447,403.71155
2025-06-22 06:00:12+07:00,25.20000,89.90000,87.40000,114.90000,0.52071,403.62170
2025-06-22 06:01:02+07:00,25.20000,89.90000,90.30000,117.80000,0.49608,403.63657
2025-06-22 06:01:51+07:00,25.20000,89.70000,89.20000,117.30000,0.51136,403.66641
2025-06-22 06:02:40+07:00,25.20000,89.70000,87.30000,114.50000,0.54629,403.65894
2025-06-22 06:03:30+07:00,25.20000,89.70000,90.10000,118.50000,0.52386,403.43304
2025-06-22 06:04:19+07:00,25.20000,89.70000,91.50000,116.40000,0.54955,403.68140
2025-06-22 06:05:09+07:00,25.20000,89.60000,90.10000,117.10000,0.50062,403.56277
2025-06-22 06:05:58+07:00,25.10000,89.80000,90.90000,120.80000,0.48707,403.60690
2025-06-22 06:06:47+07:00,25.10000,89.80000,88.30000,116.80000,0.52386,403.63657
2025-06-22 06:07:37+07:00,25.10000,90.00000,86.20000,118.10000,0.51291,403.66641
2025-06-22 06:08:26+07:00,25.10000,89.80000,87.60000,114.50000,0.51291,403.42593
2025-06-22 06:09:15+07:00,25.00000,90.20000,88.20000,118.90000,0.52544,403.74188
2025-06-22 06:10:05+07:00,25.00000,90.10000,86.90000,112.50000,0.51136,403.61429
2025-06-22 06:10:54+07:00,25.00000,90.20000,85.30000,116.60000,0.51291,403.66641
2025-06-22 06:11:43+07:00,25.10000,89.90000,83.50000,111.20000,0.53019,403.63657
2025-06-22 06:12:33+07:00,25.10000,89.70000,85.40000,112.80000,0.52544,403.69644
2025-06-22 06:13:22+07:00,25.10000,89.60000,85.10000,110.80000,0.52071,403.69644
2025-06-22 06:14:12+07:00,25.10000,89.70000,82.90000,111.30000,0.53178,403.67389
2025-06-22 06:15:01+07:00,25.10000,89.70000,82.90000,110.60000,0.53498,403.67389
2025-06-22 06:15:51+07:00,25.10000,89.40000,79.40000,104.80000,0.53338,403.72668
2025-06-22 06:16:40+07:00,25.10000,89.40000,83.30000,108.70000,0.51136,403.72668
2025-06-22 06:17:29+07:00,25.10000,89.30000,83.40000,113.20000,0.52544,403.73428
2025-06-22 06:18:19+07:00,25.10000,89.30000,83.30000,110.50000,0.52544,403.98389
2025-06-22 06:19:08+07:00,25.10000,89.10000,80.60000,108.60000,0.53658,403.66641
2025-06-22 06:19:58+07:00,25.10000,89.20000,80.80000,107.70000,0.53338,403.78009
2025-06-22 06:20:47+07:00,25.10000,89.00000,83.70000,114.70000,0.50062,403.66641
2025-06-22 06:21:36+07:00,25.10000,89.20000,80.70000,109.20000,0.51915,403.73428
2025-06-22 06:22:26+07:00,25.10000,89.10000,83.20000,113.90000,0.53980,403.74951
2025-06-22 06:23:15+07:00,25.10000,89.10000,82.70000,112.50000,0.53819,403.81088
2025-06-22 06:24:05+07:00,25.10000,89.00000,82.40000,113.90000,0.51758,403.84967
2025-06-22 06:24:54+07:00,25.20000,88.90000,84.20000,118.30000,0.52071,403.87308
2025-06-22 06:25:45+07:00,25.20000,88.80000,86.10000,125.20000,0.52860,403.83411
2025-06-22 06:26:35+07:00,25.10000,88.90000,87.50000,122.10000,0.50982,403.76477
2025-06-22 06:27:24+07:00,25.10000,89.00000,85.30000,121.10000,0.53980,403.81088
2025-06-22 06:28:13+07:00,25.00000,89.30000,86.60000,124.00000,0.52228,403.88873
2025-06-22 06:29:03+07:00,25.00000,89.20000,84.70000,119.20000,0.55283,403.60690
2025-06-22 06:29:52+07:00,25.00000,89.50000,84.40000,116.20000,0.52228,403.86526
2025-06-22 06:30:41+07:00,25.00000,89.60000,84.20000,116.00000,0.56777,403.70398
2025-06-22 06:31:31+07:00,25.10000,89.30000,84.70000,115.80000,0.56777,403.88873
2025-06-22 06:32:20+07:00,25.00000,89.60000,85.70000,118.60000,0.57621,403.88092
2025-06-22 06:33:10+07:00,25.00000,89.80000,86.90000,118.60000,0.55447,403.86526
2025-06-22 06:33:59+07:00,25.00000,90.00000,85.30000,118.20000,0.55777,403.78009
2025-06-22 06:34:49+07:00,25.00000,89.70000,85.50000,117.30000,0.56442,403.78778
2025-06-22 06:35:38+07:00,25.00000,89.50000,87.70000,117.90000,0.55612,403.84967
2025-06-22 06:36:27+07:00,25.00000,89.70000,84.60000,114.20000,0.49910,403.88873
2025-06-22 06:37:17+07:00,25.00000,90.00000,86.10000,121.40000,0.55612,403.75714
2025-06-22 06:38:06+07:00,25.00000,90.00000,83.90000,114.90000,0.55119,403.88873
2025-06-22 06:38:55+07:00,25.00000,89.70000,84.60000,113.30000,0.56945,403.95197
2025-06-22 06:39:45+07:00,25.10000,89.40000,88.20000,119.80000,0.53338,403.81860
2025-06-22 06:40:34+07:00,25.10000,89.20000,86.60000,121.40000,0.57451,403.78778
2025-06-22 06:41:24+07:00,25.10000,89.20000,87.20000,116.70000,0.52860,403.89661
2025-06-22 06:42:13+07:00,25.10000,89.10000,89.40000,124.40000,0.55612,403.85745
2025-06-22 06:43:03+07:00,25.20000,89.00000,79.00000,112.40000,0.54629,403.88092
2025-06-22 06:43:52+07:00,25.10000,89.10000,83.90000,115.60000,0.53980,403.81088
2025-06-22 06:44:41+07:00,25.10000,89.30000,84.20000,114.50000,0.53658,403.87308
2025-06-22 06:45:31+07:00,25.00000,89.40000,82.70000,114.50000,0.56109,404.03214
2025-06-22 06:46:20+07:00,25.00000,89.70000,83.80000,111.10000,0.53178,403.78009
2025-06-22 06:47:10+07:00,24.90000,89.80000,83.20000,107.30000,0.58131,403.78009
2025-06-22 06:47:59+07:00,24.90000,90.10000,81.50000,107.00000,0.57113,403.88092
2025-06-22 06:48:49+07:00,24.90000,90.00000,82.30000,114.30000,0.54629,403.84967
2025-06-22 06:49:38+07:00,24.90000,90.20000,81.80000,109.50000,0.53819,403.82635
2025-06-22 06:50:28+07:00,24.90000,90.40000,80.90000,108.80000,0.57961,403.77243
2025-06-22 06:51:17+07:00,24.90000,90.30000,82.90000,110.30000,0.52386,403.94400
2025-06-22 06:52:07+07:00,25.00000,89.90000,83.10000,111.70000,0.52071,403.98389
2025-06-22 06:52:56+07:00,25.10000,89.90000,83.60000,109.70000,0.54792,403.89661
2025-06-22 06:53:46+07:00,25.10000,90.00000,84.80000,114.40000,0.57791,404.14658
2025-06-22 06:54:35+07:00,25.00000,90.20000,85.80000,117.00000,0.55777,404.31464
2025-06-22 06:55:25+07:00,25.00000,90.30000,80.20000,105.70000,0.58818,404.24677
2025-06-22 06:56:14+07:00,25.10000,90.00000,73.40000,100.30000,0.53338,404.14658
2025-06-22 06:57:03+07:00,25.20000,88.90000,79.70000,111.20000,0.55777,404.04834
2025-06-22 06:57:53+07:00,25.20000,88.50000,84.10000,115.30000,0.55777,403.86526
2025-06-22 06:58:42+07:00,25.20000,88.50000,82.10000,111.20000,0.58302,403.80316
2025-06-22 06:59:32+07:00,25.20000,88.70000,79.10000,111.50000,0.55612,403.77243
2025-06-22 07:00:21+07:00,25.20000,88.50000,80.40000,109.70000,0.56276,403.74951
2025-06-22 07:01:11+07:00,25.20000,88.30000,79.70000,106.10000,0.56609,403.84967
2025-06-22 07:02:00+07:00,25.20000,87.80000,77.60000,106.50000,0.55283,403.71155
2025-06-22 07:02:50+07:00,25.20000,87.80000,79.20000,112.40000,0.58646,403.79547
2025-06-22 07:03:39+07:00,25.20000,87.70000,72.10000,100.00000,0.52386,403.84189
2025-06-22 07:04:29+07:00,25.30000,87.70000,65.60000,89.00000,0.57621,403.76477
2025-06-22 07:05:18+07:00,25.30000,87.10000,60.80000,85.40000,0.53658,403.74188
2025-06-22 07:06:08+07:00,25.30000,86.50000,62.50000,85.40000,0.55119,403.71912
2025-06-22 07:06:57+07:00,25.30000,86.10000,60.10000,79.20000,0.54304,403.68890
2025-06-22 07:07:47+07:00,25.30000,86.60000,62.20000,84.70000,0.54142,403.81088
2025-06-22 07:08:36+07:00,25.30000,86.20000,59.00000,77.60000,0.50674,403.67389
2025-06-22 07:09:25+07:00,25.40000,85.70000,57.20000,75.40000,0.53019,403.72668
2025-06-22 07:10:15+07:00,25.40000,85.70000,59.20000,78.20000,0.50982,403.72668
2025-06-22 07:11:04+07:00,25.40000,86.00000,57.70000,80.00000,0.54466,403.59952
2025-06-22 07:11:54+07:00,25.40000,85.90000,58.20000,76.80000,0.48856,403.62912
2025-06-22 07:12:43+07:00,25.40000,86.10000,60.40000,80.10000,0.53980,403.64401
2025-06-22 07:13:33+07:00,25.30000,86.50000,60.20000,81.30000,0.51602,403.59952
2025-06-22 07:14:23+07:00,25.30000,86.30000,57.70000,75.40000,0.49608,403.55548
2025-06-22 07:15:13+07:00,25.30000,86.30000,57.40000,74.70000,0.48707,403.57010
2025-06-22 07:16:08+07:00,25.30000,85.70000,59.80000,81.30000,0.50828,403.65146
2025-06-22 07:16:58+07:00,25.30000,85.20000,57.90000,77.90000,0.54142,403.51187
2025-06-22 07:17:47+07:00,25.40000,85.60000,60.00000,84.20000,0.50215,403.66641
2025-06-22 07:18:36+07:00,25.30000,86.30000,61.60000,84.70000,0.50521,403.59213
2025-06-22 07:19:26+07:00,25.30000,86.00000,59.80000,81.30000,0.48856,403.80316
2025-06-22 07:20:15+07:00,25.20000,86.30000,63.70000,88.50000,0.51915,403.54819
2025-06-22 07:21:05+07:00,25.20000,86.30000,61.10000,84.80000,0.50982,403.56277
2025-06-22 07:21:54+07:00,25.20000,86.60000,63.90000,86.00000,0.49156,403.65146
2025-06-22 07:22:43+07:00,25.20000,86.40000,65.30000,88.30000,0.50828,403.62912
2025-06-22 07:23:33+07:00,25.20000,87.00000,66.90000,90.40000,0.48707,403.61429
2025-06-22 07:24:22+07:00,25.30000,86.90000,66.40000,87.50000,0.48410,403.68890
2025-06-22 07:25:12+07:00,25.20000,86.40000,71.00000,94.10000,0.51291,403.70398
2025-06-22 07:26:01+07:00,25.30000,86.90000,72.00000,96.50000,0.49006,403.62170
2025-06-22 07:26:51+07:00,25.30000,86.50000,80.20000,108.40000,0.50521,403.68140
2025-06-22 07:27:40+07:00,25.30000,86.30000,96.30000,128.39999,0.50062,403.59213
2025-06-22 07:28:30+07:00,25.40000,85.90000,109.90000,153.60001,0.50368,403.56277
2025-06-22 07:29:19+07:00,25.30000,86.90000,95.70000,126.40000,0.52544,403.65894
2025-06-22 07:30:09+07:00,25.30000,84.50000,88.60000,119.30000,0.48114,403.84967
2025-06-22 07:30:58+07:00,25.40000,85.70000,87.80000,120.30000,0.49910,403.71912
2025-06-22 07:31:48+07:00,25.40000,86.30000,80.30000,110.40000,0.50521,403.79547
2025-06-22 07:32:37+07:00,25.40000,85.40000,80.30000,105.70000,0.49457,403.73428
2025-06-22 07:33:27+07:00,25.50000,85.40000,77.10000,103.90000,0.51136,403.84967
2025-06-22 07:34:16+07:00,25.50000,85.30000,85.30000,116.20000,0.52071,403.67389
2025-06-22 07:35:05+07:00,25.50000,85.50000,74.30000,99.80000,0.50062,403.99188
2025-06-22 07:35:58+07:00,25.50000,85.10000,98.90000,143.39999,0.50828,403.66641
2025-06-22 07:36:48+07:00,25.60000,84.80000,99.20000,142.50000,0.49910,403.65894
2025-06-22 07:37:38+07:00,25.60000,84.80000,97.90000,137.00000,0.53658,403.83411
2025-06-22 07:38:28+07:00,25.60000,85.40000,100.00000,141.60001,0.49910,403.78778
2025-06-22 07:39:17+07:00,25.60000,85.70000,88.90000,119.90000,0.54466,403.67389
2025-06-22 07:40:07+07:00,25.50000,84.10000,89.80000,125.10000,0.51602,403.78778
2025-06-22 07:40:57+07:00,25.60000,84.80000,84.40000,114.70000,0.53338,403.79547
2025-06-22 07:41:46+07:00,25.60000,85.10000,82.40000,107.30000,0.49306,403.75714
2025-06-22 07:42:36+07:00,25.60000,84.70000,71.10000,99.40000,0.51291,403.71912
2025-06-22 07:43:26+07:00,25.60000,84.80000,67.30000,91.90000,0.51447,403.63657
2025-06-22 07:44:16+07:00,25.50000,84.90000,66.60000,90.70000,0.50674,403.69644
2025-06-22 07:45:06+07:00,25.40000,85.20000,63.20000,87.30000,0.52860,403.66641
2025-06-22 07:45:56+07:00,25.40000,85.00000,61.30000,85.90000,0.51758,403.72668
2025-06-22 07:46:49+07:00,25.40000,84.90000,62.10000,86.60000,0.49910,403.59952
2025-06-22 07:47:38+07:00,25.50000,85.50000,59.90000,79.50000,0.49006,403.63657
2025-06-22 07:48:28+07:00,25.50000,84.50000,62.00000,86.50000,0.51291,403.65894
2025-06-22 07:49:21+07:00,25.50000,84.90000,59.60000,82.20000,0.50215,403.62912
2025-06-22 07:50:10+07:00,25.50000,84.30000,67.30000,93.30000,0.51758,403.75714
2025-06-22 07:51:00+07:00,25.40000,85.50000,62.90000,87.00000,0.49910,403.67389
2025-06-22 07:52:47+07:00,25.50000,84.70000,62.80000,84.60000,0.51291,403.68140
2025-06-22 07:53:38+07:00,25.50000,84.10000,67.00000,90.20000,0.52860,403.75714
2025-06-22 07:54:31+07:00,25.60000,82.70000,69.40000,95.50000,0.50368,403.72668
2025-06-22 07:55:22+07:00,25.60000,84.90000,70.20000,93.80000,0.52386,403.59952
2025-06-22 07:56:15+07:00,25.60000,83.20000,76.80000,107.60000,0.49006,403.78778
2025-06-22 07:57:05+07:00,25.70000,85.10000,68.60000,95.00000,0.52386,403.80316
2025-06-22 07:57:55+07:00,25.60000,85.30000,69.80000,93.00000,0.51447,403.65894
2025-06-22 07:58:48+07:00,25.50000,85.30000,70.50000,98.50000,0.51758,403.74951
2025-06-22 07:59:38+07:00,25.50000,85.60000,68.60000,91.90000,0.50215,403.65894
2025-06-22 08:00:28+07:00,25.50000,85.90000,74.00000,98.40000,0.53819,403.73428
2025-06-22 08:01:18+07:00,25.40000,86.20000,71.80000,95.00000,0.50982,403.70398
2025-06-22 08:02:07+07:00,25.40000,86.50000,73.40000,101.20000,0.51136,403.67389
2025-06-22 08:02:57+07:00,25.40000,86.60000,73.00000,99.30000,0.54142,403.73428
2025-06-22 08:03:47+07:00,25.40000,86.60000,77.30000,104.10000,0.51447,403.66641
2025-06-22 08:04:41+07:00,25.50000,86.50000,75.40000,103.00000,0.53819,403.68890
2025-06-22 08:05:34+07:00,25.50000,86.50000,77.80000,103.30000,0.50215,403.55548
2025-06-22 08:06:27+07:00,25.50000,86.30000,80.40000,107.10000,0.50368,403.74951
2025-06-22 08:07:20+07:00,25.50000,86.50000,80.90000,109.30000,0.51291,403.60690
2025-06-22 08:08:09+07:00,25.50000,86.80000,82.40000,114.70000,0.51758,403.66641
2025-06-22 08:08:58+07:00,25.50000,86.80000,80.60000,109.00000,0.52860,403.71155
2025-06-22 08:09:48+07:00,25.50000,86.80000,81.30000,107.10000,0.53338,403.64401
2025-06-22 08:10:37+07:00,25.50000,86.60000,78.00000,106.10000,0.52228,403.71912
2025-06-22 08:11:27+07:00,25.50000,86.40000,79.00000,106.60000,0.51291,403.70398
2025-06-22 08:12:19+07:00,25.60000,86.30000,71.70000,101.70000,0.50674,403.63657
2025-06-22 08:13:08+07:00,25.50000,85.90000,68.80000,94.50000,0.49910,403.63657
2025-06-22 08:14:06+07:00,25.50000,85.90000,67.70000,94.30000,0.50368,403.66641
2025-06-22 08:14:55+07:00,25.50000,86.10000,71.70000,100.20000,0.50828,403.65146
2025-06-22 08:15:45+07:00,25.50000,86.40000,72.10000,103.40000,0.51447,403.59952
2025-06-22 08:16:35+07:00,25.50000,86.30000,76.30000,108.50000,0.49006,403.52637
2025-06-22 08:17:29+07:00,25.50000,86.30000,74.10000,105.40000,0.49306,403.55548
2025-06-22 08:18:19+07:00,25.60000,86.40000,72.30000,97.60000,0.55283,403.64401
2025-06-22 08:19:08+07:00,25.60000,85.90000,74.20000,107.10000,0.48558,403.53363
2025-06-22 08:19:58+07:00,25.60000,85.20000,73.50000,104.80000,0.53338,403.65894
2025-06-22 08:20:47+07:00,25.60000,85.40000,78.20000,110.10000,0.54792,403.74951
2025-06-22 08:21:36+07:00,25.60000,85.00000,69.70000,94.20000,0.53498,403.77243
2025-06-22 08:22:26+07:00,25.60000,83.80000,74.60000,99.70000,0.52702,403.59952
2025-06-22 08:23:15+07:00,25.80000,83.90000,82.30000,115.70000,0.49457,403.81860
2025-06-22 08:24:05+07:00,25.70000,85.00000,78.30000,108.70000,0.53819,403.91235
2025-06-22 08:24:54+07:00,25.70000,85.20000,75.50000,99.50000,0.50062,403.75714
2025-06-22 08:25:43+07:00,25.70000,85.20000,75.00000,102.40000,0.51291,403.74188
2025-06-22 08:26:33+07:00,25.80000,85.30000,73.50000,101.30000,0.49006,403.63657
2025-06-22 08:27:22+07:00,25.90000,85.10000,71.90000,102.20000,0.52228,403.68140
2025-06-22 08:28:12+07:00,25.80000,84.20000,75.60000,104.40000,0.52860,403.62170
2025-06-22 08:29:01+07:00,25.80000,84.70000,73.60000,102.30000,0.50368,403.49744
2025-06-22 08:29:51+07:00,25.80000,84.70000,71.10000,99.80000,0.53980,403.62912
2025-06-22 08:30:40+07:00,25.80000,84.70000,73.70000,99.20000,0.51915,403.70398
2025-06-22 08:31:29+07:00,25.80000,84.80000,74.60000,104.30000,0.52544,403.74951
2025-06-22 08:32:19+07:00,25.90000,84.80000,78.30000,106.80000,0.51291,403.69644
2025-06-22 08:33:08+07:00,25.90000,84.70000,75.20000,102.90000,0.50674,403.71155
2025-06-22 08:33:57+07:00,25.90000,83.90000,75.70000,107.10000,0.52702,403.71912
2025-06-22 08:34:47+07:00,26.00000,84.20000,76.20000,106.50000,0.54955,403.71912
2025-06-22 08:35:36+07:00,26.00000,83.80000,78.80000,107.10000,0.50521,403.78009
2025-06-22 08:36:26+07:00,26.00000,83.90000,79.60000,114.00000,0.50215,403.62170
2025-06-22 08:37:15+07:00,26.00000,84.00000,78.10000,106.50000,0.53819,403.94400
2025-06-22 08:38:04+07:00,26.00000,84.10000,78.70000,114.10000,0.51291,403.76477
2025-06-22 08:38:54+07:00,26.10000,84.10000,78.30000,109.60000,0.52071,403.53363
2025-06-22 08:39:43+07:00,26.00000,84.00000,78.80000,106.30000,0.53178,403.81860
2025-06-22 08:40:32+07:00,26.00000,84.30000,75.80000,103.60000,0.54142,403.57745
2025-06-22 08:41:22+07:00,26.10000,83.60000,77.90000,105.00000,0.52544,403.73428
2025-06-22 08:42:11+07:00,26.20000,84.00000,78.50000,106.20000,0.54629,403.79547
2025-06-22 08:43:01+07:00,26.30000,83.50000,79.10000,110.90000,0.53658,403.86526
2025-06-22 08:43:50+07:00,26.30000,83.80000,81.20000,111.40000,0.49306,403.86526
2025-06-22 08:44:39+07:00,26.30000,83.90000,76.50000,105.50000,0.51291,403.82635
2025-06-22 08:45:29+07:00,26.30000,83.50000,73.90000,98.20000,0.51915,403.81860
2025-06-22 08:46:18+07:00,26.40000,83.10000,73.60000,102.00000,0.54955,403.81088
2025-06-22 08:47:07+07:00,26.50000,83.00000,71.50000,97.30000,0.52071,403.87308
2025-06-22 08:47:57+07:00,26.50000,82.90000,67.90000,96.40000,0.45372,403.71912
2025-06-22 08:48:46+07:00,26.50000,83.40000,61.60000,85.50000,0.49759,403.69644
2025-06-22 08:49:35+07:00,26.50000,82.40000,55.60000,75.30000,0.51447,403.64401
2025-06-22 08:50:25+07:00,26.50000,81.60000,51.90000,70.10000,0.49306,403.39062
2025-06-22 08:51:14+07:00,26.50000,81.30000,52.90000,71.10000,0.55447,403.70398
2025-06-22 08:52:04+07:00,26.50000,81.30000,50.90000,69.00000,0.51291,403.65894
2025-06-22 08:52:53+07:00,26.40000,81.40000,51.70000,69.20000,0.46944,403.43304
2025-06-22 08:53:43+07:00,26.40000,81.40000,53.90000,73.10000,0.51447,403.67389
2025-06-22 08:54:32+07:00,26.50000,80.70000,55.30000,71.40000,0.50674,403.49023
2025-06-22 08:55:22+07:00,26.60000,80.90000,55.80000,73.10000,0.50828,403.54819
2025-06-22 08:56:11+07:00,26.70000,80.70000,54.50000,75.60000,0.48856,403.62912
2025-06-22 08:57:00+07:00,26.70000,81.60000,46.30000,62.10000,0.50982,403.57745
2025-06-22 08:57:50+07:00,26.70000,80.80000,42.00000,56.00000,0.52544,403.67389
2025-06-22 08:58:39+07:00,26.60000,80.80000,43.00000,54.60000,0.57282,403.52637
2025-06-22 08:59:29+07:00,26.70000,80.60000,47.80000,65.00000,0.50368,403.41885
2025-06-22 09:00:18+07:00,26.70000,80.30000,45.40000,59.90000,0.51447,403.50464
2025-06-22 09:01:07+07:00,26.70000,80.00000,47.90000,62.70000,0.48262,403.46152
2025-06-22 09:01:57+07:00,26.70000,80.70000,46.30000,60.90000,0.46082,403.44727
2025-06-22 09:02:46+07:00,26.60000,81.20000,46.30000,61.00000,0.48558,403.49744
2025-06-22 09:03:36+07:00,26.60000,80.90000,44.90000,57.40000,0.47089,403.60690
2025-06-22 09:04:25+07:00,26.60000,79.50000,45.10000,59.50000,0.47235,403.60690
2025-06-22 09:05:15+07:00,26.70000,80.40000,46.20000,61.90000,0.51136,403.54819
2025-06-22 09:06:05+07:00,26.70000,80.80000,44.40000,58.90000,0.51291,403.60690
2025-06-22 09:06:59+07:00,26.60000,81.00000,44.80000,58.10000,0.45797,403.54819
2025-06-22 09:07:48+07:00,26.60000,81.00000,42.80000,57.40000,0.48707,403.64401
2025-06-22 09:08:37+07:00,26.60000,81.20000,44.50000,59.20000,0.50521,403.42593
2025-06-22 09:09:27+07:00,26.60000,81.00000,43.80000,58.10000,0.49759,403.50464
2025-06-22 09:10:16+07:00,26.50000,81.40000,44.00000,57.10000,0.48856,403.51187
2025-06-22 09:11:05+07:00,26.50000,80.20000,46.00000,62.00000,0.47089,403.41885
2025-06-22 09:11:55+07:00,26.50000,81.20000,45.60000,58.00000,0.47381,403.57010
2025-06-22 09:12:44+07:00,26.50000,80.30000,45.40000,60.30000,0.49608,403.51910
2025-06-22 09:13:33+07:00,26.60000,80.80000,46.60000,62.50000,0.50521,403.60690
2025-06-22 09:14:23+07:00,26.50000,80.20000,45.50000,57.50000,0.49608,403.57010
2025-06-22 09:15:12+07:00,26.50000,80.00000,45.00000,59.60000,0.47967,403.53363
2025-06-22 09:16:02+07:00,26.50000,80.40000,45.90000,61.00000,0.50521,403.58478
2025-06-22 09:16:51+07:00,26.50000,80.90000,43.30000,56.30000,0.50062,403.44727
2025-06-22 09:17:42+07:00,26.50000,80.90000,44.00000,58.50000,0.49608,403.52637
2025-06-22 09:18:31+07:00,26.50000,80.90000,43.10000,54.60000,0.46512,403.47586
2025-06-22 09:19:20+07:00,26.50000,79.60000,41.60000,55.10000,0.48410,403.61429
2025-06-22 09:20:10+07:00,26.60000,80.50000,38.60000,48.90000,0.49156,403.43304
2025-06-22 09:20:59+07:00,26.50000,79.90000,39.50000,52.30000,0.48707,403.51910
2025-06-22 09:21:49+07:00,26.50000,80.20000,39.40000,51.00000,0.46368,403.46869
2025-06-22 09:22:38+07:00,26.50000,78.80000,38.90000,49.70000,0.49306,403.54089
2025-06-22 09:23:28+07:00,26.60000,79.40000,38.30000,54.40000,0.48114,403.41885
2025-06-22 09:24:17+07:00,26.60000,79.00000,37.80000,48.60000,0.45655,403.39062
2025-06-22 09:25:06+07:00,26.60000,79.30000,37.60000,49.60000,0.47673,403.49744
2025-06-22 09:25:56+07:00,26.60000,78.50000,37.80000,48.60000,0.46082,403.47586
2025-06-22 09:26:45+07:00,26.60000,79.10000,39.20000,48.80000,0.47673,403.59213
2025-06-22 09:27:35+07:00,26.60000,79.30000,37.30000,49.10000,0.46512,403.71155
2025-06-22 09:28:24+07:00,26.60000,79.50000,38.60000,50.90000,0.45372,403.47586
2025-06-22 09:29:13+07:00,26.50000,79.00000,38.40000,49.60000,0.46082,403.44727
2025-06-22 09:30:03+07:00,26.50000,79.70000,38.50000,50.00000,0.47381,403.41885
2025-06-22 09:30:52+07:00,26.50000,79.50000,39.00000,51.40000,0.48262,403.45438
2025-06-22 09:31:42+07:00,26.60000,79.80000,39.90000,51.90000,0.48707,403.49023
2025-06-22 09:32:31+07:00,26.60000,79.70000,39.20000,50.70000,0.46512,403.41885
2025-06-22 09:33:20+07:00,26.50000,79.70000,38.40000,50.00000,0.46944,403.40472
2025-06-22 09:34:10+07:00,26.50000,79.90000,37.50000,47.60000,0.47967,403.60690
2025-06-22 09:34:59+07:00,26.50000,80.30000,38.90000,51.90000,0.47673,403.31400
2025-06-22 09:35:49+07:00,26.50000,80.30000,39.40000,50.00000,0.47381,403.37659
2025-06-22 09:36:39+07:00,26.60000,80.00000,38.00000,49.60000,0.47089,403.47586
2025-06-22 09:37:28+07:00,26.60000,79.40000,38.00000,49.60000,0.48707,403.44012
2025-06-22 09:38:17+07:00,26.60000,79.30000,36.90000,48.40000,0.43430,403.40472
2025-06-22 09:39:07+07:00,26.50000,79.60000,37.10000,48.00000,0.45231,403.48303
2025-06-22 09:39:56+07:00,26.50000,80.00000,35.90000,45.40000,0.47089,403.39062
2025-06-22 09:40:46+07:00,26.40000,79.80000,35.40000,43.50000,0.45513,403.39767
2025-06-22 09:41:36+07:00,26.40000,79.70000,34.40000,44.80000,0.44671,403.33475
2025-06-22 09:42:25+07:00,26.40000,80.10000,35.30000,46.00000,0.46944,403.41177
2025-06-22 09:43:14+07:00,26.40000,80.10000,33.10000,40.30000,0.46512,403.27960
2025-06-22 09:44:04+07:00,26.40000,79.80000,31.60000,40.50000,0.44393,403.27960
2025-06-22 09:44:53+07:00,26.40000,79.60000,32.20000,39.50000,0.43567,403.33475
2025-06-22 09:45:42+07:00,26.40000,79.60000,31.30000,40.30000,0.41685,403.34171
2025-06-22 09:46:32+07:00,26.40000,79.30000,32.30000,40.90000,0.45372,403.25912
2025-06-22 09:47:21+07:00,26.40000,79.10000,32.90000,40.30000,0.44254,403.25912
2025-06-22 09:48:10+07:00,26.40000,79.10000,30.30000,37.40000,0.43294,403.35562
2025-06-22 09:49:00+07:00,26.40000,78.80000,28.70000,34.80000,0.41421,403.21844
2025-06-22 09:49:49+07:00,26.50000,78.60000,29.90000,37.30000,0.47527,403.35562
2025-06-22 09:50:39+07:00,26.50000,78.50000,30.30000,35.40000,0.45091,403.35562
2025-06-22 09:51:28+07:00,26.50000,78.10000,31.10000,39.00000,0.46800,403.30020
2025-06-22 09:52:17+07:00,26.60000,78.50000,30.00000,38.30000,0.46082,403.32782
2025-06-22 09:53:07+07:00,26.70000,77.90000,28.30000,34.90000,0.46800,403.21170
2025-06-22 09:53:57+07:00,26.70000,78.00000,28.70000,35.30000,0.44116,403.34866
2025-06-22 09:54:46+07:00,26.70000,77.70000,27.90000,33.70000,0.45372,403.30020
2025-06-22 09:55:36+07:00,26.70000,77.70000,27.40000,35.10000,0.44811,403.18488
2025-06-22 09:56:25+07:00,26.80000,78.00000,27.70000,34.80000,0.45655,403.35562
2025-06-22 09:57:15+07:00,26.90000,77.60000,27.90000,32.80000,0.45797,403.27277
2025-06-22 09:58:04+07:00,26.90000,77.70000,26.70000,33.80000,0.43294,403.31400
2025-06-22 09:58:53+07:00,26.80000,77.50000,27.60000,32.70000,0.44532,403.24551
2025-06-22 09:59:43+07:00,26.80000,77.70000,28.40000,33.50000,0.45091,403.28647
2025-06-22 10:00:32+07:00,27.00000,77.50000,28.70000,37.10000,0.41817,403.30710
2025-06-22 10:01:21+07:00,27.10000,76.50000,27.60000,33.20000,0.46082,403.27960
2025-06-22 10:02:11+07:00,27.10000,76.40000,26.90000,33.40000,0.44811,403.07928
2025-06-22 10:03:00+07:00,27.20000,75.90000,25.80000,30.50000,0.43430,403.26593
2025-06-22 10:03:49+07:00,27.20000,75.50000,26.00000,31.60000,0.45091,403.21170
2025-06-22 10:04:39+07:00,27.30000,75.10000,27.20000,33.40000,0.43567,403.20499
2025-06-22 10:05:28+07:00,27.30000,75.00000,27.00000,30.90000,0.43430,403.23874
2025-06-22 10:06:17+07:00,27.30000,74.90000,25.80000,30.70000,0.44116,403.22519
2025-06-22 10:07:07+07:00,27.30000,74.90000,26.30000,31.20000,0.43567,403.15820
2025-06-22 10:07:56+07:00,27.30000,74.70000,25.90000,29.40000,0.43158,403.27277
2025-06-22 10:08:46+07:00,27.40000,74.60000,26.10000,30.50000,0.44811,403.07928
2025-06-22 10:09:36+07:00,27.40000,74.90000,27.40000,33.70000,0.44254,403.11853
2025-06-22 10:10:25+07:00,27.50000,75.10000,26.60000,31.60000,0.44393,403.19156
2025-06-22 10:11:15+07:00,27.60000,75.00000,26.60000,32.80000,0.40379,403.04684
2025-06-22 10:12:04+07:00,27.50000,74.80000,27.20000,34.00000,0.41553,403.27960
2025-06-22 10:12:53+07:00,27.60000,74.40000,27.60000,34.70000,0.43430,403.19827
2025-06-22 10:13:43+07:00,27.60000,74.30000,27.70000,33.30000,0.42618,403.18488
2025-06-22 10:14:32+07:00,27.60000,75.60000,27.40000,33.30000,0.42618,403.21170
2025-06-22 10:15:22+07:00,27.70000,76.10000,29.90000,36.00000,0.43294,403.20499
2025-06-22 10:16:11+07:00,27.70000,75.70000,30.20000,35.40000,0.42216,403.25232
2025-06-22 10:17:00+07:00,27.70000,74.90000,29.20000,37.80000,0.43158,403.21170
2025-06-22 10:17:50+07:00,27.70000,75.10000,30.50000,38.10000,0.42618,403.21170
2025-06-22 10:18:39+07:00,27.70000,74.50000,30.40000,37.20000,0.43158,403.46152
2025-06-22 10:19:29+07:00,27.70000,74.80000,30.60000,37.40000,0.43022,403.29333
2025-06-22 10:20:18+07:00,27.70000,75.80000,30.60000,37.90000,0.41685,403.08578
2025-06-22 10:21:08+07:00,27.80000,75.60000,30.00000,37.50000,0.39866,403.27960
2025-06-22 10:21:57+07:00,27.80000,75.70000,30.20000,36.40000,0.41685,403.30020
2025-06-22 10:22:46+07:00,27.80000,74.90000,30.00000,37.20000,0.41028,403.21844
2025-06-22 10:23:36+07:00,27.80000,74.20000,27.90000,33.60000,0.41159,403.21170
2025-06-22 10:24:25+07:00,27.70000,74.20000,29.40000,35.90000,0.43704,403.20499
2025-06-22 10:25:15+07:00,27.70000,74.30000,27.90000,35.60000,0.40122,403.21844
2025-06-22 10:26:04+07:00,27.70000,73.80000,29.60000,35.60000,0.39866,403.12512
2025-06-22 10:26:53+07:00,27.70000,74.30000,28.60000,34.90000,0.40508,403.13834
2025-06-22 10:27:43+07:00,27.80000,74.80000,28.00000,34.90000,0.39994,403.27960
2025-06-22 10:28:32+07:00,27.80000,74.60000,27.70000,33.80000,0.44116,403.09885
2025-06-22 10:29:22+07:00,27.80000,74.40000,27.30000,33.80000,0.41817,403.25912
2025-06-22 10:30:11+07:00,27.90000,74.70000,27.60000,34.20000,0.42350,403.25232
2025-06-22 10:31:01+07:00,27.90000,74.50000,26.40000,33.90000,0.40897,403.25912
2025-06-22 10:31:50+07:00,28.00000,73.10000,27.20000,31.50000,0.41290,403.11197
2025-06-22 10:32:40+07:00,28.00000,72.90000,27.20000,31.30000,0.43022,403.15155
2025-06-22 10:33:30+07:00,28.00000,73.00000,26.60000,33.40000,0.41817,403.27960
2025-06-22 10:34:19+07:00,28.10000,73.70000,27.50000,33.30000,0.46082,403.22519
2025-06-22 10:35:09+07:00,28.10000,73.30000,27.50000,33.90000,0.40638,403.23874
2025-06-22 10:35:59+07:00,28.10000,73.50000,27.20000,31.20000,0.40897,403.11197
2025-06-22 10:36:49+07:00,28.10000,73.10000,27.80000,34.00000,0.40638,403.28647
2025-06-22 10:37:38+07:00,28.00000,72.80000,27.90000,32.30000,0.40508,403.18488
2025-06-22 10:38:28+07:00,28.00000,73.70000,26.90000,32.80000,0.43704,403.21170
2025-06-22 10:39:18+07:00,28.10000,73.70000,27.80000,33.50000,0.41290,403.17819
2025-06-22 10:40:08+07:00,28.10000,74.20000,28.30000,36.20000,0.42752,403.11853
2025-06-22 10:41:01+07:00,28.10000,73.30000,27.80000,33.00000,0.39357,403.12512
2025-06-22 10:41:51+07:00,28.10000,73.20000,28.10000,33.40000,0.41421,403.40472
2025-06-22 10:42:41+07:00,28.10000,73.30000,28.70000,33.60000,0.40379,403.16486
2025-06-22 10:43:31+07:00,28.10000,73.10000,27.10000,34.10000,0.40897,403.09232
2025-06-22 10:44:20+07:00,28.20000,73.30000,27.80000,34.90000,0.44116,403.23196
2025-06-22 10:45:10+07:00,28.20000,74.30000,29.20000,34.80000,0.39357,403.36261
2025-06-22 10:46:00+07:00,28.20000,73.50000,28.10000,35.00000,0.42752,403.19827
2025-06-22 10:46:49+07:00,28.20000,73.50000,29.10000,35.50000,0.42752,403.16486
2025-06-22 10:47:38+07:00,28.30000,73.10000,28.70000,36.80000,0.42216,403.10541
2025-06-22 10:48:28+07:00,28.30000,72.20000,28.20000,34.20000,0.43978,403.17151
2025-06-22 10:49:21+07:00,28.30000,72.40000,27.60000,33.50000,0.41950,403.05331
2025-06-22 10:50:10+07:00,28.30000,72.90000,28.60000,34.10000,0.41421,403.17819
2025-06-22 10:51:00+07:00,28.40000,73.30000,26.40000,31.20000,0.40508,403.09885
2025-06-22 10:51:49+07:00,28.40000,72.40000,27.10000,32.80000,0.42083,403.21170
2025-06-22 10:52:39+07:00,28.40000,72.10000,28.50000,35.20000,0.42618,403.21170
2025-06-22 10:53:28+07:00,28.50000,72.20000,27.60000,33.50000,0.39611,403.31400
2025-06-22 10:54:17+07:00,28.60000,71.90000,27.80000,34.10000,0.40122,403.16486
2025-06-22 10:55:07+07:00,28.50000,71.60000,28.00000,34.10000,0.42083,403.29333
2025-06-22 10:55:59+07:00,28.50000,72.10000,27.70000,34.40000,0.42618,403.18488
2025-06-22 10:56:48+07:00,28.50000,72.50000,27.50000,33.10000,0.43158,403.23874
2025-06-22 10:57:38+07:00,28.50000,72.60000,27.40000,33.70000,0.40122,403.21844
2025-06-22 10:58:27+07:00,28.60000,72.80000,27.30000,33.50000,0.43294,403.15155
2025-06-22 10:59:17+07:00,28.60000,72.30000,25.00000,29.50000,0.41421,403.22519
2025-06-22 11:00:08+07:00,28.60000,71.80000,26.30000,31.10000,0.43567,403.23874
2025-06-22 11:00:57+07:00,28.60000,72.70000,23.50000,26.80000,0.40767,403.09885
2025-06-22 11:01:47+07:00,28.60000,71.70000,24.10000,29.40000,0.41290,403.08578
2025-06-22 11:02:36+07:00,28.60000,71.10000,25.30000,28.30000,0.43430,403.21170
2025-06-22 11:03:26+07:00,28.60000,71.90000,25.50000,31.10000,0.43430,403.17151
2025-06-22 11:04:19+07:00,28.70000,72.10000,25.10000,31.10000,0.39231,403.20499
2025-06-22 11:05:09+07:00,28.60000,71.80000,25.30000,32.20000,0.42618,403.05331
2025-06-22 11:05:58+07:00,28.50000,71.10000,24.40000,27.70000,0.42483,403.14493
2025-06-22 11:06:47+07:00,28.40000,71.50000,24.30000,27.80000,0.41685,403.13171
2025-06-22 11:07:37+07:00,28.50000,71.40000,25.60000,29.10000,0.40122,403.14493
2025-06-22 11:08:30+07:00,28.50000,71.90000,25.40000,28.80000,0.42216,403.32782
2025-06-22 11:09:20+07:00,28.60000,72.20000,26.40000,32.00000,0.39994,403.16486
2025-06-22 11:10:10+07:00,28.70000,72.50000,26.10000,31.40000,0.39484,403.11853
2025-06-22 11:10:59+07:00,28.60000,72.50000,25.70000,30.80000,0.40638,403.08578
2025-06-22 11:11:54+07:00,28.60000,72.00000,25.80000,30.10000,0.40638,403.04041
2025-06-22 11:12:44+07:00,28.60000,71.80000,25.80000,30.80000,0.42483,403.03397
2025-06-22 11:13:33+07:00,28.60000,71.60000,24.40000,27.50000,0.42483,403.04684
2025-06-22 11:14:23+07:00,28.60000,71.10000,24.60000,28.60000,0.42483,403.15155
2025-06-22 11:15:14+07:00,28.70000,72.00000,25.80000,29.50000,0.40767,403.02112
2025-06-22 11:16:04+07:00,28.60000,71.30000,27.00000,30.90000,0.41421,403.12512
2025-06-22 11:16:53+07:00,28.60000,71.40000,27.20000,32.10000,0.38108,403.07928
2025-06-22 11:17:43+07:00,28.60000,71.40000,26.40000,30.50000,0.39484,403.00192
2025-06-22 11:18:35+07:00,28.60000,71.20000,25.60000,29.80000,0.42083,403.21844
2025-06-22 11:19:28+07:00,28.60000,71.70000,26.90000,31.40000,0.39611,403.01471
2025-06-22 11:20:22+07:00,28.70000,72.00000,27.30000,32.40000,0.40897,403.11197
2025-06-22 11:21:11+07:00,28.70000,71.60000,24.60000,28.40000,0.41553,403.08578
2025-06-22 11:22:03+07:00,28.70000,70.50000,25.50000,30.40000,0.38729,403.10541
2025-06-22 11:22:53+07:00,28.70000,71.00000,25.90000,29.90000,0.40250,402.90121
2025-06-22 11:23:42+07:00,28.80000,71.70000,26.40000,32.20000,0.42350,402.93240
2025-06-22 11:24:32+07:00,28.80000,72.40000,25.30000,29.90000,0.40508,403.05331
2025-06-22 11:25:28+07:00,28.80000,72.40000,26.20000,33.10000,0.41685,403.04684
2025-06-22 11:26:22+07:00,28.80000,72.60000,25.80000,32.90000,0.39738,403.21844
2025-06-22 11:27:11+07:00,28.80000,71.00000,25.90000,29.10000,0.39866,403.14493
2025-06-22 11:28:01+07:00,28.70000,71.90000,25.90000,29.10000,0.41553,403.30710
2025-06-22 11:28:50+07:00,28.70000,70.90000,26.90000,30.70000,0.39866,403.17819
2025-06-22 11:29:40+07:00,28.70000,71.40000,27.00000,31.10000,0.40897,403.21170
2025-06-22 11:30:29+07:00,28.80000,72.20000,27.40000,33.00000,0.40638,403.19156
2025-06-22 11:31:18+07:00,28.80000,71.60000,27.30000,32.70000,0.41028,403.03397
2025-06-22 11:32:08+07:00,28.80000,71.50000,25.90000,30.20000,0.39357,403.15155
2025-06-22 11:32:57+07:00,28.80000,71.60000,26.40000,31.40000,0.39105,403.19156
2025-06-22 11:33:46+07:00,28.70000,71.10000,25.00000,28.80000,0.42216,403.17819
2025-06-22 11:34:36+07:00,28.70000,70.30000,26.30000,30.70000,0.39994,403.19156
2025-06-22 11:35:26+07:00,28.70000,70.10000,24.90000,29.50000,0.37010,403.04684
2025-06-22 11:36:16+07:00,28.80000,69.90000,24.40000,28.20000,0.40897,403.11197
2025-06-22 11:37:06+07:00,28.80000,70.60000,25.70000,29.20000,0.41028,403.17151
2025-06-22 11:37:58+07:00,28.90000,71.00000,24.60000,28.10000,0.38108,403.20499
2025-06-22 11:38:48+07:00,28.90000,69.90000,25.80000,32.10000,0.39611,403.20499
2025-06-22 11:39:38+07:00,28.90000,71.00000,26.50000,32.10000,0.42083,403.24551
2025-06-22 11:40:27+07:00,29.00000,71.10000,26.30000,29.50000,0.41950,403.27277
2025-06-22 11:41:17+07:00,28.90000,70.00000,26.50000,30.50000,0.41421,403.06628
2025-06-22 11:42:06+07:00,28.80000,69.00000,23.90000,28.60000,0.42083,403.31400
2025-06-22 11:43:04+07:00,28.80000,68.80000,23.70000,27.00000,0.39611,403.07928
2025-06-22 11:43:53+07:00,28.80000,70.00000,23.70000,28.20000,0.41685,403.21844
2025-06-22 11:44:43+07:00,28.80000,69.50000,22.70000,26.70000,0.43158,403.04684
2025-06-22 11:45:32+07:00,28.80000,69.10000,24.70000,28.50000,0.39231,403.24551
2025-06-22 11:46:26+07:00,28.80000,68.60000,25.20000,30.00000,0.42083,403.19156
2025-06-22 11:47:16+07:00,28.80000,69.50000,24.90000,29.30000,0.41553,403.18488
2025-06-22 11:48:05+07:00,28.80000,70.10000,26.10000,30.50000,0.42618,403.25232
2025-06-22 11:48:54+07:00,28.80000,70.50000,25.70000,32.30000,0.41553,403.21170
2025-06-22 11:49:46+07:00,28.80000,71.20000,27.00000,32.00000,0.38108,403.17819
2025-06-22 11:50:36+07:00,28.90000,70.70000,26.80000,33.70000,0.37739,403.23874
2025-06-22 11:51:25+07:00,28.90000,70.20000,28.50000,32.50000,0.42752,403.41177
2025-06-22 11:52:23+07:00,28.80000,70.30000,33.70000,39.40000,0.39866,403.17819
2025-06-22 11:53:12+07:00,28.90000,70.80000,34.60000,42.40000,0.39611,403.13834
2025-06-22 11:54:01+07:00,28.90000,70.40000,32.00000,39.50000,0.42618,403.39062
2025-06-22 11:54:51+07:00,29.00000,70.80000,26.70000,33.30000,0.41421,403.32782
2025-06-22 11:55:40+07:00,29.10000,69.80000,35.10000,43.40000,0.42083,403.32782
2025-06-22 11:56:30+07:00,29.10000,69.00000,29.40000,34.80000,0.40508,403.25912
2025-06-22 11:57:22+07:00,29.10000,69.90000,42.00000,52.80000,0.41028,403.17151
2025-06-22 11:58:11+07:00,29.10000,68.70000,48.00000,56.90000,0.40122,403.25912
2025-06-22 11:59:01+07:00,29.20000,68.70000,40.20000,47.30000,0.39231,403.13834
2025-06-22 11:59:50+07:00,29.20000,68.10000,28.00000,32.20000,0.43158,403.24551
2025-06-22 12:00:41+07:00,29.10000,67.40000,25.10000,28.10000,0.41028,403.28647
2025-06-22 12:01:35+07:00,29.10000,68.50000,25.50000,29.80000,0.41950,403.23874
2025-06-22 12:02:25+07:00,29.10000,68.70000,24.20000,27.40000,0.39231,403.29333
2025-06-22 12:03:15+07:00,29.10000,68.40000,24.50000,27.50000,0.39231,403.19827
2025-06-22 12:04:10+07:00,29.10000,68.30000,25.00000,28.20000,0.40638,403.26593
2025-06-22 12:05:03+07:00,29.10000,69.00000,26.50000,30.80000,0.39105,403.25912
2025-06-22 12:06:01+07:00,29.10000,69.70000,29.10000,33.40000,0.42350,403.15155
2025-06-22 12:06:52+07:00,29.10000,69.90000,27.30000,31.10000,0.40638,403.30710
2025-06-22 12:07:42+07:00,29.10000,70.80000,28.90000,33.40000,0.40250,403.21844
2025-06-22 12:08:32+07:00,29.20000,70.80000,29.00000,33.70000,0.38232,403.23196
2025-06-22 12:09:21+07:00,29.20000,70.60000,26.90000,33.20000,0.39738,403.16486
2025-06-22 12:10:14+07:00,29.20000,69.50000,24.90000,27.90000,0.41817,403.31400
2025-06-22 12:11:03+07:00,29.10000,67.70000,24.70000,29.40000,0.38979,403.30020
2025-06-22 12:11:53+07:00,29.10000,66.60000,27.00000,30.80000,0.38979,403.19156
2025-06-22 12:13:37+07:00,29.10000,68.30000,27.00000,35.90000,0.38232,403.20499
2025-06-22 12:14:28+07:00,29.20000,68.80000,27.40000,32.90000,0.42216,403.24551
2025-06-22 12:15:19+07:00,29.10000,68.50000,25.80000,29.40000,0.38854,403.27277
2025-06-22 12:16:09+07:00,29.10000,68.20000,20.10000,23.50000,0.38232,403.16486
2025-06-22 12:16:59+07:00,29.10000,66.50000,22.40000,25.50000,0.41950,403.21844
2025-06-22 12:17:49+07:00,29.10000,66.70000,25.10000,29.60000,0.41290,403.20499
2025-06-22 12:18:38+07:00,29.20000,67.00000,24.60000,28.30000,0.42216,403.14493
2025-06-22 12:19:28+07:00,29.20000,67.10000,28.70000,32.40000,0.39866,403.08578
2025-06-22 12:20:18+07:00,29.20000,67.20000,24.60000,27.80000,0.39231,403.18488
2025-06-22 12:21:10+07:00,29.20000,67.20000,22.60000,25.30000,0.38729,403.20499
2025-06-22 12:21:59+07:00,29.30000,66.50000,24.10000,27.10000,0.38979,403.19827
2025-06-22 12:22:49+07:00,29.20000,66.70000,23.50000,27.50000,0.38604,403.21170
2025-06-22 12:23:39+07:00,29.20000,68.10000,23.30000,27.90000,0.42083,403.07278
2025-06-22 12:24:29+07:00,29.20000,67.60000,27.00000,30.20000,0.42350,403.01471
2025-06-22 12:25:19+07:00,29.20000,67.50000,26.40000,31.70000,0.41421,403.17819
2025-06-22 12:26:09+07:00,29.20000,67.80000,24.90000,28.00000,0.40897,402.97650
2025-06-22 12:26:59+07:00,29.20000,67.50000,27.10000,32.90000,0.39105,403.23196
2025-06-22 12:27:48+07:00,29.20000,68.00000,25.00000,28.40000,0.40122,403.21844
2025-06-22 12:28:38+07:00,29.20000,67.00000,23.80000,27.60000,0.38108,403.21844
2025-06-22 12:29:28+07:00,29.20000,66.60000,21.10000,25.40000,0.40638,403.05331
2025-06-22 12:30:18+07:00,29.20000,66.20000,25.40000,30.10000,0.40122,403.08578
2025-06-22 12:31:08+07:00,29.20000,68.10000,28.40000,32.70000,0.40250,403.09232
2025-06-22 12:31:57+07:00,29.30000,68.30000,29.10000,33.50000,0.39484,403.07278
2025-06-22 12:32:47+07:00,29.40000,68.60000,23.30000,26.80000,0.39611,403.13171
2025-06-22 12:33:37+07:00,29.40000,65.90000,22.90000,27.20000,0.41290,403.17151
2025-06-22 12:34:27+07:00,29.40000,66.50000,22.80000,26.00000,0.40250,402.98920
2025-06-22 12:35:16+07:00,29.30000,66.60000,30.50000,34.30000,0.39231,403.29333
2025-06-22 12:36:09+07:00,29.30000,66.90000,38.20000,42.90000,0.40122,403.06628
2025-06-22 12:37:53+07:00,29.40000,68.10000,26.00000,29.90000,0.39994,403.13834
2025-06-22 12:39:42+07:00,29.40000,68.70000,24.40000,27.60000,0.39105,403.19156
2025-06-22 12:40:32+07:00,29.40000,68.50000,25.50000,29.80000,0.38232,403.19156
2025-06-22 12:41:25+07:00,29.40000,67.50000,23.90000,27.70000,0.40122,403.34866
2025-06-22 12:42:14+07:00,29.40000,67.40000,24.10000,26.90000,0.37862,403.04684
2025-06-22 12:43:04+07:00,29.40000,67.10000,24.40000,28.10000,0.35467,403.20499
2025-06-22 12:43:53+07:00,29.30000,67.40000,25.20000,28.20000,0.38356,403.15155
2025-06-22 12:44:43+07:00,29.30000,67.50000,24.60000,27.70000,0.40250,403.12512
2025-06-22 12:45:32+07:00,29.30000,66.80000,25.90000,29.30000,0.38604,403.09232
2025-06-22 12:46:21+07:00,29.30000,67.60000,25.30000,29.10000,0.41817,403.28647
2025-06-22 12:47:15+07:00,29.40000,67.30000,24.90000,27.90000,0.39611,403.10541
2025-06-22 12:49:09+07:00,29.40000,68.50000,26.30000,31.00000,0.40638,403.23196
2025-06-22 12:50:57+07:00,29.40000,69.20000,25.10000,28.10000,0.38604,403.04041
2025-06-22 12:51:53+07:00,29.40000,67.80000,24.50000,27.50000,0.43158,403.11853
2025-06-22 12:52:42+07:00,29.40000,67.30000,24.80000,28.30000,0.40638,403.05331
2025-06-22 12:53:32+07:00,29.40000,68.10000,24.40000,27.70000,0.34086,403.10541
2025-06-22 12:55:19+07:00,29.40000,68.80000,23.90000,27.00000,0.39994,403.04684
2025-06-22 12:56:16+07:00,29.30000,67.80000,39.40000,46.20000,0.40897,403.05331
2025-06-22 12:57:10+07:00,29.30000,68.50000,28.90000,33.70000,0.39994,403.16486
2025-06-22 12:58:06+07:00,29.30000,69.10000,35.30000,41.70000,0.40638,403.25232
2025-06-22 12:58:56+07:00,29.40000,69.20000,29.00000,33.90000,0.43022,403.17819
2025-06-22 12:59:46+07:00,29.40000,68.50000,27.70000,32.10000,0.42618,403.05331
2025-06-22 13:00:39+07:00,29.30000,69.40000,31.10000,35.40000,0.37373,403.16486
2025-06-22 13:01:29+07:00,29.30000,69.20000,33.60000,37.70000,0.37862,403.27960
2025-06-22 13:02:18+07:00,29.30000,69.80000,32.60000,39.20000,0.40638,403.36960
2025-06-22 13:03:08+07:00,29.30000,69.60000,27.60000,31.10000,0.42887,403.26593
2025-06-22 13:03:57+07:00,29.20000,69.50000,28.10000,33.50000,0.39994,403.23196
2025-06-22 13:04:46+07:00,29.20000,70.20000,29.60000,34.50000,0.40122,403.25232
2025-06-22 13:05:36+07:00,29.20000,69.80000,30.60000,35.10000,0.38604,403.21844
2025-06-22 13:06:25+07:00,29.20000,70.60000,59.60000,70.80000,0.41685,403.27277
2025-06-22 13:07:15+07:00,29.30000,70.90000,43.80000,52.30000,0.39231,403.32782
2025-06-22 13:08:04+07:00,29.30000,71.70000,38.20000,46.20000,0.40379,403.45438
2025-06-22 13:08:53+07:00,29.30000,71.60000,31.60000,38.40000,0.43294,403.43304
2025-06-22 13:09:43+07:00,29.30000,71.70000,35.30000,42.30000,0.39231,403.36960
2025-06-22 13:10:32+07:00,29.20000,71.20000,32.60000,39.00000,0.42752,403.34171
2025-06-22 13:11:21+07:00,29.20000,71.70000,32.80000,37.20000,0.39484,403.34866
2025-06-22 13:12:11+07:00,29.20000,71.60000,37.30000,46.30000,0.40508,403.34866
2025-06-22 13:13:00+07:00,29.20000,72.00000,34.00000,40.30000,0.41553,403.28647
2025-06-22 13:13:49+07:00,29.10000,71.20000,33.90000,38.40000,0.41290,403.15820
2025-06-22 13:14:39+07:00,29.10000,71.10000,40.80000,47.90000,0.40638,403.09885
2025-06-22 13:15:28+07:00,29.10000,69.70000,29.30000,33.90000,0.43567,403.25912
2025-06-22 13:16:18+07:00,29.00000,69.90000,29.80000,33.60000,0.41290,403.04684
2025-06-22 13:17:07+07:00,29.00000,70.90000,31.00000,34.80000,0.39484,403.26593
2025-06-22 13:17:56+07:00,29.00000,71.20000,33.50000,40.10000,0.41159,403.21170
2025-06-22 13:18:46+07:00,29.00000,70.60000,32.90000,40.00000,0.40379,403.16486
2025-06-22 13:19:35+07:00,28.90000,69.80000,27.80000,33.40000,0.41950,403.21170
2025-06-22 13:20:25+07:00,28.90000,70.00000,30.60000,35.20000,0.36649,403.23196
2025-06-22 13:21:14+07:00,28.90000,70.50000,30.90000,34.70000,0.39611,403.30020
2025-06-22 13:22:03+07:00,29.00000,70.70000,32.50000,36.50000,0.40897,403.27277
2025-06-22 13:22:53+07:00,29.00000,70.60000,37.00000,42.20000,0.42752,403.17819
2025-06-22 13:23:42+07:00,29.00000,70.80000,31.90000,36.00000,0.41290,403.22519
2025-06-22 13:24:31+07:00,29.00000,70.50000,31.40000,35.30000,0.40122,403.26593
2025-06-22 13:25:21+07:00,29.00000,69.70000,26.30000,29.60000,0.41685,403.17819
2025-06-22 13:26:10+07:00,29.10000,69.20000,28.40000,34.00000,0.39357,403.13834
2025-06-22 13:27:02+07:00,29.10000,69.90000,29.60000,34.30000,0.41159,403.30020
2025-06-22 13:27:52+07:00,29.10000,70.20000,45.40000,51.70000,0.41159,403.15155
2025-06-22 13:28:41+07:00,29.10000,69.70000,74.10000,85.60000,0.38854,403.11197
2025-06-22 13:29:32+07:00,29.00000,69.60000,77.10000,93.60000,0.39105,403.12512
2025-06-22 13:30:21+07:00,28.90000,70.20000,113.20000,140.20000,0.41817,403.29333
2025-06-22 13:31:10+07:00,28.80000,71.50000,98.60000,118.30000,0.41553,403.27960
2025-06-22 13:32:00+07:00,28.80000,72.20000,45.70000,53.90000,0.42618,403.54819
2025-06-22 13:32:49+07:00,28.80000,70.90000,43.70000,50.80000,0.39994,403.27960
2025-06-22 13:33:47+07:00,28.80000,70.10000,49.60000,57.30000,0.40897,403.36960
2025-06-22 13:34:37+07:00,28.80000,70.80000,54.60000,67.40000,0.39611,403.43304
2025-06-22 13:36:21+07:00,28.90000,71.20000,61.90000,80.90000,0.42350,403.40472
2025-06-22 13:37:10+07:00,28.90000,70.80000,72.10000,96.20000,0.39866,403.30020
2025-06-22 13:38:00+07:00,28.90000,71.00000,57.90000,76.60000,0.42618,403.41885
2025-06-22 13:38:49+07:00,29.00000,71.00000,31.50000,38.60000,0.42618,403.44012
2025-06-22 13:39:38+07:00,29.00000,70.60000,28.90000,34.70000,0.43294,403.43304
2025-06-22 13:40:28+07:00,29.00000,70.30000,41.50000,52.50000,0.39611,403.41177
2025-06-22 13:41:21+07:00,29.00000,69.80000,49.50000,63.20000,0.42752,403.21170
2025-06-22 13:42:10+07:00,29.00000,69.50000,62.40000,81.50000,0.43567,403.37659
2025-06-22 13:43:00+07:00,29.10000,70.60000,37.10000,43.30000,0.42618,403.30020
2025-06-22 13:43:49+07:00,29.10000,70.70000,30.40000,34.30000,0.42618,403.19827
2025-06-22 13:44:39+07:00,29.20000,69.80000,45.30000,59.50000,0.41553,403.27960
2025-06-22 13:45:28+07:00,29.20000,70.40000,43.70000,62.30000,0.39994,403.32782
2025-06-22 13:46:18+07:00,29.20000,71.50000,47.10000,69.40000,0.41553,403.36960
2025-06-22 13:47:07+07:00,29.20000,70.10000,53.40000,74.30000,0.40767,403.34866
2025-06-22 13:47:56+07:00,29.10000,70.60000,58.80000,85.40000,0.42618,403.32782
2025-06-22 13:48:46+07:00,29.10000,69.60000,55.70000,82.60000,0.42752,403.27960
2025-06-22 13:49:35+07:00,29.20000,70.20000,38.10000,51.00000,0.42350,403.30710
2025-06-22 13:50:24+07:00,29.20000,70.10000,36.60000,44.40000,0.42752,403.16486
2025-06-22 13:51:14+07:00,29.20000,69.30000,44.60000,61.40000,0.43430,403.24551
2025-06-22 13:52:03+07:00,29.20000,69.30000,43.80000,57.70000,0.46082,403.41885
2025-06-22 13:52:53+07:00,29.30000,69.40000,37.50000,48.40000,0.42752,403.23874
2025-06-22 13:53:42+07:00,29.30000,70.40000,31.60000,40.60000,0.42483,403.15820
2025-06-22 13:54:31+07:00,29.20000,70.70000,30.40000,37.90000,0.42618,403.11197
2025-06-22 13:55:21+07:00,29.20000,70.60000,40.30000,53.90000,0.42752,403.16486
2025-06-22 13:56:10+07:00,29.20000,70.60000,32.80000,39.20000,0.39231,403.22519
2025-06-22 13:57:00+07:00,29.20000,70.30000,38.50000,53.60000,0.40638,403.27960
2025-06-22 13:57:49+07:00,29.30000,70.90000,46.10000,64.80000,0.40508,403.28647
2025-06-22 13:58:38+07:00,29.30000,70.40000,36.40000,45.50000,0.42216,403.24551
2025-06-22 13:59:28+07:00,29.20000,70.50000,34.80000,42.80000,0.38480,403.34171
2025-06-22 14:00:17+07:00,29.10000,71.70000,35.10000,44.70000,0.43022,403.09232
2025-06-22 14:01:07+07:00,29.10000,71.30000,34.40000,40.60000,0.41159,403.25912
2025-06-22 14:01:56+07:00,29.10000,71.50000,33.00000,38.30000,0.40122,403.08578
2025-06-22 14:02:45+07:00,29.10000,71.30000,32.10000,38.30000,0.43704,403.12512
2025-06-22 14:03:35+07:00,29.10000,71.80000,32.90000,37.10000,0.40379,403.11197
2025-06-22 14:04:24+07:00,29.10000,71.90000,30.00000,34.30000,0.41685,403.22519
2025-06-22 14:05:13+07:00,29.20000,72.00000,30.70000,35.30000,0.39611,403.31400
2025-06-22 14:06:03+07:00,29.30000,72.20000,28.50000,36.10000,0.35467,403.17819
2025-06-22 14:06:52+07:00,29.30000,70.80000,26.20000,31.80000,0.42752,403.21844
2025-06-22 14:07:42+07:00,29.30000,70.80000,28.40000,33.40000,0.40250,403.31400
2025-06-22 14:08:31+07:00,29.30000,70.90000,31.60000,37.20000,0.41950,403.19156
2025-06-22 14:09:20+07:00,29.30000,71.70000,32.50000,39.30000,0.40250,403.22519
2025-06-22 14:10:10+07:00,29.40000,71.60000,29.00000,32.60000,0.40638,403.23196
2025-06-22 14:10:59+07:00,29.40000,70.60000,49.00000,63.50000,0.36890,403.39062
2025-06-22 14:11:49+07:00,29.40000,69.90000,36.60000,43.20000,0.39994,403.32782
2025-06-22 14:12:38+07:00,29.40000,70.60000,35.70000,46.60000,0.42887,403.30710
2025-06-22 14:13:27+07:00,29.40000,69.30000,36.70000,45.80000,0.43567,403.14493
2025-06-22 14:14:17+07:00,29.30000,70.10000,37.80000,46.30000,0.44671,403.39062
2025-06-22 14:15:08+07:00,29.30000,70.50000,30.70000,38.50000,0.37862,403.42593
2025-06-22 14:15:57+07:00,29.30000,70.10000,27.50000,31.70000,0.41421,403.34866
2025-06-22 14:16:47+07:00,29.30000,69.40000,45.60000,62.90000,0.39105,403.12512
2025-06-22 14:17:43+07:00,29.30000,69.50000,51.30000,69.60000,0.38604,403.26593
2025-06-22 14:18:33+07:00,29.30000,70.30000,76.00000,104.10000,0.40638,403.08578
2025-06-22 14:19:23+07:00,29.40000,69.40000,67.20000,85.40000,0.38480,403.35562
2025-06-22 14:20:15+07:00,29.30000,70.70000,29.60000,34.90000,0.40897,403.29333
2025-06-22 14:21:05+07:00,29.30000,69.00000,27.60000,33.40000,0.41685,403.22519
2025-06-22 14:21:55+07:00,29.20000,69.40000,49.10000,68.30000,0.38854,403.27960
2025-06-22 14:23:43+07:00,29.10000,70.70000,31.60000,38.90000,0.39994,403.17151
2025-06-22 14:24:36+07:00,29.20000,70.60000,37.60000,45.50000,0.39611,403.10541
2025-06-22 14:25:30+07:00,29.20000,71.20000,31.50000,35.70000,0.40508,403.23196
2025-06-22 14:26:22+07:00,29.30000,70.90000,37.00000,46.60000,0.40379,403.24551
2025-06-22 14:27:16+07:00,29.30000,71.10000,33.00000,40.30000,0.39484,403.15820
2025-06-22 14:28:08+07:00,29.40000,71.40000,36.20000,44.00000,0.41421,403.22519
2025-06-22 14:28:58+07:00,29.40000,72.40000,39.60000,53.70000,0.41950,403.19156
2025-06-22 14:29:47+07:00,29.40000,71.40000,42.60000,59.20000,0.39231,403.13834
2025-06-22 14:30:37+07:00,29.30000,71.30000,45.00000,61.90000,0.40897,403.17151
2025-06-22 14:31:26+07:00,29.20000,71.90000,48.30000,63.40000,0.40379,403.18488
2025-06-22 14:32:19+07:00,29.30000,72.20000,41.80000,54.00000,0.39611,403.30020
2025-06-22 14:33:09+07:00,29.30000,72.00000,40.60000,51.60000,0.39105,403.17819
2025-06-22 14:33:58+07:00,29.30000,71.10000,39.20000,50.70000,0.39357,403.19156
2025-06-22 14:34:57+07:00,29.30000,71.10000,29.10000,36.00000,0.40767,403.20499
2025-06-22 14:35:46+07:00,29.30000,69.10000,28.60000,33.80000,0.40379,403.25232
2025-06-22 14:36:35+07:00,29.20000,68.00000,29.40000,35.80000,0.38854,403.17151
2025-06-22 14:37:29+07:00,29.20000,68.80000,32.20000,40.60000,0.42083,403.22519
2025-06-22 14:38:19+07:00,29.20000,69.20000,31.60000,38.20000,0.41817,403.23874
2025-06-22 14:39:08+07:00,29.20000,70.50000,32.70000,40.90000,0.38854,403.19827
2025-06-22 14:39:57+07:00,29.20000,70.40000,29.00000,33.80000,0.39738,403.16486
2025-06-22 14:40:47+07:00,29.20000,70.60000,36.00000,50.80000,0.38108,403.23874
2025-06-22 14:41:36+07:00,29.20000,71.40000,37.90000,57.80000,0.38729,403.25912
2025-06-22 14:42:26+07:00,29.20000,71.50000,41.70000,58.60000,0.41421,403.32782
2025-06-22 14:43:15+07:00,29.10000,71.40000,38.00000,49.70000,0.40508,403.30020
2025-06-22 14:44:04+07:00,29.10000,71.90000,36.90000,46.60000,0.39105,403.22519
2025-06-22 14:44:54+07:00,29.10000,72.00000,40.50000,55.40000,0.40638,403.25912
2025-06-22 14:45:43+07:00,29.10000,72.40000,37.10000,46.80000,0.40767,403.32782
2025-06-22 14:46:33+07:00,29.10000,73.00000,35.50000,40.70000,0.39994,403.40472
2025-06-22 14:47:22+07:00,29.10000,73.50000,33.20000,39.00000,0.42083,403.44012
2025-06-22 14:48:11+07:00,29.00000,73.70000,35.20000,41.20000,0.39231,403.30710
2025-06-22 14:49:01+07:00,29.00000,73.10000,35.30000,41.50000,0.41685,403.41885
2025-06-22 14:49:50+07:00,29.00000,73.10000,35.50000,43.80000,0.40897,403.44727
2025-06-22 14:50:39+07:00,29.00000,73.20000,37.00000,44.30000,0.39105,403.17819
2025-06-22 14:51:29+07:00,29.00000,73.70000,32.90000,40.00000,0.39231,403.21170
2025-06-22 14:52:18+07:00,29.00000,72.70000,36.40000,44.50000,0.42350,403.23196
2025-06-22 14:53:08+07:00,29.00000,72.50000,34.50000,43.50000,0.42887,403.21844
2025-06-22 14:53:57+07:00,28.90000,72.50000,37.70000,46.40000,0.39611,403.31400
2025-06-22 14:54:46+07:00,28.90000,72.50000,35.20000,42.60000,0.41685,403.28647
2025-06-22 14:55:36+07:00,28.90000,72.10000,32.20000,37.80000,0.39738,403.13834
2025-06-22 14:56:25+07:00,28.90000,72.20000,35.60000,43.50000,0.40379,403.21170
2025-06-22 14:57:14+07:00,28.90000,72.80000,35.50000,45.10000,0.41159,403.22519
2025-06-22 14:58:04+07:00,28.90000,73.10000,34.70000,41.90000,0.38979,403.19827
2025-06-22 14:58:53+07:00,28.90000,72.50000,33.60000,37.70000,0.39738,403.17819
2025-06-22 14:59:43+07:00,28.90000,72.60000,33.50000,41.80000,0.41290,403.25912
2025-06-22 15:00:32+07:00,28.90000,72.50000,33.20000,40.20000,0.35584,403.32782
2025-06-22 15:01:22+07:00,28.90000,72.30000,33.90000,39.10000,0.40897,403.24551
2025-06-22 15:02:11+07:00,28.90000,72.70000,34.40000,42.10000,0.39994,403.09885
2025-06-22 15:03:00+07:00,28.80000,73.70000,36.70000,44.80000,0.42618,403.22519
2025-06-22 15:03:50+07:00,28.80000,74.20000,38.80000,46.80000,0.39105,403.30020
2025-06-22 15:04:43+07:00,28.80000,74.40000,37.00000,43.00000,0.41159,403.18488
2025-06-22 15:05:32+07:00,28.70000,74.00000,35.40000,41.40000,0.39105,403.09232
2025-06-22 15:06:21+07:00,28.70000,74.50000,36.70000,45.60000,0.42216,403.27960
2025-06-22 15:07:11+07:00,28.60000,74.70000,33.40000,39.60000,0.41817,403.27960
2025-06-22 15:08:03+07:00,28.60000,73.80000,33.00000,38.00000,0.40638,403.05331
2025-06-22 15:08:52+07:00,28.70000,73.40000,33.60000,40.70000,0.41685,403.23196
2025-06-22 15:09:42+07:00,28.70000,74.00000,33.20000,39.30000,0.40379,403.05978
2025-06-22 15:10:34+07:00,28.70000,72.60000,35.40000,44.60000,0.39231,403.20499
2025-06-22 15:11:32+07:00,28.70000,73.00000,35.50000,41.00000,0.40250,403.36261
2025-06-22 15:12:26+07:00,28.70000,73.10000,35.80000,40.40000,0.39105,403.13171
2025-06-22 15:13:15+07:00,28.70000,73.20000,35.20000,39.50000,0.33748,403.12512
2025-06-22 15:14:11+07:00,28.70000,73.10000,40.00000,48.60000,0.39738,403.24551
2025-06-22 15:15:01+07:00,28.70000,73.40000,36.20000,44.10000,0.41290,403.20499
2025-06-22 15:15:50+07:00,28.80000,73.50000,35.30000,41.00000,0.40767,403.18488
2025-06-22 15:16:43+07:00,28.80000,73.20000,35.70000,41.60000,0.40638,403.09885
2025-06-22 15:17:36+07:00,28.70000,73.70000,37.20000,42.20000,0.40122,403.25232
2025-06-22 15:18:30+07:00,28.70000,73.60000,49.60000,59.70000,0.40379,403.21844
2025-06-22 15:19:20+07:00,28.60000,74.20000,46.90000,53.50000,0.37617,403.13834
2025-06-22 15:20:09+07:00,28.60000,74.90000,60.70000,70.00000,0.41290,403.30710
2025-06-22 15:22:00+07:00,28.60000,75.30000,48.20000,58.50000,0.40897,403.28647
2025-06-22 15:22:49+07:00,28.60000,76.10000,37.70000,43.80000,0.40897,403.40472
2025-06-22 15:23:39+07:00,28.60000,75.20000,37.10000,44.10000,0.41159,403.29333
2025-06-22 15:24:28+07:00,28.60000,75.10000,32.70000,38.70000,0.42752,403.41177
2025-06-22 15:25:18+07:00,28.50000,74.10000,31.40000,36.30000,0.42618,403.37659
2025-06-22 15:26:11+07:00,28.50000,73.80000,35.80000,42.80000,0.42483,403.18488
2025-06-22 15:27:00+07:00,28.50000,74.00000,34.00000,40.20000,0.42752,403.30020
2025-06-22 15:27:50+07:00,28.60000,74.70000,34.90000,41.10000,0.42618,403.37659
2025-06-22 15:28:40+07:00,28.60000,74.40000,28.70000,32.90000,0.42083,403.41177
2025-06-22 15:29:29+07:00,28.60000,74.10000,28.30000,32.20000,0.42350,403.21170
2025-06-22 15:30:19+07:00,28.50000,73.30000,27.20000,31.10000,0.41817,403.41177
2025-06-22 15:31:08+07:00,28.50000,72.50000,25.40000,29.90000,0.39231,403.27960
2025-06-22 15:31:57+07:00,28.50000,71.90000,25.60000,29.20000,0.39994,403.31400
2025-06-22 15:32:47+07:00,28.50000,72.20000,25.30000,29.40000,0.38979,403.36261
2025-06-22 15:33:36+07:00,28.50000,71.60000,25.80000,29.50000,0.43158,403.04041
2025-06-22 15:34:26+07:00,28.50000,71.20000,28.60000,32.40000,0.39231,403.15820
2025-06-22 15:35:15+07:00,28.50000,72.50000,44.60000,51.30000,0.43841,403.35562
2025-06-22 15:36:04+07:00,28.50000,72.50000,41.90000,48.70000,0.40897,403.30710
2025-06-22 15:36:54+07:00,28.40000,72.80000,41.80000,46.90000,0.38232,403.38361
2025-06-22 15:37:43+07:00,28.40000,73.50000,42.20000,48.80000,0.42752,403.27277
2025-06-22 15:38:33+07:00,28.40000,73.20000,35.80000,40.10000,0.42350,403.19827
2025-06-22 15:39:22+07:00,28.40000,73.00000,39.30000,45.90000,0.39105,403.34866
2025-06-22 15:40:11+07:00,28.40000,73.70000,39.80000,48.20000,0.39994,403.12512
2025-06-22 15:41:01+07:00,28.50000,73.10000,32.30000,37.40000,0.40767,403.22519
2025-06-22 15:41:50+07:00,28.50000,73.20000,31.90000,38.00000,0.39105,403.25232
2025-06-22 15:42:40+07:00,28.50000,72.80000,31.00000,36.10000,0.42216,403.26593
2025-06-22 15:43:29+07:00,28.40000,72.40000,32.40000,36.30000,0.39738,403.27277
2025-06-22 15:44:18+07:00,28.40000,72.90000,42.00000,49.30000,0.42216,403.23874
2025-06-22 15:45:08+07:00,28.30000,72.40000,50.50000,60.20000,0.41685,403.15820
2025-06-22 15:45:57+07:00,28.30000,73.10000,38.60000,43.50000,0.43294,403.23874
2025-06-22 15:46:46+07:00,28.30000,72.80000,29.60000,34.80000,0.41685,403.34171
2025-06-22 15:47:36+07:00,28.20000,71.90000,33.50000,38.90000,0.40897,403.01471
2025-06-22 15:48:25+07:00,28.30000,72.20000,32.60000,36.60000,0.40122,403.09232
2025-06-22 15:49:15+07:00,28.20000,71.30000,31.00000,35.50000,0.39994,403.24551
2025-06-22 15:50:04+07:00,28.10000,71.90000,29.40000,37.30000,0.39994,403.15820
2025-06-22 15:50:53+07:00,28.10000,72.10000,37.40000,41.80000,0.42216,403.24551
2025-06-22 15:51:43+07:00,28.20000,72.70000,35.90000,40.60000,0.40508,403.14493
2025-06-22 15:52:32+07:00,28.20000,72.90000,32.10000,38.80000,0.39994,403.23874
2025-06-22 15:53:22+07:00,28.10000,72.20000,29.90000,34.30000,0.36890,403.12512
2025-06-22 15:54:11+07:00,28.10000,72.40000,31.50000,37.90000,0.38604,403.09232
2025-06-22 15:55:00+07:00,28.10000,72.90000,41.90000,47.00000,0.41028,403.04684
2025-06-22 15:55:50+07:00,28.10000,72.70000,34.70000,40.90000,0.36649,403.21844
2025-06-22 15:56:39+07:00,28.00000,72.70000,33.90000,39.40000,0.39105,403.17819
2025-06-22 15:57:29+07:00,28.00000,73.30000,36.40000,41.70000,0.39611,403.14493
2025-06-22 15:58:18+07:00,28.10000,73.90000,37.60000,44.40000,0.35701,403.22519
2025-06-22 15:59:08+07:00,28.20000,73.90000,36.40000,42.50000,0.39738,403.00192
2025-06-22 15:59:57+07:00,28.20000,73.10000,32.10000,38.40000,0.39357,403.21844
2025-06-22 16:00:46+07:00,28.10000,73.50000,41.60000,46.80000,0.37495,403.23874
2025-06-22 16:01:36+07:00,28.20000,73.70000,44.50000,50.00000,0.38232,403.33475
2025-06-22 16:02:25+07:00,28.20000,74.00000,45.70000,54.50000,0.40122,403.25232
2025-06-22 16:03:15+07:00,28.10000,73.80000,41.60000,46.70000,0.40897,403.27277
2025-06-22 16:04:05+07:00,28.10000,74.00000,33.10000,38.00000,0.39484,403.22519
2025-06-22 16:04:54+07:00,28.00000,72.90000,41.10000,47.00000,0.39866,403.15155
2025-06-22 16:05:44+07:00,28.00000,73.50000,36.60000,42.40000,0.39866,403.27277
2025-06-22 16:06:36+07:00,28.00000,73.10000,47.50000,54.20000,0.40767,403.15820
2025-06-22 16:07:25+07:00,28.00000,73.00000,68.40000,76.90000,0.40379,403.09232
2025-06-22 16:08:15+07:00,28.00000,73.90000,47.60000,53.30000,0.38108,402.98285
2025-06-22 16:09:10+07:00,28.00000,73.40000,34.80000,38.90000,0.41028,403.17151
2025-06-22 16:09:59+07:00,28.10000,73.20000,43.30000,48.50000,0.39866,403.33475
2025-06-22 16:10:49+07:00,28.00000,73.20000,38.80000,43.50000,0.36890,403.15155
2025-06-22 16:11:38+07:00,28.10000,73.00000,47.80000,53.60000,0.38854,403.13171
2025-06-22 16:12:28+07:00,28.10000,73.20000,57.20000,64.00000,0.41290,403.15155
2025-06-22 16:13:18+07:00,28.10000,72.70000,44.50000,50.30000,0.40122,403.39062
2025-06-22 16:14:08+07:00,28.00000,73.10000,41.10000,46.10000,0.40508,403.33475
2025-06-22 16:14:57+07:00,28.00000,72.80000,46.40000,54.20000,0.40122,403.40472
2025-06-22 16:15:47+07:00,27.90000,73.00000,59.50000,66.40000,0.41290,403.37659
2025-06-22 16:16:37+07:00,28.00000,73.90000,74.00000,83.00000,0.42752,403.36261
2025-06-22 16:17:26+07:00,28.00000,73.80000,79.80000,95.50000,0.38604,403.32782
2025-06-22 16:18:16+07:00,27.90000,74.10000,68.90000,83.70000,0.38854,403.24551
2025-06-22 16:19:08+07:00,27.90000,74.10000,53.60000,63.60000,0.41028,403.37659
2025-06-22 16:20:00+07:00,28.00000,73.70000,49.90000,58.60000,0.40250,403.38361
2025-06-22 16:20:58+07:00,28.00000,73.30000,64.00000,77.60000,0.39231,403.13834
2025-06-22 16:21:48+07:00,27.90000,73.70000,60.00000,71.80000,0.39866,403.23874
2025-06-22 16:22:37+07:00,27.90000,74.70000,47.10000,54.60000,0.42216,403.30710
2025-06-22 16:23:27+07:00,28.00000,74.80000,93.00000,107.30000,0.41421,403.34866
2025-06-22 16:24:16+07:00,28.00000,74.80000,74.60000,90.00000,0.35819,403.31400
2025-06-22 16:25:05+07:00,28.10000,75.20000,54.90000,65.10000,0.39357,403.36960
2025-06-22 16:25:55+07:00,28.10000,74.40000,49.30000,56.70000,0.39231,403.19827
2025-06-22 16:26:44+07:00,28.00000,74.60000,56.40000,63.40000,0.41159,403.32089
2025-06-22 16:27:34+07:00,27.90000,75.50000,46.90000,52.60000,0.42216,403.34866
2025-06-22 16:28:24+07:00,27.90000,75.70000,62.70000,70.10000,0.43022,403.25912
2025-06-22 16:29:13+07:00,27.90000,75.50000,65.00000,72.70000,0.41685,403.41177
2025-06-22 16:30:05+07:00,27.90000,75.30000,53.70000,60.00000,0.41553,403.40472
2025-06-22 16:30:58+07:00,27.80000,75.10000,54.00000,60.40000,0.43158,403.25912
2025-06-22 16:31:54+07:00,27.80000,75.20000,42.70000,48.00000,0.39484,403.23874
2025-06-22 16:32:43+07:00,27.80000,75.40000,51.50000,58.20000,0.43704,403.37659
2025-06-22 16:33:33+07:00,27.80000,75.40000,52.40000,58.80000,0.42752,403.45438
2025-06-22 16:34:25+07:00,27.80000,75.60000,54.70000,61.30000,0.40122,403.41885
2025-06-22 16:35:18+07:00,27.90000,75.60000,49.90000,55.90000,0.39994,403.34171
2025-06-22 16:36:13+07:00,27.80000,74.80000,51.60000,57.80000,0.43158,403.55548
2025-06-22 16:37:06+07:00,27.70000,75.20000,55.20000,62.00000,0.41028,403.44727
2025-06-22 16:37:55+07:00,27.70000,75.70000,53.00000,59.50000,0.43158,403.41885
2025-06-22 16:38:45+07:00,27.70000,75.70000,50.30000,56.50000,0.42350,403.85745
2025-06-22 16:39:38+07:00,27.70000,76.10000,51.20000,57.90000,0.43294,403.59952
2025-06-22 16:40:33+07:00,27.80000,76.20000,45.00000,50.40000,0.44811,403.44012
2025-06-22 16:41:23+07:00,27.70000,75.10000,44.00000,50.10000,0.43022,403.46869
2025-06-22 16:42:12+07:00,27.60000,75.50000,40.60000,49.00000,0.38108,403.54089
2025-06-22 16:43:02+07:00,27.70000,75.60000,39.10000,45.40000,0.43704,403.44727
2025-06-22 16:43:52+07:00,27.70000,75.80000,41.30000,50.00000,0.43978,403.23196
2025-06-22 16:44:41+07:00,27.70000,75.50000,42.10000,47.90000,0.41685,403.34866
2025-06-22 16:45:30+07:00,27.70000,75.70000,42.90000,50.30000,0.41817,403.34866
2025-06-22 16:46:20+07:00,27.70000,75.70000,41.30000,48.80000,0.43158,403.39767
2025-06-22 16:47:09+07:00,27.60000,75.60000,40.20000,45.20000,0.41817,403.39062
2025-06-22 16:47:59+07:00,27.60000,75.70000,41.10000,49.70000,0.40638,403.24551
2025-06-22 16:48:48+07:00,27.70000,76.10000,40.80000,50.10000,0.43567,403.36960
2025-06-22 16:49:38+07:00,27.70000,75.70000,40.10000,46.50000,0.42887,403.32089
2025-06-22 16:50:27+07:00,27.70000,75.20000,46.60000,53.90000,0.41290,403.40472
2025-06-22 16:51:21+07:00,27.70000,75.80000,42.90000,52.00000,0.43022,403.36261
2025-06-22 16:52:10+07:00,27.80000,76.10000,39.40000,45.90000,0.41159,403.39062
2025-06-22 16:53:00+07:00,27.70000,75.50000,40.10000,45.90000,0.42887,403.17151
2025-06-22 16:53:49+07:00,27.70000,75.70000,39.50000,47.00000,0.42618,403.22519
2025-06-22 16:54:38+07:00,27.70000,75.40000,37.00000,43.50000,0.42483,403.39062
2025-06-22 16:55:28+07:00,27.60000,75.00000,38.20000,44.20000,0.41817,403.29333
2025-06-22 16:56:17+07:00,27.60000,75.10000,39.60000,48.40000,0.39611,403.20499
2025-06-22 16:57:07+07:00,27.50000,75.50000,41.50000,47.10000,0.41290,403.30710
2025-06-22 16:57:56+07:00,27.50000,75.40000,38.30000,44.20000,0.42752,403.32782
2025-06-22 16:58:45+07:00,27.60000,75.00000,37.90000,43.00000,0.42887,403.38361
2025-06-22 16:59:35+07:00,27.60000,75.20000,40.30000,48.60000,0.41950,403.30710
2025-06-22 17:00:24+07:00,27.60000,75.30000,38.00000,45.20000,0.41421,403.01471
2025-06-22 17:01:13+07:00,27.50000,75.20000,37.90000,42.90000,0.41685,403.32089
2025-06-22 17:02:03+07:00,27.50000,75.40000,38.90000,48.20000,0.40638,403.33475
2025-06-22 17:02:52+07:00,27.50000,75.80000,36.90000,43.90000,0.39357,403.39767
2025-06-22 17:03:41+07:00,27.40000,75.40000,36.80000,45.30000,0.41290,403.32782
2025-06-22 17:04:31+07:00,27.40000,75.90000,40.40000,46.00000,0.41817,403.39767
2025-06-22 17:05:20+07:00,27.40000,76.10000,39.70000,44.90000,0.40638,403.34866
2025-06-22 17:06:10+07:00,27.30000,76.30000,39.60000,45.80000,0.41421,403.37659
2025-06-22 17:06:59+07:00,27.40000,76.10000,40.70000,46.40000,0.39357,403.18488
2025-06-22 17:07:52+07:00,27.40000,76.00000,39.20000,47.20000,0.41817,403.44012
2025-06-22 17:09:35+07:00,27.30000,76.60000,42.00000,48.90000,0.39357,403.39767
2025-06-22 17:10:25+07:00,27.30000,76.70000,42.50000,49.00000,0.40897,403.17819
2025-06-22 17:11:17+07:00,27.30000,76.70000,41.80000,49.50000,0.43158,403.36261
2025-06-22 17:12:06+07:00,27.30000,76.90000,42.80000,51.50000,0.39231,403.39062
2025-06-22 17:12:56+07:00,27.30000,77.20000,43.60000,50.80000,0.40379,403.31400
2025-06-22 17:13:46+07:00,27.30000,77.30000,45.60000,53.30000,0.42752,403.31400
2025-06-22 17:14:36+07:00,27.30000,77.50000,44.80000,52.90000,0.39611,403.27960
2025-06-22 17:15:26+07:00,27.30000,77.30000,44.30000,51.70000,0.39738,403.34171
2025-06-22 17:16:15+07:00,27.30000,76.80000,43.60000,53.30000,0.41817,403.28647
2025-06-22 17:17:04+07:00,27.30000,77.00000,45.30000,55.70000,0.42216,403.23196
2025-06-22 17:17:54+07:00,27.30000,77.10000,43.70000,51.60000,0.42083,403.36960
2025-06-22 17:18:43+07:00,27.20000,77.10000,46.90000,57.70000,0.37010,403.25912
2025-06-22 17:19:35+07:00,27.20000,76.70000,45.70000,59.10000,0.40508,403.27277
2025-06-22 17:20:25+07:00,27.20000,76.70000,45.60000,53.00000,0.41290,403.19156
2025-06-22 17:21:14+07:00,27.20000,76.80000,45.10000,55.60000,0.43978,403.24551
2025-06-22 17:22:04+07:00,27.20000,76.50000,46.90000,56.70000,0.39357,403.28647
2025-06-22 17:22:53+07:00,27.20000,76.90000,46.30000,60.40000,0.40897,403.39062
2025-06-22 17:23:42+07:00,27.20000,77.10000,46.70000,56.90000,0.41553,403.35562
2025-06-22 17:24:32+07:00,27.20000,77.20000,51.30000,65.60000,0.40508,403.41177
2025-06-22 17:25:21+07:00,27.30000,77.30000,49.50000,63.20000,0.42083,403.26593
2025-06-22 17:26:10+07:00,27.20000,77.30000,47.90000,58.80000,0.42350,403.39062
2025-06-22 17:27:02+07:00,27.20000,77.00000,45.10000,54.70000,0.41817,403.20499
2025-06-22 17:27:52+07:00,27.20000,76.70000,46.80000,57.50000,0.40250,403.23196
2025-06-22 17:28:41+07:00,27.20000,77.00000,51.40000,65.50000,0.41950,403.30020
2025-06-22 17:29:31+07:00,27.20000,77.40000,52.20000,67.30000,0.42752,403.21170
2025-06-22 17:30:20+07:00,27.20000,77.10000,51.70000,68.20000,0.43022,403.37659
2025-06-22 17:31:10+07:00,27.20000,77.20000,56.50000,74.00000,0.42350,403.42593
2025-06-22 17:32:02+07:00,27.30000,77.30000,53.10000,67.50000,0.41290,403.36261
2025-06-22 17:32:55+07:00,27.20000,77.10000,50.10000,69.90000,0.40897,403.37659
2025-06-22 17:33:45+07:00,27.20000,77.20000,53.60000,73.40000,0.42618,403.36261
2025-06-22 17:35:33+07:00,27.20000,77.20000,55.40000,76.30000,0.41553,403.34866
2025-06-22 17:36:25+07:00,27.20000,76.90000,56.80000,77.00000,0.40508,403.41177
2025-06-22 17:37:14+07:00,27.20000,77.10000,53.70000,73.90000,0.43294,403.44727
2025-06-22 17:38:04+07:00,27.20000,76.80000,53.60000,72.60000,0.44116,403.41177
2025-06-22 17:38:54+07:00,27.20000,77.00000,53.30000,72.50000,0.42216,403.49023
2025-06-22 17:39:43+07:00,27.20000,76.80000,55.70000,79.80000,0.39994,403.30020
2025-06-22 17:40:33+07:00,27.20000,77.00000,62.20000,94.10000,0.39994,403.46869
2025-06-22 17:41:22+07:00,27.30000,77.00000,58.70000,79.20000,0.43158,403.23196
2025-06-22 17:42:12+07:00,27.30000,77.00000,61.90000,74.40000,0.42483,403.36261
2025-06-22 17:43:01+07:00,27.30000,76.90000,55.40000,66.70000,0.43430,403.39062
2025-06-22 17:43:50+07:00,27.30000,76.60000,54.20000,69.60000,0.43567,403.41885
2025-06-22 17:44:40+07:00,27.30000,76.50000,53.60000,67.70000,0.41950,403.44012
2025-06-22 17:45:29+07:00,27.30000,76.80000,49.20000,60.80000,0.46800,403.33475
2025-06-22 17:46:19+07:00,27.30000,76.70000,50.50000,61.50000,0.41950,403.44012
2025-06-22 17:47:08+07:00,27.20000,76.70000,49.90000,59.30000,0.45797,403.41177
2025-06-22 17:47:58+07:00,27.20000,77.20000,53.80000,65.10000,0.41421,403.34171
2025-06-22 17:48:47+07:00,27.20000,77.50000,50.60000,65.70000,0.42618,403.31400
2025-06-22 17:49:36+07:00,27.20000,77.40000,49.60000,61.70000,0.42350,403.36261
2025-06-22 17:50:26+07:00,27.10000,77.70000,54.90000,75.00000,0.41028,403.33475
2025-06-22 17:51:15+07:00,27.20000,77.70000,56.60000,79.60000,0.37862,403.34866
2025-06-22 17:52:04+07:00,27.20000,77.70000,51.60000,67.90000,0.43978,403.38361
2025-06-22 17:53:01+07:00,27.10000,78.00000,50.80000,66.30000,0.41553,403.28647
2025-06-22 17:53:51+07:00,27.10000,77.90000,50.70000,64.40000,0.42216,403.32782
2025-06-22 17:54:40+07:00,27.00000,78.00000,49.20000,59.70000,0.42083,403.40472
2025-06-22 17:55:29+07:00,27.10000,78.10000,50.10000,63.60000,0.41950,403.34171
2025-06-22 17:56:19+07:00,27.10000,78.20000,49.80000,61.00000,0.40897,403.32782
2025-06-22 17:57:11+07:00,27.10000,78.20000,52.10000,61.30000,0.41553,403.41177
2025-06-22 17:58:02+07:00,27.00000,78.20000,51.80000,64.50000,0.43294,403.32782
2025-06-22 17:58:51+07:00,27.00000,78.50000,51.10000,61.40000,0.42083,403.41177
2025-06-22 17:59:42+07:00,27.00000,78.50000,52.00000,63.30000,0.41817,403.41177
2025-06-22 18:00:36+07:00,27.00000,78.80000,51.40000,61.10000,0.42752,403.37659
2025-06-22 18:01:25+07:00,26.90000,78.90000,53.00000,63.80000,0.42350,403.37659
2025-06-22 18:02:18+07:00,26.90000,79.00000,55.80000,72.30000,0.43294,403.40472
2025-06-22 18:03:11+07:00,27.00000,79.10000,53.10000,67.50000,0.43158,403.40472
2025-06-22 18:04:00+07:00,27.00000,79.00000,57.30000,67.90000,0.41290,403.39767
2025-06-22 18:04:50+07:00,27.00000,78.90000,53.30000,66.00000,0.43294,403.37659
2025-06-22 18:05:39+07:00,27.00000,79.00000,54.60000,68.00000,0.41159,403.27960
2025-06-22 18:06:29+07:00,26.90000,79.00000,54.30000,66.40000,0.48558,403.46152
2025-06-22 18:07:18+07:00,27.00000,79.30000,55.80000,68.10000,0.39611,403.39062
2025-06-22 18:08:07+07:00,27.00000,79.20000,55.30000,68.50000,0.43704,403.39767
2025-06-22 18:08:57+07:00,27.10000,79.20000,55.60000,70.40000,0.40508,403.33475
2025-06-22 18:09:46+07:00,27.10000,79.10000,54.70000,68.00000,0.43430,403.34866
2025-06-22 18:10:36+07:00,27.00000,79.10000,57.30000,69.00000,0.39866,403.27277
2025-06-22 18:11:25+07:00,27.00000,79.20000,54.80000,66.80000,0.41421,403.31400
2025-06-22 18:12:15+07:00,26.90000,79.60000,56.60000,70.20000,0.39231,403.36261
2025-06-22 18:13:04+07:00,26.90000,79.60000,55.80000,69.10000,0.39231,403.40472
2025-06-22 18:13:53+07:00,26.90000,79.60000,60.00000,73.60000,0.41553,403.30710
2025-06-22 18:14:43+07:00,26.90000,80.00000,60.10000,76.00000,0.41159,403.41177
2025-06-22 18:15:32+07:00,27.00000,80.10000,60.40000,75.90000,0.44116,403.25912
2025-06-22 18:16:22+07:00,26.90000,80.10000,60.70000,76.50000,0.40897,403.44727
2025-06-22 18:17:14+07:00,26.90000,79.90000,59.80000,74.20000,0.41421,403.41177
2025-06-22 18:18:03+07:00,26.90000,80.00000,57.90000,68.70000,0.42887,403.45438
2025-06-22 18:18:52+07:00,26.90000,79.90000,59.40000,72.20000,0.42216,403.41177
2025-06-22 18:19:42+07:00,27.00000,79.90000,60.40000,73.10000,0.43841,403.35562
2025-06-22 18:20:31+07:00,27.00000,80.20000,58.70000,74.90000,0.43158,403.40472
2025-06-22 18:21:21+07:00,26.90000,80.10000,58.80000,70.90000,0.40379,403.64401
2025-06-22 18:22:13+07:00,26.90000,80.30000,59.60000,75.40000,0.40638,403.35562
2025-06-22 18:23:03+07:00,26.90000,80.20000,58.20000,71.20000,0.47527,403.71155
2025-06-22 18:23:52+07:00,26.90000,80.30000,57.70000,71.70000,0.42483,403.42593
2025-06-22 18:24:41+07:00,26.80000,80.40000,57.60000,72.20000,0.42752,403.30710
2025-06-22 18:25:31+07:00,26.90000,80.80000,60.40000,76.80000,0.42483,403.30710
2025-06-22 18:26:20+07:00,26.90000,80.90000,60.30000,77.00000,0.42083,403.30710
2025-06-22 18:27:10+07:00,26.90000,81.00000,62.60000,77.10000,0.41159,403.41885
2025-06-22 18:27:59+07:00,26.90000,81.30000,61.20000,74.60000,0.41817,403.41177
2025-06-22 18:28:48+07:00,26.90000,81.20000,59.80000,75.60000,0.43294,403.39767
2025-06-22 18:29:38+07:00,26.80000,81.40000,62.70000,80.80000,0.39738,403.40472
2025-06-22 18:30:27+07:00,26.80000,81.70000,65.20000,79.50000,0.43294,403.32782
2025-06-22 18:31:17+07:00,26.80000,81.60000,63.70000,77.70000,0.44951,403.47586
2025-06-22 18:32:07+07:00,26.80000,81.80000,64.10000,79.20000,0.45513,403.41885
2025-06-22 18:32:56+07:00,26.80000,81.70000,62.50000,79.20000,0.40897,403.34171
2025-06-22 18:33:46+07:00,26.70000,81.60000,65.10000,78.30000,0.41553,403.40472
2025-06-22 18:34:35+07:00,26.70000,81.90000,66.60000,81.30000,0.40767,403.36960
2025-06-22 18:35:24+07:00,26.60000,82.30000,66.20000,83.10000,0.43430,403.44012
2025-06-22 18:36:14+07:00,26.60000,82.30000,68.60000,85.10000,0.42216,403.28647
2025-06-22 18:37:03+07:00,26.70000,82.40000,68.60000,86.40000,0.42216,403.36960
2025-06-22 18:37:54+07:00,26.70000,82.20000,69.50000,89.60000,0.41028,403.40472
2025-06-22 18:38:43+07:00,26.70000,82.20000,69.40000,86.70000,0.42618,403.40472
2025-06-22 18:39:33+07:00,26.70000,82.20000,69.10000,86.00000,0.41817,403.47586
2025-06-22 18:40:28+07:00,26.70000,82.40000,69.20000,92.20000,0.41421,403.45438
2025-06-22 18:42:24+07:00,26.70000,82.90000,68.50000,86.30000,0.40897,403.36960
2025-06-22 18:43:14+07:00,26.60000,82.90000,71.90000,91.50000,0.42483,403.39767
2025-06-22 18:44:04+07:00,26.60000,82.90000,70.60000,91.10000,0.41290,403.50464
2025-06-22 18:44:53+07:00,26.60000,82.80000,72.50000,93.10000,0.41159,403.41177
2025-06-22 18:45:42+07:00,26.60000,82.90000,71.30000,91.10000,0.40767,403.31400
2025-06-22 18:46:32+07:00,26.60000,82.90000,73.40000,89.10000,0.42887,403.46152
2025-06-22 18:47:23+07:00,26.60000,82.90000,74.30000,95.30000,0.43158,403.60690
2025-06-22 18:48:13+07:00,26.60000,83.00000,71.80000,90.80000,0.41553,403.47586
2025-06-22 18:49:02+07:00,26.70000,82.80000,70.50000,91.00000,0.42887,403.41177
2025-06-22 18:49:51+07:00,26.60000,83.10000,72.00000,94.80000,0.42483,403.45438
2025-06-22 18:50:49+07:00,26.70000,83.40000,70.50000,87.70000,0.43158,403.46869
2025-06-22 18:51:38+07:00,26.60000,83.40000,73.90000,97.20000,0.43158,403.34171
2025-06-22 18:52:28+07:00,26.60000,83.60000,71.60000,90.60000,0.41817,403.43304
2025-06-22 18:53:17+07:00,26.60000,83.70000,71.40000,92.80000,0.42216,403.38361
2025-06-22 18:54:09+07:00,26.70000,83.70000,75.00000,95.40000,0.43704,403.34866
2025-06-22 18:55:01+07:00,26.70000,83.40000,70.40000,90.80000,0.43430,403.60690
2025-06-22 18:55:51+07:00,26.70000,83.50000,74.20000,99.80000,0.42083,403.32782
2025-06-22 18:56:42+07:00,26.60000,83.50000,73.00000,92.70000,0.41028,403.31400
2025-06-22 18:57:32+07:00,26.50000,83.70000,73.60000,93.90000,0.43158,403.35562
2025-06-22 18:58:21+07:00,26.60000,84.10000,75.20000,98.00000,0.41159,403.37659
2025-06-22 18:59:12+07:00,26.60000,83.80000,72.60000,95.00000,0.41159,403.34866
2025-06-22 19:00:01+07:00,26.60000,83.80000,75.60000,95.50000,0.41159,403.48303
2025-06-22 19:00:51+07:00,26.60000,83.90000,73.80000,96.10000,0.42083,403.38361
2025-06-22 19:01:41+07:00,26.50000,84.10000,72.60000,93.30000,0.41553,403.39767
2025-06-22 19:02:30+07:00,26.50000,84.40000,73.60000,94.70000,0.42483,403.36261
2025-06-22 19:03:19+07:00,26.50000,84.50000,77.10000,100.90000,0.41685,403.23874
2025-06-22 19:04:09+07:00,26.50000,84.60000,74.60000,96.30000,0.41421,403.41885
2025-06-22 19:04:58+07:00,26.50000,84.50000,77.50000,99.50000,0.41950,403.34866
2025-06-22 19:05:48+07:00,26.60000,84.40000,78.70000,100.60000,0.42618,403.34171
2025-06-22 19:06:37+07:00,26.50000,84.40000,79.70000,102.10000,0.40379,403.38361
2025-06-22 19:07:26+07:00,26.50000,84.40000,80.00000,101.10000,0.42483,403.46869
2025-06-22 19:08:16+07:00,26.50000,84.40000,77.60000,98.90000,0.40638,403.41177
2025-06-22 19:09:05+07:00,26.50000,84.50000,81.90000,103.60000,0.41685,403.40472
2025-06-22 19:09:54+07:00,26.40000,84.60000,80.80000,107.40000,0.42483,403.36960
2025-06-22 19:10:44+07:00,26.40000,84.80000,80.70000,105.00000,0.42887,403.46152
2025-06-22 19:11:33+07:00,26.30000,84.80000,79.20000,101.90000,0.42216,403.39767
2025-06-22 19:12:23+07:00,26.30000,84.80000,79.40000,103.00000,0.43567,403.57010
2025-06-22 19:13:12+07:00,26.30000,85.00000,80.60000,106.20000,0.44116,403.39062
2025-06-22 19:14:01+07:00,26.30000,85.00000,81.20000,107.30000,0.44393,403.46869
2025-06-22 19:14:51+07:00,26.30000,85.00000,80.10000,108.80000,0.41685,403.39767
2025-06-22 19:15:40+07:00,26.30000,85.20000,80.20000,105.40000,0.40767,403.38361
2025-06-22 19:16:29+07:00,26.40000,85.30000,81.60000,103.70000,0.42483,403.35562
2025-06-22 19:17:19+07:00,26.40000,85.20000,81.40000,109.10000,0.42483,403.41177
2025-06-22 19:18:08+07:00,26.30000,85.20000,81.50000,106.10000,0.41421,403.44727
2025-06-22 19:18:58+07:00,26.30000,85.10000,82.70000,106.40000,0.42483,403.42593
2025-06-22 19:19:47+07:00,26.40000,85.10000,80.60000,101.00000,0.42618,403.44727
2025-06-22 19:20:36+07:00,26.40000,84.80000,84.30000,110.00000,0.39484,403.66641
2025-06-22 19:21:26+07:00,26.40000,85.00000,81.60000,103.60000,0.42483,403.38361
2025-06-22 19:22:15+07:00,26.30000,84.90000,82.50000,105.00000,0.41553,403.35562
2025-06-22 19:23:04+07:00,26.40000,84.70000,83.10000,109.70000,0.40897,403.34866
2025-06-22 19:23:54+07:00,26.40000,84.50000,88.80000,114.30000,0.43978,403.30710
2025-06-22 19:24:43+07:00,26.40000,84.60000,86.60000,111.20000,0.43841,403.48303
2025-06-22 19:25:32+07:00,26.50000,84.50000,85.70000,114.40000,0.43978,403.37659
2025-06-22 19:26:22+07:00,26.50000,84.70000,85.30000,112.70000,0.40122,403.52637
2025-06-22 19:27:11+07:00,26.50000,84.80000,87.30000,114.80000,0.44393,403.41177
2025-06-22 19:28:01+07:00,26.50000,84.70000,89.00000,117.00000,0.42216,403.43304
2025-06-22 19:28:50+07:00,26.50000,84.60000,91.00000,118.40000,0.39994,403.46152
2025-06-22 19:29:39+07:00,26.50000,84.70000,86.50000,111.70000,0.43430,403.42593
2025-06-22 19:30:29+07:00,26.50000,84.70000,83.40000,103.60000,0.44532,403.37659
2025-06-22 19:31:18+07:00,26.50000,84.60000,86.60000,109.20000,0.45372,403.46152
2025-06-22 19:32:08+07:00,26.40000,84.70000,91.50000,115.70000,0.41817,403.41177
2025-06-22 19:32:57+07:00,26.40000,85.00000,88.30000,114.20000,0.42350,403.37659
2025-06-22 19:33:47+07:00,26.50000,85.00000,85.40000,107.70000,0.42350,403.35562
2025-06-22 19:34:37+07:00,26.40000,84.70000,86.90000,111.40000,0.42483,403.33475
2025-06-22 19:35:26+07:00,26.50000,84.60000,89.50000,116.70000,0.42083,403.39767
2025-06-22 19:36:16+07:00,26.40000,84.80000,83.20000,105.20000,0.41421,403.40472
2025-06-22 19:37:05+07:00,26.40000,84.60000,80.50000,104.40000,0.43841,403.44727
2025-06-22 19:37:55+07:00,26.40000,84.70000,85.10000,107.70000,0.43567,403.36960
2025-06-22 19:38:45+07:00,26.30000,85.10000,81.90000,106.50000,0.43430,403.48303
2025-06-22 19:39:34+07:00,26.30000,85.20000,84.20000,107.50000,0.41950,403.41177
2025-06-22 19:40:24+07:00,26.30000,85.40000,84.80000,109.00000,0.41950,403.42593
2025-06-22 19:41:17+07:00,26.30000,85.30000,85.70000,108.60000,0.42887,403.22519
2025-06-22 19:42:07+07:00,26.30000,85.40000,85.30000,107.40000,0.41553,403.34866
2025-06-22 19:42:58+07:00,26.30000,85.50000,89.00000,112.20000,0.43430,403.44727
2025-06-22 19:43:47+07:00,26.30000,85.70000,86.70000,110.50000,0.41950,403.46152
2025-06-22 19:44:40+07:00,26.20000,86.10000,85.40000,109.10000,0.43430,403.37659
2025-06-22 19:45:30+07:00,26.20000,86.20000,85.70000,110.50000,0.42350,403.21170
2025-06-22 19:46:19+07:00,26.20000,86.40000,84.30000,110.80000,0.45231,403.34866
2025-06-22 19:47:09+07:00,26.20000,86.50000,84.70000,109.80000,0.41159,403.13171
2025-06-22 19:47:58+07:00,26.10000,86.70000,82.80000,108.80000,0.45231,403.49744
2025-06-22 19:48:47+07:00,26.20000,86.60000,82.20000,104.50000,0.44532,403.42593
2025-06-22 19:49:37+07:00,26.20000,86.90000,81.70000,105.60000,0.38854,403.41885
2025-06-22 19:50:27+07:00,26.10000,86.90000,82.00000,107.60000,0.42483,403.35562
2025-06-22 19:51:18+07:00,26.20000,86.70000,81.00000,101.40000,0.40897,403.41885
2025-06-22 19:52:07+07:00,26.30000,86.50000,81.30000,104.80000,0.43841,403.36960
2025-06-22 19:52:57+07:00,26.30000,86.40000,83.50000,105.60000,0.42752,403.36261
2025-06-22 19:53:46+07:00,26.30000,86.40000,75.30000,96.20000,0.43567,403.41177
2025-06-22 19:54:36+07:00,26.30000,85.90000,77.60000,100.10000,0.42887,403.37659
2025-06-22 19:55:25+07:00,26.20000,86.20000,76.00000,99.50000,0.42483,403.39767
2025-06-22 19:56:15+07:00,26.20000,86.20000,69.40000,87.10000,0.42483,403.44727
2025-06-22 19:57:04+07:00,26.20000,85.60000,68.80000,86.60000,0.42350,403.33475
2025-06-22 19:57:54+07:00,26.20000,85.40000,69.10000,86.40000,0.41950,403.41177
2025-06-22 19:58:44+07:00,26.20000,85.50000,66.20000,83.20000,0.42350,403.44727
2025-06-22 19:59:34+07:00,26.20000,84.80000,63.00000,79.60000,0.39994,403.45438
2025-06-22 20:00:23+07:00,26.20000,84.50000,60.60000,77.40000,0.42083,403.42593
2025-06-22 20:01:12+07:00,26.20000,84.80000,60.70000,79.80000,0.43022,403.41177
2025-06-22 20:02:02+07:00,26.20000,84.70000,62.70000,79.90000,0.43841,403.34171
2025-06-22 20:02:51+07:00,26.20000,84.90000,61.40000,77.00000,0.41553,403.16486
2025-06-22 20:03:41+07:00,26.20000,84.70000,54.80000,72.60000,0.42350,403.28647
2025-06-22 20:04:30+07:00,26.10000,84.60000,58.90000,73.60000,0.41817,403.36261
2025-06-22 20:05:19+07:00,26.20000,84.50000,53.10000,67.50000,0.47527,403.41177
2025-06-22 20:06:09+07:00,26.20000,84.10000,56.90000,70.00000,0.43978,403.32089
2025-06-22 20:06:58+07:00,26.10000,84.10000,59.00000,75.10000,0.40379,403.42593
2025-06-22 20:07:48+07:00,26.20000,83.80000,58.30000,73.00000,0.41421,403.19827
2025-06-22 20:08:38+07:00,26.20000,83.80000,59.10000,78.40000,0.43294,403.32782
2025-06-22 20:09:28+07:00,26.20000,83.90000,59.60000,77.50000,0.42618,403.36960
2025-06-22 20:10:17+07:00,26.20000,83.90000,59.80000,75.60000,0.42752,403.43304
2025-06-22 20:11:06+07:00,26.20000,83.70000,62.60000,78.20000,0.41421,403.39767
2025-06-22 20:11:56+07:00,26.20000,83.90000,64.00000,80.10000,0.37617,403.32089
2025-06-22 20:12:45+07:00,26.20000,84.10000,64.90000,82.60000,0.41159,403.41177
2025-06-22 20:13:35+07:00,26.30000,84.10000,63.40000,83.30000,0.42350,403.42593
2025-06-22 20:14:27+07:00,26.30000,84.00000,67.30000,87.40000,0.42887,403.47586
2025-06-22 20:15:17+07:00,26.30000,84.10000,69.80000,89.80000,0.41159,403.45438
2025-06-22 20:16:06+07:00,26.30000,84.10000,73.50000,96.80000,0.43704,403.34866
2025-06-22 20:16:56+07:00,26.30000,84.10000,73.50000,94.70000,0.43430,403.46152
2025-06-22 20:17:45+07:00,26.30000,84.10000,63.40000,82.70000,0.40250,403.42593
2025-06-22 20:18:35+07:00,26.30000,83.80000,64.10000,84.00000,0.43567,403.41885
2025-06-22 20:19:24+07:00,26.30000,83.80000,62.30000,80.40000,0.43158,403.41177
2025-06-22 20:20:14+07:00,26.30000,83.70000,62.50000,80.20000,0.43158,403.37659
2025-06-22 20:21:03+07:00,26.30000,83.70000,72.10000,91.00000,0.41950,403.42593
2025-06-22 20:21:53+07:00,26.40000,83.50000,68.90000,86.60000,0.43158,403.40472
2025-06-22 20:22:42+07:00,26.40000,83.60000,66.40000,84.40000,0.41685,403.42593
2025-06-22 20:23:32+07:00,26.30000,83.40000,63.40000,81.80000,0.42483,403.33475
2025-06-22 20:24:21+07:00,26.30000,83.40000,60.00000,75.10000,0.41950,403.27277
2025-06-22 20:25:10+07:00,26.30000,83.40000,59.10000,78.40000,0.43158,403.37659
2025-06-22 20:26:00+07:00,26.20000,83.80000,65.10000,81.10000,0.41290,403.27277
2025-06-22 20:26:49+07:00,26.20000,83.80000,62.40000,80.30000,0.41685,403.44727
2025-06-22 20:27:39+07:00,26.30000,83.60000,64.30000,84.00000,0.39866,403.41177
2025-06-22 20:28:28+07:00,26.20000,83.70000,63.50000,79.90000,0.42350,403.39767
2025-06-22 20:29:18+07:00,26.20000,83.60000,67.00000,83.80000,0.45091,403.34171
2025-06-22 20:30:07+07:00,26.30000,83.60000,75.40000,93.60000,0.41290,403.41885
2025-06-22 20:30:57+07:00,26.30000,83.70000,83.10000,101.50000,0.42752,403.42593
2025-06-22 20:31:46+07:00,26.30000,83.70000,83.50000,105.60000,0.42752,403.36960
2025-06-22 20:32:36+07:00,26.30000,83.70000,66.10000,85.90000,0.43430,403.45438
2025-06-22 20:33:25+07:00,26.20000,83.60000,64.60000,82.50000,0.43022,403.52637
2025-06-22 20:34:14+07:00,26.20000,83.70000,72.50000,91.90000,0.43841,403.56277
2025-06-22 20:35:04+07:00,26.10000,83.90000,72.00000,92.00000,0.32419,403.43304
2025-06-22 20:35:53+07:00,26.20000,83.90000,78.40000,98.00000,0.41685,403.38361
2025-06-22 20:36:43+07:00,26.10000,84.00000,69.10000,84.60000,0.43704,403.38361
2025-06-22 20:37:32+07:00,26.10000,84.30000,76.10000,93.10000,0.40508,403.41885
2025-06-22 20:38:22+07:00,26.00000,84.50000,66.00000,84.50000,0.38604,403.36261
2025-06-22 20:39:11+07:00,26.00000,84.30000,61.90000,76.50000,0.43567,403.08578
2025-06-22 20:40:01+07:00,26.00000,84.30000,60.10000,77.00000,0.42216,403.51910
2025-06-22 20:40:50+07:00,26.00000,84.30000,68.20000,85.40000,0.42083,403.39062
2025-06-22 20:41:40+07:00,26.00000,84.40000,63.60000,81.40000,0.41028,403.39062
2025-06-22 20:42:29+07:00,26.00000,84.30000,57.50000,75.00000,0.41421,403.39767
2025-06-22 20:43:19+07:00,26.00000,84.40000,59.30000,76.10000,0.43978,403.40472
2025-06-22 20:44:08+07:00,26.00000,84.30000,62.70000,80.50000,0.43158,403.32089
2025-06-22 20:45:01+07:00,26.20000,83.90000,55.00000,71.40000,0.41685,403.38361
2025-06-22 20:45:52+07:00,26.20000,83.80000,52.10000,65.40000,0.40767,403.34171
2025-06-22 20:46:41+07:00,26.10000,83.90000,55.20000,73.20000,0.43567,403.42593
2025-06-22 20:47:30+07:00,26.10000,84.10000,51.80000,67.00000,0.42887,403.41177
2025-06-22 20:48:20+07:00,26.00000,84.00000,53.40000,68.70000,0.42483,403.36960
2025-06-22 20:49:09+07:00,26.00000,84.10000,52.30000,66.40000,0.41290,403.42593
2025-06-22 20:49:59+07:00,26.10000,84.10000,48.90000,63.70000,0.41290,403.42593
2025-06-22 20:50:51+07:00,26.10000,84.10000,48.70000,65.00000,0.42216,403.39767
2025-06-22 20:51:40+07:00,26.10000,84.20000,47.20000,62.60000,0.40767,403.41177
2025-06-22 20:52:30+07:00,26.00000,84.30000,47.00000,59.70000,0.41817,403.32782
2025-06-22 20:54:14+07:00,26.00000,84.10000,44.90000,56.70000,0.41685,403.19156
2025-06-22 20:55:04+07:00,26.00000,83.90000,45.60000,55.60000,0.42216,403.36261
2025-06-22 20:55:53+07:00,25.90000,84.00000,47.00000,58.50000,0.41159,403.25232
2025-06-22 20:56:43+07:00,26.00000,83.80000,48.20000,56.50000,0.40897,403.18488
2025-06-22 20:57:33+07:00,26.00000,83.80000,47.70000,59.40000,0.39357,403.24551
2025-06-22 20:58:25+07:00,26.00000,83.90000,48.00000,57.50000,0.41950,403.22519
2025-06-22 20:59:14+07:00,25.90000,83.90000,45.80000,55.20000,0.39105,403.38361
2025-06-22 21:00:10+07:00,25.90000,83.80000,45.90000,55.20000,0.39738,403.27277
2025-06-22 21:01:00+07:00,25.90000,83.70000,47.30000,60.40000,0.40122,403.34866
2025-06-22 21:01:49+07:00,25.80000,84.00000,47.30000,56.20000,0.39231,403.37659
2025-06-22 21:02:39+07:00,25.80000,84.20000,48.60000,59.40000,0.40638,403.29333
2025-06-22 21:03:29+07:00,25.80000,84.10000,50.20000,59.60000,0.42216,403.23874
2025-06-22 21:04:19+07:00,25.80000,84.00000,48.70000,60.20000,0.40379,403.29333
2025-06-22 21:05:09+07:00,25.90000,83.90000,49.70000,60.80000,0.41553,403.41177
2025-06-22 21:06:01+07:00,25.90000,83.80000,50.00000,61.40000,0.40122,403.32782
2025-06-22 21:06:51+07:00,26.00000,83.60000,49.70000,61.40000,0.42618,403.48303
2025-06-22 21:07:44+07:00,26.00000,83.40000,47.90000,58.20000,0.39738,403.39767
2025-06-22 21:08:33+07:00,26.00000,83.20000,48.50000,60.80000,0.38480,403.24551
2025-06-22 21:09:23+07:00,25.90000,83.50000,48.70000,59.20000,0.39105,403.35562
2025-06-22 21:10:12+07:00,25.90000,83.70000,50.80000,63.20000,0.42483,403.27960
2025-06-22 21:11:06+07:00,26.00000,83.50000,50.90000,63.20000,0.40250,403.30710
2025-06-22 21:11:55+07:00,25.90000,83.20000,48.30000,60.30000,0.41553,403.23874
2025-06-22 21:12:45+07:00,26.00000,83.00000,50.90000,60.90000,0.38356,403.34171
2025-06-22 21:13:34+07:00,25.90000,83.40000,49.90000,62.60000,0.39738,403.33475
2025-06-22 21:14:23+07:00,26.00000,83.10000,52.90000,65.40000,0.39994,403.19827
2025-06-22 21:15:14+07:00,26.00000,83.00000,51.10000,65.30000,0.40897,403.37659
2025-06-22 21:16:04+07:00,26.00000,82.90000,51.70000,63.00000,0.37617,403.28647
2025-06-22 21:16:54+07:00,26.10000,82.80000,50.50000,61.90000,0.37985,403.19156
2025-06-22 21:17:43+07:00,26.10000,82.70000,52.10000,64.50000,0.39231,403.15820
2025-06-22 21:18:32+07:00,26.10000,82.70000,54.00000,65.40000,0.41159,403.32089
2025-06-22 21:19:22+07:00,26.10000,82.60000,52.80000,66.90000,0.38854,403.30710
2025-06-22 21:20:11+07:00,26.10000,83.00000,56.20000,69.00000,0.38729,403.31400
2025-06-22 21:21:00+07:00,26.10000,82.70000,58.20000,72.20000,0.39994,403.33475
2025-06-22 21:21:50+07:00,26.20000,82.90000,54.30000,67.40000,0.38729,403.41885
2025-06-22 21:22:40+07:00,26.20000,82.60000,56.60000,70.40000,0.41553,403.39767
2025-06-22 21:23:30+07:00,26.10000,82.80000,55.30000,69.50000,0.40379,403.34171
2025-06-22 21:24:19+07:00,26.10000,83.00000,55.00000,70.20000,0.42083,403.42593
2025-06-22 21:25:09+07:00,26.10000,83.00000,54.50000,71.20000,0.40250,403.52637
2025-06-22 21:25:58+07:00,26.20000,83.10000,55.50000,71.90000,0.43158,403.40472
2025-06-22 21:26:47+07:00,26.20000,83.20000,55.40000,71.70000,0.38480,403.58478
2025-06-22 21:27:37+07:00,26.40000,82.90000,59.20000,78.40000,0.44671,403.65894
2025-06-22 21:28:26+07:00,26.40000,82.50000,58.10000,73.70000,0.45797,403.77243
2025-06-22 21:29:16+07:00,26.50000,82.50000,57.10000,75.30000,0.45797,403.85745
2025-06-22 21:30:05+07:00,26.50000,82.10000,56.60000,71.50000,0.45231,403.67389
2025-06-22 21:30:54+07:00,26.40000,82.10000,56.70000,72.10000,0.46368,403.39062
2025-06-22 21:31:44+07:00,26.50000,82.20000,56.80000,72.60000,0.42483,403.73428
2025-06-22 21:32:33+07:00,26.50000,82.10000,56.50000,73.00000,0.46944,403.86526
2025-06-22 21:33:23+07:00,26.50000,81.80000,55.70000,72.60000,0.47089,403.59213
2025-06-22 21:34:12+07:00,26.40000,82.10000,57.70000,79.40000,0.43841,403.79547
2025-06-22 21:35:02+07:00,26.40000,82.20000,58.00000,79.60000,0.45655,403.70398
2025-06-22 21:35:51+07:00,26.40000,82.30000,56.90000,76.00000,0.46225,403.67389
2025-06-22 21:36:41+07:00,26.40000,82.30000,54.60000,71.50000,0.45655,403.34171
2025-06-22 21:37:30+07:00,26.30000,82.40000,54.20000,71.80000,0.44393,403.44012
2025-06-22 21:38:19+07:00,26.30000,82.20000,55.50000,71.00000,0.44254,403.59952
2025-06-22 21:39:09+07:00,26.20000,82.40000,55.40000,72.10000,0.43567,403.49744
2025-06-22 21:39:58+07:00,26.20000,82.70000,55.00000,70.70000,0.44811,403.51187
2025-06-22 21:40:47+07:00,26.20000,83.10000,56.90000,70.60000,0.45655,403.62170
2025-06-22 21:41:37+07:00,26.30000,82.70000,55.00000,70.30000,0.45655,403.62912
2025-06-22 21:42:26+07:00,26.30000,82.30000,55.70000,71.70000,0.46368,403.59952
2025-06-22 21:43:16+07:00,26.30000,82.60000,56.80000,73.10000,0.46368,403.60690
2025-06-22 21:44:05+07:00,26.30000,82.40000,55.40000,67.90000,0.48558,403.64401
2025-06-22 21:44:54+07:00,26.40000,82.30000,58.60000,73.00000,0.46225,403.62170
2025-06-22 21:45:44+07:00,26.30000,82.20000,56.70000,73.10000,0.43567,403.59952
2025-06-22 21:47:25+07:00,26.20000,82.80000,61.80000,81.80000,0.45513,403.51910
2025-06-22 21:48:14+07:00,26.10000,83.00000,61.90000,80.50000,0.45797,403.50464
2025-06-22 21:49:04+07:00,26.10000,83.10000,64.00000,84.00000,0.43294,403.48303
2025-06-22 21:49:56+07:00,26.10000,83.30000,64.80000,87.20000,0.44811,403.45438
2025-06-22 21:50:45+07:00,26.10000,83.40000,63.40000,82.40000,0.41290,403.38361
2025-06-22 21:51:35+07:00,26.10000,83.40000,62.30000,80.00000,0.43022,403.42593
2025-06-22 21:52:24+07:00,26.10000,83.50000,57.80000,75.50000,0.44393,403.34171
2025-06-22 21:53:13+07:00,26.10000,83.50000,59.70000,76.60000,0.46800,403.59213
2025-06-22 21:54:03+07:00,26.10000,83.40000,58.40000,76.20000,0.43704,403.39767
2025-06-22 21:54:52+07:00,26.10000,83.70000,55.20000,71.50000,0.43841,403.47586
2025-06-22 21:55:42+07:00,26.10000,83.40000,57.80000,72.80000,0.42752,403.49744
2025-06-22 21:56:31+07:00,26.10000,83.30000,57.50000,72.00000,0.44254,403.38361
2025-06-22 21:57:20+07:00,26.10000,83.50000,55.80000,73.10000,0.43567,403.23874
2025-06-22 21:58:10+07:00,26.10000,83.50000,55.20000,69.20000,0.44254,403.41885
2025-06-22 21:58:59+07:00,26.10000,83.40000,55.40000,68.50000,0.44254,403.46152
2025-06-22 21:59:48+07:00,26.20000,83.30000,56.20000,70.60000,0.45231,403.49023
2025-06-22 22:00:38+07:00,26.20000,83.10000,53.20000,66.70000,0.46225,403.52637
2025-06-22 22:01:27+07:00,26.20000,83.20000,57.50000,73.00000,0.46656,403.51910
2025-06-22 22:02:17+07:00,26.30000,82.80000,57.20000,75.70000,0.44393,403.66641
2025-06-22 22:03:06+07:00,26.30000,82.70000,58.00000,76.00000,0.44811,403.63657
2025-06-22 22:03:55+07:00,26.40000,82.60000,58.70000,75.80000,0.43430,403.71155
2025-06-22 22:04:45+07:00,26.40000,82.40000,56.90000,73.80000,0.47089,403.68140
2025-06-22 22:05:34+07:00,26.40000,82.50000,57.30000,75.00000,0.43022,403.61429
2025-06-22 22:06:25+07:00,26.40000,82.60000,57.80000,76.90000,0.45091,403.56277
2025-06-22 22:07:15+07:00,26.30000,82.80000,59.20000,75.10000,0.42752,403.55548
2025-06-22 22:08:04+07:00,26.30000,82.90000,59.00000,77.60000,0.45797,403.65146
2025-06-22 22:08:54+07:00,26.30000,83.10000,57.30000,73.20000,0.45513,403.66641
2025-06-22 22:09:46+07:00,26.40000,83.10000,57.70000,76.90000,0.47820,403.53363
2025-06-22 22:10:36+07:00,26.30000,83.10000,56.40000,73.90000,0.46800,403.54819
2025-06-22 22:11:25+07:00,26.30000,83.20000,58.30000,76.80000,0.45939,403.44727
2025-06-22 22:12:14+07:00,26.20000,83.50000,56.10000,74.30000,0.46225,403.63657
2025-06-22 22:13:04+07:00,26.20000,83.50000,58.00000,73.50000,0.45513,403.53363
2025-06-22 22:13:53+07:00,26.20000,83.50000,57.10000,71.50000,0.44254,403.39767
2025-06-22 22:14:43+07:00,26.10000,83.60000,55.00000,71.60000,0.48262,403.62912
2025-06-22 22:15:33+07:00,26.20000,83.60000,54.40000,72.30000,0.45939,403.46152
2025-06-22 22:16:22+07:00,26.30000,83.30000,58.20000,76.20000,0.46656,403.65894
2025-06-22 22:17:12+07:00,26.30000,83.10000,57.20000,72.10000,0.52071,403.62170
2025-06-22 22:18:02+07:00,26.40000,82.90000,55.80000,71.30000,0.45091,403.75714
2025-06-22 22:18:52+07:00,26.40000,82.60000,57.50000,72.90000,0.46082,403.68890
2025-06-22 22:19:41+07:00,26.50000,82.50000,59.60000,77.30000,0.46944,403.80316
2025-06-22 22:20:30+07:00,26.50000,82.10000,58.30000,82.30000,0.47820,403.59952
2025-06-22 22:21:20+07:00,26.40000,82.40000,59.70000,77.80000,0.46225,403.74188
2025-06-22 22:22:12+07:00,26.40000,82.40000,56.00000,75.00000,0.44532,403.89661
2025-06-22 22:23:02+07:00,26.50000,82.30000,57.00000,73.60000,0.47381,403.68140
2025-06-22 22:23:56+07:00,26.50000,82.10000,56.80000,74.40000,0.47967,403.74188
2025-06-22 22:24:46+07:00,26.40000,82.40000,57.00000,75.80000,0.48856,403.66641
2025-06-22 22:25:35+07:00,26.40000,82.50000,56.70000,73.00000,0.46225,403.84189
2025-06-22 22:26:25+07:00,26.40000,82.70000,58.70000,74.70000,0.47381,403.49744
2025-06-22 22:27:19+07:00,26.40000,82.70000,59.40000,74.40000,0.43978,403.50464
2025-06-22 22:28:11+07:00,26.30000,82.90000,61.10000,76.80000,0.44811,403.57745
2025-06-22 22:29:00+07:00,26.20000,83.20000,60.10000,77.30000,0.44532,403.40472
2025-06-22 22:29:49+07:00,26.20000,83.30000,60.90000,77.00000,0.44951,403.43304
2025-06-22 22:30:39+07:00,26.20000,83.30000,58.60000,73.10000,0.47089,403.44727
2025-06-22 22:31:29+07:00,26.20000,83.20000,59.90000,74.10000,0.43022,403.49744
2025-06-22 22:32:19+07:00,26.30000,83.10000,60.90000,77.80000,0.44254,403.42593
2025-06-22 22:33:09+07:00,26.30000,83.10000,59.50000,75.00000,0.44116,403.25232
2025-06-22 22:33:59+07:00,26.30000,82.90000,59.80000,72.90000,0.44393,403.41177
2025-06-22 22:34:48+07:00,26.30000,82.70000,57.20000,72.00000,0.43567,403.46869
2025-06-22 22:35:38+07:00,26.30000,82.80000,57.30000,73.60000,0.44951,403.53363
2025-06-22 22:36:28+07:00,26.30000,82.60000,60.90000,76.40000,0.43841,403.46869
2025-06-22 22:37:17+07:00,26.30000,82.70000,59.50000,76.10000,0.42752,403.36261
2025-06-22 22:38:07+07:00,26.30000,82.90000,58.20000,76.10000,0.43704,403.46869
2025-06-22 22:38:56+07:00,26.30000,82.90000,61.00000,76.10000,0.43158,403.41885
2025-06-22 22:39:46+07:00,26.20000,82.90000,59.70000,76.90000,0.40508,403.41177
2025-06-22 22:40:35+07:00,26.10000,83.20000,58.60000,76.90000,0.43978,403.62170
2025-06-22 22:41:25+07:00,26.10000,83.40000,60.30000,75.90000,0.46225,403.47586
2025-06-22 22:42:15+07:00,26.10000,83.30000,60.10000,76.80000,0.43294,403.43304
2025-06-22 22:43:04+07:00,26.20000,83.20000,59.10000,77.40000,0.44116,403.37659
2025-06-22 22:43:54+07:00,26.20000,83.10000,61.30000,76.70000,0.44811,403.46869
2025-06-22 22:44:43+07:00,26.30000,82.90000,61.20000,80.40000,0.44393,403.46869
2025-06-22 22:45:33+07:00,26.20000,83.00000,62.30000,80.80000,0.41817,403.46869
2025-06-22 22:46:22+07:00,26.20000,83.10000,63.80000,83.30000,0.45091,403.49023
2025-06-22 22:47:12+07:00,26.20000,83.10000,60.40000,80.70000,0.42618,403.37659
2025-06-22 22:48:01+07:00,26.20000,83.20000,62.70000,82.80000,0.42752,403.48303
2025-06-22 22:48:51+07:00,26.20000,83.10000,62.90000,83.50000,0.43430,403.52637
2025-06-22 22:49:40+07:00,26.20000,83.00000,66.00000,85.80000,0.45091,403.33475
2025-06-22 22:50:29+07:00,26.20000,83.00000,65.70000,88.50000,0.42887,403.71912
2025-06-22 22:51:19+07:00,26.20000,83.00000,66.20000,88.40000,0.42083,403.28647
2025-06-22 22:52:09+07:00,26.20000,83.10000,65.40000,84.30000,0.41685,403.41885
2025-06-22 22:52:58+07:00,26.20000,83.10000,66.30000,86.30000,0.43294,403.42593
2025-06-22 22:53:47+07:00,26.10000,83.20000,64.70000,85.70000,0.45797,403.41885
2025-06-22 22:54:37+07:00,26.10000,83.10000,62.00000,80.80000,0.40122,403.41885
2025-06-22 22:55:29+07:00,26.10000,83.30000,66.90000,87.50000,0.43978,403.62170
2025-06-22 22:56:18+07:00,26.10000,83.50000,65.50000,84.90000,0.46656,403.59213
2025-06-22 22:57:08+07:00,26.00000,83.80000,60.40000,82.60000,0.42350,403.44012
2025-06-22 22:57:57+07:00,26.00000,83.70000,63.50000,82.60000,0.42752,403.49023
2025-06-22 22:58:47+07:00,26.10000,83.50000,62.60000,82.10000,0.43158,403.63657
2025-06-22 22:59:36+07:00,26.20000,82.90000,62.50000,81.40000,0.44811,403.56277
2025-06-22 23:00:25+07:00,26.30000,82.60000,64.30000,84.80000,0.47527,403.88873
2025-06-22 23:01:15+07:00,26.30000,82.60000,63.70000,81.90000,0.45231,403.74188
2025-06-22 23:02:05+07:00,26.20000,82.90000,63.40000,82.70000,0.45372,403.71155
2025-06-22 23:02:55+07:00,26.20000,83.00000,65.40000,88.80000,0.45939,403.57745
2025-06-22 23:03:47+07:00,26.20000,83.00000,65.30000,85.60000,0.45231,403.51187
2025-06-22 23:04:37+07:00,26.20000,83.10000,65.70000,88.00000,0.44116,403.61429
2025-06-22 23:05:29+07:00,26.10000,83.20000,64.20000,84.90000,0.45231,403.62170
2025-06-22 23:06:22+07:00,26.10000,83.20000,63.00000,84.80000,0.44811,403.60690
2025-06-22 23:07:16+07:00,26.10000,83.10000,65.20000,85.40000,0.45372,403.65146
2025-06-22 23:08:10+07:00,26.10000,83.10000,63.10000,84.10000,0.45655,403.61429
2025-06-22 23:09:00+07:00,26.20000,83.00000,66.10000,85.60000,0.43978,403.65894
2025-06-22 23:09:49+07:00,26.20000,83.20000,65.50000,85.60000,0.43978,403.78009
2025-06-22 23:10:39+07:00,26.20000,83.30000,65.70000,86.60000,0.45797,403.61429
2025-06-22 23:11:28+07:00,26.10000,83.40000,64.90000,83.10000,0.46368,403.62912
2025-06-22 23:13:12+07:00,26.10000,83.40000,64.40000,84.50000,0.44951,403.62912
2025-06-22 23:14:02+07:00,26.20000,83.10000,65.20000,87.50000,0.46368,403.51187
2025-06-22 23:14:51+07:00,26.20000,82.80000,65.00000,85.00000,0.41685,403.64401
2025-06-22 23:15:41+07:00,26.20000,82.80000,63.20000,82.70000,0.43841,403.59213
2025-06-22 23:16:30+07:00,26.10000,83.00000,62.00000,82.30000,0.42483,403.65146
2025-06-22 23:17:19+07:00,26.20000,83.00000,63.00000,82.90000,0.44116,403.61429
2025-06-22 23:18:09+07:00,26.20000,82.70000,64.40000,84.00000,0.45655,403.57745
2025-06-22 23:18:58+07:00,26.20000,82.70000,64.00000,85.90000,0.46225,403.62170
2025-06-22 23:19:47+07:00,26.20000,82.40000,63.10000,82.00000,0.41817,403.65146
2025-06-22 23:20:37+07:00,26.20000,82.40000,63.30000,83.00000,0.47235,403.72668
2025-06-22 23:21:26+07:00,26.20000,82.50000,65.00000,84.10000,0.43841,403.53363
2025-06-22 23:22:15+07:00,26.20000,82.40000,62.00000,80.90000,0.44393,403.54819
2025-06-22 23:23:08+07:00,26.20000,82.40000,63.90000,83.10000,0.44532,403.55548
2025-06-22 23:23:57+07:00,26.20000,82.30000,62.90000,81.90000,0.46225,403.57745
2025-06-22 23:24:49+07:00,26.20000,82.40000,66.70000,87.80000,0.43978,403.62170
2025-06-22 23:25:39+07:00,26.10000,82.40000,63.40000,83.60000,0.44671,403.53363
2025-06-22 23:26:28+07:00,26.10000,82.40000,63.30000,83.90000,0.41290,403.52637
2025-06-22 23:27:18+07:00,26.20000,82.10000,63.10000,84.30000,0.43430,403.54819
2025-06-22 23:28:07+07:00,26.10000,82.20000,63.20000,84.20000,0.43567,403.46869
2025-06-22 23:28:56+07:00,26.10000,82.30000,63.80000,86.10000,0.45939,403.44012
2025-06-22 23:29:46+07:00,26.10000,82.20000,61.80000,81.90000,0.43841,403.48303
2025-06-22 23:30:35+07:00,26.00000,82.30000,63.90000,84.10000,0.42618,403.50464
2025-06-22 23:32:16+07:00,26.00000,82.60000,64.10000,85.70000,0.44254,403.38361
2025-06-22 23:33:05+07:00,26.00000,82.60000,63.90000,82.90000,0.42752,403.47586
2025-06-22 23:33:55+07:00,26.00000,82.60000,67.20000,90.10000,0.44393,403.51187
2025-06-22 23:34:44+07:00,26.00000,82.60000,64.50000,88.50000,0.44393,403.53363
2025-06-22 23:35:34+07:00,25.90000,82.70000,67.00000,89.40000,0.43704,403.37659
2025-06-22 23:36:23+07:00,25.90000,82.70000,67.50000,88.50000,0.43430,403.51910
2025-06-22 23:37:13+07:00,25.90000,82.70000,71.20000,96.20000,0.45091,403.59952
2025-06-22 23:38:02+07:00,25.90000,82.80000,69.50000,90.80000,0.41950,403.65146
2025-06-22 23:38:51+07:00,25.90000,83.00000,68.20000,92.80000,0.43841,403.45438
2025-06-22 23:39:41+07:00,25.90000,82.90000,70.80000,93.00000,0.43567,403.44012
2025-06-22 23:40:30+07:00,25.90000,83.10000,66.40000,90.40000,0.43158,403.44727
2025-06-22 23:41:20+07:00,25.90000,83.40000,62.50000,84.00000,0.42887,403.49023
2025-06-22 23:42:09+07:00,25.90000,83.20000,70.20000,96.70000,0.43294,403.54819
2025-06-22 23:42:59+07:00,25.90000,83.10000,69.90000,94.30000,0.41685,403.60690
2025-06-22 23:43:49+07:00,26.00000,83.10000,69.30000,93.90000,0.46800,403.68890
2025-06-22 23:44:38+07:00,26.00000,83.20000,68.80000,93.20000,0.43704,403.66641
2025-06-22 23:45:28+07:00,26.00000,83.00000,70.20000,94.70000,0.44393,403.78009
2025-06-22 23:46:17+07:00,26.10000,83.00000,72.70000,98.10000,0.45939,403.71155
2025-06-22 23:47:07+07:00,26.10000,83.00000,74.10000,98.90000,0.43158,403.62912
2025-06-22 23:47:57+07:00,26.00000,83.10000,70.70000,94.30000,0.44254,403.55548
2025-06-22 23:48:46+07:00,26.00000,83.20000,71.40000,94.90000,0.43704,403.54819
2025-06-22 23:49:35+07:00,26.00000,83.20000,72.10000,95.30000,0.44116,403.50464
2025-06-22 23:50:25+07:00,26.00000,83.40000,69.90000,96.10000,0.44254,403.49023
2025-06-22 23:51:14+07:00,25.90000,83.50000,67.30000,92.10000,0.44951,403.53363
2025-06-22 23:52:04+07:00,26.00000,83.40000,72.80000,99.70000,0.44671,403.52637
2025-06-22 23:52:53+07:00,26.00000,83.60000,71.80000,96.90000,0.44532,403.61429
2025-06-22 23:53:43+07:00,26.00000,83.50000,69.10000,92.30000,0.44811,403.50464
2025-06-22 23:54:32+07:00,26.00000,83.50000,70.10000,94.60000,0.43978,403.59213
2025-06-22 23:55:21+07:00,26.00000,83.50000,69.30000,93.00000,0.45231,403.65894
2025-06-22 23:56:11+07:00,26.00000,83.40000,68.20000,92.70000,0.45091,403.51187
2025-06-22 23:57:00+07:00,26.00000,83.40000,70.70000,93.10000,0.45091,403.50464
2025-06-22 23:57:49+07:00,26.00000,83.40000,68.10000,91.20000,0.44254,403.49744
2025-06-22 23:58:39+07:00,26.00000,83.30000,64.50000,85.70000,0.44951,403.40472
2025-06-22 23:59:28+07:00,26.00000,83.00000,68.30000,91.60000,0.50062,403.40472
2025-06-23 00:00:17+07:00,26.00000,82.90000,67.00000,90.00000,0.44393,403.49023
2025-06-23 00:01:07+07:00,26.00000,82.90000,64.40000,84.80000,0.40638,403.56277
2025-06-23 00:01:56+07:00,25.90000,83.10000,66.00000,83.70000,0.42350,403.40472
2025-06-23 00:02:46+07:00,25.80000,83.30000,64.90000,87.30000,0.43978,403.46152
2025-06-23 00:03:35+07:00,25.80000,83.50000,63.20000,84.50000,0.44116,403.42593
2025-06-23 00:04:25+07:00,25.80000,83.50000,61.60000,82.00000,0.44811,403.43304
2025-06-23 00:05:14+07:00,25.80000,83.50000,65.80000,87.80000,0.46512,403.67389
2025-06-23 00:06:04+07:00,25.70000,83.60000,63.70000,83.10000,0.45091,403.44012
2025-06-23 00:06:53+07:00,25.70000,83.70000,63.40000,81.80000,0.41950,403.42593
2025-06-23 00:07:43+07:00,25.70000,83.60000,62.90000,81.90000,0.42216,403.44727
2025-06-23 00:08:33+07:00,25.80000,83.30000,62.60000,84.00000,0.43022,403.41177
2025-06-23 00:09:22+07:00,25.80000,83.30000,61.60000,80.00000,0.44393,403.44012
2025-06-23 00:10:12+07:00,25.80000,83.20000,60.80000,77.90000,0.43704,403.42593
2025-06-23 00:11:01+07:00,25.80000,83.10000,61.90000,81.60000,0.43430,403.41177
2025-06-23 00:11:51+07:00,25.80000,83.10000,63.50000,82.50000,0.44116,403.43304
2025-06-23 00:12:40+07:00,25.80000,83.00000,61.30000,80.70000,0.44393,403.43304
2025-06-23 00:13:29+07:00,25.70000,83.20000,64.20000,85.70000,0.40897,403.36261
2025-06-23 00:14:19+07:00,25.70000,83.30000,62.80000,83.50000,0.42887,403.41177
2025-06-23 00:15:08+07:00,25.70000,83.40000,61.70000,80.20000,0.42887,403.41177
2025-06-23 00:15:57+07:00,25.60000,83.70000,61.90000,81.40000,0.42887,403.29333
2025-06-23 00:16:47+07:00,25.70000,83.70000,59.00000,76.10000,0.41817,403.36960
2025-06-23 00:17:36+07:00,25.70000,83.50000,60.80000,76.70000,0.43294,403.32089
2025-06-23 00:18:26+07:00,25.80000,83.40000,60.00000,79.60000,0.43022,403.35562
2025-06-23 00:19:15+07:00,25.80000,83.50000,60.40000,78.00000,0.42618,403.46869
2025-06-23 00:20:04+07:00,25.70000,83.60000,59.60000,74.70000,0.40122,403.40472
2025-06-23 00:20:54+07:00,25.70000,83.70000,60.50000,78.70000,0.46368,403.35562
2025-06-23 00:21:43+07:00,25.80000,83.50000,58.00000,74.70000,0.41553,403.36261
2025-06-23 00:22:33+07:00,25.70000,83.70000,56.90000,74.20000,0.43158,403.37659
2025-06-23 00:23:22+07:00,25.80000,83.70000,58.30000,76.80000,0.42083,403.17151
2025-06-23 00:24:11+07:00,25.80000,83.60000,58.80000,77.60000,0.41685,403.39062
2025-06-23 00:25:01+07:00,25.80000,83.50000,57.60000,75.10000,0.42618,403.43304
2025-06-23 00:25:50+07:00,25.80000,83.50000,58.30000,73.00000,0.41159,403.54089
2025-06-23 00:26:39+07:00,25.80000,83.40000,60.60000,79.00000,0.43022,403.57745
2025-06-23 00:27:29+07:00,25.80000,83.30000,58.60000,74.40000,0.41817,403.49744
2025-06-23 00:28:18+07:00,25.80000,83.30000,57.50000,75.90000,0.44393,403.62912
2025-06-23 00:29:07+07:00,25.80000,83.10000,59.10000,78.80000,0.41950,403.53363
2025-06-23 00:29:57+07:00,25.80000,83.20000,60.60000,79.60000,0.41950,403.51187
2025-06-23 00:30:46+07:00,25.80000,83.30000,58.90000,77.70000,0.42618,403.41177
2025-06-23 00:31:36+07:00,25.80000,83.30000,58.80000,75.40000,0.43567,403.39062
2025-06-23 00:32:25+07:00,25.80000,83.50000,58.10000,78.70000,0.42887,403.49744
2025-06-23 00:33:14+07:00,25.70000,83.50000,58.70000,77.50000,0.45513,403.41885
2025-06-23 00:34:04+07:00,25.70000,83.40000,57.40000,77.10000,0.41950,403.46869
2025-06-23 00:34:53+07:00,25.80000,83.10000,58.90000,75.90000,0.44116,403.37659
2025-06-23 00:35:43+07:00,25.80000,82.80000,61.00000,80.40000,0.40897,403.34866
2025-06-23 00:36:32+07:00,25.80000,83.00000,59.90000,80.60000,0.41159,403.41885
2025-06-23 00:37:21+07:00,25.70000,83.10000,61.00000,83.50000,0.41421,403.34171
2025-06-23 00:38:11+07:00,25.70000,83.10000,60.90000,82.00000,0.41817,403.30710
2025-06-23 00:39:00+07:00,25.70000,83.20000,62.90000,85.10000,0.43022,403.29333
2025-06-23 00:39:50+07:00,25.70000,83.30000,60.60000,80.10000,0.42483,403.36261
2025-06-23 00:40:39+07:00,25.60000,83.50000,60.40000,77.20000,0.42618,403.34171
2025-06-23 00:41:32+07:00,25.60000,83.50000,57.70000,76.40000,0.38108,403.46152
2025-06-23 00:43:18+07:00,25.90000,82.70000,59.70000,78.00000,0.43022,403.65894
2025-06-23 00:44:10+07:00,26.00000,82.20000,59.00000,77.30000,0.41553,403.66641
2025-06-23 00:44:59+07:00,26.00000,82.10000,57.20000,74.60000,0.42887,403.51910
2025-06-23 00:45:51+07:00,25.90000,82.20000,60.70000,81.60000,0.41159,403.65894
2025-06-23 00:46:40+07:00,26.00000,82.10000,60.30000,79.60000,0.42350,403.49023
2025-06-23 00:47:29+07:00,25.90000,82.20000,62.40000,85.50000,0.44116,403.35562
2025-06-23 00:48:19+07:00,25.90000,82.20000,64.70000,87.00000,0.45231,403.35562
2025-06-23 00:49:08+07:00,25.80000,82.40000,63.70000,89.60000,0.41950,403.44012
2025-06-23 00:50:00+07:00,25.70000,82.40000,62.10000,84.50000,0.41290,403.61429
2025-06-23 00:50:53+07:00,25.70000,82.60000,63.90000,86.60000,0.40122,403.25232
2025-06-23 00:51:43+07:00,25.70000,82.60000,63.50000,93.30000,0.38979,403.30710
2025-06-23 00:52:33+07:00,25.70000,82.60000,64.40000,89.70000,0.42216,403.32089
2025-06-23 00:53:22+07:00,25.70000,82.70000,63.00000,85.70000,0.43978,403.44012
2025-06-23 00:54:12+07:00,25.60000,82.90000,66.40000,90.90000,0.41685,403.41177
2025-06-23 00:55:04+07:00,25.70000,82.80000,67.60000,93.00000,0.43567,403.37659
2025-06-23 00:55:54+07:00,25.60000,83.20000,66.70000,95.40000,0.43294,403.39767
2025-06-23 00:56:43+07:00,25.60000,83.30000,66.60000,94.20000,0.41553,403.33475
2025-06-23 00:57:33+07:00,25.50000,83.60000,68.80000,92.70000,0.41421,403.53363
2025-06-23 00:58:22+07:00,25.50000,83.70000,69.50000,99.30000,0.41290,403.31400
2025-06-23 00:59:12+07:00,25.50000,83.80000,69.30000,95.30000,0.41421,403.42593
2025-06-23 01:00:01+07:00,25.50000,83.90000,73.60000,101.80000,0.42216,403.32782
2025-06-23 01:00:51+07:00,25.50000,83.90000,69.70000,100.90000,0.42887,403.59213
2025-06-23 01:01:41+07:00,25.50000,84.00000,67.30000,93.10000,0.41553,403.42593
2025-06-23 01:02:30+07:00,25.50000,84.00000,71.60000,100.30000,0.44671,403.42593
2025-06-23 01:03:20+07:00,25.50000,84.00000,74.20000,103.50000,0.42618,403.39767
2025-06-23 01:04:10+07:00,25.50000,84.00000,74.80000,106.00000,0.43022,403.44012
2025-06-23 01:05:00+07:00,25.50000,84.20000,75.40000,107.10000,0.42887,403.41885
2025-06-23 01:05:50+07:00,25.40000,84.40000,78.80000,109.20000,0.43158,403.43304
2025-06-23 01:06:42+07:00,25.40000,84.40000,76.90000,106.70000,0.41685,403.45438
2025-06-23 01:07:32+07:00,25.40000,84.50000,76.90000,108.90000,0.43704,403.36261
2025-06-23 01:08:22+07:00,25.40000,84.70000,75.60000,106.90000,0.43294,403.30710
2025-06-23 01:09:16+07:00,25.40000,84.70000,76.40000,106.30000,0.42483,403.35562
2025-06-23 01:10:05+07:00,25.40000,84.70000,76.60000,109.20000,0.41950,403.44727
2025-06-23 01:10:55+07:00,25.40000,84.80000,75.50000,108.50000,0.40897,403.44012
2025-06-23 01:11:45+07:00,25.40000,84.70000,81.50000,119.50000,0.42216,403.34171
2025-06-23 01:12:34+07:00,25.40000,84.60000,76.30000,111.40000,0.41421,403.39062
2025-06-23 01:13:27+07:00,25.40000,84.90000,78.80000,117.20000,0.41159,403.39062
2025-06-23 01:14:22+07:00,25.40000,85.00000,82.00000,116.70000,0.42483,403.35562
2025-06-23 01:15:15+07:00,25.30000,85.10000,78.80000,113.90000,0.43294,403.49023
2025-06-23 01:16:08+07:00,25.40000,85.10000,79.20000,116.20000,0.41159,403.44012
2025-06-23 01:17:57+07:00,25.40000,85.10000,76.00000,110.60000,0.41421,403.43304
2025-06-23 01:18:50+07:00,25.50000,84.70000,78.70000,117.50000,0.43841,403.55548
2025-06-23 01:19:40+07:00,25.60000,84.70000,77.60000,113.10000,0.44116,403.42593
2025-06-23 01:20:29+07:00,25.50000,84.60000,80.30000,117.80000,0.43158,403.69644
2025-06-23 01:21:18+07:00,25.60000,84.30000,79.10000,115.30000,0.43022,403.51910
2025-06-23 01:22:11+07:00,25.60000,84.20000,79.30000,114.70000,0.43430,403.44012
2025-06-23 01:23:03+07:00,25.70000,83.90000,77.10000,112.70000,0.43294,403.54819
2025-06-23 01:23:53+07:00,25.70000,83.70000,81.60000,118.80000,0.43704,403.65894
2025-06-23 01:24:42+07:00,25.70000,83.90000,80.20000,117.60000,0.45939,403.76477
2025-06-23 01:25:32+07:00,25.70000,84.00000,82.60000,119.50000,0.44811,403.72668
2025-06-23 01:26:21+07:00,25.70000,84.10000,82.90000,119.70000,0.45513,403.69644
2025-06-23 01:27:11+07:00,25.70000,84.00000,81.60000,115.70000,0.44811,403.59213
2025-06-23 01:28:03+07:00,25.70000,84.10000,79.10000,116.40000,0.43022,403.57010
2025-06-23 01:28:53+07:00,25.70000,84.20000,81.70000,118.20000,0.45939,403.42593
2025-06-23 01:29:42+07:00,25.60000,84.30000,76.80000,109.60000,0.42752,403.55548
2025-06-23 01:30:32+07:00,25.60000,84.10000,81.60000,123.40000,0.43158,403.57010
2025-06-23 01:31:21+07:00,25.70000,84.10000,81.60000,119.70000,0.44393,403.62170
2025-06-23 01:32:11+07:00,25.60000,84.10000,79.10000,114.50000,0.44811,403.63657
2025-06-23 01:33:00+07:00,25.60000,84.20000,77.90000,115.20000,0.46082,403.60690
2025-06-23 01:33:50+07:00,25.60000,84.10000,79.70000,117.30000,0.45513,403.68890
2025-06-23 01:34:40+07:00,25.60000,84.30000,75.50000,110.00000,0.45797,403.61429
2025-06-23 01:35:29+07:00,25.60000,84.40000,80.70000,116.30000,0.45797,403.63657
2025-06-23 01:36:19+07:00,25.50000,84.50000,80.20000,113.80000,0.43978,403.51910
2025-06-23 01:37:09+07:00,25.50000,84.50000,83.00000,123.80000,0.42083,403.53363
2025-06-23 01:37:58+07:00,25.50000,84.70000,81.30000,116.40000,0.41950,403.55548
2025-06-23 01:38:47+07:00,25.40000,85.10000,78.50000,117.10000,0.43022,403.48303
2025-06-23 01:39:37+07:00,25.40000,85.20000,82.80000,121.00000,0.46225,403.38361
2025-06-23 01:40:27+07:00,25.40000,85.20000,80.90000,120.40000,0.45231,403.50464
2025-06-23 01:41:19+07:00,25.40000,85.10000,83.20000,122.60000,0.45655,403.52637
2025-06-23 01:42:09+07:00,25.40000,85.20000,83.60000,122.10000,0.43158,403.67389
2025-06-23 01:42:58+07:00,25.40000,85.50000,81.70000,122.00000,0.42618,403.44012
2025-06-23 01:43:48+07:00,25.40000,85.50000,81.30000,119.90000,0.43430,403.49744
2025-06-23 01:44:38+07:00,25.50000,85.20000,82.50000,123.40000,0.44532,403.55548
2025-06-23 01:45:27+07:00,25.50000,85.00000,82.10000,120.30000,0.42618,403.57745
2025-06-23 01:46:20+07:00,25.40000,85.10000,81.50000,119.80000,0.43430,403.53363
2025-06-23 01:47:10+07:00,25.40000,85.40000,79.10000,117.10000,0.44254,403.49023
2025-06-23 01:48:00+07:00,25.40000,85.70000,80.70000,117.70000,0.39994,403.47586
2025-06-23 01:48:50+07:00,25.40000,85.60000,80.70000,117.00000,0.41421,403.57010
2025-06-23 01:49:39+07:00,25.40000,85.40000,84.00000,122.50000,0.42483,403.57010
2025-06-23 01:50:29+07:00,25.30000,85.30000,81.10000,123.80000,0.41950,403.54819
2025-06-23 01:51:22+07:00,25.30000,85.20000,76.10000,112.90000,0.45939,403.51910
2025-06-23 01:52:12+07:00,25.40000,85.00000,82.50000,125.30000,0.42618,403.62912
2025-06-23 01:53:03+07:00,25.30000,85.20000,80.30000,120.00000,0.44393,403.58478
2025-06-23 01:53:52+07:00,25.30000,85.30000,83.60000,126.50000,0.44671,403.61429
2025-06-23 01:54:42+07:00,25.30000,85.40000,86.80000,129.30000,0.43567,403.56277
2025-06-23 01:55:31+07:00,25.30000,85.30000,85.30000,123.00000,0.42618,403.67389
2025-06-23 01:56:21+07:00,25.30000,85.00000,82.40000,121.50000,0.44951,403.53363
2025-06-23 01:57:10+07:00,25.30000,85.10000,78.00000,114.00000,0.43978,403.57745
2025-06-23 01:58:00+07:00,25.40000,85.00000,78.00000,116.30000,0.44951,403.67389
2025-06-23 01:58:50+07:00,25.40000,84.60000,78.80000,120.00000,0.43294,403.68890
2025-06-23 01:59:39+07:00,25.40000,84.60000,75.90000,112.60000,0.44671,403.63657
2025-06-23 02:00:29+07:00,25.40000,84.50000,76.50000,115.70000,0.43567,403.51910
2025-06-23 02:01:18+07:00,25.40000,84.30000,76.20000,113.60000,0.44254,403.70398
2025-06-23 02:02:08+07:00,25.50000,84.10000,74.00000,105.20000,0.46944,403.70398
2025-06-23 02:02:57+07:00,25.50000,84.00000,75.90000,108.90000,0.46368,403.74951
2025-06-23 02:03:47+07:00,25.60000,83.90000,82.40000,122.30000,0.46656,403.88873
2025-06-23 02:04:37+07:00,25.60000,84.30000,75.40000,107.90000,0.43430,403.60690
2025-06-23 02:05:27+07:00,25.70000,83.80000,79.40000,113.50000,0.49457,403.84967
2025-06-23 02:06:19+07:00,25.70000,83.50000,78.90000,115.10000,0.45372,403.68890
2025-06-23 02:07:09+07:00,25.70000,83.60000,82.40000,122.00000,0.47673,403.77243
2025-06-23 02:07:59+07:00,25.70000,83.80000,81.40000,121.60000,0.50062,403.72668
2025-06-23 02:08:52+07:00,25.60000,83.90000,81.60000,117.70000,0.45655,403.74188
2025-06-23 02:09:42+07:00,25.60000,83.70000,81.00000,119.70000,0.46944,403.72668
2025-06-23 02:10:32+07:00,25.60000,83.90000,81.60000,119.70000,0.45655,403.74188
2025-06-23 02:11:29+07:00,25.50000,84.00000,77.40000,114.30000,0.46512,403.74188
2025-06-23 02:12:19+07:00,25.50000,83.90000,82.60000,122.80000,0.47820,403.75714
2025-06-23 02:13:14+07:00,25.50000,83.90000,78.60000,117.80000,0.45091,403.69644
2025-06-23 02:14:11+07:00,25.60000,83.90000,83.20000,125.30000,0.47527,403.71912
2025-06-23 02:15:00+07:00,25.60000,83.90000,80.10000,116.90000,0.43841,403.75714
2025-06-23 02:15:53+07:00,25.60000,83.90000,78.40000,114.70000,0.45655,403.87308
2025-06-23 02:16:42+07:00,25.60000,84.00000,81.10000,119.40000,0.46368,403.73428
2025-06-23 02:17:31+07:00,25.60000,84.00000,82.00000,128.50000,0.46512,403.82635
2025-06-23 02:18:21+07:00,25.70000,83.70000,82.00000,119.60000,0.46512,403.73428
2025-06-23 02:19:11+07:00,25.70000,83.90000,84.00000,129.50000,0.47235,403.81088
2025-06-23 02:20:00+07:00,25.50000,84.20000,82.40000,121.90000,0.47673,403.45438
2025-06-23 02:20:50+07:00,25.60000,84.10000,81.10000,121.30000,0.46944,403.67389
2025-06-23 02:21:39+07:00,25.50000,84.00000,80.40000,117.00000,0.46368,403.67389
2025-06-23 02:22:29+07:00,25.50000,84.20000,77.10000,112.50000,0.45939,403.83411
2025-06-23 02:23:19+07:00,25.40000,84.50000,82.40000,121.80000,0.46225,403.62912
2025-06-23 02:24:09+07:00,25.40000,84.70000,72.60000,105.70000,0.44671,403.65894
2025-06-23 02:24:58+07:00,25.50000,84.30000,77.80000,114.20000,0.47089,403.58478
2025-06-23 02:25:48+07:00,25.50000,84.30000,82.80000,123.00000,0.47527,403.79547
2025-06-23 02:26:37+07:00,25.50000,84.50000,82.70000,123.60000,0.46225,403.87308
2025-06-23 02:27:27+07:00,25.50000,84.40000,83.70000,125.20000,0.45655,403.77243
2025-06-23 02:28:16+07:00,25.50000,84.50000,81.10000,118.80000,0.45797,403.73428
2025-06-23 02:29:06+07:00,25.50000,84.70000,88.60000,132.20000,0.47235,403.70398
2025-06-23 02:29:55+07:00,25.40000,84.90000,83.60000,126.20000,0.47235,403.68890
2025-06-23 02:30:45+07:00,25.40000,85.10000,85.10000,124.00000,0.46944,403.70398
2025-06-23 02:31:34+07:00,25.30000,85.30000,86.10000,131.50000,0.47527,403.68140
2025-06-23 02:32:23+07:00,25.30000,85.50000,87.50000,132.80000,0.47089,403.63657
2025-06-23 02:33:13+07:00,25.20000,85.50000,88.00000,133.20000,0.43841,403.57745
2025-06-23 02:34:02+07:00,25.30000,85.60000,88.60000,129.10001,0.45797,403.49744
2025-06-23 02:34:52+07:00,25.30000,85.70000,90.50000,137.80000,0.45939,403.57010
2025-06-23 02:35:41+07:00,25.30000,85.70000,90.10000,134.00000,0.42483,403.65146
2025-06-23 02:36:31+07:00,25.20000,85.70000,92.10000,136.20000,0.47235,403.71155
2025-06-23 02:37:20+07:00,25.30000,85.70000,88.10000,131.60001,0.45091,403.65894
2025-06-23 02:38:09+07:00,25.40000,85.20000,85.00000,124.80000,0.44951,403.66641
2025-06-23 02:38:59+07:00,25.40000,85.20000,90.10000,137.30000,0.46512,403.71912
2025-06-23 02:39:48+07:00,25.40000,85.20000,93.10000,138.70000,0.48114,403.78009
2025-06-23 02:40:38+07:00,25.30000,85.50000,88.60000,127.80000,0.45797,403.69644
2025-06-23 02:41:27+07:00,25.30000,85.30000,89.90000,132.39999,0.45655,403.78778
2025-06-23 02:42:17+07:00,25.30000,85.40000,90.70000,133.60001,0.47967,403.64401
2025-06-23 02:43:06+07:00,25.30000,85.40000,80.70000,116.80000,0.45939,403.69644
2025-06-23 02:43:56+07:00,25.40000,84.80000,73.50000,104.70000,0.47820,403.64401
2025-06-23 02:44:45+07:00,25.50000,84.40000,82.30000,122.30000,0.45939,403.64401
2025-06-23 02:45:40+07:00,25.50000,84.30000,80.10000,117.50000,0.45372,403.53363
2025-06-23 02:46:29+07:00,25.40000,84.50000,83.00000,114.70000,0.45939,403.67389
2025-06-23 02:47:18+07:00,25.30000,84.70000,81.30000,115.20000,0.44116,403.61429
2025-06-23 02:48:08+07:00,25.30000,84.60000,83.20000,122.10000,0.50062,403.53363
2025-06-23 02:48:57+07:00,25.30000,84.70000,81.40000,116.40000,0.46656,403.49744
2025-06-23 02:49:47+07:00,25.40000,84.60000,79.40000,116.10000,0.45939,403.69644
2025-06-23 02:50:36+07:00,25.30000,84.90000,75.00000,106.60000,0.44671,403.45438
2025-06-23 02:51:26+07:00,25.20000,85.00000,76.70000,108.90000,0.46944,403.49744
2025-06-23 02:52:15+07:00,25.30000,84.90000,77.70000,114.10000,0.44393,403.52637
2025-06-23 02:53:05+07:00,25.20000,85.10000,71.90000,102.80000,0.45655,403.57745
2025-06-23 02:53:54+07:00,25.10000,85.40000,75.80000,109.80000,0.43022,403.65146
2025-06-23 02:54:44+07:00,25.10000,85.50000,79.70000,114.90000,0.45939,403.57745
2025-06-23 02:55:33+07:00,25.10000,85.60000,83.80000,117.60000,0.44393,403.61429
2025-06-23 02:56:22+07:00,25.10000,85.70000,78.50000,116.90000,0.46800,403.67389
2025-06-23 02:57:12+07:00,25.20000,85.30000,77.20000,111.60000,0.47381,403.53363
2025-06-23 02:58:01+07:00,25.30000,85.00000,80.60000,112.30000,0.47381,403.58478
2025-06-23 02:58:51+07:00,25.30000,85.10000,79.70000,117.40000,0.44532,403.48303
2025-06-23 02:59:40+07:00,25.30000,85.00000,73.50000,106.30000,0.44951,403.61429
2025-06-23 03:00:29+07:00,25.20000,85.30000,73.50000,105.90000,0.41028,403.59952
2025-06-23 03:01:19+07:00,25.20000,85.60000,71.10000,99.00000,0.44671,403.50464
2025-06-23 03:02:08+07:00,25.20000,85.40000,68.50000,98.80000,0.45513,403.27277
2025-06-23 03:02:58+07:00,25.20000,85.40000,67.80000,96.50000,0.43567,403.41885
2025-06-23 03:03:47+07:00,25.30000,84.80000,68.30000,98.50000,0.48558,403.53363
2025-06-23 03:04:37+07:00,25.30000,84.70000,69.80000,97.30000,0.44254,403.66641
2025-06-23 03:05:26+07:00,25.30000,84.90000,69.20000,98.50000,0.44532,403.57745
2025-06-23 03:06:16+07:00,25.30000,85.10000,71.50000,101.50000,0.46656,403.71155
2025-06-23 03:07:05+07:00,25.20000,85.10000,74.40000,105.10000,0.42887,403.56277
2025-06-23 03:07:54+07:00,25.30000,84.80000,78.10000,111.00000,0.42618,403.79547
2025-06-23 03:08:44+07:00,25.40000,85.10000,85.10000,124.90000,0.43567,403.59952
2025-06-23 03:09:33+07:00,25.30000,85.40000,86.70000,122.20000,0.43704,403.77243
2025-06-23 03:10:23+07:00,25.30000,85.40000,88.50000,128.50000,0.44671,403.73428
2025-06-23 03:11:12+07:00,25.30000,85.60000,93.50000,136.39999,0.43841,403.65894
2025-06-23 03:12:01+07:00,25.30000,86.00000,93.40000,138.70000,0.43841,403.59952
2025-06-23 03:12:51+07:00,25.20000,86.00000,85.70000,127.60000,0.44116,403.62170
2025-06-23 03:13:40+07:00,25.30000,85.60000,91.60000,132.50000,0.43978,403.70398
2025-06-23 03:14:29+07:00,25.30000,85.60000,79.90000,113.10000,0.44116,403.57745
2025-06-23 03:15:19+07:00,25.30000,85.30000,84.80000,122.30000,0.46800,404.10541
2025-06-23 03:16:08+07:00,25.40000,84.80000,80.90000,120.70000,0.45231,403.76477
2025-06-23 03:16:57+07:00,25.40000,84.70000,86.90000,127.60000,0.47235,403.78778
2025-06-23 03:17:47+07:00,25.50000,84.30000,87.60000,130.20000,0.46800,403.72668
2025-06-23 03:18:36+07:00,25.50000,84.80000,86.00000,127.50000,0.47089,403.63657
2025-06-23 03:19:25+07:00,25.40000,85.00000,84.80000,127.80000,0.43430,403.68140
2025-06-23 03:20:15+07:00,25.30000,85.30000,87.20000,124.80000,0.47967,403.65146
2025-06-23 03:21:04+07:00,25.30000,85.40000,84.00000,123.60000,0.46225,403.74951
2025-06-23 03:21:54+07:00,25.40000,85.30000,84.30000,126.40000,0.46800,403.64401
2025-06-23 03:22:43+07:00,25.30000,85.00000,84.30000,125.60000,0.46082,403.61429
2025-06-23 03:23:32+07:00,25.30000,85.20000,82.70000,124.00000,0.46082,403.69644
2025-06-23 03:24:22+07:00,25.30000,85.30000,81.70000,121.60000,0.46944,403.58478
2025-06-23 03:25:11+07:00,25.30000,85.50000,82.30000,124.50000,0.46082,403.65146
2025-06-23 03:26:00+07:00,25.20000,85.80000,81.60000,123.50000,0.45797,403.57010
2025-06-23 03:26:50+07:00,25.20000,85.80000,77.60000,114.40000,0.45797,403.84189
2025-06-23 03:27:39+07:00,25.30000,85.40000,78.10000,117.70000,0.45513,403.63657
2025-06-23 03:28:29+07:00,25.30000,85.20000,73.90000,107.50000,0.44671,403.59213
2025-06-23 03:29:18+07:00,25.40000,84.90000,77.90000,109.90000,0.46512,403.57010
2025-06-23 03:30:08+07:00,25.40000,84.90000,76.20000,111.10000,0.46800,403.68890
2025-06-23 03:30:57+07:00,25.30000,85.00000,77.60000,111.30000,0.47820,403.66641
2025-06-23 03:31:46+07:00,25.30000,85.00000,80.90000,120.00000,0.42752,403.75714
2025-06-23 03:32:36+07:00,25.30000,85.00000,78.90000,113.80000,0.46656,403.72668
2025-06-23 03:33:25+07:00,25.30000,85.00000,79.70000,112.50000,0.47089,403.53363
2025-06-23 03:34:15+07:00,25.30000,85.10000,70.40000,101.10000,0.45939,403.50464
2025-06-23 03:35:04+07:00,25.20000,84.90000,70.90000,100.90000,0.44532,403.57010
2025-06-23 03:35:53+07:00,25.30000,84.80000,73.20000,106.30000,0.45513,403.63657
2025-06-23 03:36:43+07:00,25.20000,85.10000,72.50000,101.00000,0.46656,403.57010
2025-06-23 03:37:33+07:00,25.10000,85.30000,64.70000,93.20000,0.44393,403.57745
2025-06-23 03:38:22+07:00,25.10000,85.20000,72.10000,104.80000,0.44811,403.62912
2025-06-23 03:39:11+07:00,25.20000,85.20000,69.70000,98.80000,0.44393,403.52637
2025-06-23 03:40:02+07:00,25.20000,85.00000,66.70000,96.50000,0.44254,403.51910
2025-06-23 03:40:54+07:00,25.20000,84.80000,71.70000,104.20000,0.42216,403.58478
2025-06-23 03:41:44+07:00,25.30000,85.10000,72.30000,101.40000,0.46512,403.57010
2025-06-23 03:42:34+07:00,25.20000,85.10000,73.20000,104.10000,0.42618,403.55548
2025-06-23 03:43:23+07:00,25.20000,85.20000,75.10000,107.10000,0.44532,403.46869
2025-06-23 03:44:13+07:00,25.20000,85.20000,74.10000,104.40000,0.44393,403.31400
2025-06-23 03:45:02+07:00,25.20000,85.20000,73.10000,107.40000,0.42618,403.51187
2025-06-23 03:45:55+07:00,25.20000,85.40000,72.20000,103.60000,0.44811,403.46152
2025-06-23 03:46:45+07:00,25.20000,85.40000,72.00000,109.50000,0.43294,403.57745
2025-06-23 03:47:35+07:00,25.20000,85.20000,74.10000,104.70000,0.43704,403.51910
2025-06-23 03:48:24+07:00,25.30000,85.10000,74.90000,110.30000,0.43978,403.43304
2025-06-23 03:49:14+07:00,25.20000,85.40000,75.60000,109.70000,0.43978,403.59213
2025-06-23 03:50:04+07:00,25.10000,85.70000,72.60000,105.60000,0.44532,403.56277
2025-06-23 03:50:54+07:00,25.10000,85.50000,74.20000,105.50000,0.43841,403.62912
2025-06-23 03:51:44+07:00,25.30000,85.10000,72.10000,100.70000,0.43567,403.58478
2025-06-23 03:52:34+07:00,25.30000,85.20000,71.60000,104.30000,0.44116,403.58478
2025-06-23 03:53:23+07:00,25.40000,84.50000,73.60000,108.20000,0.44254,403.67389
2025-06-23 03:55:07+07:00,25.40000,84.70000,76.50000,113.30000,0.45231,403.81860
2025-06-23 03:55:56+07:00,25.30000,85.10000,66.90000,93.10000,0.45091,403.57010
2025-06-23 03:56:46+07:00,25.30000,84.10000,77.80000,111.60000,0.43430,403.75714
2025-06-23 03:57:35+07:00,25.40000,84.70000,76.30000,111.20000,0.45797,403.68890
2025-06-23 03:58:25+07:00,25.40000,85.10000,76.80000,108.80000,0.44116,403.61429
2025-06-23 03:59:14+07:00,25.30000,85.50000,72.70000,104.20000,0.46225,403.64401
2025-06-23 04:00:03+07:00,25.20000,85.70000,73.30000,103.60000,0.42083,403.57010
2025-06-23 04:00:53+07:00,25.20000,85.70000,70.80000,103.40000,0.44811,403.62170
2025-06-23 04:01:42+07:00,25.20000,85.70000,71.70000,103.00000,0.43704,403.46152
2025-06-23 04:02:31+07:00,25.20000,85.80000,75.60000,111.50000,0.41950,403.40472
2025-06-23 04:03:21+07:00,25.20000,85.90000,74.80000,108.10000,0.43294,403.46869
2025-06-23 04:04:10+07:00,25.10000,86.20000,75.60000,108.70000,0.47673,403.45438
2025-06-23 04:05:00+07:00,25.10000,86.40000,72.80000,105.80000,0.44393,403.42593
2025-06-23 04:05:49+07:00,25.00000,86.70000,72.20000,104.40000,0.41159,403.45438
2025-06-23 04:06:39+07:00,25.10000,86.20000,71.00000,101.10000,0.44951,403.52637
2025-06-23 04:07:32+07:00,25.20000,85.70000,68.30000,98.50000,0.45091,403.53363
2025-06-23 04:08:24+07:00,25.30000,85.20000,74.30000,105.50000,0.45939,403.54089
2025-06-23 04:09:13+07:00,25.30000,85.40000,68.60000,95.70000,0.43841,403.58478
2025-06-23 04:10:02+07:00,25.30000,85.30000,64.80000,93.00000,0.44116,403.52637
2025-06-23 04:10:55+07:00,25.40000,84.80000,69.40000,98.30000,0.45091,403.57745
2025-06-23 04:11:44+07:00,25.40000,84.50000,74.90000,108.80000,0.44951,403.57010
2025-06-23 04:12:34+07:00,25.50000,84.90000,71.50000,106.30000,0.44811,403.57745
2025-06-23 04:13:23+07:00,25.50000,84.50000,72.00000,106.30000,0.43978,403.59213
2025-06-23 04:14:12+07:00,25.50000,84.40000,69.10000,100.20000,0.45655,403.57745
2025-06-23 04:15:02+07:00,25.50000,84.40000,71.20000,104.00000,0.46944,403.65894
2025-06-23 04:15:51+07:00,25.50000,84.30000,69.20000,101.30000,0.44116,403.57010
2025-06-23 04:16:41+07:00,25.50000,84.40000,69.00000,102.30000,0.44254,403.62912
2025-06-23 04:17:30+07:00,25.50000,83.90000,73.00000,105.50000,0.44116,403.73428
2025-06-23 04:18:20+07:00,25.50000,84.90000,71.90000,103.80000,0.47527,403.64401
2025-06-23 04:19:09+07:00,25.50000,84.80000,71.20000,101.40000,0.42618,403.57010
2025-06-23 04:19:58+07:00,25.40000,84.50000,73.20000,105.00000,0.45231,403.60690
2025-06-23 04:20:48+07:00,25.40000,84.80000,68.40000,96.00000,0.44671,403.44012
2025-06-23 04:21:37+07:00,25.40000,84.80000,67.70000,95.70000,0.45091,403.51187
2025-06-23 04:22:27+07:00,25.30000,84.90000,64.20000,90.70000,0.43294,403.50464
2025-06-23 04:23:16+07:00,25.30000,84.50000,64.70000,92.60000,0.43841,403.61429
2025-06-23 04:24:09+07:00,25.30000,85.00000,64.90000,92.00000,0.45091,403.52637
2025-06-23 04:24:58+07:00,25.40000,84.80000,66.80000,96.00000,0.43567,403.47586
2025-06-23 04:25:48+07:00,25.40000,85.00000,67.60000,101.20000,0.41290,403.49744
2025-06-23 04:26:37+07:00,25.30000,84.80000,65.80000,92.60000,0.43841,403.67389
2025-06-23 04:27:27+07:00,25.30000,84.80000,64.20000,89.80000,0.42350,403.55548
2025-06-23 04:28:16+07:00,25.40000,84.60000,61.90000,91.30000,0.45091,403.53363
2025-06-23 04:29:05+07:00,25.30000,84.50000,65.10000,93.10000,0.43022,403.54089
2025-06-23 04:29:55+07:00,25.30000,84.40000,62.70000,89.90000,0.44951,403.55548
2025-06-23 04:30:44+07:00,25.30000,84.40000,59.60000,86.10000,0.44254,403.61429
2025-06-23 04:31:33+07:00,25.40000,84.20000,58.30000,78.10000,0.44951,403.52637
2025-06-23 04:32:23+07:00,25.40000,84.20000,57.20000,79.70000,0.44393,403.52637
2025-06-23 04:33:12+07:00,25.40000,84.10000,56.30000,80.30000,0.49006,403.50464
2025-06-23 04:34:02+07:00,25.30000,84.30000,56.50000,75.70000,0.44254,403.46152
2025-06-23 04:34:51+07:00,25.30000,84.30000,57.00000,79.10000,0.42618,403.48303
2025-06-23 04:35:40+07:00,25.30000,84.20000,56.70000,80.40000,0.44671,403.43304
2025-06-23 04:36:30+07:00,25.30000,84.00000,58.10000,79.70000,0.43704,403.42593
2025-06-23 04:37:19+07:00,25.30000,84.40000,56.30000,78.80000,0.42216,403.46152
2025-06-23 04:38:08+07:00,25.30000,84.50000,57.20000,77.70000,0.43022,403.47586
2025-06-23 04:38:58+07:00,25.30000,84.40000,59.80000,81.20000,0.42350,403.44727
2025-06-23 04:39:47+07:00,25.30000,84.50000,55.60000,76.70000,0.43704,403.40472
2025-06-23 04:40:37+07:00,25.20000,84.70000,58.40000,80.40000,0.43978,403.41177
2025-06-23 04:41:26+07:00,25.20000,84.90000,56.80000,81.10000,0.43294,403.38361
2025-06-23 04:42:15+07:00,25.20000,85.10000,59.50000,82.70000,0.39357,403.38361
2025-06-23 04:43:05+07:00,25.10000,85.20000,56.00000,80.20000,0.42483,403.33475
2025-06-23 04:43:54+07:00,25.10000,85.50000,56.90000,78.20000,0.43022,403.36960
2025-06-23 04:44:43+07:00,25.10000,85.40000,55.30000,78.10000,0.42083,403.41177
2025-06-23 04:45:33+07:00,25.10000,85.50000,59.00000,83.90000,0.43294,403.36960
2025-06-23 04:46:22+07:00,25.10000,85.60000,55.90000,76.80000,0.39738,403.38361
2025-06-23 04:47:12+07:00,25.10000,85.40000,56.70000,77.30000,0.40638,403.36261
2025-06-23 04:48:01+07:00,25.10000,85.40000,54.90000,75.20000,0.41817,403.64401
2025-06-23 04:48:50+07:00,25.10000,85.50000,55.70000,77.10000,0.40250,403.31400
2025-06-23 04:49:40+07:00,25.10000,85.40000,56.00000,76.70000,0.41421,403.33475
2025-06-23 04:50:29+07:00,25.00000,85.50000,53.90000,74.40000,0.40638,403.30020
2025-06-23 04:51:18+07:00,25.10000,85.60000,53.00000,77.40000,0.40767,403.41885
2025-06-23 04:52:08+07:00,25.10000,85.10000,53.20000,76.80000,0.42216,403.37659
2025-06-23 04:52:57+07:00,25.10000,85.40000,52.60000,71.90000,0.40508,403.39062
2025-06-23 04:53:47+07:00,25.10000,85.30000,52.60000,74.30000,0.43841,403.34171
2025-06-23 04:54:36+07:00,25.20000,85.00000,53.50000,79.50000,0.43022,403.44727
2025-06-23 04:55:25+07:00,25.10000,85.40000,53.30000,74.50000,0.40122,403.57010
2025-06-23 04:56:15+07:00,25.00000,85.60000,53.30000,76.90000,0.42618,403.24551
2025-06-23 04:57:04+07:00,25.00000,85.70000,57.10000,79.90000,0.40638,403.32782
2025-06-23 04:57:53+07:00,25.00000,85.80000,56.00000,76.00000,0.44254,403.40472
2025-06-23 04:58:43+07:00,25.10000,85.50000,55.60000,74.90000,0.40379,403.46152
2025-06-23 04:59:32+07:00,25.10000,85.10000,52.90000,70.90000,0.40767,403.50464
2025-06-23 05:00:22+07:00,25.20000,84.50000,54.70000,72.80000,0.42083,403.47586
2025-06-23 05:01:11+07:00,25.20000,84.90000,55.20000,77.90000,0.43704,403.45438
2025-06-23 05:02:00+07:00,25.20000,84.80000,56.80000,77.70000,0.42083,403.66641
2025-06-23 05:02:50+07:00,25.20000,84.80000,55.70000,77.80000,0.44671,403.59952
2025-06-23 05:03:42+07:00,25.20000,84.60000,62.50000,87.10000,0.41950,403.46152
2025-06-23 05:04:31+07:00,25.20000,85.10000,62.20000,90.30000,0.41290,403.41885
2025-06-23 05:05:21+07:00,25.20000,85.20000,61.60000,89.80000,0.42350,403.50464
2025-06-23 05:06:10+07:00,25.20000,85.00000,60.00000,86.70000,0.42887,403.54819
2025-06-23 05:06:59+07:00,25.30000,84.50000,60.30000,85.90000,0.42083,403.53363
2025-06-23 05:07:49+07:00,25.20000,84.70000,60.10000,86.10000,0.43978,403.54089
2025-06-23 05:08:38+07:00,25.20000,85.00000,60.10000,82.60000,0.43158,403.48303
2025-06-23 05:09:28+07:00,25.10000,85.00000,61.20000,85.70000,0.42483,403.54089
2025-06-23 05:10:17+07:00,25.10000,85.20000,58.40000,81.10000,0.41685,403.40472
2025-06-23 05:11:06+07:00,25.10000,84.80000,54.50000,75.20000,0.40379,403.47586
2025-06-23 05:11:56+07:00,25.10000,84.40000,57.10000,78.70000,0.40379,403.52637
2025-06-23 05:12:45+07:00,25.10000,84.60000,56.30000,76.90000,0.43022,403.40472
2025-06-23 05:13:34+07:00,25.10000,84.70000,56.60000,78.90000,0.43704,403.34866
2025-06-23 05:14:24+07:00,25.00000,85.10000,51.70000,71.10000,0.43430,403.41177
2025-06-23 05:15:13+07:00,25.00000,84.90000,52.60000,77.80000,0.40122,403.45438
2025-06-23 05:16:03+07:00,25.00000,85.00000,52.80000,72.50000,0.40508,403.38361
2025-06-23 05:16:52+07:00,25.00000,85.10000,51.50000,70.90000,0.41159,403.34866
2025-06-23 05:17:41+07:00,25.00000,85.00000,50.10000,66.80000,0.41553,403.41177
2025-06-23 05:18:31+07:00,25.00000,84.90000,50.60000,67.00000,0.38979,403.27277
2025-06-23 05:19:20+07:00,24.90000,85.20000,50.20000,69.50000,0.39357,403.27277
2025-06-23 05:20:09+07:00,24.90000,85.20000,49.70000,67.60000,0.37985,403.30020
2025-06-23 05:20:59+07:00,24.90000,85.20000,50.40000,67.30000,0.37862,403.21844
2025-06-23 05:21:48+07:00,24.90000,85.30000,50.20000,65.10000,0.38604,403.28647
2025-06-23 05:22:37+07:00,24.90000,85.40000,49.90000,69.40000,0.38729,403.27960
2025-06-23 05:23:27+07:00,24.80000,85.40000,48.60000,65.30000,0.37985,403.26593
2025-06-23 05:24:16+07:00,24.90000,85.50000,50.20000,68.30000,0.40638,403.30020
2025-06-23 05:25:06+07:00,24.90000,85.40000,48.40000,65.60000,0.42083,403.34171
2025-06-23 05:25:55+07:00,25.00000,84.90000,50.40000,68.50000,0.39738,403.41885
2025-06-23 05:26:45+07:00,25.10000,84.90000,49.40000,65.80000,0.44254,403.39767
2025-06-23 05:27:34+07:00,25.10000,84.80000,52.10000,70.90000,0.39866,403.30710
2025-06-23 05:28:23+07:00,25.10000,84.70000,52.00000,73.20000,0.41553,403.49023
2025-06-23 05:29:13+07:00,25.10000,84.70000,50.80000,69.60000,0.40122,403.43304
2025-06-23 05:30:02+07:00,25.10000,84.40000,52.00000,70.60000,0.41159,403.52637
2025-06-23 05:30:52+07:00,25.20000,84.50000,52.20000,71.30000,0.37739,403.39767
2025-06-23 05:31:41+07:00,25.20000,84.00000,58.60000,79.00000,0.41290,403.57745
2025-06-23 05:32:30+07:00,25.40000,83.90000,60.90000,84.10000,0.42887,403.62912
2025-06-23 05:33:20+07:00,25.20000,84.00000,63.40000,90.20000,0.41159,403.51187
2025-06-23 05:34:09+07:00,25.20000,84.60000,65.20000,88.60000,0.40767,403.58478
2025-06-23 05:34:59+07:00,25.20000,84.00000,75.70000,98.90000,0.41028,403.62912
2025-06-23 05:35:48+07:00,25.30000,84.50000,78.20000,102.00000,0.44116,403.58478
2025-06-23 05:36:38+07:00,25.20000,84.70000,66.80000,90.00000,0.41421,403.68140
2025-06-23 05:37:27+07:00,25.30000,84.50000,66.40000,89.60000,0.43704,403.59952
2025-06-23 05:38:17+07:00,25.30000,84.10000,60.00000,83.30000,0.42216,403.52637
2025-06-23 05:39:06+07:00,25.40000,83.80000,62.10000,87.70000,0.44393,403.60690
2025-06-23 05:39:56+07:00,25.40000,84.20000,59.10000,81.20000,0.44116,403.70398
2025-06-23 05:40:45+07:00,25.40000,83.90000,61.60000,85.60000,0.45091,403.66641
2025-06-23 05:41:35+07:00,25.40000,83.80000,66.80000,91.70000,0.41685,403.65146
2025-06-23 05:42:24+07:00,25.40000,84.00000,62.60000,86.10000,0.41817,403.57745
2025-06-23 05:43:13+07:00,25.40000,83.90000,65.30000,90.90000,0.41950,403.65146
2025-06-23 05:44:03+07:00,25.30000,84.40000,61.50000,87.10000,0.41817,403.57745
2025-06-23 05:44:52+07:00,25.20000,84.60000,62.50000,87.20000,0.44254,403.54089
2025-06-23 05:45:41+07:00,25.10000,84.80000,61.40000,85.00000,0.42483,403.54819
2025-06-23 05:46:31+07:00,25.10000,85.10000,61.30000,84.20000,0.43841,403.61429
2025-06-23 05:47:21+07:00,25.10000,85.00000,59.30000,82.00000,0.43978,403.59213
2025-06-23 05:48:10+07:00,25.10000,85.10000,56.70000,78.50000,0.41421,403.76477
2025-06-23 05:49:00+07:00,25.00000,85.20000,58.00000,80.80000,0.43978,403.62912
2025-06-23 05:49:49+07:00,25.00000,85.30000,58.60000,83.20000,0.43978,403.68890
2025-06-23 05:50:38+07:00,24.90000,85.40000,55.00000,76.80000,0.42752,403.63657
2025-06-23 05:51:28+07:00,25.00000,85.20000,55.80000,79.70000,0.41421,403.65146
2025-06-23 05:52:17+07:00,25.00000,85.20000,56.00000,80.70000,0.43294,403.56277
2025-06-23 05:53:07+07:00,25.00000,85.20000,60.40000,89.50000,0.43158,403.69644
2025-06-23 05:53:56+07:00,24.90000,85.50000,54.10000,75.30000,0.43704,403.70398
2025-06-23 05:54:45+07:00,24.90000,85.40000,58.50000,81.70000,0.41685,403.65894
2025-06-23 05:55:35+07:00,24.90000,85.90000,58.50000,84.40000,0.45231,403.68890
2025-06-23 05:56:24+07:00,24.90000,85.70000,58.10000,83.50000,0.44811,403.66641
2025-06-23 05:57:14+07:00,24.80000,86.10000,61.90000,87.60000,0.47089,403.65894
2025-06-23 05:58:03+07:00,24.80000,86.40000,59.30000,83.10000,0.43978,403.65894
2025-06-23 05:58:52+07:00,24.90000,85.90000,60.30000,83.90000,0.46800,403.63657
2025-06-23 05:59:42+07:00,24.90000,86.10000,57.90000,83.70000,0.43158,403.72668
2025-06-23 06:00:32+07:00,24.90000,85.90000,58.60000,80.80000,0.44671,403.74951
2025-06-23 06:01:21+07:00,24.90000,86.20000,57.00000,78.70000,0.46800,403.65894
2025-06-23 06:02:11+07:00,24.90000,86.00000,54.80000,76.80000,0.41421,403.65146
2025-06-23 06:03:00+07:00,24.90000,85.70000,55.40000,76.60000,0.46368,403.64401
2025-06-23 06:03:50+07:00,25.00000,85.40000,55.00000,73.20000,0.44671,403.64401
2025-06-23 06:04:39+07:00,25.00000,85.30000,51.70000,73.30000,0.45513,403.57745
2025-06-23 06:05:28+07:00,25.00000,85.10000,53.00000,75.80000,0.45513,403.64401
2025-06-23 06:06:18+07:00,25.00000,85.00000,52.10000,69.50000,0.42752,403.88092
2025-06-23 06:07:07+07:00,25.10000,84.70000,54.20000,72.60000,0.47820,403.61429
2025-06-23 06:07:57+07:00,25.10000,84.80000,54.60000,75.40000,0.45372,403.83411
2025-06-23 06:08:46+07:00,25.10000,84.80000,53.20000,73.10000,0.44393,403.75714
2025-06-23 06:09:35+07:00,25.10000,84.80000,51.70000,68.30000,0.45372,403.74188
2025-06-23 06:10:25+07:00,25.10000,84.80000,51.10000,67.40000,0.45091,403.81860
2025-06-23 06:11:14+07:00,25.00000,84.80000,50.80000,69.10000,0.46656,403.59213
2025-06-23 06:12:04+07:00,25.00000,84.90000,49.50000,67.00000,0.47381,403.66641
2025-06-23 06:12:53+07:00,24.90000,84.90000,49.10000,66.10000,0.45513,403.66641
2025-06-23 06:13:43+07:00,24.90000,85.00000,48.60000,66.70000,0.44393,403.68890
2025-06-23 06:14:32+07:00,24.90000,85.00000,50.20000,66.70000,0.44393,403.62912
2025-06-23 06:15:21+07:00,24.90000,85.10000,51.20000,68.30000,0.42216,403.63657
2025-06-23 06:16:11+07:00,24.90000,85.20000,49.40000,66.80000,0.43704,403.61429
2025-06-23 06:17:00+07:00,25.00000,85.10000,51.00000,72.40000,0.46082,403.68140
2025-06-23 06:17:50+07:00,24.90000,85.30000,52.70000,71.70000,0.46368,403.57745
2025-06-23 06:18:39+07:00,24.90000,85.70000,51.60000,67.40000,0.47089,403.59213
2025-06-23 06:19:28+07:00,24.90000,85.60000,52.20000,71.80000,0.41421,403.57745
2025-06-23 06:20:18+07:00,24.90000,85.40000,51.30000,70.30000,0.40638,403.60690
2025-06-23 06:21:07+07:00,24.90000,85.50000,53.20000,72.10000,0.41950,403.59952
2025-06-23 06:21:59+07:00,25.00000,85.50000,54.00000,77.60000,0.43704,403.65894
2025-06-23 06:22:49+07:00,25.00000,85.20000,57.10000,82.80000,0.45372,403.74188
2025-06-23 06:23:38+07:00,25.10000,85.30000,56.70000,82.40000,0.43022,403.69644
2025-06-23 06:24:27+07:00,25.10000,85.20000,56.40000,81.70000,0.44116,403.67389
2025-06-23 06:25:17+07:00,25.10000,85.40000,57.20000,82.30000,0.45231,403.77243
2025-06-23 06:26:07+07:00,25.00000,85.20000,56.70000,78.40000,0.44951,403.69644
2025-06-23 06:26:56+07:00,25.10000,85.40000,55.90000,79.20000,0.45231,403.62912
2025-06-23 06:27:45+07:00,25.10000,85.40000,57.60000,80.20000,0.44951,403.67389
2025-06-23 06:28:36+07:00,25.00000,85.60000,56.60000,79.20000,0.47089,403.60690
2025-06-23 06:29:26+07:00,25.00000,85.80000,60.30000,86.20000,0.45655,403.60690
2025-06-23 06:30:15+07:00,24.90000,86.00000,57.70000,83.10000,0.43841,403.71155
2025-06-23 06:31:05+07:00,24.90000,86.20000,56.40000,80.90000,0.43841,403.68140
2025-06-23 06:31:54+07:00,24.80000,86.30000,56.00000,78.50000,0.45091,403.65146
2025-06-23 06:32:44+07:00,24.90000,86.10000,58.00000,79.70000,0.45513,403.58478
2025-06-23 06:33:33+07:00,24.90000,85.80000,57.00000,78.70000,0.44811,403.71912
2025-06-23 06:34:23+07:00,25.00000,85.50000,58.20000,80.30000,0.46944,403.77243
2025-06-23 06:35:12+07:00,25.00000,85.50000,58.30000,84.10000,0.44254,403.67389
2025-06-23 06:36:02+07:00,25.10000,85.60000,55.70000,76.50000,0.43430,403.70398
2025-06-23 06:36:51+07:00,25.00000,85.80000,56.80000,78.90000,0.46082,403.70398
2025-06-23 06:37:41+07:00,25.10000,85.60000,59.60000,84.00000,0.44393,403.62170
2025-06-23 06:38:30+07:00,25.00000,85.70000,51.90000,70.20000,0.44951,403.78009
2025-06-23 06:39:20+07:00,25.00000,85.40000,53.80000,75.50000,0.43978,403.82635
2025-06-23 06:40:10+07:00,25.10000,85.30000,57.30000,83.30000,0.44116,403.78778
2025-06-23 06:40:59+07:00,25.10000,85.50000,55.50000,76.90000,0.47820,403.68890
2025-06-23 06:41:49+07:00,25.10000,85.40000,58.30000,80.90000,0.49457,403.81860
2025-06-23 06:42:38+07:00,25.10000,85.60000,59.00000,84.30000,0.46368,403.72668
2025-06-23 06:43:27+07:00,25.00000,85.80000,62.00000,85.00000,0.45513,403.66641
2025-06-23 06:44:17+07:00,25.00000,85.90000,58.30000,83.00000,0.47235,403.84189
2025-06-23 06:45:06+07:00,25.00000,85.90000,61.70000,87.90000,0.44951,403.77243
2025-06-23 06:45:56+07:00,25.00000,86.10000,59.10000,86.50000,0.45655,403.89661
2025-06-23 06:46:45+07:00,25.00000,85.90000,59.20000,84.60000,0.41421,403.71912
2025-06-23 06:47:35+07:00,25.10000,85.80000,61.70000,85.90000,0.47527,403.82635
2025-06-23 06:48:24+07:00,25.10000,85.60000,65.20000,91.80000,0.45655,403.79547
2025-06-23 06:49:13+07:00,25.10000,85.80000,64.20000,95.40000,0.46944,403.76477
2025-06-23 06:50:54+07:00,25.00000,86.10000,64.00000,91.70000,0.44951,403.88092
2025-06-23 06:51:44+07:00,25.00000,86.00000,68.30000,99.90000,0.46225,403.79547
2025-06-23 06:52:33+07:00,25.00000,86.30000,65.60000,93.90000,0.46656,403.81860
2025-06-23 06:53:23+07:00,25.00000,86.10000,61.20000,85.90000,0.46944,403.88873
2025-06-23 06:54:12+07:00,25.00000,85.80000,63.40000,91.50000,0.46800,403.89661
2025-06-23 06:55:02+07:00,25.10000,85.70000,61.80000,90.30000,0.52702,403.78778
2025-06-23 06:55:51+07:00,25.00000,85.70000,62.60000,90.70000,0.47673,403.79547
2025-06-23 06:56:41+07:00,25.00000,85.60000,65.20000,95.50000,0.46368,403.87308
2025-06-23 06:57:30+07:00,25.00000,85.70000,63.80000,92.10000,0.48114,403.78778
2025-06-23 06:58:19+07:00,25.00000,85.70000,64.20000,95.80000,0.44393,403.78778
2025-06-23 06:59:09+07:00,25.00000,85.80000,62.60000,89.40000,0.45091,403.84189
2025-06-23 06:59:58+07:00,24.90000,86.00000,62.10000,89.50000,0.46656,403.71155
2025-06-23 07:00:47+07:00,25.00000,85.90000,61.40000,91.40000,0.43704,403.80316
2025-06-23 07:01:37+07:00,25.00000,85.60000,61.80000,87.90000,0.51447,403.80316
2025-06-23 07:02:26+07:00,25.00000,85.70000,60.30000,86.00000,0.45091,403.84189
2025-06-23 07:03:16+07:00,24.90000,86.00000,60.30000,89.30000,0.47089,403.97589
2025-06-23 07:04:05+07:00,25.00000,85.80000,63.70000,92.70000,0.49156,403.62170
2025-06-23 07:04:55+07:00,25.10000,85.50000,62.60000,89.30000,0.49006,403.83411
2025-06-23 07:05:44+07:00,25.10000,85.70000,66.70000,97.00000,0.43567,403.92026
2025-06-23 07:06:34+07:00,25.10000,85.60000,75.70000,112.70000,0.48262,403.96790
2025-06-23 07:07:23+07:00,25.10000,85.50000,79.10000,118.00000,0.49306,404.03214
2025-06-23 07:08:13+07:00,25.20000,85.50000,80.60000,122.60000,0.49759,404.00793
2025-06-23 07:09:02+07:00,25.10000,85.80000,77.20000,120.20000,0.49006,404.13834
2025-06-23 07:09:52+07:00,25.20000,85.60000,73.00000,110.10000,0.48114,404.04834
2025-06-23 07:10:41+07:00,25.20000,85.30000,74.90000,113.70000,0.48114,404.02405
2025-06-23 07:11:31+07:00,25.30000,85.00000,75.50000,112.90000,0.50062,403.98389
2025-06-23 07:12:20+07:00,25.30000,85.00000,74.90000,110.50000,0.50062,403.95993
2025-06-23 07:13:10+07:00,25.30000,85.00000,81.20000,114.50000,0.48558,403.95993
2025-06-23 07:13:59+07:00,25.30000,85.20000,74.80000,112.50000,0.50062,403.89661
2025-06-23 07:14:48+07:00,25.20000,85.50000,78.10000,113.90000,0.46512,403.95197
2025-06-23 07:15:38+07:00,25.10000,85.70000,74.70000,112.60000,0.52702,403.88092
2025-06-23 07:16:27+07:00,25.20000,85.70000,72.70000,106.90000,0.48114,403.96790
2025-06-23 07:17:16+07:00,25.20000,85.60000,75.90000,112.40000,0.50674,403.91235
2025-06-23 07:18:06+07:00,25.20000,85.70000,75.30000,110.10000,0.46656,403.88873
2025-06-23 07:18:55+07:00,25.20000,85.40000,70.20000,102.80000,0.48114,403.98389
2025-06-23 07:19:45+07:00,25.30000,85.00000,74.20000,109.50000,0.48410,403.99188
2025-06-23 07:20:34+07:00,25.40000,84.90000,72.80000,105.50000,0.49306,404.08087
2025-06-23 07:21:24+07:00,25.30000,85.00000,72.90000,103.20000,0.48707,404.02405
2025-06-23 07:22:13+07:00,25.40000,84.60000,76.60000,109.60000,0.48262,404.04834
2025-06-23 07:23:03+07:00,25.40000,84.50000,74.50000,112.60000,0.47381,404.09723
2025-06-23 07:23:52+07:00,25.40000,84.70000,79.60000,120.00000,0.51136,404.06458
2025-06-23 07:24:41+07:00,25.30000,85.00000,72.60000,103.90000,0.45513,403.94400
2025-06-23 07:25:31+07:00,25.30000,84.90000,81.40000,119.60000,0.48114,404.01599
2025-06-23 07:26:20+07:00,25.40000,85.10000,75.20000,108.90000,0.50215,403.95197
2025-06-23 07:27:10+07:00,25.40000,84.80000,79.10000,116.70000,0.51915,404.00793
2025-06-23 07:27:59+07:00,25.50000,84.60000,76.70000,115.10000,0.50215,404.00793
2025-06-23 07:28:49+07:00,25.40000,84.70000,71.90000,107.10000,0.53019,404.10541
2025-06-23 07:29:38+07:00,25.50000,84.70000,74.20000,110.80000,0.49608,403.96790
2025-06-23 07:30:27+07:00,25.40000,84.80000,73.80000,110.50000,0.48410,403.96790
2025-06-23 07:31:20+07:00,25.40000,84.90000,75.10000,110.00000,0.49759,403.99188
2025-06-23 07:32:10+07:00,25.40000,85.10000,69.90000,101.10000,0.49306,404.08905
2025-06-23 07:32:59+07:00,25.40000,84.80000,76.30000,120.70000,0.47967,404.10541
2025-06-23 07:33:49+07:00,25.40000,84.80000,72.60000,110.40000,0.50674,404.11362
2025-06-23 07:34:38+07:00,25.40000,84.80000,69.30000,100.80000,0.52071,403.94400
2025-06-23 07:35:27+07:00,25.40000,84.40000,73.50000,113.40000,0.47820,404.09723
2025-06-23 07:36:17+07:00,25.50000,84.50000,68.10000,103.70000,0.50062,404.11362
2025-06-23 07:37:06+07:00,25.60000,84.20000,66.70000,99.40000,0.50674,404.06458
2025-06-23 07:37:56+07:00,25.60000,84.00000,64.60000,95.90000,0.43978,404.04834
2025-06-23 07:38:45+07:00,25.60000,83.90000,67.80000,100.10000,0.52386,403.97589
2025-06-23 07:39:34+07:00,25.60000,83.90000,71.20000,106.20000,0.52702,404.09723
2025-06-23 07:40:24+07:00,25.60000,84.10000,67.50000,97.60000,0.53019,403.97589
2025-06-23 07:41:13+07:00,25.50000,84.00000,71.90000,102.20000,0.51291,403.78009
2025-06-23 07:42:03+07:00,25.70000,83.80000,70.00000,101.00000,0.53019,404.01599
2025-06-23 07:42:52+07:00,25.70000,83.40000,70.10000,104.50000,0.50215,403.97589
2025-06-23 07:43:42+07:00,25.70000,83.70000,83.00000,125.00000,0.52228,403.98389
2025-06-23 07:44:32+07:00,25.60000,83.90000,88.80000,143.10001,0.49457,404.03214
2025-06-23 07:45:21+07:00,25.50000,84.30000,74.00000,113.70000,0.49306,403.92026
2025-06-23 07:46:10+07:00,25.40000,84.60000,77.40000,117.30000,0.49006,403.89661
2025-06-23 07:47:00+07:00,25.40000,84.60000,67.40000,96.80000,0.49306,403.89661
2025-06-23 07:47:49+07:00,25.40000,84.50000,71.20000,104.50000,0.48707,403.72668
2025-06-23 07:48:38+07:00,25.40000,84.50000,73.10000,110.50000,0.47235,403.97589
2025-06-23 07:49:28+07:00,25.40000,84.50000,72.00000,108.10000,0.46082,403.89661
2025-06-23 07:50:17+07:00,25.40000,84.50000,70.60000,107.70000,0.49156,403.83411
2025-06-23 07:51:07+07:00,25.30000,84.80000,70.90000,105.70000,0.47673,403.82635
2025-06-23 07:51:56+07:00,25.30000,84.90000,70.70000,102.50000,0.47967,403.88092
2025-06-23 07:52:46+07:00,25.30000,85.00000,69.50000,102.40000,0.47967,403.85745
2025-06-23 07:53:35+07:00,25.40000,84.80000,71.30000,105.50000,0.46800,403.70398
2025-06-23 07:54:24+07:00,25.40000,84.50000,71.30000,106.10000,0.45091,403.85745
2025-06-23 07:55:14+07:00,25.50000,84.40000,68.20000,102.20000,0.48410,403.83411
2025-06-23 07:56:04+07:00,25.40000,84.40000,68.10000,98.80000,0.50062,403.82635
2025-06-23 07:56:53+07:00,25.40000,84.50000,68.90000,102.60000,0.46082,403.78009
2025-06-23 07:57:43+07:00,25.40000,84.60000,69.00000,104.80000,0.48262,403.74951
2025-06-23 07:58:32+07:00,25.50000,84.40000,68.70000,98.90000,0.47673,403.73428
2025-06-23 07:59:22+07:00,25.50000,84.50000,70.30000,100.60000,0.46512,403.70398
2025-06-23 08:00:11+07:00,25.50000,84.40000,69.10000,98.70000,0.47820,403.88092
2025-06-23 08:01:01+07:00,25.60000,84.40000,68.80000,98.90000,0.46368,403.75714
2025-06-23 08:01:50+07:00,25.60000,84.20000,68.80000,100.40000,0.48856,403.65146
2025-06-23 08:02:39+07:00,25.70000,84.10000,67.00000,97.30000,0.48707,403.86526
2025-06-23 08:03:29+07:00,25.70000,84.00000,67.50000,97.30000,0.49759,403.79547
2025-06-23 08:04:18+07:00,25.70000,83.90000,69.00000,99.90000,0.47381,403.72668
2025-06-23 08:05:08+07:00,25.70000,83.80000,69.00000,98.00000,0.47967,403.77243
2025-06-23 08:05:57+07:00,25.80000,83.60000,72.70000,103.70000,0.47089,403.78778
2025-06-23 08:06:46+07:00,25.90000,83.30000,71.50000,105.40000,0.45655,403.92816
2025-06-23 08:07:36+07:00,25.90000,83.10000,69.90000,101.30000,0.52071,403.82635
2025-06-23 08:08:25+07:00,26.00000,82.80000,69.80000,100.00000,0.46944,403.87308
2025-06-23 08:09:15+07:00,26.00000,82.70000,66.20000,92.00000,0.46944,403.88092
2025-06-23 08:10:04+07:00,26.00000,82.50000,66.00000,94.50000,0.48262,403.92816
2025-06-23 08:10:54+07:00,26.10000,82.00000,61.30000,86.30000,0.48707,403.87308
2025-06-23 08:11:44+07:00,26.20000,81.40000,58.10000,79.00000,0.46512,403.83411
2025-06-23 08:12:36+07:00,26.30000,81.10000,58.50000,80.10000,0.46368,404.02405
2025-06-23 08:13:25+07:00,26.60000,80.60000,61.10000,85.30000,0.49006,403.85745
2025-06-23 08:14:15+07:00,26.70000,80.10000,58.90000,80.10000,0.47235,403.92816
2025-06-23 08:15:04+07:00,26.70000,80.00000,61.50000,86.50000,0.47527,404.08087
2025-06-23 08:15:54+07:00,26.70000,79.90000,62.20000,85.70000,0.46800,403.89661
2025-06-23 08:16:43+07:00,26.70000,79.90000,62.10000,86.50000,0.50521,403.95197
2025-06-23 08:17:32+07:00,26.70000,79.90000,61.60000,88.00000,0.50521,404.04022
2025-06-23 08:18:22+07:00,26.70000,79.90000,61.30000,83.90000,0.49306,403.96790
2025-06-23 08:19:11+07:00,26.50000,79.90000,62.10000,88.30000,0.49608,404.08905
2025-06-23 08:20:01+07:00,26.40000,80.30000,56.80000,81.60000,0.45513,403.92026
2025-06-23 08:20:50+07:00,26.30000,80.20000,56.40000,79.20000,0.48856,403.88092
2025-06-23 08:21:39+07:00,26.30000,80.50000,56.50000,79.00000,0.49457,403.96790
2025-06-23 08:22:29+07:00,26.30000,80.30000,55.70000,78.50000,0.47381,403.93607
2025-06-23 08:23:18+07:00,26.30000,80.10000,53.80000,72.50000,0.47820,403.92026
2025-06-23 08:24:08+07:00,26.30000,79.60000,55.70000,73.10000,0.49006,403.84967
2025-06-23 08:24:57+07:00,26.20000,79.90000,55.10000,75.40000,0.46082,403.82635
2025-06-23 08:25:47+07:00,26.30000,79.80000,54.40000,75.10000,0.47381,403.82635
2025-06-23 08:26:36+07:00,26.30000,79.90000,51.90000,74.70000,0.47527,403.82635
2025-06-23 08:27:25+07:00,26.20000,80.20000,51.50000,70.60000,0.50215,403.78778
2025-06-23 08:28:15+07:00,26.20000,80.20000,48.30000,64.20000,0.48410,403.89661
2025-06-23 08:29:04+07:00,26.10000,80.20000,49.00000,67.00000,0.46800,403.77243
2025-06-23 08:29:55+07:00,26.00000,80.20000,48.60000,63.90000,0.47673,403.59952
2025-06-23 08:30:44+07:00,26.10000,80.10000,48.00000,63.00000,0.45939,403.74188
2025-06-23 08:31:34+07:00,26.10000,79.90000,48.30000,66.20000,0.44671,403.74188
2025-06-23 08:32:23+07:00,26.00000,80.10000,46.30000,61.40000,0.45091,403.63657
2025-06-23 08:33:13+07:00,26.00000,79.90000,45.40000,58.20000,0.45513,403.56277
2025-06-23 08:34:02+07:00,26.10000,80.10000,46.60000,61.70000,0.44116,403.54819
2025-06-23 08:34:51+07:00,26.20000,79.80000,44.20000,60.70000,0.43294,403.62170
2025-06-23 08:35:41+07:00,26.20000,79.30000,44.50000,60.00000,0.41685,403.62912
2025-06-23 08:36:30+07:00,26.30000,79.50000,46.10000,58.50000,0.40767,403.48303
2025-06-23 08:37:20+07:00,26.40000,79.30000,48.10000,63.30000,0.47089,403.61429
2025-06-23 08:38:10+07:00,26.30000,79.50000,44.10000,57.40000,0.44532,403.58478
2025-06-23 08:39:00+07:00,26.30000,79.40000,42.70000,55.70000,0.43022,403.57745
2025-06-23 08:39:49+07:00,26.20000,78.90000,44.10000,56.30000,0.43841,403.51187
2025-06-23 08:40:39+07:00,26.20000,78.70000,42.40000,56.30000,0.44811,403.58478
2025-06-23 08:41:28+07:00,26.20000,78.70000,43.40000,64.30000,0.44254,403.57745
2025-06-23 08:42:20+07:00,26.30000,78.80000,41.50000,52.90000,0.43567,403.49023
2025-06-23 08:44:05+07:00,26.40000,78.60000,40.00000,49.40000,0.45231,403.64401
2025-06-23 08:44:54+07:00,26.40000,78.70000,39.80000,50.70000,0.44811,403.51187
2025-06-23 08:45:46+07:00,26.50000,78.80000,40.50000,51.20000,0.40379,403.25232
2025-06-23 08:46:36+07:00,26.60000,78.10000,38.10000,46.80000,0.44116,403.44012
2025-06-23 08:47:29+07:00,26.60000,77.50000,38.20000,47.30000,0.40250,403.49023
2025-06-23 08:48:18+07:00,26.60000,77.00000,37.00000,45.50000,0.41950,403.49023
2025-06-23 08:49:08+07:00,26.60000,76.70000,39.20000,49.50000,0.42752,403.34171
2025-06-23 08:49:58+07:00,26.60000,76.80000,37.60000,46.20000,0.42618,403.41885
2025-06-23 08:50:47+07:00,26.50000,76.60000,36.70000,45.50000,0.40897,403.46152
2025-06-23 08:51:37+07:00,26.50000,76.90000,38.40000,48.70000,0.41817,403.42593
2025-06-23 08:52:27+07:00,26.50000,77.20000,38.80000,49.00000,0.37617,403.31400
2025-06-23 08:53:16+07:00,26.50000,77.00000,39.00000,48.90000,0.39611,403.41177
2025-06-23 08:54:05+07:00,26.60000,77.50000,38.90000,48.30000,0.42752,403.44727
2025-06-23 08:54:55+07:00,26.60000,76.90000,39.30000,49.10000,0.40897,403.35562
2025-06-23 08:55:44+07:00,26.60000,76.60000,38.80000,49.10000,0.40379,403.41177
2025-06-23 08:56:34+07:00,26.60000,76.80000,37.20000,48.20000,0.41950,403.43304
2025-06-23 08:57:23+07:00,26.60000,77.00000,36.70000,46.50000,0.41817,403.38361
2025-06-23 08:58:12+07:00,26.60000,76.70000,36.40000,44.30000,0.40897,403.36960
2025-06-23 08:59:02+07:00,26.60000,77.00000,36.60000,44.70000,0.41817,403.43304
2025-06-23 08:59:51+07:00,26.50000,77.00000,39.40000,48.20000,0.41290,403.41885
2025-06-23 09:00:41+07:00,26.60000,77.10000,39.40000,49.20000,0.40508,403.37659
2025-06-23 09:01:30+07:00,26.60000,76.80000,38.60000,50.00000,0.40508,403.43304
2025-06-23 09:02:19+07:00,26.60000,76.90000,38.40000,47.70000,0.41685,403.45438
2025-06-23 09:03:09+07:00,26.70000,77.10000,38.20000,46.50000,0.41028,403.29333
2025-06-23 09:03:59+07:00,26.70000,77.10000,37.80000,46.50000,0.41950,403.35562
2025-06-23 09:04:52+07:00,26.80000,76.60000,38.50000,50.40000,0.39231,403.41885
2025-06-23 09:05:42+07:00,26.80000,76.40000,39.70000,49.50000,0.41553,403.39062
2025-06-23 09:06:31+07:00,26.80000,76.60000,38.30000,54.10000,0.41159,403.43304
2025-06-23 09:07:21+07:00,26.90000,76.30000,38.10000,45.30000,0.39994,403.42593
2025-06-23 09:08:10+07:00,27.00000,75.80000,37.10000,44.70000,0.39866,403.35562
2025-06-23 09:08:59+07:00,27.00000,75.60000,36.00000,44.80000,0.41553,403.33475
2025-06-23 09:09:49+07:00,27.00000,75.50000,39.60000,51.10000,0.39738,403.30020
2025-06-23 09:10:38+07:00,27.00000,76.10000,38.80000,51.30000,0.38854,403.30710
2025-06-23 09:11:27+07:00,27.00000,75.90000,40.80000,52.60000,0.40508,403.38361
2025-06-23 09:12:17+07:00,26.90000,75.20000,42.30000,54.60000,0.40508,403.46152
2025-06-23 09:13:06+07:00,26.90000,75.90000,43.00000,55.20000,0.44116,403.51910
2025-06-23 09:13:56+07:00,27.00000,75.20000,41.00000,50.90000,0.40767,403.52637
2025-06-23 09:14:45+07:00,27.00000,76.30000,41.00000,50.20000,0.43022,403.57010
2025-06-23 09:15:35+07:00,27.10000,76.40000,40.00000,49.80000,0.41421,403.66641
2025-06-23 09:16:24+07:00,27.30000,75.20000,40.40000,49.10000,0.40897,403.63657
2025-06-23 09:17:13+07:00,27.30000,74.80000,40.40000,53.20000,0.47235,403.60690
2025-06-23 09:18:03+07:00,27.20000,74.30000,40.90000,50.50000,0.41685,403.56277
2025-06-23 09:18:52+07:00,27.10000,74.70000,40.80000,49.70000,0.39994,403.61429
2025-06-23 09:19:42+07:00,27.00000,75.40000,40.10000,49.90000,0.41421,403.54819
2025-06-23 09:20:31+07:00,26.90000,75.30000,42.10000,51.90000,0.42083,403.51910
2025-06-23 09:21:20+07:00,26.90000,75.30000,42.60000,54.80000,0.41421,403.57010
2025-06-23 09:22:10+07:00,26.90000,75.70000,45.00000,57.00000,0.46368,403.52637
2025-06-23 09:23:00+07:00,26.90000,75.60000,46.90000,57.90000,0.42752,403.50464
2025-06-23 09:23:49+07:00,26.90000,76.10000,44.80000,58.80000,0.40897,403.54089
2025-06-23 09:24:39+07:00,26.80000,76.10000,44.60000,59.00000,0.41817,403.41885
2025-06-23 09:25:28+07:00,26.90000,76.40000,44.80000,54.70000,0.40897,403.49023
2025-06-23 09:26:17+07:00,26.90000,76.00000,45.40000,58.10000,0.40767,403.54089
2025-06-23 09:27:08+07:00,26.80000,75.90000,44.50000,55.00000,0.43022,403.60690
2025-06-23 09:27:57+07:00,26.80000,76.00000,46.30000,60.30000,0.39611,403.59213
2025-06-23 09:28:47+07:00,26.90000,76.00000,45.50000,60.20000,0.40638,403.52637
2025-06-23 09:29:38+07:00,26.90000,75.80000,46.00000,63.10000,0.41421,403.54819
2025-06-23 09:30:27+07:00,27.00000,75.80000,45.60000,59.60000,0.44811,403.67389
2025-06-23 09:31:17+07:00,26.90000,76.40000,45.00000,58.70000,0.40638,403.73428
2025-06-23 09:32:09+07:00,27.00000,76.10000,45.40000,58.40000,0.42887,403.65146
2025-06-23 09:33:02+07:00,27.10000,76.00000,43.70000,54.20000,0.40767,403.62170
2025-06-23 09:33:53+07:00,27.10000,75.60000,42.30000,53.80000,0.42216,403.73428
2025-06-23 09:34:43+07:00,27.10000,75.20000,44.30000,55.00000,0.42752,403.68890
2025-06-23 09:36:25+07:00,27.20000,74.80000,41.30000,52.30000,0.46082,403.52637
2025-06-23 09:37:14+07:00,27.20000,74.80000,40.90000,52.60000,0.41028,403.64401
2025-06-23 09:38:04+07:00,27.20000,74.30000,38.80000,48.70000,0.40122,403.60690
2025-06-23 09:38:55+07:00,27.30000,74.30000,41.20000,51.80000,0.41421,403.54089
2025-06-23 09:39:44+07:00,27.30000,74.30000,40.20000,51.30000,0.39357,403.78778
2025-06-23 09:40:33+07:00,27.30000,74.20000,35.40000,43.80000,0.42083,403.34866
2025-06-23 09:41:24+07:00,27.30000,73.30000,38.00000,44.80000,0.40379,403.49744
2025-06-23 09:42:13+07:00,27.20000,73.70000,38.90000,49.10000,0.41421,403.45438
2025-06-23 09:43:03+07:00,27.30000,73.30000,39.50000,47.20000,0.41950,403.49023
2025-06-23 09:43:52+07:00,27.30000,74.00000,39.30000,48.50000,0.41950,403.46869
2025-06-23 09:44:42+07:00,27.40000,73.60000,39.00000,45.80000,0.42350,403.54089
2025-06-23 09:45:31+07:00,27.40000,73.50000,39.10000,49.10000,0.40897,403.59213
2025-06-23 09:46:20+07:00,27.50000,72.90000,39.80000,49.20000,0.41290,403.66641
2025-06-23 09:47:10+07:00,27.60000,73.40000,38.60000,48.00000,0.43567,403.66641
2025-06-23 09:47:59+07:00,27.80000,72.90000,37.90000,47.10000,0.41421,403.65894
2025-06-23 09:48:49+07:00,28.00000,73.20000,34.10000,41.60000,0.43430,403.78009
2025-06-23 09:49:38+07:00,28.10000,71.90000,33.20000,39.60000,0.43841,403.85745
2025-06-23 09:50:27+07:00,28.20000,70.80000,34.60000,39.80000,0.41553,403.64401
2025-06-23 09:51:17+07:00,28.20000,70.90000,29.50000,33.10000,0.42350,403.62170
2025-06-23 09:52:06+07:00,28.20000,70.20000,30.00000,33.90000,0.45797,403.65146
2025-06-23 09:52:55+07:00,28.30000,69.90000,35.10000,45.10000,0.43704,403.53363
2025-06-23 09:53:55+07:00,28.30000,70.50000,36.80000,43.90000,0.42752,403.52637
2025-06-23 09:54:46+07:00,28.10000,71.10000,33.50000,41.00000,0.43158,403.49744
2025-06-23 09:55:36+07:00,28.20000,70.50000,34.20000,40.70000,0.42350,403.50464
2025-06-23 09:56:29+07:00,28.20000,70.60000,36.30000,43.00000,0.39231,403.49744
2025-06-23 09:57:25+07:00,28.30000,70.80000,33.60000,41.10000,0.45231,403.56277
2025-06-23 09:58:16+07:00,28.30000,70.30000,29.20000,34.10000,0.42887,403.57745
2025-06-23 09:59:06+07:00,28.30000,69.50000,27.90000,32.20000,0.41817,403.54089
2025-06-23 09:59:56+07:00,28.30000,69.10000,27.20000,30.50000,0.42752,403.62170
2025-06-23 10:00:45+07:00,28.30000,68.50000,27.50000,31.60000,0.43704,403.51187
2025-06-23 10:01:35+07:00,28.30000,68.60000,28.60000,33.00000,0.40508,403.41177
2025-06-23 10:02:26+07:00,28.20000,68.30000,28.30000,32.40000,0.41553,403.36261
2025-06-23 10:03:18+07:00,28.20000,68.50000,28.60000,33.60000,0.41028,403.51187
2025-06-23 10:04:07+07:00,28.20000,68.70000,28.30000,32.60000,0.40897,403.34866
2025-06-23 10:04:57+07:00,28.20000,68.40000,33.10000,38.60000,0.41421,403.34866
2025-06-23 10:05:50+07:00,28.20000,70.20000,27.40000,32.40000,0.38108,403.48303
2025-06-23 10:06:39+07:00,28.30000,68.20000,28.70000,36.50000,0.39357,403.51187
2025-06-23 10:07:36+07:00,28.20000,68.50000,26.90000,32.50000,0.41553,403.17819
2025-06-23 10:08:25+07:00,28.10000,68.30000,27.90000,32.60000,0.41028,403.44012
2025-06-23 10:09:15+07:00,28.20000,67.80000,29.00000,33.50000,0.38729,403.41177
2025-06-23 10:10:04+07:00,28.30000,68.10000,29.20000,34.90000,0.42618,403.39767
2025-06-23 10:10:54+07:00,28.30000,68.90000,31.20000,39.30000,0.38729,403.33475
2025-06-23 10:11:43+07:00,28.40000,68.40000,30.50000,34.60000,0.41159,403.41177
2025-06-23 10:12:33+07:00,28.40000,69.30000,26.60000,32.10000,0.40508,403.40472
2025-06-23 10:13:22+07:00,28.40000,69.10000,26.00000,30.10000,0.40508,403.46152
2025-06-23 10:14:12+07:00,28.40000,68.20000,24.00000,28.30000,0.40379,403.45438
2025-06-23 10:15:01+07:00,28.30000,68.90000,23.20000,26.00000,0.43430,403.25232
2025-06-23 10:15:51+07:00,28.20000,68.20000,21.80000,24.60000,0.39611,403.25232
2025-06-23 10:16:40+07:00,28.20000,68.00000,21.50000,24.80000,0.40897,403.27960
2025-06-23 10:17:30+07:00,28.10000,69.00000,20.60000,23.30000,0.43158,403.36960
2025-06-23 10:18:19+07:00,28.10000,68.30000,21.60000,25.60000,0.38604,403.25232
2025-06-23 10:19:08+07:00,28.10000,67.80000,22.20000,24.80000,0.37985,403.17151
2025-06-23 10:19:58+07:00,28.10000,68.40000,22.10000,26.10000,0.38108,403.28647
2025-06-23 10:20:48+07:00,28.10000,68.70000,22.80000,26.00000,0.38480,403.24551
2025-06-23 10:21:37+07:00,28.10000,68.30000,22.10000,27.40000,0.39231,403.23196
2025-06-23 10:22:27+07:00,28.10000,68.70000,22.70000,25.50000,0.36411,403.25232
2025-06-23 10:23:16+07:00,28.10000,68.40000,23.90000,26.70000,0.36769,403.19156
2025-06-23 10:24:11+07:00,28.10000,68.20000,23.00000,26.40000,0.39484,403.15820
2025-06-23 10:25:00+07:00,28.10000,68.60000,21.80000,26.00000,0.38979,403.23196
2025-06-23 10:25:50+07:00,28.10000,68.00000,23.70000,26.60000,0.39611,403.15155
2025-06-23 10:26:39+07:00,28.10000,68.90000,26.50000,30.60000,0.39231,403.25232
2025-06-23 10:27:29+07:00,28.10000,68.90000,26.50000,29.70000,0.36173,403.22519
2025-06-23 10:28:18+07:00,28.20000,68.10000,23.20000,27.60000,0.34657,403.39062
2025-06-23 10:29:07+07:00,28.20000,67.40000,23.00000,28.00000,0.37373,403.32089
2025-06-23 10:29:57+07:00,28.00000,67.80000,25.20000,28.30000,0.37985,403.25232
2025-06-23 10:30:46+07:00,28.00000,69.40000,23.90000,27.20000,0.38604,403.28647
2025-06-23 10:31:36+07:00,28.10000,69.10000,25.60000,29.90000,0.41290,403.39062
2025-06-23 10:32:25+07:00,28.10000,70.50000,23.10000,25.90000,0.38979,403.30710
2025-06-23 10:33:14+07:00,28.10000,68.40000,23.10000,25.80000,0.37252,403.36960
2025-06-23 10:34:04+07:00,28.10000,68.30000,23.50000,26.20000,0.36769,403.41177
2025-06-23 10:34:53+07:00,28.10000,68.70000,24.50000,27.50000,0.33412,403.35562
2025-06-23 10:35:43+07:00,28.10000,68.90000,24.90000,28.00000,0.36530,403.23196
2025-06-23 10:36:33+07:00,28.10000,69.40000,27.70000,31.80000,0.37617,403.15820
2025-06-23 10:37:23+07:00,28.00000,69.40000,24.90000,28.40000,0.37739,403.36960
2025-06-23 10:38:12+07:00,28.00000,69.60000,25.40000,29.70000,0.37010,403.34171
2025-06-23 10:39:02+07:00,28.10000,69.80000,26.30000,29.90000,0.39231,403.30710
2025-06-23 10:39:51+07:00,28.10000,69.30000,27.50000,31.60000,0.39611,403.34866
2025-06-23 10:40:40+07:00,28.10000,68.70000,28.20000,32.40000,0.39105,403.33475
2025-06-23 10:41:30+07:00,28.00000,68.70000,29.30000,35.00000,0.39357,403.34866
2025-06-23 10:42:19+07:00,27.90000,70.50000,26.80000,31.60000,0.36530,403.30710
2025-06-23 10:43:09+07:00,28.00000,70.00000,27.30000,32.20000,0.38480,403.44012
2025-06-23 10:43:58+07:00,28.00000,69.40000,27.20000,31.20000,0.37862,403.39062
2025-06-23 10:44:47+07:00,28.00000,69.90000,25.20000,30.60000,0.39994,403.33475
2025-06-23 10:45:37+07:00,28.00000,69.30000,25.50000,32.40000,0.38232,403.41177
2025-06-23 10:46:26+07:00,28.00000,69.00000,26.70000,31.50000,0.35350,403.30020
2025-06-23 10:47:16+07:00,27.90000,70.10000,24.90000,30.40000,0.38232,403.24551
2025-06-23 10:48:09+07:00,27.90000,69.10000,25.80000,30.10000,0.39738,403.26593
2025-06-23 10:48:59+07:00,27.90000,69.20000,26.70000,31.10000,0.36890,403.30710
2025-06-23 10:49:48+07:00,27.80000,69.90000,27.60000,33.60000,0.36292,403.39062
2025-06-23 10:50:38+07:00,27.80000,69.70000,26.20000,30.70000,0.37252,403.36261
2025-06-23 10:51:27+07:00,27.90000,69.80000,26.50000,31.60000,0.37739,403.23196
2025-06-23 10:52:17+07:00,27.90000,70.00000,26.00000,31.80000,0.35819,403.30020
2025-06-23 10:53:06+07:00,27.80000,69.70000,26.30000,32.10000,0.38232,403.35562
2025-06-23 10:53:59+07:00,27.80000,70.40000,26.40000,30.90000,0.36411,403.30710
2025-06-23 10:54:49+07:00,27.90000,69.70000,24.80000,31.30000,0.39105,403.28647
2025-06-23 10:55:38+07:00,27.90000,69.40000,25.40000,31.30000,0.37252,403.26593
2025-06-23 10:56:28+07:00,27.90000,68.90000,26.00000,32.00000,0.39231,403.32089
2025-06-23 10:57:17+07:00,27.90000,69.10000,25.20000,29.90000,0.38979,403.30710
2025-06-23 10:58:06+07:00,27.80000,69.40000,26.40000,30.00000,0.37862,403.26593
2025-06-23 10:58:56+07:00,27.80000,69.60000,25.50000,30.80000,0.36890,403.13834
2025-06-23 10:59:45+07:00,27.80000,70.30000,27.30000,32.80000,0.38480,403.32782
2025-06-23 11:00:37+07:00,27.90000,70.60000,26.20000,31.60000,0.38108,403.27277
2025-06-23 11:01:27+07:00,27.90000,71.10000,27.20000,31.10000,0.36769,403.27277
2025-06-23 11:02:16+07:00,27.90000,70.60000,25.80000,30.50000,0.37010,403.35562
2025-06-23 11:03:05+07:00,28.00000,69.60000,25.30000,30.20000,0.36292,403.21170
2025-06-23 11:03:55+07:00,27.90000,69.60000,25.00000,30.10000,0.37373,403.21844
2025-06-23 11:04:43+07:00,27.80000,68.80000,24.40000,30.30000,0.36890,403.27960
2025-06-23 11:06:26+07:00,27.70000,69.50000,26.00000,30.90000,0.37862,403.23874
2025-06-23 11:07:16+07:00,27.70000,69.00000,25.90000,31.70000,0.36890,403.36960
2025-06-23 11:08:07+07:00,27.80000,68.90000,26.10000,32.60000,0.37739,403.18488
2025-06-23 11:08:57+07:00,27.80000,68.50000,30.20000,33.90000,0.38232,403.30020
2025-06-23 11:09:46+07:00,27.90000,69.00000,25.90000,30.30000,0.38232,403.23874
2025-06-23 11:10:36+07:00,27.80000,68.60000,26.40000,31.00000,0.37739,403.28647
2025-06-23 11:11:25+07:00,27.80000,68.70000,24.30000,29.50000,0.34428,403.21844
2025-06-23 11:48:45+07:00,28.80000,67.00000,25.10000,31.30000,0.39738,403.34171
2025-06-23 11:49:34+07:00,28.80000,66.60000,23.50000,27.60000,0.36173,403.29333
2025-06-23 11:51:15+07:00,28.50000,65.70000,24.00000,29.10000,0.38356,403.25912
2025-06-23 11:52:05+07:00,28.50000,66.00000,23.80000,28.20000,0.39105,403.30710
2025-06-23 11:52:54+07:00,28.60000,65.90000,23.80000,27.50000,0.39611,403.33475
2025-06-23 11:53:43+07:00,28.60000,66.30000,24.80000,28.00000,0.38356,403.17151
2025-06-23 11:54:33+07:00,28.60000,67.70000,24.80000,29.10000,0.39105,403.30710
2025-06-23 11:55:22+07:00,28.60000,66.20000,23.60000,27.20000,0.35467,403.36960
2025-06-23 11:56:12+07:00,28.70000,66.90000,23.50000,26.70000,0.36054,403.37659
2025-06-23 11:57:01+07:00,28.80000,67.80000,23.50000,27.20000,0.36173,403.36960
2025-06-23 11:57:51+07:00,28.80000,66.70000,24.90000,31.40000,0.36530,403.41177
2025-06-23 11:58:40+07:00,28.80000,65.80000,23.60000,26.40000,0.39866,403.30710
2025-06-23 11:59:29+07:00,28.80000,66.40000,25.70000,32.60000,0.38232,403.25232
2025-06-23 12:00:19+07:00,28.80000,66.60000,23.30000,26.60000,0.36411,403.23874
2025-06-23 12:01:08+07:00,28.80000,66.40000,23.90000,28.20000,0.38108,403.39767
2025-06-23 12:01:58+07:00,28.80000,67.10000,23.40000,27.40000,0.40379,403.36960
2025-06-23 12:02:47+07:00,28.80000,67.00000,23.90000,27.70000,0.39738,403.34866
2025-06-23 12:03:36+07:00,28.80000,67.00000,23.80000,28.50000,0.39484,403.42593
2025-06-23 12:04:26+07:00,28.80000,67.10000,25.00000,28.30000,0.37373,403.40472
2025-06-23 12:05:15+07:00,28.80000,67.30000,24.80000,27.80000,0.37617,403.40472
2025-06-23 12:06:05+07:00,28.80000,68.10000,25.10000,29.40000,0.39105,403.36960
2025-06-23 12:06:54+07:00,28.70000,67.70000,24.30000,29.30000,0.38480,403.36960
2025-06-23 12:07:48+07:00,28.70000,67.20000,24.90000,29.40000,0.37985,403.37659
2025-06-23 12:08:37+07:00,28.60000,67.50000,23.50000,26.40000,0.37617,403.36261
2025-06-23 12:09:27+07:00,28.70000,67.40000,21.40000,25.00000,0.38854,403.41177
2025-06-23 12:10:16+07:00,28.60000,66.90000,22.60000,25.40000,0.37617,403.20499
2025-06-23 12:11:06+07:00,28.60000,67.00000,23.10000,26.00000,0.36890,403.30710
2025-06-23 12:11:55+07:00,28.60000,67.60000,24.40000,27.30000,0.36649,403.30020
2025-06-23 12:12:45+07:00,28.70000,68.30000,23.40000,28.10000,0.38232,403.30020
2025-06-23 12:13:34+07:00,28.70000,67.90000,22.30000,26.60000,0.38979,403.38361
2025-06-23 12:14:24+07:00,28.70000,66.40000,23.00000,27.90000,0.36173,403.15820
2025-06-23 12:15:13+07:00,28.80000,66.50000,22.20000,26.50000,0.35350,403.35562
2025-06-23 12:16:02+07:00,28.80000,67.10000,23.30000,26.10000,0.38108,403.15155
2025-06-23 12:16:52+07:00,28.90000,67.40000,23.20000,28.20000,0.39738,403.22519
2025-06-23 12:17:41+07:00,29.00000,66.90000,22.30000,25.60000,0.41817,403.17151
2025-06-23 12:18:31+07:00,28.90000,67.40000,21.60000,27.20000,0.38480,403.27960
2025-06-23 12:19:20+07:00,29.00000,66.70000,20.90000,27.20000,0.41290,403.33475
2025-06-23 12:20:10+07:00,29.00000,66.40000,21.00000,24.30000,0.35701,403.38361
2025-06-23 12:20:59+07:00,29.00000,67.30000,21.40000,27.30000,0.34542,403.18488
2025-06-23 12:21:48+07:00,29.10000,67.50000,21.60000,26.20000,0.37495,403.19827
2025-06-23 12:22:38+07:00,29.20000,67.40000,20.10000,24.60000,0.35467,403.19827
2025-06-23 12:23:27+07:00,29.20000,66.00000,20.80000,24.40000,0.37617,403.31400
2025-06-23 12:24:16+07:00,29.20000,66.50000,19.20000,22.10000,0.37252,403.26593
2025-06-23 12:25:06+07:00,29.10000,65.00000,19.20000,22.10000,0.37252,403.15820
2025-06-23 12:25:56+07:00,29.00000,65.30000,19.70000,22.50000,0.37862,403.12512
2025-06-23 12:26:45+07:00,29.00000,66.10000,19.90000,24.10000,0.34200,403.04684
2025-06-23 12:27:35+07:00,29.10000,66.00000,21.00000,24.20000,0.36530,403.19156
2025-06-23 12:28:24+07:00,29.10000,66.20000,20.80000,23.80000,0.35936,403.13171
2025-06-23 12:29:14+07:00,29.20000,66.10000,19.80000,25.60000,0.35118,403.12512
2025-06-23 12:30:04+07:00,29.00000,65.90000,21.30000,27.70000,0.34200,403.25232
2025-06-23 12:30:54+07:00,29.00000,66.80000,20.40000,22.90000,0.30605,403.15155
2025-06-23 12:31:43+07:00,29.10000,66.80000,20.60000,23.60000,0.37373,403.07928
2025-06-23 12:32:32+07:00,29.10000,66.70000,19.70000,22.70000,0.35819,403.17819
2025-06-23 12:33:22+07:00,29.10000,67.00000,19.70000,22.00000,0.37617,403.30710
2025-06-23 12:34:12+07:00,29.10000,66.50000,18.70000,21.10000,0.34771,403.17819
2025-06-23 12:35:01+07:00,29.10000,66.30000,19.00000,22.20000,0.38356,403.32782
2025-06-23 12:35:51+07:00,29.00000,65.80000,17.90000,20.00000,0.34314,403.06628
2025-06-23 12:36:40+07:00,29.00000,65.60000,19.90000,23.20000,0.35936,403.05978
2025-06-23 12:37:29+07:00,29.10000,66.20000,20.60000,24.80000,0.36890,403.26593
2025-06-23 12:38:19+07:00,29.30000,66.30000,20.30000,23.50000,0.37985,403.25912
2025-06-23 12:39:08+07:00,29.30000,66.00000,19.70000,22.60000,0.37495,403.19827
2025-06-23 12:39:58+07:00,29.30000,65.40000,18.60000,20.80000,0.31663,403.13171
2025-06-23 12:40:47+07:00,29.30000,65.30000,19.80000,24.80000,0.35584,403.21170
2025-06-23 12:41:37+07:00,29.20000,65.50000,20.30000,24.40000,0.38480,403.09885
2025-06-23 12:42:26+07:00,29.30000,66.00000,20.40000,23.50000,0.33636,403.05978
2025-06-23 12:43:15+07:00,29.30000,66.60000,20.90000,24.30000,0.35002,403.27277
2025-06-23 12:44:05+07:00,29.40000,67.10000,20.10000,22.70000,0.37495,403.21170
2025-06-23 12:44:54+07:00,29.40000,67.10000,20.20000,24.00000,0.36173,403.27277
2025-06-23 12:45:47+07:00,29.40000,66.40000,20.30000,23.00000,0.37252,403.11853
2025-06-23 12:46:36+07:00,29.30000,66.50000,19.70000,22.10000,0.37862,403.27277
2025-06-23 12:47:26+07:00,29.30000,66.40000,19.10000,23.20000,0.34428,403.16486
2025-06-23 12:48:15+07:00,29.30000,66.50000,18.60000,21.50000,0.34200,403.36960
2025-06-23 12:49:04+07:00,29.30000,65.40000,19.20000,21.30000,0.37617,403.19827
2025-06-23 12:49:54+07:00,29.20000,65.60000,18.80000,23.10000,0.37131,403.19156
2025-06-23 12:50:43+07:00,29.20000,65.10000,18.20000,20.60000,0.34200,403.16486
2025-06-23 12:51:36+07:00,29.20000,65.80000,19.50000,21.90000,0.37985,403.12512
2025-06-23 12:52:25+07:00,29.20000,65.00000,19.00000,23.20000,0.34771,403.10541
2025-06-23 12:53:15+07:00,29.10000,65.10000,17.50000,19.90000,0.35701,403.17151
2025-06-23 12:54:08+07:00,29.10000,65.50000,19.00000,21.30000,0.36649,403.15155
2025-06-23 12:54:57+07:00,29.20000,65.90000,18.30000,20.50000,0.36292,403.14493
2025-06-23 12:55:47+07:00,29.30000,65.70000,15.90000,17.90000,0.34314,403.06628
2025-06-23 12:56:36+07:00,29.30000,63.80000,15.60000,17.40000,0.36890,403.13834
2025-06-23 12:57:25+07:00,29.40000,64.30000,15.90000,18.20000,0.36292,403.25232
2025-06-23 12:58:15+07:00,29.30000,63.60000,16.60000,18.60000,0.36890,402.98920
2025-06-23 12:59:05+07:00,29.30000,64.00000,15.70000,17.60000,0.34771,403.09232
2025-06-23 12:59:55+07:00,29.20000,64.20000,16.30000,18.20000,0.35819,403.13834
2025-06-23 13:00:44+07:00,29.20000,64.70000,15.90000,17.80000,0.36054,403.02753
2025-06-23 13:01:37+07:00,29.30000,64.60000,16.00000,19.00000,0.35234,403.19156
2025-06-23 13:02:26+07:00,29.30000,63.90000,15.60000,18.80000,0.30087,403.12512
2025-06-23 13:03:16+07:00,29.30000,63.20000,15.90000,17.70000,0.36530,403.11197
2025-06-23 13:04:05+07:00,29.30000,63.80000,14.70000,16.60000,0.37373,403.05331
2025-06-23 13:04:54+07:00,29.30000,63.80000,16.20000,20.20000,0.32310,403.39062
2025-06-23 13:05:44+07:00,29.40000,64.20000,16.00000,17.90000,0.37985,403.13171
2025-06-23 13:06:38+07:00,29.30000,63.50000,15.20000,17.00000,0.34086,403.09885
2025-06-23 13:07:27+07:00,29.30000,63.20000,15.40000,17.20000,0.32310,402.94495
2025-06-23 13:08:17+07:00,29.30000,63.30000,14.70000,16.50000,0.35002,403.04684
2025-06-23 13:09:06+07:00,29.20000,63.30000,15.10000,18.10000,0.35819,403.11853
2025-06-23 13:09:55+07:00,29.20000,62.90000,14.90000,16.70000,0.36769,403.17151
2025-06-23 13:10:47+07:00,29.20000,62.40000,13.80000,15.50000,0.34657,403.13171
2025-06-23 13:11:36+07:00,29.10000,61.80000,15.40000,18.80000,0.34657,403.05331
2025-06-23 13:12:26+07:00,29.10000,63.60000,13.50000,16.20000,0.34428,403.19156
2025-06-23 13:13:15+07:00,29.10000,62.40000,14.60000,16.30000,0.35350,403.19156
2025-06-23 13:14:09+07:00,29.10000,62.30000,13.90000,15.50000,0.33189,403.15155
2025-06-23 13:14:58+07:00,29.00000,62.50000,14.70000,16.40000,0.34200,403.13171
2025-06-23 13:15:47+07:00,29.00000,62.70000,14.70000,17.00000,0.34771,403.19827
2025-06-23 13:16:37+07:00,29.00000,61.30000,14.40000,17.50000,0.35701,403.09232
2025-06-23 13:17:26+07:00,28.90000,60.70000,15.10000,17.50000,0.34887,403.17819
2025-06-23 13:18:16+07:00,28.80000,61.00000,14.50000,16.20000,0.31449,403.19156
2025-06-23 13:19:05+07:00,28.80000,62.00000,15.20000,17.60000,0.29170,403.11853
2025-06-23 13:19:54+07:00,28.80000,61.10000,15.40000,17.50000,0.35584,403.17151
2025-06-23 13:20:44+07:00,28.80000,61.60000,15.70000,19.00000,0.32093,403.19827
2025-06-23 13:21:33+07:00,28.70000,61.80000,16.60000,18.50000,0.33412,403.16486
2025-06-23 13:23:14+07:00,28.80000,62.80000,16.80000,20.30000,0.33189,403.15820
2025-06-23 13:24:06+07:00,28.80000,63.00000,16.60000,18.60000,0.34542,403.13171
2025-06-23 13:24:55+07:00,28.70000,62.50000,15.20000,17.90000,0.33860,403.07278
2025-06-23 13:25:44+07:00,28.70000,62.40000,15.70000,17.90000,0.32857,403.13171
2025-06-23 13:26:34+07:00,28.70000,62.90000,15.50000,17.40000,0.34657,403.16486
2025-06-23 13:27:24+07:00,28.70000,62.10000,16.20000,18.80000,0.33412,403.06628
2025-06-23 13:28:13+07:00,28.70000,62.40000,15.50000,17.80000,0.34657,403.20499
2025-06-23 13:29:02+07:00,28.70000,61.90000,16.70000,19.80000,0.35819,402.98920
2025-06-23 13:29:53+07:00,28.70000,62.30000,15.80000,20.00000,0.35467,403.15155
2025-06-23 13:30:42+07:00,28.70000,61.00000,15.20000,16.90000,0.34086,403.09885
2025-06-23 13:31:32+07:00,28.70000,61.10000,14.20000,17.00000,0.33636,403.08578
2025-06-23 13:32:21+07:00,28.70000,61.50000,14.30000,16.80000,0.31877,403.07928
2025-06-23 13:33:11+07:00,28.70000,60.90000,14.60000,16.30000,0.35584,402.90744
2025-06-23 13:34:08+07:00,28.80000,61.20000,15.00000,18.10000,0.34771,403.16486
2025-06-23 13:35:04+07:00,28.90000,60.30000,14.40000,16.10000,0.35701,403.10541
2025-06-23 13:35:56+07:00,28.90000,60.20000,12.70000,15.90000,0.32528,403.13834
2025-06-23 13:36:48+07:00,29.00000,58.90000,13.30000,14.90000,0.34200,403.03397
2025-06-23 13:37:41+07:00,29.00000,59.10000,13.50000,15.10000,0.32968,403.16486
2025-06-23 13:38:30+07:00,29.00000,60.50000,14.20000,16.90000,0.31770,403.00833
2025-06-23 13:39:20+07:00,29.10000,59.20000,13.40000,16.10000,0.33748,403.11197
2025-06-23 13:40:09+07:00,29.10000,58.80000,13.30000,14.90000,0.33524,403.08578
2025-06-23 13:40:59+07:00,29.10000,58.60000,13.20000,14.70000,0.34887,402.99554
2025-06-23 13:41:49+07:00,29.10000,58.90000,14.50000,17.10000,0.33189,403.09885
2025-06-23 13:42:38+07:00,29.10000,58.80000,13.10000,15.80000,0.32638,402.97650
2025-06-23 13:43:28+07:00,29.10000,58.10000,13.80000,15.40000,0.34428,403.14493
2025-06-23 13:44:17+07:00,29.00000,58.30000,14.40000,16.10000,0.35936,403.10541
2025-06-23 13:45:10+07:00,29.00000,58.50000,14.20000,15.90000,0.33300,403.03397
2025-06-23 13:46:03+07:00,29.10000,58.30000,13.80000,15.70000,0.36173,403.16486
2025-06-23 13:46:53+07:00,29.10000,58.90000,13.20000,14.80000,0.35936,403.19156
2025-06-23 13:47:42+07:00,29.10000,57.60000,13.50000,15.90000,0.36890,403.11197
2025-06-23 13:48:32+07:00,29.00000,58.00000,13.30000,15.00000,0.34887,402.80319
2025-06-23 13:49:21+07:00,29.10000,58.80000,14.00000,15.60000,0.33189,403.16486
2025-06-23 13:50:11+07:00,29.10000,57.90000,13.70000,15.30000,0.32202,403.06628
2025-06-23 13:51:01+07:00,29.10000,58.00000,14.50000,16.20000,0.34542,403.00192
2025-06-23 13:51:54+07:00,29.10000,58.90000,14.60000,17.20000,0.34657,403.03397
2025-06-23 13:52:44+07:00,29.20000,59.70000,13.90000,15.50000,0.36054,403.07278
2025-06-23 13:53:36+07:00,29.20000,58.20000,13.20000,15.70000,0.34086,403.13834
2025-06-23 13:55:18+07:00,29.20000,57.40000,13.00000,14.50000,0.34200,403.23874
2025-06-23 13:56:08+07:00,29.20000,57.60000,14.00000,16.40000,0.35234,403.19827
2025-06-23 13:56:57+07:00,29.10000,58.40000,13.80000,15.60000,0.36292,403.05331
2025-06-23 13:57:47+07:00,29.20000,58.90000,14.40000,18.00000,0.32310,403.07278
2025-06-23 13:58:36+07:00,29.10000,58.10000,13.00000,14.60000,0.30710,403.09885
2025-06-23 13:59:26+07:00,29.10000,57.50000,13.00000,14.60000,0.33189,402.98285
2025-06-23 14:00:15+07:00,29.00000,57.30000,13.70000,15.40000,0.35002,403.11197
2025-06-23 14:01:05+07:00,29.10000,58.00000,14.20000,15.90000,0.34200,403.12512
2025-06-23 14:01:54+07:00,29.20000,58.30000,13.30000,14.80000,0.34314,403.11197
2025-06-23 14:02:44+07:00,29.20000,56.90000,12.00000,14.40000,0.34200,403.13834
2025-06-23 14:03:33+07:00,29.20000,57.10000,13.50000,15.10000,0.32310,403.35562
2025-06-23 14:04:23+07:00,29.20000,56.80000,13.50000,15.90000,0.31556,402.97015
2025-06-23 14:05:12+07:00,29.20000,56.90000,12.60000,15.50000,0.32747,403.05978
2025-06-23 14:06:03+07:00,29.20000,56.40000,12.20000,14.60000,0.34200,403.00192
2025-06-23 14:06:53+07:00,29.20000,54.50000,11.60000,14.10000,0.31770,402.99554
2025-06-23 14:07:42+07:00,29.20000,54.50000,11.20000,13.00000,0.34771,403.11197
2025-06-23 14:08:31+07:00,29.20000,53.80000,11.40000,13.00000,0.33189,403.08578
2025-06-23 14:09:21+07:00,29.20000,54.00000,11.90000,13.50000,0.34428,403.02753
2025-06-23 14:10:10+07:00,29.30000,54.60000,12.00000,14.30000,0.33748,403.04041
2025-06-23 14:11:00+07:00,29.30000,55.40000,11.50000,13.90000,0.35467,403.21844
2025-06-23 14:11:50+07:00,29.30000,55.10000,10.80000,12.90000,0.34428,403.11853
2025-06-23 14:12:39+07:00,29.20000,54.20000,11.40000,14.60000,0.31985,403.16486
2025-06-23 14:13:29+07:00,29.20000,55.60000,11.00000,12.60000,0.34771,402.97015
2025-06-23 14:14:18+07:00,29.20000,55.10000,11.30000,14.20000,0.32638,403.11853
2025-06-23 14:15:07+07:00,29.10000,54.80000,12.10000,14.00000,0.33860,402.90121
2025-06-23 14:15:57+07:00,29.10000,55.50000,12.00000,14.10000,0.29984,403.02112
2025-06-23 14:16:46+07:00,29.10000,55.60000,12.40000,13.90000,0.34314,402.98920
2025-06-23 14:17:36+07:00,29.10000,55.50000,11.90000,13.40000,0.35118,403.12512
2025-06-23 14:18:26+07:00,29.20000,55.10000,10.80000,12.40000,0.33078,403.05978
2025-06-23 14:19:15+07:00,29.10000,55.20000,12.10000,13.50000,0.33412,403.07928
2025-06-23 14:20:05+07:00,29.20000,56.10000,12.10000,15.00000,0.32093,403.11853
2025-06-23 14:20:54+07:00,29.20000,55.90000,12.60000,14.30000,0.30293,403.11197
2025-06-23 14:21:43+07:00,29.20000,55.20000,13.10000,14.90000,0.33524,402.97650
2025-06-23 14:22:33+07:00,29.20000,56.20000,13.00000,16.60000,0.34887,403.09885
2025-06-23 14:23:23+07:00,29.30000,56.70000,12.70000,14.20000,0.32093,403.02112
2025-06-23 14:24:12+07:00,29.20000,56.40000,12.50000,14.10000,0.36649,403.05331
2025-06-23 14:25:04+07:00,29.20000,56.30000,11.60000,15.20000,0.33189,402.94495
2025-06-23 14:25:54+07:00,29.20000,55.10000,11.90000,14.00000,0.34428,403.08578
2025-06-23 14:26:43+07:00,29.20000,55.90000,12.40000,14.10000,0.34657,403.07278
2025-06-23 14:27:33+07:00,29.20000,55.70000,12.10000,15.50000,0.34200,403.07928
2025-06-23 14:28:23+07:00,29.20000,55.30000,11.70000,14.20000,0.35701,402.98285
2025-06-23 14:29:13+07:00,29.20000,54.70000,12.90000,14.40000,0.31663,402.98285
2025-06-23 14:30:02+07:00,29.20000,55.40000,11.70000,13.50000,0.37010,402.93240
2025-06-23 14:30:52+07:00,29.10000,54.30000,10.50000,12.10000,0.33189,402.89502
2025-06-23 14:31:45+07:00,29.10000,54.30000,11.80000,13.60000,0.34314,403.11197
2025-06-23 14:32:38+07:00,29.00000,55.00000,11.00000,12.20000,0.34200,403.06628
2025-06-23 14:33:28+07:00,29.00000,54.50000,12.10000,14.70000,0.32857,403.00192
2025-06-23 14:34:18+07:00,29.00000,54.50000,12.30000,13.80000,0.31770,402.96384
2025-06-23 14:35:07+07:00,29.00000,55.10000,12.30000,13.90000,0.33189,403.01471
2025-06-23 14:35:56+07:00,29.10000,54.40000,11.60000,13.00000,0.31985,403.13834
2025-06-23 14:36:48+07:00,29.10000,54.90000,13.10000,15.00000,0.35002,402.93240
2025-06-23 14:37:38+07:00,29.00000,56.00000,12.70000,15.50000,0.32968,403.04684
2025-06-23 14:38:27+07:00,29.00000,55.10000,12.80000,16.90000,0.32747,403.13834
2025-06-23 14:39:17+07:00,29.00000,55.00000,13.60000,16.30000,0.36292,403.15820
2025-06-23 14:40:07+07:00,29.00000,56.10000,12.80000,15.60000,0.32419,403.00192
2025-06-23 14:40:56+07:00,29.10000,54.50000,12.80000,15.70000,0.32419,403.07278
2025-06-23 14:41:46+07:00,29.10000,54.90000,12.90000,14.50000,0.33300,403.15820
2025-06-23 14:42:35+07:00,29.10000,56.10000,13.10000,18.50000,0.35002,403.18488
2025-06-23 14:43:24+07:00,29.00000,56.40000,12.30000,18.30000,0.35118,403.00192
2025-06-23 14:44:14+07:00,29.00000,55.60000,12.80000,15.70000,0.34200,402.99554
2025-06-23 14:45:04+07:00,28.90000,55.60000,12.90000,15.60000,0.33973,403.14493
2025-06-23 14:45:54+07:00,28.90000,56.20000,13.40000,15.00000,0.33189,403.04041
2025-06-23 14:46:43+07:00,28.90000,56.60000,13.50000,16.60000,0.33973,403.06628
2025-06-23 14:47:32+07:00,28.90000,56.80000,13.60000,15.20000,0.30710,403.12512
2025-06-23 14:48:25+07:00,28.80000,58.00000,15.30000,17.10000,0.33524,403.15155
2025-06-23 14:49:15+07:00,28.90000,59.40000,14.20000,17.40000,0.31985,402.90121
2025-06-23 14:50:04+07:00,28.90000,58.70000,14.30000,17.30000,0.31770,402.98285
2025-06-23 14:50:54+07:00,28.90000,58.50000,15.30000,17.30000,0.35701,403.07278
2025-06-23 14:51:43+07:00,28.90000,58.70000,14.60000,16.30000,0.33412,403.33475
2025-06-23 14:52:33+07:00,28.90000,58.80000,14.20000,16.60000,0.30087,403.17819
2025-06-23 14:53:22+07:00,28.90000,59.10000,14.60000,16.80000,0.32419,402.95123
2025-06-23 14:54:12+07:00,28.90000,59.20000,15.30000,17.60000,0.33412,403.04041
2025-06-23 14:55:01+07:00,28.80000,60.20000,15.70000,19.80000,0.34086,403.13834
2025-06-23 14:55:51+07:00,28.90000,60.50000,16.20000,19.30000,0.33189,402.98285
2025-06-23 14:56:40+07:00,28.90000,60.30000,16.00000,18.80000,0.29070,402.99554
2025-06-23 14:57:30+07:00,28.80000,60.70000,16.20000,18.10000,0.33412,403.14493
2025-06-23 14:58:19+07:00,28.80000,60.60000,16.20000,18.30000,0.32968,403.15820
2025-06-23 14:59:08+07:00,28.80000,60.90000,15.40000,17.30000,0.33636,402.89502
2025-06-23 15:00:01+07:00,28.80000,60.50000,15.00000,19.00000,0.32857,403.01471
2025-06-23 15:00:51+07:00,28.80000,60.40000,16.60000,18.60000,0.30190,403.17819
2025-06-23 15:01:41+07:00,28.70000,60.40000,17.50000,20.30000,0.32093,403.08578
2025-06-23 15:02:30+07:00,28.70000,61.70000,16.50000,19.60000,0.33524,403.05978
2025-06-23 15:03:20+07:00,28.70000,60.90000,17.40000,21.60000,0.31556,403.05978
2025-06-23 15:04:09+07:00,28.70000,62.50000,17.00000,19.00000,0.34200,402.93240
2025-06-23 15:05:01+07:00,28.70000,61.20000,17.30000,20.80000,0.33748,403.20499
2025-06-23 15:05:50+07:00,28.70000,61.80000,17.80000,20.50000,0.32747,403.07928
2025-06-23 15:06:39+07:00,28.70000,62.00000,17.40000,19.70000,0.34428,403.06628
2025-06-23 15:07:29+07:00,28.70000,62.30000,18.00000,21.50000,0.33636,403.18488
2025-06-23 15:08:18+07:00,28.70000,62.70000,18.30000,22.40000,0.32419,403.15155
2025-06-23 15:09:08+07:00,28.70000,63.30000,18.30000,23.60000,0.32093,403.17151
2025-06-23 15:09:57+07:00,28.80000,63.80000,17.30000,21.00000,0.33524,403.03397
2025-06-23 15:10:47+07:00,28.80000,61.40000,17.10000,21.80000,0.33973,403.05978
2025-06-23 15:11:36+07:00,28.70000,62.20000,17.20000,19.80000,0.33078,403.21170
2025-06-23 15:12:26+07:00,28.70000,62.10000,17.10000,19.90000,0.36769,403.04684
2025-06-23 15:13:16+07:00,28.70000,62.10000,17.50000,20.30000,0.33189,403.12512
2025-06-23 15:14:05+07:00,28.70000,63.00000,17.50000,21.20000,0.31877,402.98285
2025-06-23 15:14:55+07:00,28.70000,62.10000,17.00000,21.60000,0.35350,403.17151
2025-06-23 15:15:44+07:00,28.70000,62.50000,17.30000,20.30000,0.34200,403.19827
2025-06-23 15:16:34+07:00,28.60000,61.90000,17.60000,20.80000,0.33189,403.18488
2025-06-23 15:17:23+07:00,28.60000,62.20000,17.30000,20.40000,0.34428,403.29333
2025-06-23 15:18:13+07:00,28.60000,62.40000,18.10000,21.00000,0.35701,403.09232
2025-06-23 15:19:02+07:00,28.50000,62.10000,17.40000,20.40000,0.31877,403.07278
2025-06-23 15:19:52+07:00,28.50000,62.80000,18.80000,22.10000,0.34086,403.24551
2025-06-23 15:20:41+07:00,28.60000,63.10000,18.00000,21.60000,0.33636,403.14493
2025-06-23 15:21:33+07:00,28.60000,62.90000,18.00000,26.60000,0.33860,403.13834
2025-06-23 15:22:23+07:00,28.60000,63.40000,19.00000,23.10000,0.33973,403.10541
2025-06-23 15:23:13+07:00,28.50000,63.00000,19.00000,21.30000,0.33748,403.17151
2025-06-23 15:24:03+07:00,28.40000,63.40000,18.70000,22.50000,0.34542,403.05978
2025-06-23 15:24:53+07:00,28.40000,64.20000,19.10000,21.70000,0.36173,403.19156
2025-06-23 15:25:42+07:00,28.40000,64.30000,19.30000,23.00000,0.31342,403.18488
2025-06-23 15:26:32+07:00,28.40000,64.60000,20.40000,23.10000,0.35936,403.10541
2025-06-23 15:27:21+07:00,28.40000,65.30000,20.30000,23.30000,0.31130,403.23874
2025-06-23 15:28:11+07:00,28.40000,65.60000,20.50000,25.30000,0.35002,403.21170
2025-06-23 15:29:01+07:00,28.30000,65.60000,21.50000,24.90000,0.33860,403.07278
2025-06-23 15:29:50+07:00,28.30000,66.40000,22.40000,27.40000,0.37985,403.17151
2025-06-23 15:30:39+07:00,28.30000,66.90000,22.20000,25.50000,0.31130,403.30020
2025-06-23 15:31:29+07:00,28.20000,67.40000,24.90000,29.70000,0.31985,403.32089
2025-06-23 15:32:18+07:00,28.30000,68.40000,21.90000,27.70000,0.33748,403.24551
2025-06-23 15:33:07+07:00,28.30000,66.90000,22.60000,26.50000,0.32202,403.24551
2025-06-23 15:34:01+07:00,28.30000,67.00000,21.80000,26.80000,0.34428,403.25912
2025-06-23 15:34:50+07:00,28.20000,67.20000,22.30000,27.70000,0.33636,403.17819
2025-06-23 15:35:40+07:00,28.30000,66.90000,20.90000,26.80000,0.32419,403.15820
2025-06-23 15:36:30+07:00,28.20000,67.10000,20.90000,25.90000,0.35118,403.20499
2025-06-23 15:37:21+07:00,28.20000,66.50000,21.30000,25.60000,0.35350,403.05978
2025-06-23 15:38:10+07:00,28.20000,66.60000,22.60000,29.20000,0.32857,403.16486
2025-06-23 15:39:00+07:00,28.20000,67.00000,22.00000,26.20000,0.32528,403.19156
2025-06-23 15:39:49+07:00,28.20000,67.70000,21.90000,27.90000,0.34200,403.30710
2025-06-23 15:40:42+07:00,28.30000,68.10000,22.50000,27.70000,0.33636,403.24551
2025-06-23 15:41:34+07:00,28.30000,66.80000,23.70000,30.30000,0.33860,403.14493
2025-06-23 15:42:29+07:00,28.30000,68.40000,23.40000,27.90000,0.35350,403.25232
2025-06-23 15:43:23+07:00,28.30000,67.70000,23.50000,28.10000,0.31770,403.06628
2025-06-23 15:44:13+07:00,28.20000,68.40000,22.80000,28.90000,0.34657,403.26593
2025-06-23 15:45:12+07:00,28.20000,68.70000,24.30000,29.60000,0.34771,403.25232
2025-06-23 15:46:03+07:00,28.20000,68.60000,22.70000,28.00000,0.33300,403.23874
2025-06-23 15:46:52+07:00,28.10000,68.30000,22.90000,28.70000,0.33078,403.29333
2025-06-23 15:47:41+07:00,28.10000,68.80000,22.00000,28.10000,0.36411,403.18488
2025-06-23 15:48:31+07:00,28.10000,68.30000,24.30000,29.90000,0.35936,403.25232
2025-06-23 15:49:20+07:00,28.10000,68.70000,23.40000,30.70000,0.30501,403.25912
2025-06-23 15:50:10+07:00,28.20000,68.80000,23.50000,28.40000,0.35701,403.23874
2025-06-23 15:51:00+07:00,28.10000,69.10000,23.90000,29.00000,0.35701,403.22519
2025-06-23 15:51:50+07:00,28.10000,69.20000,24.10000,31.40000,0.35936,403.21844
2025-06-23 15:52:43+07:00,28.10000,69.10000,24.60000,29.70000,0.38854,403.37659
2025-06-23 15:53:32+07:00,28.10000,69.20000,24.00000,29.70000,0.33860,403.25912
2025-06-23 15:54:21+07:00,28.10000,69.50000,23.40000,27.20000,0.30605,403.24551
2025-06-23 15:55:11+07:00,28.10000,69.20000,23.60000,28.30000,0.35936,403.27277
2025-06-23 15:56:01+07:00,28.20000,69.00000,23.90000,27.90000,0.36530,403.21170
2025-06-23 15:56:50+07:00,28.20000,69.50000,24.50000,30.90000,0.36173,403.20499
2025-06-23 15:57:39+07:00,28.20000,69.50000,26.00000,32.10000,0.35584,403.18488
2025-06-23 15:58:29+07:00,28.30000,69.50000,26.00000,31.10000,0.33973,403.24551
2025-06-23 15:59:19+07:00,28.30000,69.80000,24.40000,28.70000,0.35350,403.21844
2025-06-23 16:00:08+07:00,28.30000,69.50000,26.00000,35.10000,0.33973,403.17819
2025-06-23 16:00:58+07:00,28.30000,69.80000,25.20000,31.80000,0.31877,403.18488
2025-06-23 16:01:47+07:00,28.30000,69.70000,25.20000,31.00000,0.34086,403.23196
2025-06-23 16:02:36+07:00,28.30000,69.60000,25.80000,30.90000,0.35118,403.26593
2025-06-23 16:03:29+07:00,28.30000,69.90000,26.10000,31.40000,0.35350,403.21844
2025-06-23 16:04:18+07:00,28.30000,69.90000,26.60000,31.30000,0.35936,403.19827
2025-06-23 16:05:08+07:00,28.30000,70.40000,25.20000,30.30000,0.36769,403.16486
2025-06-23 16:05:57+07:00,28.30000,69.90000,26.30000,32.60000,0.35234,403.30020
2025-06-23 16:06:47+07:00,28.30000,70.40000,26.80000,31.40000,0.34542,403.25232
2025-06-23 16:07:37+07:00,28.40000,70.90000,28.80000,32.30000,0.35350,403.10541
2025-06-23 16:08:26+07:00,28.50000,71.00000,29.10000,35.10000,0.35584,403.19827
2025-06-23 16:09:16+07:00,28.50000,70.70000,27.00000,32.40000,0.36173,403.21170
2025-06-23 16:10:05+07:00,28.50000,69.90000,26.90000,33.10000,0.34887,403.16486
2025-06-23 16:10:55+07:00,28.40000,69.20000,27.40000,33.00000,0.35701,403.09232
2025-06-23 16:11:45+07:00,28.30000,69.70000,26.10000,32.90000,0.35936,403.23874
2025-06-23 16:12:34+07:00,28.30000,70.10000,26.50000,33.60000,0.35350,403.19827
2025-06-23 16:13:24+07:00,28.30000,70.50000,27.00000,33.70000,0.36411,403.25912
2025-06-23 16:14:13+07:00,28.30000,70.30000,27.40000,32.30000,0.36054,403.16486
2025-06-23 16:15:03+07:00,28.20000,70.90000,26.30000,31.50000,0.35701,403.36960
2025-06-23 16:15:52+07:00,28.20000,71.40000,28.00000,33.90000,0.32528,403.34171
2025-06-23 16:16:42+07:00,28.20000,71.30000,26.30000,33.10000,0.34200,403.33475
2025-06-23 16:17:31+07:00,28.10000,70.50000,26.10000,34.40000,0.32419,403.30020
2025-06-23 16:18:24+07:00,28.10000,70.70000,26.20000,34.80000,0.34657,403.37659
2025-06-23 16:19:14+07:00,28.10000,70.70000,27.30000,33.00000,0.35002,403.17151
2025-06-23 16:20:03+07:00,28.10000,71.30000,26.90000,32.20000,0.40508,403.16486
2025-06-23 16:20:57+07:00,28.10000,71.50000,26.90000,33.10000,0.36890,403.29333
2025-06-23 16:21:47+07:00,28.10000,71.10000,26.90000,33.10000,0.35819,403.29333
2025-06-23 16:22:36+07:00,28.10000,71.70000,27.20000,33.60000,0.37131,403.37659
2025-06-23 16:23:26+07:00,28.10000,71.40000,27.50000,33.30000,0.35701,403.31400
2025-06-23 16:24:15+07:00,28.10000,71.20000,26.20000,31.90000,0.34771,403.23874
2025-06-23 16:25:05+07:00,28.00000,70.80000,26.60000,32.50000,0.35118,403.19156
2025-06-23 16:25:54+07:00,28.00000,70.70000,27.40000,33.10000,0.36054,403.30710
2025-06-23 16:26:43+07:00,28.00000,71.90000,27.50000,32.80000,0.35701,403.14493
2025-06-23 16:27:33+07:00,28.00000,71.40000,27.40000,32.20000,0.33973,403.29333
2025-06-23 16:28:22+07:00,28.00000,71.30000,29.00000,38.60000,0.34200,403.25912
2025-06-23 16:29:12+07:00,28.00000,71.60000,28.00000,35.40000,0.37495,403.30020
2025-06-23 16:30:01+07:00,28.00000,71.40000,28.60000,34.60000,0.34428,403.27277
2025-06-23 16:30:53+07:00,28.00000,71.40000,28.30000,35.40000,0.32528,403.17819
2025-06-23 16:31:43+07:00,28.00000,71.50000,29.90000,40.10000,0.36890,403.26593
2025-06-23 16:32:32+07:00,28.00000,71.60000,28.30000,35.90000,0.36769,403.30710
2025-06-23 16:33:21+07:00,28.00000,71.70000,29.00000,36.20000,0.37617,403.27277
2025-06-23 16:34:11+07:00,28.00000,71.90000,36.40000,44.80000,0.37010,403.40472
2025-06-23 16:35:00+07:00,28.00000,72.10000,32.10000,40.30000,0.35234,403.40472
2025-06-23 16:35:49+07:00,28.00000,71.60000,31.30000,39.20000,0.37495,403.43304
2025-06-23 16:36:39+07:00,28.00000,71.50000,31.00000,38.20000,0.37131,403.53363
2025-06-23 16:37:29+07:00,28.00000,71.60000,33.00000,41.20000,0.36530,403.39767
2025-06-23 16:38:18+07:00,28.00000,71.70000,31.00000,39.60000,0.37739,403.41177
2025-06-23 16:40:01+07:00,27.90000,71.90000,32.90000,41.90000,0.38356,403.26593
2025-06-23 16:40:51+07:00,27.90000,72.70000,32.70000,42.10000,0.37617,403.41177
2025-06-23 16:41:47+07:00,28.00000,72.30000,35.10000,42.00000,0.36890,403.37659
2025-06-23 16:42:36+07:00,28.00000,72.40000,43.80000,51.90000,0.38854,403.43304
2025-06-23 16:43:26+07:00,28.00000,72.80000,34.10000,42.70000,0.38480,403.49744
2025-06-23 16:44:15+07:00,28.00000,71.50000,32.60000,40.20000,0.38979,403.44727
2025-06-23 16:45:05+07:00,27.90000,71.40000,32.00000,39.30000,0.34657,403.45438
2025-06-23 16:45:54+07:00,27.90000,71.30000,34.90000,43.80000,0.36890,403.36960
2025-06-23 16:46:43+07:00,27.80000,72.10000,37.20000,42.50000,0.37739,403.19156
2025-06-23 16:47:33+07:00,27.80000,71.10000,33.40000,38.60000,0.36173,403.41177
2025-06-23 16:48:22+07:00,27.80000,71.20000,31.00000,36.80000,0.37985,403.37659
2025-06-23 16:49:12+07:00,27.80000,71.50000,29.60000,35.50000,0.37252,403.39062
2025-06-23 16:50:02+07:00,27.80000,71.20000,29.30000,34.30000,0.38854,403.37659
2025-06-23 16:50:51+07:00,27.80000,71.50000,29.70000,36.30000,0.36649,403.31400
2025-06-23 16:51:41+07:00,27.90000,71.60000,28.90000,33.90000,0.36649,403.41177
2025-06-23 16:52:30+07:00,27.80000,71.40000,29.20000,35.10000,0.37617,403.46869
2025-06-23 16:53:20+07:00,27.90000,72.10000,29.70000,37.20000,0.37985,403.53363
2025-06-23 16:54:09+07:00,27.90000,72.00000,29.60000,38.20000,0.37862,403.39767
2025-06-23 16:54:59+07:00,27.90000,71.60000,30.00000,36.90000,0.38854,403.36960
2025-06-23 16:55:48+07:00,27.90000,71.40000,28.70000,35.50000,0.39484,403.25912
2025-06-23 16:56:38+07:00,27.80000,71.00000,27.70000,34.90000,0.37131,403.35562
2025-06-23 16:57:27+07:00,27.80000,70.80000,29.00000,34.40000,0.37985,403.38361
2025-06-23 16:58:17+07:00,27.80000,71.20000,29.20000,35.60000,0.35584,403.33475
2025-06-23 16:59:06+07:00,27.80000,70.80000,28.60000,34.60000,0.37617,403.35562
2025-06-23 16:59:56+07:00,27.80000,70.80000,27.00000,36.20000,0.36292,403.31400
2025-06-23 17:00:45+07:00,27.80000,70.40000,27.70000,33.30000,0.36292,403.30710
2025-06-23 17:01:35+07:00,27.70000,69.90000,28.70000,35.00000,0.36769,403.41885
2025-06-23 17:02:24+07:00,27.60000,70.30000,29.60000,35.70000,0.37985,403.21844
2025-06-23 17:03:13+07:00,27.60000,70.80000,27.40000,34.40000,0.35350,403.33475
2025-06-23 17:04:03+07:00,27.60000,70.10000,27.50000,33.30000,0.37862,403.35562
2025-06-23 17:04:53+07:00,27.60000,70.10000,28.00000,32.90000,0.36890,403.09232
2025-06-23 17:05:42+07:00,27.60000,70.90000,27.00000,35.80000,0.36530,403.33475
2025-06-23 17:06:31+07:00,27.60000,70.40000,28.50000,34.50000,0.35350,403.27960
2025-06-23 17:07:25+07:00,27.50000,70.90000,28.40000,33.10000,0.37739,403.24551
2025-06-23 17:08:15+07:00,27.50000,70.90000,28.80000,36.10000,0.36173,403.33475
2025-06-23 17:09:04+07:00,27.60000,71.30000,28.30000,33.10000,0.37862,403.34171
2025-06-23 17:09:53+07:00,27.60000,70.60000,29.10000,34.10000,0.34428,403.39062
2025-06-23 17:10:43+07:00,27.60000,70.50000,27.60000,33.40000,0.38356,403.23196
2025-06-23 17:11:32+07:00,27.60000,70.80000,29.80000,36.80000,0.35584,403.20499
2025-06-23 17:12:22+07:00,27.60000,71.20000,28.60000,35.30000,0.36769,403.35562
2025-06-23 17:13:11+07:00,27.50000,71.20000,28.30000,35.20000,0.35701,403.31400
2025-06-23 17:14:01+07:00,27.50000,71.50000,29.20000,36.20000,0.35936,403.31400
2025-06-23 17:14:50+07:00,27.40000,71.60000,29.00000,35.20000,0.36292,403.32089
2025-06-23 17:15:39+07:00,27.40000,71.50000,29.30000,35.60000,0.38108,403.44727
2025-06-23 17:16:29+07:00,27.40000,71.50000,28.60000,34.50000,0.37617,403.46869
2025-06-23 17:17:18+07:00,27.40000,71.60000,27.10000,34.10000,0.37373,403.46869
2025-06-23 17:18:08+07:00,27.40000,70.70000,27.50000,33.00000,0.37617,403.44727
2025-06-23 17:18:57+07:00,27.40000,70.60000,27.30000,31.30000,0.38232,403.38361
2025-06-23 17:19:47+07:00,27.40000,70.90000,27.40000,34.10000,0.37739,403.44012
2025-06-23 17:20:36+07:00,27.40000,69.90000,27.70000,34.40000,0.38979,403.46152
2025-06-23 17:21:26+07:00,27.40000,70.10000,29.40000,35.50000,0.39357,403.36960
2025-06-23 17:22:15+07:00,27.40000,70.90000,28.70000,37.60000,0.38480,403.42593
2025-06-23 17:23:04+07:00,27.40000,70.90000,29.80000,37.20000,0.38604,403.36960
2025-06-23 17:23:54+07:00,27.40000,71.00000,29.10000,35.90000,0.37862,403.19156
2025-06-23 17:24:44+07:00,27.40000,71.40000,27.70000,33.50000,0.36173,403.30020
2025-06-23 17:25:34+07:00,27.40000,70.90000,28.70000,34.50000,0.40122,403.41177
2025-06-23 17:26:23+07:00,27.40000,70.50000,28.70000,34.70000,0.38356,403.32782
2025-06-23 17:27:13+07:00,27.30000,70.70000,28.80000,35.40000,0.39357,403.29333
2025-06-23 17:28:02+07:00,27.30000,71.00000,28.20000,36.30000,0.37252,403.30020
2025-06-23 17:28:52+07:00,27.20000,71.20000,30.30000,38.80000,0.38356,403.30710
2025-06-23 17:29:41+07:00,27.30000,71.40000,30.10000,38.10000,0.36411,403.30020
2025-06-23 17:30:30+07:00,27.20000,71.50000,30.10000,37.50000,0.36173,403.30710
2025-06-23 17:31:20+07:00,27.30000,71.70000,31.30000,40.80000,0.37010,403.28647
2025-06-23 17:32:13+07:00,27.40000,71.90000,31.20000,38.90000,0.35936,403.34866
2025-06-23 17:33:03+07:00,27.30000,71.70000,32.10000,41.40000,0.38480,403.39062
2025-06-23 17:34:00+07:00,27.40000,72.10000,32.20000,39.90000,0.38854,403.36261
2025-06-23 17:34:53+07:00,27.40000,71.90000,32.10000,39.20000,0.37131,403.34866
2025-06-23 17:35:43+07:00,27.30000,72.00000,31.80000,41.30000,0.38232,403.39062
2025-06-23 17:36:36+07:00,27.30000,71.70000,32.00000,40.40000,0.38480,403.43304
2025-06-23 17:37:25+07:00,27.30000,71.60000,31.80000,41.40000,0.37373,403.59952
2025-06-23 17:38:15+07:00,27.30000,71.90000,32.10000,38.60000,0.38108,403.44727
2025-06-23 17:39:04+07:00,27.30000,71.30000,32.20000,40.30000,0.38979,403.41177
2025-06-23 17:39:54+07:00,27.30000,71.20000,31.20000,38.50000,0.37252,403.37659
2025-06-23 17:40:43+07:00,27.20000,71.20000,31.70000,38.60000,0.39231,403.40472
2025-06-23 17:41:33+07:00,27.20000,71.10000,33.50000,41.90000,0.36173,403.34866
2025-06-23 17:42:22+07:00,27.20000,71.70000,33.20000,43.90000,0.38979,403.37659
2025-06-23 17:43:12+07:00,27.30000,72.10000,32.10000,40.40000,0.38979,403.34866
2025-06-23 17:44:01+07:00,27.30000,71.60000,34.10000,44.10000,0.38854,403.36960
2025-06-23 17:44:51+07:00,27.30000,71.30000,33.90000,43.10000,0.36292,403.41177
2025-06-23 17:45:40+07:00,27.30000,71.80000,33.40000,40.80000,0.36173,403.46152
2025-06-23 17:46:30+07:00,27.30000,71.30000,35.00000,44.00000,0.37617,403.31400
2025-06-23 17:47:19+07:00,27.30000,71.70000,33.80000,45.30000,0.38480,403.32782
2025-06-23 17:48:08+07:00,27.30000,71.40000,35.40000,46.30000,0.35234,403.27960
2025-06-23 17:48:58+07:00,27.30000,72.00000,36.40000,43.20000,0.39231,403.39767
2025-06-23 17:49:47+07:00,27.30000,71.60000,34.80000,46.30000,0.37495,403.36261
2025-06-23 17:50:37+07:00,27.30000,71.40000,35.10000,44.20000,0.37985,403.48303
2025-06-23 17:51:26+07:00,27.30000,71.30000,34.30000,42.30000,0.38729,403.39062
2025-06-23 17:52:16+07:00,27.30000,71.50000,33.00000,44.00000,0.37862,403.42593
2025-06-23 17:53:05+07:00,27.30000,71.10000,35.00000,42.80000,0.38108,403.39767
2025-06-23 17:53:55+07:00,27.30000,71.20000,35.50000,44.90000,0.37495,403.34171
2025-06-23 17:54:47+07:00,27.30000,71.60000,33.60000,45.30000,0.39994,403.36261
2025-06-23 17:55:37+07:00,27.30000,71.40000,35.70000,45.60000,0.38480,403.48303
2025-06-23 17:56:26+07:00,27.40000,71.80000,36.40000,46.50000,0.37862,403.40472
2025-06-23 17:57:16+07:00,27.40000,72.10000,33.90000,42.00000,0.38480,403.49744
2025-06-23 17:58:08+07:00,27.30000,71.20000,34.70000,41.20000,0.39357,403.41177
2025-06-23 17:58:58+07:00,27.40000,71.40000,35.20000,42.20000,0.40379,403.44012
2025-06-23 17:59:47+07:00,27.40000,71.20000,34.50000,42.30000,0.34887,403.43304
2025-06-23 18:00:36+07:00,27.40000,71.50000,35.80000,45.20000,0.38480,403.39062
2025-06-23 18:01:26+07:00,27.30000,71.40000,35.60000,42.80000,0.42083,403.44727
2025-06-23 18:02:15+07:00,27.30000,71.60000,34.80000,43.50000,0.39484,403.34171
2025-06-23 18:03:05+07:00,27.40000,71.70000,35.20000,44.30000,0.38480,403.34866
2025-06-23 18:03:54+07:00,27.40000,71.20000,35.40000,43.00000,0.39611,403.46869
2025-06-23 18:04:44+07:00,27.30000,71.40000,34.70000,44.90000,0.39105,403.31400
2025-06-23 18:05:36+07:00,27.20000,71.50000,36.60000,48.20000,0.38729,403.39062
2025-06-23 18:06:25+07:00,27.20000,71.70000,36.20000,46.30000,0.38604,403.38361
2025-06-23 18:07:15+07:00,27.30000,71.90000,35.90000,45.60000,0.37985,403.36261
2025-06-23 18:08:04+07:00,27.30000,72.10000,35.40000,42.20000,0.37617,403.49023
2025-06-23 18:08:54+07:00,27.30000,71.70000,34.40000,42.60000,0.36173,403.35562
2025-06-23 18:09:43+07:00,27.30000,71.90000,35.10000,43.60000,0.39357,403.46869
2025-06-23 18:10:33+07:00,27.40000,71.80000,34.30000,42.20000,0.39484,403.65146
2025-06-23 18:11:22+07:00,27.30000,71.90000,34.30000,43.70000,0.39231,403.19827
2025-06-23 18:12:12+07:00,27.30000,72.20000,33.90000,42.50000,0.39105,403.39767
2025-06-23 18:13:01+07:00,27.30000,72.10000,35.90000,46.60000,0.34200,403.59213
2025-06-23 18:13:51+07:00,27.30000,72.40000,35.80000,43.70000,0.37373,403.43304
2025-06-23 18:14:40+07:00,27.30000,72.50000,36.10000,45.50000,0.38356,403.41885
2025-06-23 18:15:29+07:00,27.30000,72.70000,36.10000,46.60000,0.39357,403.34171
2025-06-23 18:16:19+07:00,27.30000,72.80000,35.90000,43.70000,0.37010,403.41885
2025-06-23 18:17:08+07:00,27.20000,73.20000,35.70000,43.40000,0.39105,403.39767
2025-06-23 18:17:58+07:00,27.20000,73.30000,37.50000,44.90000,0.41290,403.52637
2025-06-23 18:18:47+07:00,27.20000,73.50000,36.60000,41.80000,0.40250,403.42593
2025-06-23 18:19:36+07:00,27.20000,73.50000,36.30000,43.30000,0.41553,403.46152
2025-06-23 18:20:26+07:00,27.20000,73.50000,37.00000,46.00000,0.36649,403.46152
2025-06-23 18:21:15+07:00,27.10000,73.80000,35.10000,43.00000,0.37862,403.36261
2025-06-23 18:22:04+07:00,27.00000,73.10000,36.10000,45.70000,0.38232,403.44012
2025-06-23 18:22:54+07:00,27.10000,73.20000,36.40000,50.10000,0.39866,403.47586
2025-06-23 18:23:43+07:00,27.10000,73.40000,36.50000,48.10000,0.37862,403.45438
2025-06-23 18:24:33+07:00,27.10000,73.80000,41.60000,57.70000,0.45513,403.54819
2025-06-23 18:25:22+07:00,27.20000,74.50000,41.60000,57.10000,0.40897,403.57745
2025-06-23 18:26:12+07:00,27.20000,74.90000,41.60000,58.80000,0.39231,403.78009
2025-06-23 18:27:01+07:00,27.10000,75.20000,43.90000,62.90000,0.42216,403.85745
2025-06-23 18:27:51+07:00,27.20000,75.30000,44.90000,63.40000,0.41421,403.96790
2025-06-23 18:28:40+07:00,27.30000,75.20000,42.80000,65.30000,0.43567,404.04022
2025-06-23 18:29:29+07:00,27.40000,74.50000,43.10000,61.80000,0.43430,404.04022
2025-06-23 18:30:21+07:00,27.50000,73.90000,44.10000,64.70000,0.44532,403.98389
2025-06-23 18:31:11+07:00,27.60000,74.30000,43.60000,62.30000,0.42752,404.01599
2025-06-23 18:32:00+07:00,27.60000,74.40000,47.20000,68.00000,0.44393,404.06458
2025-06-23 18:32:50+07:00,27.60000,74.70000,44.60000,67.70000,0.41421,404.08905
2025-06-23 18:33:39+07:00,27.60000,75.00000,44.80000,64.20000,0.46800,404.31464
2025-06-23 18:34:28+07:00,27.60000,74.70000,41.80000,58.40000,0.45513,404.11362
2025-06-23 18:35:18+07:00,27.60000,73.10000,41.60000,56.50000,0.46368,404.01599
2025-06-23 18:36:10+07:00,27.50000,72.70000,38.80000,51.80000,0.44951,403.88873
2025-06-23 18:37:00+07:00,27.40000,72.60000,39.60000,51.90000,0.44951,404.04022
2025-06-23 18:37:49+07:00,27.40000,72.80000,40.40000,55.10000,0.43978,403.92816
2025-06-23 18:38:38+07:00,27.40000,72.70000,41.40000,51.40000,0.43294,404.02405
2025-06-23 18:39:28+07:00,27.40000,72.70000,40.20000,53.90000,0.44116,403.74951
2025-06-23 18:40:17+07:00,27.40000,72.90000,39.50000,49.50000,0.44254,403.82635
2025-06-23 18:41:07+07:00,27.50000,73.20000,42.60000,57.00000,0.43567,403.82635
2025-06-23 18:41:57+07:00,27.50000,74.00000,41.50000,58.10000,0.42887,403.81088
2025-06-23 18:42:46+07:00,27.60000,73.50000,41.80000,60.10000,0.44671,403.99991
2025-06-23 18:43:35+07:00,27.70000,73.90000,46.90000,71.70000,0.46225,403.81860
2025-06-23 18:44:25+07:00,27.70000,75.20000,46.60000,64.90000,0.47089,404.12186
2025-06-23 18:45:15+07:00,27.60000,75.60000,46.20000,63.50000,0.46512,404.05646
2025-06-23 18:46:07+07:00,27.60000,74.80000,45.10000,62.30000,0.44811,403.83411
2025-06-23 18:46:57+07:00,27.70000,75.20000,45.90000,65.40000,0.46512,403.91235
2025-06-23 18:47:46+07:00,27.70000,75.20000,49.90000,74.40000,0.47089,404.78683
2025-06-23 18:48:36+07:00,27.70000,76.50000,50.50000,72.10000,0.58646,406.51126
2025-06-23 18:49:26+07:00,27.60000,76.70000,49.70000,71.00000,0.59164,405.82538
2025-06-23 18:50:17+07:00,27.50000,77.20000,52.00000,72.50000,0.60915,405.13098
2025-06-23 18:51:07+07:00,27.50000,77.70000,48.30000,68.90000,0.58302,404.64008
2025-06-23 18:51:56+07:00,27.40000,77.20000,47.90000,68.90000,0.54629,404.48816
2025-06-23 18:52:46+07:00,27.50000,77.30000,49.00000,69.70000,0.50674,404.32318
2025-06-23 18:53:35+07:00,27.60000,77.80000,51.50000,70.60000,0.49608,404.19644
2025-06-23 18:54:28+07:00,27.50000,78.10000,50.70000,70.60000,0.53658,404.11362
2025-06-23 18:55:17+07:00,27.40000,78.70000,50.50000,75.20000,0.56609,404.36612
2025-06-23 18:56:07+07:00,27.40000,78.60000,51.40000,75.10000,0.57113,404.47934
2025-06-23 18:56:56+07:00,27.40000,78.70000,51.40000,71.70000,0.53819,404.16315
2025-06-23 18:57:45+07:00,27.30000,78.80000,50.20000,71.00000,0.53178,403.99188
2025-06-23 18:58:35+07:00,27.40000,78.70000,52.00000,74.50000,0.50368,404.04834
2025-06-23 18:59:24+07:00,27.40000,78.90000,51.90000,76.10000,0.52228,404.13834
2025-06-23 19:00:14+07:00,27.40000,79.00000,49.80000,72.60000,0.52228,403.89661
2025-06-23 19:01:03+07:00,27.40000,79.10000,48.40000,69.10000,0.47089,404.08905
2025-06-23 19:01:53+07:00,27.40000,79.00000,50.60000,71.30000,0.49608,403.99991
2025-06-23 19:02:42+07:00,27.40000,78.70000,50.50000,77.00000,0.49457,403.90448
2025-06-23 19:03:32+07:00,27.40000,78.90000,50.30000,74.10000,0.51602,404.07272
2025-06-23 19:04:21+07:00,27.40000,79.00000,49.00000,69.20000,0.47820,404.00793
2025-06-23 19:05:11+07:00,27.40000,79.00000,48.40000,69.10000,0.47235,404.00793
2025-06-23 19:06:00+07:00,27.40000,79.00000,49.20000,70.50000,0.46944,403.92026
2025-06-23 19:06:50+07:00,27.40000,78.50000,46.60000,63.50000,0.45372,403.95197
2025-06-23 19:07:39+07:00,27.50000,76.80000,44.10000,63.00000,0.47235,404.04022
2025-06-23 19:08:28+07:00,27.60000,77.90000,46.40000,68.90000,0.47673,403.98389
2025-06-23 19:09:18+07:00,27.50000,78.50000,48.30000,63.90000,0.47527,403.81088
2025-06-23 19:10:07+07:00,27.40000,78.70000,44.90000,61.50000,0.46656,403.94400
2025-06-23 19:10:57+07:00,27.40000,78.70000,44.90000,60.20000,0.49006,403.90448
2025-06-23 19:11:46+07:00,27.40000,78.70000,43.40000,62.00000,0.44254,403.88873
2025-06-23 19:12:36+07:00,27.40000,78.80000,44.70000,59.80000,0.45939,403.91235
2025-06-23 19:13:26+07:00,27.30000,78.70000,44.40000,62.30000,0.47673,403.92816
2025-06-23 19:14:15+07:00,27.20000,78.80000,44.20000,60.40000,0.45513,403.88092
2025-06-23 19:15:05+07:00,27.20000,78.80000,43.10000,58.90000,0.46082,403.84967
2025-06-23 19:15:54+07:00,27.20000,78.80000,44.90000,58.90000,0.47967,403.86526
2025-06-23 19:16:44+07:00,27.20000,78.90000,41.40000,57.80000,0.46225,403.81088
2025-06-23 19:17:33+07:00,27.20000,78.90000,43.60000,60.90000,0.47673,403.88873
2025-06-23 19:18:22+07:00,27.20000,78.90000,42.70000,62.50000,0.45655,403.84189
2025-06-23 19:19:12+07:00,27.30000,78.60000,42.70000,60.20000,0.45797,403.98389
2025-06-23 19:20:01+07:00,27.20000,78.70000,45.50000,63.40000,0.45372,403.71912
2025-06-23 19:20:51+07:00,27.30000,78.40000,46.30000,65.90000,0.45797,403.98389
2025-06-23 19:21:41+07:00,27.40000,78.10000,45.00000,62.60000,0.44532,403.77243
2025-06-23 19:22:30+07:00,27.30000,78.40000,47.00000,65.00000,0.48707,403.79547
2025-06-23 19:23:20+07:00,27.30000,78.50000,49.70000,73.90000,0.45939,403.92816
2025-06-23 19:24:09+07:00,27.30000,78.50000,46.90000,69.40000,0.47527,403.88873
2025-06-23 19:25:00+07:00,27.30000,78.40000,49.60000,66.40000,0.47820,403.96790
2025-06-23 19:25:49+07:00,27.30000,78.50000,50.10000,70.90000,0.47527,403.87308
2025-06-23 19:26:39+07:00,27.30000,78.50000,51.10000,71.70000,0.47967,403.84189
2025-06-23 19:27:29+07:00,27.30000,78.70000,51.60000,71.50000,0.47967,404.04022
2025-06-23 19:28:31+07:00,27.20000,78.90000,51.70000,70.50000,0.46512,403.94400
2025-06-23 19:29:22+07:00,27.20000,79.00000,51.80000,71.60000,0.44951,403.95197
2025-06-23 19:30:13+07:00,27.20000,79.00000,53.20000,74.70000,0.44811,403.86526
2025-06-23 19:31:03+07:00,27.20000,78.90000,49.90000,70.80000,0.48856,404.01599
2025-06-23 19:31:53+07:00,27.20000,78.90000,52.00000,69.70000,0.48856,403.86526
2025-06-23 19:32:43+07:00,27.20000,78.70000,51.80000,73.00000,0.47820,403.89661
2025-06-23 19:33:33+07:00,27.30000,78.50000,51.70000,71.10000,0.42350,403.88873
2025-06-23 19:34:23+07:00,27.30000,78.40000,50.20000,66.00000,0.44254,404.02405
2025-06-23 19:35:12+07:00,27.40000,77.40000,48.60000,70.50000,0.47967,404.04834
2025-06-23 19:36:02+07:00,27.40000,77.20000,48.70000,66.70000,0.45372,403.92026
2025-06-23 19:36:52+07:00,27.40000,76.60000,44.50000,55.40000,0.47527,403.90448
2025-06-23 19:37:41+07:00,27.30000,75.50000,44.30000,56.60000,0.50215,403.81088
2025-06-23 19:38:33+07:00,27.30000,74.90000,44.60000,57.00000,0.45655,403.88873
2025-06-23 19:39:23+07:00,27.20000,74.70000,43.10000,55.50000,0.44671,403.74188
2025-06-23 19:40:12+07:00,27.30000,74.10000,45.00000,58.70000,0.46656,403.59213
2025-06-23 19:41:02+07:00,27.30000,74.00000,43.50000,57.40000,0.45513,403.68890
2025-06-23 19:41:51+07:00,27.30000,74.20000,42.10000,51.20000,0.42752,403.64401
2025-06-23 19:42:40+07:00,27.30000,73.80000,44.90000,57.60000,0.47381,403.65894
2025-06-23 19:43:30+07:00,27.30000,73.80000,46.20000,62.20000,0.43978,403.58478
2025-06-23 19:44:20+07:00,27.20000,74.10000,54.50000,65.50000,0.41950,403.51910
2025-06-23 19:45:10+07:00,27.30000,74.10000,52.60000,64.60000,0.43294,403.49023
2025-06-23 19:45:59+07:00,27.30000,73.90000,50.80000,62.80000,0.46225,403.61429
2025-06-23 19:46:53+07:00,27.30000,73.80000,76.90000,86.30000,0.41553,403.45438
2025-06-23 19:47:43+07:00,27.30000,74.10000,53.80000,69.80000,0.43567,403.49023
2025-06-23 19:48:32+07:00,27.20000,74.30000,51.80000,63.80000,0.42618,403.63657
2025-06-23 19:49:22+07:00,27.20000,74.80000,59.70000,74.50000,0.44116,403.51910
2025-06-23 19:50:11+07:00,27.20000,75.00000,93.80000,108.60000,0.43294,403.58478
2025-06-23 19:51:01+07:00,27.20000,75.10000,57.20000,74.50000,0.44532,403.67389
2025-06-23 19:51:51+07:00,27.20000,75.10000,63.40000,79.20000,0.42618,403.62912
2025-06-23 19:52:40+07:00,27.10000,75.00000,57.40000,74.00000,0.39994,403.60690
2025-06-23 19:53:30+07:00,27.20000,75.20000,90.40000,106.00000,0.43978,403.82635
2025-06-23 19:54:19+07:00,27.30000,74.90000,78.80000,97.70000,0.44116,403.72668
2025-06-23 19:55:09+07:00,27.20000,75.00000,67.70000,84.50000,0.42216,403.79547
2025-06-23 19:55:59+07:00,27.20000,75.20000,75.90000,94.40000,0.42618,403.68140
2025-06-23 19:56:48+07:00,27.10000,75.30000,58.60000,74.70000,0.35234,403.74951
2025-06-23 19:57:38+07:00,27.10000,75.20000,57.00000,75.20000,0.41817,403.75714
2025-06-23 19:58:27+07:00,27.10000,75.40000,50.90000,68.30000,0.44393,403.78778
2025-06-23 19:59:16+07:00,27.10000,75.50000,51.70000,70.20000,0.42752,403.78009
2025-06-23 20:00:06+07:00,27.10000,75.60000,51.80000,70.20000,0.42887,403.92816
2025-06-23 20:00:55+07:00,27.00000,75.60000,50.00000,66.10000,0.45372,403.89661
2025-06-23 20:01:45+07:00,27.10000,75.70000,49.80000,68.30000,0.41817,403.84967
2025-06-23 20:02:34+07:00,27.10000,75.80000,55.20000,76.10000,0.44254,403.88873
2025-06-23 20:03:24+07:00,27.20000,75.80000,55.70000,75.10000,0.42752,403.79547
2025-06-23 20:04:13+07:00,27.20000,75.80000,55.70000,74.70000,0.45655,403.79547
2025-06-23 20:05:03+07:00,27.20000,75.70000,64.50000,88.30000,0.44254,403.88873
2025-06-23 20:05:52+07:00,27.20000,75.70000,58.70000,76.60000,0.41685,403.78778
2025-06-23 20:06:42+07:00,27.20000,75.60000,60.60000,80.60000,0.43158,403.77243
2025-06-23 20:07:34+07:00,27.20000,75.60000,65.40000,85.10000,0.44811,403.80316
2025-06-23 20:08:24+07:00,27.20000,75.60000,83.50000,104.10000,0.43704,403.88873
2025-06-23 20:09:13+07:00,27.20000,75.60000,71.00000,88.80000,0.45797,403.84967
2025-06-23 20:10:03+07:00,27.20000,75.60000,64.20000,86.10000,0.41159,403.92026
2025-06-23 20:10:55+07:00,27.20000,75.70000,60.10000,77.20000,0.45091,403.84189
2025-06-23 20:11:44+07:00,27.10000,75.80000,61.10000,82.70000,0.45797,403.63657
2025-06-23 20:12:34+07:00,27.20000,75.80000,74.30000,96.30000,0.42752,404.23834
2025-06-23 20:13:23+07:00,27.20000,75.80000,68.40000,96.60000,0.44951,404.08087
2025-06-23 20:14:13+07:00,27.20000,76.00000,58.70000,82.30000,0.43430,403.91235
2025-06-23 20:15:02+07:00,27.10000,76.30000,65.60000,87.80000,0.46656,403.81088
2025-06-23 20:15:57+07:00,27.10000,76.00000,71.00000,93.20000,0.42887,403.92816
2025-06-23 20:16:47+07:00,27.10000,76.10000,60.50000,82.90000,0.45513,403.87308
2025-06-23 20:17:36+07:00,27.10000,76.10000,94.40000,115.90000,0.43841,403.88873
2025-06-23 20:18:26+07:00,27.10000,75.80000,69.00000,93.20000,0.46512,403.84189
2025-06-23 20:19:15+07:00,27.00000,75.80000,67.90000,90.40000,0.42083,403.92816
2025-06-23 20:20:05+07:00,27.00000,75.70000,53.30000,70.00000,0.44116,403.88873
2025-06-23 20:21:58+07:00,26.90000,76.00000,67.40000,89.50000,0.42887,403.80316
2025-06-23 20:22:48+07:00,27.00000,75.80000,69.90000,87.40000,0.44951,403.99188
2025-06-23 20:23:37+07:00,26.90000,76.00000,58.50000,77.70000,0.44811,403.80316
2025-06-23 20:24:26+07:00,27.00000,75.90000,68.60000,88.80000,0.43022,403.73428
2025-06-23 20:25:16+07:00,27.00000,75.90000,58.30000,81.20000,0.44393,403.78009
2025-06-23 20:26:05+07:00,27.00000,75.70000,63.50000,87.40000,0.44811,403.77243
2025-06-23 20:26:55+07:00,26.90000,75.60000,64.50000,87.40000,0.44951,403.92816
2025-06-23 20:27:44+07:00,26.90000,76.00000,60.60000,80.50000,0.42887,403.81860
2025-06-23 20:28:34+07:00,26.90000,75.90000,78.70000,99.20000,0.43294,403.72668
2025-06-23 20:29:23+07:00,27.00000,75.90000,62.70000,82.50000,0.43294,403.93607
2025-06-23 20:30:13+07:00,27.00000,75.60000,62.00000,81.10000,0.44393,403.90448
2025-06-23 20:31:02+07:00,26.90000,75.80000,73.40000,93.80000,0.42216,403.88873
2025-06-23 20:31:52+07:00,26.90000,75.70000,62.40000,81.70000,0.47820,403.76477
2025-06-23 20:32:41+07:00,26.90000,75.80000,75.20000,97.10000,0.44393,403.78778
2025-06-23 20:33:30+07:00,26.80000,76.00000,65.40000,90.30000,0.42887,403.86526
2025-06-23 20:34:20+07:00,26.80000,75.60000,61.20000,81.20000,0.45231,403.78009
2025-06-23 20:35:09+07:00,26.80000,75.70000,62.00000,84.40000,0.43841,403.65146
2025-06-23 20:35:59+07:00,26.80000,75.80000,66.10000,88.20000,0.45513,403.68890
2025-06-23 20:36:48+07:00,26.80000,76.10000,64.70000,86.50000,0.44116,403.65894
2025-06-23 20:37:37+07:00,26.80000,75.90000,79.70000,103.30000,0.44951,403.59952
2025-06-23 20:38:27+07:00,26.80000,75.80000,65.20000,88.60000,0.44116,403.82635
2025-06-23 20:39:16+07:00,26.80000,75.50000,57.10000,78.40000,0.44532,403.78009
2025-06-23 20:40:06+07:00,26.70000,75.60000,59.60000,82.80000,0.43841,403.63657
2025-06-23 20:40:55+07:00,26.60000,76.00000,53.50000,74.60000,0.43022,403.60690
2025-06-23 20:41:44+07:00,26.60000,76.10000,54.60000,76.30000,0.42752,403.54819
2025-06-23 20:42:34+07:00,26.50000,76.10000,61.50000,84.00000,0.41817,403.68140
2025-06-23 20:43:23+07:00,26.50000,76.00000,55.00000,75.90000,0.42350,403.66641
2025-06-23 20:44:13+07:00,26.60000,75.80000,65.90000,88.40000,0.42350,403.78009
2025-06-23 20:45:02+07:00,26.60000,75.70000,55.90000,73.90000,0.39484,403.71155
2025-06-23 20:45:51+07:00,26.60000,75.90000,54.20000,72.60000,0.42216,403.71912
2025-06-23 20:46:41+07:00,26.60000,76.10000,63.70000,87.00000,0.41290,403.70398
2025-06-23 20:47:30+07:00,26.60000,75.80000,68.50000,92.10000,0.43430,403.61429
2025-06-23 20:48:20+07:00,26.60000,76.00000,52.60000,70.40000,0.43022,403.69644
2025-06-23 20:49:09+07:00,26.60000,76.00000,65.90000,85.20000,0.43158,403.59213
2025-06-23 20:49:58+07:00,26.60000,76.10000,55.50000,73.80000,0.42350,403.54819
2025-06-23 20:50:48+07:00,26.50000,76.20000,54.60000,75.90000,0.39484,403.78778
2025-06-23 20:51:37+07:00,26.50000,76.10000,128.30000,158.20000,0.42483,403.55548
2025-06-23 20:52:27+07:00,26.50000,76.20000,67.90000,90.80000,0.41421,403.62170
2025-06-23 20:53:16+07:00,26.50000,76.00000,66.60000,87.20000,0.40508,403.76477
2025-06-23 20:54:06+07:00,26.50000,76.30000,73.60000,98.00000,0.43704,403.76477
2025-06-23 20:54:55+07:00,26.50000,76.20000,58.00000,80.70000,0.40379,403.74188
2025-06-23 20:55:44+07:00,26.50000,76.00000,60.00000,80.30000,0.40508,403.62912
2025-06-23 20:56:34+07:00,26.40000,76.30000,59.60000,80.30000,0.40767,403.88873
2025-06-23 20:57:23+07:00,26.40000,76.70000,78.50000,101.00000,0.39611,403.57745
2025-06-23 20:58:12+07:00,26.30000,76.90000,62.30000,85.10000,0.43704,403.72668
2025-06-23 20:59:02+07:00,26.40000,76.60000,70.90000,93.30000,0.42216,403.69644
2025-06-23 20:59:52+07:00,26.30000,76.70000,66.00000,89.20000,0.43158,403.82635
2025-06-23 21:00:44+07:00,26.40000,76.60000,57.40000,81.70000,0.40638,403.92026
2025-06-23 21:01:39+07:00,26.40000,76.60000,58.90000,85.30000,0.42350,403.70398
2025-06-23 21:05:30+07:00,26.40000,77.10000,58.00000,80.60000,0.40379,403.86526
2025-06-23 21:06:23+07:00,26.40000,77.30000,71.30000,96.30000,0.41028,403.52637
2025-06-23 21:07:13+07:00,26.40000,77.50000,55.10000,82.20000,0.40379,403.60690
2025-06-23 21:08:02+07:00,26.40000,77.60000,56.90000,76.50000,0.40767,403.54089
2025-06-23 21:08:51+07:00,26.40000,77.60000,52.40000,70.70000,0.40122,403.51910
2025-06-23 21:09:42+07:00,26.40000,77.70000,48.70000,63.50000,0.38232,403.57745
2025-06-23 21:10:32+07:00,26.40000,77.80000,49.50000,71.90000,0.39611,403.57010
2025-06-23 21:11:23+07:00,26.30000,78.00000,54.80000,75.90000,0.41553,403.48303
2025-06-23 21:12:12+07:00,26.30000,78.20000,49.80000,65.80000,0.40122,403.54089
2025-06-23 21:13:01+07:00,26.40000,78.40000,48.90000,66.30000,0.39866,403.40472
2025-06-23 21:13:54+07:00,26.40000,78.30000,51.00000,68.10000,0.41817,403.41177
2025-06-23 21:14:45+07:00,26.30000,78.50000,49.10000,65.70000,0.40767,403.44727
2025-06-23 21:15:36+07:00,26.30000,78.40000,60.70000,78.80000,0.39738,403.48303
2025-06-23 21:16:29+07:00,26.20000,78.60000,48.00000,66.50000,0.40508,403.59213
2025-06-23 21:17:19+07:00,26.20000,78.60000,70.40000,88.30000,0.38854,403.48303
2025-06-23 21:18:11+07:00,26.30000,78.60000,52.40000,72.80000,0.38729,403.46152
2025-06-23 21:19:00+07:00,26.30000,78.70000,55.10000,75.50000,0.40122,403.48303
2025-06-23 21:19:50+07:00,26.30000,78.80000,71.80000,96.20000,0.41159,403.47586
2025-06-23 21:20:39+07:00,26.30000,78.90000,63.10000,84.30000,0.40122,403.56277
2025-06-23 21:21:29+07:00,26.20000,79.20000,56.60000,81.70000,0.40767,403.54819
2025-06-23 21:22:18+07:00,26.10000,79.30000,90.60000,119.90000,0.39484,403.55548
2025-06-23 21:23:08+07:00,26.10000,79.50000,58.20000,81.80000,0.38356,403.45438
2025-06-23 21:23:57+07:00,26.10000,79.70000,56.50000,79.10000,0.36890,403.55548
2025-06-23 21:24:46+07:00,26.00000,79.70000,75.10000,99.50000,0.39738,403.46869
2025-06-23 21:25:36+07:00,26.10000,79.50000,65.80000,90.10000,0.38854,403.56277
2025-06-23 21:26:25+07:00,26.10000,79.60000,67.40000,88.10000,0.43022,403.58478
2025-06-23 21:27:15+07:00,26.10000,79.60000,86.80000,113.80000,0.40897,403.58478
2025-06-23 21:28:04+07:00,26.10000,79.40000,69.40000,96.70000,0.41950,403.67389
2025-06-23 21:28:53+07:00,26.20000,79.50000,61.20000,86.10000,0.40508,403.66641
2025-06-23 21:29:43+07:00,26.20000,79.50000,64.50000,89.80000,0.41159,403.59213
2025-06-23 21:30:32+07:00,26.20000,79.50000,63.00000,87.10000,0.40122,403.54819
2025-06-23 21:31:22+07:00,26.10000,79.70000,76.80000,101.00000,0.41553,403.66641
2025-06-23 21:32:11+07:00,26.20000,79.60000,62.80000,84.60000,0.40379,403.63657
2025-06-23 21:33:01+07:00,26.10000,79.80000,71.30000,93.20000,0.41817,403.65146
2025-06-23 21:33:50+07:00,26.10000,79.90000,58.10000,82.10000,0.42216,403.67389
2025-06-23 21:34:39+07:00,26.00000,80.10000,86.40000,111.70000,0.40122,403.69644
2025-06-23 21:35:29+07:00,26.10000,80.10000,60.50000,83.50000,0.41817,403.75714
2025-06-23 21:36:18+07:00,26.10000,80.10000,55.50000,76.30000,0.42083,403.68890
2025-06-23 21:37:07+07:00,26.10000,80.20000,65.10000,87.80000,0.41685,403.65894
2025-06-23 21:37:57+07:00,26.00000,80.40000,63.00000,83.60000,0.40508,403.63657
2025-06-23 21:38:46+07:00,26.00000,80.50000,68.30000,90.40000,0.39611,403.56277
2025-06-23 21:39:36+07:00,26.10000,80.40000,56.30000,74.50000,0.40767,403.66641
2025-06-23 21:40:25+07:00,26.00000,80.50000,55.50000,73.70000,0.40508,403.46152
2025-06-23 21:41:15+07:00,26.00000,80.40000,60.50000,85.50000,0.41028,403.67389
2025-06-23 21:42:04+07:00,26.00000,80.30000,92.60000,114.50000,0.39484,403.68140
2025-06-23 21:42:53+07:00,26.00000,80.30000,56.50000,76.60000,0.38356,403.63657
2025-06-23 21:43:46+07:00,26.10000,80.50000,61.90000,85.40000,0.40638,403.66641
2025-06-23 21:44:36+07:00,26.00000,80.50000,68.80000,93.00000,0.42350,403.68890
2025-06-23 21:45:25+07:00,26.00000,80.60000,60.40000,83.20000,0.42083,403.57745
2025-06-23 21:46:14+07:00,26.00000,80.60000,72.90000,98.40000,0.41817,403.64401
2025-06-23 21:47:04+07:00,26.00000,80.60000,75.20000,102.70000,0.41817,403.66641
2025-06-23 21:47:53+07:00,26.00000,80.40000,73.60000,95.30000,0.39994,403.59952
2025-06-23 21:48:43+07:00,26.00000,80.40000,74.80000,101.70000,0.42887,403.42593
2025-06-23 21:49:32+07:00,26.00000,80.70000,79.10000,105.70000,0.41685,403.68140
2025-06-23 21:50:22+07:00,26.00000,80.80000,75.20000,100.00000,0.41290,403.82635
2025-06-23 21:51:12+07:00,26.00000,80.70000,73.00000,105.30000,0.39357,403.66641
2025-06-23 21:52:01+07:00,26.00000,81.00000,67.00000,90.80000,0.42618,403.71155
2025-06-23 21:52:50+07:00,26.00000,81.00000,83.40000,108.20000,0.39231,403.69644
2025-06-23 21:53:40+07:00,26.00000,81.00000,59.00000,80.60000,0.41028,403.78778
2025-06-23 21:54:29+07:00,26.00000,80.60000,55.80000,78.20000,0.41028,403.74188
2025-06-23 21:55:19+07:00,26.00000,80.70000,82.20000,107.40000,0.40122,403.93607
2025-06-23 21:56:08+07:00,25.90000,80.90000,74.80000,99.10000,0.41685,403.72668
2025-06-23 21:56:57+07:00,25.90000,81.30000,100.90000,126.70000,0.39738,403.65146
2025-06-23 21:57:47+07:00,25.90000,81.10000,89.40000,114.40000,0.41685,403.74951
2025-06-23 21:58:36+07:00,25.90000,80.90000,99.50000,129.00000,0.41159,403.56277
2025-06-23 21:59:28+07:00,26.00000,80.80000,118.10000,148.89999,0.39994,403.65894
2025-06-23 22:00:18+07:00,26.00000,80.80000,115.00000,152.10001,0.40638,403.80316
2025-06-23 22:01:08+07:00,26.00000,80.60000,122.40000,167.50000,0.42752,403.85745
2025-06-23 22:02:00+07:00,26.00000,80.90000,129.89999,171.20000,0.42752,403.74188
2025-06-23 22:02:49+07:00,26.00000,80.70000,132.80000,180.00000,0.43294,403.88092
2025-06-23 22:03:41+07:00,26.10000,80.70000,121.20000,164.00000,0.42752,403.75714
2025-06-23 22:04:30+07:00,26.00000,80.90000,107.90000,150.80000,0.43567,403.83411
2025-06-23 22:05:20+07:00,26.10000,80.80000,98.00000,135.20000,0.44116,403.84189
2025-06-23 22:06:11+07:00,26.10000,80.60000,112.20000,151.10001,0.42350,403.80316
2025-06-23 22:07:07+07:00,26.00000,80.70000,128.30000,169.20000,0.42350,403.80316
2025-06-23 22:07:59+07:00,26.00000,80.80000,120.30000,156.30000,0.43704,403.77243
2025-06-23 22:08:58+07:00,26.00000,80.80000,116.40000,151.20000,0.42350,403.81860
2025-06-23 22:09:47+07:00,26.00000,80.80000,117.60000,150.89999,0.43978,403.60690
2025-06-23 22:10:37+07:00,26.00000,80.80000,125.20000,158.10001,0.47967,403.88873
2025-06-23 22:11:29+07:00,26.00000,80.80000,127.70000,165.39999,0.41159,403.82635
2025-06-23 22:12:18+07:00,26.00000,80.90000,129.70000,167.70000,0.43567,403.86526
2025-06-23 22:13:08+07:00,26.00000,81.00000,132.20000,166.70000,0.44254,403.85745
2025-06-23 22:13:57+07:00,26.00000,81.10000,130.30000,169.10001,0.44951,403.74951
2025-06-23 22:14:47+07:00,26.00000,81.00000,129.20000,167.30000,0.41685,403.74951
2025-06-23 22:15:36+07:00,26.10000,80.80000,112.80000,148.00000,0.43294,403.78009
2025-06-23 22:16:26+07:00,26.10000,80.70000,118.50000,158.30000,0.44532,403.78778
2025-06-23 22:17:15+07:00,26.00000,80.80000,128.39999,164.70000,0.44116,403.81860
2025-06-23 22:18:05+07:00,26.00000,80.70000,136.50000,180.00000,0.41421,403.75714
2025-06-23 22:18:54+07:00,26.00000,80.60000,111.40000,147.60001,0.44393,403.84189
2025-06-23 22:19:44+07:00,26.10000,80.40000,110.40000,148.50000,0.44254,403.88092
2025-06-23 22:20:34+07:00,26.10000,80.40000,95.70000,126.30000,0.44951,403.93607
2025-06-23 22:21:23+07:00,26.10000,80.20000,73.10000,101.00000,0.43567,403.80316
2025-06-23 22:22:13+07:00,26.10000,80.40000,72.60000,101.10000,0.46368,403.86526
2025-06-23 22:23:02+07:00,26.10000,80.40000,79.40000,107.60000,0.44393,403.88092
2025-06-23 22:23:52+07:00,26.10000,80.00000,75.90000,100.70000,0.44393,403.83411
2025-06-23 22:24:41+07:00,26.20000,80.30000,67.20000,91.90000,0.45231,403.90448
2025-06-23 22:25:31+07:00,26.10000,80.50000,62.70000,86.50000,0.43567,403.81088
2025-06-23 22:26:20+07:00,26.00000,80.80000,96.50000,121.90000,0.44116,403.71912
2025-06-23 22:27:10+07:00,26.10000,80.50000,78.50000,99.20000,0.43704,403.87308
2025-06-23 22:27:59+07:00,26.10000,80.60000,72.10000,100.70000,0.43430,403.78778
2025-06-23 22:28:49+07:00,26.10000,80.50000,66.30000,89.70000,0.43841,403.88873
2025-06-23 22:29:38+07:00,26.20000,80.40000,71.80000,100.70000,0.46368,403.85745
2025-06-23 22:30:28+07:00,26.20000,80.40000,69.00000,98.20000,0.45091,403.78778
2025-06-23 22:31:17+07:00,26.10000,80.60000,70.70000,99.10000,0.43841,403.80316
2025-06-23 22:32:07+07:00,26.10000,80.90000,77.00000,110.50000,0.42483,403.85745
2025-06-23 22:32:56+07:00,26.10000,80.90000,78.00000,109.60000,0.43022,403.88092
2025-06-23 22:33:46+07:00,26.20000,80.80000,71.40000,98.00000,0.45231,403.87308
2025-06-23 22:34:35+07:00,26.20000,80.70000,74.10000,103.00000,0.43022,403.81860
2025-06-23 22:35:25+07:00,26.20000,80.80000,73.50000,98.40000,0.44532,403.85745
2025-06-23 22:36:14+07:00,26.20000,80.70000,80.50000,108.80000,0.41028,403.85745
2025-06-23 22:37:04+07:00,26.20000,80.50000,68.00000,94.30000,0.44393,403.90448
2025-06-23 22:37:53+07:00,26.20000,80.80000,69.00000,98.80000,0.45513,403.81088
2025-06-23 22:38:42+07:00,26.10000,80.90000,65.30000,89.70000,0.44532,403.82635
2025-06-23 22:39:32+07:00,26.00000,81.20000,67.00000,92.00000,0.44811,403.83411
2025-06-23 22:40:21+07:00,26.00000,81.30000,63.90000,89.70000,0.42887,403.54819
2025-06-23 22:41:11+07:00,25.90000,81.70000,63.80000,93.70000,0.43841,403.65146
2025-06-23 22:42:00+07:00,25.90000,81.80000,62.80000,88.10000,0.44671,403.69644
2025-06-23 22:42:50+07:00,25.90000,82.10000,63.70000,84.60000,0.43158,403.68140
2025-06-23 22:43:39+07:00,25.80000,82.20000,61.90000,83.80000,0.43022,403.51187
2025-06-23 22:44:29+07:00,25.80000,82.20000,62.30000,90.10000,0.41685,403.43304
2025-06-23 22:45:18+07:00,25.80000,82.20000,71.80000,99.10000,0.43022,403.59952
2025-06-23 22:46:08+07:00,25.90000,81.80000,61.40000,88.00000,0.42216,403.62912
2025-06-23 22:46:57+07:00,25.90000,82.00000,61.90000,89.10000,0.42752,403.61429
2025-06-23 22:47:46+07:00,25.90000,81.90000,62.20000,90.20000,0.41553,403.50464
2025-06-23 22:48:36+07:00,25.90000,82.00000,63.10000,89.90000,0.43158,403.60690
2025-06-23 22:49:25+07:00,25.90000,81.90000,62.50000,93.20000,0.42216,403.61429
2025-06-23 22:50:15+07:00,25.80000,82.10000,63.80000,90.90000,0.42618,403.52637
2025-06-23 22:51:04+07:00,25.90000,82.00000,69.50000,96.20000,0.40767,403.74951
2025-06-23 22:51:54+07:00,26.00000,81.90000,72.60000,102.70000,0.41817,403.53363
2025-06-23 22:52:43+07:00,26.00000,81.80000,67.00000,96.70000,0.42083,403.59213
2025-06-23 22:53:33+07:00,26.00000,81.90000,68.10000,97.50000,0.41421,403.74951
2025-06-23 22:54:22+07:00,26.00000,81.90000,70.30000,101.40000,0.42752,403.57010
2025-06-23 22:55:12+07:00,26.00000,81.90000,69.90000,100.00000,0.42483,403.62912
2025-06-23 22:56:01+07:00,26.10000,81.80000,72.20000,101.80000,0.43567,403.34171
2025-06-23 22:56:50+07:00,26.10000,81.70000,75.40000,110.10000,0.41685,403.64401
2025-06-23 22:57:40+07:00,26.10000,81.60000,75.20000,113.40000,0.43294,403.62912
2025-06-23 22:58:29+07:00,26.10000,81.70000,75.80000,110.90000,0.40767,403.53363
2025-06-23 22:59:19+07:00,26.00000,81.90000,73.50000,111.10000,0.41553,403.71912
2025-06-23 23:00:08+07:00,26.00000,81.80000,76.50000,117.60000,0.41685,403.62170
2025-06-23 23:00:57+07:00,26.00000,81.90000,77.40000,112.50000,0.41817,403.68140
2025-06-23 23:01:47+07:00,26.00000,81.70000,74.20000,112.30000,0.42216,403.66641
2025-06-23 23:02:36+07:00,26.10000,81.60000,71.70000,102.50000,0.42887,403.57010
2025-06-23 23:03:25+07:00,26.10000,81.50000,71.80000,108.00000,0.44951,403.78009
2025-06-23 23:04:16+07:00,26.00000,81.50000,73.80000,110.60000,0.41553,403.74188
2025-06-23 23:05:06+07:00,26.00000,81.60000,74.00000,111.00000,0.41421,403.62912
2025-06-23 23:05:55+07:00,25.90000,81.80000,76.10000,112.10000,0.41553,403.72668
2025-06-23 23:06:45+07:00,25.90000,82.00000,82.60000,118.50000,0.42618,403.68890
2025-06-23 23:07:35+07:00,26.00000,81.20000,109.30000,140.60001,0.40897,403.70398
2025-06-23 23:08:24+07:00,26.20000,80.90000,130.80000,155.70000,0.37617,403.63657
2025-06-23 23:09:13+07:00,26.40000,79.90000,110.70000,141.89999,0.61986,403.81860
2025-06-23 23:10:03+07:00,26.40000,79.50000,94.50000,121.80000,0.47381,404.34891
2025-06-23 23:10:52+07:00,26.70000,79.80000,126.90000,150.00000,0.59860,404.74057
2025-06-23 23:11:42+07:00,26.80000,77.70000,76.90000,109.00000,0.79004,405.57883
2025-06-23 23:12:31+07:00,26.70000,78.90000,72.00000,102.80000,0.85268,405.91321
2025-06-23 23:13:20+07:00,26.50000,79.70000,72.70000,100.30000,0.85962,406.17187
2025-06-23 23:14:10+07:00,26.30000,80.30000,75.10000,102.70000,0.93890,406.60754
2025-06-23 23:14:59+07:00,26.20000,80.80000,72.00000,98.60000,1.03455,406.97925
2025-06-23 23:15:49+07:00,26.10000,81.10000,71.10000,100.30000,0.91673,406.53522
2025-06-23 23:16:38+07:00,26.00000,81.40000,73.00000,101.30000,0.99229,406.65613
2025-06-23 23:17:27+07:00,26.00000,81.40000,73.30000,101.30000,0.98452,406.32214
2025-06-23 23:18:16+07:00,26.00000,81.20000,73.40000,100.10000,0.91673,406.41611
2025-06-23 23:19:06+07:00,26.00000,81.30000,68.90000,97.30000,0.94889,405.93536
2025-06-23 23:19:55+07:00,26.00000,81.20000,75.50000,110.30000,0.94139,406.42795
2025-06-23 23:20:45+07:00,26.00000,81.20000,73.70000,102.20000,0.89258,406.49930
2025-06-23 23:21:34+07:00,25.90000,81.40000,72.40000,103.50000,0.85962,406.47543
2025-06-23 23:22:24+07:00,26.00000,81.40000,72.30000,101.60000,0.92900,406.06958
2025-06-23 23:23:13+07:00,26.00000,81.20000,74.20000,105.80000,0.88543,406.36899
2025-06-23 23:24:03+07:00,26.00000,81.10000,72.60000,101.30000,0.96657,406.40430
2025-06-23 23:24:52+07:00,26.00000,81.30000,72.30000,104.30000,0.94889,406.14902
2025-06-23 23:25:41+07:00,26.00000,81.10000,72.00000,103.60000,0.98194,406.12622
2025-06-23 23:26:31+07:00,26.00000,81.20000,72.70000,101.80000,0.92653,406.34552
2025-06-23 23:27:20+07:00,25.90000,81.40000,72.50000,102.90000,0.98452,406.17187
2025-06-23 23:28:10+07:00,25.90000,81.50000,69.50000,99.10000,0.87128,406.40430
2025-06-23 23:28:59+07:00,25.90000,81.50000,71.30000,101.10000,0.90459,406.43979
2025-06-23 23:29:48+07:00,25.90000,81.60000,75.10000,104.40000,0.94889,406.48737
2025-06-23 23:30:38+07:00,25.80000,81.70000,73.50000,103.20000,0.98969,406.17187
2025-06-23 23:31:27+07:00,25.80000,81.70000,72.60000,102.80000,0.94889,406.81610
2025-06-23 23:32:17+07:00,25.90000,81.60000,73.30000,104.10000,1.00010,406.20627
2025-06-23 23:33:06+07:00,25.80000,81.70000,71.50000,104.30000,0.90459,406.39252
2025-06-23 23:33:55+07:00,25.80000,81.90000,74.50000,105.90000,0.90943,405.90219
2025-06-23 23:34:45+07:00,25.80000,81.90000,74.30000,106.40000,0.92162,406.19479
2025-06-23 23:35:34+07:00,25.80000,81.90000,70.90000,102.40000,0.89258,406.36899
2025-06-23 23:36:32+07:00,25.80000,81.90000,73.90000,107.20000,0.92162,406.17187
2025-06-23 23:37:24+07:00,25.80000,81.90000,73.60000,107.70000,0.90701,406.61966
2025-06-23 23:38:13+07:00,25.80000,81.90000,72.20000,102.10000,0.92407,406.05829
2025-06-23 23:39:03+07:00,25.80000,81.80000,72.80000,105.30000,0.97423,406.12622
2025-06-23 23:39:52+07:00,25.80000,81.60000,70.00000,100.10000,0.89737,406.09216
2025-06-23 23:40:41+07:00,25.80000,81.70000,70.70000,99.20000,0.89019,406.36899
2025-06-23 23:41:31+07:00,25.80000,81.70000,71.00000,99.90000,0.89258,406.02457
2025-06-23 23:42:21+07:00,25.80000,81.80000,71.10000,100.70000,0.96403,406.11487
2025-06-23 23:43:10+07:00,25.80000,81.90000,71.10000,99.60000,0.97423,406.09216
2025-06-23 23:44:53+07:00,25.80000,82.00000,69.50000,100.80000,0.89019,406.25241
2025-06-23 23:45:43+07:00,25.70000,82.10000,71.50000,102.00000,0.89737,406.31049
2025-06-23 23:46:38+07:00,25.70000,82.10000,71.50000,104.30000,0.95896,405.95755
2025-06-23 23:47:28+07:00,25.70000,82.20000,69.60000,100.40000,0.85962,405.85818
2025-06-23 23:48:17+07:00,25.70000,82.10000,70.70000,99.30000,0.91429,406.33383
2025-06-23 23:49:13+07:00,25.80000,82.20000,73.20000,103.60000,0.88306,406.34552
2025-06-23 23:51:02+07:00,25.70000,82.20000,73.00000,107.60000,0.90459,406.10352
2025-06-23 23:51:52+07:00,25.80000,82.20000,75.70000,106.50000,0.94639,405.88016
2025-06-23 23:52:41+07:00,25.70000,82.20000,71.30000,99.80000,0.90943,406.34552
2025-06-23 23:53:30+07:00,25.70000,82.30000,74.50000,108.70000,0.92653,406.29883
2025-06-23 23:54:20+07:00,25.70000,82.20000,71.50000,100.70000,0.88306,406.36899
2025-06-23 23:55:09+07:00,25.70000,82.30000,72.30000,99.60000,0.91917,405.90219
2025-06-23 23:56:02+07:00,25.70000,82.30000,71.00000,100.90000,0.90459,406.57129
2025-06-23 23:56:54+07:00,25.70000,82.30000,72.30000,98.80000,0.96657,406.08087
2025-06-23 23:57:44+07:00,25.80000,81.90000,70.40000,98.90000,0.88543,406.09216
2025-06-23 23:58:33+07:00,25.80000,81.80000,69.70000,97.50000,0.95140,406.35724
2025-06-23 23:59:22+07:00,25.80000,81.80000,67.70000,98.90000,0.92162,406.32214
2025-06-24 00:00:15+07:00,25.80000,81.70000,67.70000,94.40000,0.93642,406.21777
2025-06-24 00:01:08+07:00,25.90000,81.50000,67.80000,94.00000,0.94389,406.08087
2025-06-24 00:01:57+07:00,25.80000,81.40000,67.80000,97.10000,0.90459,405.83630
2025-06-24 00:02:47+07:00,25.80000,81.60000,68.00000,95.60000,0.95140,406.29883
2025-06-24 00:03:40+07:00,25.80000,81.60000,63.40000,88.90000,0.92653,406.06958
2025-06-24 00:04:30+07:00,25.70000,81.90000,66.10000,92.50000,0.89258,405.94644
2025-06-24 00:05:19+07:00,25.70000,82.00000,67.60000,94.50000,0.95392,405.73862
2025-06-24 00:06:09+07:00,25.70000,81.90000,67.80000,96.80000,0.94139,406.28720
2025-06-24 00:06:58+07:00,25.70000,81.90000,67.90000,95.00000,0.89497,406.26398
2025-06-24 00:07:48+07:00,25.70000,81.90000,69.20000,96.70000,0.91673,405.80359
2025-06-24 00:08:37+07:00,25.70000,81.90000,66.50000,91.40000,0.91429,405.92429
2025-06-24 00:09:26+07:00,25.70000,81.70000,64.90000,93.80000,0.91673,405.79272
2025-06-24 00:10:16+07:00,25.70000,81.80000,66.20000,90.80000,0.95140,406.36899
2025-06-24 00:11:06+07:00,25.70000,81.80000,66.50000,91.70000,0.95644,406.06958
2025-06-24 00:11:55+07:00,25.70000,81.70000,63.50000,90.10000,0.93394,405.89117
2025-06-24 00:12:44+07:00,25.70000,81.70000,63.60000,87.80000,0.86894,405.99097
2025-06-24 00:13:34+07:00,25.60000,81.90000,62.90000,89.00000,0.91673,405.93536
2025-06-24 00:14:23+07:00,25.60000,82.00000,63.30000,88.00000,0.94389,405.79272
2025-06-24 00:15:12+07:00,25.60000,82.00000,68.20000,98.90000,0.95392,405.89117
2025-06-24 00:16:02+07:00,25.60000,81.90000,67.10000,93.30000,0.87128,405.81448
2025-06-24 00:16:51+07:00,25.60000,82.00000,66.30000,95.10000,0.92900,406.13760
2025-06-24 00:17:41+07:00,25.60000,82.00000,73.20000,103.60000,0.92162,405.65292
2025-06-24 00:18:31+07:00,25.60000,82.40000,73.80000,104.30000,0.93642,406.05829
2025-06-24 00:19:21+07:00,25.60000,83.00000,80.30000,111.80000,0.94889,405.83630
2025-06-24 00:20:10+07:00,25.60000,83.20000,80.90000,114.20000,0.99489,405.95755
2025-06-24 00:20:59+07:00,25.60000,83.50000,80.30000,114.80000,0.90701,405.95755
2025-06-24 00:21:52+07:00,25.60000,83.60000,75.00000,102.10000,0.91673,406.05829
2025-06-24 00:22:41+07:00,25.60000,83.50000,76.30000,105.00000,0.93890,405.96866
2025-06-24 00:23:30+07:00,25.60000,83.30000,74.10000,103.40000,0.93890,406.32214
2025-06-24 00:24:20+07:00,25.50000,83.40000,71.20000,105.20000,0.95896,405.82538
2025-06-24 00:25:09+07:00,25.50000,83.40000,74.40000,107.00000,0.89977,405.83630
2025-06-24 00:25:58+07:00,25.50000,83.30000,77.00000,109.40000,0.89977,405.80359
2025-06-24 00:26:48+07:00,25.50000,83.30000,73.20000,99.20000,0.89258,406.22931
2025-06-24 00:27:37+07:00,25.50000,83.40000,74.80000,104.10000,0.82537,405.90219
2025-06-24 00:28:27+07:00,25.50000,83.20000,88.50000,129.20000,0.91917,406.00214
2025-06-24 00:29:16+07:00,25.50000,83.10000,87.30000,127.60000,0.93642,405.97983
2025-06-24 00:30:06+07:00,25.50000,83.10000,85.10000,128.39999,0.77069,405.72784
2025-06-24 00:30:55+07:00,25.50000,83.00000,81.30000,117.30000,0.90943,406.00214
2025-06-24 00:31:44+07:00,25.50000,83.00000,81.50000,120.70000,0.93146,406.06958
2025-06-24 00:32:34+07:00,25.50000,82.90000,79.50000,115.60000,0.88543,405.91321
2025-06-24 00:33:26+07:00,25.50000,82.90000,77.70000,113.20000,0.89497,405.84723
2025-06-24 00:34:15+07:00,25.50000,82.80000,74.30000,112.90000,0.94639,405.97983
2025-06-24 00:35:04+07:00,25.50000,82.90000,72.50000,101.90000,0.95896,405.97983
2025-06-24 00:35:54+07:00,25.50000,82.60000,69.80000,100.00000,0.96403,405.97983
2025-06-24 00:36:43+07:00,25.60000,82.30000,70.20000,96.10000,0.95896,405.90219
2025-06-24 00:37:32+07:00,25.50000,82.30000,70.60000,98.20000,0.90943,405.92429
2025-06-24 00:38:22+07:00,25.50000,82.40000,73.80000,102.70000,0.93394,405.80359
2025-06-24 00:39:11+07:00,25.50000,82.30000,73.50000,107.00000,0.93394,405.92429
2025-06-24 00:40:05+07:00,25.60000,82.10000,76.00000,107.90000,0.89019,406.11487
2025-06-24 00:40:54+07:00,25.60000,81.90000,80.10000,114.40000,0.89977,405.81448
2025-06-24 00:41:44+07:00,25.60000,81.90000,77.50000,110.90000,0.95896,405.97983
2025-06-24 00:42:41+07:00,25.50000,82.10000,77.20000,110.40000,0.89497,405.64230
2025-06-24 00:43:32+07:00,25.50000,82.40000,85.30000,134.00000,0.90459,405.80359
2025-06-24 00:44:26+07:00,25.50000,82.50000,89.40000,140.50000,0.87598,405.95755
2025-06-24 00:45:16+07:00,25.40000,82.50000,92.90000,149.60001,0.89019,405.80359
2025-06-24 00:46:05+07:00,25.40000,82.50000,95.10000,151.60001,0.92407,405.83630
2025-06-24 00:46:55+07:00,25.40000,82.50000,94.30000,151.80000,0.88781,406.13760
2025-06-24 00:47:44+07:00,25.40000,82.60000,99.60000,167.00000,0.96657,405.82538
2025-06-24 00:48:33+07:00,25.40000,82.40000,109.80000,183.00000,0.85962,405.92429
2025-06-24 00:49:23+07:00,25.40000,82.50000,117.30000,204.10001,0.93642,406.31049
2025-06-24 00:50:12+07:00,25.40000,82.40000,114.40000,192.60001,0.93890,406.28720
2025-06-24 00:51:02+07:00,25.50000,82.10000,110.40000,187.70000,0.93146,406.06958
2025-06-24 00:51:51+07:00,25.40000,82.20000,108.60000,182.60001,0.93890,406.29883
2025-06-24 00:52:40+07:00,25.40000,82.30000,107.40000,183.70000,0.89977,406.12622
2025-06-24 00:53:30+07:00,25.40000,82.40000,118.20000,208.10001,0.93890,406.10352
2025-06-24 00:54:19+07:00,25.40000,82.50000,110.90000,199.20000,0.92900,406.35724
2025-06-24 00:55:08+07:00,25.40000,82.50000,112.70000,197.89999,0.91673,405.97983
2025-06-24 00:55:58+07:00,25.40000,82.60000,98.90000,171.00000,0.96912,406.11487
2025-06-24 00:56:47+07:00,25.40000,82.70000,88.10000,141.50000,0.94639,406.53522
2025-06-24 00:57:39+07:00,25.40000,82.80000,83.70000,126.40000,0.93394,406.17187
2025-06-24 00:58:29+07:00,25.30000,82.90000,78.60000,119.90000,0.92653,406.09216
2025-06-24 00:59:18+07:00,25.30000,83.10000,76.70000,112.00000,0.98969,406.18332
2025-06-24 01:00:08+07:00,25.30000,83.00000,73.90000,109.20000,0.94389,406.36899
2025-06-24 01:00:57+07:00,25.30000,82.80000,74.60000,109.30000,0.94389,406.17187
2025-06-24 01:01:46+07:00,25.40000,82.70000,73.00000,104.30000,0.94639,406.36899
2025-06-24 01:02:36+07:00,25.40000,82.80000,73.70000,108.40000,0.93642,406.36899
2025-06-24 01:03:25+07:00,25.40000,82.80000,71.30000,102.20000,0.95644,406.05829
2025-06-24 01:04:15+07:00,25.40000,82.90000,72.00000,100.50000,0.96403,406.16043
2025-06-24 01:05:07+07:00,25.40000,82.90000,75.50000,109.00000,0.95896,406.25241
2025-06-24 01:06:01+07:00,25.40000,82.80000,71.20000,104.10000,0.93642,406.06958
2025-06-24 01:06:50+07:00,25.40000,82.90000,74.20000,109.80000,0.95644,406.32214
2025-06-24 01:07:40+07:00,25.40000,82.90000,73.50000,108.10000,0.92407,406.11487
2025-06-24 01:08:29+07:00,25.40000,83.00000,74.20000,110.70000,0.91186,405.92429
2025-06-24 01:09:18+07:00,25.30000,83.00000,75.40000,110.10000,0.93394,406.31049
2025-06-24 01:10:08+07:00,25.30000,83.30000,74.30000,109.70000,0.92653,406.02457
2025-06-24 01:10:57+07:00,25.30000,83.00000,75.40000,111.40000,0.95644,406.04703
2025-06-24 01:11:46+07:00,25.30000,82.90000,76.10000,113.60000,0.95896,406.36899
2025-06-24 01:12:36+07:00,25.40000,82.80000,76.40000,110.80000,0.91917,405.89117
2025-06-24 01:13:26+07:00,25.40000,82.80000,75.30000,109.00000,0.91429,406.35724
2025-06-24 01:14:15+07:00,25.40000,82.50000,76.60000,115.90000,0.90701,405.94644
2025-06-24 01:15:08+07:00,25.40000,82.60000,76.90000,114.30000,0.89019,405.82538
2025-06-24 01:15:57+07:00,25.30000,83.00000,74.20000,109.90000,0.88781,406.27557
2025-06-24 01:16:47+07:00,25.30000,82.90000,73.90000,108.70000,0.93394,406.09216
2025-06-24 01:17:36+07:00,25.20000,82.80000,75.20000,108.60000,0.86660,406.13760
2025-06-24 01:18:25+07:00,25.20000,83.00000,76.40000,115.00000,0.96149,406.03577
2025-06-24 01:19:15+07:00,25.20000,82.90000,79.20000,122.20000,0.96657,406.29883
2025-06-24 01:20:04+07:00,25.20000,83.00000,82.00000,128.50000,0.94139,406.04703
2025-06-24 01:20:54+07:00,25.20000,83.00000,88.00000,142.30000,0.97936,406.10352
2025-06-24 01:21:43+07:00,25.10000,83.20000,89.60000,138.70000,0.90701,406.36899
2025-06-24 01:22:33+07:00,25.10000,83.30000,88.10000,139.70000,0.88543,406.36899
2025-06-24 01:23:22+07:00,25.20000,83.20000,93.40000,145.00000,0.95140,406.38074
2025-06-24 01:24:12+07:00,25.20000,83.10000,97.20000,153.39999,0.95644,406.11487
2025-06-24 01:25:01+07:00,25.20000,83.10000,101.70000,171.50000,0.95392,406.22931
2025-06-24 01:25:50+07:00,25.20000,83.10000,99.40000,166.10001,0.95644,406.21777
2025-06-24 01:26:40+07:00,25.20000,83.00000,103.30000,172.39999,0.96403,406.25241
2025-06-24 01:27:29+07:00,25.20000,83.00000,99.20000,163.60001,0.92407,406.35724
2025-06-24 01:28:21+07:00,25.20000,83.10000,99.30000,164.89999,0.93394,406.34552
2025-06-24 01:29:11+07:00,25.20000,82.90000,82.90000,129.00000,0.97167,406.24084
2025-06-24 01:30:00+07:00,25.30000,82.80000,84.50000,132.10001,0.95896,406.16043
2025-06-24 01:30:49+07:00,25.20000,82.70000,83.00000,131.10001,0.97423,406.40430
2025-06-24 01:31:39+07:00,25.20000,82.70000,82.30000,129.30000,0.93642,406.29883
2025-06-24 01:32:28+07:00,25.20000,82.70000,83.50000,127.60000,0.97167,406.33383
2025-06-24 01:33:18+07:00,25.10000,82.80000,81.00000,128.50000,0.94139,406.29883
2025-06-24 01:34:07+07:00,25.10000,82.80000,78.30000,122.20000,0.99749,406.04703
2025-06-24 01:34:56+07:00,25.10000,82.90000,77.90000,120.30000,0.94639,406.36899
2025-06-24 01:35:46+07:00,25.20000,82.80000,76.30000,115.50000,0.92162,406.24084
2025-06-24 01:36:35+07:00,25.20000,82.70000,78.30000,117.80000,0.99489,406.34552
2025-06-24 01:37:25+07:00,25.30000,82.50000,76.30000,114.20000,0.94139,406.05829
2025-06-24 01:38:14+07:00,25.20000,82.70000,76.90000,111.00000,0.91186,406.03577
2025-06-24 01:39:03+07:00,25.30000,82.50000,74.40000,110.30000,0.98452,406.13760
2025-06-24 01:39:53+07:00,25.30000,82.50000,71.90000,112.00000,0.93890,405.91321
2025-06-24 01:40:42+07:00,25.30000,82.50000,78.60000,118.70000,0.96403,406.26398
2025-06-24 01:41:31+07:00,25.30000,82.30000,82.20000,123.90000,0.92900,405.89117
2025-06-24 01:42:21+07:00,25.30000,82.30000,85.80000,131.60001,0.98194,405.78186
2025-06-24 01:43:10+07:00,25.30000,82.40000,87.10000,132.10001,0.94889,405.77103
2025-06-24 01:43:59+07:00,25.30000,82.30000,86.40000,130.50000,0.92407,406.29883
2025-06-24 01:44:49+07:00,25.30000,82.40000,80.50000,119.30000,0.97936,406.54721
2025-06-24 01:45:38+07:00,25.20000,82.40000,77.60000,114.80000,0.87363,405.92429
2025-06-24 01:46:28+07:00,25.30000,82.40000,78.10000,118.30000,0.93890,406.01334
2025-06-24 01:47:17+07:00,25.20000,82.50000,73.70000,110.00000,0.89497,406.10352
2025-06-24 01:48:06+07:00,25.20000,82.50000,75.80000,108.90000,0.97423,405.90219
2025-06-24 01:48:56+07:00,25.30000,82.50000,73.20000,109.60000,0.91917,406.06958
2025-06-24 01:49:45+07:00,25.20000,82.40000,71.90000,109.00000,0.95140,405.96866
2025-06-24 01:50:35+07:00,25.20000,82.50000,70.40000,106.20000,0.98452,406.11487
2025-06-24 01:51:24+07:00,25.20000,82.50000,68.20000,100.30000,0.88781,406.03577
2025-06-24 01:52:13+07:00,25.20000,82.50000,72.60000,107.90000,0.96149,405.79272
2025-06-24 01:53:03+07:00,25.30000,82.50000,72.90000,108.10000,0.91673,406.06958
2025-06-24 01:53:52+07:00,25.30000,82.40000,72.50000,106.60000,0.88781,406.09216
2025-06-24 01:54:42+07:00,25.30000,82.40000,69.80000,105.90000,0.94139,406.03577
2025-06-24 01:55:31+07:00,25.20000,82.40000,71.20000,107.50000,0.93890,405.94644
2025-06-24 01:56:21+07:00,25.20000,82.40000,69.60000,106.30000,0.89019,405.94644
2025-06-24 01:57:10+07:00,25.20000,82.30000,70.30000,102.80000,0.93642,405.94644
2025-06-24 01:57:59+07:00,25.20000,82.60000,72.80000,106.60000,0.90701,405.81448
2025-06-24 01:58:49+07:00,25.20000,82.80000,69.80000,106.60000,0.89019,405.90219
2025-06-24 01:59:38+07:00,25.10000,82.80000,71.90000,106.30000,0.94889,405.83630
2025-06-24 02:00:28+07:00,25.20000,82.70000,72.60000,107.60000,0.95392,406.24084
2025-06-24 02:01:17+07:00,25.10000,82.80000,73.80000,105.30000,0.89497,405.80359
2025-06-24 02:02:10+07:00,25.20000,83.00000,73.50000,109.60000,0.91186,405.95755
2025-06-24 02:02:59+07:00,25.10000,83.20000,72.50000,108.30000,0.91186,405.89117
2025-06-24 02:03:49+07:00,25.10000,83.30000,73.40000,109.40000,0.93642,405.80359
2025-06-24 02:04:38+07:00,25.10000,83.20000,77.90000,117.70000,0.87363,406.14902
2025-06-24 02:05:28+07:00,25.20000,83.20000,77.10000,121.20000,0.89019,406.10352
2025-06-24 02:06:17+07:00,25.20000,83.00000,75.70000,114.60000,0.94139,405.94644
2025-06-24 02:07:06+07:00,25.20000,83.10000,79.10000,118.20000,0.93394,406.11487
2025-06-24 02:07:56+07:00,25.10000,83.20000,76.00000,115.40000,0.88781,406.21777
2025-06-24 02:08:45+07:00,25.20000,83.10000,75.80000,118.90000,0.90218,406.06958
2025-06-24 02:09:35+07:00,25.20000,82.80000,76.10000,111.40000,0.97679,406.11487
2025-06-24 02:10:24+07:00,25.20000,82.80000,77.50000,119.00000,0.93146,406.42795
2025-06-24 02:11:14+07:00,25.20000,82.70000,78.80000,120.50000,1.02919,406.41611
2025-06-24 02:12:03+07:00,25.20000,82.90000,77.60000,118.50000,0.99229,406.43979
2025-06-24 02:12:56+07:00,25.20000,82.90000,80.60000,120.30000,1.00010,406.46353
2025-06-24 02:13:45+07:00,25.20000,82.80000,78.30000,124.40000,0.99489,406.36899
2025-06-24 02:14:34+07:00,25.30000,82.60000,82.90000,123.60000,0.97679,406.46353
2025-06-24 02:15:24+07:00,25.30000,82.50000,83.90000,128.30000,0.99749,406.65613
2025-06-24 02:16:13+07:00,25.30000,82.70000,87.00000,135.00000,1.02385,406.48737
2025-06-24 02:17:02+07:00,25.20000,82.70000,81.40000,125.10000,1.06168,406.39252
2025-06-24 02:17:52+07:00,25.20000,82.90000,81.20000,119.70000,1.03455,406.61966
2025-06-24 02:18:42+07:00,25.20000,83.10000,74.60000,119.40000,1.00010,406.52322
2025-06-24 02:19:31+07:00,25.10000,83.20000,75.60000,116.70000,1.02385,406.53522
2025-06-24 02:20:21+07:00,25.10000,83.30000,77.70000,116.20000,0.98969,406.80368
2025-06-24 02:21:10+07:00,25.10000,83.40000,77.30000,122.10000,0.92162,406.28720
2025-06-24 02:22:00+07:00,25.10000,83.50000,77.00000,117.80000,0.99489,406.52322
2025-06-24 02:22:49+07:00,25.10000,83.50000,77.70000,118.10000,1.01324,406.35724
2025-06-24 02:23:38+07:00,25.10000,83.50000,77.10000,118.20000,1.13487,406.54721
2025-06-24 02:24:28+07:00,25.20000,83.30000,75.70000,115.40000,0.98194,406.48737
2025-06-24 02:25:20+07:00,25.20000,83.10000,78.10000,117.80000,0.98969,406.26398
2025-06-24 02:26:10+07:00,25.20000,83.00000,77.70000,113.60000,1.04533,406.64395
2025-06-24 02:26:59+07:00,25.10000,83.10000,78.50000,116.60000,1.06993,406.54721
2025-06-24 02:27:48+07:00,25.20000,83.10000,72.60000,112.30000,1.05348,406.55923
2025-06-24 02:28:38+07:00,25.20000,83.10000,79.70000,122.40000,0.99749,406.60754
2025-06-24 02:29:27+07:00,25.10000,83.00000,79.90000,118.30000,1.00010,406.36899
2025-06-24 02:30:17+07:00,25.10000,83.20000,80.00000,121.20000,1.04533,406.66833
2025-06-24 02:31:06+07:00,25.10000,83.10000,75.80000,112.10000,1.01060,406.80368
2025-06-24 02:31:56+07:00,25.10000,82.80000,79.40000,122.00000,1.01060,406.58337
2025-06-24 02:32:45+07:00,25.20000,82.70000,81.00000,120.80000,1.02919,406.82855
2025-06-24 02:33:34+07:00,25.20000,82.90000,76.90000,116.20000,1.02652,406.66833
2025-06-24 02:34:27+07:00,25.30000,82.70000,81.90000,123.60000,0.97679,406.51126
2025-06-24 02:35:16+07:00,25.30000,82.50000,79.20000,119.70000,1.02119,406.55923
2025-06-24 02:36:05+07:00,25.30000,82.40000,81.30000,123.10000,0.97936,406.48737
2025-06-24 02:36:55+07:00,25.30000,82.50000,80.40000,120.40000,0.97679,406.35724
2025-06-24 02:37:44+07:00,25.30000,82.70000,78.60000,122.00000,1.05621,406.36899
2025-06-24 02:38:34+07:00,25.20000,82.90000,77.50000,114.40000,1.00534,406.39252
2025-06-24 02:39:23+07:00,25.10000,82.90000,78.40000,117.70000,0.91186,406.01334
2025-06-24 02:40:13+07:00,25.10000,83.20000,75.10000,114.40000,0.98969,405.81448
2025-06-24 02:41:05+07:00,25.10000,83.20000,75.10000,110.30000,0.97936,406.35724
2025-06-24 02:41:55+07:00,25.10000,83.30000,80.70000,119.50000,0.93642,406.59543
2025-06-24 02:42:44+07:00,25.10000,83.40000,78.20000,117.80000,1.01324,406.53522
2025-06-24 02:43:34+07:00,25.10000,83.30000,79.20000,120.30000,1.01324,406.27557
2025-06-24 02:44:23+07:00,25.00000,83.30000,83.40000,123.30000,0.95644,406.31049
2025-06-24 02:45:13+07:00,25.10000,83.40000,81.40000,122.40000,0.99749,406.21777
2025-06-24 02:46:02+07:00,25.10000,83.40000,79.00000,120.30000,1.02652,406.36899
2025-06-24 02:46:52+07:00,25.10000,83.30000,81.30000,123.90000,0.98969,406.11487
2025-06-24 02:47:45+07:00,25.10000,83.40000,80.50000,120.00000,1.00534,406.53522
2025-06-24 02:48:34+07:00,25.10000,83.40000,78.10000,114.70000,0.93394,406.40430
2025-06-24 02:49:27+07:00,25.10000,83.40000,81.40000,122.70000,0.95644,406.13760
2025-06-24 02:51:13+07:00,25.10000,83.40000,83.10000,127.20000,0.96403,406.18332
2025-06-24 02:52:11+07:00,25.00000,83.70000,82.30000,122.50000,0.95140,406.45166
2025-06-24 02:53:04+07:00,25.00000,83.80000,83.30000,125.70000,1.05621,406.39252
2025-06-24 02:54:06+07:00,25.10000,83.90000,82.80000,126.70000,1.00534,406.26398
2025-06-24 02:55:03+07:00,25.00000,84.00000,82.40000,123.30000,0.99229,406.47543
2025-06-24 02:55:53+07:00,25.00000,83.90000,83.60000,131.39999,0.99229,406.41611
2025-06-24 02:56:42+07:00,25.00000,83.90000,87.10000,129.60001,1.00797,406.52322
2025-06-24 02:57:32+07:00,25.00000,83.90000,85.60000,128.30000,0.95392,406.32214
2025-06-24 02:58:22+07:00,25.00000,83.90000,85.70000,124.10000,0.94639,406.31049
2025-06-24 02:59:12+07:00,25.00000,83.90000,87.20000,132.00000,0.93146,406.28720
2025-06-24 03:00:05+07:00,24.90000,83.90000,80.50000,122.60000,1.08937,406.25241
2025-06-24 03:00:55+07:00,24.90000,84.00000,87.30000,133.10001,0.94889,406.26398
2025-06-24 03:01:44+07:00,24.90000,84.10000,80.50000,127.60000,0.96657,406.03577
2025-06-24 03:02:33+07:00,24.90000,84.20000,78.60000,120.90000,0.95644,406.28720
2025-06-24 03:03:23+07:00,24.90000,84.50000,81.70000,126.20000,0.94889,406.17187
2025-06-24 03:04:12+07:00,24.80000,84.60000,80.70000,126.40000,0.93146,405.73862
2025-06-24 03:05:55+07:00,24.80000,84.30000,81.20000,125.40000,0.98194,406.39252
2025-06-24 03:06:45+07:00,24.90000,84.00000,79.80000,123.20000,0.98194,406.02457
2025-06-24 03:07:34+07:00,24.80000,84.00000,80.00000,120.90000,0.95140,406.36899
2025-06-24 03:08:23+07:00,24.80000,84.10000,81.60000,122.80000,1.01589,406.27557
2025-06-24 03:09:13+07:00,24.80000,83.90000,83.30000,125.50000,0.90459,406.41611
2025-06-24 03:10:02+07:00,24.70000,83.90000,79.20000,117.00000,0.96657,406.10352
2025-06-24 03:10:52+07:00,24.70000,84.00000,77.80000,117.00000,0.99229,406.24084
2025-06-24 03:11:41+07:00,24.70000,84.00000,81.30000,123.40000,0.95140,406.40430
2025-06-24 03:12:31+07:00,24.80000,83.90000,80.30000,121.40000,0.94889,406.34552
2025-06-24 03:13:20+07:00,24.80000,83.90000,82.40000,127.00000,0.97423,406.24084
2025-06-24 03:14:09+07:00,24.90000,84.20000,85.50000,133.20000,0.95392,406.31049
2025-06-24 03:15:02+07:00,24.80000,84.20000,93.10000,145.80000,0.96149,406.43979
2025-06-24 03:15:52+07:00,24.90000,84.00000,93.90000,151.80000,1.02119,406.40430
2025-06-24 03:16:41+07:00,24.90000,84.10000,94.80000,155.80000,0.98194,406.14902
2025-06-24 03:17:33+07:00,24.90000,84.40000,90.70000,151.70000,0.98710,406.24084
2025-06-24 03:18:23+07:00,24.90000,84.20000,92.90000,152.39999,1.02652,406.27557
2025-06-24 03:19:16+07:00,25.00000,84.10000,88.00000,149.20000,0.99749,406.35724
2025-06-24 03:20:08+07:00,24.90000,84.20000,93.50000,148.70000,0.99749,406.12622
2025-06-24 03:20:58+07:00,24.90000,84.40000,93.80000,157.39999,0.96657,406.00214
2025-06-24 03:21:47+07:00,24.90000,84.40000,92.00000,149.10001,0.98969,406.20627
2025-06-24 03:22:36+07:00,24.90000,84.50000,89.10000,141.10001,0.99749,405.97983
2025-06-24 03:23:26+07:00,24.80000,84.50000,91.00000,146.60001,0.91917,406.35724
2025-06-24 03:24:15+07:00,24.80000,84.50000,88.30000,146.39999,0.96403,406.13760
2025-06-24 03:25:05+07:00,24.80000,84.60000,84.50000,132.70000,0.93642,406.02457
2025-06-24 03:25:54+07:00,24.90000,84.40000,84.40000,134.10001,0.95392,406.06958
2025-06-24 03:26:43+07:00,24.90000,84.40000,88.40000,136.39999,0.96149,406.09216
2025-06-24 03:27:33+07:00,24.90000,84.20000,84.80000,131.00000,0.95140,406.38074
2025-06-24 03:28:23+07:00,24.90000,84.40000,86.90000,142.00000,0.96403,406.06958
2025-06-24 03:29:12+07:00,24.80000,84.50000,85.80000,136.20000,0.91186,406.09216
2025-06-24 03:30:02+07:00,24.80000,84.50000,81.60000,133.30000,0.95140,405.71710
2025-06-24 03:30:51+07:00,24.80000,84.40000,81.50000,130.50000,0.98969,406.10352
2025-06-24 03:31:40+07:00,24.90000,84.10000,83.50000,132.00000,0.93642,406.00214
2025-06-24 03:32:30+07:00,24.90000,84.00000,84.20000,135.20000,0.89497,405.92429
2025-06-24 03:33:19+07:00,24.80000,84.20000,82.60000,132.00000,0.98969,406.21777
2025-06-24 03:34:08+07:00,24.80000,84.20000,97.90000,169.00000,0.95644,406.13760
2025-06-24 03:34:58+07:00,24.80000,84.30000,108.40000,190.20000,0.93642,406.05829
2025-06-24 03:35:47+07:00,24.70000,84.40000,113.20000,204.50000,0.90218,406.09216
2025-06-24 03:36:37+07:00,24.70000,84.50000,115.90000,204.30000,0.91429,406.17187
2025-06-24 03:37:26+07:00,24.70000,84.70000,110.20000,198.89999,0.91429,406.13760
2025-06-24 03:38:16+07:00,24.70000,84.80000,111.30000,198.30000,0.92900,405.79272
2025-06-24 03:39:05+07:00,24.60000,84.90000,109.70000,192.50000,0.96149,406.35724
2025-06-24 03:39:54+07:00,24.60000,84.90000,106.20000,182.70000,0.90218,406.04703
2025-06-24 03:40:46+07:00,24.70000,84.90000,107.40000,185.39999,0.92653,405.89117
2025-06-24 03:41:36+07:00,24.70000,84.70000,109.00000,184.60001,0.96149,406.14902
2025-06-24 03:42:25+07:00,24.60000,84.80000,105.20000,182.39999,0.97423,406.04703
2025-06-24 03:43:15+07:00,24.60000,84.80000,94.60000,159.80000,0.90459,405.95755
2025-06-24 03:44:04+07:00,24.60000,84.60000,90.10000,146.39999,0.91186,405.85818
2025-06-24 03:44:53+07:00,24.60000,84.70000,85.50000,139.70000,0.93642,406.12622
2025-06-24 03:45:43+07:00,24.60000,84.50000,80.60000,129.39999,0.88306,406.43979
2025-06-24 03:46:32+07:00,24.70000,84.50000,76.40000,116.80000,0.96403,406.03577
2025-06-24 03:47:21+07:00,24.70000,84.20000,77.70000,123.90000,0.91673,405.90219
2025-06-24 03:48:11+07:00,24.70000,84.40000,74.80000,116.40000,0.90218,405.59991
2025-06-24 03:49:00+07:00,24.70000,84.40000,77.30000,119.20000,0.89019,405.93536
2025-06-24 03:49:49+07:00,24.70000,84.30000,77.20000,116.10000,0.88306,405.70636
2025-06-24 03:50:39+07:00,24.70000,84.40000,78.30000,115.80000,0.93890,405.65292
2025-06-24 03:51:28+07:00,24.70000,84.30000,80.50000,129.70000,0.95392,405.67426
2025-06-24 03:52:18+07:00,24.70000,84.40000,77.10000,119.40000,0.88781,405.49509
2025-06-24 03:53:07+07:00,24.70000,84.20000,81.40000,125.30000,0.86660,405.83630
2025-06-24 03:53:56+07:00,24.70000,84.40000,78.50000,122.20000,0.89977,405.73862
2025-06-24 03:54:46+07:00,24.70000,84.20000,80.80000,127.60000,0.89497,405.74942
2025-06-24 03:55:35+07:00,24.70000,84.30000,78.10000,122.60000,0.88306,405.90219
2025-06-24 03:56:24+07:00,24.70000,84.40000,81.80000,131.10001,0.92900,405.80359
2025-06-24 03:57:14+07:00,24.60000,84.40000,85.00000,135.30000,0.85268,405.63165
2025-06-24 03:58:03+07:00,24.60000,84.40000,81.50000,131.20000,0.91429,405.70636
2025-06-24 03:58:53+07:00,24.70000,84.00000,81.70000,134.10001,0.92162,405.71710
2025-06-24 03:59:42+07:00,24.70000,83.90000,83.50000,135.80000,0.89019,405.77103
2025-06-24 04:00:32+07:00,24.80000,83.80000,78.30000,124.30000,0.87363,405.76022
2025-06-24 04:01:21+07:00,24.80000,83.80000,77.90000,123.10000,0.93890,405.56830
2025-06-24 04:02:10+07:00,24.80000,83.60000,76.60000,120.50000,0.92407,405.54730
2025-06-24 04:03:00+07:00,24.90000,83.60000,73.70000,113.30000,0.89737,405.53680
2025-06-24 04:03:49+07:00,24.90000,83.60000,81.70000,136.00000,0.86427,405.74942
2025-06-24 04:04:39+07:00,24.80000,83.50000,77.50000,122.10000,0.91429,405.63165
2025-06-24 04:05:28+07:00,24.80000,83.60000,76.10000,121.70000,0.87128,405.57883
2025-06-24 04:06:17+07:00,24.80000,83.60000,75.70000,117.90000,0.88070,405.71710
2025-06-24 04:07:07+07:00,24.80000,83.70000,77.70000,122.40000,0.86660,405.32059
2025-06-24 04:07:56+07:00,24.70000,83.90000,76.80000,119.20000,0.85038,405.62106
2025-06-24 04:08:45+07:00,24.70000,84.00000,77.70000,120.50000,0.88781,405.59991
2025-06-24 04:09:35+07:00,24.60000,84.10000,79.80000,128.39999,0.82762,405.53680
2025-06-24 04:10:24+07:00,24.60000,84.20000,78.90000,124.80000,0.92162,405.58936
2025-06-24 04:11:14+07:00,24.60000,84.40000,78.40000,122.50000,0.87363,405.48468
2025-06-24 04:12:03+07:00,24.60000,84.20000,78.90000,120.80000,0.85962,405.42267
2025-06-24 04:12:53+07:00,24.60000,84.30000,77.50000,117.30000,0.87128,405.56830
2025-06-24 04:13:42+07:00,24.60000,84.20000,71.80000,111.40000,0.85038,405.64230
2025-06-24 04:14:31+07:00,24.60000,84.10000,74.60000,118.60000,0.89977,405.94644
2025-06-24 04:15:21+07:00,24.70000,84.10000,79.00000,122.20000,0.84122,405.63165
2025-06-24 04:16:10+07:00,24.70000,84.00000,80.90000,132.20000,0.89019,405.65292
2025-06-24 04:16:59+07:00,24.70000,83.90000,81.50000,130.00000,0.84122,405.76022
2025-06-24 04:17:49+07:00,24.70000,84.00000,84.00000,133.70000,0.85038,405.52637
2025-06-24 04:18:38+07:00,24.60000,84.20000,83.30000,127.40000,0.90218,405.42267
2025-06-24 04:19:27+07:00,24.60000,84.20000,81.00000,129.00000,0.88306,405.70636
2025-06-24 04:20:17+07:00,24.60000,84.30000,81.40000,123.70000,0.84808,405.51593
2025-06-24 04:21:06+07:00,24.60000,84.20000,79.40000,123.80000,0.87833,405.55777
2025-06-24 04:21:55+07:00,24.60000,84.30000,81.20000,126.60000,0.89258,405.73862
2025-06-24 04:22:45+07:00,24.70000,84.30000,80.70000,125.30000,0.86660,405.77103
2025-06-24 04:23:34+07:00,24.70000,84.20000,79.20000,125.40000,0.81865,405.76022
2025-06-24 04:24:24+07:00,24.60000,84.40000,79.50000,122.50000,0.87363,405.54730
2025-06-24 04:25:13+07:00,24.60000,84.60000,79.30000,122.40000,0.86894,405.69565
2025-06-24 04:26:02+07:00,24.60000,84.70000,78.30000,120.90000,0.88306,405.66357
2025-06-24 04:26:52+07:00,24.60000,84.50000,78.50000,126.80000,0.88543,405.67426
2025-06-24 04:27:41+07:00,24.60000,84.70000,77.10000,122.20000,0.88306,405.51593
2025-06-24 04:28:30+07:00,24.60000,84.70000,79.70000,122.90000,0.87363,405.65292
2025-06-24 04:29:20+07:00,24.50000,85.00000,78.40000,121.00000,0.86427,405.53680
2025-06-24 04:30:09+07:00,24.40000,85.20000,79.40000,122.80000,0.86660,405.59991
2025-06-24 04:30:59+07:00,24.40000,85.30000,78.00000,121.10000,0.90701,405.61047
2025-06-24 04:31:48+07:00,24.40000,84.80000,78.70000,120.50000,0.86660,405.72784
2025-06-24 04:32:37+07:00,24.50000,84.90000,76.30000,121.20000,0.91917,405.61047
2025-06-24 04:33:27+07:00,24.50000,84.80000,80.60000,129.70000,0.84350,405.63165
2025-06-24 04:34:16+07:00,24.50000,85.10000,83.50000,127.70000,0.80314,405.70636
2025-06-24 04:35:05+07:00,24.50000,84.80000,93.20000,143.30000,0.84122,405.63165
2025-06-24 04:35:55+07:00,24.60000,84.70000,91.20000,139.30000,0.83440,405.78186
2025-06-24 04:36:44+07:00,24.50000,84.90000,95.20000,142.80000,0.89977,405.74942
2025-06-24 04:37:33+07:00,24.50000,85.10000,93.10000,137.70000,0.84122,405.77103
2025-06-24 04:38:23+07:00,24.40000,85.10000,87.10000,133.00000,0.87833,405.66357
2025-06-24 04:39:12+07:00,24.40000,85.30000,89.20000,139.00000,0.85038,405.59991
2025-06-24 04:40:02+07:00,24.40000,85.20000,87.20000,134.50000,0.85499,405.62106
2025-06-24 04:40:51+07:00,24.40000,85.20000,88.90000,135.89999,0.89019,405.69565
2025-06-24 04:41:40+07:00,24.40000,85.40000,86.10000,132.20000,0.82762,405.62106
2025-06-24 04:42:30+07:00,24.40000,85.40000,87.10000,136.20000,0.86194,405.57883
2025-06-24 04:43:19+07:00,24.30000,85.40000,89.60000,143.89999,0.85730,405.45361
2025-06-24 04:44:08+07:00,24.30000,85.60000,87.00000,142.20000,0.85730,405.72784
2025-06-24 04:44:58+07:00,24.30000,85.70000,89.90000,147.30000,0.86427,405.70636
2025-06-24 04:45:47+07:00,24.30000,85.60000,91.10000,157.70000,0.86894,405.67426
2025-06-24 04:46:37+07:00,24.30000,85.70000,92.30000,149.30000,0.85962,405.62106
2025-06-24 04:47:26+07:00,24.30000,85.70000,90.40000,145.80000,0.84350,405.59991
2025-06-24 04:48:15+07:00,24.30000,85.90000,86.60000,142.89999,0.82089,405.62106
2025-06-24 04:49:05+07:00,24.30000,86.00000,85.10000,134.30000,0.82762,405.62106
2025-06-24 04:49:54+07:00,24.20000,86.10000,81.60000,128.80000,0.86660,405.61047
2025-06-24 04:50:44+07:00,24.20000,86.20000,84.40000,128.60001,0.89977,405.54730
2025-06-24 04:51:33+07:00,24.20000,86.10000,85.80000,133.60001,0.85038,405.61047
2025-06-24 04:52:22+07:00,24.20000,86.30000,84.30000,129.00000,0.96912,405.67426
2025-06-24 04:53:12+07:00,24.20000,86.40000,80.40000,121.10000,0.85962,405.62106
2025-06-24 04:54:01+07:00,24.20000,86.40000,84.30000,128.20000,0.81865,405.93536
2025-06-24 04:54:51+07:00,24.20000,86.50000,83.70000,129.39999,0.88306,405.65292
2025-06-24 04:55:40+07:00,24.30000,86.20000,80.80000,123.70000,0.86660,405.80359
2025-06-24 04:56:29+07:00,24.40000,85.60000,84.30000,126.60000,0.89497,405.66357
2025-06-24 04:57:19+07:00,24.40000,85.40000,84.40000,130.10001,0.87833,405.55777
2025-06-24 04:58:08+07:00,24.60000,85.10000,81.40000,124.50000,0.87598,405.70636
2025-06-24 04:58:57+07:00,24.60000,84.70000,80.00000,129.10001,0.87598,405.73862
2025-06-24 04:59:47+07:00,24.70000,84.50000,84.20000,128.10001,0.89737,405.62106
2025-06-24 05:00:36+07:00,24.70000,84.50000,86.20000,133.00000,0.83667,405.88016
2025-06-24 05:01:25+07:00,24.60000,84.60000,83.80000,128.50000,0.86894,406.11487
2025-06-24 05:02:15+07:00,24.60000,84.70000,82.80000,130.60001,0.83440,405.86917
2025-06-24 05:03:04+07:00,24.60000,84.60000,82.80000,129.80000,0.91673,405.92429
2025-06-24 05:03:54+07:00,24.70000,84.40000,85.10000,129.39999,0.85962,405.91321
2025-06-24 05:04:43+07:00,24.60000,84.40000,85.90000,135.20000,0.86894,405.92429
2025-06-24 05:05:32+07:00,24.60000,84.60000,83.60000,131.39999,0.87363,405.83630
2025-06-24 05:06:24+07:00,24.60000,84.60000,84.10000,127.70000,0.91673,405.76022
2025-06-24 05:07:14+07:00,24.60000,84.50000,82.10000,129.89999,0.89258,405.72784
2025-06-24 05:08:03+07:00,24.60000,84.40000,83.70000,131.30000,0.88306,405.62106
2025-06-24 05:08:53+07:00,24.50000,84.50000,82.30000,129.39999,0.88070,405.77103
2025-06-24 05:09:42+07:00,24.50000,84.60000,81.40000,126.00000,0.90218,405.80359
2025-06-24 05:10:31+07:00,24.50000,84.80000,82.40000,125.90000,0.89737,405.74942
2025-06-24 05:11:21+07:00,24.40000,85.20000,81.80000,126.70000,0.90459,405.76022
2025-06-24 05:12:10+07:00,24.40000,85.10000,81.20000,128.00000,0.88543,405.65292
2025-06-24 05:12:59+07:00,24.40000,85.20000,79.60000,125.00000,0.91429,405.65292
2025-06-24 05:13:49+07:00,24.30000,85.30000,81.00000,127.10000,0.89737,405.76022
2025-06-24 05:14:38+07:00,24.30000,85.40000,81.50000,127.00000,0.88543,405.56830
2025-06-24 05:15:28+07:00,24.30000,85.60000,80.70000,122.30000,0.86894,405.56830
2025-06-24 05:16:17+07:00,24.30000,85.60000,78.20000,126.10000,0.86194,405.62106
2025-06-24 05:17:06+07:00,24.30000,85.60000,83.80000,131.89999,0.91673,405.63165
2025-06-24 05:17:56+07:00,24.20000,85.70000,81.70000,128.89999,0.93394,405.66357
2025-06-24 05:18:45+07:00,24.20000,85.90000,83.50000,125.60000,0.82537,405.64230
2025-06-24 05:19:34+07:00,24.20000,85.80000,78.70000,123.50000,0.86427,405.68494
2025-06-24 05:20:24+07:00,24.20000,85.90000,83.30000,127.70000,0.89737,405.79272
2025-06-24 05:21:13+07:00,24.20000,86.00000,81.30000,126.40000,0.90943,405.70636
2025-06-24 05:22:06+07:00,24.20000,86.10000,81.80000,133.10001,0.89258,405.54730
2025-06-24 05:22:59+07:00,24.20000,86.30000,83.90000,126.90000,0.90459,405.62106
2025-06-24 05:23:52+07:00,24.20000,86.30000,82.90000,129.00000,0.89019,405.65292
2025-06-24 05:24:41+07:00,24.10000,86.50000,83.70000,130.00000,0.87128,405.73862
2025-06-24 05:25:36+07:00,24.20000,86.50000,85.20000,128.80000,0.88306,405.65292
2025-06-24 05:26:29+07:00,24.10000,86.60000,81.30000,122.80000,0.93394,405.80359
2025-06-24 05:27:27+07:00,24.10000,86.60000,83.80000,131.10001,0.80314,405.76022
2025-06-24 05:28:21+07:00,24.20000,86.50000,84.70000,133.50000,0.85730,405.73862
2025-06-24 05:29:11+07:00,24.10000,86.60000,81.40000,123.70000,0.87833,405.71710
2025-06-24 05:30:00+07:00,24.10000,86.70000,85.10000,133.39999,0.87363,405.64230
2025-06-24 05:30:49+07:00,24.10000,86.50000,80.90000,127.10000,0.92653,406.00214
2025-06-24 05:31:39+07:00,24.10000,86.50000,84.00000,132.50000,0.88781,406.16043
2025-06-24 05:32:28+07:00,24.10000,86.40000,81.90000,124.50000,1.03724,406.34552
2025-06-24 05:33:17+07:00,24.20000,86.50000,84.30000,127.70000,0.93146,406.17187
2025-06-24 05:34:07+07:00,24.20000,86.40000,86.20000,128.00000,0.88306,406.19479
2025-06-24 05:34:56+07:00,24.20000,86.40000,82.60000,131.10001,0.85730,405.85818
2025-06-24 05:35:46+07:00,24.20000,86.30000,83.70000,129.39999,0.94389,405.80359
2025-06-24 05:36:35+07:00,24.30000,85.90000,81.80000,132.30000,0.86894,405.83630
2025-06-24 05:37:25+07:00,24.40000,85.50000,82.30000,132.10001,0.93642,405.76022
2025-06-24 05:38:17+07:00,24.40000,85.10000,83.70000,129.20000,0.87598,405.76022
2025-06-24 05:39:06+07:00,24.40000,85.10000,87.60000,136.20000,0.89737,405.84723
2025-06-24 05:39:56+07:00,24.40000,85.00000,83.40000,127.00000,0.84122,405.70636
2025-06-24 05:40:45+07:00,24.40000,85.00000,87.80000,134.89999,0.89737,405.74942
2025-06-24 05:41:35+07:00,24.30000,85.20000,84.60000,132.89999,0.87833,405.64230
2025-06-24 05:42:27+07:00,24.30000,85.10000,86.40000,131.80000,0.92407,405.81448
2025-06-24 05:43:17+07:00,24.20000,85.20000,90.10000,137.39999,0.93394,405.89117
2025-06-24 05:44:06+07:00,24.20000,85.20000,90.10000,144.50000,0.89737,405.94644
2025-06-24 05:44:55+07:00,24.20000,85.20000,88.80000,140.39999,0.92900,406.39252
2025-06-24 05:45:45+07:00,24.20000,85.20000,89.20000,137.60001,0.91186,405.89117
2025-06-24 05:46:34+07:00,24.20000,85.20000,88.80000,140.70000,1.01589,406.06958
2025-06-24 05:47:23+07:00,24.10000,85.20000,89.60000,141.89999,0.92653,406.08087
2025-06-24 05:48:13+07:00,24.10000,85.20000,88.80000,142.39999,0.97167,405.96866
2025-06-24 05:49:02+07:00,24.20000,85.10000,91.00000,144.89999,0.92407,405.95755
2025-06-24 05:49:52+07:00,24.20000,85.20000,89.30000,141.50000,1.03455,406.00214
2025-06-24 05:50:41+07:00,24.10000,85.10000,90.00000,138.89999,0.89737,406.09216
2025-06-24 05:51:30+07:00,24.10000,85.20000,88.20000,141.50000,0.87598,406.20627
2025-06-24 05:52:20+07:00,24.10000,85.20000,87.60000,143.89999,0.92162,405.96866
2025-06-24 05:53:09+07:00,24.10000,85.30000,89.30000,144.39999,0.88070,405.97983
2025-06-24 05:53:59+07:00,24.20000,85.00000,87.00000,142.89999,0.93146,405.89117
2025-06-24 05:54:48+07:00,24.20000,84.80000,88.80000,148.10001,0.91673,405.93536
2025-06-24 05:55:38+07:00,24.10000,85.00000,91.80000,150.30000,0.91186,405.97983
2025-06-24 05:56:27+07:00,24.10000,85.10000,91.90000,145.50000,0.96149,405.67426
2025-06-24 05:57:17+07:00,24.10000,85.20000,87.90000,146.00000,0.93642,406.03577
2025-06-24 05:58:10+07:00,24.10000,85.30000,89.40000,139.39999,0.90701,406.13760
2025-06-24 05:59:00+07:00,24.00000,85.40000,94.70000,152.50000,0.92407,405.99097
2025-06-24 05:59:49+07:00,24.10000,85.40000,95.10000,149.60001,0.90459,405.84723
2025-06-24 06:00:39+07:00,24.10000,85.40000,95.70000,154.30000,0.90943,406.02457
2025-06-24 06:01:29+07:00,24.10000,85.40000,93.80000,151.70000,0.98710,406.16043
2025-06-24 06:02:18+07:00,24.10000,85.20000,92.40000,145.89999,1.03187,406.10352
2025-06-24 06:03:08+07:00,24.10000,85.30000,94.00000,146.30000,0.94139,406.04703
2025-06-24 06:03:57+07:00,24.00000,85.30000,90.60000,147.00000,0.99749,406.05829
2025-06-24 06:04:47+07:00,24.00000,85.20000,95.60000,151.30000,0.93394,406.04703
2025-06-24 06:05:36+07:00,24.10000,85.10000,95.90000,150.80000,0.97936,405.84723
2025-06-24 06:06:26+07:00,24.10000,85.00000,97.60000,150.50000,0.93146,406.00214
2025-06-24 06:07:15+07:00,24.10000,85.20000,93.90000,151.60001,1.02119,406.13760
2025-06-24 06:08:04+07:00,24.10000,85.00000,94.60000,148.70000,0.92653,406.17187
2025-06-24 06:08:54+07:00,24.10000,85.10000,91.20000,145.10001,0.88781,405.84723
2025-06-24 06:09:43+07:00,24.10000,85.10000,94.70000,149.89999,0.95896,406.06958
2025-06-24 06:10:33+07:00,24.10000,85.10000,96.30000,149.20000,0.96912,406.11487
2025-06-24 06:11:22+07:00,24.10000,85.20000,93.60000,150.60001,0.99489,406.04703
2025-06-24 06:12:12+07:00,24.10000,85.20000,96.50000,155.10001,0.95140,406.49930
2025-06-24 06:13:01+07:00,24.10000,85.30000,98.80000,155.10001,0.94889,406.12622
2025-06-24 06:13:50+07:00,24.10000,85.40000,96.50000,155.20000,0.91673,406.12622
2025-06-24 06:14:40+07:00,24.10000,85.40000,97.40000,156.60001,0.96149,406.09216
2025-06-24 06:15:29+07:00,24.00000,85.60000,96.80000,159.20000,0.92162,406.25241
2025-06-24 06:16:19+07:00,24.10000,85.40000,93.50000,146.39999,0.94889,406.33383
2025-06-24 06:17:08+07:00,24.10000,85.30000,94.10000,152.10001,0.96657,405.95755
2025-06-24 06:17:57+07:00,24.20000,85.10000,95.40000,152.89999,0.99229,406.12622
2025-06-24 06:18:47+07:00,24.10000,85.00000,99.80000,154.50000,0.93146,406.24084
2025-06-24 06:19:36+07:00,24.10000,85.00000,95.50000,157.20000,0.98452,406.05829
2025-06-24 06:20:25+07:00,24.10000,85.00000,95.40000,150.60001,0.96657,406.17187
2025-06-24 06:21:18+07:00,24.20000,84.80000,94.30000,152.70000,0.95896,406.16043
2025-06-24 06:22:10+07:00,24.20000,84.70000,98.60000,157.20000,0.97167,406.31049
2025-06-24 06:22:59+07:00,24.20000,84.70000,95.60000,150.70000,0.97167,405.97983
2025-06-24 06:23:49+07:00,24.20000,84.70000,97.70000,158.89999,0.95644,406.68054
2025-06-24 06:24:38+07:00,24.20000,84.60000,98.20000,156.80000,1.01589,406.87848
2025-06-24 06:25:28+07:00,24.20000,84.50000,97.40000,156.89999,1.01854,406.80368
2025-06-24 06:26:17+07:00,24.20000,84.50000,102.80000,166.30000,1.01854,406.81610
2025-06-24 06:27:06+07:00,24.30000,84.30000,103.50000,163.89999,1.07545,406.41611
2025-06-24 06:27:56+07:00,24.30000,84.30000,103.40000,164.60001,1.06168,406.95395
2025-06-24 06:28:45+07:00,24.20000,84.60000,105.60000,167.60001,1.06717,406.43979
2025-06-24 06:29:34+07:00,24.10000,84.90000,108.50000,165.10001,1.00534,406.55923
2025-06-24 06:30:24+07:00,24.10000,84.90000,111.30000,170.50000,1.03724,406.52322
2025-06-24 06:31:13+07:00,24.10000,85.00000,108.30000,167.10001,1.01589,406.59543
2025-06-24 06:32:03+07:00,24.20000,84.80000,118.40000,182.70000,0.97423,406.14902
2025-06-24 06:32:52+07:00,24.20000,84.60000,114.50000,168.50000,0.99229,406.64395
2025-06-24 06:33:44+07:00,24.20000,84.50000,117.10000,174.20000,1.00797,406.70502
2025-06-24 06:34:34+07:00,24.20000,84.70000,117.70000,177.60001,1.02119,406.91614
2025-06-24 06:35:23+07:00,24.30000,84.50000,117.30000,178.70000,1.08379,406.82855
2025-06-24 06:36:12+07:00,24.30000,84.50000,115.00000,181.70000,1.06442,406.72958
2025-06-24 06:37:02+07:00,24.20000,84.50000,113.10000,178.50000,1.02919,406.65613
2025-06-24 06:37:51+07:00,24.20000,84.40000,121.00000,186.10001,1.06168,406.36899
2025-06-24 06:38:40+07:00,24.30000,84.50000,124.60000,190.50000,1.11194,406.80368
2025-06-24 06:39:30+07:00,24.30000,84.40000,128.30000,189.89999,1.08937,406.68054
2025-06-24 06:40:19+07:00,24.30000,84.40000,131.10001,193.70000,1.06442,406.87848
2025-06-24 06:41:09+07:00,24.20000,84.30000,132.50000,203.30000,1.00010,406.71729
2025-06-24 06:41:58+07:00,24.20000,84.50000,131.10001,192.20000,1.00797,406.61966
2025-06-24 06:42:47+07:00,24.20000,84.60000,126.50000,189.80000,1.05894,406.87848
2025-06-24 06:43:37+07:00,24.20000,84.80000,126.40000,191.10001,1.04804,406.76654
2025-06-24 06:44:26+07:00,24.20000,84.90000,128.10001,189.89999,1.03187,406.71729
2025-06-24 06:45:16+07:00,24.20000,84.80000,127.60000,190.30000,1.08100,406.84100
2025-06-24 06:46:05+07:00,24.20000,84.80000,122.00000,177.39999,1.03724,406.65613
2025-06-24 06:46:54+07:00,24.30000,84.80000,119.90000,177.10001,1.08937,406.68054
2025-06-24 06:47:44+07:00,24.20000,84.70000,125.30000,186.80000,1.03187,406.92871
2025-06-24 06:48:33+07:00,24.30000,84.80000,139.00000,200.70000,1.06993,406.80368
2025-06-24 06:49:22+07:00,24.30000,84.50000,139.89999,201.30000,1.01324,406.82855
2025-06-24 06:50:12+07:00,24.30000,84.40000,141.50000,207.00000,1.04804,406.77890
2025-06-24 06:51:05+07:00,24.40000,84.50000,135.00000,196.89999,1.03993,406.55923
2025-06-24 06:51:54+07:00,24.30000,84.50000,144.70000,204.50000,1.07269,406.61966
2025-06-24 06:52:43+07:00,24.30000,84.30000,155.89999,213.89999,0.97423,406.55923
2025-06-24 06:53:40+07:00,24.40000,84.30000,131.30000,190.30000,1.02385,406.61966
2025-06-24 06:54:30+07:00,24.40000,84.10000,132.50000,191.30000,1.02385,406.81610
2025-06-24 06:55:19+07:00,24.40000,83.90000,123.70000,183.50000,1.00797,406.69278
2025-06-24 06:56:08+07:00,24.40000,83.90000,113.60000,167.50000,1.00010,406.77890
2025-06-24 06:56:58+07:00,24.40000,83.80000,114.10000,167.80000,1.00534,406.49930
2025-06-24 06:57:47+07:00,24.50000,83.70000,107.80000,162.00000,1.11194,406.55923
2025-06-24 06:58:39+07:00,24.50000,83.70000,107.30000,159.60001,1.01324,406.48737
2025-06-24 06:59:29+07:00,24.50000,83.70000,108.30000,165.60001,0.98969,406.16043
