created_at,Temperature,Humidity,PM2.5,PM10,CO,CO2
2025-06-16 11:07:01+07:00,25.70000,84.60000,24.20000,35.90000,,
2025-06-17 14:02:31+07:00,25.90000,73.60000,23.10000,32.30000,,
2025-06-17 14:03:21+07:00,25.90000,73.40000,25.30000,35.90000,,
2025-06-17 14:04:10+07:00,25.90000,72.90000,25.70000,36.20000,,
2025-06-17 14:04:59+07:00,25.90000,74.40000,26.60000,35.30000,,
2025-06-17 14:05:49+07:00,25.90000,72.80000,26.70000,36.30000,,
2025-06-17 14:06:38+07:00,25.90000,71.60000,26.30000,35.50000,,
2025-06-17 14:08:50+07:00,25.90000,71.30000,26.40000,35.10000,1.32246,402.82861
2025-06-17 14:09:40+07:00,25.90000,70.10000,26.20000,33.30000,1.28997,402.73026
2025-06-17 14:10:36+07:00,25.90000,69.70000,24.50000,32.50000,1.31978,402.81689
2025-06-17 14:11:26+07:00,25.90000,69.30000,24.10000,31.90000,1.32873,402.75455
2025-06-17 14:12:15+07:00,25.80000,69.10000,25.10000,32.00000,1.30203,402.64542
2025-06-17 14:13:05+07:00,25.80000,68.80000,24.70000,32.80000,1.29910,402.49850
2025-06-17 14:13:54+07:00,25.80000,68.50000,24.50000,31.40000,1.36808,402.36978
2025-06-17 14:14:44+07:00,25.90000,71.30000,23.80000,30.90000,1.28448,402.11710
2025-06-17 14:15:34+07:00,26.00000,73.80000,24.90000,31.60000,1.30793,402.22324
2025-06-17 14:16:23+07:00,26.20000,74.40000,24.50000,32.30000,1.21897,402.02173
2025-06-17 14:17:12+07:00,26.10000,67.40000,24.20000,29.90000,1.32276,402.11063
2025-06-17 14:18:02+07:00,26.00000,67.20000,102.00000,114.10000,1.31384,402.00931
2025-06-17 14:18:51+07:00,25.90000,69.50000,103.20000,114.20000,1.29031,401.96335
2025-06-17 14:19:41+07:00,26.00000,71.20000,25.90000,34.90000,1.14027,401.76373
2025-06-17 14:20:30+07:00,26.00000,66.80000,25.00000,32.50000,1.12975,401.48962
2025-06-17 14:21:19+07:00,26.00000,66.40000,24.60000,33.20000,1.17773,401.56985
2025-06-17 14:22:09+07:00,26.00000,66.00000,25.60000,34.60000,1.14027,401.40396
2025-06-17 14:23:02+07:00,26.00000,65.80000,25.80000,31.90000,1.14556,401.44507
2025-06-17 14:23:52+07:00,26.00000,65.60000,24.60000,33.80000,1.13500,401.48251
2025-06-17 14:24:41+07:00,25.90000,65.50000,24.90000,32.30000,1.13500,401.41754
2025-06-17 14:25:31+07:00,25.90000,65.70000,24.60000,31.20000,1.14291,401.39722
2025-06-17 14:26:20+07:00,25.90000,65.40000,23.30000,30.80000,1.15087,401.35291
2025-06-17 14:27:10+07:00,25.90000,65.20000,23.40000,32.10000,1.17232,401.29086
2025-06-17 14:28:03+07:00,25.80000,65.10000,23.50000,30.50000,1.04098,401.16837
2025-06-17 14:28:56+07:00,25.80000,65.20000,23.30000,31.60000,0.84863,401.09180
2025-06-17 14:29:47+07:00,25.90000,65.60000,23.50000,33.80000,1.08336,401.27213
2025-06-17 14:30:36+07:00,26.00000,64.90000,22.80000,29.60000,1.10636,401.24344
2025-06-17 14:31:25+07:00,26.00000,65.50000,30.90000,39.70000,1.12452,401.25360
2025-06-17 14:32:15+07:00,26.20000,66.20000,23.40000,32.10000,1.22736,401.22931
2025-06-17 14:33:06+07:00,26.20000,66.10000,24.50000,34.30000,1.29323,401.17221
2025-06-17 14:33:56+07:00,26.30000,66.30000,25.30000,32.00000,1.27289,401.20737
2025-06-17 14:34:45+07:00,26.40000,66.10000,24.50000,33.60000,1.36196,401.21729
2025-06-17 14:36:34+07:00,26.70000,68.00000,26.00000,36.00000,1.42730,401.23737
2025-06-17 14:37:27+07:00,26.80000,67.00000,25.80000,34.00000,1.41781,401.25565
2025-06-17 14:38:16+07:00,26.90000,66.00000,25.70000,35.00000,1.31088,401.18967
2025-06-17 14:39:06+07:00,26.90000,66.20000,25.20000,33.30000,1.33773,401.15878
2025-06-17 14:39:55+07:00,27.00000,66.30000,25.20000,32.80000,1.29910,401.08276
2025-06-17 14:40:45+07:00,27.10000,66.80000,24.90000,31.10000,1.24711,401.02988
2025-06-17 14:41:40+07:00,27.10000,66.80000,25.40000,32.10000,1.19409,400.99924
2025-06-17 14:42:32+07:00,27.20000,66.80000,24.30000,34.10000,1.24995,401.05075
2025-06-17 14:43:22+07:00,27.30000,67.20000,24.20000,32.00000,1.28739,401.08636
2025-06-17 14:44:12+07:00,27.30000,67.00000,25.50000,34.90000,1.23861,401.05075
2025-06-17 14:45:01+07:00,27.40000,67.30000,24.80000,34.10000,1.19135,401.04727
2025-06-17 14:45:51+07:00,27.40000,67.50000,24.70000,31.00000,1.26712,401.03506
2025-06-17 14:46:41+07:00,27.50000,67.60000,24.50000,31.80000,1.23016,401.04376
2025-06-17 14:47:30+07:00,27.50000,67.40000,25.00000,35.10000,1.26138,400.96609
2025-06-17 14:48:19+07:00,27.50000,67.60000,24.90000,32.20000,1.25280,400.98920
2025-06-17 14:49:09+07:00,27.60000,68.10000,25.20000,31.70000,1.23016,400.96286
2025-06-17 14:49:58+07:00,27.60000,68.00000,25.10000,33.10000,1.23298,400.96609
2025-06-17 14:50:54+07:00,27.60000,68.00000,25.20000,33.20000,1.27289,400.95312
2025-06-17 14:51:44+07:00,27.70000,68.10000,24.90000,32.50000,1.29031,400.97595
2025-06-17 14:52:34+07:00,27.70000,68.40000,24.30000,31.90000,1.31681,400.98090
2025-06-17 14:54:20+07:00,27.80000,68.60000,24.60000,32.70000,1.32873,400.93869
2025-06-17 14:55:09+07:00,27.80000,68.50000,25.30000,32.90000,1.33172,400.91818
2025-06-17 14:55:58+07:00,27.90000,68.50000,24.30000,32.20000,1.30793,400.90573
2025-06-17 14:56:48+07:00,27.90000,68.80000,24.60000,33.50000,1.27867,400.87378
2025-06-17 14:57:38+07:00,27.90000,69.10000,26.40000,33.70000,1.29616,400.87677
2025-06-17 14:58:27+07:00,27.90000,69.10000,26.30000,35.00000,1.32276,400.88736
2025-06-17 14:59:17+07:00,27.90000,69.50000,26.60000,34.00000,1.27000,400.92130
2025-06-17 15:00:06+07:00,27.90000,69.20000,28.00000,37.20000,1.29323,400.87979
2025-06-17 15:00:55+07:00,27.90000,69.30000,26.90000,35.10000,1.30498,400.87228
2025-06-17 15:01:45+07:00,27.90000,69.60000,25.30000,31.40000,1.25566,400.88281
2025-06-17 15:02:34+07:00,27.90000,69.80000,26.70000,33.80000,1.20786,400.84860
2025-06-17 15:03:24+07:00,27.90000,69.90000,28.00000,37.50000,1.22736,400.87378
2025-06-17 15:04:13+07:00,28.00000,70.00000,26.90000,35.60000,1.19958,400.81979
2025-06-17 15:05:03+07:00,28.00000,70.00000,27.30000,35.30000,1.24144,400.82690
2025-06-17 15:05:52+07:00,28.00000,70.10000,27.60000,34.60000,1.24711,400.84714
2025-06-17 15:06:42+07:00,28.00000,70.10000,27.00000,35.00000,1.19683,400.83121
2025-06-17 15:07:31+07:00,28.00000,70.10000,28.00000,36.00000,1.22176,400.81696
2025-06-17 15:08:21+07:00,28.00000,70.20000,27.60000,35.70000,1.27289,400.78766
2025-06-17 15:09:13+07:00,27.90000,70.30000,27.20000,36.80000,1.31516,402.83102
2025-06-17 15:10:02+07:00,27.90000,70.60000,26.20000,33.00000,1.31217,402.81625
2025-06-17 15:10:52+07:00,27.90000,70.70000,26.80000,36.90000,1.33926,402.80154
2025-06-17 15:12:01+07:00,27.90000,70.80000,26.20000,33.90000,1.35609,402.70502
2025-06-17 15:12:50+07:00,27.90000,71.10000,25.70000,32.30000,1.33783,402.85104
2025-06-17 15:13:40+07:00,27.90000,71.20000,26.40000,34.90000,1.31677,402.84113
2025-06-17 15:14:29+07:00,27.90000,71.30000,27.20000,37.60000,1.26965,402.83121
2025-06-17 15:15:46+07:00,27.90000,71.40000,26.30000,35.80000,1.27887,402.81131
2025-06-17 15:16:36+07:00,27.90000,71.50000,27.30000,33.50000,1.31134,402.84106
2025-06-17 15:17:25+07:00,27.80000,71.60000,25.70000,34.40000,1.36899,402.78671
2025-06-17 15:19:04+07:00,27.90000,71.80000,26.10000,32.70000,1.29621,402.84515
2025-06-17 15:19:53+07:00,27.90000,72.10000,26.00000,32.40000,1.34724,402.82520
2025-06-17 15:20:42+07:00,27.80000,72.30000,25.50000,30.80000,1.32603,402.79056
2025-06-17 15:21:32+07:00,27.80000,72.30000,27.10000,36.20000,1.32905,402.77582
2025-06-17 15:22:52+07:00,27.90000,72.50000,26.00000,34.00000,1.29947,402.70636
2025-06-17 15:23:41+07:00,27.90000,72.50000,26.20000,35.40000,1.29358,402.91049
2025-06-17 15:24:30+07:00,27.80000,72.60000,25.50000,34.30000,1.32326,402.76974
2025-06-17 15:25:20+07:00,27.80000,72.60000,26.50000,32.80000,1.25293,402.82935
2025-06-17 15:26:51+07:00,27.80000,72.80000,26.00000,34.00000,1.30941,402.82516
2025-06-17 15:27:40+07:00,27.80000,73.00000,26.30000,34.10000,1.30051,402.80020
2025-06-17 15:28:30+07:00,27.80000,73.20000,26.20000,33.10000,1.33945,402.86548
2025-06-17 15:30:32+07:00,27.80000,73.60000,25.30000,34.10000,1.47634,402.56805
2025-06-17 15:31:22+07:00,27.90000,78.80000,26.30000,32.10000,3.96702,403.08060
2025-06-17 15:32:11+07:00,28.10000,78.20000,25.70000,32.80000,2.92957,403.22253
2025-06-17 15:33:00+07:00,28.20000,77.80000,25.50000,32.10000,2.79299,403.16275
2025-06-17 15:33:50+07:00,28.30000,77.70000,25.30000,32.20000,2.50753,403.47110
2025-06-17 15:34:39+07:00,28.30000,77.50000,25.70000,31.80000,2.74465,403.42017
2025-06-17 15:35:28+07:00,28.30000,77.40000,25.50000,33.20000,2.70291,403.65436
2025-06-17 15:36:18+07:00,28.40000,77.50000,25.40000,30.70000,2.79299,403.95139
2025-06-17 15:37:07+07:00,28.40000,77.50000,24.10000,29.20000,2.87305,403.77634
2025-06-17 15:37:56+07:00,28.40000,78.10000,24.70000,31.30000,2.53551,403.89465
2025-06-17 15:38:46+07:00,28.40000,78.40000,24.50000,32.50000,2.45232,403.54214
2025-06-17 15:39:35+07:00,28.40000,78.20000,25.70000,31.20000,2.35017,403.53564
2025-06-17 15:40:25+07:00,28.40000,78.30000,24.80000,31.70000,2.51869,403.35736
2025-06-17 15:41:14+07:00,28.40000,78.60000,24.30000,31.70000,2.05010,403.09805
2025-06-17 15:42:04+07:00,28.40000,78.50000,24.90000,31.20000,2.08341,403.09222
2025-06-17 15:42:54+07:00,28.50000,78.60000,25.40000,33.90000,2.00327,403.15683
2025-06-17 15:43:43+07:00,28.50000,79.00000,24.30000,31.50000,1.97101,403.19254
2025-06-17 15:44:33+07:00,28.50000,79.10000,23.70000,31.30000,1.98018,403.14499
2025-06-17 15:45:22+07:00,28.40000,79.00000,24.60000,32.50000,2.03596,403.06900
2025-06-17 15:46:12+07:00,28.40000,79.00000,24.20000,30.40000,1.89884,403.07480
2025-06-17 15:47:02+07:00,28.40000,79.10000,24.70000,30.40000,1.89884,403.06900
2025-06-17 15:47:51+07:00,28.40000,79.10000,24.90000,32.00000,1.90774,403.03445
2025-06-17 15:48:41+07:00,28.40000,79.00000,24.70000,33.40000,1.98939,403.08640
2025-06-17 15:49:30+07:00,28.40000,79.10000,24.70000,32.40000,1.92565,403.25885
2025-06-17 15:50:20+07:00,28.40000,79.10000,23.30000,27.70000,1.91221,403.24670
2025-06-17 15:51:10+07:00,28.40000,79.20000,24.10000,29.80000,1.91668,403.38864
2025-06-17 15:52:00+07:00,28.40000,79.30000,23.80000,31.10000,2.01723,403.43283
2025-06-17 15:52:49+07:00,28.40000,79.40000,24.40000,31.50000,1.92116,403.45190
2025-06-17 15:53:39+07:00,28.40000,79.40000,23.80000,31.60000,1.94369,403.47751
2025-06-17 15:54:28+07:00,28.30000,79.50000,23.20000,30.10000,1.96643,403.54214
2025-06-17 15:55:18+07:00,28.30000,79.60000,23.10000,29.50000,2.02190,403.50323
2025-06-17 15:56:07+07:00,28.40000,79.60000,23.60000,29.50000,1.95731,403.57486
2025-06-17 15:56:57+07:00,28.30000,79.60000,23.20000,30.70000,2.21603,403.56830
2025-06-17 15:57:46+07:00,28.30000,79.70000,23.10000,30.30000,1.97101,403.58801
2025-06-17 15:58:36+07:00,28.30000,79.60000,23.20000,31.20000,2.00791,403.50323
2025-06-17 15:59:25+07:00,28.40000,79.70000,23.10000,28.00000,1.98939,403.52264
2025-06-17 16:00:16+07:00,28.40000,79.70000,24.00000,30.20000,1.95276,403.51617
2025-06-17 16:01:06+07:00,28.30000,79.60000,24.50000,31.70000,1.93465,403.45831
2025-06-17 16:01:56+07:00,28.40000,79.60000,23.50000,29.80000,1.81594,403.26495
2025-06-17 16:02:46+07:00,28.40000,79.70000,23.30000,28.80000,1.85483,403.49680
2025-06-17 16:03:36+07:00,28.40000,79.70000,24.10000,31.80000,2.00327,403.57486
2025-06-17 16:04:26+07:00,28.40000,79.70000,23.10000,29.60000,2.02190,403.69464
2025-06-17 16:05:15+07:00,28.40000,79.60000,22.10000,28.20000,2.02658,403.69464
2025-06-17 16:06:05+07:00,28.40000,79.70000,23.00000,28.90000,1.98478,403.70139
2025-06-17 16:06:54+07:00,28.40000,79.60000,24.10000,29.80000,2.00327,403.62769
2025-06-17 16:07:44+07:00,28.40000,79.70000,24.00000,31.40000,1.99863,403.63434
2025-06-17 16:08:34+07:00,28.40000,79.80000,23.60000,30.30000,2.01256,403.64099
2025-06-17 16:09:23+07:00,28.40000,79.60000,24.10000,31.70000,2.02190,403.64767
2025-06-17 16:10:13+07:00,28.40000,79.50000,23.20000,30.00000,2.02190,403.60779
2025-06-17 16:11:04+07:00,28.40000,79.40000,23.10000,31.40000,2.01256,403.62769
2025-06-17 16:11:54+07:00,28.40000,79.50000,22.40000,26.90000,1.99401,403.58801
2025-06-17 16:12:44+07:00,28.40000,79.80000,23.00000,28.10000,1.98478,403.62103
2025-06-17 16:13:35+07:00,28.40000,79.70000,24.40000,30.50000,1.97559,403.64099
2025-06-17 16:14:25+07:00,28.40000,79.90000,23.60000,29.10000,1.96187,403.66772
2025-06-17 16:15:15+07:00,28.40000,80.00000,23.70000,30.60000,2.01256,403.68115
2025-06-17 16:16:04+07:00,28.40000,80.10000,24.30000,29.70000,2.01256,403.65436
2025-06-17 16:16:53+07:00,28.30000,80.20000,24.70000,32.70000,2.00791,403.58142
2025-06-17 16:17:43+07:00,28.40000,80.10000,23.80000,30.80000,2.01723,403.67444
2025-06-17 16:18:32+07:00,28.40000,80.10000,24.60000,31.20000,2.03596,403.60120
2025-06-17 16:19:22+07:00,28.40000,80.00000,24.20000,31.90000,2.06432,403.53564
2025-06-17 16:20:11+07:00,28.40000,80.20000,24.30000,29.70000,2.00791,403.48392
2025-06-17 16:21:00+07:00,28.40000,80.30000,24.60000,33.20000,1.98478,403.50323
2025-06-17 16:21:50+07:00,28.40000,80.10000,25.50000,32.40000,2.04066,403.47751
2025-06-17 16:22:39+07:00,28.30000,80.10000,24.10000,31.00000,2.02190,403.45831
2025-06-17 16:23:28+07:00,28.40000,80.00000,24.90000,32.50000,2.05957,403.47751
2025-06-17 16:24:18+07:00,28.40000,80.00000,25.50000,34.50000,2.02190,403.47110
2025-06-17 16:25:07+07:00,28.40000,80.10000,24.30000,32.80000,2.02190,403.50970
2025-06-17 16:25:57+07:00,28.30000,80.10000,25.40000,31.60000,2.04538,403.48392
2025-06-17 16:26:46+07:00,28.30000,80.00000,23.70000,30.40000,2.01723,403.48392
2025-06-17 16:27:35+07:00,28.30000,79.90000,23.80000,30.10000,1.98478,403.48392
2025-06-17 16:28:25+07:00,28.30000,80.10000,24.60000,31.50000,2.01256,403.48392
2025-06-17 16:29:14+07:00,28.30000,79.90000,24.40000,30.90000,1.96643,403.45190
2025-06-17 16:30:04+07:00,28.30000,80.00000,24.50000,33.30000,1.90329,403.35114
2025-06-17 16:30:53+07:00,28.30000,79.70000,24.80000,33.60000,1.99863,403.42648
2025-06-17 16:31:43+07:00,28.40000,79.80000,23.50000,29.60000,1.96187,403.47751
2025-06-17 16:32:32+07:00,28.40000,79.60000,23.40000,30.50000,1.99401,403.47751
2025-06-17 16:33:21+07:00,28.30000,79.50000,23.30000,28.90000,1.94822,403.52264
2025-06-17 16:34:11+07:00,28.30000,79.70000,23.60000,30.70000,2.02190,403.54868
2025-06-17 16:35:00+07:00,28.30000,79.60000,24.40000,33.00000,1.96643,403.53564
2025-06-17 16:35:49+07:00,28.30000,79.30000,26.20000,36.30000,1.97101,403.55521
2025-06-17 16:36:39+07:00,28.30000,79.50000,24.40000,31.30000,2.08820,403.53564
2025-06-17 16:37:28+07:00,28.20000,79.50000,25.60000,33.10000,1.99863,403.53564
2025-06-17 16:38:18+07:00,28.30000,79.50000,26.10000,35.20000,2.09301,403.58801
2025-06-17 16:39:07+07:00,28.30000,79.60000,25.00000,33.70000,2.07385,403.53564
2025-06-17 16:39:57+07:00,28.30000,79.20000,27.00000,36.60000,2.19596,403.62769
2025-06-17 16:40:46+07:00,28.30000,79.40000,27.30000,33.90000,2.14153,403.61441
2025-06-17 16:41:35+07:00,28.30000,79.30000,26.90000,35.40000,2.00791,403.56830
2025-06-17 16:42:25+07:00,28.30000,79.30000,26.20000,35.50000,2.21100,403.49680
2025-06-17 16:43:14+07:00,28.30000,79.20000,25.80000,32.40000,2.28746,403.66772
2025-06-17 16:44:03+07:00,28.30000,79.20000,25.90000,32.40000,1.99863,403.63434
2025-06-17 16:44:53+07:00,28.30000,79.20000,25.60000,34.10000,1.94822,403.61441
2025-06-17 16:45:42+07:00,28.30000,79.20000,24.80000,32.40000,1.98478,403.62769
2025-06-17 16:46:35+07:00,28.30000,78.90000,24.70000,33.90000,1.97559,403.62769
2025-06-17 16:47:25+07:00,28.30000,78.90000,25.00000,32.50000,1.97559,403.61441
2025-06-17 16:48:14+07:00,28.30000,79.00000,24.20000,31.10000,1.94369,403.64099
2025-06-17 16:49:03+07:00,28.30000,78.90000,24.70000,33.10000,1.98018,403.58801
2025-06-17 16:49:53+07:00,28.30000,79.00000,24.90000,31.60000,1.97559,403.59457
2025-06-17 16:50:42+07:00,28.30000,79.20000,25.10000,32.00000,1.97101,403.65436
2025-06-17 16:51:31+07:00,28.30000,79.00000,25.60000,32.00000,1.99401,403.58142
2025-06-17 16:52:21+07:00,28.30000,79.10000,25.40000,35.00000,2.02658,403.62769
2025-06-17 16:53:11+07:00,28.30000,79.20000,24.50000,32.20000,1.98018,403.56174
2025-06-17 16:54:00+07:00,28.20000,79.20000,24.80000,31.20000,1.98478,403.53564
2025-06-17 16:54:50+07:00,28.20000,79.20000,24.00000,29.90000,2.02190,403.66104
2025-06-17 16:55:39+07:00,28.20000,79.20000,23.00000,31.20000,2.06908,403.57486
2025-06-17 16:56:28+07:00,28.20000,79.00000,23.80000,31.00000,1.93916,403.59457
2025-06-17 16:57:18+07:00,28.20000,79.30000,26.00000,34.70000,1.98478,403.54214
2025-06-17 16:58:07+07:00,28.20000,79.20000,25.10000,31.70000,1.95731,403.65436
2025-06-17 16:58:56+07:00,28.20000,79.10000,25.10000,31.70000,1.93916,403.62769
2025-06-17 16:59:46+07:00,28.20000,78.90000,23.90000,31.00000,1.94369,403.62103
2025-06-17 17:00:35+07:00,28.20000,79.20000,22.60000,28.00000,1.91668,403.66104
2025-06-17 17:01:24+07:00,28.20000,79.00000,23.80000,30.90000,1.94822,403.62103
2025-06-17 17:02:15+07:00,28.20000,78.60000,24.30000,32.10000,1.94822,403.66104
2025-06-17 17:03:04+07:00,28.20000,78.70000,23.30000,30.50000,1.93465,403.65436
2025-06-17 17:03:53+07:00,28.20000,78.90000,22.50000,27.80000,1.94822,403.64099
2025-06-17 17:04:43+07:00,28.20000,79.00000,23.30000,29.70000,1.98478,403.65436
2025-06-17 17:05:32+07:00,28.20000,78.90000,22.90000,30.80000,1.96187,403.68115
2025-06-17 17:06:22+07:00,28.20000,78.80000,23.80000,28.60000,1.97101,403.68115
2025-06-17 17:07:12+07:00,28.20000,78.80000,23.00000,29.80000,1.99863,403.64099
2025-06-17 17:08:01+07:00,28.20000,78.80000,23.50000,29.60000,1.98018,403.66104
2025-06-17 17:08:51+07:00,28.20000,78.40000,24.00000,31.10000,1.93465,403.65436
2025-06-17 17:09:40+07:00,28.20000,78.10000,23.40000,30.60000,2.00791,403.66104
2025-06-17 17:10:29+07:00,28.20000,78.20000,23.10000,30.10000,1.98478,403.65436
2025-06-17 17:11:19+07:00,28.20000,78.00000,22.50000,28.60000,1.99863,403.68115
2025-06-17 17:12:08+07:00,28.10000,75.80000,21.80000,28.00000,1.98018,403.66772
2025-06-17 17:12:58+07:00,28.00000,74.00000,22.10000,28.00000,2.00791,403.56174
2025-06-17 17:13:47+07:00,28.00000,73.40000,27.00000,34.40000,1.96643,403.66104
2025-06-17 17:14:37+07:00,28.00000,72.50000,44.20000,55.20000,1.93916,403.72171
2025-06-17 17:15:26+07:00,27.90000,72.20000,67.60000,81.80000,1.98018,403.70139
2025-06-17 17:16:16+07:00,28.00000,72.00000,72.20000,86.70000,2.11716,403.66772
2025-06-17 17:17:05+07:00,28.00000,71.70000,98.00000,114.30000,1.90774,403.70139
2025-06-17 17:17:55+07:00,28.00000,71.90000,106.90000,124.50000,1.95276,403.74213
2025-06-17 17:18:44+07:00,28.00000,72.10000,109.90000,129.00000,1.97101,403.73529
2025-06-17 17:19:34+07:00,28.00000,72.60000,116.40000,134.20000,2.01256,403.79010
2025-06-17 17:20:23+07:00,28.00000,73.40000,119.40000,137.89999,1.98939,403.86655
2025-06-17 17:21:12+07:00,28.00000,73.80000,126.30000,147.60001,2.00327,403.88055
2025-06-17 17:22:02+07:00,28.00000,73.80000,144.70000,170.10001,2.02190,403.90875
2025-06-17 17:22:51+07:00,27.90000,74.10000,158.89999,181.20000,2.04066,403.93002
2025-06-17 17:23:40+07:00,28.00000,74.50000,162.30000,188.50000,2.26174,403.91583
2025-06-17 17:24:30+07:00,28.00000,74.80000,164.10001,190.89999,2.05010,403.98718
2025-06-17 17:25:19+07:00,28.00000,74.60000,170.00000,198.20000,2.10747,403.93002
2025-06-17 17:26:09+07:00,28.00000,74.40000,186.39999,212.39999,2.28230,404.02325
2025-06-17 17:26:58+07:00,28.00000,74.60000,188.30000,215.10001,2.28746,403.92291
2025-06-17 17:27:48+07:00,28.00000,75.50000,173.60001,201.30000,2.04066,403.93713
2025-06-17 17:28:37+07:00,28.00000,75.80000,167.50000,193.60001,2.05010,404.03778
2025-06-17 17:29:26+07:00,28.00000,76.00000,163.50000,190.50000,2.25662,403.98718
2025-06-17 17:30:16+07:00,28.00000,75.90000,155.00000,181.50000,2.17604,404.04504
2025-06-17 17:31:05+07:00,27.90000,76.50000,155.70000,182.80000,2.09301,403.98001
2025-06-17 17:31:55+07:00,27.90000,76.30000,142.30000,163.70000,2.33962,403.93713
2025-06-17 17:32:45+07:00,28.00000,76.40000,145.30000,171.60001,2.27714,403.98001
2025-06-17 17:33:34+07:00,27.90000,76.00000,150.20000,175.50000,2.28746,403.98001
2025-06-17 17:34:23+07:00,27.90000,76.30000,146.70000,171.80000,2.27200,404.00879
2025-06-17 17:35:14+07:00,27.90000,76.20000,147.89999,172.89999,2.38205,404.04504
2025-06-17 17:36:04+07:00,27.90000,76.30000,143.39999,164.30000,2.14153,404.00879
2025-06-17 17:36:53+07:00,28.00000,76.50000,149.39999,171.60001,2.33962,403.95139
2025-06-17 17:37:43+07:00,27.90000,76.30000,143.50000,165.20000,2.16120,403.95853
2025-06-17 17:38:34+07:00,28.00000,76.30000,133.39999,155.10001,2.41427,403.90875
2025-06-17 17:39:24+07:00,28.00000,76.80000,130.39999,152.10001,2.35017,403.90170
2025-06-17 17:40:13+07:00,27.90000,76.70000,129.70000,151.70000,2.20097,403.94424
2025-06-17 17:41:02+07:00,28.00000,77.20000,106.80000,121.70000,2.27200,403.85254
2025-06-17 17:41:53+07:00,28.00000,77.90000,114.10000,132.50000,2.08820,403.90875
2025-06-17 17:42:42+07:00,27.90000,77.80000,105.80000,121.80000,2.16120,403.89465
2025-06-17 17:43:32+07:00,28.00000,78.30000,104.30000,122.60000,2.32911,403.82468
2025-06-17 17:44:22+07:00,28.00000,78.10000,107.30000,123.60000,2.18598,403.89465
2025-06-17 17:45:12+07:00,28.00000,77.80000,110.70000,127.50000,2.12688,403.86655
2025-06-17 17:46:02+07:00,28.00000,77.90000,109.50000,125.90000,2.10747,403.86655
2025-06-17 17:46:52+07:00,27.90000,78.50000,93.80000,111.20000,2.36606,403.90875
2025-06-17 17:47:41+07:00,27.90000,78.80000,107.30000,124.00000,2.09301,403.87354
2025-06-17 17:48:31+07:00,27.90000,78.90000,102.60000,119.20000,2.37671,403.86655
2025-06-17 17:49:21+07:00,27.90000,78.40000,100.30000,114.80000,2.10264,403.81775
2025-06-17 17:50:11+07:00,27.90000,78.70000,100.00000,115.00000,2.07862,403.83859
2025-06-17 17:51:01+07:00,27.90000,78.80000,97.30000,112.60000,2.10264,403.83859
2025-06-17 17:51:50+07:00,27.90000,78.60000,95.20000,110.80000,2.05957,403.86655
2025-06-17 17:52:41+07:00,27.90000,78.50000,93.30000,107.50000,2.05957,403.85254
2025-06-17 17:53:31+07:00,27.90000,78.40000,91.90000,106.50000,2.30301,403.83859
2025-06-17 17:54:20+07:00,28.00000,78.20000,94.90000,108.90000,2.10264,403.88055
2025-06-17 17:55:11+07:00,28.00000,78.60000,89.40000,103.30000,2.10264,403.85953
2025-06-17 17:56:01+07:00,28.00000,78.80000,88.10000,101.70000,2.25152,403.87354
2025-06-17 17:56:51+07:00,27.90000,79.30000,78.90000,91.60000,2.21100,403.83859
2025-06-17 17:57:40+07:00,27.90000,79.90000,78.30000,90.60000,2.36075,403.85254
2025-06-17 17:58:30+07:00,27.90000,79.70000,76.30000,87.90000,2.27200,403.88055
2025-06-17 17:59:19+07:00,27.90000,79.70000,78.80000,92.60000,2.06908,403.82468
2025-06-17 18:00:09+07:00,27.80000,80.00000,76.00000,86.70000,2.12201,403.79700
2025-06-17 18:00:58+07:00,27.80000,80.00000,76.60000,88.50000,2.32387,403.76947
2025-06-17 18:01:48+07:00,27.80000,80.20000,81.70000,94.30000,2.07862,403.74893
2025-06-17 18:02:37+07:00,27.80000,80.30000,77.40000,90.00000,2.05010,403.77634
2025-06-17 18:03:27+07:00,27.80000,79.60000,79.90000,92.20000,2.36075,403.68790
2025-06-17 18:04:16+07:00,27.80000,79.90000,79.20000,91.60000,2.22613,403.72849
2025-06-17 18:05:05+07:00,27.90000,79.70000,80.80000,93.10000,2.32911,403.73529
2025-06-17 18:05:55+07:00,27.90000,79.50000,81.00000,94.80000,2.05010,403.74213
2025-06-17 18:06:45+07:00,27.90000,79.00000,81.10000,94.70000,2.22108,403.70139
2025-06-17 18:07:35+07:00,27.90000,78.70000,82.50000,96.80000,2.21603,403.78320
2025-06-17 18:08:25+07:00,27.90000,79.20000,72.50000,88.10000,2.02190,403.79700
2025-06-17 18:09:15+07:00,27.90000,79.70000,72.90000,87.60000,2.03596,403.77634
2025-06-17 18:10:05+07:00,27.90000,80.00000,74.50000,90.70000,2.06908,403.49036
2025-06-17 18:10:55+07:00,28.00000,79.70000,75.10000,92.50000,2.32387,403.56174
2025-06-17 18:11:45+07:00,28.00000,79.70000,77.00000,91.00000,2.25152,403.68790
2025-06-17 18:12:35+07:00,27.90000,79.70000,74.50000,88.90000,2.19097,403.73529
2025-06-17 18:13:24+07:00,27.90000,80.00000,76.20000,89.10000,2.08341,403.74893
2025-06-17 18:14:14+07:00,28.00000,80.10000,71.10000,84.70000,2.08820,403.77634
2025-06-17 18:15:03+07:00,28.00000,80.30000,70.70000,85.00000,2.13175,403.73529
2025-06-17 18:15:53+07:00,28.00000,80.20000,69.80000,84.00000,2.16614,403.71494
2025-06-17 18:16:43+07:00,28.00000,80.60000,68.20000,79.90000,2.22613,403.72849
2025-06-17 18:17:34+07:00,28.00000,80.50000,69.40000,81.80000,1.96187,403.73529
2025-06-17 18:18:24+07:00,28.00000,80.40000,66.50000,80.50000,1.95276,403.70816
2025-06-17 18:19:14+07:00,28.00000,80.20000,65.10000,76.90000,2.14643,403.72171
2025-06-17 18:20:07+07:00,28.00000,80.50000,68.90000,80.70000,2.19596,403.68115
2025-06-17 18:20:56+07:00,28.00000,80.60000,67.20000,78.20000,2.20598,403.66772
2025-06-17 18:21:46+07:00,28.00000,80.60000,66.70000,78.40000,2.20598,403.72171
2025-06-17 18:22:35+07:00,28.00000,80.50000,66.80000,79.20000,2.04538,403.71494
2025-06-17 18:23:25+07:00,28.00000,80.70000,65.60000,78.90000,2.19097,403.64099
2025-06-17 18:24:15+07:00,28.00000,80.70000,70.00000,83.60000,2.18101,403.64099
2025-06-17 18:25:06+07:00,28.00000,80.40000,73.70000,85.20000,2.16120,403.70139
2025-06-17 18:25:55+07:00,28.00000,79.80000,69.50000,82.50000,2.19596,403.68115
2025-06-17 18:26:45+07:00,28.00000,79.90000,65.30000,76.10000,2.13664,403.72849
2025-06-17 18:27:34+07:00,28.00000,80.40000,66.00000,77.80000,2.15135,403.72171
2025-06-17 18:28:24+07:00,28.00000,80.70000,63.80000,75.20000,2.10264,403.70816
2025-06-17 18:29:14+07:00,28.00000,81.00000,64.60000,75.90000,2.12688,403.68115
2025-06-17 18:30:04+07:00,27.90000,80.80000,66.50000,79.60000,2.09782,403.66772
2025-06-17 18:30:53+07:00,27.90000,81.00000,66.70000,78.50000,2.03126,403.67444
2025-06-17 18:31:43+07:00,27.90000,80.80000,65.70000,77.30000,1.87234,403.78320
2025-06-17 18:32:35+07:00,27.90000,81.00000,67.30000,80.00000,1.87673,403.70816
2025-06-17 18:33:25+07:00,27.90000,80.70000,66.70000,78.50000,1.95276,403.68790
2025-06-17 18:34:15+07:00,27.80000,80.30000,70.20000,83.10000,2.08820,403.70139
2025-06-17 18:35:05+07:00,27.80000,79.20000,70.70000,83.80000,2.05483,403.71494
2025-06-17 18:35:55+07:00,27.90000,79.50000,65.80000,80.00000,1.82452,403.74893
2025-06-17 18:36:46+07:00,27.90000,80.60000,67.50000,78.60000,1.84613,403.76260
2025-06-17 18:37:36+07:00,27.90000,80.80000,64.40000,77.90000,1.82883,403.69464
2025-06-17 18:38:26+07:00,27.80000,80.60000,68.60000,79.70000,1.93465,403.76260
2025-06-17 18:39:16+07:00,27.80000,80.40000,68.40000,81.50000,1.88997,403.74893
2025-06-17 18:40:10+07:00,27.80000,80.20000,67.80000,80.20000,1.87673,403.69464
2025-06-17 18:41:00+07:00,27.80000,79.20000,64.30000,77.70000,2.05957,403.71494
2025-06-17 18:41:50+07:00,27.90000,80.10000,62.70000,74.80000,1.98478,403.69464
2025-06-17 18:42:41+07:00,27.90000,80.40000,63.50000,74.00000,1.79462,403.64099
2025-06-17 18:43:32+07:00,27.90000,80.30000,59.20000,70.00000,1.84613,403.65436
2025-06-17 18:44:21+07:00,27.90000,80.40000,61.50000,72.30000,1.85483,403.64767
2025-06-17 18:45:12+07:00,27.90000,80.80000,58.50000,70.30000,1.83746,403.62769
2025-06-17 18:46:04+07:00,27.90000,81.00000,59.20000,71.20000,1.79886,403.66104
2025-06-17 18:47:49+07:00,27.90000,81.10000,61.00000,72.70000,1.83746,403.62103
2025-06-17 18:48:39+07:00,27.80000,80.90000,60.80000,72.10000,1.92116,403.61441
2025-06-17 18:49:30+07:00,27.80000,80.90000,59.90000,71.60000,1.92565,403.64099
2025-06-17 18:50:20+07:00,27.80000,81.20000,59.40000,69.40000,1.81166,403.64099
2025-06-17 18:51:14+07:00,27.80000,81.00000,62.40000,74.40000,1.82452,403.68790
2025-06-17 18:52:03+07:00,27.80000,81.10000,60.10000,70.80000,1.84613,403.60779
2025-06-17 18:52:53+07:00,27.80000,81.40000,58.60000,69.30000,1.86357,403.69464
2025-06-17 18:53:47+07:00,27.80000,81.40000,57.90000,70.40000,1.85920,403.62769
2025-06-17 18:54:39+07:00,27.80000,81.10000,60.30000,71.70000,1.84613,403.68115
2025-06-17 18:55:30+07:00,27.80000,80.60000,55.80000,65.40000,1.85920,403.63434
2025-06-17 18:56:22+07:00,27.90000,81.10000,57.10000,67.80000,1.85483,403.64767
2025-06-17 18:57:12+07:00,27.90000,80.70000,58.90000,68.70000,1.82023,403.57486
2025-06-17 18:58:01+07:00,27.90000,80.90000,54.60000,64.90000,1.82452,403.58142
2025-06-17 18:58:51+07:00,27.90000,80.90000,54.70000,65.30000,2.02658,403.52914
2025-06-17 18:59:41+07:00,27.90000,81.00000,55.40000,64.60000,1.82452,403.60779
2025-06-17 19:00:31+07:00,27.90000,80.70000,57.80000,68.60000,1.81166,403.56830
2025-06-17 19:01:20+07:00,27.90000,80.10000,53.10000,63.30000,1.83746,403.54868
2025-06-17 19:02:10+07:00,27.90000,80.80000,52.80000,64.10000,1.84613,403.61441
2025-06-17 19:02:59+07:00,27.90000,81.00000,53.30000,64.20000,1.82023,403.52264
2025-06-17 19:04:50+07:00,27.90000,80.90000,51.90000,59.40000,1.84179,403.52264
2025-06-17 19:06:30+07:00,27.80000,80.80000,55.20000,66.40000,1.86795,403.56830
2025-06-17 19:07:20+07:00,27.70000,80.50000,55.90000,70.10000,1.82452,403.56830
2025-06-17 19:08:10+07:00,27.70000,80.00000,56.00000,66.70000,1.82452,403.63434
2025-06-17 19:08:59+07:00,27.70000,80.10000,57.60000,67.80000,1.96187,403.54868
2025-06-17 19:09:49+07:00,27.70000,80.30000,55.60000,65.50000,1.82023,403.57486
2025-06-17 19:10:39+07:00,27.70000,79.80000,58.30000,70.60000,1.82883,403.59457
2025-06-17 19:11:28+07:00,27.70000,80.00000,54.60000,68.70000,1.82883,403.60779
2025-06-17 19:12:17+07:00,27.70000,78.90000,59.70000,73.70000,1.80738,403.56830
2025-06-17 19:13:07+07:00,27.70000,79.10000,57.50000,70.00000,1.85483,403.67444
2025-06-17 19:14:04+07:00,27.70000,79.00000,53.70000,63.60000,1.85048,403.61441
2025-06-17 19:14:58+07:00,27.70000,79.90000,54.70000,65.80000,1.82883,403.58801
2025-06-17 19:15:47+07:00,27.70000,80.50000,53.70000,62.20000,1.85048,403.58142
2025-06-17 19:16:37+07:00,27.70000,81.10000,54.10000,63.30000,1.97559,403.60120
2025-06-17 19:18:26+07:00,27.60000,80.50000,54.70000,65.00000,1.79462,403.58801
2025-06-17 19:19:16+07:00,27.60000,80.60000,56.90000,68.10000,1.78614,403.57486
2025-06-17 19:20:06+07:00,27.70000,80.30000,54.20000,65.20000,1.77770,403.54214
2025-06-17 19:20:58+07:00,27.70000,80.30000,53.30000,61.90000,1.85483,403.58801
2025-06-17 19:21:55+07:00,27.70000,80.40000,57.60000,66.30000,1.82883,403.52914
2025-06-17 19:22:51+07:00,27.60000,80.50000,54.20000,64.60000,1.82452,403.57486
2025-06-17 19:23:41+07:00,27.60000,80.70000,53.20000,62.00000,1.94822,403.52914
2025-06-17 19:24:34+07:00,27.50000,80.70000,54.70000,65.50000,1.93014,403.52914
2025-06-17 19:25:25+07:00,27.60000,80.70000,53.50000,61.80000,1.76510,403.49680
2025-06-17 19:26:15+07:00,27.50000,80.80000,51.90000,61.60000,1.88114,403.50323
2025-06-17 19:27:08+07:00,27.50000,80.80000,52.00000,60.20000,1.78614,403.53564
2025-06-17 19:27:59+07:00,27.60000,80.70000,54.60000,65.60000,1.79886,403.50970
2025-06-17 19:28:57+07:00,27.60000,80.60000,53.50000,62.60000,1.75674,403.54868
2025-06-17 19:30:43+07:00,27.70000,80.40000,54.00000,64.70000,1.82883,403.52264
2025-06-17 19:32:38+07:00,27.80000,80.20000,50.80000,60.80000,1.79462,403.53564
2025-06-17 19:33:34+07:00,27.70000,80.30000,52.50000,61.40000,1.79037,403.54868
2025-06-17 19:34:30+07:00,27.70000,80.90000,51.20000,60.20000,1.76510,403.52264
2025-06-17 19:35:24+07:00,27.60000,79.90000,50.40000,61.10000,1.78614,403.50323
2025-06-17 19:36:15+07:00,27.60000,79.00000,48.40000,59.40000,1.68697,403.47751
2025-06-17 19:37:10+07:00,27.70000,80.00000,49.40000,58.50000,1.78192,403.52914
2025-06-17 19:38:00+07:00,27.70000,80.00000,50.10000,60.00000,1.78614,403.51617
2025-06-17 19:38:52+07:00,27.70000,80.30000,47.60000,55.70000,1.74842,403.50323
2025-06-17 19:39:46+07:00,27.70000,80.60000,48.60000,58.90000,1.78614,403.49036
2025-06-17 19:40:40+07:00,27.80000,80.50000,49.90000,57.50000,1.88114,403.47751
2025-06-17 19:41:32+07:00,27.80000,80.40000,48.20000,56.20000,1.78192,403.47751
2025-06-17 19:43:18+07:00,27.70000,80.60000,48.20000,56.90000,1.77350,403.50970
2025-06-17 19:44:12+07:00,27.70000,80.60000,48.10000,59.80000,1.77350,403.54868
2025-06-17 19:45:07+07:00,27.70000,80.70000,46.40000,55.50000,1.77350,403.50323
2025-06-17 19:45:58+07:00,27.70000,80.60000,48.00000,57.50000,1.83746,403.54868
2025-06-17 19:46:53+07:00,27.70000,80.70000,46.50000,54.90000,1.75674,403.51617
2025-06-17 19:48:40+07:00,27.70000,80.80000,46.60000,55.80000,1.76929,403.52264
2025-06-17 19:49:32+07:00,27.80000,80.70000,46.70000,53.30000,1.76929,403.49680
2025-06-17 19:50:30+07:00,27.70000,80.90000,46.30000,55.20000,1.74012,403.49680
2025-06-17 19:51:31+07:00,27.80000,80.80000,46.50000,55.40000,1.73598,403.46469
2025-06-17 19:52:22+07:00,27.80000,80.80000,45.10000,53.20000,1.74426,403.45190
2025-06-17 19:53:14+07:00,27.80000,80.80000,47.10000,56.40000,1.74426,403.45831
2025-06-17 19:54:09+07:00,27.80000,80.60000,45.80000,53.10000,1.74426,403.45190
2025-06-17 19:55:02+07:00,27.80000,80.60000,46.50000,57.80000,1.76510,403.48392
2025-06-17 19:56:00+07:00,27.70000,80.00000,46.80000,55.20000,1.77350,403.52264
2025-06-17 19:56:52+07:00,27.70000,80.80000,45.70000,56.00000,1.74012,403.47751
2025-06-17 19:57:45+07:00,27.70000,80.30000,45.20000,55.80000,1.74012,403.47751
2025-06-17 19:58:36+07:00,27.70000,80.60000,45.80000,56.90000,1.73598,403.47110
2025-06-17 19:59:28+07:00,27.70000,80.30000,46.40000,54.90000,1.70318,403.48392
2025-06-17 20:00:25+07:00,27.70000,80.10000,45.50000,54.90000,1.72774,403.48392
2025-06-17 20:01:21+07:00,27.70000,79.90000,45.50000,54.50000,1.76510,403.45831
2025-06-17 20:02:12+07:00,27.70000,79.70000,45.00000,54.10000,1.74842,403.49036
2025-06-17 20:03:04+07:00,27.60000,80.10000,44.40000,52.10000,1.75674,403.45831
2025-06-17 20:03:55+07:00,27.70000,80.40000,44.90000,52.90000,1.70318,403.47751
2025-06-17 20:04:49+07:00,27.70000,80.10000,44.30000,52.70000,1.74842,403.49036
2025-06-17 20:05:39+07:00,27.70000,80.70000,44.60000,53.60000,1.72774,403.48392
2025-06-17 20:06:30+07:00,27.70000,80.70000,45.50000,54.00000,1.72774,403.46469
2025-06-17 20:07:21+07:00,27.60000,80.20000,43.20000,48.50000,1.72362,403.42648
2025-06-17 20:09:06+07:00,27.60000,80.60000,43.80000,51.70000,1.73598,403.48392
2025-06-17 20:09:57+07:00,27.60000,80.60000,43.50000,51.50000,1.75258,403.44556
2025-06-17 20:11:40+07:00,27.70000,81.20000,43.10000,52.30000,1.75258,403.43918
2025-06-17 20:12:30+07:00,27.70000,81.10000,42.60000,48.60000,1.74012,403.45190
2025-06-17 20:13:20+07:00,27.70000,81.10000,42.50000,51.50000,1.72774,403.42017
2025-06-17 20:14:10+07:00,27.70000,81.10000,40.70000,49.80000,1.74012,403.42648
2025-06-17 20:15:01+07:00,27.70000,80.50000,43.00000,50.90000,1.74426,403.48392
2025-06-17 20:15:51+07:00,27.70000,80.00000,41.40000,49.80000,1.74012,403.44556
2025-06-17 20:16:41+07:00,27.60000,79.30000,41.50000,50.60000,1.70318,403.35114
2025-06-17 20:17:31+07:00,27.60000,80.30000,41.00000,47.70000,1.71542,403.36984
2025-06-17 20:18:23+07:00,27.60000,80.90000,41.30000,49.50000,1.70725,403.43283
2025-06-17 20:19:13+07:00,27.70000,81.00000,42.60000,51.40000,1.71952,403.34491
2025-06-17 20:20:05+07:00,27.70000,81.00000,41.40000,49.40000,1.70725,403.32013
2025-06-17 20:21:00+07:00,27.70000,80.70000,41.40000,48.80000,1.69506,403.27103
2025-06-17 20:21:53+07:00,27.70000,80.80000,42.00000,49.90000,1.77350,403.44556
2025-06-17 20:22:43+07:00,27.70000,80.80000,40.60000,48.20000,1.70725,403.43283
2025-06-17 20:23:34+07:00,27.70000,80.60000,41.90000,48.40000,1.83314,403.40121
2025-06-17 20:24:26+07:00,27.70000,80.60000,40.60000,47.70000,1.77350,403.42648
2025-06-17 20:25:21+07:00,27.70000,80.60000,41.50000,46.60000,1.70318,403.42648
2025-06-17 20:26:16+07:00,27.80000,80.40000,40.60000,48.30000,1.63120,403.40121
2025-06-17 20:27:06+07:00,27.70000,80.50000,40.40000,49.30000,1.74012,403.45190
2025-06-17 20:28:00+07:00,27.70000,80.50000,41.30000,50.40000,1.68697,403.34491
2025-06-17 20:28:51+07:00,27.80000,80.30000,41.10000,48.20000,1.61164,403.35736
2025-06-17 20:29:44+07:00,27.80000,80.50000,40.70000,50.20000,1.72774,403.38864
2025-06-17 20:30:35+07:00,27.80000,80.50000,39.10000,44.90000,1.68697,403.33871
2025-06-17 20:31:28+07:00,27.80000,80.50000,39.20000,45.50000,1.71952,403.25885
2025-06-17 20:33:13+07:00,27.80000,80.40000,41.00000,47.80000,1.70318,403.27103
2025-06-17 20:34:07+07:00,27.80000,80.60000,40.10000,46.70000,1.69912,403.35736
2025-06-17 20:35:56+07:00,27.70000,80.60000,40.00000,46.90000,1.71542,403.32632
2025-06-17 20:36:49+07:00,27.80000,80.60000,39.50000,48.60000,1.78614,403.41382
2025-06-17 20:37:44+07:00,27.70000,80.60000,41.50000,48.10000,1.70725,403.35114
2025-06-17 20:38:37+07:00,27.70000,80.60000,40.20000,46.60000,1.67891,403.43283
2025-06-17 20:39:29+07:00,27.80000,80.60000,39.50000,48.20000,1.70318,403.43283
2025-06-17 20:40:21+07:00,27.80000,80.50000,39.60000,46.20000,1.67891,403.40753
2025-06-17 20:41:12+07:00,27.80000,80.50000,40.40000,47.60000,1.68697,403.27103
2025-06-17 20:42:04+07:00,27.80000,80.40000,39.70000,46.40000,1.66288,403.32013
2025-06-17 20:42:54+07:00,27.80000,80.40000,38.70000,47.30000,1.65889,403.36359
2025-06-17 20:43:49+07:00,27.70000,80.60000,39.60000,46.10000,1.71134,403.36984
2025-06-17 20:44:42+07:00,27.70000,80.80000,39.60000,45.90000,1.71542,403.46469
2025-06-17 20:45:32+07:00,27.60000,80.90000,40.40000,45.40000,1.67489,403.43918
2025-06-17 20:46:22+07:00,27.60000,80.80000,39.10000,43.90000,1.71952,403.47751
2025-06-17 20:48:14+07:00,27.60000,80.90000,38.90000,45.10000,1.68293,403.44556
2025-06-17 20:49:11+07:00,27.60000,81.10000,39.80000,48.20000,1.67891,403.43283
2025-06-17 20:50:06+07:00,27.60000,81.10000,39.30000,47.00000,1.68293,403.41382
2025-06-17 20:50:57+07:00,27.60000,81.20000,39.20000,44.90000,1.69506,403.46469
2025-06-17 20:52:46+07:00,27.70000,80.90000,39.80000,45.70000,1.66688,403.42017
2025-06-17 20:53:36+07:00,27.70000,81.00000,41.10000,48.00000,1.63120,403.48392
2025-06-17 20:54:28+07:00,27.70000,80.90000,39.10000,47.50000,1.65889,403.47110
2025-06-17 20:55:24+07:00,27.70000,81.10000,38.90000,46.70000,1.67489,403.44556
2025-06-17 20:56:14+07:00,27.70000,81.10000,39.70000,45.70000,1.74842,403.36984
2025-06-17 20:57:09+07:00,27.60000,81.20000,38.90000,44.30000,1.75674,403.37610
2025-06-17 20:58:01+07:00,27.60000,81.40000,40.50000,46.70000,1.70318,403.47751
2025-06-17 20:59:45+07:00,27.60000,81.40000,40.00000,47.40000,1.66688,403.46469
2025-06-17 21:00:36+07:00,27.70000,81.40000,39.50000,46.40000,1.76510,403.44556
2025-06-17 21:02:23+07:00,27.70000,81.30000,39.70000,46.00000,1.71542,403.47110
2025-06-17 21:03:16+07:00,27.70000,81.30000,39.60000,45.00000,1.68293,403.43918
2025-06-17 21:04:06+07:00,27.60000,81.40000,39.10000,45.40000,1.68697,403.48392
2025-06-17 21:04:58+07:00,27.60000,81.70000,38.50000,45.40000,1.71134,403.50323
2025-06-17 21:05:49+07:00,27.70000,81.70000,39.50000,45.00000,1.70318,403.47110
2025-06-17 21:06:39+07:00,27.70000,81.50000,40.50000,47.40000,1.69506,403.45831
2025-06-17 21:07:30+07:00,27.70000,81.40000,38.20000,46.10000,1.69506,403.43918
2025-06-17 21:08:24+07:00,27.70000,81.00000,39.10000,46.10000,1.70725,403.47751
2025-06-17 21:09:14+07:00,27.60000,80.60000,38.70000,45.80000,1.65094,403.48392
2025-06-17 21:10:05+07:00,27.70000,80.00000,40.00000,48.20000,1.72362,403.49680
2025-06-17 21:10:56+07:00,27.70000,80.60000,41.30000,48.20000,1.69912,403.49036
2025-06-17 21:11:45+07:00,27.60000,80.60000,44.90000,53.20000,1.70318,403.48392
2025-06-17 21:12:38+07:00,27.60000,80.20000,43.50000,50.70000,1.74012,403.49680
2025-06-17 21:13:31+07:00,27.60000,81.00000,53.50000,63.20000,1.71134,403.49680
2025-06-17 21:14:30+07:00,27.60000,81.00000,66.30000,78.80000,1.74012,403.48392
2025-06-17 21:15:24+07:00,27.60000,80.50000,81.20000,96.10000,1.72774,403.48392
2025-06-17 21:16:21+07:00,27.60000,81.20000,138.00000,164.00000,1.74842,403.56830
2025-06-17 21:17:18+07:00,27.60000,79.70000,171.10001,204.00000,1.72362,403.53564
2025-06-17 21:18:10+07:00,27.50000,80.10000,372.79999,428.20001,1.75674,403.56830
2025-06-17 21:19:00+07:00,27.40000,78.50000,387.20001,442.00000,1.76929,403.78320
2025-06-17 21:19:51+07:00,27.40000,77.80000,357.00000,405.89999,1.85920,403.90875
2025-06-17 21:21:32+07:00,27.40000,77.10000,298.39999,335.60001,1.89440,403.95139
2025-06-17 21:22:22+07:00,27.40000,77.10000,273.50000,308.39999,1.92565,404.00879
2025-06-17 21:23:12+07:00,27.30000,76.80000,245.00000,278.00000,1.90774,403.98718
2025-06-17 21:24:01+07:00,27.30000,76.70000,229.00000,263.29999,1.96187,403.98001
2025-06-17 21:24:53+07:00,27.30000,76.50000,216.10001,248.89999,1.91668,403.97284
2025-06-17 21:25:44+07:00,27.20000,76.50000,200.20000,233.39999,1.94822,403.94424
2025-06-17 21:26:35+07:00,27.20000,76.50000,189.39999,222.20000,1.95731,403.95139
2025-06-17 21:27:25+07:00,27.20000,76.50000,179.30000,213.39999,1.98478,403.94424
2025-06-17 21:28:14+07:00,27.20000,76.50000,171.30000,201.39999,1.96643,403.90875
2025-06-17 21:29:06+07:00,27.30000,76.00000,171.30000,201.70000,1.92565,403.90875
2025-06-17 21:29:58+07:00,27.20000,75.90000,161.50000,195.70000,1.98478,403.92291
2025-06-17 21:30:47+07:00,27.30000,75.80000,159.80000,191.10001,1.94822,403.90170
2025-06-17 21:31:38+07:00,27.20000,76.30000,158.70000,191.89999,1.98018,403.89465
2025-06-17 21:32:27+07:00,27.30000,76.80000,141.30000,172.39999,1.98939,403.88760
2025-06-17 21:33:18+07:00,27.50000,79.40000,141.60001,166.70000,2.33436,405.82745
2025-06-17 21:34:07+07:00,27.50000,78.00000,136.10001,159.60001,1.54656,405.30414
2025-06-17 21:34:57+07:00,27.40000,78.00000,129.70000,154.89999,1.48361,404.90613
2025-06-17 21:35:46+07:00,27.50000,78.00000,133.60001,159.00000,1.49091,404.63873
2025-06-17 21:36:35+07:00,27.50000,78.90000,106.40000,127.70000,1.53156,404.54968
2025-06-17 21:37:25+07:00,27.50000,79.60000,117.50000,138.70000,1.49823,404.44632
2025-06-17 21:38:14+07:00,27.50000,79.60000,109.30000,131.89999,1.47997,404.42276
2025-06-17 21:39:04+07:00,27.50000,80.00000,110.30000,128.60001,1.41921,404.36816
2025-06-17 21:39:56+07:00,27.50000,80.00000,110.80000,131.89999,1.44398,404.27588
2025-06-17 21:40:45+07:00,27.50000,80.20000,109.20000,129.70000,1.37068,404.26068
2025-06-17 21:41:37+07:00,27.50000,80.30000,111.10000,129.60001,1.40520,404.21527
2025-06-17 21:42:27+07:00,27.60000,80.40000,112.70000,134.20000,1.42625,404.18524
2025-06-17 21:45:13+07:00,27.50000,80.10000,119.80000,140.50000,1.45829,404.09622
2025-06-17 21:46:11+07:00,27.50000,80.30000,119.60000,144.30000,1.40520,404.06693
2025-06-17 21:47:03+07:00,27.50000,80.40000,119.40000,140.39999,1.45112,404.07422
2025-06-17 21:47:56+07:00,27.60000,80.30000,118.60000,136.50000,1.46910,404.03778
2025-06-17 21:48:48+07:00,27.60000,80.30000,118.50000,140.30000,1.49091,404.00879
2025-06-17 21:49:43+07:00,27.60000,80.20000,117.60000,137.60001,1.45470,403.98718
2025-06-17 21:50:37+07:00,27.50000,80.30000,119.40000,140.10001,1.40869,404.03778
2025-06-17 21:51:33+07:00,27.60000,80.20000,118.50000,143.20000,1.40520,404.00879
2025-06-17 21:52:23+07:00,27.60000,80.20000,120.40000,141.20000,1.41219,403.97284
2025-06-17 21:53:17+07:00,27.60000,80.10000,119.90000,141.30000,1.36386,403.93002
2025-06-17 21:54:09+07:00,27.60000,80.20000,116.70000,141.00000,1.30695,404.02325
2025-06-17 21:55:03+07:00,27.60000,80.20000,116.90000,139.00000,1.55789,403.95853
2025-06-17 21:55:55+07:00,27.60000,80.30000,115.80000,136.39999,1.51297,403.92291
2025-06-17 21:56:46+07:00,27.60000,80.30000,112.90000,134.30000,1.52039,403.91583
2025-06-17 21:57:40+07:00,27.60000,80.20000,112.00000,131.00000,1.50191,403.91583
2025-06-17 21:58:33+07:00,27.60000,80.30000,111.80000,130.60001,1.53905,403.93002
2025-06-17 21:59:25+07:00,27.60000,80.20000,111.00000,131.70000,1.51297,403.90170
2025-06-17 22:00:17+07:00,27.60000,80.20000,112.10000,132.89999,1.53530,403.84555
2025-06-17 22:01:10+07:00,27.60000,80.20000,108.60000,129.80000,1.51667,403.91583
2025-06-17 22:02:02+07:00,27.60000,80.30000,109.00000,130.39999,1.56168,403.93002
2025-06-17 22:02:59+07:00,27.60000,80.40000,109.90000,129.50000,1.53530,403.93713
2025-06-17 22:03:52+07:00,27.60000,80.30000,108.40000,129.89999,1.55789,403.97284
2025-06-17 22:04:46+07:00,27.60000,80.30000,109.80000,128.89999,1.51297,403.94424
2025-06-17 22:05:39+07:00,27.60000,80.40000,104.60000,121.90000,1.53905,403.87354
2025-06-17 22:07:25+07:00,27.60000,80.50000,101.70000,120.30000,1.55789,403.90875
2025-06-17 22:08:15+07:00,27.60000,80.50000,109.10000,126.40000,1.58458,403.91583
2025-06-17 22:09:11+07:00,27.60000,80.40000,104.80000,123.80000,1.57310,403.90875
2025-06-17 22:10:01+07:00,27.50000,80.60000,101.30000,118.60000,1.52039,403.89465
2025-06-17 22:10:54+07:00,27.60000,80.70000,102.80000,121.70000,1.51667,403.82468
2025-06-17 22:11:43+07:00,27.50000,80.70000,101.50000,118.80000,1.52783,403.91583
2025-06-17 22:13:30+07:00,27.50000,80.80000,101.10000,120.90000,1.59614,403.85953
2025-06-17 22:14:21+07:00,27.50000,80.60000,100.40000,117.70000,1.55789,403.84555
2025-06-17 22:15:11+07:00,27.60000,80.60000,101.70000,120.80000,1.54656,403.84555
2025-06-17 22:16:03+07:00,27.60000,80.70000,98.40000,117.40000,1.50191,403.79010
2025-06-17 22:16:54+07:00,27.50000,80.80000,99.10000,116.60000,1.55033,403.88055
2025-06-17 22:17:46+07:00,27.50000,80.20000,98.10000,115.30000,1.59228,403.75577
2025-06-17 22:18:37+07:00,27.40000,80.70000,94.80000,110.60000,1.57692,403.76260
2025-06-17 22:19:29+07:00,27.40000,80.90000,97.40000,116.20000,1.62335,403.74213
2025-06-17 22:20:25+07:00,27.40000,80.80000,99.80000,117.80000,1.66288,403.81082
2025-06-17 22:21:17+07:00,27.40000,80.80000,99.30000,117.20000,1.60775,403.74893
2025-06-17 22:22:06+07:00,27.50000,80.80000,99.00000,117.10000,1.65094,403.82468
2025-06-17 22:22:56+07:00,27.50000,80.70000,98.40000,118.00000,1.61164,403.77634
2025-06-17 22:23:51+07:00,27.50000,80.50000,96.00000,114.30000,1.59228,403.70139
2025-06-17 22:24:43+07:00,27.50000,80.60000,96.70000,114.90000,1.58458,403.79010
2025-06-17 22:25:33+07:00,27.50000,80.50000,96.30000,112.90000,1.60775,403.69464
2025-06-17 22:26:26+07:00,27.40000,80.70000,97.50000,114.60000,1.60000,403.73529
2025-06-17 22:27:18+07:00,27.40000,80.80000,95.60000,113.60000,1.57310,403.82468
2025-06-17 22:28:07+07:00,27.50000,80.70000,94.40000,108.50000,1.56929,403.80389
2025-06-17 22:29:07+07:00,27.50000,80.60000,93.00000,110.60000,1.61164,403.68115
2025-06-17 22:30:01+07:00,27.50000,80.60000,92.10000,109.00000,1.59228,403.64767
2025-06-17 22:30:51+07:00,27.50000,80.60000,89.10000,105.60000,1.56929,403.77634
2025-06-17 22:31:44+07:00,27.50000,80.80000,86.50000,102.20000,1.62335,403.72171
2025-06-17 22:32:37+07:00,27.50000,80.70000,86.00000,100.60000,1.58458,403.66772
2025-06-17 22:33:27+07:00,27.50000,80.70000,87.90000,107.40000,1.61164,403.68115
2025-06-17 22:34:19+07:00,27.50000,80.60000,87.50000,102.20000,1.58075,403.70816
2025-06-17 22:35:13+07:00,27.50000,80.60000,84.80000,103.20000,1.56929,403.70816
2025-06-17 22:36:06+07:00,27.50000,80.60000,86.30000,102.30000,1.60775,403.65436
2025-06-17 22:36:55+07:00,27.40000,80.80000,86.10000,100.80000,1.58843,403.64767
2025-06-17 22:37:45+07:00,27.50000,80.60000,87.60000,105.40000,1.54280,403.70139
2025-06-17 22:38:34+07:00,27.50000,80.50000,86.30000,102.50000,1.55033,403.65436
2025-06-17 22:39:23+07:00,27.60000,80.50000,87.70000,105.90000,1.56929,403.62769
2025-06-17 22:40:13+07:00,27.60000,80.30000,87.40000,103.10000,1.56548,403.62769
2025-06-17 22:41:02+07:00,27.60000,80.20000,81.90000,99.30000,1.55033,403.68115
2025-06-17 22:41:52+07:00,27.60000,80.20000,84.00000,100.00000,1.52410,403.65436
2025-06-17 22:42:41+07:00,27.60000,80.10000,85.20000,100.70000,1.52039,403.58801
2025-06-17 22:43:30+07:00,27.60000,80.30000,83.90000,99.40000,1.53156,403.64767
2025-06-17 22:44:20+07:00,27.60000,80.30000,82.20000,98.20000,1.54280,403.67444
2025-06-17 22:45:09+07:00,27.60000,80.20000,83.40000,99.00000,1.53530,403.62103
2025-06-17 22:45:58+07:00,27.60000,80.20000,80.80000,97.70000,1.56168,403.67444
2025-06-17 22:46:48+07:00,27.50000,80.30000,81.70000,95.10000,1.50559,403.58142
2025-06-17 22:47:37+07:00,27.60000,80.20000,81.60000,97.10000,1.55411,403.63434
2025-06-17 22:48:27+07:00,27.60000,80.20000,79.70000,94.70000,1.52410,403.60120
2025-06-17 22:49:16+07:00,27.60000,80.20000,79.50000,93.90000,1.57310,403.57486
2025-06-17 22:50:05+07:00,27.60000,80.20000,78.80000,92.00000,1.56168,403.60120
2025-06-17 22:50:55+07:00,27.50000,80.30000,79.60000,93.90000,1.53905,403.62769
2025-06-17 22:51:44+07:00,27.40000,80.50000,82.30000,98.20000,1.55789,403.61441
2025-06-17 22:52:34+07:00,27.40000,80.70000,80.80000,95.90000,1.49457,403.58142
2025-06-17 22:53:23+07:00,27.40000,80.90000,80.70000,95.00000,1.50559,403.62103
2025-06-17 22:54:13+07:00,27.40000,80.70000,76.90000,94.60000,1.51297,403.62769
2025-06-17 22:55:02+07:00,27.50000,80.70000,74.90000,90.20000,1.53530,403.56174
2025-06-17 22:55:51+07:00,27.50000,80.60000,74.90000,89.00000,1.54656,403.53564
2025-06-17 22:56:41+07:00,27.50000,80.70000,71.70000,87.00000,1.57310,403.58142
2025-06-17 22:57:33+07:00,27.50000,80.60000,72.00000,86.70000,1.52410,403.56174
2025-06-17 22:58:22+07:00,27.60000,80.50000,76.20000,92.80000,1.52039,403.54214
2025-06-17 22:59:12+07:00,27.50000,80.30000,75.10000,87.20000,1.50191,403.57486
2025-06-17 23:00:01+07:00,27.50000,80.50000,72.50000,84.90000,1.50191,403.52914
2025-06-17 23:00:51+07:00,27.50000,80.60000,73.40000,86.90000,1.56168,403.53564
2025-06-17 23:01:40+07:00,27.50000,80.50000,74.70000,88.60000,1.52783,403.50323
2025-06-17 23:02:30+07:00,27.50000,80.50000,74.70000,86.90000,1.55789,403.54214
2025-06-17 23:03:19+07:00,27.50000,80.20000,73.50000,88.50000,1.53156,403.50323
2025-06-17 23:04:08+07:00,27.40000,80.70000,74.00000,87.40000,1.53905,403.53564
2025-06-17 23:04:58+07:00,27.40000,80.60000,76.30000,89.20000,1.54656,403.59457
2025-06-17 23:05:47+07:00,27.30000,80.80000,76.40000,89.70000,1.53156,403.51617
2025-06-17 23:06:36+07:00,27.30000,80.90000,75.70000,90.00000,1.56548,403.68115
2025-06-17 23:07:26+07:00,27.30000,81.00000,76.90000,89.90000,1.52783,403.57486
2025-06-17 23:08:15+07:00,27.30000,81.00000,75.40000,86.60000,1.53905,403.54214
2025-06-17 23:09:04+07:00,27.30000,81.10000,73.90000,89.90000,1.54656,403.57486
2025-06-17 23:09:54+07:00,27.30000,81.10000,74.40000,87.30000,1.56548,403.54214
2025-06-17 23:10:43+07:00,27.30000,81.00000,73.30000,87.40000,1.53530,403.50323
2025-06-17 23:11:33+07:00,27.40000,81.10000,70.60000,83.80000,1.61164,403.53564
2025-06-17 23:12:22+07:00,27.40000,79.90000,73.30000,84.30000,1.53530,403.48392
2025-06-17 23:13:11+07:00,27.40000,80.70000,72.00000,88.40000,1.64698,403.49680
2025-06-17 23:14:01+07:00,27.30000,81.00000,73.20000,86.40000,1.58843,403.50323
2025-06-17 23:14:53+07:00,27.30000,81.10000,72.00000,84.60000,1.53905,403.49680
2025-06-17 23:15:42+07:00,27.30000,81.10000,71.00000,84.60000,1.58075,403.51617
2025-06-17 23:16:31+07:00,27.30000,81.10000,74.20000,85.80000,1.52039,403.45831
2025-06-17 23:17:21+07:00,27.30000,80.90000,70.60000,83.60000,1.55411,403.53564
2025-06-17 23:18:10+07:00,27.40000,81.00000,72.60000,85.50000,1.53530,403.50323
2025-06-17 23:19:02+07:00,27.40000,80.70000,69.00000,83.80000,1.56548,403.49036
2025-06-17 23:19:52+07:00,27.40000,80.70000,70.70000,83.00000,1.56168,403.51617
2025-06-17 23:20:41+07:00,27.40000,80.60000,69.80000,81.20000,1.58458,403.52914
2025-06-17 23:21:31+07:00,27.40000,80.60000,70.30000,79.70000,1.55789,403.50970
2025-06-17 23:22:24+07:00,27.30000,80.80000,65.80000,77.70000,1.58075,403.48392
2025-06-17 23:23:14+07:00,27.30000,80.80000,67.00000,78.30000,1.57310,403.45831
2025-06-17 23:24:03+07:00,27.30000,80.80000,65.50000,76.40000,1.55411,403.49680
2025-06-17 23:25:51+07:00,27.30000,81.00000,64.50000,77.30000,1.55033,403.43918
2025-06-17 23:26:44+07:00,27.30000,81.00000,64.20000,76.80000,1.54280,403.50323
2025-06-17 23:27:33+07:00,27.30000,80.90000,65.40000,78.90000,1.54280,403.48392
2025-06-17 23:29:14+07:00,27.20000,81.00000,63.60000,77.20000,1.56548,403.44556
2025-06-17 23:30:07+07:00,27.20000,81.20000,64.00000,75.20000,1.51297,403.47110
2025-06-17 23:30:56+07:00,27.20000,81.00000,63.80000,76.70000,1.52783,403.47751
2025-06-17 23:31:45+07:00,27.20000,80.90000,62.80000,73.30000,1.55789,403.44556
2025-06-17 23:32:35+07:00,27.20000,81.10000,61.50000,71.90000,1.55411,403.44556
2025-06-17 23:33:24+07:00,27.20000,81.10000,60.40000,70.50000,1.49823,403.48392
2025-06-17 23:34:13+07:00,27.20000,81.10000,60.70000,72.70000,1.49091,403.46469
2025-06-17 23:35:03+07:00,27.20000,80.90000,59.20000,72.70000,1.52039,403.43283
2025-06-17 23:35:57+07:00,27.20000,81.00000,60.40000,72.70000,1.50928,403.46469
2025-06-17 23:36:51+07:00,27.20000,81.00000,60.00000,71.30000,1.56929,403.46469
2025-06-17 23:37:40+07:00,27.20000,81.10000,59.50000,69.40000,1.50928,403.45190
2025-06-17 23:38:32+07:00,27.20000,81.00000,60.40000,70.40000,1.50928,403.45831
2025-06-17 23:39:22+07:00,27.20000,81.00000,59.70000,69.30000,1.49091,403.43918
2025-06-17 23:40:11+07:00,27.20000,81.00000,58.10000,67.10000,1.49091,403.23462
2025-06-17 23:41:01+07:00,27.20000,81.10000,55.50000,65.80000,1.47997,403.32632
2025-06-17 23:41:50+07:00,27.20000,81.00000,57.40000,69.80000,1.49457,403.41382
2025-06-17 23:42:42+07:00,27.30000,80.80000,55.80000,66.50000,1.50191,403.36359
2025-06-17 23:43:32+07:00,27.30000,80.80000,54.90000,65.80000,1.48361,403.42017
2025-06-17 23:44:21+07:00,27.20000,81.10000,56.40000,66.00000,1.49457,403.35736
2025-06-17 23:45:10+07:00,27.20000,81.00000,55.60000,66.40000,1.50191,403.35114
2025-06-17 23:46:00+07:00,27.20000,81.10000,56.60000,65.90000,1.50191,403.27103
2025-06-17 23:46:49+07:00,27.20000,81.10000,54.50000,65.90000,1.49457,403.42648
2025-06-17 23:47:39+07:00,27.20000,81.10000,52.20000,62.20000,1.49457,403.41382
2025-06-17 23:48:28+07:00,27.20000,81.00000,54.70000,65.50000,1.50559,403.36359
2025-06-17 23:49:18+07:00,27.20000,80.90000,54.70000,65.00000,1.50559,403.35736
2025-06-17 23:50:07+07:00,27.20000,81.00000,53.60000,63.60000,1.48361,403.33871
2025-06-17 23:50:57+07:00,27.20000,81.00000,54.60000,66.20000,1.49823,403.27103
2025-06-17 23:51:49+07:00,27.20000,81.10000,51.20000,59.50000,1.45829,403.26495
2025-06-17 23:52:39+07:00,27.20000,81.00000,52.10000,61.80000,1.47271,403.27103
2025-06-17 23:53:29+07:00,27.10000,81.10000,49.00000,58.30000,1.45829,403.25885
2025-06-17 23:54:18+07:00,27.20000,81.00000,51.20000,61.10000,1.49823,403.26495
2025-06-17 23:55:07+07:00,27.20000,80.90000,51.60000,60.10000,1.45112,403.27103
2025-06-17 23:56:00+07:00,27.20000,80.90000,47.50000,57.50000,1.48361,403.19852
2025-06-17 23:56:49+07:00,27.30000,80.70000,50.20000,60.00000,1.46910,403.22253
2025-06-17 23:57:39+07:00,27.30000,80.60000,49.50000,59.50000,1.48361,403.21051
2025-06-17 23:58:31+07:00,27.30000,80.70000,50.60000,58.30000,1.47997,403.19254
2025-06-17 23:59:20+07:00,27.30000,80.60000,49.70000,58.90000,1.46910,403.20450
2025-06-18 00:00:10+07:00,27.20000,80.80000,46.90000,55.80000,1.44042,403.26495
2025-06-18 00:01:00+07:00,27.20000,80.80000,50.40000,59.30000,1.47997,403.25885
2025-06-18 00:01:49+07:00,27.20000,80.80000,49.10000,59.10000,1.45829,403.22253
2025-06-18 00:02:39+07:00,27.20000,80.90000,48.90000,58.10000,1.42272,403.16870
2025-06-18 00:03:28+07:00,27.10000,81.00000,49.40000,59.10000,1.47997,403.21051
2025-06-18 00:04:17+07:00,27.10000,80.90000,47.20000,57.50000,1.43687,403.23462
2025-06-18 00:05:07+07:00,27.20000,80.90000,47.10000,57.20000,1.44042,403.21652
2025-06-18 00:06:00+07:00,27.20000,80.90000,46.10000,55.30000,1.44398,403.24066
2025-06-18 00:06:49+07:00,27.20000,80.80000,45.40000,54.90000,1.42978,403.25278
2025-06-18 00:07:39+07:00,27.20000,80.90000,46.10000,55.20000,1.42625,403.19254
2025-06-18 00:08:28+07:00,27.20000,80.80000,45.60000,54.10000,1.41921,403.21652
2025-06-18 00:09:21+07:00,27.20000,80.70000,45.20000,53.60000,1.44755,403.15091
2025-06-18 00:10:10+07:00,27.20000,80.60000,44.70000,55.40000,1.42625,403.19852
2025-06-18 00:11:00+07:00,27.20000,80.60000,44.20000,51.80000,1.42978,403.15091
2025-06-18 00:11:49+07:00,27.20000,80.60000,43.00000,53.50000,1.42978,403.17465
2025-06-18 00:12:39+07:00,27.20000,80.60000,42.40000,49.80000,1.40869,403.16870
2025-06-18 00:13:28+07:00,27.20000,80.50000,39.80000,47.50000,1.49823,403.14499
2025-06-18 00:14:18+07:00,27.20000,79.90000,43.40000,50.90000,1.42978,403.17465
2025-06-18 00:15:07+07:00,27.20000,80.40000,44.60000,53.50000,1.42272,403.12732
2025-06-18 00:15:57+07:00,27.10000,80.70000,42.50000,50.50000,1.36726,403.16870
2025-06-18 00:16:46+07:00,27.10000,80.80000,43.60000,51.90000,1.40172,403.18060
2025-06-18 00:17:35+07:00,27.10000,80.80000,43.40000,53.00000,1.40172,403.17465
2025-06-18 00:18:25+07:00,27.10000,80.90000,42.10000,52.30000,1.41219,403.15683
2025-06-18 00:19:18+07:00,27.10000,80.70000,41.70000,50.10000,1.38096,403.15683
2025-06-18 00:20:07+07:00,27.10000,80.60000,38.20000,45.30000,1.41921,403.18655
2025-06-18 00:20:56+07:00,27.20000,80.50000,41.40000,50.30000,1.36386,403.11560
2025-06-18 00:21:46+07:00,27.20000,80.50000,41.80000,47.50000,1.38096,403.14499
2025-06-18 00:22:35+07:00,27.20000,80.40000,41.70000,49.90000,1.36045,403.18060
2025-06-18 00:23:24+07:00,27.20000,80.40000,41.70000,49.60000,1.35029,403.16870
2025-06-18 00:24:14+07:00,27.10000,80.40000,40.40000,48.80000,1.38785,403.14499
2025-06-18 00:25:03+07:00,27.10000,80.50000,39.80000,48.10000,1.37753,403.11560
2025-06-18 00:25:53+07:00,27.10000,80.50000,40.10000,47.60000,1.39131,403.15683
2025-06-18 00:26:42+07:00,27.10000,80.50000,39.00000,46.80000,1.44042,403.13321
2025-06-18 00:27:31+07:00,27.10000,80.60000,39.10000,48.90000,1.33349,403.15091
2025-06-18 00:28:21+07:00,27.10000,80.50000,39.00000,47.10000,1.37068,403.13910
2025-06-18 00:29:10+07:00,27.10000,80.40000,38.20000,46.40000,1.37410,403.10388
2025-06-18 00:29:59+07:00,27.10000,80.50000,40.10000,46.80000,1.34692,403.12732
2025-06-18 00:30:49+07:00,27.10000,80.50000,37.70000,45.50000,1.37410,403.13910
2025-06-18 00:31:38+07:00,27.10000,80.30000,38.70000,47.80000,1.34019,403.10388
2025-06-18 00:32:28+07:00,27.10000,80.30000,35.70000,44.00000,1.38785,403.15683
2025-06-18 00:33:17+07:00,27.20000,80.20000,35.30000,42.60000,1.37068,403.12146
2025-06-18 00:34:06+07:00,27.30000,79.80000,35.90000,43.80000,1.37753,403.09222
2025-06-18 00:34:56+07:00,27.20000,79.90000,36.40000,43.60000,1.37410,403.07480
2025-06-18 00:35:45+07:00,27.10000,80.10000,36.30000,42.90000,1.40869,403.07480
2025-06-18 00:36:35+07:00,27.10000,80.10000,34.60000,41.20000,1.38096,403.02872
2025-06-18 00:37:24+07:00,27.10000,80.10000,36.10000,43.20000,1.39824,403.06323
2025-06-18 00:38:13+07:00,27.00000,80.30000,35.60000,44.80000,1.37410,403.04019
2025-06-18 00:39:03+07:00,27.00000,80.50000,34.70000,41.20000,1.40520,403.03445
2025-06-18 00:39:52+07:00,27.00000,80.60000,34.40000,42.10000,1.39477,403.02298
2025-06-18 00:40:42+07:00,26.90000,80.70000,33.90000,41.60000,1.39477,403.03445
2025-06-18 00:41:31+07:00,26.90000,80.80000,34.40000,39.80000,1.38441,403.08060
2025-06-18 00:42:20+07:00,26.90000,80.90000,35.20000,41.50000,1.35706,403.02298
2025-06-18 00:43:10+07:00,26.90000,81.00000,35.20000,42.30000,1.37410,403.05743
2025-06-18 00:43:59+07:00,26.90000,81.00000,35.80000,42.70000,1.39824,403.08640
2025-06-18 00:44:48+07:00,26.90000,80.90000,34.20000,39.30000,1.38096,403.09222
2025-06-18 00:45:38+07:00,27.00000,80.80000,33.90000,39.80000,1.41219,403.03445
2025-06-18 00:46:27+07:00,27.00000,80.80000,35.20000,41.30000,1.40520,403.06900
2025-06-18 00:47:16+07:00,27.00000,80.70000,34.00000,40.40000,1.39477,403.06323
2025-06-18 00:48:06+07:00,27.00000,80.60000,34.00000,41.10000,1.39477,403.04593
2025-06-18 00:48:55+07:00,27.00000,80.60000,34.40000,41.20000,1.37068,403.00589
2025-06-18 00:49:45+07:00,27.10000,80.50000,34.60000,40.90000,1.37068,403.04019
2025-06-18 00:50:34+07:00,27.10000,80.40000,34.20000,40.20000,1.34692,403.05170
2025-06-18 00:51:23+07:00,27.00000,80.50000,32.80000,38.50000,1.38441,402.96628
2025-06-18 00:52:13+07:00,27.00000,80.60000,33.30000,40.10000,1.34692,403.01727
2025-06-18 00:53:02+07:00,27.00000,80.70000,33.50000,40.90000,1.38096,403.00021
2025-06-18 00:53:51+07:00,27.00000,80.70000,33.10000,38.60000,1.35706,402.99454
2025-06-18 00:54:41+07:00,27.00000,80.80000,32.40000,37.30000,1.38441,403.05170
2025-06-18 00:55:30+07:00,27.00000,80.80000,32.50000,39.30000,1.39477,403.00589
2025-06-18 00:56:19+07:00,26.90000,80.80000,33.30000,40.10000,1.30695,403.03445
2025-06-18 00:57:09+07:00,27.00000,80.80000,31.30000,37.20000,1.38096,402.97754
2025-06-18 00:57:58+07:00,27.00000,80.80000,31.90000,37.30000,1.36386,403.00589
2025-06-18 00:58:48+07:00,27.00000,80.70000,32.10000,38.50000,1.35706,403.03445
2025-06-18 00:59:37+07:00,27.00000,80.60000,31.20000,38.10000,1.36726,403.01157
2025-06-18 01:00:26+07:00,27.00000,80.60000,30.40000,37.70000,1.34692,403.03445
2025-06-18 01:01:16+07:00,27.10000,80.40000,32.30000,38.40000,1.33015,403.05170
2025-06-18 01:02:05+07:00,27.10000,80.40000,31.70000,37.90000,1.37068,403.02872
2025-06-18 01:02:54+07:00,27.10000,80.30000,31.20000,38.90000,1.34019,402.99454
2025-06-18 01:03:44+07:00,27.10000,80.30000,30.40000,38.20000,1.39477,402.98322
2025-06-18 01:04:33+07:00,27.10000,80.30000,31.10000,37.70000,1.35706,402.95505
2025-06-18 01:05:23+07:00,27.00000,80.50000,31.00000,37.30000,1.36045,402.98886
2025-06-18 01:06:12+07:00,27.00000,80.40000,30.70000,38.00000,1.33683,403.03445
2025-06-18 01:07:01+07:00,27.00000,80.40000,30.30000,36.90000,1.39131,403.02872
2025-06-18 01:07:51+07:00,27.00000,80.50000,31.10000,37.20000,1.35029,402.99454
2025-06-18 01:08:40+07:00,27.00000,80.50000,30.10000,36.20000,1.36386,402.98322
2025-06-18 01:09:29+07:00,27.10000,80.40000,30.40000,36.70000,1.32016,403.03445
2025-06-18 01:10:19+07:00,27.00000,80.40000,30.70000,35.70000,1.33349,402.96066
2025-06-18 01:11:08+07:00,27.00000,80.50000,30.10000,36.10000,1.34355,403.01157
2025-06-18 01:11:58+07:00,27.00000,80.50000,29.30000,35.50000,1.31354,402.98322
2025-06-18 01:12:47+07:00,27.00000,80.50000,29.10000,34.20000,1.43332,402.97754
2025-06-18 01:13:37+07:00,27.00000,80.60000,29.70000,35.70000,1.36726,402.96628
2025-06-18 01:14:26+07:00,27.00000,80.50000,29.60000,35.80000,1.38096,402.97192
2025-06-18 01:15:16+07:00,27.00000,80.60000,29.00000,35.60000,1.31354,402.95505
2025-06-18 01:16:05+07:00,27.00000,80.60000,28.70000,35.00000,1.36726,402.97754
2025-06-18 01:16:54+07:00,27.00000,80.60000,28.80000,34.60000,1.33015,402.96628
2025-06-18 01:17:44+07:00,27.00000,80.80000,27.50000,32.10000,1.34692,402.96066
2025-06-18 01:18:34+07:00,26.90000,80.80000,28.90000,35.30000,1.31685,402.96628
2025-06-18 01:19:23+07:00,26.90000,80.90000,28.00000,35.00000,1.35367,402.91599
2025-06-18 01:20:12+07:00,26.90000,81.10000,27.90000,32.20000,1.35367,402.97192
2025-06-18 01:21:02+07:00,26.90000,81.10000,27.90000,33.60000,1.33683,402.93826
2025-06-18 01:21:51+07:00,26.90000,81.00000,27.50000,33.10000,1.31685,402.89938
2025-06-18 01:22:40+07:00,26.90000,81.10000,27.90000,33.90000,1.30695,402.83371
2025-06-18 01:23:30+07:00,26.90000,81.00000,27.90000,33.30000,1.31024,402.96066
2025-06-18 01:24:19+07:00,26.90000,81.10000,27.20000,33.80000,1.33015,402.90491
2025-06-18 01:25:09+07:00,26.90000,81.20000,27.30000,32.70000,1.30038,402.89938
2025-06-18 01:25:58+07:00,26.80000,81.20000,26.70000,32.60000,1.30366,402.93826
2025-06-18 01:26:47+07:00,26.80000,81.20000,26.70000,31.80000,1.32016,402.90491
2025-06-18 01:27:37+07:00,26.80000,81.20000,26.50000,31.90000,1.32016,402.91043
2025-06-18 01:28:26+07:00,26.80000,81.10000,25.50000,31.40000,1.34692,402.93826
2025-06-18 01:29:16+07:00,26.80000,81.20000,26.20000,29.50000,1.29058,402.91043
2025-06-18 01:30:07+07:00,26.80000,81.20000,25.70000,30.80000,1.33683,402.92709
2025-06-18 01:30:57+07:00,26.80000,81.20000,25.70000,32.10000,1.28083,402.82831
2025-06-18 01:31:47+07:00,26.80000,81.20000,25.60000,30.00000,1.31354,402.89938
2025-06-18 01:32:36+07:00,26.80000,81.20000,25.40000,30.60000,1.32349,402.91599
2025-06-18 01:33:26+07:00,26.80000,81.20000,25.60000,31.60000,1.32016,402.88834
2025-06-18 01:34:15+07:00,26.80000,81.20000,24.90000,30.40000,1.29058,402.91043
2025-06-18 01:35:04+07:00,26.80000,81.10000,24.90000,29.60000,1.30366,402.88834
2025-06-18 01:35:54+07:00,26.80000,81.20000,25.10000,29.30000,1.29711,402.86639
2025-06-18 01:36:46+07:00,26.80000,81.20000,25.10000,30.00000,1.30695,402.89386
2025-06-18 01:37:35+07:00,26.80000,81.10000,24.80000,30.40000,1.31024,402.91043
2025-06-18 01:38:25+07:00,26.90000,80.90000,24.30000,29.10000,1.28407,402.93826
2025-06-18 01:39:15+07:00,26.90000,80.80000,25.10000,30.30000,1.30366,402.91043
2025-06-18 01:40:04+07:00,27.00000,80.50000,24.00000,30.20000,1.32349,402.91599
2025-06-18 01:40:54+07:00,27.00000,80.30000,24.00000,29.00000,1.31024,402.88284
2025-06-18 01:41:43+07:00,27.00000,79.90000,23.70000,29.00000,1.30695,402.91043
2025-06-18 01:42:32+07:00,26.90000,80.50000,23.60000,27.50000,1.29058,402.97754
2025-06-18 01:43:22+07:00,26.90000,80.70000,24.30000,29.50000,1.30366,402.91043
2025-06-18 01:44:11+07:00,26.90000,80.60000,24.10000,28.70000,1.27437,402.89386
2025-06-18 01:45:01+07:00,26.90000,80.50000,23.50000,28.70000,1.34692,402.91599
2025-06-18 01:45:50+07:00,27.00000,80.40000,23.30000,27.40000,1.29058,402.97192
2025-06-18 01:46:40+07:00,27.00000,80.20000,24.50000,28.40000,1.32016,402.91043
2025-06-18 01:47:32+07:00,27.00000,80.20000,24.80000,29.90000,1.29058,402.89386
2025-06-18 01:48:21+07:00,26.90000,80.20000,23.80000,29.30000,1.29711,402.90491
2025-06-18 01:49:11+07:00,26.90000,80.40000,24.10000,28.10000,1.32681,402.87735
2025-06-18 01:50:01+07:00,26.90000,80.50000,23.40000,29.10000,1.28732,402.92154
2025-06-18 01:50:51+07:00,26.90000,80.50000,23.70000,28.40000,1.28732,402.93268
2025-06-18 01:51:40+07:00,26.90000,80.50000,23.50000,27.90000,1.32016,402.91043
2025-06-18 01:52:29+07:00,26.90000,80.40000,23.30000,29.80000,1.30695,402.94943
2025-06-18 01:53:19+07:00,26.80000,80.40000,23.90000,28.40000,1.30366,402.91599
2025-06-18 01:54:08+07:00,26.90000,80.30000,23.40000,28.80000,1.34019,402.90491
2025-06-18 01:54:58+07:00,26.90000,80.30000,21.10000,24.60000,1.30038,402.97192
2025-06-18 01:55:47+07:00,26.90000,80.10000,23.10000,28.40000,1.30366,402.89938
2025-06-18 01:56:36+07:00,26.90000,80.00000,23.10000,27.90000,1.30038,402.92154
2025-06-18 01:57:26+07:00,26.90000,80.00000,22.50000,26.50000,1.28083,402.93268
2025-06-18 01:58:15+07:00,26.90000,80.00000,23.10000,28.20000,1.33015,402.93826
2025-06-18 01:59:05+07:00,26.90000,80.00000,22.80000,27.50000,1.30695,402.89386
2025-06-18 01:59:54+07:00,26.90000,80.00000,22.70000,27.90000,1.30038,402.91599
2025-06-18 02:00:44+07:00,26.90000,80.00000,22.50000,27.80000,1.30366,402.90491
2025-06-18 02:01:33+07:00,26.90000,79.90000,22.40000,27.40000,1.30038,402.93826
2025-06-18 02:02:22+07:00,27.00000,79.80000,20.80000,24.40000,1.32349,402.93826
2025-06-18 02:03:12+07:00,27.00000,79.80000,21.90000,28.50000,1.29058,402.91043
2025-06-18 02:04:01+07:00,27.00000,79.60000,22.00000,26.60000,1.31024,402.93826
2025-06-18 02:04:51+07:00,27.00000,79.60000,21.30000,26.40000,1.23928,402.94943
2025-06-18 02:05:40+07:00,27.00000,79.70000,21.50000,28.10000,1.30038,402.94943
2025-06-18 02:06:29+07:00,27.00000,79.50000,21.60000,26.60000,1.26472,402.94385
2025-06-18 02:07:19+07:00,27.00000,79.50000,21.50000,25.30000,1.24877,402.89386
2025-06-18 02:08:08+07:00,27.00000,79.50000,21.20000,27.90000,1.29711,403.00021
2025-06-18 02:09:53+07:00,27.00000,79.40000,21.50000,25.20000,1.29384,402.87735
2025-06-18 02:10:43+07:00,27.00000,79.50000,21.50000,26.50000,1.29711,402.94943
2025-06-18 02:12:35+07:00,27.10000,79.40000,20.40000,24.10000,1.29058,402.87186
2025-06-18 02:13:28+07:00,27.00000,79.40000,20.70000,24.80000,1.29711,402.92154
2025-06-18 02:14:17+07:00,27.00000,79.40000,20.90000,24.80000,1.31024,402.90491
2025-06-18 02:15:07+07:00,27.00000,79.40000,20.30000,24.90000,1.27115,402.95505
2025-06-18 02:15:57+07:00,27.00000,79.40000,20.00000,23.90000,1.27760,402.97192
2025-06-18 02:16:47+07:00,27.00000,79.40000,19.60000,23.90000,1.29711,402.92709
2025-06-18 02:17:36+07:00,27.00000,79.20000,19.80000,23.30000,1.30038,402.94385
2025-06-18 02:18:25+07:00,27.00000,79.40000,19.90000,23.30000,1.29058,402.92709
2025-06-18 02:19:15+07:00,27.00000,79.30000,21.00000,25.70000,1.28732,402.93268
2025-06-18 02:20:04+07:00,27.00000,79.40000,20.30000,24.30000,1.28732,402.92154
2025-06-18 02:20:56+07:00,27.00000,79.30000,19.90000,24.60000,1.30038,402.94385
2025-06-18 02:21:48+07:00,27.00000,79.30000,19.60000,22.00000,1.28407,402.89938
2025-06-18 02:22:40+07:00,27.00000,79.20000,18.90000,21.80000,1.31024,402.94385
2025-06-18 02:23:34+07:00,27.00000,79.00000,19.10000,22.30000,1.30695,402.89386
2025-06-18 02:24:25+07:00,27.00000,79.00000,19.10000,24.10000,1.30695,402.92709
2025-06-18 02:25:19+07:00,27.10000,79.00000,18.80000,23.20000,1.34692,402.92154
2025-06-18 02:26:08+07:00,27.10000,79.00000,19.10000,23.50000,1.34355,402.89386
2025-06-18 02:26:58+07:00,27.10000,79.00000,19.60000,24.10000,1.27437,402.89938
2025-06-18 02:27:50+07:00,27.00000,79.00000,18.10000,22.50000,1.31685,402.93268
2025-06-18 02:28:45+07:00,27.00000,78.60000,18.60000,22.20000,1.29058,402.92154
2025-06-18 02:29:34+07:00,27.00000,78.70000,18.70000,21.80000,1.29384,402.91599
2025-06-18 02:30:24+07:00,27.00000,78.70000,18.10000,21.40000,1.31354,402.91043
2025-06-18 02:31:13+07:00,27.00000,78.90000,17.40000,22.40000,1.30366,402.92154
2025-06-18 02:32:02+07:00,27.00000,78.90000,18.30000,22.00000,1.34019,402.89938
2025-06-18 02:32:52+07:00,27.00000,78.90000,18.50000,21.70000,1.38096,402.89938
2025-06-18 02:33:41+07:00,27.00000,79.00000,17.30000,21.40000,1.39131,402.92709
2025-06-18 02:34:31+07:00,27.00000,78.80000,17.50000,21.10000,1.39131,402.92154
2025-06-18 02:35:20+07:00,27.00000,78.70000,16.90000,19.90000,1.40172,402.92709
2025-06-18 02:36:09+07:00,27.00000,78.70000,17.50000,20.40000,1.38785,402.87735
2025-06-18 02:36:59+07:00,27.00000,78.60000,16.90000,20.00000,1.36386,402.89386
2025-06-18 02:37:49+07:00,27.00000,78.40000,17.20000,19.90000,1.31685,402.86093
2025-06-18 02:38:38+07:00,27.00000,78.60000,16.30000,18.90000,1.37410,402.85547
2025-06-18 02:39:27+07:00,26.90000,78.20000,17.20000,20.40000,1.33683,402.91043
2025-06-18 02:40:17+07:00,26.90000,78.50000,18.00000,22.00000,1.32681,402.90491
2025-06-18 02:41:06+07:00,27.00000,78.40000,17.70000,21.80000,1.34355,402.89386
2025-06-18 02:41:56+07:00,27.00000,78.50000,17.40000,20.80000,1.29058,402.91043
2025-06-18 02:42:45+07:00,27.00000,78.50000,16.00000,19.10000,1.35029,402.91599
2025-06-18 02:43:35+07:00,27.00000,78.30000,16.70000,19.60000,1.37410,402.94943
2025-06-18 02:44:24+07:00,27.00000,78.30000,16.40000,20.30000,1.33683,402.90491
2025-06-18 02:45:13+07:00,26.90000,78.50000,17.00000,20.20000,1.38441,402.88834
2025-06-18 02:46:03+07:00,26.90000,78.60000,16.00000,19.10000,1.37410,402.86639
2025-06-18 02:46:55+07:00,26.90000,78.60000,15.60000,18.60000,1.34019,402.89386
2025-06-18 02:47:44+07:00,26.90000,78.30000,16.50000,19.70000,1.38441,402.93826
2025-06-18 02:48:34+07:00,26.90000,78.50000,15.30000,18.50000,1.38441,402.90491
2025-06-18 02:49:23+07:00,27.00000,78.40000,15.80000,18.80000,1.38096,402.91043
2025-06-18 02:50:12+07:00,27.00000,77.70000,15.60000,18.50000,1.38096,402.86639
2025-06-18 02:51:02+07:00,27.00000,77.90000,15.50000,19.10000,1.34692,402.92709
2025-06-18 02:51:51+07:00,27.00000,78.30000,15.60000,20.20000,1.37068,402.87735
2025-06-18 02:52:40+07:00,27.00000,78.20000,15.40000,19.60000,1.30366,402.87735
2025-06-18 02:53:30+07:00,26.90000,78.30000,16.10000,19.20000,1.36386,402.82288
2025-06-18 02:54:19+07:00,26.90000,78.30000,16.20000,19.70000,1.37410,402.85001
2025-06-18 02:55:10+07:00,26.90000,78.30000,14.80000,17.90000,1.35706,402.77994
2025-06-18 02:55:59+07:00,26.90000,77.60000,15.20000,19.00000,1.36045,402.89386
2025-06-18 02:56:48+07:00,26.90000,78.00000,14.40000,17.20000,1.34355,402.87735
2025-06-18 02:57:38+07:00,26.90000,77.60000,14.60000,18.30000,1.35029,402.80670
2025-06-18 02:58:28+07:00,26.80000,78.50000,14.70000,17.00000,1.37068,402.91043
2025-06-18 02:59:17+07:00,26.80000,78.60000,14.50000,17.40000,1.31354,402.89938
2025-06-18 03:00:06+07:00,26.90000,78.50000,15.40000,20.70000,1.34692,402.86639
2025-06-18 03:00:56+07:00,26.90000,78.30000,14.90000,18.30000,1.32016,402.85001
2025-06-18 03:01:45+07:00,26.90000,78.30000,14.80000,18.60000,1.32681,402.91043
2025-06-18 03:02:35+07:00,26.90000,78.20000,15.00000,17.70000,1.32349,402.86639
2025-06-18 03:03:24+07:00,26.90000,78.20000,14.50000,18.10000,1.34355,402.90491
2025-06-18 03:04:13+07:00,26.90000,78.10000,15.00000,17.20000,1.35706,402.92154
2025-06-18 03:05:03+07:00,26.90000,78.10000,14.20000,16.30000,1.32681,402.93268
2025-06-18 03:05:52+07:00,26.90000,78.10000,14.30000,17.70000,1.36726,402.95505
2025-06-18 03:06:41+07:00,26.90000,77.80000,15.00000,18.90000,1.34355,402.88284
2025-06-18 03:07:31+07:00,26.90000,78.40000,13.70000,16.70000,1.33349,402.89938
2025-06-18 03:08:20+07:00,26.80000,78.00000,14.40000,17.60000,1.36386,402.87186
2025-06-18 03:09:09+07:00,26.80000,77.90000,14.20000,17.10000,1.35367,402.86639
2025-06-18 03:09:59+07:00,26.80000,78.10000,13.90000,17.40000,1.29384,402.90491
2025-06-18 03:10:50+07:00,26.80000,77.80000,13.70000,16.90000,1.34019,402.87735
2025-06-18 03:11:40+07:00,26.80000,78.00000,13.30000,16.90000,1.41569,402.84457
2025-06-18 03:12:30+07:00,26.90000,77.30000,13.80000,15.80000,1.31685,402.83914
2025-06-18 03:13:21+07:00,26.90000,77.60000,13.30000,17.80000,1.32016,402.91599
2025-06-18 03:14:10+07:00,26.90000,77.40000,13.70000,16.80000,1.39131,402.84457
2025-06-18 03:14:59+07:00,26.80000,77.70000,13.40000,16.20000,1.31024,402.80133
2025-06-18 03:15:49+07:00,26.80000,77.90000,13.70000,16.60000,1.28083,402.88284
2025-06-18 03:16:41+07:00,26.70000,78.10000,13.10000,15.60000,1.35367,402.82831
2025-06-18 03:17:30+07:00,26.70000,77.60000,13.00000,16.00000,1.30038,402.85547
2025-06-18 03:18:20+07:00,26.70000,78.00000,13.70000,16.30000,1.29711,402.91043
2025-06-18 03:19:09+07:00,26.70000,78.20000,13.10000,16.60000,1.30366,402.89386
2025-06-18 03:19:58+07:00,26.70000,77.70000,12.70000,15.50000,1.36045,402.87735
2025-06-18 03:20:48+07:00,26.70000,78.10000,12.60000,14.90000,1.30366,402.86093
2025-06-18 03:21:37+07:00,26.80000,78.00000,13.10000,16.50000,1.32349,402.85547
2025-06-18 03:22:26+07:00,26.80000,78.00000,13.40000,15.80000,1.32349,402.87186
2025-06-18 03:23:16+07:00,26.80000,78.00000,13.40000,16.20000,1.31354,402.86093
2025-06-18 03:24:05+07:00,26.80000,78.00000,13.30000,15.80000,1.31024,402.87735
2025-06-18 03:24:54+07:00,26.80000,78.00000,13.20000,16.90000,1.33015,402.89386
2025-06-18 03:25:44+07:00,26.80000,77.70000,13.80000,16.00000,1.36045,402.92154
2025-06-18 03:26:33+07:00,26.80000,77.60000,12.50000,14.40000,1.34692,402.91043
2025-06-18 03:27:22+07:00,26.80000,77.30000,13.30000,14.90000,1.32681,402.92154
2025-06-18 03:28:12+07:00,26.70000,77.70000,13.90000,17.30000,1.29058,402.85001
2025-06-18 03:29:01+07:00,26.70000,77.50000,13.20000,16.20000,1.32681,402.92154
2025-06-18 03:29:51+07:00,26.60000,77.70000,13.00000,15.30000,1.31024,402.87186
2025-06-18 03:30:40+07:00,26.60000,77.80000,12.70000,14.20000,1.29384,402.90491
2025-06-18 03:31:29+07:00,26.60000,77.90000,13.60000,17.20000,1.30695,402.88834
2025-06-18 03:32:19+07:00,26.60000,77.70000,14.00000,18.40000,1.28732,402.91043
2025-06-18 03:33:08+07:00,26.70000,77.80000,13.50000,16.20000,1.31354,402.88834
2025-06-18 03:33:58+07:00,26.70000,77.70000,12.90000,16.90000,1.31685,402.89386
2025-06-18 03:34:47+07:00,26.70000,77.70000,13.00000,15.70000,1.25832,402.96066
2025-06-18 03:35:36+07:00,26.70000,77.50000,12.80000,15.40000,1.30695,402.95505
2025-06-18 03:36:25+07:00,26.70000,77.60000,12.80000,14.80000,1.29058,402.92154
2025-06-18 03:37:15+07:00,26.70000,77.60000,13.40000,16.40000,1.30695,402.83914
2025-06-18 03:38:04+07:00,26.70000,77.40000,12.10000,15.00000,1.27760,402.90491
2025-06-18 03:38:54+07:00,26.70000,77.40000,12.20000,14.20000,1.28083,402.89386
2025-06-18 03:39:43+07:00,26.70000,77.40000,12.50000,15.10000,1.27760,402.88834
2025-06-18 03:40:32+07:00,26.60000,77.50000,13.00000,15.20000,1.31024,402.89938
2025-06-18 03:41:22+07:00,26.70000,77.50000,12.60000,14.10000,1.28732,402.89938
2025-06-18 03:42:11+07:00,26.70000,77.40000,12.60000,15.50000,1.29711,402.93268
2025-06-18 03:43:00+07:00,26.70000,77.40000,12.30000,14.40000,1.28732,402.92154
2025-06-18 03:43:50+07:00,26.70000,77.50000,12.80000,15.40000,1.29058,402.90491
2025-06-18 03:44:39+07:00,26.70000,77.40000,12.20000,14.80000,1.32349,402.89938
2025-06-18 03:45:29+07:00,26.70000,77.40000,12.50000,15.00000,1.30695,402.93268
2025-06-18 03:46:18+07:00,26.70000,77.40000,12.70000,14.70000,1.32349,402.92709
2025-06-18 03:47:07+07:00,26.70000,77.30000,13.00000,15.20000,1.30695,402.93826
2025-06-18 03:47:57+07:00,26.70000,77.00000,11.90000,15.60000,1.25832,402.88834
2025-06-18 03:48:46+07:00,26.70000,77.10000,12.20000,14.10000,1.29058,402.89386
2025-06-18 03:49:35+07:00,26.70000,77.20000,11.70000,13.90000,1.32681,402.87186
2025-06-18 03:50:25+07:00,26.70000,77.30000,12.50000,14.80000,1.33683,402.91043
2025-06-18 03:51:14+07:00,26.70000,77.30000,12.10000,14.60000,1.31685,402.86639
2025-06-18 03:52:04+07:00,26.70000,77.10000,12.10000,14.60000,1.30038,402.89938
2025-06-18 03:52:53+07:00,26.70000,77.10000,12.30000,14.60000,1.28732,402.89386
2025-06-18 03:53:42+07:00,26.80000,77.00000,11.60000,13.50000,1.30038,402.91599
2025-06-18 03:54:32+07:00,26.80000,76.90000,11.60000,13.30000,1.35367,402.96066
2025-06-18 03:55:21+07:00,26.70000,76.90000,11.20000,14.70000,1.30695,402.91599
2025-06-18 03:56:10+07:00,26.70000,77.00000,11.90000,14.70000,1.32681,402.91043
2025-06-18 03:57:00+07:00,26.70000,76.80000,11.50000,14.00000,1.29711,402.96628
2025-06-18 03:57:49+07:00,26.70000,77.00000,11.50000,13.80000,1.31685,402.91599
2025-06-18 03:58:41+07:00,26.70000,77.00000,11.80000,13.70000,1.35706,402.92154
2025-06-18 03:59:31+07:00,26.70000,77.00000,11.20000,13.00000,1.29711,402.93268
2025-06-18 04:00:20+07:00,26.70000,77.00000,11.00000,12.40000,1.31354,402.91599
2025-06-18 04:01:09+07:00,26.70000,77.00000,11.40000,13.70000,1.29058,402.92709
2025-06-18 04:01:59+07:00,26.70000,77.00000,10.90000,13.00000,1.31024,402.91043
2025-06-18 04:02:48+07:00,26.70000,76.90000,11.50000,13.50000,1.31685,402.93826
2025-06-18 04:03:37+07:00,26.70000,76.80000,11.40000,13.60000,1.29384,402.89938
2025-06-18 04:04:27+07:00,26.70000,77.00000,11.70000,14.40000,1.35367,402.92154
2025-06-18 04:05:16+07:00,26.70000,76.80000,10.90000,13.00000,1.27760,402.94385
2025-06-18 04:06:06+07:00,26.70000,76.80000,11.30000,13.10000,1.30695,402.90491
2025-06-18 04:06:55+07:00,26.70000,76.80000,11.20000,13.40000,1.31354,402.91599
2025-06-18 04:07:44+07:00,26.70000,76.70000,10.90000,12.20000,1.31024,402.89386
2025-06-18 04:08:34+07:00,26.70000,76.70000,10.80000,13.50000,1.29384,402.93268
2025-06-18 04:09:23+07:00,26.60000,76.80000,11.40000,13.40000,1.29058,402.92709
2025-06-18 04:10:12+07:00,26.60000,76.90000,11.50000,14.30000,1.27115,402.88834
2025-06-18 04:11:02+07:00,26.70000,77.00000,10.90000,13.20000,1.30695,402.91599
2025-06-18 04:11:51+07:00,26.70000,76.90000,10.30000,11.80000,1.31354,402.94385
2025-06-18 04:12:40+07:00,26.70000,76.80000,11.60000,14.40000,1.28407,402.89938
2025-06-18 04:13:30+07:00,26.70000,76.90000,11.70000,14.40000,1.27760,402.90491
2025-06-18 04:14:19+07:00,26.70000,76.80000,11.00000,14.00000,1.29384,402.91599
2025-06-18 04:15:08+07:00,26.70000,76.80000,11.50000,15.50000,1.28083,402.89938
2025-06-18 04:15:58+07:00,26.70000,76.80000,11.20000,14.40000,1.29384,402.92154
2025-06-18 04:16:47+07:00,26.70000,76.90000,11.10000,14.10000,1.32016,402.85547
2025-06-18 04:17:37+07:00,26.70000,76.90000,11.00000,13.80000,1.31024,402.87186
2025-06-18 04:18:26+07:00,26.70000,76.90000,11.30000,13.50000,1.29058,402.91599
2025-06-18 04:19:15+07:00,26.70000,77.00000,10.60000,13.30000,1.28732,402.92154
2025-06-18 04:20:05+07:00,26.70000,76.90000,11.30000,15.40000,1.30695,402.90491
2025-06-18 04:20:58+07:00,26.80000,76.80000,11.40000,14.10000,1.29058,402.90491
2025-06-18 04:21:47+07:00,26.80000,77.00000,11.60000,14.90000,1.30038,402.86639
2025-06-18 04:22:36+07:00,26.70000,77.00000,11.20000,14.50000,1.28083,402.88284
2025-06-18 04:23:26+07:00,26.70000,77.10000,10.60000,13.30000,1.28407,402.88834
2025-06-18 04:24:15+07:00,26.70000,76.80000,10.50000,13.30000,1.29711,402.89386
2025-06-18 04:25:09+07:00,26.70000,77.00000,11.40000,13.80000,1.30038,402.88834
2025-06-18 04:26:02+07:00,26.70000,76.80000,11.20000,14.60000,1.28407,402.90491
2025-06-18 04:26:51+07:00,26.70000,77.00000,11.40000,14.30000,1.28083,402.88284
2025-06-18 04:27:40+07:00,26.70000,77.00000,11.30000,14.50000,1.31354,402.91599
2025-06-18 04:28:30+07:00,26.70000,77.00000,11.40000,14.50000,1.30366,402.90491
2025-06-18 04:29:19+07:00,26.70000,77.00000,11.40000,14.10000,1.28732,402.93268
2025-06-18 04:30:09+07:00,26.70000,77.00000,11.50000,16.00000,1.31354,402.87735
2025-06-18 04:30:58+07:00,26.70000,77.20000,11.20000,13.60000,1.31354,402.88284
2025-06-18 04:31:48+07:00,26.70000,77.30000,11.50000,13.60000,1.24877,402.88834
2025-06-18 04:32:37+07:00,26.70000,76.90000,11.10000,14.00000,1.28083,402.87735
2025-06-18 04:33:26+07:00,26.70000,76.80000,11.60000,14.90000,1.28732,402.89386
2025-06-18 04:34:16+07:00,26.70000,77.00000,11.30000,13.40000,1.28083,402.88284
2025-06-18 04:35:05+07:00,26.70000,76.60000,11.90000,14.40000,1.28407,402.88834
2025-06-18 04:35:54+07:00,26.70000,77.00000,11.50000,14.60000,1.26472,402.84457
2025-06-18 04:36:44+07:00,26.70000,76.50000,11.20000,15.30000,1.27437,402.85001
2025-06-18 04:37:33+07:00,26.70000,76.50000,11.60000,14.90000,1.29711,402.91599
2025-06-18 04:38:23+07:00,26.70000,77.10000,10.90000,15.40000,1.28407,402.89938
2025-06-18 04:39:12+07:00,26.70000,77.10000,11.90000,15.50000,1.28732,402.91599
2025-06-18 04:40:01+07:00,26.70000,76.80000,11.60000,14.90000,1.29058,402.83371
2025-06-18 04:40:51+07:00,26.70000,76.70000,11.80000,17.60000,1.28083,402.86639
2025-06-18 04:41:40+07:00,26.70000,77.00000,11.10000,14.90000,1.31354,402.88284
2025-06-18 04:42:29+07:00,26.70000,76.40000,11.00000,14.40000,1.31354,402.91043
2025-06-18 04:43:19+07:00,26.70000,76.70000,10.80000,15.30000,1.28407,402.88284
2025-06-18 04:44:08+07:00,26.60000,76.90000,11.50000,16.30000,1.27115,402.84457
2025-06-18 04:44:57+07:00,26.70000,77.00000,11.90000,15.60000,1.28083,402.89386
2025-06-18 04:45:47+07:00,26.70000,76.70000,11.40000,14.30000,1.34692,402.91599
2025-06-18 04:46:36+07:00,26.60000,76.90000,11.60000,14.30000,1.29384,402.88284
2025-06-18 04:47:26+07:00,26.60000,76.70000,11.60000,15.50000,1.33015,402.89386
2025-06-18 04:48:15+07:00,26.60000,76.70000,11.30000,13.70000,1.29384,402.89938
2025-06-18 04:49:04+07:00,26.60000,76.90000,11.10000,15.30000,1.29711,402.86093
2025-06-18 04:49:54+07:00,26.60000,76.90000,11.90000,15.50000,1.30038,402.84457
2025-06-18 04:50:43+07:00,26.60000,76.40000,11.30000,15.00000,1.26793,402.90491
2025-06-18 04:51:32+07:00,26.60000,76.60000,11.50000,15.50000,1.27115,402.82288
2025-06-18 04:52:22+07:00,26.60000,77.10000,11.90000,16.60000,1.30038,402.81747
2025-06-18 04:53:11+07:00,26.70000,77.00000,11.70000,14.30000,1.28083,402.86639
2025-06-18 04:54:00+07:00,26.70000,76.90000,12.30000,16.30000,1.29711,402.89386
2025-06-18 04:54:50+07:00,26.70000,76.80000,12.20000,16.60000,1.29384,402.81210
2025-06-18 04:55:39+07:00,26.70000,76.50000,10.90000,14.70000,1.27115,402.88284
2025-06-18 04:56:28+07:00,26.70000,76.30000,10.90000,14.90000,1.27437,402.87735
2025-06-18 04:57:18+07:00,26.60000,76.70000,11.10000,14.60000,1.27115,402.87735
2025-06-18 04:58:07+07:00,26.60000,77.00000,11.30000,14.90000,1.27115,402.81747
2025-06-18 04:58:57+07:00,26.60000,77.00000,11.60000,15.70000,1.28407,402.86093
2025-06-18 04:59:46+07:00,26.70000,77.00000,11.90000,16.70000,1.27115,402.85547
2025-06-18 05:00:35+07:00,26.60000,77.00000,11.80000,15.20000,1.24560,402.86639
2025-06-18 05:01:28+07:00,26.60000,76.50000,12.00000,18.20000,1.26472,402.89386
2025-06-18 05:02:17+07:00,26.60000,76.80000,12.20000,16.20000,1.26152,402.86639
2025-06-18 05:03:06+07:00,26.60000,76.60000,11.90000,16.10000,1.27760,402.89386
2025-06-18 05:03:56+07:00,26.60000,76.00000,11.20000,14.60000,1.24560,402.85547
2025-06-18 05:04:45+07:00,26.50000,76.40000,11.10000,14.20000,1.32681,402.87735
2025-06-18 05:05:35+07:00,26.50000,76.90000,10.90000,15.00000,1.26472,402.86639
2025-06-18 05:06:24+07:00,26.50000,76.70000,11.00000,14.70000,1.27115,402.86639
2025-06-18 05:07:13+07:00,26.50000,76.40000,11.60000,15.60000,1.22047,402.85001
2025-06-18 05:08:03+07:00,26.50000,76.70000,12.20000,16.00000,1.26793,402.88284
2025-06-18 05:08:52+07:00,26.50000,76.80000,11.10000,15.50000,1.26793,402.83914
2025-06-18 05:09:41+07:00,26.50000,76.90000,11.80000,15.20000,1.24877,402.83914
2025-06-18 05:10:31+07:00,26.50000,76.70000,11.80000,15.30000,1.27437,402.88834
2025-06-18 05:11:20+07:00,26.60000,76.50000,10.90000,14.70000,1.26152,402.86639
2025-06-18 05:12:10+07:00,26.60000,76.50000,10.90000,13.60000,1.27115,402.86639
2025-06-18 05:12:59+07:00,26.60000,76.60000,11.00000,14.40000,1.25513,402.85001
2025-06-18 05:13:48+07:00,26.60000,76.00000,11.10000,13.80000,1.26472,402.86639
2025-06-18 05:14:38+07:00,26.60000,76.20000,11.10000,13.60000,1.22047,402.81747
2025-06-18 05:15:27+07:00,26.60000,76.10000,10.90000,14.10000,1.24560,402.80133
2025-06-18 05:16:16+07:00,26.60000,76.10000,11.20000,14.40000,1.25832,402.80670
2025-06-18 05:17:06+07:00,26.60000,76.30000,11.30000,16.10000,1.25832,402.81210
2025-06-18 05:17:55+07:00,26.60000,76.40000,11.80000,17.20000,1.23613,402.84457
2025-06-18 05:18:44+07:00,26.60000,76.40000,11.10000,13.70000,1.25832,402.77994
2025-06-18 05:19:34+07:00,26.60000,76.40000,11.20000,15.80000,1.25513,402.91043
2025-06-18 05:20:23+07:00,26.60000,76.40000,11.80000,15.40000,1.27115,402.82831
2025-06-18 05:21:13+07:00,26.50000,76.40000,11.00000,14.80000,1.27437,402.86639
2025-06-18 05:22:02+07:00,26.50000,76.40000,11.60000,14.30000,1.25513,402.82288
2025-06-18 05:22:51+07:00,26.50000,76.40000,11.90000,17.40000,1.26152,402.83914
2025-06-18 05:23:41+07:00,26.50000,76.20000,11.50000,14.80000,1.26472,402.86639
2025-06-18 05:24:30+07:00,26.50000,76.60000,11.00000,14.60000,1.26793,402.87735
2025-06-18 05:25:20+07:00,26.50000,76.50000,12.30000,16.50000,1.26152,402.86639
2025-06-18 05:26:09+07:00,26.50000,76.50000,11.40000,14.30000,1.25513,402.82831
2025-06-18 05:26:58+07:00,26.50000,76.50000,11.30000,15.00000,1.26793,402.84457
2025-06-18 05:27:53+07:00,26.50000,76.50000,11.20000,15.20000,1.25832,402.81210
2025-06-18 05:28:50+07:00,26.50000,76.60000,11.60000,16.80000,1.26152,402.88834
2025-06-18 05:29:39+07:00,26.60000,76.40000,11.00000,14.50000,1.26793,402.87735
2025-06-18 05:30:29+07:00,26.50000,76.40000,11.50000,14.40000,1.26793,402.82288
2025-06-18 05:31:22+07:00,26.50000,76.50000,10.90000,14.40000,1.27115,402.85547
2025-06-18 05:32:12+07:00,26.40000,76.50000,10.80000,14.30000,1.24877,402.83914
2025-06-18 05:33:01+07:00,26.40000,76.70000,11.10000,16.20000,1.26472,402.85547
2025-06-18 05:33:50+07:00,26.30000,76.80000,10.60000,14.00000,1.30366,402.84457
2025-06-18 05:34:40+07:00,26.30000,76.80000,10.40000,14.60000,1.27115,402.86093
2025-06-18 05:35:29+07:00,26.30000,76.70000,10.80000,14.60000,1.27115,402.85547
2025-06-18 05:36:19+07:00,26.20000,76.70000,11.10000,14.70000,1.27115,402.87186
2025-06-18 05:37:08+07:00,26.30000,76.70000,10.40000,13.60000,1.28083,402.87735
2025-06-18 05:38:00+07:00,26.20000,76.70000,11.30000,14.40000,1.27115,402.85001
2025-06-18 05:38:50+07:00,26.20000,76.60000,11.20000,15.80000,1.27437,402.86093
2025-06-18 05:39:39+07:00,26.20000,76.80000,11.00000,13.60000,1.26472,402.77460
2025-06-18 05:40:28+07:00,26.20000,76.90000,10.80000,13.60000,1.26152,402.85547
2025-06-18 05:41:18+07:00,26.30000,76.70000,11.10000,16.80000,1.27760,402.86639
2025-06-18 05:42:07+07:00,26.30000,76.80000,11.10000,14.10000,1.27115,402.87186
2025-06-18 05:42:57+07:00,26.20000,76.70000,11.50000,14.40000,1.23613,402.78528
2025-06-18 05:43:49+07:00,26.30000,76.60000,10.40000,14.90000,1.26793,402.86639
2025-06-18 05:44:42+07:00,26.30000,76.70000,10.70000,14.90000,1.23613,402.82288
2025-06-18 05:45:31+07:00,26.20000,76.70000,11.20000,15.40000,1.26472,402.81210
2025-06-18 05:46:25+07:00,26.20000,76.70000,11.20000,15.00000,1.26793,402.82288
2025-06-18 05:47:21+07:00,26.20000,76.90000,10.70000,13.80000,1.23928,402.85001
2025-06-18 05:48:11+07:00,26.20000,76.90000,11.90000,16.50000,1.26152,402.81747
2025-06-18 05:49:00+07:00,26.20000,77.00000,10.60000,14.00000,1.20806,402.83371
2025-06-18 05:49:50+07:00,26.20000,77.00000,11.10000,15.60000,1.24877,402.81210
2025-06-18 05:50:42+07:00,26.20000,77.00000,11.40000,16.10000,1.26472,402.86093
2025-06-18 05:51:34+07:00,26.20000,77.00000,10.90000,13.90000,1.25195,402.87186
2025-06-18 05:52:24+07:00,26.20000,77.00000,11.10000,15.80000,1.28732,402.86639
2025-06-18 05:53:17+07:00,26.20000,77.10000,10.90000,14.30000,1.29711,402.86639
2025-06-18 05:54:07+07:00,26.20000,77.10000,10.60000,14.30000,1.19574,402.86093
2025-06-18 05:54:56+07:00,26.10000,77.10000,10.40000,13.80000,1.28732,402.82288
2025-06-18 05:55:45+07:00,26.10000,77.10000,11.20000,15.40000,1.26152,402.85547
2025-06-18 05:56:35+07:00,26.20000,77.10000,11.10000,16.70000,1.27115,402.79596
2025-06-18 05:57:24+07:00,26.20000,77.00000,11.10000,16.00000,1.25195,402.82831
2025-06-18 05:58:14+07:00,26.20000,77.00000,11.30000,15.10000,1.27115,402.85547
2025-06-18 05:59:06+07:00,26.20000,77.00000,11.10000,15.10000,1.27760,402.83914
2025-06-18 05:59:55+07:00,26.20000,77.00000,11.10000,16.20000,1.26793,402.87735
2025-06-18 06:00:44+07:00,26.20000,77.00000,11.40000,15.20000,1.30366,402.84457
2025-06-18 06:01:34+07:00,26.20000,77.10000,11.40000,18.00000,1.26793,402.82288
2025-06-18 06:03:21+07:00,26.20000,77.10000,11.50000,14.70000,1.30038,402.86639
2025-06-18 06:04:11+07:00,26.10000,77.20000,11.40000,15.30000,1.27437,402.90491
2025-06-18 06:05:00+07:00,26.20000,77.10000,11.10000,16.00000,1.27115,402.82831
2025-06-18 06:05:49+07:00,26.20000,77.10000,11.70000,16.40000,1.26793,402.89938
2025-06-18 06:06:39+07:00,26.10000,77.20000,11.20000,14.20000,1.28083,402.87186
2025-06-18 06:07:28+07:00,26.10000,77.20000,11.30000,15.40000,1.28407,402.83371
2025-06-18 06:08:18+07:00,26.10000,77.20000,11.40000,14.90000,1.27115,402.89938
2025-06-18 06:09:10+07:00,26.10000,77.30000,11.20000,16.00000,1.27115,402.85001
2025-06-18 06:10:00+07:00,26.10000,77.20000,11.00000,15.80000,1.25513,402.91599
2025-06-18 06:11:46+07:00,26.10000,77.20000,11.80000,15.70000,1.24244,402.87735
2025-06-18 06:12:35+07:00,26.10000,77.30000,11.30000,16.00000,1.26793,402.85547
2025-06-18 06:13:24+07:00,26.10000,77.30000,11.50000,14.90000,1.27760,402.86093
2025-06-18 06:14:14+07:00,26.10000,77.30000,12.10000,15.40000,1.30695,402.89938
2025-06-18 06:15:03+07:00,26.20000,77.40000,11.20000,15.80000,1.27437,402.88834
2025-06-18 06:15:52+07:00,26.20000,77.10000,12.20000,16.50000,1.27115,402.92709
2025-06-18 06:16:42+07:00,26.20000,77.10000,11.70000,16.60000,1.27115,402.91043
2025-06-18 06:17:31+07:00,26.20000,77.30000,11.50000,16.50000,1.28083,402.92709
2025-06-18 06:18:21+07:00,26.20000,77.30000,12.00000,17.80000,1.29711,402.95505
2025-06-18 06:19:10+07:00,26.20000,77.40000,11.60000,16.20000,1.30695,402.88284
2025-06-18 06:19:59+07:00,26.20000,77.30000,11.70000,17.90000,1.30366,402.94385
2025-06-18 06:20:49+07:00,26.20000,77.40000,12.20000,16.90000,1.30366,402.92154
2025-06-18 06:21:38+07:00,26.20000,77.50000,12.40000,17.60000,1.31685,402.92709
2025-06-18 06:22:27+07:00,26.20000,77.50000,11.30000,14.00000,1.29384,402.89938
2025-06-18 06:23:17+07:00,26.20000,77.60000,12.20000,15.90000,1.32681,402.96066
2025-06-18 06:24:06+07:00,26.20000,77.50000,12.20000,16.20000,1.29384,402.93268
2025-06-18 06:24:55+07:00,26.30000,77.30000,11.80000,16.80000,1.29058,402.94385
2025-06-18 06:25:45+07:00,26.30000,77.20000,12.10000,15.30000,1.32016,402.93268
2025-06-18 06:26:34+07:00,26.20000,77.40000,12.10000,16.90000,1.31354,402.93268
2025-06-18 06:27:23+07:00,26.20000,77.40000,12.10000,16.00000,1.31685,402.93268
2025-06-18 06:28:13+07:00,26.20000,77.60000,12.30000,16.90000,1.27760,402.92709
2025-06-18 06:29:02+07:00,26.20000,77.70000,12.40000,15.80000,1.29058,402.94943
2025-06-18 06:29:51+07:00,26.20000,77.70000,11.70000,15.40000,1.30366,402.93268
2025-06-18 06:30:41+07:00,26.20000,77.70000,12.70000,18.40000,1.31024,402.93826
2025-06-18 06:31:30+07:00,26.20000,77.70000,12.60000,18.50000,1.33349,402.95505
2025-06-18 06:32:27+07:00,26.20000,77.60000,12.60000,15.80000,1.31024,402.97192
2025-06-18 06:33:17+07:00,26.20000,77.50000,13.20000,17.50000,1.32681,403.00021
2025-06-18 06:34:06+07:00,26.20000,77.50000,12.90000,18.60000,1.32681,402.98886
2025-06-18 06:34:56+07:00,26.20000,77.60000,13.10000,17.70000,1.32016,402.97754
2025-06-18 06:35:45+07:00,26.30000,77.50000,12.40000,16.80000,1.34019,402.92709
2025-06-18 06:36:34+07:00,26.30000,77.40000,12.90000,19.00000,1.33349,402.96066
2025-06-18 06:37:23+07:00,26.40000,77.30000,12.30000,18.10000,1.32016,402.94385
2025-06-18 06:38:13+07:00,26.40000,77.30000,12.50000,16.50000,1.36726,403.00021
2025-06-18 06:39:02+07:00,26.30000,77.30000,12.40000,17.50000,1.29384,402.98322
2025-06-18 06:39:52+07:00,26.30000,77.40000,12.60000,17.40000,1.34019,402.94943
2025-06-18 06:40:41+07:00,26.30000,77.50000,13.30000,17.30000,1.35706,402.98322
2025-06-18 06:41:30+07:00,26.30000,77.60000,13.00000,18.10000,1.37068,402.97754
2025-06-18 06:42:20+07:00,26.30000,77.50000,12.30000,17.70000,1.34692,402.96066
2025-06-18 06:43:09+07:00,26.30000,77.60000,13.20000,18.80000,1.39131,403.02298
2025-06-18 06:43:58+07:00,26.30000,77.50000,12.70000,19.10000,1.33683,402.93268
2025-06-18 06:44:48+07:00,26.30000,77.60000,12.80000,19.20000,1.37410,402.95505
2025-06-18 06:45:37+07:00,26.30000,77.50000,12.60000,17.10000,1.37068,403.00589
2025-06-18 06:46:27+07:00,26.20000,77.70000,13.50000,17.80000,1.43687,402.95505
2025-06-18 06:47:16+07:00,26.20000,77.80000,12.60000,17.70000,1.36386,403.02298
2025-06-18 06:48:05+07:00,26.30000,77.60000,13.10000,18.00000,1.37068,402.96628
2025-06-18 06:48:55+07:00,26.30000,77.60000,13.60000,19.00000,1.45829,403.05170
2025-06-18 06:49:44+07:00,26.40000,77.70000,12.70000,17.90000,1.35029,403.00589
2025-06-18 06:50:33+07:00,26.40000,77.40000,14.10000,18.60000,1.47634,403.01157
2025-06-18 06:51:23+07:00,26.40000,77.40000,12.90000,17.90000,1.36045,403.02872
2025-06-18 06:52:12+07:00,26.40000,77.30000,13.90000,20.20000,1.35029,403.01157
2025-06-18 06:53:01+07:00,26.40000,77.30000,13.00000,17.40000,1.43332,403.01727
2025-06-18 06:53:51+07:00,26.50000,77.20000,13.10000,20.60000,1.38096,402.98886
2025-06-18 06:54:40+07:00,26.40000,77.10000,13.70000,18.90000,1.38096,402.99454
2025-06-18 06:55:30+07:00,26.40000,77.00000,13.00000,21.70000,1.43332,403.02872
2025-06-18 06:56:19+07:00,26.50000,76.90000,13.80000,19.10000,1.39131,402.99454
2025-06-18 06:57:08+07:00,26.60000,77.00000,14.10000,20.30000,1.49457,402.97754
2025-06-18 06:57:58+07:00,26.60000,76.70000,14.00000,19.40000,1.39824,403.05170
2025-06-18 06:58:47+07:00,26.60000,76.70000,14.00000,20.60000,1.42625,403.04019
2025-06-18 06:59:40+07:00,26.60000,77.00000,13.70000,18.80000,1.40520,402.99454
2025-06-18 07:00:29+07:00,26.60000,77.10000,13.10000,18.30000,1.37410,403.03445
2025-06-18 07:01:19+07:00,26.50000,77.00000,12.80000,19.00000,1.49457,403.09805
2025-06-18 07:02:08+07:00,26.50000,77.00000,14.80000,20.30000,1.39824,403.03445
2025-06-18 07:03:02+07:00,26.50000,77.20000,13.80000,19.70000,1.37410,403.01727
2025-06-18 07:03:51+07:00,26.50000,77.10000,13.10000,19.40000,1.46910,403.02872
2025-06-18 07:04:41+07:00,26.50000,77.10000,13.90000,19.10000,1.37753,403.06900
2025-06-18 07:05:30+07:00,26.50000,77.10000,14.90000,20.40000,1.44755,403.05743
2025-06-18 07:06:20+07:00,26.50000,77.40000,13.70000,18.60000,1.42978,403.05170
2025-06-18 07:07:09+07:00,26.60000,77.00000,13.50000,18.50000,1.46189,403.06323
2025-06-18 07:07:58+07:00,26.60000,76.30000,12.30000,17.40000,1.46189,403.05743
2025-06-18 07:08:48+07:00,26.60000,75.90000,13.10000,18.20000,1.39477,403.04593
2025-06-18 07:09:37+07:00,26.60000,76.30000,13.80000,18.60000,1.42978,403.02298
2025-06-18 07:10:27+07:00,26.60000,76.50000,14.10000,20.10000,1.42978,403.07480
2025-06-18 07:11:16+07:00,26.70000,76.40000,14.20000,18.80000,1.44398,403.05743
2025-06-18 07:12:05+07:00,26.70000,76.20000,14.00000,19.30000,1.47634,403.03445
2025-06-18 07:12:55+07:00,26.60000,76.40000,13.30000,18.70000,1.46549,403.08640
2025-06-18 07:13:47+07:00,26.60000,76.40000,13.00000,17.00000,1.47271,403.08060
2025-06-18 07:14:36+07:00,26.60000,76.50000,13.60000,19.90000,1.44042,403.08060
2025-06-18 07:15:29+07:00,26.60000,76.50000,14.40000,19.60000,1.45829,403.09805
2025-06-18 07:16:18+07:00,26.60000,76.70000,13.70000,18.30000,1.42625,403.08640
2025-06-18 07:17:08+07:00,26.70000,76.50000,15.00000,20.50000,1.45112,403.11560
2025-06-18 07:17:57+07:00,26.70000,76.40000,13.50000,19.50000,1.47634,403.07480
2025-06-18 07:18:47+07:00,26.70000,76.40000,14.60000,19.30000,1.44755,403.06323
2025-06-18 07:19:36+07:00,26.60000,76.30000,14.00000,19.80000,1.47634,403.09222
2025-06-18 07:20:25+07:00,26.70000,76.30000,14.10000,20.40000,1.49091,403.08060
2025-06-18 07:21:15+07:00,26.70000,76.50000,14.00000,18.90000,1.49091,403.09222
2025-06-18 07:22:04+07:00,26.70000,76.40000,14.10000,21.50000,1.49823,403.09805
2025-06-18 07:22:54+07:00,26.70000,76.30000,14.40000,19.50000,1.50928,403.07480
2025-06-18 07:23:43+07:00,26.70000,76.50000,14.30000,21.10000,1.49091,403.10974
2025-06-18 07:24:32+07:00,26.70000,76.50000,13.90000,18.40000,1.49457,403.09222
2025-06-18 07:25:22+07:00,26.70000,76.40000,14.70000,20.40000,1.49091,403.09805
2025-06-18 07:26:11+07:00,26.70000,76.40000,14.10000,20.50000,1.47271,403.12146
2025-06-18 07:27:00+07:00,26.70000,76.60000,14.00000,19.00000,1.51297,403.09222
2025-06-18 07:27:50+07:00,26.80000,76.40000,14.20000,18.50000,1.49091,403.14499
2025-06-18 07:28:39+07:00,26.70000,76.40000,14.10000,20.20000,1.49091,403.10974
2025-06-18 07:29:28+07:00,26.70000,76.40000,15.00000,20.60000,1.49823,403.09805
2025-06-18 07:30:18+07:00,26.80000,76.20000,14.10000,21.00000,1.49091,403.11560
2025-06-18 07:31:07+07:00,26.80000,76.20000,14.20000,20.10000,1.49091,403.12146
2025-06-18 07:31:56+07:00,26.70000,76.20000,13.40000,20.50000,1.56548,403.10974
2025-06-18 07:33:41+07:00,26.80000,75.90000,13.90000,19.20000,1.50928,403.08640
2025-06-18 07:34:30+07:00,26.80000,75.90000,14.00000,20.60000,1.49457,403.13321
2025-06-18 07:35:28+07:00,26.90000,76.00000,13.90000,20.30000,1.52410,403.09805
2025-06-18 07:36:25+07:00,26.90000,75.90000,14.40000,19.50000,1.50191,403.09222
2025-06-18 07:37:18+07:00,26.90000,75.90000,14.00000,21.50000,1.48725,403.05743
2025-06-18 07:38:07+07:00,26.90000,75.90000,13.30000,18.50000,1.49823,403.10388
2025-06-18 07:38:56+07:00,26.90000,75.70000,14.00000,19.90000,1.50191,403.06900
2025-06-18 07:39:46+07:00,26.90000,75.80000,13.40000,18.10000,1.50928,403.09805
2025-06-18 07:40:35+07:00,26.90000,75.80000,13.60000,18.20000,1.49091,403.13321
2025-06-18 07:41:24+07:00,26.90000,75.70000,14.60000,18.70000,1.54280,403.11560
2025-06-18 07:42:14+07:00,26.90000,75.70000,13.60000,19.70000,1.54280,403.11560
2025-06-18 07:43:03+07:00,26.90000,75.60000,13.80000,18.40000,1.52783,403.13910
2025-06-18 07:43:53+07:00,27.00000,75.60000,13.90000,18.60000,1.50559,403.12146
2025-06-18 07:44:42+07:00,27.00000,75.60000,13.70000,17.30000,1.51297,403.09805
2025-06-18 07:45:31+07:00,27.00000,75.70000,13.10000,18.00000,1.53530,403.10974
2025-06-18 07:46:21+07:00,27.00000,75.80000,14.00000,18.70000,1.54280,403.13321
2025-06-18 07:47:10+07:00,27.00000,75.80000,14.00000,19.80000,1.54280,403.11560
2025-06-18 07:47:59+07:00,27.00000,75.90000,13.60000,19.00000,1.56168,403.15091
2025-06-18 07:48:49+07:00,27.00000,75.90000,14.00000,19.40000,1.59228,403.10388
2025-06-18 07:49:38+07:00,27.00000,75.90000,13.90000,18.90000,1.55411,403.13321
2025-06-18 07:50:27+07:00,27.00000,76.00000,14.00000,20.20000,1.55789,403.16275
2025-06-18 07:51:17+07:00,27.00000,76.00000,14.70000,19.60000,1.63120,403.16870
2025-06-18 07:52:06+07:00,27.00000,75.90000,13.30000,18.70000,1.56929,403.12146
2025-06-18 07:52:56+07:00,27.00000,76.00000,13.30000,19.50000,1.55411,403.13321
2025-06-18 07:53:45+07:00,27.00000,75.90000,13.60000,18.20000,1.54280,403.12732
2025-06-18 07:54:34+07:00,27.00000,75.90000,13.50000,18.90000,1.58458,403.09222
2025-06-18 07:55:24+07:00,27.00000,75.80000,13.60000,18.00000,1.55033,403.17465
2025-06-18 07:56:13+07:00,27.00000,75.70000,13.70000,17.50000,1.52410,403.12732
2025-06-18 07:57:05+07:00,27.10000,75.70000,12.40000,17.50000,1.52039,403.14499
2025-06-18 07:57:55+07:00,27.10000,75.70000,13.60000,17.70000,1.51667,403.12732
2025-06-18 07:58:44+07:00,27.10000,75.60000,13.20000,17.80000,1.71134,403.14499
2025-06-18 07:59:33+07:00,27.10000,75.50000,12.70000,18.50000,1.71542,403.12146
2025-06-18 08:00:23+07:00,27.10000,75.50000,12.80000,17.10000,1.52410,403.15091
2025-06-18 08:01:15+07:00,27.10000,75.60000,13.50000,17.30000,1.52410,403.21652
2025-06-18 08:02:04+07:00,27.10000,75.60000,13.20000,17.90000,1.53530,403.13910
2025-06-18 08:02:53+07:00,27.10000,75.70000,13.40000,20.10000,1.52783,403.16870
2025-06-18 08:03:50+07:00,27.10000,75.70000,13.50000,19.00000,1.53905,403.18655
2025-06-18 08:04:40+07:00,27.10000,75.70000,12.80000,17.80000,1.58843,403.09222
2025-06-18 08:05:29+07:00,27.10000,75.60000,12.70000,16.20000,1.53530,403.12732
2025-06-18 08:06:18+07:00,27.10000,75.50000,14.10000,18.70000,1.55033,403.16275
2025-06-18 08:07:08+07:00,27.10000,75.50000,13.50000,18.40000,1.57310,403.18655
2025-06-18 08:07:57+07:00,27.10000,75.50000,13.50000,18.80000,1.59614,403.10974
2025-06-18 08:08:47+07:00,27.10000,75.40000,13.90000,20.00000,1.50928,403.16275
2025-06-18 08:09:39+07:00,27.10000,75.50000,12.90000,17.00000,1.58843,403.16275
2025-06-18 08:10:33+07:00,27.10000,75.50000,13.70000,21.20000,1.53530,403.13321
2025-06-18 08:11:23+07:00,27.20000,75.60000,12.80000,17.60000,1.58075,403.12146
2025-06-18 08:12:12+07:00,27.10000,75.40000,13.80000,22.40000,1.53156,403.16870
2025-06-18 08:13:02+07:00,27.20000,75.40000,13.70000,20.30000,1.54280,403.14499
2025-06-18 08:13:52+07:00,27.20000,75.30000,13.30000,18.20000,1.63513,403.19852
2025-06-18 08:15:36+07:00,27.20000,75.30000,13.30000,19.90000,1.57310,403.11560
2025-06-18 08:16:25+07:00,27.20000,75.20000,13.90000,19.20000,1.58843,403.18060
2025-06-18 08:17:15+07:00,27.20000,75.20000,12.80000,17.30000,1.57692,403.16870
2025-06-18 08:18:04+07:00,27.20000,75.20000,13.20000,17.40000,1.56548,403.18655
2025-06-18 08:18:53+07:00,27.20000,75.10000,13.50000,18.90000,1.54656,403.22253
2025-06-18 08:19:43+07:00,27.20000,75.10000,13.30000,18.70000,1.64698,403.17465
2025-06-18 08:20:32+07:00,27.20000,75.10000,13.60000,17.60000,1.56548,403.19254
2025-06-18 08:21:21+07:00,27.20000,75.20000,14.00000,19.90000,1.54280,403.19852
2025-06-18 08:22:11+07:00,27.30000,75.10000,13.10000,19.10000,1.60387,403.16870
2025-06-18 08:23:00+07:00,27.30000,75.10000,13.30000,18.00000,1.55789,403.14499
2025-06-18 08:23:49+07:00,27.30000,75.20000,13.60000,19.80000,1.58075,403.19254
2025-06-18 08:24:39+07:00,27.30000,75.10000,14.00000,20.70000,1.60000,403.24066
2025-06-18 08:25:28+07:00,27.30000,75.30000,13.80000,18.40000,1.57692,403.20450
2025-06-18 08:26:18+07:00,27.30000,75.20000,14.20000,18.70000,1.60775,403.13910
2025-06-18 08:27:07+07:00,27.30000,75.30000,13.30000,18.00000,1.58075,403.16275
2025-06-18 08:27:56+07:00,27.30000,75.30000,14.00000,19.10000,1.60000,403.15091
2025-06-18 08:28:46+07:00,27.30000,75.30000,14.10000,20.00000,1.59614,403.13321
2025-06-18 08:29:35+07:00,27.30000,75.50000,13.80000,17.90000,1.56929,403.21051
2025-06-18 08:30:25+07:00,27.30000,75.40000,13.30000,19.80000,1.57692,403.16870
2025-06-18 08:31:14+07:00,27.30000,75.50000,13.70000,18.00000,1.59228,403.15091
2025-06-18 08:32:03+07:00,27.30000,75.40000,13.80000,19.30000,1.60775,403.22253
2025-06-18 08:32:53+07:00,27.30000,75.40000,13.50000,19.60000,1.60775,403.21051
2025-06-18 08:33:42+07:00,27.30000,75.50000,14.00000,18.60000,1.56548,403.19852
2025-06-18 08:34:31+07:00,27.30000,75.50000,13.50000,18.40000,1.58458,403.18655
2025-06-18 08:35:21+07:00,27.30000,75.50000,13.90000,19.70000,1.59614,403.19852
2025-06-18 08:36:10+07:00,27.30000,75.50000,13.80000,20.70000,1.59228,403.15683
2025-06-18 08:36:59+07:00,27.30000,75.40000,13.50000,18.40000,1.61944,403.22858
2025-06-18 08:37:49+07:00,27.30000,75.50000,13.00000,17.60000,1.61164,403.16275
2025-06-18 08:38:38+07:00,27.40000,75.50000,13.50000,19.60000,1.60775,403.21652
2025-06-18 08:39:28+07:00,27.40000,75.50000,13.30000,19.20000,1.58843,403.19254
2025-06-18 08:40:17+07:00,27.40000,75.50000,13.90000,18.80000,1.58075,403.17465
2025-06-18 08:41:06+07:00,27.40000,75.50000,13.60000,20.50000,1.62335,403.18655
2025-06-18 08:41:56+07:00,27.40000,75.50000,13.60000,19.00000,1.60000,403.21051
2025-06-18 08:42:45+07:00,27.40000,75.50000,13.20000,18.10000,1.61164,403.20450
2025-06-18 08:43:34+07:00,27.40000,75.50000,13.50000,18.40000,1.65491,403.16275
2025-06-18 08:44:24+07:00,27.40000,75.50000,14.00000,19.00000,1.62335,403.16870
2025-06-18 08:45:13+07:00,27.40000,75.50000,13.10000,18.70000,1.59614,403.22253
2025-06-18 08:46:02+07:00,27.40000,75.50000,13.90000,18.90000,1.58458,403.23462
2025-06-18 08:46:52+07:00,27.40000,75.60000,14.00000,19.10000,1.64302,403.19254
2025-06-18 08:47:41+07:00,27.40000,75.60000,13.40000,17.50000,1.66288,403.22253
2025-06-18 08:48:31+07:00,27.40000,75.70000,12.60000,17.30000,1.60387,403.20450
2025-06-18 08:49:20+07:00,27.40000,75.80000,13.60000,20.70000,1.63120,403.18060
2025-06-18 08:50:09+07:00,27.40000,75.80000,13.20000,17.40000,1.61164,403.15683
2025-06-18 08:50:59+07:00,27.40000,75.90000,13.00000,16.90000,1.61554,403.24066
2025-06-18 08:51:48+07:00,27.40000,75.90000,13.80000,18.30000,1.61944,403.18060
2025-06-18 08:52:37+07:00,27.30000,75.90000,14.30000,20.10000,1.67489,403.15091
2025-06-18 08:53:27+07:00,27.40000,75.90000,13.60000,18.70000,1.64698,403.15091
2025-06-18 08:54:16+07:00,27.40000,75.90000,13.80000,20.40000,1.66288,403.16275
2025-06-18 08:55:05+07:00,27.40000,75.90000,13.50000,18.00000,1.63120,403.23462
2025-06-18 08:55:55+07:00,27.40000,75.90000,13.40000,17.80000,1.60775,403.21051
2025-06-18 08:56:44+07:00,27.40000,75.90000,13.40000,18.60000,1.62727,403.17465
2025-06-18 08:57:34+07:00,27.40000,76.00000,12.90000,18.20000,1.61164,403.18655
2025-06-18 08:58:23+07:00,27.40000,76.00000,13.00000,17.80000,1.63120,403.16275
2025-06-18 08:59:12+07:00,27.40000,76.00000,13.50000,19.30000,1.63907,403.22858
2025-06-18 09:00:02+07:00,27.40000,75.90000,13.10000,18.20000,1.63120,403.18655
2025-06-18 09:00:51+07:00,27.40000,76.10000,13.40000,18.40000,1.63513,403.19254
2025-06-18 09:01:45+07:00,27.40000,76.00000,13.40000,17.90000,1.65889,403.19254
2025-06-18 09:02:35+07:00,27.40000,76.10000,12.80000,17.10000,1.55789,403.17465
2025-06-18 09:03:24+07:00,27.40000,76.10000,13.30000,17.40000,1.61164,403.19254
2025-06-18 09:04:13+07:00,27.40000,76.10000,13.30000,17.90000,1.61164,403.21652
2025-06-18 09:05:03+07:00,27.40000,76.10000,13.50000,18.10000,1.61554,403.17465
2025-06-18 09:05:52+07:00,27.40000,76.30000,14.20000,18.90000,1.64698,403.17465
2025-06-18 09:06:41+07:00,27.40000,76.20000,14.20000,20.30000,1.70318,403.17465
2025-06-18 09:07:31+07:00,27.40000,76.30000,13.40000,18.30000,1.62335,403.19254
2025-06-18 09:08:20+07:00,27.40000,76.20000,13.10000,17.70000,1.62335,403.17465
2025-06-18 09:09:09+07:00,27.40000,76.20000,13.30000,16.70000,1.63513,403.18060
2025-06-18 09:09:59+07:00,27.50000,76.10000,14.10000,20.60000,1.59614,403.20450
2025-06-18 09:10:48+07:00,27.50000,76.10000,14.30000,19.60000,1.63513,403.22253
2025-06-18 09:11:37+07:00,27.50000,76.20000,13.40000,18.10000,1.65889,403.24670
2025-06-18 09:12:27+07:00,27.50000,76.30000,14.20000,20.50000,1.67088,403.21652
2025-06-18 09:13:16+07:00,27.50000,76.30000,13.70000,19.30000,1.65889,403.16870
2025-06-18 09:14:06+07:00,27.50000,76.30000,13.80000,18.30000,1.68293,403.13321
2025-06-18 09:14:55+07:00,27.50000,76.30000,13.80000,18.40000,1.62727,403.21051
2025-06-18 09:15:44+07:00,27.50000,76.30000,13.80000,20.80000,1.63907,403.16870
2025-06-18 09:16:34+07:00,27.50000,76.30000,13.70000,17.30000,1.66688,403.16870
2025-06-18 09:17:23+07:00,27.50000,76.30000,13.50000,17.80000,1.73186,403.16870
2025-06-18 09:18:12+07:00,27.50000,76.20000,13.90000,17.60000,1.66688,403.21652
2025-06-18 09:19:02+07:00,27.50000,76.20000,14.20000,19.70000,1.63513,403.21652
2025-06-18 09:19:51+07:00,27.50000,76.30000,14.40000,19.10000,1.67489,403.26495
2025-06-18 09:20:40+07:00,27.50000,76.30000,14.40000,19.20000,1.57310,403.23462
2025-06-18 09:21:30+07:00,27.60000,76.20000,13.80000,17.40000,1.63907,403.32013
2025-06-18 09:22:19+07:00,27.60000,76.30000,13.90000,18.50000,1.68293,403.25885
2025-06-18 09:23:08+07:00,27.60000,76.30000,13.70000,16.70000,1.70318,403.27103
2025-06-18 09:23:58+07:00,27.60000,76.30000,13.50000,17.10000,1.67891,403.24670
2025-06-18 09:24:47+07:00,27.60000,76.30000,13.90000,18.30000,1.77350,403.27103
2025-06-18 09:25:37+07:00,27.60000,76.20000,13.50000,16.90000,1.65889,403.21652
2025-06-18 09:26:26+07:00,27.60000,76.30000,14.00000,18.20000,1.75674,403.24066
2025-06-18 09:27:15+07:00,27.60000,76.30000,13.80000,17.70000,1.67489,403.27103
2025-06-18 09:28:05+07:00,27.60000,76.30000,13.80000,17.70000,1.70725,403.27103
2025-06-18 09:30:04+07:00,27.60000,76.40000,13.60000,18.10000,1.69101,403.25885
2025-06-18 09:30:54+07:00,27.60000,76.50000,14.00000,20.10000,1.70725,403.24670
2025-06-18 09:31:43+07:00,27.60000,76.40000,14.00000,18.40000,1.72774,403.26495
2025-06-18 09:32:32+07:00,27.60000,76.40000,13.80000,19.30000,1.72774,403.23462
2025-06-18 09:33:22+07:00,27.60000,76.40000,13.80000,18.00000,1.70318,403.32013
2025-06-18 09:34:11+07:00,27.60000,76.50000,14.10000,17.80000,1.69912,403.24670
2025-06-18 09:35:01+07:00,27.60000,76.40000,13.70000,19.20000,1.73598,403.25278
2025-06-18 09:35:50+07:00,27.70000,76.50000,14.50000,20.00000,1.69506,403.25278
2025-06-18 09:36:39+07:00,27.70000,76.50000,14.00000,18.10000,1.71134,403.27103
2025-06-18 09:37:29+07:00,27.60000,76.60000,14.30000,20.20000,1.72774,403.27103
2025-06-18 09:38:18+07:00,27.60000,76.60000,13.70000,18.80000,1.68697,403.27103
2025-06-18 09:39:07+07:00,27.70000,76.70000,14.70000,19.10000,1.67489,403.25885
2025-06-18 09:39:57+07:00,27.60000,76.70000,13.80000,18.00000,1.71134,403.27713
2025-06-18 09:40:46+07:00,27.70000,76.80000,13.30000,17.10000,1.71134,403.27103
2025-06-18 09:41:35+07:00,27.70000,76.80000,13.40000,18.40000,1.65094,403.34491
2025-06-18 09:42:25+07:00,27.70000,76.80000,14.70000,19.20000,1.68293,403.23462
2025-06-18 09:43:14+07:00,27.60000,76.90000,13.30000,16.80000,1.64302,403.24670
2025-06-18 09:44:03+07:00,27.70000,76.90000,13.60000,17.70000,1.62727,403.22253
2025-06-18 09:44:53+07:00,27.70000,76.90000,13.80000,18.90000,1.70318,403.24670
2025-06-18 09:45:42+07:00,27.70000,76.90000,13.50000,20.40000,1.66688,403.26495
2025-06-18 09:46:31+07:00,27.70000,76.90000,13.30000,16.70000,1.67489,403.19254
2025-06-18 09:47:21+07:00,27.70000,76.90000,13.90000,19.90000,1.68293,403.25885
2025-06-18 09:48:10+07:00,27.70000,76.90000,13.30000,18.10000,1.72362,403.28937
2025-06-18 09:49:00+07:00,27.70000,76.90000,14.10000,19.10000,1.74426,403.31396
2025-06-18 09:49:49+07:00,27.70000,76.90000,14.50000,19.70000,1.71952,403.32013
2025-06-18 09:50:38+07:00,27.70000,76.90000,13.70000,17.40000,1.67489,403.16870
2025-06-18 09:51:28+07:00,27.70000,76.80000,13.80000,18.30000,1.71542,403.26495
2025-06-18 09:52:17+07:00,27.80000,76.80000,14.40000,19.00000,1.73186,403.22858
2025-06-18 09:53:06+07:00,27.80000,76.80000,14.00000,20.30000,1.71542,403.23462
2025-06-18 09:53:56+07:00,27.80000,76.80000,13.20000,16.90000,1.72774,403.25885
2025-06-18 09:54:45+07:00,27.80000,76.80000,13.70000,18.60000,1.70725,403.23462
2025-06-18 09:55:35+07:00,27.80000,76.90000,14.10000,17.50000,1.70725,403.21652
2025-06-18 09:56:24+07:00,27.80000,76.90000,13.50000,18.50000,1.74012,403.21652
2025-06-18 09:57:13+07:00,27.80000,76.90000,14.40000,18.90000,1.70318,403.21652
2025-06-18 09:58:03+07:00,27.80000,76.90000,13.40000,17.40000,1.68697,403.18655
2025-06-18 09:58:52+07:00,27.80000,76.90000,14.10000,16.70000,1.72774,403.24670
2025-06-18 09:59:41+07:00,27.80000,76.90000,13.90000,17.70000,1.66688,403.25278
2025-06-18 10:00:31+07:00,27.80000,77.00000,13.70000,19.10000,1.69506,403.23462
2025-06-18 10:01:20+07:00,27.80000,76.90000,13.50000,17.50000,1.69101,403.27103
2025-06-18 10:02:09+07:00,27.90000,76.90000,13.80000,18.60000,1.72774,403.21051
2025-06-18 10:02:58+07:00,27.90000,76.90000,14.20000,17.30000,1.69912,403.27103
2025-06-18 10:03:48+07:00,27.90000,76.90000,14.10000,19.00000,1.67891,403.24670
2025-06-18 10:04:37+07:00,27.90000,76.90000,13.70000,17.40000,1.71542,403.24066
2025-06-18 10:05:27+07:00,27.90000,77.00000,14.20000,19.40000,1.71134,403.21652
2025-06-18 10:06:16+07:00,27.90000,77.00000,13.50000,19.50000,1.66288,403.22253
2025-06-18 10:07:05+07:00,27.90000,77.00000,13.60000,18.10000,1.68697,403.24670
2025-06-18 10:07:55+07:00,27.90000,77.00000,13.60000,16.80000,1.70318,403.21051
2025-06-18 10:08:44+07:00,27.90000,77.10000,14.40000,19.60000,1.70725,403.23462
2025-06-18 10:09:33+07:00,27.90000,77.00000,14.10000,18.00000,1.68293,403.25278
2025-06-18 10:10:23+07:00,28.00000,76.80000,14.10000,18.70000,1.71134,403.30780
2025-06-18 10:11:12+07:00,28.00000,76.90000,13.80000,17.90000,1.67088,403.26495
2025-06-18 10:12:01+07:00,28.00000,76.90000,13.90000,18.60000,1.68293,403.24066
2025-06-18 10:12:51+07:00,27.90000,77.00000,13.40000,17.20000,1.67891,403.30780
2025-06-18 10:13:40+07:00,28.00000,77.00000,13.50000,17.50000,1.68697,403.26495
2025-06-18 10:14:30+07:00,28.00000,77.00000,14.40000,19.90000,1.70318,403.26495
2025-06-18 10:15:19+07:00,28.00000,76.90000,14.30000,18.70000,1.69506,403.21652
2025-06-18 10:16:08+07:00,28.00000,77.00000,14.10000,18.70000,1.65889,403.21652
2025-06-18 10:16:58+07:00,28.00000,76.90000,14.60000,18.30000,1.69101,403.20450
2025-06-18 10:17:47+07:00,28.00000,77.00000,14.00000,18.60000,1.66688,403.24066
2025-06-18 10:18:36+07:00,28.00000,76.90000,13.60000,19.50000,1.69912,403.22858
2025-06-18 10:19:26+07:00,28.00000,77.00000,14.00000,17.90000,1.67489,403.25278
2025-06-18 10:20:15+07:00,28.00000,77.00000,13.40000,16.10000,1.70318,403.24670
2025-06-18 10:21:04+07:00,28.00000,76.90000,13.90000,19.20000,1.67489,403.40753
2025-06-18 10:21:54+07:00,28.10000,77.00000,14.00000,18.20000,1.72362,403.27103
2025-06-18 10:22:43+07:00,28.00000,76.90000,14.20000,19.70000,1.68293,403.25885
2025-06-18 10:23:32+07:00,28.10000,76.90000,13.40000,17.60000,1.65889,403.25278
2025-06-18 10:24:22+07:00,28.00000,76.90000,14.10000,18.20000,1.60000,403.25885
2025-06-18 10:25:11+07:00,28.10000,77.00000,14.00000,19.50000,1.71134,403.27103
2025-06-18 10:26:01+07:00,28.10000,76.90000,14.30000,18.10000,1.67891,403.24670
2025-06-18 10:26:50+07:00,28.10000,76.90000,14.00000,18.10000,1.69506,403.24670
2025-06-18 10:27:39+07:00,28.10000,76.90000,14.10000,17.90000,1.66688,403.27103
2025-06-18 10:28:29+07:00,28.10000,76.90000,13.60000,16.80000,1.73186,403.32632
2025-06-18 10:29:18+07:00,28.10000,76.90000,13.50000,16.20000,1.65491,403.16870
2025-06-18 10:30:07+07:00,28.10000,76.90000,13.60000,16.80000,1.67088,403.22253
2025-06-18 10:30:57+07:00,28.10000,77.00000,14.70000,17.80000,1.64698,403.27103
2025-06-18 10:31:46+07:00,28.10000,77.00000,13.50000,17.50000,1.69506,403.24670
2025-06-18 10:32:35+07:00,28.10000,76.90000,13.90000,17.80000,1.68697,403.22858
2025-06-18 10:33:25+07:00,28.10000,76.90000,14.50000,18.70000,1.65889,403.19852
2025-06-18 10:34:14+07:00,28.10000,77.00000,13.70000,18.10000,1.67891,403.23462
2025-06-18 10:35:04+07:00,28.10000,77.00000,14.50000,17.70000,1.65491,403.20450
2025-06-18 10:35:53+07:00,28.10000,77.10000,13.80000,17.40000,1.65491,403.18655
2025-06-18 10:36:42+07:00,28.10000,77.10000,13.90000,17.50000,1.64698,403.17465
2025-06-18 10:37:32+07:00,28.10000,77.20000,14.20000,17.60000,1.63120,403.16275
2025-06-18 10:38:21+07:00,28.10000,77.10000,14.00000,18.70000,1.61164,403.21652
2025-06-18 10:39:11+07:00,28.10000,77.10000,13.20000,19.10000,1.63513,403.21051
2025-06-18 10:40:00+07:00,28.10000,77.20000,14.20000,19.90000,1.61944,403.24066
2025-06-18 10:40:49+07:00,28.10000,77.20000,14.30000,18.50000,1.61164,403.15091
2025-06-18 10:41:39+07:00,28.10000,77.20000,13.90000,18.60000,1.66288,403.04593
2025-06-18 10:42:31+07:00,28.10000,77.10000,14.50000,18.90000,1.59228,403.10974
2025-06-18 10:43:20+07:00,28.10000,77.20000,14.40000,18.50000,1.60387,403.10974
2025-06-18 10:44:10+07:00,28.10000,77.20000,14.10000,18.50000,1.60387,403.18655
2025-06-18 10:44:59+07:00,28.10000,77.10000,14.90000,19.60000,1.56548,403.19254
2025-06-18 10:45:49+07:00,28.10000,77.30000,14.30000,18.50000,1.58075,403.13321
2025-06-18 10:46:38+07:00,28.10000,77.00000,14.10000,17.30000,1.58075,403.18060
2025-06-18 10:47:27+07:00,28.10000,77.00000,14.00000,17.10000,1.52410,403.18655
2025-06-18 10:48:17+07:00,28.10000,77.10000,14.40000,18.80000,1.60000,403.13321
2025-06-18 10:49:06+07:00,28.10000,77.00000,14.30000,20.00000,1.59614,403.14499
2025-06-18 10:49:55+07:00,28.10000,77.00000,14.00000,18.00000,1.60387,403.18655
2025-06-18 10:50:45+07:00,28.10000,77.00000,13.50000,17.40000,1.64698,403.12732
2025-06-18 10:51:34+07:00,28.20000,76.90000,13.70000,17.70000,1.57310,403.15683
2025-06-18 10:52:24+07:00,28.20000,76.90000,14.00000,17.80000,1.60775,403.10974
2025-06-18 10:53:16+07:00,28.20000,76.90000,13.80000,18.20000,1.60775,403.12146
2025-06-18 10:54:09+07:00,28.20000,76.90000,13.90000,18.00000,1.58458,403.16870
2025-06-18 10:55:00+07:00,28.20000,76.90000,14.50000,17.70000,1.62335,403.16870
2025-06-18 10:55:55+07:00,28.20000,76.90000,14.20000,17.30000,1.61164,403.21051
2025-06-18 10:56:45+07:00,28.20000,76.90000,13.50000,17.00000,1.67489,403.21051
2025-06-18 10:57:39+07:00,28.20000,77.00000,12.80000,18.80000,1.64302,403.22858
2025-06-18 10:58:36+07:00,28.20000,76.90000,14.60000,19.70000,1.62335,403.24670
2025-06-18 10:59:30+07:00,28.20000,77.00000,13.80000,18.00000,1.63513,403.16275
2025-06-18 11:00:24+07:00,28.20000,77.00000,13.70000,17.30000,1.60000,403.24066
2025-06-18 11:01:17+07:00,28.20000,77.00000,13.50000,17.10000,1.58075,403.25278
2025-06-18 11:02:10+07:00,28.20000,76.90000,13.80000,17.10000,1.63907,403.18060
2025-06-18 11:04:04+07:00,28.20000,76.80000,13.50000,18.90000,1.61944,403.21051
2025-06-18 11:05:49+07:00,28.20000,76.80000,12.90000,16.20000,1.59614,403.30167
2025-06-18 11:07:34+07:00,28.30000,76.70000,13.20000,16.60000,1.57310,403.21051
2025-06-18 11:08:24+07:00,28.30000,76.80000,13.10000,17.60000,1.59228,403.23462
2025-06-18 11:09:17+07:00,28.30000,76.80000,12.40000,15.80000,1.59228,403.22858
2025-06-18 11:10:09+07:00,28.30000,76.70000,13.10000,18.00000,1.62727,403.22858
2025-06-18 11:10:59+07:00,28.30000,76.80000,13.60000,16.60000,1.59614,403.21051
2025-06-18 11:11:49+07:00,28.30000,76.70000,12.60000,14.60000,1.59614,403.16275
2025-06-18 11:12:41+07:00,28.30000,76.70000,12.50000,14.80000,1.60387,403.20450
2025-06-18 11:13:36+07:00,28.30000,76.70000,12.80000,15.50000,1.58843,403.13910
2025-06-18 11:14:26+07:00,28.30000,76.70000,12.20000,16.90000,1.58458,403.18060
2025-06-18 11:15:18+07:00,28.30000,76.50000,12.20000,16.60000,1.57310,403.18655
2025-06-18 11:17:13+07:00,28.30000,76.50000,11.90000,15.90000,1.57310,403.16870
2025-06-18 11:18:03+07:00,28.30000,76.50000,12.30000,16.40000,1.54656,403.15091
2025-06-18 11:18:53+07:00,28.30000,76.50000,12.70000,17.40000,1.55033,403.12732
2025-06-18 11:19:46+07:00,28.30000,76.50000,12.70000,19.50000,1.52783,403.09222
2025-06-18 11:21:30+07:00,28.30000,76.60000,11.70000,15.60000,1.52783,403.05170
2025-06-18 11:22:19+07:00,28.30000,76.50000,12.80000,16.80000,1.47634,403.00021
2025-06-18 11:23:09+07:00,28.40000,76.40000,12.10000,16.20000,1.42978,402.92154
2025-06-18 11:23:58+07:00,28.40000,76.10000,12.60000,16.50000,1.39477,402.77460
2025-06-18 11:24:47+07:00,28.30000,76.20000,11.80000,15.90000,1.28407,402.88284
2025-06-18 11:25:37+07:00,28.30000,76.30000,11.50000,15.60000,1.38785,402.90491
2025-06-18 11:26:26+07:00,28.30000,76.40000,11.70000,14.40000,1.47634,403.03445
2025-06-18 11:27:15+07:00,28.30000,76.30000,11.90000,17.50000,1.46549,402.98322
2025-06-18 11:28:05+07:00,28.40000,76.20000,11.80000,16.40000,1.43332,403.01727
2025-06-18 11:28:54+07:00,28.30000,76.20000,11.60000,14.40000,1.45829,402.98322
2025-06-18 11:29:44+07:00,28.30000,76.10000,11.90000,15.80000,1.42978,403.03445
2025-06-18 11:30:33+07:00,28.30000,76.10000,12.40000,16.60000,1.48361,403.05743
2025-06-18 11:31:22+07:00,28.30000,75.90000,11.70000,14.70000,1.48725,403.01727
2025-06-18 11:32:12+07:00,28.40000,75.90000,11.40000,15.70000,1.49091,403.05743
2025-06-18 11:33:01+07:00,28.40000,75.90000,11.10000,13.30000,1.48361,403.04593
2025-06-18 11:33:50+07:00,28.40000,75.80000,11.10000,13.20000,1.48725,403.02298
2025-06-18 11:34:40+07:00,28.40000,76.00000,10.90000,13.80000,1.49091,403.06323
2025-06-18 11:35:29+07:00,28.40000,76.10000,11.50000,14.30000,1.50191,403.08060
2025-06-18 11:36:25+07:00,28.40000,76.10000,11.90000,15.40000,1.47634,403.05743
2025-06-18 11:38:20+07:00,28.50000,76.30000,11.70000,15.60000,1.49091,403.09222
2025-06-18 11:39:16+07:00,28.50000,76.10000,11.20000,14.30000,1.49091,403.08640
2025-06-18 11:40:08+07:00,28.60000,76.10000,11.50000,16.20000,1.46910,403.06900
2025-06-18 11:41:01+07:00,28.50000,76.10000,11.80000,15.20000,1.49823,403.09222
2025-06-18 11:41:50+07:00,28.50000,76.20000,11.80000,15.20000,1.48725,403.04593
2025-06-18 11:42:40+07:00,28.50000,76.20000,12.70000,18.50000,1.49091,403.06900
2025-06-18 11:43:31+07:00,28.50000,76.00000,10.90000,14.20000,1.50928,403.05743
2025-06-18 11:44:20+07:00,28.50000,75.90000,11.00000,14.90000,1.46189,403.09805
2025-06-18 11:45:10+07:00,28.40000,76.00000,11.90000,14.40000,1.49457,403.09222
2025-06-18 11:45:59+07:00,28.40000,76.00000,12.10000,18.00000,1.44042,403.08640
2025-06-18 11:46:48+07:00,28.40000,76.50000,11.50000,14.00000,1.47997,403.10388
2025-06-18 11:47:38+07:00,28.50000,76.10000,11.80000,16.90000,1.49457,403.15683
2025-06-18 11:48:27+07:00,28.50000,76.10000,12.30000,15.70000,1.46910,403.18655
2025-06-18 11:49:16+07:00,28.60000,76.20000,12.50000,16.30000,1.47634,403.21652
2025-06-18 11:50:06+07:00,28.70000,76.00000,11.50000,15.30000,1.48361,403.20450
2025-06-18 11:50:55+07:00,28.60000,75.90000,11.10000,15.30000,1.45829,403.25278
2025-06-18 11:51:45+07:00,28.60000,76.30000,11.20000,13.90000,1.49823,403.32013
2025-06-18 11:52:34+07:00,28.50000,76.20000,12.20000,15.50000,1.47271,403.43918
2025-06-18 11:53:23+07:00,28.50000,76.40000,12.10000,15.20000,1.47634,403.36359
2025-06-18 11:54:13+07:00,28.50000,76.40000,12.00000,16.10000,1.54656,403.39493
2025-06-18 11:55:02+07:00,28.50000,76.30000,11.90000,14.70000,1.52039,403.43918
2025-06-18 11:55:51+07:00,28.50000,76.30000,11.90000,16.60000,1.52783,403.39493
2025-06-18 11:56:42+07:00,28.60000,76.30000,11.50000,16.10000,1.51667,403.26495
2025-06-18 11:57:32+07:00,28.60000,76.10000,12.00000,17.10000,1.50928,403.34491
2025-06-18 11:58:21+07:00,28.70000,75.90000,11.20000,14.30000,1.49091,403.27103
2025-06-18 11:59:11+07:00,28.70000,75.80000,11.50000,14.80000,1.51667,403.27103
2025-06-18 12:00:00+07:00,28.70000,75.80000,11.40000,14.90000,1.55411,403.32013
2025-06-18 12:00:49+07:00,28.70000,76.00000,11.30000,15.40000,1.57692,403.27103
2025-06-18 12:01:39+07:00,28.70000,76.00000,12.00000,16.30000,1.54280,403.32632
2025-06-18 12:02:28+07:00,28.70000,76.00000,11.80000,14.80000,1.52039,403.27103
2025-06-18 12:03:17+07:00,28.70000,76.00000,11.30000,13.80000,1.55411,403.27103
2025-06-18 12:04:07+07:00,28.70000,75.70000,11.30000,15.70000,1.55789,403.27103
2025-06-18 12:04:56+07:00,28.70000,75.70000,11.30000,15.00000,1.54280,403.32013
2025-06-18 12:05:45+07:00,28.70000,75.70000,11.70000,15.70000,1.52410,403.23462
2025-06-18 12:06:35+07:00,28.70000,75.80000,11.70000,16.60000,1.52410,403.25278
2025-06-18 12:07:24+07:00,28.80000,75.60000,11.20000,13.80000,1.53905,403.23462
2025-06-18 12:08:14+07:00,28.80000,75.50000,11.00000,13.70000,1.54656,403.25885
2025-06-18 12:09:03+07:00,28.70000,75.50000,11.10000,13.00000,1.52410,403.24670
2025-06-18 12:09:52+07:00,28.70000,75.50000,10.60000,13.90000,1.54280,403.18655
2025-06-18 12:10:42+07:00,28.70000,75.60000,11.50000,14.40000,1.51667,403.25278
2025-06-18 12:11:31+07:00,28.70000,75.80000,11.30000,13.90000,1.54656,403.20450
2025-06-18 12:12:20+07:00,28.70000,75.80000,10.40000,12.80000,1.53905,403.12732
2025-06-18 12:13:10+07:00,28.70000,75.90000,10.70000,13.00000,1.46189,403.03445
2025-06-18 12:13:59+07:00,28.70000,75.80000,10.90000,13.90000,1.38441,402.98322
2025-06-18 12:14:49+07:00,28.60000,75.80000,10.70000,14.20000,1.45112,403.09222
2025-06-18 12:15:38+07:00,28.60000,75.90000,11.30000,14.70000,1.49091,403.17465
2025-06-18 12:16:27+07:00,28.70000,75.40000,10.30000,15.40000,1.48725,403.18655
2025-06-18 12:17:17+07:00,28.70000,75.20000,9.90000,13.20000,1.53156,403.24066
2025-06-18 12:18:06+07:00,28.70000,75.20000,10.10000,13.30000,1.51297,403.19254
2025-06-18 12:18:55+07:00,28.70000,75.30000,10.60000,14.00000,1.54656,403.17465
2025-06-18 12:19:45+07:00,28.60000,75.60000,10.60000,15.20000,1.55033,403.18060
2025-06-18 12:20:34+07:00,28.60000,75.60000,10.30000,13.80000,1.55411,403.18655
2025-06-18 12:21:23+07:00,28.60000,75.60000,10.70000,13.50000,1.50928,403.19852
2025-06-18 12:22:13+07:00,28.60000,75.50000,10.60000,13.70000,1.53905,403.16275
2025-06-18 12:23:02+07:00,28.70000,75.70000,10.00000,13.70000,1.55033,403.17465
2025-06-18 12:23:51+07:00,28.70000,75.60000,10.60000,14.90000,1.53530,403.16275
2025-06-18 12:24:41+07:00,28.60000,75.40000,9.80000,12.20000,1.49091,403.18655
2025-06-18 12:25:30+07:00,28.60000,75.70000,10.40000,13.90000,1.53530,403.15683
2025-06-18 12:26:20+07:00,28.60000,75.80000,10.60000,15.90000,1.52410,403.13910
2025-06-18 12:27:09+07:00,28.60000,75.60000,10.50000,14.30000,1.55411,403.15091
2025-06-18 12:27:58+07:00,28.60000,75.70000,10.10000,13.50000,1.55789,403.14499
2025-06-18 12:28:48+07:00,28.70000,75.40000,10.30000,12.90000,1.52039,403.12732
2025-06-18 12:29:37+07:00,28.70000,75.30000,10.40000,12.70000,1.52783,403.13910
2025-06-18 12:30:26+07:00,28.70000,75.40000,10.30000,12.20000,1.55411,403.18655
2025-06-18 12:31:16+07:00,28.80000,75.20000,10.60000,13.40000,1.50191,403.14499
2025-06-18 12:32:05+07:00,28.90000,75.00000,10.40000,14.00000,1.51297,403.10974
2025-06-18 12:32:54+07:00,28.90000,74.70000,10.10000,15.20000,1.51667,403.09222
2025-06-18 12:33:44+07:00,28.90000,74.70000,9.70000,12.40000,1.53530,403.09805
2025-06-18 12:34:33+07:00,28.80000,74.90000,10.20000,12.40000,1.47634,403.10388
2025-06-18 12:35:23+07:00,28.80000,75.00000,10.80000,14.30000,1.52039,403.09222
2025-06-18 12:36:12+07:00,28.80000,75.10000,11.20000,14.30000,1.53905,403.16870
2025-06-18 12:37:01+07:00,28.70000,75.20000,10.60000,14.60000,1.42625,402.94943
2025-06-18 12:37:51+07:00,28.70000,75.40000,10.80000,13.60000,1.40869,402.93826
2025-06-18 12:38:40+07:00,28.80000,75.20000,10.30000,12.60000,1.44755,402.97754
2025-06-18 12:39:29+07:00,28.80000,75.20000,10.40000,12.60000,1.43687,402.96628
2025-06-18 12:40:19+07:00,28.80000,75.00000,10.20000,13.00000,1.45112,402.95505
2025-06-18 12:41:08+07:00,28.80000,74.90000,10.10000,12.90000,1.43687,402.93268
2025-06-18 12:41:57+07:00,28.80000,75.00000,9.80000,14.50000,1.45470,402.95505
2025-06-18 12:42:47+07:00,28.70000,75.40000,9.60000,12.10000,1.41569,403.03445
2025-06-18 12:43:36+07:00,28.70000,75.40000,9.30000,12.40000,1.47271,402.96066
2025-06-18 12:44:26+07:00,28.80000,75.40000,10.10000,13.30000,1.41569,402.97192
2025-06-18 12:45:15+07:00,28.80000,75.40000,9.70000,12.10000,1.43687,402.89938
2025-06-18 12:46:04+07:00,28.80000,75.50000,9.80000,13.60000,1.49823,402.96628
2025-06-18 12:46:54+07:00,28.80000,75.50000,10.00000,15.20000,1.42272,403.05170
2025-06-18 12:47:43+07:00,28.90000,75.10000,10.30000,14.50000,1.47271,403.00021
2025-06-18 12:48:32+07:00,28.90000,75.00000,9.70000,12.80000,1.39477,403.02872
2025-06-18 12:49:22+07:00,28.90000,74.90000,9.60000,12.50000,1.42978,403.01157
2025-06-18 12:50:11+07:00,28.80000,75.00000,9.40000,13.40000,1.42978,403.02298
2025-06-18 12:51:01+07:00,28.80000,75.10000,9.30000,12.10000,1.45829,403.02872
2025-06-18 12:51:50+07:00,28.80000,75.00000,9.70000,12.80000,1.45112,403.03445
2025-06-18 12:52:39+07:00,28.80000,74.80000,10.10000,13.40000,1.45829,403.05743
2025-06-18 12:53:31+07:00,28.90000,75.10000,9.90000,12.00000,1.48725,403.08640
2025-06-18 12:54:20+07:00,28.80000,75.10000,9.30000,12.70000,1.45829,403.09805
2025-06-18 12:55:09+07:00,28.90000,75.10000,9.90000,13.50000,1.44398,403.09805
2025-06-18 12:55:59+07:00,28.90000,75.00000,9.80000,12.40000,1.41921,403.08640
2025-06-18 12:56:48+07:00,28.90000,74.70000,9.80000,13.10000,1.45470,403.09805
2025-06-18 12:57:38+07:00,28.90000,74.80000,10.00000,13.50000,1.42978,403.09222
2025-06-18 12:58:27+07:00,28.90000,74.90000,9.60000,12.70000,1.41219,403.13321
2025-06-18 12:59:16+07:00,28.90000,75.00000,9.70000,12.20000,1.53530,403.15683
2025-06-18 13:00:06+07:00,28.90000,75.00000,9.90000,11.50000,1.41921,403.16870
2025-06-18 13:00:55+07:00,28.90000,75.20000,9.80000,13.30000,1.40520,403.16275
2025-06-18 13:01:44+07:00,28.90000,75.10000,9.10000,13.20000,1.38441,403.08060
2025-06-18 13:02:34+07:00,28.90000,75.00000,9.50000,14.00000,1.36726,403.12146
2025-06-18 13:03:23+07:00,28.90000,75.10000,9.40000,13.90000,1.32349,403.05170
2025-06-18 13:04:12+07:00,28.90000,75.30000,9.50000,12.30000,1.46549,403.27103
2025-06-18 13:05:02+07:00,28.90000,75.40000,9.90000,13.70000,1.43687,403.38864
2025-06-18 13:05:51+07:00,28.90000,75.30000,9.20000,12.90000,1.47271,403.31396
2025-06-18 13:06:41+07:00,28.90000,75.30000,9.20000,12.10000,1.50559,403.27103
2025-06-18 13:07:30+07:00,28.80000,75.30000,9.70000,14.80000,1.46189,403.33871
2025-06-18 13:08:19+07:00,28.90000,75.40000,9.60000,12.90000,1.47271,403.38864
2025-06-18 13:09:09+07:00,28.90000,75.40000,9.50000,12.50000,1.49091,403.33249
2025-06-18 13:09:58+07:00,28.90000,75.40000,9.10000,11.70000,1.46189,403.27103
2025-06-18 13:10:48+07:00,28.90000,75.40000,9.40000,12.20000,1.48361,403.27103
2025-06-18 13:11:37+07:00,28.90000,75.40000,9.70000,13.80000,1.49457,403.26495
2025-06-18 13:12:26+07:00,28.90000,75.40000,9.10000,11.30000,1.45470,403.25278
2025-06-18 13:13:16+07:00,28.90000,75.40000,9.60000,12.60000,1.47634,403.26495
2025-06-18 13:14:05+07:00,28.90000,75.30000,9.70000,12.30000,1.48361,403.18060
2025-06-18 13:14:54+07:00,28.90000,75.30000,9.10000,12.30000,1.45470,403.25278
2025-06-18 13:15:44+07:00,28.90000,75.20000,9.20000,13.10000,1.46910,403.23462
2025-06-18 13:16:33+07:00,28.90000,75.30000,9.70000,12.60000,1.46910,403.25278
2025-06-18 13:17:23+07:00,28.90000,75.40000,9.20000,13.40000,1.45829,403.27103
2025-06-18 13:18:12+07:00,28.90000,75.60000,9.70000,12.30000,1.48725,403.32013
2025-06-18 13:19:02+07:00,28.90000,75.40000,9.30000,12.90000,1.48361,403.35114
2025-06-18 13:19:51+07:00,28.90000,75.40000,9.80000,12.10000,1.46549,403.35736
2025-06-18 13:20:40+07:00,28.90000,75.40000,9.30000,12.70000,1.49091,403.34491
2025-06-18 13:21:30+07:00,28.90000,75.40000,9.90000,13.50000,1.49091,403.27103
2025-06-18 13:22:19+07:00,28.90000,75.40000,9.50000,12.80000,1.46189,403.27103
2025-06-18 13:23:08+07:00,28.90000,75.40000,10.00000,13.30000,1.47271,403.26495
2025-06-18 13:24:04+07:00,28.90000,75.50000,9.40000,10.90000,1.49823,403.32013
2025-06-18 13:24:53+07:00,28.80000,75.20000,8.80000,12.40000,1.46910,403.27103
2025-06-18 13:25:42+07:00,28.80000,75.10000,9.40000,12.10000,1.50559,403.27103
2025-06-18 13:26:42+07:00,28.80000,75.20000,9.30000,12.50000,1.48361,403.42017
2025-06-18 13:27:34+07:00,28.80000,75.30000,9.00000,13.00000,1.52410,403.35736
2025-06-18 13:28:26+07:00,28.80000,75.60000,9.50000,11.60000,1.49457,403.42648
2025-06-18 13:29:15+07:00,28.90000,75.40000,9.20000,11.80000,1.50928,403.42017
2025-06-18 13:30:05+07:00,28.80000,75.30000,9.70000,12.10000,1.49823,403.45831
2025-06-18 13:30:57+07:00,28.90000,75.20000,10.60000,13.20000,1.50191,403.48392
2025-06-18 13:31:48+07:00,28.80000,74.90000,21.80000,26.10000,1.55411,403.50323
2025-06-18 13:32:37+07:00,28.80000,74.70000,20.60000,25.40000,1.56168,403.48392
2025-06-18 13:33:27+07:00,28.80000,74.90000,25.70000,29.20000,1.54656,403.42648
2025-06-18 13:34:16+07:00,28.80000,74.90000,27.90000,31.30000,1.53905,403.48392
2025-06-18 13:35:05+07:00,28.80000,74.90000,26.40000,30.20000,1.53156,403.43918
2025-06-18 13:35:55+07:00,28.80000,74.90000,27.50000,31.70000,1.52410,403.46469
2025-06-18 13:36:44+07:00,28.80000,75.30000,23.90000,28.20000,1.63120,403.49036
2025-06-18 13:37:33+07:00,28.80000,75.20000,22.10000,25.80000,1.51667,403.43918
2025-06-18 13:38:23+07:00,28.80000,75.30000,21.80000,25.20000,1.51667,403.43918
2025-06-18 13:39:12+07:00,28.80000,75.30000,20.30000,24.10000,1.56168,403.43918
2025-06-18 13:40:01+07:00,28.80000,75.10000,18.60000,22.10000,1.53530,403.47751
2025-06-18 13:40:51+07:00,28.80000,75.10000,18.70000,21.80000,1.53905,403.48392
2025-06-18 13:41:40+07:00,28.80000,75.10000,19.20000,23.00000,1.54280,403.48392
2025-06-18 13:42:30+07:00,28.80000,75.20000,18.20000,21.40000,1.53530,403.47751
2025-06-18 13:43:19+07:00,28.80000,74.80000,16.90000,19.60000,1.56548,403.43918
2025-06-18 13:44:08+07:00,28.70000,74.70000,15.80000,19.40000,1.54280,403.43918
2025-06-18 13:44:58+07:00,28.70000,74.80000,15.10000,18.50000,1.53530,403.45190
2025-06-18 13:45:47+07:00,28.70000,74.90000,15.20000,18.80000,1.54656,403.46469
2025-06-18 13:46:37+07:00,28.70000,74.60000,14.90000,18.00000,1.57310,403.42648
2025-06-18 13:47:26+07:00,28.70000,74.80000,14.30000,17.20000,1.52039,403.40121
2025-06-18 13:48:15+07:00,28.70000,74.90000,14.30000,17.60000,1.56168,403.42648
2025-06-18 13:49:05+07:00,28.70000,74.80000,14.30000,18.20000,1.52783,403.46469
2025-06-18 13:49:54+07:00,28.70000,74.60000,20.90000,24.90000,1.58458,403.45831
2025-06-18 13:51:27+07:00,28.60000,74.70000,17.50000,20.90000,1.39131,402.96646
2025-06-18 13:52:16+07:00,28.70000,74.50000,18.90000,22.90000,2.04319,404.21585
2025-06-18 13:53:05+07:00,28.70000,73.90000,17.40000,20.00000,2.19878,404.04785
2025-06-18 13:53:55+07:00,28.80000,74.00000,20.10000,23.60000,2.09918,404.16946
2025-06-18 13:54:44+07:00,28.70000,73.20000,18.80000,22.80000,2.17750,404.18491
2025-06-18 13:55:33+07:00,28.70000,73.30000,18.10000,20.40000,2.18812,404.29410
2025-06-18 13:56:23+07:00,28.70000,73.20000,18.90000,22.30000,1.94930,404.18491
2025-06-18 13:57:12+07:00,28.70000,73.50000,18.80000,22.40000,2.20412,404.11591
2025-06-18 13:58:02+07:00,28.70000,73.40000,17.80000,21.00000,2.13023,404.23141
2025-06-18 13:58:51+07:00,28.70000,73.50000,17.30000,21.40000,2.16165,404.20035
2025-06-18 13:59:41+07:00,28.70000,73.50000,17.00000,20.70000,2.08379,404.23141
2025-06-18 14:00:30+07:00,28.70000,73.70000,17.20000,19.40000,2.20412,403.86368
2025-06-18 14:01:19+07:00,28.70000,73.80000,16.50000,19.00000,2.04823,404.16946
2025-06-18 14:02:09+07:00,28.70000,73.70000,15.40000,19.20000,2.23101,404.18491
2025-06-18 14:02:58+07:00,28.70000,74.00000,15.10000,18.60000,2.22022,404.20035
2025-06-18 14:03:47+07:00,28.70000,74.00000,15.70000,17.60000,2.25270,404.18491
2025-06-18 14:04:37+07:00,28.70000,74.10000,15.80000,18.40000,2.24184,404.20810
2025-06-18 14:05:26+07:00,28.70000,74.10000,15.40000,18.40000,2.30214,404.20810
2025-06-18 14:06:15+07:00,28.60000,74.10000,15.40000,19.00000,2.04823,404.12354
2025-06-18 14:07:05+07:00,28.70000,74.20000,15.00000,17.70000,2.09918,404.16180
2025-06-18 14:07:54+07:00,28.60000,74.30000,14.20000,16.40000,2.17750,403.92917
2025-06-18 14:08:44+07:00,28.70000,74.30000,15.20000,17.80000,2.12503,404.10831
2025-06-18 14:09:33+07:00,28.60000,74.40000,15.50000,17.40000,2.22022,404.12354
2025-06-18 14:10:22+07:00,28.60000,74.50000,15.80000,17.80000,2.23101,404.04785
2025-06-18 14:11:12+07:00,28.60000,74.60000,15.30000,18.70000,2.17221,404.16946
2025-06-18 14:12:01+07:00,28.60000,74.70000,17.00000,21.80000,2.17750,404.17719
2025-06-18 14:12:50+07:00,28.60000,74.80000,15.90000,18.10000,2.17750,404.13879
2025-06-18 14:13:40+07:00,28.60000,74.80000,16.60000,22.30000,2.13023,404.13113
2025-06-18 14:14:29+07:00,28.60000,74.90000,16.90000,20.60000,2.13023,404.17719
2025-06-18 14:15:18+07:00,28.60000,74.90000,16.70000,19.80000,2.20948,404.10071
2025-06-18 14:16:08+07:00,28.60000,75.00000,16.20000,19.90000,2.14589,404.16946
2025-06-18 14:16:57+07:00,28.60000,75.00000,17.20000,21.10000,2.12503,404.15411
2025-06-18 14:17:46+07:00,28.60000,75.10000,17.60000,19.70000,2.21485,404.16946
2025-06-18 14:18:36+07:00,28.60000,75.00000,15.80000,19.80000,2.20948,404.18491
2025-06-18 14:19:25+07:00,28.60000,75.00000,16.10000,18.10000,2.24184,404.18491
2025-06-18 14:20:14+07:00,28.60000,75.00000,17.30000,21.80000,2.16692,403.65878
2025-06-18 14:21:04+07:00,28.60000,75.00000,17.00000,22.10000,2.17750,404.18491
2025-06-18 14:21:53+07:00,28.60000,75.00000,17.30000,21.50000,2.17750,404.19263
2025-06-18 14:22:43+07:00,28.50000,75.00000,17.20000,21.00000,2.14066,404.14645
2025-06-18 14:23:32+07:00,28.50000,75.00000,16.90000,20.70000,2.11984,404.18491
2025-06-18 14:24:21+07:00,28.50000,75.10000,17.50000,21.40000,2.13023,404.06290
2025-06-18 14:25:11+07:00,28.50000,75.10000,17.30000,21.00000,2.10433,404.16946
2025-06-18 14:26:00+07:00,28.50000,74.90000,17.30000,21.70000,2.13023,404.13879
2025-06-18 14:26:49+07:00,28.50000,74.80000,17.40000,20.90000,2.16692,404.07043
2025-06-18 14:27:39+07:00,28.50000,74.80000,16.50000,19.80000,2.13544,404.17719
2025-06-18 14:28:28+07:00,28.50000,74.80000,17.70000,21.20000,2.17750,404.19263
2025-06-18 14:29:18+07:00,28.50000,74.70000,17.90000,23.60000,2.16165,404.13113
2025-06-18 14:30:07+07:00,28.40000,74.80000,16.40000,21.00000,2.15114,404.17719
2025-06-18 14:30:57+07:00,28.50000,74.80000,16.90000,20.30000,2.20412,404.03287
2025-06-18 14:31:47+07:00,28.40000,74.90000,17.40000,21.20000,2.14066,404.13879
2025-06-18 14:32:36+07:00,28.50000,75.00000,16.50000,20.50000,2.17750,404.19263
2025-06-18 14:33:25+07:00,28.50000,74.80000,16.70000,19.80000,2.13544,404.19263
2025-06-18 14:34:15+07:00,28.50000,74.90000,17.70000,21.20000,2.17750,404.18491
2025-06-18 14:35:04+07:00,28.40000,74.90000,16.40000,19.50000,1.96389,404.20035
2025-06-18 14:35:54+07:00,28.50000,74.80000,17.60000,22.10000,2.20412,404.17719
2025-06-18 14:36:43+07:00,28.40000,74.80000,17.50000,21.50000,2.15639,404.23141
2025-06-18 14:37:32+07:00,28.40000,74.80000,17.70000,21.60000,2.17750,403.95856
2025-06-18 14:38:22+07:00,28.40000,74.80000,17.80000,23.10000,2.24184,404.14645
2025-06-18 14:39:12+07:00,28.40000,74.80000,17.00000,20.40000,2.10949,404.17719
2025-06-18 14:40:02+07:00,28.40000,74.80000,17.10000,21.00000,2.13023,404.12354
2025-06-18 14:40:54+07:00,28.40000,74.80000,17.30000,20.30000,2.01315,404.05536
2025-06-18 14:41:44+07:00,28.40000,74.90000,18.00000,21.90000,2.18281,404.16946
2025-06-18 14:42:33+07:00,28.40000,74.90000,18.10000,21.90000,2.22561,404.16946
2025-06-18 14:43:23+07:00,28.40000,75.00000,17.10000,20.80000,2.14589,404.13113
2025-06-18 14:44:16+07:00,28.40000,75.10000,18.00000,21.50000,2.23642,404.15411
2025-06-18 14:45:08+07:00,28.40000,75.20000,17.50000,21.70000,2.23101,404.04785
2025-06-18 14:45:57+07:00,28.40000,75.50000,18.00000,21.90000,2.13544,403.94385
2025-06-18 14:46:48+07:00,28.40000,75.60000,17.70000,20.70000,2.06341,404.16180
2025-06-18 14:47:37+07:00,28.40000,75.80000,17.00000,22.40000,2.16165,404.17719
2025-06-18 14:48:27+07:00,28.40000,76.00000,16.60000,19.50000,2.21485,404.13879
2025-06-18 14:49:20+07:00,28.40000,76.10000,17.50000,20.10000,2.04823,404.13113
2025-06-18 14:50:10+07:00,28.40000,76.20000,17.50000,22.00000,2.11466,404.17719
2025-06-18 14:51:00+07:00,28.40000,76.30000,16.70000,19.70000,2.11466,404.10071
2025-06-18 14:51:50+07:00,28.40000,76.40000,17.40000,21.50000,2.11984,404.17719
2025-06-18 14:52:40+07:00,28.40000,76.50000,17.20000,20.30000,2.00322,404.18491
2025-06-18 14:53:30+07:00,28.30000,76.70000,17.10000,21.40000,2.20412,404.13879
2025-06-18 14:55:13+07:00,28.30000,76.70000,16.90000,20.80000,2.17221,404.16180
2025-06-18 14:56:03+07:00,28.30000,76.70000,16.90000,22.40000,2.18812,404.13879
2025-06-18 14:56:52+07:00,28.30000,76.80000,17.10000,21.60000,2.03314,404.18491
2025-06-18 14:57:42+07:00,28.30000,76.80000,17.20000,21.70000,2.21485,404.21585
2025-06-18 14:58:31+07:00,28.30000,76.80000,17.20000,20.90000,2.21485,404.04785
2025-06-18 14:59:21+07:00,28.30000,76.80000,17.90000,24.10000,2.21485,404.16946
2025-06-18 15:00:10+07:00,28.30000,77.00000,17.90000,24.30000,2.20412,404.21585
2025-06-18 15:01:00+07:00,28.30000,77.20000,17.80000,24.20000,2.22561,404.16946
2025-06-18 15:01:49+07:00,28.30000,77.40000,19.30000,24.10000,2.20948,404.17719
2025-06-18 15:02:39+07:00,28.20000,77.40000,18.10000,23.70000,2.05834,403.61752
2025-06-18 15:03:28+07:00,28.20000,77.50000,18.70000,23.70000,2.21485,404.01791
2025-06-18 15:04:18+07:00,28.20000,77.60000,19.00000,23.60000,2.16692,404.13879
2025-06-18 15:05:07+07:00,28.20000,77.70000,18.40000,22.70000,2.23642,404.09311
2025-06-18 15:06:01+07:00,28.20000,77.60000,18.20000,22.70000,2.16692,404.11591
2025-06-18 15:06:50+07:00,28.20000,77.50000,17.90000,20.80000,2.24184,404.12354
2025-06-18 15:07:42+07:00,28.20000,77.60000,18.80000,24.80000,2.16692,404.16180
2025-06-18 15:08:34+07:00,28.20000,77.60000,18.00000,24.30000,2.17221,404.08554
2025-06-18 15:09:26+07:00,28.20000,77.60000,18.30000,23.80000,2.20948,403.85648
2025-06-18 15:10:19+07:00,28.20000,77.60000,17.10000,21.40000,2.22561,404.13879
2025-06-18 15:11:12+07:00,28.20000,77.50000,18.10000,23.00000,2.18281,404.01047
2025-06-18 15:12:06+07:00,28.20000,77.40000,17.80000,21.50000,2.20412,404.12354
2025-06-18 15:12:57+07:00,28.20000,77.50000,18.90000,24.00000,2.24727,404.01047
2025-06-18 15:13:50+07:00,28.20000,77.60000,17.90000,21.80000,2.19878,404.12354
2025-06-18 15:15:33+07:00,28.20000,77.50000,18.20000,24.40000,2.20948,404.18491
2025-06-18 15:16:23+07:00,28.10000,77.70000,18.30000,22.00000,2.14589,404.18491
2025-06-18 15:17:15+07:00,28.10000,77.80000,18.10000,22.50000,2.10949,404.13879
2025-06-18 15:18:05+07:00,28.10000,77.80000,17.90000,22.00000,2.11984,404.16180
2025-06-18 15:18:54+07:00,28.10000,77.70000,17.00000,22.00000,2.19878,404.12354
2025-06-18 15:19:43+07:00,28.10000,77.80000,17.40000,23.00000,2.24184,404.16946
2025-06-18 15:20:33+07:00,28.10000,77.90000,18.00000,21.50000,2.23101,404.18491
2025-06-18 15:21:22+07:00,28.20000,77.90000,18.40000,22.60000,2.20412,404.17719
2025-06-18 15:22:11+07:00,28.20000,77.80000,18.40000,22.50000,2.13544,404.16180
2025-06-18 15:23:01+07:00,28.20000,77.70000,17.40000,21.60000,2.22561,404.13113
2025-06-18 15:23:50+07:00,28.20000,78.00000,18.20000,23.70000,2.19878,404.15411
2025-06-18 15:24:40+07:00,28.20000,77.90000,18.60000,25.20000,2.24184,404.16180
2025-06-18 15:25:29+07:00,28.20000,78.10000,17.60000,21.90000,2.30214,404.16180
2025-06-18 15:26:19+07:00,28.10000,78.40000,18.40000,23.30000,2.31325,404.08554
2025-06-18 15:27:08+07:00,28.10000,78.50000,18.80000,22.50000,2.19344,404.13113
2025-06-18 15:27:58+07:00,28.10000,78.50000,18.70000,24.20000,2.12503,404.13113
2025-06-18 15:28:47+07:00,28.10000,78.50000,18.10000,22.20000,2.15639,404.17719
2025-06-18 15:29:37+07:00,28.10000,78.60000,19.90000,23.10000,2.25815,404.16946
2025-06-18 15:30:26+07:00,28.10000,78.60000,18.40000,22.20000,2.32439,404.14645
2025-06-18 15:31:21+07:00,28.10000,78.60000,18.20000,22.10000,2.18812,403.98074
2025-06-18 15:32:12+07:00,28.10000,78.70000,19.20000,22.90000,2.14589,404.16946
2025-06-18 15:33:06+07:00,28.10000,78.70000,20.00000,25.90000,2.18281,404.15411
2025-06-18 15:33:55+07:00,28.10000,78.90000,19.10000,22.80000,2.18812,404.12354
2025-06-18 15:34:53+07:00,28.10000,78.80000,18.10000,21.40000,2.19878,404.17719
2025-06-18 15:35:42+07:00,28.10000,78.70000,18.20000,24.20000,2.20948,404.10831
2025-06-18 15:36:32+07:00,28.10000,78.80000,18.50000,24.50000,2.15639,404.14645
2025-06-18 15:37:21+07:00,28.10000,78.60000,19.10000,24.40000,2.25815,404.14645
2025-06-18 15:38:11+07:00,28.00000,78.80000,19.10000,23.10000,2.25815,404.16946
2025-06-18 15:39:03+07:00,28.00000,78.80000,19.00000,22.20000,2.24184,404.18491
2025-06-18 15:39:53+07:00,28.00000,78.90000,19.50000,23.80000,2.29108,404.21585
2025-06-18 15:40:42+07:00,28.00000,78.80000,19.60000,24.80000,2.26362,404.17719
2025-06-18 15:41:32+07:00,28.00000,78.90000,19.40000,22.20000,2.24184,404.18491
2025-06-18 15:42:21+07:00,28.00000,78.90000,20.40000,24.90000,2.18281,404.16946
2025-06-18 15:43:11+07:00,28.00000,79.00000,18.70000,23.40000,2.19344,404.16946
2025-06-18 15:44:00+07:00,28.00000,79.00000,18.40000,22.90000,2.23101,404.14645
2025-06-18 15:44:49+07:00,28.00000,78.90000,18.30000,21.80000,2.23642,404.14645
2025-06-18 15:45:40+07:00,28.00000,79.00000,18.30000,24.60000,2.23101,404.18491
2025-06-18 15:46:29+07:00,28.00000,79.20000,18.90000,23.60000,2.11466,404.18491
2025-06-18 15:47:23+07:00,28.00000,79.10000,19.50000,22.40000,2.21485,404.04034
2025-06-18 15:48:12+07:00,28.00000,79.20000,19.50000,24.00000,2.20412,404.17719
2025-06-18 15:49:02+07:00,28.00000,79.10000,19.20000,23.10000,2.22561,404.20035
2025-06-18 15:49:51+07:00,28.00000,79.00000,19.30000,22.30000,2.20412,404.13113
2025-06-18 15:50:40+07:00,28.00000,79.10000,19.90000,24.60000,2.07868,404.20810
2025-06-18 15:51:33+07:00,28.00000,79.20000,19.70000,27.30000,2.26909,404.13879
2025-06-18 15:52:23+07:00,28.00000,79.30000,20.60000,28.10000,2.17221,404.16180
2025-06-18 15:53:12+07:00,27.90000,79.30000,20.20000,24.40000,2.22022,404.13879
2025-06-18 15:54:02+07:00,27.90000,79.20000,19.70000,25.50000,2.19878,404.16180
2025-06-18 15:54:52+07:00,28.00000,79.00000,19.40000,25.90000,2.20948,403.81339
2025-06-18 15:55:41+07:00,28.00000,79.10000,19.90000,26.20000,2.24727,404.12354
2025-06-18 15:56:31+07:00,27.90000,79.20000,18.70000,24.60000,2.24184,404.11591
2025-06-18 15:57:20+07:00,27.90000,79.20000,19.10000,24.60000,2.24184,404.27051
2025-06-18 15:58:10+07:00,27.90000,79.20000,20.10000,27.00000,2.27457,404.20035
2025-06-18 15:58:59+07:00,27.90000,79.20000,19.20000,24.70000,2.23101,404.16946
2025-06-18 15:59:49+07:00,27.90000,79.30000,19.20000,24.60000,2.27457,404.01791
2025-06-18 16:00:38+07:00,27.90000,79.20000,20.50000,27.40000,2.22022,404.18491
2025-06-18 16:01:28+07:00,27.90000,79.40000,20.20000,25.10000,2.25815,404.15411
2025-06-18 16:02:17+07:00,27.90000,79.30000,20.50000,26.80000,2.24727,404.13113
2025-06-18 16:03:07+07:00,27.90000,79.40000,20.40000,25.30000,2.23642,404.00299
2025-06-18 16:03:59+07:00,27.90000,79.40000,20.50000,27.50000,2.16692,404.16180
2025-06-18 16:04:49+07:00,27.90000,79.30000,21.20000,29.00000,2.29108,404.18491
2025-06-18 16:05:38+07:00,27.90000,79.30000,20.80000,25.90000,2.22561,404.14645
2025-06-18 16:06:28+07:00,27.90000,79.40000,20.00000,24.00000,2.27457,404.13879
2025-06-18 16:07:17+07:00,27.90000,79.40000,20.60000,26.70000,2.27457,404.13113
2025-06-18 16:08:07+07:00,27.90000,79.40000,19.30000,24.20000,2.19878,404.13879
2025-06-18 16:08:57+07:00,27.90000,79.50000,19.70000,27.60000,2.27457,404.17719
2025-06-18 16:09:47+07:00,27.90000,79.50000,19.20000,25.10000,2.25270,404.15411
2025-06-18 16:10:36+07:00,27.90000,79.50000,20.60000,26.00000,2.31325,404.16946
2025-06-18 16:11:28+07:00,27.80000,79.50000,19.00000,24.10000,2.22561,404.20810
2025-06-18 16:12:19+07:00,27.80000,79.60000,19.50000,23.60000,2.19878,404.16946
2025-06-18 16:14:02+07:00,27.90000,79.30000,18.50000,22.70000,2.28557,404.18491
2025-06-18 16:14:52+07:00,27.90000,79.20000,19.30000,24.20000,2.20412,404.13113
2025-06-18 16:15:41+07:00,27.90000,79.20000,18.40000,24.70000,2.31881,404.10831
2025-06-18 16:17:22+07:00,27.90000,79.10000,18.70000,22.80000,2.29661,404.13113
2025-06-18 16:18:14+07:00,27.90000,79.00000,18.30000,24.30000,2.25270,404.16180
2025-06-18 16:19:10+07:00,27.90000,79.00000,18.10000,21.50000,2.26362,404.18491
2025-06-18 16:19:59+07:00,27.90000,78.90000,18.80000,21.20000,2.27457,404.14645
2025-06-18 16:20:49+07:00,27.90000,78.90000,19.20000,24.40000,2.27457,404.16180
2025-06-18 16:21:38+07:00,27.90000,78.90000,17.70000,22.40000,2.24727,404.12354
2025-06-18 16:22:27+07:00,27.90000,78.90000,18.60000,23.40000,2.25815,404.16180
2025-06-18 16:23:17+07:00,27.90000,78.80000,18.30000,21.70000,2.25815,404.19263
2025-06-18 16:24:06+07:00,27.90000,79.00000,18.00000,23.50000,2.25815,404.03287
2025-06-18 16:24:56+07:00,27.90000,78.70000,17.60000,20.90000,2.22022,404.14645
2025-06-18 16:25:45+07:00,27.90000,78.60000,18.30000,23.10000,2.11466,404.13113
2025-06-18 16:26:38+07:00,27.90000,78.60000,17.60000,21.70000,2.28006,404.11591
2025-06-18 16:27:27+07:00,27.90000,79.20000,18.30000,23.40000,2.32439,403.82053
2025-06-18 16:28:17+07:00,27.80000,79.00000,18.00000,22.30000,2.25270,404.17719
2025-06-18 16:29:06+07:00,27.80000,79.00000,17.80000,20.60000,2.23101,404.13113
2025-06-18 16:29:56+07:00,27.90000,79.00000,18.70000,21.90000,2.27457,404.13879
2025-06-18 16:30:46+07:00,27.80000,79.20000,17.50000,21.50000,2.19344,404.13113
2025-06-18 16:31:39+07:00,27.80000,79.10000,17.20000,22.50000,2.26909,404.08554
2025-06-18 16:32:29+07:00,27.80000,79.00000,17.40000,21.20000,2.26362,404.08554
2025-06-18 16:33:19+07:00,27.80000,79.20000,18.20000,21.90000,2.28557,404.03287
2025-06-18 16:34:08+07:00,27.80000,79.20000,17.90000,22.90000,2.26362,404.04034
2025-06-18 16:34:58+07:00,27.80000,79.20000,17.80000,22.10000,2.20948,404.13113
2025-06-18 16:35:47+07:00,27.80000,79.10000,18.10000,22.60000,2.24184,404.17719
2025-06-18 16:36:37+07:00,27.90000,79.10000,17.40000,20.70000,2.16692,404.02539
2025-06-18 16:37:27+07:00,27.90000,79.20000,18.00000,22.90000,2.27457,404.09311
2025-06-18 16:38:19+07:00,27.80000,79.00000,17.00000,20.70000,2.15639,404.00299
2025-06-18 16:39:08+07:00,27.90000,79.00000,17.30000,22.00000,2.14066,404.13879
2025-06-18 16:40:02+07:00,27.90000,78.40000,17.00000,23.00000,2.28006,403.98816
2025-06-18 16:40:51+07:00,27.90000,78.30000,17.20000,21.00000,2.26362,403.86368
2025-06-18 16:41:41+07:00,27.90000,78.30000,18.20000,22.90000,2.15639,403.89996
2025-06-18 16:42:33+07:00,27.90000,78.50000,17.70000,25.00000,2.23642,403.88541
2025-06-18 16:43:23+07:00,27.90000,78.50000,17.10000,20.80000,2.25270,403.84927
2025-06-18 16:44:16+07:00,27.80000,78.80000,17.00000,20.90000,2.24184,403.87091
2025-06-18 16:45:57+07:00,27.80000,78.80000,17.30000,20.90000,2.22022,403.99557
2025-06-18 16:46:50+07:00,27.80000,78.90000,17.40000,23.40000,2.21485,403.88541
2025-06-18 16:47:40+07:00,27.80000,78.80000,17.10000,20.80000,2.02813,404.00299
2025-06-18 16:48:30+07:00,27.80000,78.70000,17.20000,21.90000,2.07358,403.90726
2025-06-18 16:49:19+07:00,27.80000,78.60000,17.80000,25.00000,2.19878,403.92917
2025-06-18 16:50:15+07:00,27.80000,78.60000,17.50000,20.90000,2.26909,404.04785
2025-06-18 16:51:09+07:00,27.80000,78.40000,17.20000,20.90000,2.18281,404.10831
2025-06-18 16:51:59+07:00,27.80000,78.50000,17.10000,20.90000,2.25270,403.92917
2025-06-18 16:52:48+07:00,27.80000,78.50000,17.90000,23.90000,2.20412,404.00299
2025-06-18 16:53:40+07:00,27.80000,78.50000,17.30000,20.80000,2.20948,404.11591
2025-06-18 16:54:29+07:00,27.80000,78.20000,16.80000,20.30000,2.13023,404.08554
2025-06-18 16:55:19+07:00,27.80000,78.30000,17.30000,22.90000,2.28006,404.05536
2025-06-18 16:56:08+07:00,27.80000,78.00000,17.90000,21.10000,2.30769,404.07797
2025-06-18 16:56:58+07:00,27.80000,77.80000,16.90000,21.00000,2.28006,404.10831
2025-06-18 16:57:48+07:00,27.80000,77.80000,17.00000,21.40000,2.18812,403.92184
2025-06-18 16:58:37+07:00,27.80000,77.90000,17.10000,20.10000,2.23101,403.90726
2025-06-18 16:59:28+07:00,27.80000,77.90000,17.10000,20.30000,2.16692,403.89996
2025-06-18 17:00:21+07:00,27.80000,78.00000,17.20000,21.60000,2.18812,404.10831
2025-06-18 17:01:11+07:00,27.80000,77.90000,17.30000,22.70000,2.23642,404.10831
2025-06-18 17:02:00+07:00,27.80000,77.80000,17.70000,22.50000,2.16692,403.98816
2025-06-18 17:02:49+07:00,27.80000,77.60000,17.30000,20.80000,2.26362,404.07797
2025-06-18 17:03:39+07:00,27.80000,77.70000,16.80000,19.40000,2.17750,403.92184
2025-06-18 17:04:30+07:00,27.80000,77.80000,17.60000,21.00000,2.22561,404.05536
2025-06-18 17:05:22+07:00,27.80000,77.70000,16.90000,20.40000,2.23642,404.01791
2025-06-18 17:06:11+07:00,27.80000,77.70000,17.30000,21.00000,2.25270,404.04785
2025-06-18 17:07:01+07:00,27.80000,77.70000,16.40000,20.60000,2.24184,403.92917
2025-06-18 17:07:50+07:00,27.80000,77.60000,17.00000,21.70000,2.15114,404.00299
2025-06-18 17:08:39+07:00,27.80000,77.60000,16.30000,20.70000,2.26362,403.92917
2025-06-18 17:09:29+07:00,27.80000,77.50000,16.60000,21.50000,2.10433,403.99557
2025-06-18 17:10:18+07:00,27.70000,77.60000,16.40000,21.20000,2.16692,404.01047
2025-06-18 17:11:08+07:00,27.70000,77.30000,17.00000,20.50000,2.26909,404.04785
2025-06-18 17:11:57+07:00,27.70000,77.40000,17.10000,20.80000,2.26362,404.05536
2025-06-18 17:12:46+07:00,27.80000,77.00000,16.70000,20.50000,2.25815,404.02539
2025-06-18 17:13:36+07:00,27.70000,77.00000,17.00000,21.20000,2.23642,404.13879
2025-06-18 17:14:25+07:00,27.70000,77.00000,16.20000,20.30000,2.11466,404.10071
2025-06-18 17:15:15+07:00,27.70000,77.30000,16.80000,22.80000,2.24727,404.04034
2025-06-18 17:16:04+07:00,27.70000,77.30000,17.20000,21.20000,2.24184,404.06290
2025-06-18 17:16:53+07:00,27.70000,77.20000,16.60000,19.80000,2.15639,404.16180
2025-06-18 17:17:43+07:00,27.80000,77.30000,17.20000,20.90000,2.20948,404.07797
2025-06-18 17:18:32+07:00,27.80000,77.30000,15.90000,20.10000,2.24727,404.01791
2025-06-18 17:19:21+07:00,27.70000,77.30000,16.80000,20.60000,2.10949,404.04785
2025-06-18 17:20:11+07:00,27.70000,77.30000,17.80000,21.10000,2.21485,404.10071
2025-06-18 17:21:01+07:00,27.70000,77.30000,17.10000,22.50000,2.25815,403.77777
2025-06-18 17:21:55+07:00,27.70000,77.20000,17.30000,21.60000,2.30769,404.13113
2025-06-18 17:22:44+07:00,27.70000,77.30000,16.80000,21.00000,2.24727,404.08554
2025-06-18 17:23:37+07:00,27.70000,77.20000,17.50000,21.20000,2.30214,404.13879
2025-06-18 17:24:27+07:00,27.70000,77.10000,17.40000,21.40000,2.26362,404.11591
2025-06-18 17:25:16+07:00,27.70000,76.90000,16.80000,21.00000,2.25270,404.10071
2025-06-18 17:26:06+07:00,27.70000,77.00000,17.20000,22.50000,2.26909,404.13113
2025-06-18 17:26:56+07:00,27.70000,77.20000,16.80000,22.10000,2.27457,404.10831
2025-06-18 17:27:48+07:00,27.70000,77.20000,17.70000,22.70000,2.30769,404.04034
2025-06-18 17:28:41+07:00,27.70000,77.20000,17.70000,21.90000,2.31325,403.86368
2025-06-18 17:29:31+07:00,27.70000,77.10000,17.80000,22.40000,2.30214,404.10831
2025-06-18 17:30:24+07:00,27.70000,77.10000,17.70000,23.00000,2.20948,404.18491
2025-06-18 17:31:14+07:00,27.70000,77.10000,17.10000,21.90000,2.28557,404.14645
2025-06-18 17:32:04+07:00,27.70000,76.90000,16.50000,19.50000,2.28006,404.14645
2025-06-18 17:32:56+07:00,27.70000,76.90000,17.30000,20.80000,2.32439,404.19263
2025-06-18 17:33:46+07:00,27.70000,77.00000,18.00000,23.50000,2.32998,404.17719
2025-06-18 17:34:40+07:00,27.70000,77.00000,16.80000,20.60000,2.36375,404.12354
2025-06-18 17:35:29+07:00,27.70000,76.90000,17.00000,21.30000,2.32439,404.16946
2025-06-18 17:36:19+07:00,27.70000,76.70000,16.80000,20.00000,2.33558,404.19263
2025-06-18 17:37:09+07:00,27.60000,77.00000,17.50000,21.70000,2.34119,404.20810
2025-06-18 17:37:58+07:00,27.70000,76.80000,17.40000,20.50000,2.33558,404.16180
2025-06-18 17:38:52+07:00,27.70000,76.60000,17.00000,20.00000,2.17750,404.16180
2025-06-18 17:39:41+07:00,27.70000,76.70000,18.40000,23.30000,2.22561,404.18491
2025-06-18 17:40:34+07:00,27.70000,76.40000,16.70000,19.80000,2.33558,404.17719
2025-06-18 17:41:30+07:00,27.70000,76.20000,16.70000,19.40000,2.33558,404.19263
2025-06-18 17:42:20+07:00,27.70000,76.30000,16.80000,20.10000,2.34119,404.15411
2025-06-18 17:43:09+07:00,27.70000,76.40000,17.50000,20.70000,2.34682,404.17719
2025-06-18 17:44:03+07:00,27.70000,76.60000,17.30000,20.90000,2.35809,404.20035
2025-06-18 17:45:01+07:00,27.70000,76.30000,17.60000,23.20000,2.29661,404.14645
2025-06-18 17:45:56+07:00,27.70000,76.30000,16.20000,20.30000,2.31325,404.18491
2025-06-18 17:46:46+07:00,27.70000,76.40000,17.30000,22.60000,2.35809,404.24701
2025-06-18 17:47:43+07:00,27.70000,76.20000,16.80000,20.80000,2.38078,404.16180
2025-06-18 17:48:33+07:00,27.70000,76.40000,16.70000,21.50000,2.16692,404.20810
2025-06-18 17:49:22+07:00,27.60000,76.10000,16.40000,20.60000,2.37509,404.24701
2025-06-18 17:50:12+07:00,27.60000,76.40000,17.00000,20.00000,2.35809,404.26266
2025-06-18 17:51:01+07:00,27.60000,76.40000,16.40000,20.60000,2.25815,404.23920
2025-06-18 17:51:58+07:00,27.60000,76.40000,17.10000,20.40000,2.40938,404.20035
2025-06-18 17:52:55+07:00,27.70000,76.20000,17.20000,20.60000,2.42090,404.22363
2025-06-18 17:53:44+07:00,27.70000,76.50000,16.20000,20.10000,2.36375,404.16180
2025-06-18 17:54:34+07:00,27.60000,76.50000,17.10000,21.10000,2.20948,404.19263
2025-06-18 17:55:23+07:00,27.60000,76.50000,18.10000,21.30000,2.38078,404.18491
2025-06-18 17:56:13+07:00,27.70000,76.30000,17.80000,23.00000,2.37509,404.15411
2025-06-18 17:57:02+07:00,27.70000,76.10000,17.50000,23.30000,2.35245,404.13879
2025-06-18 17:57:51+07:00,27.60000,76.20000,16.80000,20.90000,2.39219,404.12354
2025-06-18 17:58:41+07:00,27.70000,76.00000,17.40000,21.30000,2.36375,403.74948
2025-06-18 17:59:30+07:00,27.60000,76.10000,16.90000,20.80000,2.28557,404.18491
2025-06-18 18:00:25+07:00,27.60000,76.00000,16.50000,20.60000,2.34119,404.19263
2025-06-18 18:01:14+07:00,27.70000,76.00000,17.80000,21.30000,2.39791,404.22363
2025-06-18 18:02:03+07:00,27.60000,76.20000,18.40000,24.10000,2.38648,404.28622
2025-06-18 18:02:55+07:00,27.60000,76.20000,19.00000,24.30000,2.40938,404.19263
2025-06-18 18:03:44+07:00,27.70000,76.50000,19.60000,25.90000,2.41513,404.20810
2025-06-18 18:04:36+07:00,27.70000,76.60000,19.20000,25.10000,2.41513,404.21585
2025-06-18 18:05:25+07:00,27.70000,76.50000,19.00000,22.90000,2.23642,404.18491
2025-06-18 18:06:15+07:00,27.70000,76.50000,18.10000,23.10000,2.41513,404.19263
2025-06-18 18:07:04+07:00,27.70000,76.20000,17.60000,23.30000,2.38648,404.20035
2025-06-18 18:07:54+07:00,27.70000,76.20000,19.60000,25.60000,2.41513,404.18491
2025-06-18 18:08:43+07:00,27.60000,76.80000,18.50000,24.90000,2.26362,404.19263
2025-06-18 18:09:35+07:00,27.60000,76.20000,18.40000,24.60000,2.42090,404.21585
2025-06-18 18:10:32+07:00,27.60000,77.20000,18.60000,24.10000,2.34119,404.18491
2025-06-18 18:11:25+07:00,27.70000,77.50000,21.10000,29.80000,2.43826,404.17719
2025-06-18 18:12:16+07:00,27.70000,77.90000,20.30000,26.30000,2.37509,404.18491
2025-06-18 18:13:05+07:00,27.70000,78.30000,21.00000,27.60000,2.39791,404.08554
2025-06-18 18:13:54+07:00,27.70000,78.30000,21.20000,27.30000,2.43826,404.13879
2025-06-18 18:14:44+07:00,27.70000,78.50000,20.40000,25.90000,2.35809,404.10071
2025-06-18 18:15:33+07:00,27.70000,78.60000,19.70000,25.90000,2.42667,404.16180
2025-06-18 18:16:23+07:00,27.70000,78.50000,18.70000,23.20000,2.26362,404.17719
2025-06-18 18:17:12+07:00,27.70000,78.50000,18.90000,23.60000,2.25270,404.07043
2025-06-18 18:18:01+07:00,27.70000,78.80000,19.60000,26.00000,2.34119,404.14645
2025-06-18 18:18:51+07:00,27.80000,78.70000,18.80000,24.10000,2.45572,404.16946
2025-06-18 18:19:40+07:00,27.80000,78.60000,18.90000,25.40000,2.24727,404.13879
2025-06-18 18:20:29+07:00,27.80000,78.40000,19.00000,24.60000,2.36375,404.13113
2025-06-18 18:21:19+07:00,27.80000,78.50000,17.90000,21.80000,2.37509,404.14645
2025-06-18 18:24:17+07:00,27.80000,78.20000,17.30000,23.20000,2.40364,404.14645
2025-06-18 18:25:07+07:00,27.70000,77.50000,16.90000,20.30000,2.24727,404.12354
2025-06-18 18:25:56+07:00,27.60000,76.00000,17.10000,21.90000,2.20948,404.11591
2025-06-18 18:26:50+07:00,27.50000,76.10000,16.80000,22.30000,2.43826,404.17719
2025-06-18 18:27:40+07:00,27.60000,77.40000,16.60000,21.90000,2.39791,404.06290
2025-06-18 18:28:29+07:00,27.60000,78.10000,18.30000,25.20000,2.38648,403.79910
2025-06-18 18:29:23+07:00,27.60000,76.70000,18.80000,27.70000,2.43246,404.16180
2025-06-18 18:30:12+07:00,27.60000,77.20000,17.90000,23.60000,2.34119,404.17719
2025-06-18 18:31:05+07:00,27.60000,77.20000,18.80000,25.70000,2.43246,404.18491
2025-06-18 18:32:48+07:00,27.70000,77.70000,20.20000,27.50000,2.31325,404.16180
2025-06-18 18:33:37+07:00,27.60000,77.90000,19.70000,30.20000,2.43246,404.11591
2025-06-18 18:34:27+07:00,27.60000,78.00000,20.10000,27.10000,2.36941,404.01047
2025-06-18 18:35:16+07:00,27.60000,78.10000,19.50000,27.40000,2.43826,404.10831
2025-06-18 18:36:06+07:00,27.60000,78.00000,18.30000,25.40000,2.43826,404.18491
2025-06-18 18:36:55+07:00,27.60000,78.30000,18.00000,24.80000,2.44407,404.07797
2025-06-18 18:37:44+07:00,27.70000,78.10000,18.20000,24.50000,2.30214,404.01791
2025-06-18 18:38:34+07:00,27.70000,78.00000,17.40000,23.50000,2.42667,404.13879
2025-06-18 18:39:27+07:00,27.70000,78.10000,17.10000,24.00000,2.36375,404.01047
2025-06-18 18:40:19+07:00,27.70000,78.00000,17.50000,23.30000,2.41513,404.10831
2025-06-18 18:41:08+07:00,27.70000,78.20000,17.50000,23.10000,2.43246,404.13879
2025-06-18 18:41:58+07:00,27.70000,78.40000,17.70000,23.00000,2.40364,404.02539
2025-06-18 18:42:50+07:00,27.70000,78.20000,18.00000,23.70000,2.31881,404.12354
2025-06-18 18:43:40+07:00,27.70000,78.50000,17.40000,23.00000,2.44407,404.16180
2025-06-18 18:45:26+07:00,27.70000,78.60000,17.70000,22.90000,2.43246,404.16946
2025-06-18 18:46:18+07:00,27.60000,78.40000,18.80000,25.60000,2.16692,404.14645
2025-06-18 18:47:10+07:00,27.70000,78.90000,18.70000,23.40000,2.37509,404.20035
2025-06-18 18:48:00+07:00,27.70000,78.90000,17.40000,24.80000,2.44407,404.13879
2025-06-18 18:48:51+07:00,27.60000,79.10000,18.70000,28.10000,2.42090,404.16180
2025-06-18 18:49:41+07:00,27.60000,78.90000,18.10000,24.50000,2.44407,404.16946
2025-06-18 18:50:30+07:00,27.60000,78.90000,18.50000,25.60000,2.34682,404.15411
2025-06-18 18:51:20+07:00,27.70000,78.70000,17.30000,23.70000,2.46742,404.15411
2025-06-18 18:52:09+07:00,27.70000,78.80000,17.80000,24.00000,2.43246,403.70041
2025-06-18 18:53:01+07:00,27.70000,79.00000,18.40000,26.00000,2.25815,404.17719
2025-06-18 18:53:51+07:00,27.70000,79.10000,18.10000,23.60000,2.44407,404.17719
2025-06-18 18:54:43+07:00,27.70000,79.10000,18.30000,25.00000,2.44407,404.20035
2025-06-18 18:55:41+07:00,27.60000,79.20000,17.80000,23.50000,2.46742,404.16180
2025-06-18 18:56:31+07:00,27.60000,79.40000,17.90000,26.10000,2.46742,404.18491
2025-06-18 18:57:20+07:00,27.60000,79.40000,18.40000,24.70000,2.39791,404.13113
2025-06-18 18:58:12+07:00,27.70000,79.30000,17.20000,23.00000,2.32998,404.17719
2025-06-18 18:59:05+07:00,27.60000,79.30000,17.40000,24.80000,2.45572,404.20035
2025-06-18 18:59:54+07:00,27.60000,79.40000,17.60000,22.70000,2.43246,404.18491
2025-06-18 19:00:44+07:00,27.50000,79.60000,17.90000,23.00000,2.36375,404.16180
2025-06-18 19:01:33+07:00,27.50000,79.70000,17.60000,22.30000,2.43826,404.21585
2025-06-18 19:02:23+07:00,27.50000,79.90000,17.00000,24.20000,2.44407,403.94385
2025-06-18 19:03:13+07:00,27.40000,79.90000,17.60000,24.30000,2.44989,404.20810
2025-06-18 19:04:05+07:00,27.40000,80.10000,16.90000,22.40000,2.52658,404.18491
2025-06-18 19:05:03+07:00,27.30000,80.20000,17.30000,22.70000,2.26362,404.12354
2025-06-18 19:06:00+07:00,27.30000,80.30000,17.20000,21.80000,2.35809,404.09311
2025-06-18 19:06:49+07:00,27.30000,80.30000,17.70000,23.80000,2.35245,404.08554
2025-06-18 19:07:39+07:00,27.40000,80.40000,17.00000,21.00000,2.40938,404.03287
2025-06-18 19:08:28+07:00,27.40000,80.40000,18.20000,24.50000,2.42667,404.10071
2025-06-18 19:09:18+07:00,27.40000,80.30000,17.50000,21.80000,2.38648,404.16180
2025-06-18 19:10:07+07:00,27.40000,80.30000,17.20000,23.60000,2.42667,404.13879
2025-06-18 19:10:57+07:00,27.40000,80.30000,17.40000,21.90000,2.41513,404.10831
2025-06-18 19:12:45+07:00,27.40000,80.50000,17.30000,22.70000,2.36941,404.14645
2025-06-18 19:13:38+07:00,27.40000,80.50000,16.70000,21.50000,2.40364,404.01791
2025-06-18 19:14:30+07:00,27.40000,80.60000,17.20000,22.50000,2.42090,404.04034
2025-06-18 19:15:20+07:00,27.40000,80.40000,16.40000,21.50000,2.32998,404.16946
2025-06-18 19:16:09+07:00,27.50000,80.20000,17.10000,22.60000,2.43826,404.09311
2025-06-18 19:17:00+07:00,27.50000,80.30000,18.10000,23.20000,2.39219,404.12354
2025-06-18 19:17:49+07:00,27.50000,80.00000,16.90000,23.10000,2.33558,404.04034
2025-06-18 19:18:39+07:00,27.50000,80.00000,17.30000,23.00000,2.39219,404.14645
2025-06-18 19:19:28+07:00,27.50000,80.00000,18.10000,23.10000,2.43826,404.02539
2025-06-18 19:20:19+07:00,27.40000,80.30000,17.00000,24.30000,2.43246,403.98816
2025-06-18 19:21:10+07:00,27.40000,80.50000,18.20000,25.30000,2.41513,404.07797
2025-06-18 19:22:00+07:00,27.50000,80.30000,17.50000,24.40000,2.42667,403.98816
2025-06-18 19:22:49+07:00,27.40000,80.50000,16.80000,21.70000,2.42667,404.04034
2025-06-18 19:23:42+07:00,27.40000,80.50000,17.20000,22.10000,2.42090,404.08554
2025-06-18 19:24:31+07:00,27.50000,80.40000,17.50000,21.50000,2.35245,404.08554
2025-06-18 19:25:20+07:00,27.50000,80.20000,17.50000,24.30000,2.38648,403.92917
2025-06-18 19:26:10+07:00,27.50000,80.30000,17.50000,22.60000,2.37509,404.10071
2025-06-18 19:27:03+07:00,27.40000,80.50000,17.00000,23.30000,2.42090,404.06290
2025-06-18 19:27:55+07:00,27.30000,80.80000,16.80000,21.40000,2.43246,403.99557
2025-06-18 19:28:45+07:00,27.30000,80.90000,16.60000,21.40000,2.43826,404.10071
2025-06-18 19:29:34+07:00,27.30000,81.00000,16.90000,21.30000,2.38648,403.98816
2025-06-18 19:30:24+07:00,27.20000,81.20000,16.20000,19.80000,2.42667,404.00299
2025-06-18 19:31:13+07:00,27.20000,81.20000,17.70000,22.40000,2.39791,404.01047
2025-06-18 19:32:03+07:00,27.20000,81.30000,17.20000,21.50000,2.35245,404.03287
2025-06-18 19:32:55+07:00,27.30000,81.10000,17.20000,21.20000,2.39219,403.92917
2025-06-18 19:33:44+07:00,27.30000,81.00000,16.80000,21.70000,2.40938,403.90726
2025-06-18 19:34:34+07:00,27.40000,80.80000,17.40000,23.50000,2.41513,404.11591
2025-06-18 19:35:23+07:00,27.40000,80.90000,17.20000,21.70000,2.40364,404.13879
2025-06-18 19:36:13+07:00,27.40000,80.70000,17.10000,21.60000,2.30769,404.17719
2025-06-18 19:37:04+07:00,27.30000,80.90000,17.30000,24.20000,2.39791,404.13879
2025-06-18 19:37:58+07:00,27.30000,81.00000,17.20000,22.00000,2.42667,404.13879
2025-06-18 19:38:50+07:00,27.20000,81.20000,16.60000,20.90000,2.39791,404.10071
2025-06-18 19:39:48+07:00,27.30000,81.20000,16.90000,24.10000,2.40938,404.01047
2025-06-18 19:40:37+07:00,27.30000,81.20000,17.30000,21.30000,2.40938,404.13113
2025-06-18 19:41:26+07:00,27.20000,81.30000,16.90000,20.30000,2.39219,404.04034
2025-06-18 19:43:13+07:00,27.20000,81.60000,16.90000,23.20000,2.35245,404.13879
2025-06-18 19:44:02+07:00,27.20000,81.50000,17.30000,23.90000,2.40938,404.13113
2025-06-18 19:44:51+07:00,27.20000,81.40000,17.50000,23.90000,2.40364,404.12354
2025-06-18 19:45:41+07:00,27.20000,81.40000,17.30000,22.30000,2.40364,404.16946
2025-06-18 19:46:30+07:00,27.20000,81.50000,16.90000,21.90000,2.40938,404.10831
2025-06-18 19:48:14+07:00,27.20000,81.60000,16.90000,22.00000,2.38648,404.12354
2025-06-18 19:49:03+07:00,27.20000,81.60000,16.80000,20.80000,2.28557,404.14645
2025-06-18 19:49:55+07:00,27.20000,81.60000,17.10000,22.80000,2.42090,404.16180
2025-06-18 19:50:44+07:00,27.30000,81.40000,17.10000,21.70000,2.41513,404.13113
2025-06-18 19:51:34+07:00,27.30000,81.30000,17.40000,21.30000,2.42090,404.07043
2025-06-18 19:52:24+07:00,27.30000,81.40000,17.30000,21.50000,2.38078,404.17719
2025-06-18 19:53:14+07:00,27.30000,81.50000,17.10000,22.60000,2.23101,404.13879
2025-06-18 19:54:07+07:00,27.30000,81.40000,17.70000,23.30000,2.43246,404.16180
2025-06-18 19:54:57+07:00,27.30000,81.30000,17.90000,22.80000,2.39219,404.16946
2025-06-18 19:55:49+07:00,27.30000,81.40000,17.90000,22.30000,2.37509,404.18491
2025-06-18 19:56:39+07:00,27.30000,81.80000,18.30000,21.80000,2.34119,404.18491
2025-06-18 19:57:28+07:00,27.20000,81.80000,19.00000,22.90000,2.40938,404.18491
2025-06-18 19:58:20+07:00,27.20000,82.00000,20.20000,27.60000,2.44407,404.26266
2025-06-18 19:59:10+07:00,27.20000,82.00000,19.00000,25.20000,2.47916,404.85889
2025-06-18 19:59:59+07:00,27.20000,81.80000,16.90000,22.20000,2.61132,404.65289
2025-06-18 20:00:52+07:00,27.30000,81.60000,19.10000,26.40000,2.60519,404.49503
2025-06-18 20:01:41+07:00,27.30000,81.70000,17.60000,21.50000,2.58079,404.43799
2025-06-18 20:02:31+07:00,27.20000,81.70000,19.30000,26.10000,2.62361,404.47052
2025-06-18 20:03:20+07:00,27.20000,81.90000,18.60000,23.20000,2.39791,404.52789
2025-06-18 20:04:10+07:00,27.20000,81.70000,18.40000,22.80000,2.58079,404.41376
2025-06-18 20:04:59+07:00,27.30000,81.60000,18.60000,24.20000,2.61132,404.42990
2025-06-18 20:05:48+07:00,27.30000,81.50000,18.30000,23.30000,2.52658,404.51965
2025-06-18 20:06:41+07:00,27.30000,81.70000,18.70000,23.30000,2.56866,404.42181
2025-06-18 20:07:30+07:00,27.20000,81.70000,19.00000,26.90000,2.58687,404.45422
2025-06-18 20:08:22+07:00,27.20000,81.90000,18.80000,26.40000,2.50871,404.44611
2025-06-18 20:09:12+07:00,27.30000,81.60000,18.40000,25.10000,2.64213,404.38159
2025-06-18 20:10:01+07:00,27.20000,81.80000,21.10000,27.90000,2.55658,404.41376
2025-06-18 20:10:54+07:00,27.20000,81.80000,19.30000,23.60000,2.65454,404.51144
2025-06-18 20:11:46+07:00,27.20000,81.20000,20.00000,27.10000,2.63595,404.48685
2025-06-18 20:12:38+07:00,27.20000,81.40000,19.70000,25.80000,2.49685,404.44611
2025-06-18 20:13:28+07:00,27.20000,81.70000,19.60000,24.80000,2.67324,404.53613
2025-06-18 20:14:17+07:00,27.20000,81.70000,18.40000,23.50000,2.72999,404.42181
2025-06-18 20:15:07+07:00,27.10000,81.90000,18.60000,24.60000,2.65454,404.34961
2025-06-18 20:16:51+07:00,27.10000,82.00000,18.80000,24.30000,2.66700,404.41376
2025-06-18 20:17:43+07:00,27.10000,82.00000,18.00000,23.30000,2.67950,404.47052
2025-06-18 20:18:32+07:00,27.10000,82.00000,19.50000,25.50000,2.67950,404.36557
2025-06-18 20:19:21+07:00,27.10000,82.00000,20.10000,28.30000,2.72363,404.37357
2025-06-18 20:20:11+07:00,27.10000,82.10000,19.50000,24.60000,2.67324,404.40570
2025-06-18 20:21:00+07:00,27.10000,82.00000,18.50000,23.00000,2.59297,404.39764
2025-06-18 20:22:41+07:00,27.10000,82.00000,19.50000,26.90000,2.68577,404.45422
2025-06-18 20:23:31+07:00,27.20000,82.10000,19.30000,24.50000,2.76193,404.41376
2025-06-18 20:24:20+07:00,27.20000,81.80000,18.90000,25.40000,2.56866,404.42181
2025-06-18 20:25:09+07:00,27.30000,81.70000,18.50000,22.60000,2.56866,404.47052
2025-06-18 20:25:59+07:00,27.30000,81.70000,19.50000,26.80000,2.56262,404.38959
2025-06-18 20:26:48+07:00,27.30000,81.60000,19.60000,24.90000,2.72999,404.42990
2025-06-18 20:27:38+07:00,27.30000,81.60000,19.20000,25.40000,2.76836,404.40570
2025-06-18 20:28:27+07:00,27.30000,81.60000,20.00000,26.40000,2.77479,404.38159
2025-06-18 20:29:16+07:00,27.30000,81.50000,20.60000,28.40000,2.79418,404.41376
2025-06-18 20:30:06+07:00,27.30000,81.50000,19.80000,25.20000,2.72999,404.44611
2025-06-18 20:30:55+07:00,27.30000,81.30000,19.60000,26.30000,2.76193,404.47052
2025-06-18 20:31:45+07:00,27.40000,81.20000,19.80000,27.60000,2.82673,404.42990
2025-06-18 20:32:34+07:00,27.40000,81.10000,20.50000,28.40000,2.83983,404.42181
2025-06-18 20:33:23+07:00,27.30000,81.30000,19.70000,25.80000,2.83327,404.43799
2025-06-18 20:34:13+07:00,27.30000,81.30000,19.50000,25.60000,2.91951,404.47052
2025-06-18 20:35:02+07:00,27.30000,81.40000,20.00000,27.00000,2.91280,404.47867
2025-06-18 20:35:52+07:00,27.40000,81.40000,20.10000,27.60000,2.87281,404.48685
2025-06-18 20:36:41+07:00,27.40000,81.20000,19.10000,24.90000,2.93296,404.20810
2025-06-18 20:37:31+07:00,27.30000,81.20000,19.70000,26.30000,2.78124,404.39764
2025-06-18 20:38:20+07:00,27.30000,81.30000,20.10000,25.80000,2.93296,404.46237
2025-06-18 20:39:09+07:00,27.30000,81.30000,19.70000,26.50000,2.95324,404.46237
2025-06-18 20:39:59+07:00,27.30000,81.40000,19.80000,26.20000,2.67950,404.50323
2025-06-18 20:40:48+07:00,27.30000,81.40000,19.90000,28.00000,2.87945,404.53613
2025-06-18 20:41:37+07:00,27.30000,81.50000,19.70000,24.20000,2.66076,404.48685
2025-06-18 20:42:27+07:00,27.20000,81.60000,19.50000,25.10000,2.86619,404.40570
2025-06-18 20:43:16+07:00,27.30000,81.50000,18.40000,24.80000,2.91951,404.66980
2025-06-18 20:44:10+07:00,27.30000,81.40000,20.00000,26.50000,2.95324,404.47867
2025-06-18 20:45:02+07:00,27.30000,81.40000,19.50000,27.30000,2.96002,404.47867
2025-06-18 20:45:55+07:00,27.30000,81.50000,18.70000,24.40000,2.87281,404.51144
2025-06-18 20:46:45+07:00,27.30000,81.50000,18.10000,22.50000,2.93296,404.53613
2025-06-18 20:47:37+07:00,27.30000,81.50000,18.80000,25.00000,2.90611,404.52789
2025-06-18 20:48:26+07:00,27.20000,81.60000,19.70000,27.40000,3.00787,404.52789
2025-06-18 20:49:20+07:00,27.20000,81.70000,18.50000,25.20000,2.98045,404.56094
2025-06-18 20:50:10+07:00,27.20000,81.70000,18.30000,23.40000,2.89942,404.50323
2025-06-18 20:51:06+07:00,27.20000,81.90000,19.50000,24.30000,2.92623,404.50323
2025-06-18 20:51:55+07:00,27.20000,81.80000,18.60000,25.10000,2.90611,404.54440
2025-06-18 20:52:44+07:00,27.20000,81.80000,19.20000,25.30000,2.96682,404.56094
2025-06-18 20:53:34+07:00,27.20000,81.90000,19.10000,25.80000,3.00787,404.47052
2025-06-18 20:54:23+07:00,27.20000,81.90000,19.20000,24.10000,2.98045,404.53613
2025-06-18 20:55:13+07:00,27.20000,81.90000,19.50000,25.40000,2.96682,404.48685
2025-06-18 20:57:06+07:00,27.20000,81.80000,17.70000,23.60000,3.00099,404.60257
2025-06-18 20:57:58+07:00,27.20000,81.80000,18.50000,22.60000,3.02856,404.50323
2025-06-18 20:58:48+07:00,27.20000,81.80000,18.90000,25.20000,2.93971,404.43799
2025-06-18 20:59:38+07:00,27.20000,81.80000,19.30000,24.30000,3.06331,404.47052
2025-06-18 21:00:27+07:00,27.20000,82.00000,18.60000,25.10000,2.99413,404.57755
2025-06-18 21:01:17+07:00,27.20000,81.90000,18.30000,23.60000,2.93296,404.47867
2025-06-18 21:02:07+07:00,27.20000,81.90000,18.30000,24.50000,2.92623,404.51965
2025-06-18 21:02:57+07:00,27.20000,82.00000,19.10000,25.60000,2.96002,404.47052
2025-06-18 21:03:47+07:00,27.20000,81.80000,18.70000,23.80000,2.92623,404.51144
2025-06-18 21:04:36+07:00,27.30000,81.70000,18.20000,23.10000,2.94647,404.48685
2025-06-18 21:05:26+07:00,27.30000,81.60000,18.10000,22.40000,2.97363,403.99557
2025-06-18 21:06:15+07:00,27.30000,81.60000,18.60000,26.00000,2.96682,404.48685
2025-06-18 21:07:05+07:00,27.30000,81.50000,18.40000,25.90000,2.72999,404.47867
2025-06-18 21:07:54+07:00,27.20000,81.70000,18.70000,22.80000,2.98729,404.50323
2025-06-18 21:08:43+07:00,27.20000,81.80000,18.00000,26.40000,2.89275,404.46237
2025-06-18 21:09:34+07:00,27.20000,81.80000,18.30000,23.60000,2.95324,404.47867
2025-06-18 21:10:23+07:00,27.20000,81.90000,18.10000,23.50000,3.00787,404.48685
2025-06-18 21:11:12+07:00,27.20000,81.90000,18.30000,25.20000,2.91951,404.47052
2025-06-18 21:12:02+07:00,27.20000,81.90000,18.20000,24.20000,2.96682,404.44611
2025-06-18 21:12:51+07:00,27.20000,81.70000,18.20000,24.20000,3.01475,404.48685
2025-06-18 21:13:41+07:00,27.20000,81.70000,19.00000,24.20000,3.00099,404.46237
2025-06-18 21:14:30+07:00,27.20000,81.70000,17.60000,22.70000,2.98045,404.51144
2025-06-18 21:15:20+07:00,27.20000,81.80000,18.50000,25.10000,2.89275,404.40570
2025-06-18 21:16:09+07:00,27.20000,81.70000,17.90000,21.90000,2.72363,404.46237
2025-06-18 21:16:58+07:00,27.20000,81.80000,17.80000,23.90000,2.82673,404.49503
2025-06-18 21:17:47+07:00,27.30000,81.60000,18.40000,22.70000,2.79418,404.45422
2025-06-18 21:18:37+07:00,27.30000,81.50000,18.80000,24.30000,2.78770,404.45422
2025-06-18 21:19:26+07:00,27.20000,81.60000,18.10000,23.50000,2.94647,404.48685
2025-06-18 21:20:16+07:00,27.20000,81.70000,18.30000,23.10000,2.98729,404.45422
2025-06-18 21:21:05+07:00,27.20000,81.80000,18.30000,24.60000,2.91951,404.41376
2025-06-18 21:21:54+07:00,27.20000,81.80000,18.10000,25.80000,2.98729,404.51965
2025-06-18 21:22:44+07:00,27.20000,81.70000,18.20000,23.10000,2.94647,404.38959
2025-06-18 21:23:33+07:00,27.20000,81.70000,18.40000,24.00000,2.94647,404.53613
2025-06-18 21:24:22+07:00,27.20000,81.60000,18.60000,25.90000,2.83327,404.41376
2025-06-18 21:25:12+07:00,27.20000,81.70000,18.60000,23.90000,3.00099,404.45422
2025-06-18 21:26:01+07:00,27.10000,81.70000,18.60000,23.40000,3.09839,404.15411
2025-06-18 21:26:50+07:00,27.10000,81.80000,18.30000,23.40000,2.98729,404.46237
2025-06-18 21:27:40+07:00,27.10000,81.80000,18.90000,25.50000,2.97363,404.47867
2025-06-18 21:28:29+07:00,27.10000,81.80000,18.30000,24.00000,2.87945,404.47052
2025-06-18 21:29:18+07:00,27.10000,81.90000,19.30000,24.70000,3.00099,404.46237
2025-06-18 21:30:08+07:00,27.20000,81.80000,19.50000,25.40000,2.83983,404.47052
2025-06-18 21:30:57+07:00,27.30000,81.60000,19.00000,25.20000,2.76836,404.42181
2025-06-18 21:31:46+07:00,27.20000,81.50000,18.40000,23.50000,2.91951,404.47052
2025-06-18 21:32:37+07:00,27.30000,81.60000,19.40000,24.00000,2.87945,404.42990
2025-06-18 21:33:27+07:00,27.30000,81.40000,18.70000,26.90000,2.78124,404.40570
2025-06-18 21:34:16+07:00,27.30000,81.40000,18.30000,24.80000,2.76193,404.36557
2025-06-18 21:35:05+07:00,27.20000,81.40000,19.40000,24.50000,2.88609,404.43799
2025-06-18 21:35:54+07:00,27.20000,81.60000,19.40000,28.00000,2.78124,404.30991
2025-06-18 21:36:44+07:00,27.20000,80.80000,18.60000,28.00000,2.81367,404.47052
2025-06-18 21:37:33+07:00,27.20000,81.30000,18.60000,25.80000,2.75552,404.42990
2025-06-18 21:38:26+07:00,27.20000,81.30000,19.90000,26.60000,2.93296,404.40570
2025-06-18 21:39:22+07:00,27.10000,81.50000,17.80000,23.20000,2.91951,404.45422
2025-06-18 21:40:11+07:00,27.10000,81.70000,18.30000,25.10000,2.98045,404.44611
2025-06-18 21:41:01+07:00,27.10000,81.60000,18.60000,25.20000,2.85959,404.43799
2025-06-18 21:41:53+07:00,27.10000,81.50000,18.50000,25.00000,2.97363,404.41376
2025-06-18 21:42:45+07:00,27.10000,81.60000,18.80000,24.70000,2.92623,404.48685
2025-06-18 21:43:37+07:00,27.00000,81.80000,19.00000,25.30000,2.89275,404.42990
2025-06-18 21:44:26+07:00,27.00000,81.90000,19.60000,26.60000,2.91280,404.43799
2025-06-18 21:45:16+07:00,27.00000,81.50000,19.60000,25.60000,2.92623,404.40570
2025-06-18 21:46:12+07:00,27.00000,81.10000,19.00000,27.70000,2.92623,404.43799
2025-06-18 21:47:01+07:00,27.10000,81.50000,18.10000,23.60000,2.97363,404.47867
2025-06-18 21:47:54+07:00,27.10000,81.30000,18.80000,25.10000,2.99413,404.47867
2025-06-18 21:48:48+07:00,27.20000,81.10000,17.70000,24.80000,3.00099,404.43799
2025-06-18 21:49:40+07:00,27.20000,80.90000,18.30000,24.70000,2.95324,404.44611
2025-06-18 21:50:32+07:00,27.20000,80.90000,17.80000,22.10000,2.92623,404.46237
2025-06-18 21:51:31+07:00,27.10000,81.20000,18.80000,25.10000,2.93296,404.42181
2025-06-18 21:52:21+07:00,27.00000,81.50000,17.20000,23.70000,2.96682,404.51144
2025-06-18 21:53:10+07:00,27.00000,81.60000,18.20000,23.90000,2.98045,404.52789
2025-06-18 21:54:03+07:00,27.10000,81.50000,18.10000,23.80000,2.93971,404.46237
2025-06-18 21:54:52+07:00,27.10000,81.20000,18.00000,23.70000,3.03549,404.54440
2025-06-18 21:55:44+07:00,27.20000,81.00000,18.40000,26.10000,2.99413,404.44611
2025-06-18 21:56:34+07:00,27.20000,81.00000,17.70000,23.30000,3.00099,404.49503
2025-06-18 21:57:23+07:00,27.20000,81.00000,18.10000,24.90000,2.95324,404.42990
2025-06-18 21:58:13+07:00,27.20000,80.90000,17.80000,23.80000,3.00099,404.42990
2025-06-18 21:59:05+07:00,27.20000,80.90000,18.00000,24.90000,2.93296,404.42181
2025-06-18 22:00:01+07:00,27.20000,80.80000,17.50000,22.40000,3.00099,404.54440
2025-06-18 22:00:50+07:00,27.30000,79.80000,18.00000,24.80000,3.07030,409.80252
2025-06-18 22:01:40+07:00,27.40000,80.20000,18.30000,24.20000,3.11251,409.09464
2025-06-18 22:02:30+07:00,27.50000,80.20000,17.50000,23.30000,3.00099,408.12933
2025-06-18 22:03:19+07:00,27.50000,79.80000,18.00000,23.90000,2.91951,407.51489
2025-06-18 22:04:08+07:00,27.50000,79.80000,18.30000,24.50000,2.87281,406.58282
2025-06-18 22:04:58+07:00,27.40000,79.90000,18.30000,23.90000,3.11251,405.97595
2025-06-18 22:05:48+07:00,27.30000,80.20000,19.30000,25.80000,3.10544,405.44583
2025-06-18 22:06:40+07:00,27.30000,80.10000,18.10000,25.20000,3.04242,405.54272
2025-06-18 22:07:30+07:00,27.30000,80.00000,18.40000,23.90000,2.92623,404.78079
2025-06-18 22:08:20+07:00,27.20000,80.20000,19.50000,26.70000,3.13379,405.10880
2025-06-18 22:09:09+07:00,27.20000,80.30000,18.60000,26.00000,3.13379,404.95581
2025-06-18 22:10:01+07:00,27.20000,80.30000,20.10000,26.40000,3.11959,404.87640
2025-06-18 22:10:51+07:00,27.30000,80.20000,20.30000,24.40000,3.04242,404.74640
2025-06-18 22:11:40+07:00,27.20000,80.30000,19.20000,26.30000,3.15519,404.66135
2025-06-18 22:12:30+07:00,27.20000,80.30000,18.20000,24.30000,3.13379,404.61929
2025-06-18 22:13:19+07:00,27.20000,80.40000,17.90000,23.70000,3.08432,404.60257
2025-06-18 22:14:09+07:00,27.10000,80.50000,18.00000,23.80000,3.08432,404.50323
2025-06-18 22:15:02+07:00,27.00000,80.80000,18.20000,24.50000,2.98045,404.44611
2025-06-18 22:15:51+07:00,27.00000,81.00000,17.40000,22.00000,2.95324,404.45422
2025-06-18 22:16:41+07:00,26.90000,81.10000,18.20000,24.00000,2.96682,404.30991
2025-06-18 22:17:30+07:00,26.90000,81.20000,18.50000,26.10000,3.09135,404.31781
2025-06-18 22:18:22+07:00,26.90000,81.20000,17.90000,23.70000,2.94647,404.29410
2025-06-18 22:19:11+07:00,26.90000,81.30000,17.60000,23.30000,3.08432,404.27838
2025-06-18 22:20:01+07:00,26.90000,81.20000,18.10000,25.80000,2.87945,404.16946
2025-06-18 22:20:50+07:00,26.90000,81.10000,18.30000,24.00000,2.97363,404.14645
2025-06-18 22:21:40+07:00,27.00000,81.00000,17.50000,22.90000,3.04242,404.11591
2025-06-18 22:22:30+07:00,27.00000,81.00000,18.20000,24.80000,2.84641,404.13879
2025-06-18 22:23:19+07:00,27.00000,81.00000,18.00000,22.30000,2.87281,404.16946
2025-06-18 22:24:09+07:00,27.00000,81.10000,18.10000,23.10000,3.04242,404.16180
2025-06-18 22:24:58+07:00,27.00000,80.90000,17.50000,23.00000,3.08432,403.73541
2025-06-18 22:25:48+07:00,27.00000,80.90000,17.30000,23.00000,3.02165,404.11591
2025-06-18 22:26:37+07:00,26.90000,81.00000,17.60000,23.30000,2.85959,404.03287
2025-06-18 22:27:26+07:00,26.90000,81.00000,18.30000,24.50000,3.04242,404.18491
2025-06-18 22:28:16+07:00,27.00000,81.00000,16.90000,21.30000,3.02165,403.97333
2025-06-18 22:29:08+07:00,26.90000,80.90000,17.30000,22.20000,3.02165,404.14645
2025-06-18 22:29:57+07:00,27.00000,80.90000,16.90000,21.70000,3.00787,404.01791
2025-06-18 22:30:47+07:00,27.00000,80.80000,17.70000,23.00000,2.98729,404.06290
2025-06-18 22:31:39+07:00,27.00000,80.70000,17.30000,23.00000,3.11959,404.13879
2025-06-18 22:32:29+07:00,27.00000,80.80000,17.80000,23.50000,3.06331,404.11591
2025-06-18 22:33:18+07:00,26.90000,81.00000,17.60000,23.40000,3.04937,403.97333
2025-06-18 22:34:08+07:00,26.80000,81.10000,16.70000,22.00000,3.13379,404.01047
2025-06-18 22:34:58+07:00,26.80000,81.30000,17.10000,22.20000,3.13379,404.04785
2025-06-18 22:36:42+07:00,26.80000,81.40000,17.00000,23.20000,3.09839,404.13879
2025-06-18 22:37:34+07:00,26.70000,81.40000,17.00000,23.20000,3.03549,403.92184
2025-06-18 22:38:24+07:00,26.70000,81.50000,17.70000,21.70000,2.97363,404.01791
2025-06-18 22:39:13+07:00,26.70000,81.50000,16.10000,20.10000,2.96002,403.92917
2025-06-18 22:40:06+07:00,26.70000,81.50000,15.80000,19.50000,2.97363,403.98074
2025-06-18 22:40:55+07:00,26.70000,81.50000,17.30000,22.30000,3.00787,403.91455
2025-06-18 22:41:49+07:00,26.70000,81.50000,16.70000,23.00000,3.00787,404.00299
2025-06-18 22:42:42+07:00,26.70000,81.60000,15.80000,20.50000,2.76836,404.01791
2025-06-18 22:43:32+07:00,26.70000,81.50000,16.50000,20.20000,2.69205,404.07797
2025-06-18 22:44:22+07:00,26.70000,81.50000,16.80000,23.70000,2.80716,403.92184
2025-06-18 22:45:11+07:00,26.70000,81.50000,15.60000,19.90000,2.97363,403.98816
2025-06-18 22:46:01+07:00,26.70000,81.60000,16.50000,22.50000,2.96682,403.89996
2025-06-18 22:46:50+07:00,26.70000,81.60000,16.00000,20.00000,3.06331,403.92917
2025-06-18 22:47:43+07:00,26.70000,81.60000,16.30000,19.70000,2.89942,403.92184
2025-06-18 22:48:33+07:00,26.70000,81.50000,16.00000,20.50000,3.03549,404.00299
2025-06-18 22:49:28+07:00,26.70000,81.60000,16.50000,20.20000,2.98045,404.02539
2025-06-18 22:50:17+07:00,26.60000,81.50000,16.00000,19.40000,2.96002,403.92917
2025-06-18 22:51:12+07:00,26.60000,81.50000,15.90000,20.80000,3.01475,403.89996
2025-06-18 22:52:02+07:00,26.60000,81.50000,16.10000,20.30000,2.96002,403.91455
2025-06-18 22:52:54+07:00,26.60000,81.50000,15.80000,22.30000,3.00787,403.92917
2025-06-18 22:53:47+07:00,26.60000,81.50000,16.00000,20.30000,3.04242,403.92184
2025-06-18 22:54:37+07:00,26.60000,81.50000,16.90000,21.10000,2.87945,403.89996
2025-06-18 22:55:26+07:00,26.60000,81.40000,15.60000,20.20000,3.00787,404.00299
2025-06-18 22:56:21+07:00,26.60000,81.40000,15.60000,18.00000,2.94647,403.92917
2025-06-18 22:57:11+07:00,26.60000,81.40000,15.30000,19.50000,3.02856,403.92917
2025-06-18 22:58:00+07:00,26.70000,81.30000,15.70000,20.30000,3.02856,404.01791
2025-06-18 22:59:45+07:00,26.60000,81.30000,15.60000,22.60000,2.96002,403.68649
2025-06-18 23:00:38+07:00,26.60000,81.20000,15.00000,19.00000,2.91280,404.01791
2025-06-18 23:01:28+07:00,26.70000,81.10000,14.70000,20.90000,2.87945,403.98816
2025-06-18 23:02:17+07:00,26.70000,81.10000,14.80000,19.60000,2.98729,404.01791
2025-06-18 23:03:06+07:00,26.60000,81.10000,14.90000,19.50000,2.62977,403.98074
2025-06-18 23:03:56+07:00,26.70000,80.20000,15.40000,18.80000,2.93296,403.94385
2025-06-18 23:04:45+07:00,26.80000,80.20000,15.70000,20.50000,2.95324,403.92917
2025-06-18 23:05:37+07:00,26.80000,80.40000,14.30000,17.50000,2.87945,403.77777
2025-06-18 23:06:29+07:00,26.70000,80.50000,15.10000,18.70000,2.90611,403.88541
2025-06-18 23:07:19+07:00,26.70000,80.60000,14.90000,18.80000,2.94647,404.18491
2025-06-18 23:08:13+07:00,26.70000,80.70000,14.80000,19.60000,3.14091,404.01791
2025-06-18 23:09:02+07:00,26.60000,80.80000,14.30000,18.70000,2.88609,403.72137
2025-06-18 23:09:53+07:00,26.60000,80.70000,14.20000,18.30000,2.66076,403.81339
2025-06-18 23:10:42+07:00,26.60000,80.80000,14.50000,18.50000,2.36375,404.13113
2025-06-18 23:11:32+07:00,26.60000,80.80000,14.20000,18.60000,2.80716,404.10071
2025-06-18 23:12:24+07:00,26.60000,80.70000,14.50000,19.50000,2.89942,404.10071
2025-06-18 23:13:19+07:00,26.60000,80.70000,14.50000,17.60000,2.87281,404.20810
2025-06-18 23:14:17+07:00,26.60000,80.80000,14.40000,17.90000,2.78124,404.21585
2025-06-18 23:16:14+07:00,26.60000,79.50000,15.00000,20.80000,2.91280,404.75497
2025-06-18 23:17:11+07:00,26.60000,79.80000,15.10000,20.80000,2.87281,405.75085
2025-06-18 23:18:02+07:00,26.60000,80.20000,14.40000,17.40000,3.22010,404.75497
2025-06-18 23:18:55+07:00,26.60000,80.30000,14.20000,18.00000,3.07730,404.94696
2025-06-18 23:19:45+07:00,26.60000,80.30000,14.70000,18.60000,3.22738,405.08151
2025-06-18 23:20:37+07:00,26.70000,80.30000,14.30000,18.80000,3.24929,405.00043
2025-06-18 23:21:31+07:00,26.70000,80.10000,15.00000,22.30000,3.27133,404.89395
2025-06-18 23:22:22+07:00,26.80000,79.90000,14.60000,17.00000,3.14091,404.87640
2025-06-18 23:23:12+07:00,26.70000,79.90000,14.10000,17.30000,3.25662,404.96472
2025-06-18 23:24:04+07:00,26.70000,80.00000,13.90000,17.80000,3.02856,405.02734
2025-06-18 23:24:55+07:00,26.60000,80.20000,13.60000,17.30000,3.28609,405.09061
2025-06-18 23:25:46+07:00,26.60000,80.30000,14.40000,18.00000,3.15519,405.24704
2025-06-18 23:26:37+07:00,26.60000,80.20000,14.70000,19.30000,3.33818,405.13620
2025-06-18 23:27:28+07:00,26.70000,80.10000,13.50000,16.40000,3.14804,405.21915
2025-06-18 23:28:19+07:00,26.70000,79.90000,14.10000,17.80000,3.08432,405.31262
2025-06-18 23:29:10+07:00,26.70000,79.80000,13.50000,18.40000,3.36825,405.37888
2025-06-18 23:30:00+07:00,26.70000,79.80000,13.60000,17.40000,3.35319,405.29382
2025-06-18 23:30:49+07:00,26.70000,80.00000,13.90000,17.60000,3.42905,405.61139
2025-06-18 23:31:38+07:00,26.80000,79.50000,13.20000,17.70000,3.49074,405.56226
2025-06-18 23:32:28+07:00,26.70000,79.60000,14.70000,18.40000,3.41376,405.33148
2025-06-18 23:33:17+07:00,26.70000,79.70000,12.80000,17.20000,3.31577,405.79126
2025-06-18 23:34:06+07:00,26.70000,79.80000,13.80000,18.20000,3.66510,405.80139
2025-06-18 23:34:56+07:00,26.70000,79.90000,13.60000,17.80000,3.64896,405.54272
2025-06-18 23:35:45+07:00,26.70000,79.80000,13.80000,18.40000,3.45978,404.61093
2025-06-18 23:36:35+07:00,26.70000,79.80000,13.20000,16.90000,3.75492,405.90353
2025-06-18 23:37:24+07:00,26.60000,80.00000,13.50000,18.70000,3.79634,405.97595
2025-06-18 23:38:13+07:00,26.60000,80.00000,14.30000,17.90000,3.88031,405.93448
2025-06-18 23:39:03+07:00,26.60000,80.00000,13.40000,16.40000,3.77145,406.14429
2025-06-18 23:39:52+07:00,26.60000,80.00000,13.40000,17.10000,4.01784,406.21921
2025-06-18 23:40:41+07:00,26.60000,80.00000,13.50000,16.10000,4.17733,406.48190
2025-06-18 23:41:31+07:00,26.60000,80.00000,13.70000,16.30000,4.14145,406.43747
2025-06-18 23:42:20+07:00,26.60000,80.00000,13.90000,18.40000,4.34201,406.61676
2025-06-18 23:43:09+07:00,26.60000,79.90000,13.50000,17.50000,4.11470,406.59412
2025-06-18 23:43:59+07:00,26.60000,80.10000,13.60000,16.40000,4.19537,406.68506
2025-06-18 23:44:48+07:00,26.60000,80.20000,13.40000,16.70000,3.96581,405.05435
2025-06-18 23:45:37+07:00,26.60000,80.10000,13.20000,16.10000,3.99175,406.26233
2025-06-18 23:46:27+07:00,26.60000,80.20000,13.20000,18.70000,4.00913,406.13367
2025-06-18 23:47:16+07:00,26.60000,80.20000,13.20000,17.00000,4.07044,406.37131
2025-06-18 23:48:05+07:00,26.60000,80.30000,13.10000,16.70000,3.82138,406.40433
2025-06-18 23:48:55+07:00,26.60000,80.30000,13.10000,17.00000,4.06163,406.30576
2025-06-18 23:49:44+07:00,26.60000,80.30000,12.70000,15.30000,4.05284,406.27316
2025-06-18 23:50:33+07:00,26.60000,80.30000,13.30000,15.60000,3.81302,406.28403
2025-06-18 23:51:23+07:00,26.60000,80.20000,12.90000,16.10000,4.03531,406.08072
2025-06-18 23:52:12+07:00,26.70000,80.10000,13.40000,18.10000,3.88031,406.07016
2025-06-18 23:53:01+07:00,26.60000,80.00000,13.40000,17.20000,4.08809,406.25153
2025-06-18 23:53:51+07:00,26.60000,80.10000,12.40000,15.40000,4.06163,406.17630
2025-06-18 23:54:40+07:00,26.60000,80.20000,12.70000,15.70000,3.69756,405.59167
2025-06-18 23:55:30+07:00,26.60000,80.30000,13.00000,15.60000,3.78803,406.07016
2025-06-18 23:56:19+07:00,26.60000,80.50000,12.90000,16.20000,4.07926,406.09128
2025-06-18 23:57:08+07:00,26.50000,80.50000,13.10000,16.70000,4.07926,405.41705
2025-06-18 23:57:58+07:00,26.60000,80.40000,13.00000,19.20000,3.62486,406.03864
2025-06-18 23:58:47+07:00,26.50000,80.50000,12.70000,15.60000,4.01784,406.04913
2025-06-18 23:59:36+07:00,26.60000,80.50000,12.70000,15.50000,3.97444,405.98636
2025-06-19 00:00:26+07:00,26.50000,80.50000,13.00000,16.60000,3.48298,405.93448
2025-06-19 00:01:15+07:00,26.60000,80.60000,13.90000,18.60000,3.92287,405.56226
2025-06-19 00:02:05+07:00,26.60000,80.60000,12.80000,16.40000,3.63288,406.05963
2025-06-19 00:02:54+07:00,26.50000,80.60000,14.00000,18.80000,3.60089,406.04913
2025-06-19 00:03:47+07:00,26.50000,80.60000,12.90000,15.90000,4.01784,405.96558
2025-06-19 00:04:36+07:00,26.50000,80.70000,12.80000,16.80000,3.54546,405.42664
2025-06-19 00:05:26+07:00,26.50000,80.70000,12.80000,15.10000,3.51411,405.89325
2025-06-19 00:06:15+07:00,26.50000,80.70000,13.20000,16.30000,3.98309,405.85226
2025-06-19 00:08:03+07:00,26.60000,80.30000,14.00000,18.70000,4.09695,405.96558
2025-06-19 00:08:52+07:00,26.50000,78.80000,12.70000,16.40000,3.34568,406.20844
2025-06-19 00:09:41+07:00,26.50000,75.60000,13.10000,16.70000,4.07044,407.01184
2025-06-19 00:10:31+07:00,26.40000,75.70000,12.20000,15.90000,4.24075,407.31503
2025-06-19 00:11:20+07:00,26.40000,75.00000,13.30000,17.30000,4.22255,407.54022
2025-06-19 00:12:09+07:00,26.50000,77.00000,13.50000,17.00000,4.34201,407.45197
2025-06-19 00:12:59+07:00,26.50000,79.20000,14.40000,18.60000,4.15936,407.15601
2025-06-19 00:13:48+07:00,26.50000,79.30000,13.70000,16.40000,4.48331,406.75397
2025-06-19 00:14:38+07:00,26.50000,79.60000,13.00000,16.40000,4.34201,406.44855
2025-06-19 00:15:27+07:00,26.50000,79.70000,13.40000,16.60000,4.39808,406.43747
2025-06-19 00:16:16+07:00,26.60000,79.80000,13.10000,15.70000,3.52193,405.52322
2025-06-19 00:17:06+07:00,26.60000,79.90000,12.80000,17.20000,3.45208,405.47476
2025-06-19 00:17:55+07:00,26.60000,80.00000,12.20000,17.50000,4.16833,406.31662
2025-06-19 00:18:44+07:00,26.60000,80.00000,12.80000,17.10000,3.68942,406.28403
2025-06-19 00:19:34+07:00,26.60000,79.90000,12.90000,15.90000,3.94000,405.71072
2025-06-19 00:20:23+07:00,26.60000,79.80000,12.90000,16.90000,2.87945,406.09128
2025-06-19 00:21:12+07:00,26.60000,79.80000,12.20000,15.20000,4.26817,406.30576
2025-06-19 00:22:02+07:00,26.60000,79.70000,12.90000,16.80000,4.13251,406.30576
2025-06-19 00:22:51+07:00,26.50000,79.80000,13.10000,17.30000,3.96581,406.33847
2025-06-19 00:23:41+07:00,26.50000,79.80000,13.40000,16.60000,4.24987,406.25153
2025-06-19 00:24:30+07:00,26.50000,79.90000,12.60000,17.90000,4.16833,406.58282
2025-06-19 00:25:19+07:00,26.60000,79.80000,13.00000,17.10000,3.94858,406.51538
2025-06-19 00:26:16+07:00,26.50000,79.70000,12.60000,14.90000,4.29574,406.32755
2025-06-19 00:27:06+07:00,26.50000,79.70000,12.80000,15.80000,4.36997,406.52658
2025-06-19 00:27:55+07:00,26.50000,79.80000,13.10000,17.20000,4.38870,406.40433
2025-06-19 00:28:45+07:00,26.60000,79.80000,13.00000,16.10000,4.36997,406.45966
2025-06-19 00:29:34+07:00,26.50000,79.70000,12.80000,16.80000,4.38870,406.42642
2025-06-19 00:30:31+07:00,26.50000,79.70000,13.00000,18.80000,4.20441,406.40433
2025-06-19 00:31:23+07:00,26.60000,79.80000,12.50000,15.90000,4.35132,406.43747
2025-06-19 00:32:17+07:00,26.60000,79.60000,13.20000,16.50000,4.23164,406.48190
2025-06-19 00:33:06+07:00,26.60000,79.50000,12.40000,15.20000,4.35132,406.49304
2025-06-19 00:33:55+07:00,26.60000,79.40000,13.50000,15.80000,4.43579,406.30576
2025-06-19 00:34:45+07:00,26.60000,79.50000,12.70000,14.70000,4.38870,406.36035
2025-06-19 00:35:34+07:00,26.60000,79.70000,12.70000,17.50000,4.36063,406.38232
2025-06-19 00:36:23+07:00,26.60000,79.60000,12.00000,15.90000,4.11470,406.32755
2025-06-19 00:37:13+07:00,26.60000,79.50000,12.50000,15.40000,4.35132,406.16562
2025-06-19 00:38:05+07:00,26.60000,79.60000,13.00000,15.50000,4.44526,406.13367
2025-06-19 00:38:54+07:00,26.50000,79.70000,13.20000,16.30000,4.31420,406.14429
2025-06-19 00:39:44+07:00,26.60000,79.70000,11.80000,14.40000,4.23164,406.15494
2025-06-19 00:40:33+07:00,26.60000,79.60000,12.50000,14.50000,4.27734,406.14429
2025-06-19 00:41:23+07:00,26.50000,79.50000,12.20000,14.50000,4.09695,406.17630
2025-06-19 00:42:12+07:00,26.50000,79.70000,12.20000,15.90000,4.33272,406.20844
2025-06-19 00:43:01+07:00,26.50000,79.80000,13.20000,16.60000,4.26817,406.08072
2025-06-19 00:43:51+07:00,26.50000,79.80000,12.70000,15.50000,3.76318,406.15494
2025-06-19 00:44:43+07:00,26.50000,79.80000,12.60000,14.80000,3.76318,406.07016
2025-06-19 00:45:33+07:00,26.50000,79.80000,12.20000,14.30000,4.33272,406.18701
2025-06-19 00:46:33+07:00,26.50000,79.90000,12.30000,17.30000,4.16833,406.26233
2025-06-19 00:47:26+07:00,26.40000,80.00000,12.40000,15.00000,3.82138,406.02814
2025-06-19 00:48:15+07:00,26.50000,80.00000,12.40000,15.40000,4.07926,405.35040
2025-06-19 00:49:04+07:00,26.50000,79.90000,12.30000,15.80000,3.57705,406.00723
2025-06-19 00:49:58+07:00,26.50000,79.90000,12.60000,17.20000,3.88031,406.21921
2025-06-19 00:50:48+07:00,26.40000,80.00000,11.70000,13.20000,4.07044,405.46509
2025-06-19 00:51:37+07:00,26.40000,80.00000,11.70000,14.30000,3.89729,406.01767
2025-06-19 00:52:29+07:00,26.40000,80.00000,12.00000,14.70000,4.27734,406.30576
2025-06-19 00:53:22+07:00,26.40000,80.10000,12.00000,15.00000,4.19537,406.10184
2025-06-19 00:54:12+07:00,26.40000,80.10000,12.10000,15.70000,4.04407,406.26233
2025-06-19 00:55:01+07:00,26.40000,80.00000,12.30000,16.40000,4.12360,406.10184
2025-06-19 00:55:50+07:00,26.50000,79.90000,12.10000,14.90000,4.15039,406.11243
2025-06-19 00:56:43+07:00,26.60000,79.80000,11.90000,17.40000,4.03531,406.15494
2025-06-19 00:57:32+07:00,26.50000,79.80000,12.60000,17.30000,4.28653,406.08072
2025-06-19 00:58:27+07:00,26.50000,79.90000,11.90000,15.20000,3.86340,405.96558
2025-06-19 00:59:17+07:00,26.50000,80.00000,12.70000,15.50000,4.02657,405.18216
2025-06-19 01:01:04+07:00,26.40000,79.90000,12.60000,15.70000,4.18634,406.10184
2025-06-19 01:01:57+07:00,26.40000,79.90000,12.70000,14.90000,4.22255,406.01767
2025-06-19 01:02:50+07:00,26.40000,79.90000,12.70000,16.80000,4.24987,406.09128
2025-06-19 01:03:39+07:00,26.50000,80.00000,12.30000,14.40000,4.30496,405.85226
2025-06-19 01:05:29+07:00,26.50000,79.90000,13.00000,16.70000,4.29574,406.04913
2025-06-19 01:07:18+07:00,26.40000,80.00000,12.80000,17.80000,4.24075,406.07016
2025-06-19 01:08:08+07:00,26.50000,80.00000,13.10000,16.40000,4.29574,405.89325
2025-06-19 01:09:04+07:00,26.40000,80.00000,13.10000,16.90000,4.13251,406.02814
2025-06-19 01:09:56+07:00,26.40000,80.00000,13.00000,16.10000,4.07926,406.00723
2025-06-19 01:10:52+07:00,26.40000,80.00000,13.00000,16.60000,4.19537,405.94482
2025-06-19 01:11:44+07:00,26.40000,80.00000,13.80000,18.20000,4.32345,405.98636
2025-06-19 01:13:38+07:00,26.40000,80.00000,13.40000,16.90000,4.08809,405.96558
2025-06-19 01:14:27+07:00,26.40000,80.00000,13.30000,16.90000,4.23164,405.99680
2025-06-19 01:15:17+07:00,26.40000,80.00000,14.10000,18.80000,4.22255,406.07016
2025-06-19 01:17:02+07:00,26.40000,80.00000,13.50000,16.40000,4.26817,405.92416
2025-06-19 01:17:51+07:00,26.40000,80.00000,14.00000,17.20000,4.24987,405.92416
2025-06-19 01:18:41+07:00,26.40000,80.00000,13.60000,19.00000,4.16833,405.90353
2025-06-19 01:19:30+07:00,26.40000,80.00000,13.90000,18.20000,4.24987,405.88300
2025-06-19 01:20:20+07:00,26.40000,80.00000,13.10000,18.10000,4.13251,405.89325
2025-06-19 01:21:09+07:00,26.40000,80.00000,13.50000,17.10000,4.04407,405.93448
2025-06-19 01:21:59+07:00,26.40000,79.90000,13.90000,19.00000,4.21347,405.90353
2025-06-19 01:22:48+07:00,26.40000,79.90000,13.30000,17.70000,4.14145,405.88300
2025-06-19 01:23:37+07:00,26.40000,80.00000,13.20000,16.30000,4.12360,405.89325
2025-06-19 01:24:27+07:00,26.50000,79.80000,13.80000,16.60000,3.98309,405.87274
2025-06-19 01:25:16+07:00,26.50000,79.60000,13.90000,18.90000,4.15936,405.92416
2025-06-19 01:26:06+07:00,26.60000,79.50000,14.50000,19.30000,4.07926,405.90353
2025-06-19 01:27:51+07:00,26.60000,79.50000,14.80000,18.90000,4.00043,405.88300
2025-06-19 01:28:43+07:00,26.60000,79.30000,13.90000,17.90000,3.97444,405.57205
2025-06-19 01:29:33+07:00,26.60000,79.30000,13.30000,17.50000,4.07044,405.90353
2025-06-19 01:30:25+07:00,26.60000,79.30000,14.10000,18.60000,4.21347,405.80139
2025-06-19 01:31:14+07:00,26.50000,79.40000,14.00000,18.30000,4.10581,405.83188
2025-06-19 01:32:04+07:00,26.50000,79.50000,13.70000,18.50000,4.06163,405.76093
2025-06-19 01:32:57+07:00,26.50000,79.50000,13.50000,18.60000,3.88031,405.79126
2025-06-19 01:33:46+07:00,26.50000,79.60000,13.50000,18.20000,4.04407,405.71072
2025-06-19 01:34:36+07:00,26.50000,79.70000,13.20000,18.30000,3.94000,405.68076
2025-06-19 01:35:25+07:00,26.50000,79.80000,12.60000,15.50000,4.03531,405.76093
2025-06-19 01:36:14+07:00,26.50000,79.70000,13.30000,16.70000,4.01784,405.75085
2025-06-19 01:37:04+07:00,26.50000,79.80000,13.20000,18.20000,4.00913,405.69073
2025-06-19 01:37:57+07:00,26.50000,79.60000,14.20000,18.90000,3.95719,405.74081
2025-06-19 01:38:48+07:00,26.50000,79.50000,14.20000,18.70000,3.89729,405.75085
2025-06-19 01:39:38+07:00,26.60000,79.40000,13.70000,17.70000,3.96581,405.72073
2025-06-19 01:40:27+07:00,26.60000,79.30000,13.80000,17.70000,3.92287,405.70071
2025-06-19 01:41:17+07:00,26.60000,79.30000,13.90000,17.70000,3.87185,405.75085
2025-06-19 01:42:06+07:00,26.60000,79.30000,13.40000,17.60000,3.95719,405.70071
2025-06-19 01:42:55+07:00,26.60000,79.50000,13.70000,18.20000,3.90580,405.74081
2025-06-19 01:43:45+07:00,26.50000,79.50000,13.90000,19.90000,3.84654,405.69073
2025-06-19 01:44:37+07:00,26.50000,79.50000,14.00000,18.40000,3.87185,405.69073
2025-06-19 01:45:26+07:00,26.60000,79.50000,14.60000,18.00000,3.88031,405.66086
2025-06-19 01:46:16+07:00,26.60000,79.40000,13.80000,18.40000,3.90580,405.66086
2025-06-19 01:47:05+07:00,26.60000,79.30000,14.40000,18.90000,3.89729,405.68076
2025-06-19 01:47:54+07:00,26.60000,79.40000,13.50000,18.30000,3.87185,405.61139
2025-06-19 01:48:44+07:00,26.50000,79.40000,14.40000,17.70000,3.83814,405.65094
2025-06-19 01:49:36+07:00,26.50000,79.30000,13.60000,19.50000,3.82138,405.72073
2025-06-19 01:50:26+07:00,26.50000,79.40000,13.90000,18.00000,3.85497,405.65094
2025-06-19 01:51:15+07:00,26.60000,79.20000,13.20000,20.10000,3.96581,405.72073
2025-06-19 01:52:04+07:00,26.60000,79.20000,14.00000,18.60000,3.95719,405.74081
2025-06-19 01:52:54+07:00,26.60000,79.20000,14.10000,18.60000,3.93142,405.77103
2025-06-19 01:53:43+07:00,26.60000,79.20000,13.80000,16.90000,3.74668,405.71072
2025-06-19 01:54:33+07:00,26.60000,79.10000,13.30000,17.10000,3.94858,405.69073
2025-06-19 01:55:22+07:00,26.50000,79.30000,14.00000,17.80000,3.96581,405.68076
2025-06-19 01:56:11+07:00,26.50000,79.40000,13.60000,17.10000,3.92287,405.66086
2025-06-19 01:57:02+07:00,26.50000,79.40000,14.00000,19.60000,3.75492,405.66086
2025-06-19 01:57:51+07:00,26.50000,79.40000,13.60000,18.70000,4.00913,405.64102
2025-06-19 01:58:41+07:00,26.50000,79.40000,14.20000,18.80000,3.95719,405.67081
2025-06-19 01:59:30+07:00,26.50000,79.30000,14.80000,19.70000,3.81302,405.62125
2025-06-19 02:00:20+07:00,26.50000,79.30000,14.20000,18.40000,3.83814,405.72073
2025-06-19 02:01:09+07:00,26.60000,79.30000,13.70000,19.10000,3.99175,405.70071
2025-06-19 02:01:58+07:00,26.50000,79.10000,13.70000,19.90000,3.91433,405.67081
2025-06-19 02:02:48+07:00,26.50000,79.20000,14.00000,18.70000,3.94858,405.67081
2025-06-19 02:03:37+07:00,26.50000,79.30000,14.10000,20.00000,3.88031,405.66086
2025-06-19 02:04:27+07:00,26.50000,79.30000,14.10000,19.50000,4.03531,405.58185
2025-06-19 02:05:16+07:00,26.60000,79.10000,13.70000,16.90000,3.86340,405.69073
2025-06-19 02:06:05+07:00,26.60000,78.80000,14.10000,18.40000,3.98309,405.63113
2025-06-19 02:06:55+07:00,26.60000,78.90000,14.10000,18.60000,4.00043,405.63113
2025-06-19 02:07:44+07:00,26.70000,78.80000,13.60000,17.90000,3.78803,405.46509
2025-06-19 02:08:33+07:00,26.70000,78.80000,14.30000,19.30000,3.61686,405.42664
2025-06-19 02:09:23+07:00,26.70000,78.70000,14.40000,18.30000,3.53760,405.33148
2025-06-19 02:10:12+07:00,26.60000,78.70000,13.80000,19.90000,3.72205,405.32205
2025-06-19 02:11:02+07:00,26.60000,78.90000,14.00000,20.20000,3.73025,405.36938
2025-06-19 02:11:51+07:00,26.60000,78.80000,14.40000,20.90000,3.70571,405.29382
2025-06-19 02:12:40+07:00,26.60000,78.90000,14.60000,18.60000,3.77973,405.21915
2025-06-19 02:13:30+07:00,26.50000,79.00000,14.60000,19.50000,3.78803,405.31262
2025-06-19 02:14:19+07:00,26.50000,79.00000,13.90000,18.70000,3.79634,405.31262
2025-06-19 02:15:09+07:00,26.50000,79.10000,14.10000,19.30000,3.73846,405.27505
2025-06-19 02:15:58+07:00,26.50000,79.00000,14.10000,18.20000,3.74668,405.27505
2025-06-19 02:16:47+07:00,26.50000,79.00000,13.70000,17.00000,3.77145,405.27505
2025-06-19 02:17:39+07:00,26.50000,79.10000,14.70000,18.50000,3.78803,405.26572
2025-06-19 02:18:29+07:00,26.50000,79.20000,15.40000,20.80000,3.75492,405.33148
2025-06-19 02:19:23+07:00,26.50000,79.10000,14.10000,20.20000,3.71387,405.29382
2025-06-19 02:20:15+07:00,26.50000,79.10000,13.60000,18.00000,3.71387,405.19138
2025-06-19 02:21:08+07:00,26.50000,79.10000,14.00000,18.10000,3.52193,405.24704
2025-06-19 02:23:52+07:00,26.50000,79.10000,14.40000,20.70000,3.68130,405.25638
2025-06-19 02:24:42+07:00,26.50000,79.00000,14.90000,22.00000,3.70571,405.05435
2025-06-19 02:25:31+07:00,26.50000,79.00000,14.20000,20.30000,3.56123,405.25638
2025-06-19 02:26:20+07:00,26.60000,78.90000,14.20000,18.60000,3.75492,405.19138
2025-06-19 02:27:10+07:00,26.50000,78.90000,14.00000,18.50000,3.62486,405.26572
2025-06-19 02:27:59+07:00,26.60000,78.90000,14.90000,19.30000,3.46750,405.18216
2025-06-19 02:28:50+07:00,26.50000,78.90000,14.60000,20.70000,3.59293,405.25638
2025-06-19 02:29:40+07:00,26.50000,78.90000,14.50000,18.30000,3.63288,405.22842
2025-06-19 02:30:29+07:00,26.50000,79.00000,14.10000,18.20000,3.66510,405.20062
2025-06-19 02:31:18+07:00,26.50000,79.00000,14.20000,18.90000,3.63288,405.13620
2025-06-19 02:32:08+07:00,26.50000,79.00000,13.90000,18.60000,3.56913,405.20062
2025-06-19 02:32:57+07:00,26.50000,79.00000,14.30000,21.50000,3.45978,405.16373
2025-06-19 02:33:46+07:00,26.50000,79.10000,13.80000,19.30000,3.59293,405.12704
2025-06-19 02:34:36+07:00,26.50000,79.00000,14.10000,18.70000,3.61686,405.16373
2025-06-19 02:35:25+07:00,26.50000,79.00000,14.30000,19.20000,3.41376,405.14536
2025-06-19 02:36:15+07:00,26.50000,78.90000,14.30000,18.90000,3.55334,405.11792
2025-06-19 02:37:04+07:00,26.50000,78.90000,13.90000,18.60000,3.46750,405.09970
2025-06-19 02:37:54+07:00,26.50000,78.90000,14.40000,18.70000,3.49074,405.12704
2025-06-19 02:38:43+07:00,26.40000,79.10000,14.90000,18.40000,3.55334,405.06342
2025-06-19 02:39:33+07:00,26.40000,79.10000,14.40000,19.90000,3.57705,405.18216
2025-06-19 02:40:24+07:00,26.50000,78.90000,14.50000,21.20000,3.58498,405.11792
2025-06-19 02:41:14+07:00,26.50000,78.80000,15.00000,22.10000,3.48298,404.94696
2025-06-19 02:42:03+07:00,26.50000,78.90000,14.60000,20.80000,3.56123,405.14536
2025-06-19 02:42:52+07:00,26.40000,79.00000,14.40000,20.70000,3.50630,405.16373
2025-06-19 02:43:42+07:00,26.40000,79.00000,13.90000,18.80000,3.58498,405.10880
2025-06-19 02:44:31+07:00,26.50000,78.90000,14.70000,19.00000,3.47523,405.12704
2025-06-19 02:45:21+07:00,26.50000,78.90000,14.10000,20.90000,3.49852,405.16373
2025-06-19 02:46:24+07:00,26.50000,78.90000,14.10000,19.30000,3.50630,405.14536
2025-06-19 02:47:08+07:00,26.50000,78.70000,13.20000,17.50000,3.47523,405.23773
2025-06-19 02:48:01+07:00,26.50000,78.80000,13.60000,17.90000,3.53760,405.26572
2025-06-19 02:48:51+07:00,26.40000,78.90000,13.90000,19.40000,3.40614,405.15454
2025-06-19 02:49:45+07:00,26.40000,78.90000,14.80000,19.60000,3.56123,405.14536
2025-06-19 02:50:34+07:00,26.40000,79.00000,14.70000,20.10000,3.54546,405.09970
2025-06-19 02:51:24+07:00,26.50000,78.80000,13.80000,20.20000,3.59293,405.09061
2025-06-19 02:52:13+07:00,26.40000,78.80000,14.20000,18.50000,3.52193,405.11792
2025-06-19 02:53:03+07:00,26.40000,78.80000,14.80000,20.30000,3.56123,405.20987
2025-06-19 02:53:56+07:00,26.40000,78.90000,13.90000,20.70000,3.50630,405.18216
2025-06-19 02:54:45+07:00,26.40000,78.90000,13.70000,18.70000,3.49852,405.13620
2025-06-19 02:55:34+07:00,26.40000,79.10000,14.70000,19.20000,3.44438,405.08151
2025-06-19 02:56:24+07:00,26.30000,79.10000,14.80000,19.60000,3.51411,405.02734
2025-06-19 02:57:13+07:00,26.30000,79.10000,14.50000,18.50000,3.51411,405.02734
2025-06-19 02:58:02+07:00,26.30000,79.20000,14.10000,19.80000,3.52976,405.10880
2025-06-19 02:58:52+07:00,26.30000,79.20000,14.60000,23.20000,3.39854,405.06342
2025-06-19 02:59:41+07:00,26.30000,79.20000,14.60000,19.50000,3.39854,405.12704
2025-06-19 03:00:31+07:00,26.30000,79.10000,14.20000,19.90000,3.30091,405.21915
2025-06-19 03:01:21+07:00,26.30000,79.10000,13.70000,19.30000,3.49852,405.05435
2025-06-19 03:02:13+07:00,26.30000,79.10000,14.70000,21.40000,3.52193,405.11792
2025-06-19 03:03:02+07:00,26.30000,79.20000,14.30000,22.30000,3.49852,405.03632
2025-06-19 03:03:52+07:00,26.30000,79.20000,14.30000,20.50000,3.50630,405.09970
2025-06-19 03:04:41+07:00,26.30000,79.30000,14.90000,21.60000,3.49074,405.08151
2025-06-19 03:05:31+07:00,26.30000,79.30000,15.00000,20.90000,3.38336,405.04535
2025-06-19 03:06:23+07:00,26.30000,79.20000,13.90000,19.50000,3.50630,405.01834
2025-06-19 03:07:13+07:00,26.30000,79.20000,14.90000,20.60000,3.35319,405.05435
2025-06-19 03:08:03+07:00,26.30000,79.30000,14.20000,21.80000,3.49074,405.10880
2025-06-19 03:08:56+07:00,26.30000,79.30000,13.90000,19.30000,3.37580,405.04535
2025-06-19 03:09:45+07:00,26.30000,79.30000,13.90000,19.10000,3.45978,405.03632
2025-06-19 03:10:37+07:00,26.30000,79.20000,14.90000,21.30000,3.39094,405.00937
2025-06-19 03:11:29+07:00,26.30000,79.30000,14.20000,21.20000,3.45208,405.03632
2025-06-19 03:12:23+07:00,26.30000,79.30000,15.10000,21.30000,3.41376,404.98254
2025-06-19 03:13:17+07:00,26.30000,79.30000,14.10000,22.80000,3.42140,405.00043
2025-06-19 03:14:07+07:00,26.30000,79.30000,14.70000,20.80000,3.45208,405.01834
2025-06-19 03:14:59+07:00,26.20000,79.40000,14.50000,22.90000,3.22010,404.97363
2025-06-19 03:15:51+07:00,26.20000,79.30000,15.20000,22.50000,3.45978,404.98254
2025-06-19 03:16:40+07:00,26.20000,79.40000,15.40000,21.10000,3.45208,404.98254
2025-06-19 03:17:30+07:00,26.30000,79.30000,14.60000,20.00000,3.41376,404.99149
2025-06-19 03:18:24+07:00,26.30000,79.30000,14.80000,20.40000,3.30833,405.03632
2025-06-19 03:19:14+07:00,26.30000,79.30000,15.20000,24.50000,3.42905,405.10880
2025-06-19 03:20:03+07:00,26.30000,79.30000,15.10000,21.40000,3.42905,405.05435
2025-06-19 03:20:52+07:00,26.30000,79.30000,14.90000,22.40000,3.41376,405.04535
2025-06-19 03:21:42+07:00,26.30000,79.30000,15.30000,23.50000,3.45208,405.05435
2025-06-19 03:22:31+07:00,26.30000,79.20000,14.90000,21.20000,3.39854,404.98254
2025-06-19 03:23:20+07:00,26.30000,79.20000,14.90000,22.80000,3.38336,405.01834
2025-06-19 03:24:10+07:00,26.30000,79.20000,14.60000,20.50000,3.39094,404.95581
2025-06-19 03:24:59+07:00,26.30000,79.20000,14.90000,21.70000,3.38336,404.99149
2025-06-19 03:25:49+07:00,26.30000,79.30000,14.70000,22.10000,3.42905,404.97363
2025-06-19 03:26:41+07:00,26.30000,79.30000,14.70000,25.00000,3.27133,405.00043
2025-06-19 03:27:34+07:00,26.30000,79.20000,15.90000,22.80000,3.40614,404.95581
2025-06-19 03:28:24+07:00,26.30000,79.20000,15.40000,22.70000,3.42905,404.95581
2025-06-19 03:29:13+07:00,26.30000,79.10000,15.00000,21.00000,3.42905,404.99149
2025-06-19 03:30:03+07:00,26.30000,79.10000,15.60000,22.70000,3.37580,404.98254
2025-06-19 03:31:01+07:00,26.30000,79.20000,15.70000,22.20000,3.34568,404.94696
2025-06-19 03:32:47+07:00,26.30000,79.10000,15.30000,22.10000,3.39854,405.09970
2025-06-19 03:33:36+07:00,26.30000,79.20000,15.60000,21.50000,3.44438,404.85889
2025-06-19 03:34:31+07:00,26.30000,79.10000,16.30000,22.40000,3.43671,404.94696
2025-06-19 03:35:24+07:00,26.30000,79.10000,15.50000,24.00000,3.42140,404.73782
2025-06-19 03:38:15+07:00,26.40000,78.70000,15.30000,20.50000,3.35319,404.89395
2025-06-19 03:39:09+07:00,26.40000,78.80000,14.90000,20.90000,3.37580,404.87640
2025-06-19 03:39:59+07:00,26.30000,79.00000,16.20000,24.40000,3.25662,404.91156
2025-06-19 03:40:57+07:00,26.30000,79.00000,16.30000,24.30000,3.41376,404.89395
2025-06-19 03:41:46+07:00,26.30000,79.00000,16.00000,24.50000,3.32323,405.00937
2025-06-19 03:42:35+07:00,26.30000,79.00000,16.00000,22.80000,3.39854,404.99149
2025-06-19 03:43:25+07:00,26.30000,79.10000,16.50000,23.30000,3.32323,404.92041
2025-06-19 03:44:14+07:00,26.30000,79.10000,15.50000,23.30000,3.37580,404.95581
2025-06-19 03:45:04+07:00,26.30000,79.10000,16.20000,24.20000,3.39854,404.98254
2025-06-19 03:46:02+07:00,26.30000,79.10000,17.80000,27.20000,3.24197,404.89395
2025-06-19 03:46:52+07:00,26.40000,78.80000,17.20000,28.70000,3.22738,404.89395
2025-06-19 03:47:41+07:00,26.40000,78.90000,15.80000,23.10000,3.23467,404.85016
2025-06-19 03:48:30+07:00,26.50000,78.70000,16.10000,22.10000,3.34568,404.99149
2025-06-19 03:49:25+07:00,26.40000,78.70000,16.80000,25.10000,3.24929,404.88516
2025-06-19 03:50:14+07:00,26.50000,78.50000,15.90000,23.40000,3.27133,404.83273
2025-06-19 03:51:04+07:00,26.40000,78.60000,16.00000,22.20000,3.16235,404.92923
2025-06-19 03:51:53+07:00,26.40000,78.60000,16.20000,24.40000,3.24197,404.85889
2025-06-19 03:52:44+07:00,26.30000,78.90000,15.50000,21.10000,3.13379,404.92923
2025-06-19 03:53:37+07:00,26.30000,78.80000,15.60000,24.10000,3.37580,404.93808
2025-06-19 03:54:34+07:00,26.30000,78.90000,16.30000,24.50000,3.24929,404.81537
2025-06-19 03:55:27+07:00,26.30000,79.00000,16.20000,25.60000,3.20558,404.80670
2025-06-19 03:57:12+07:00,26.30000,79.00000,16.20000,23.20000,3.24197,404.79803
2025-06-19 03:58:09+07:00,26.30000,78.80000,16.40000,25.50000,3.27133,404.82404
2025-06-19 03:59:01+07:00,26.30000,78.80000,16.60000,22.20000,3.20558,404.86765
2025-06-19 03:59:53+07:00,26.30000,78.60000,16.20000,24.60000,3.25662,404.78940
2025-06-19 04:00:44+07:00,26.30000,78.80000,15.30000,21.80000,3.25662,404.81537
2025-06-19 04:01:34+07:00,26.30000,78.90000,15.90000,25.40000,3.06331,404.76355
2025-06-19 04:03:20+07:00,26.40000,78.70000,14.70000,22.10000,3.07030,404.81537
2025-06-19 04:04:10+07:00,26.40000,78.50000,15.40000,22.30000,3.25662,404.80670
2025-06-19 04:04:59+07:00,26.30000,78.70000,15.00000,20.90000,3.14804,404.85016
2025-06-19 04:05:49+07:00,26.30000,78.70000,15.60000,22.50000,3.22738,404.72073
2025-06-19 04:06:38+07:00,26.30000,78.80000,15.90000,22.10000,3.24197,404.72928
2025-06-19 04:07:28+07:00,26.30000,78.70000,15.40000,21.90000,3.21283,404.73782
2025-06-19 04:08:17+07:00,26.30000,78.60000,14.60000,21.50000,3.24197,404.75497
2025-06-19 04:09:11+07:00,26.30000,78.60000,15.50000,22.30000,3.23467,404.71222
2025-06-19 04:10:01+07:00,26.40000,78.50000,15.60000,22.90000,3.28609,404.72928
2025-06-19 04:10:50+07:00,26.40000,78.40000,15.10000,23.50000,3.28609,404.81537
2025-06-19 04:11:39+07:00,26.40000,78.40000,16.20000,23.00000,3.22738,404.70370
2025-06-19 04:12:29+07:00,26.40000,78.40000,15.30000,20.60000,3.16952,404.74640
2025-06-19 04:13:18+07:00,26.30000,78.40000,15.10000,21.30000,3.25662,404.76355
2025-06-19 04:14:08+07:00,26.40000,78.40000,15.20000,22.20000,3.04937,404.70370
2025-06-19 04:15:51+07:00,26.30000,78.40000,15.30000,23.50000,3.01475,404.65289
2025-06-19 04:16:45+07:00,26.30000,78.50000,15.40000,21.50000,3.19111,404.72073
2025-06-19 04:17:39+07:00,26.30000,78.50000,15.40000,21.50000,3.16235,404.71222
2025-06-19 04:18:29+07:00,26.30000,78.60000,15.20000,23.00000,3.19834,404.72928
2025-06-19 04:19:27+07:00,26.30000,78.50000,15.60000,23.80000,3.16235,404.70370
2025-06-19 04:20:25+07:00,26.30000,78.40000,15.40000,21.20000,3.26397,404.72073
2025-06-19 04:21:15+07:00,26.40000,78.30000,15.20000,21.80000,3.27133,404.72073
2025-06-19 04:22:07+07:00,26.40000,78.30000,15.60000,21.90000,3.16952,404.82404
2025-06-19 04:23:00+07:00,26.40000,78.20000,15.10000,20.40000,2.96002,404.68671
2025-06-19 04:23:50+07:00,26.40000,78.20000,14.80000,22.90000,3.08432,404.84146
2025-06-19 04:24:39+07:00,26.40000,78.30000,15.40000,21.20000,3.16952,404.72073
2025-06-19 04:25:29+07:00,26.30000,78.30000,15.80000,21.50000,3.18390,404.71222
2025-06-19 04:26:18+07:00,26.30000,78.30000,15.30000,22.10000,3.16952,404.67825
2025-06-19 04:27:14+07:00,26.40000,78.40000,14.90000,22.30000,3.14091,404.70370
2025-06-19 04:28:03+07:00,26.40000,78.30000,14.90000,20.90000,3.17670,404.71222
2025-06-19 04:28:53+07:00,26.40000,78.20000,15.50000,22.20000,3.19834,404.70370
2025-06-19 04:29:46+07:00,26.40000,78.20000,14.60000,21.10000,3.18390,404.46237
2025-06-19 04:30:36+07:00,26.40000,78.30000,15.00000,20.70000,3.11251,404.70370
2025-06-19 04:31:29+07:00,26.30000,78.30000,14.60000,23.20000,3.22010,404.68671
2025-06-19 04:32:19+07:00,26.30000,78.40000,14.80000,21.90000,3.19111,404.72928
2025-06-19 04:33:08+07:00,26.30000,78.40000,14.90000,21.00000,3.10544,404.70370
2025-06-19 04:34:00+07:00,26.30000,78.40000,15.10000,21.20000,3.19834,404.70370
2025-06-19 04:34:50+07:00,26.30000,78.40000,15.50000,23.10000,3.18390,404.72928
2025-06-19 04:35:44+07:00,26.30000,78.30000,14.60000,21.80000,2.98729,404.66980
2025-06-19 04:36:33+07:00,26.30000,78.40000,15.30000,22.70000,3.09839,404.66980
2025-06-19 04:37:22+07:00,26.30000,78.40000,14.50000,21.40000,3.12668,404.66135
2025-06-19 04:38:12+07:00,26.30000,78.30000,14.00000,21.60000,2.98729,404.61929
2025-06-19 04:39:04+07:00,26.30000,78.30000,14.20000,19.60000,3.09135,404.68671
2025-06-19 04:39:53+07:00,26.30000,78.30000,14.70000,20.60000,2.99413,404.66135
2025-06-19 04:40:43+07:00,26.30000,78.40000,15.00000,20.70000,3.09839,404.67825
2025-06-19 04:41:32+07:00,26.30000,78.30000,15.10000,21.90000,3.11251,404.67825
2025-06-19 04:42:21+07:00,26.30000,78.30000,14.50000,22.40000,2.90611,404.57755
2025-06-19 04:43:11+07:00,26.30000,78.40000,14.60000,21.50000,3.11959,404.64447
2025-06-19 04:44:00+07:00,26.20000,78.40000,14.60000,21.50000,3.11251,404.66980
2025-06-19 04:44:50+07:00,26.30000,78.40000,14.40000,22.40000,3.11251,404.66135
2025-06-19 04:45:39+07:00,26.20000,78.40000,14.90000,20.70000,3.12668,404.61093
2025-06-19 04:46:28+07:00,26.20000,78.50000,14.20000,21.10000,3.16952,404.62769
2025-06-19 04:47:18+07:00,26.30000,78.30000,14.20000,20.90000,3.00787,404.56924
2025-06-19 04:48:07+07:00,26.30000,78.40000,14.80000,21.70000,3.08432,404.66135
2025-06-19 04:48:56+07:00,26.20000,78.50000,14.90000,20.90000,3.03549,404.63608
2025-06-19 04:49:46+07:00,26.20000,78.50000,14.80000,22.00000,3.11959,404.61093
2025-06-19 04:51:28+07:00,26.30000,78.40000,15.80000,24.70000,3.08432,404.66135
2025-06-19 04:52:18+07:00,26.30000,78.40000,15.20000,21.60000,3.08432,404.57755
2025-06-19 04:53:07+07:00,26.30000,78.30000,14.90000,22.50000,3.01475,404.54440
2025-06-19 04:53:57+07:00,26.30000,78.20000,15.70000,23.80000,2.86619,404.58588
2025-06-19 04:54:46+07:00,26.30000,78.30000,15.40000,22.60000,2.89942,404.62769
2025-06-19 04:55:35+07:00,26.20000,78.30000,14.30000,21.60000,2.95324,404.59421
2025-06-19 04:56:25+07:00,26.30000,78.40000,15.20000,23.80000,2.95324,404.55267
2025-06-19 04:57:14+07:00,26.30000,78.30000,15.00000,23.60000,3.05634,404.60257
2025-06-19 04:58:03+07:00,26.30000,78.20000,13.20000,19.70000,3.01475,404.58588
2025-06-19 04:58:53+07:00,26.20000,78.30000,14.00000,20.20000,3.03549,404.51144
2025-06-19 04:59:42+07:00,26.20000,78.40000,14.60000,21.40000,3.14091,404.58588
2025-06-19 05:00:32+07:00,26.20000,78.50000,14.40000,22.30000,3.05634,404.56094
2025-06-19 05:01:21+07:00,26.20000,78.50000,14.50000,19.50000,2.98729,404.50323
2025-06-19 05:02:11+07:00,26.20000,78.40000,15.20000,25.50000,3.06331,404.48685
2025-06-19 05:03:00+07:00,26.20000,78.40000,14.00000,19.20000,2.91280,404.53613
2025-06-19 05:03:49+07:00,26.20000,78.40000,14.20000,20.00000,3.02856,404.49503
2025-06-19 05:04:39+07:00,26.20000,78.60000,14.80000,20.00000,2.87281,404.60257
2025-06-19 05:05:28+07:00,26.20000,78.40000,15.00000,21.50000,2.87281,404.49503
2025-06-19 05:06:18+07:00,26.20000,78.40000,14.40000,19.60000,2.99413,404.47052
2025-06-19 05:07:11+07:00,26.20000,78.50000,14.20000,20.20000,2.87945,404.47867
2025-06-19 05:08:03+07:00,26.20000,78.40000,13.90000,19.40000,2.98045,404.48685
2025-06-19 05:08:56+07:00,26.20000,78.40000,14.40000,22.80000,3.15519,404.49503
2025-06-19 05:09:49+07:00,26.20000,78.50000,14.30000,21.90000,3.00099,404.49503
2025-06-19 05:10:39+07:00,26.20000,78.50000,14.40000,21.10000,2.97363,404.47052
2025-06-19 05:11:28+07:00,26.10000,78.50000,14.40000,21.40000,2.97363,404.45422
2025-06-19 05:12:17+07:00,26.20000,78.50000,14.10000,20.80000,2.98729,404.48685
2025-06-19 05:13:07+07:00,26.10000,78.50000,14.10000,19.90000,2.96682,404.47867
2025-06-19 05:13:56+07:00,26.10000,78.60000,14.40000,20.20000,3.03549,404.44611
2025-06-19 05:14:45+07:00,26.10000,78.70000,14.60000,22.90000,2.88609,404.42990
2025-06-19 05:15:35+07:00,26.10000,78.70000,14.70000,21.90000,2.92623,404.44611
2025-06-19 05:16:24+07:00,26.20000,78.50000,14.70000,22.20000,3.00787,404.44611
2025-06-19 05:17:13+07:00,26.20000,78.40000,14.20000,20.40000,3.00099,404.41376
2025-06-19 05:18:03+07:00,26.20000,78.60000,14.40000,20.00000,2.80716,404.42181
2025-06-19 05:18:52+07:00,26.20000,78.60000,14.20000,20.70000,2.91951,404.41376
2025-06-19 05:19:41+07:00,26.10000,78.80000,13.60000,20.00000,2.98045,404.40570
2025-06-19 05:20:31+07:00,26.10000,78.70000,14.50000,20.60000,2.89275,404.42990
2025-06-19 05:21:20+07:00,26.10000,78.80000,14.40000,21.10000,2.89942,404.42990
2025-06-19 05:22:10+07:00,26.10000,78.90000,13.50000,19.20000,2.91951,404.38959
2025-06-19 05:23:00+07:00,26.10000,78.90000,15.30000,22.30000,2.78124,404.42990
2025-06-19 05:23:49+07:00,26.10000,78.90000,14.70000,21.20000,2.91280,404.47052
2025-06-19 05:24:39+07:00,26.10000,79.00000,14.30000,21.50000,2.93971,404.35757
2025-06-19 05:25:28+07:00,26.10000,79.00000,14.30000,21.20000,2.79418,404.40570
2025-06-19 05:26:21+07:00,26.20000,78.90000,14.70000,21.30000,2.96002,404.42990
2025-06-19 05:27:10+07:00,26.20000,78.80000,14.20000,20.90000,2.90611,404.36557
2025-06-19 05:27:59+07:00,26.20000,78.80000,14.60000,21.10000,2.89275,404.41376
2025-06-19 05:28:52+07:00,26.20000,78.80000,14.60000,21.50000,2.80066,404.42990
2025-06-19 05:29:42+07:00,26.20000,78.80000,14.10000,20.30000,2.79418,404.38959
2025-06-19 05:30:35+07:00,26.20000,78.90000,14.70000,22.30000,2.69205,404.38159
2025-06-19 05:31:28+07:00,26.10000,79.00000,14.10000,20.80000,2.81367,404.37357
2025-06-19 05:32:23+07:00,26.20000,78.90000,13.80000,19.50000,2.89275,404.39764
2025-06-19 05:33:12+07:00,26.20000,78.90000,14.70000,21.40000,2.89275,404.34961
2025-06-19 05:34:59+07:00,26.10000,79.10000,14.40000,21.30000,2.91951,404.37357
2025-06-19 05:35:48+07:00,26.20000,79.00000,14.10000,21.60000,2.85299,404.34961
2025-06-19 05:36:44+07:00,26.20000,78.90000,15.20000,20.70000,2.93296,404.33368
2025-06-19 05:37:33+07:00,26.20000,79.10000,14.70000,22.20000,2.93971,404.38959
2025-06-19 05:38:22+07:00,26.20000,78.90000,14.40000,20.50000,2.91951,404.34164
2025-06-19 05:39:12+07:00,26.20000,78.90000,14.90000,22.80000,2.96682,404.35757
2025-06-19 05:40:01+07:00,26.20000,79.10000,14.80000,21.60000,2.83327,404.29410
2025-06-19 05:40:51+07:00,26.10000,79.10000,15.70000,24.60000,2.96682,404.28622
2025-06-19 05:41:44+07:00,26.20000,79.20000,14.80000,21.80000,2.90611,404.36557
2025-06-19 05:42:33+07:00,26.20000,79.00000,14.60000,23.30000,2.87945,404.38959
2025-06-19 05:43:23+07:00,26.20000,79.00000,15.60000,21.70000,2.87281,404.38159
2025-06-19 05:44:12+07:00,26.20000,79.10000,14.40000,20.10000,2.89942,404.42181
2025-06-19 05:45:04+07:00,26.20000,79.10000,16.00000,22.20000,2.88609,404.36557
2025-06-19 05:45:54+07:00,26.20000,79.20000,14.80000,21.10000,2.87281,404.33368
2025-06-19 05:46:47+07:00,26.10000,79.20000,14.90000,22.50000,2.88609,404.28622
2025-06-19 05:47:36+07:00,26.10000,79.30000,14.00000,20.60000,2.87945,404.30200
2025-06-19 05:48:25+07:00,26.10000,79.30000,15.20000,21.30000,2.85299,404.31781
2025-06-19 05:49:21+07:00,26.10000,79.40000,14.80000,21.60000,2.93971,404.28622
2025-06-19 05:50:10+07:00,26.10000,79.30000,15.10000,22.70000,2.87945,404.34961
2025-06-19 05:51:00+07:00,26.20000,79.30000,15.00000,22.50000,2.94647,404.44611
2025-06-19 05:51:49+07:00,26.30000,79.10000,15.20000,23.00000,2.88609,404.34961
2025-06-19 05:52:41+07:00,26.30000,78.90000,14.50000,22.20000,2.85959,404.31781
2025-06-19 05:53:31+07:00,26.20000,79.20000,14.70000,22.20000,2.85959,404.38959
2025-06-19 05:54:20+07:00,26.20000,79.20000,14.60000,23.00000,2.88609,404.33368
2025-06-19 05:55:17+07:00,26.20000,79.30000,14.50000,23.30000,2.84641,404.29410
2025-06-19 05:57:06+07:00,26.10000,79.40000,15.10000,22.60000,2.85959,404.26266
2025-06-19 05:57:56+07:00,26.10000,79.50000,15.80000,22.80000,2.90611,404.33368
2025-06-19 05:58:45+07:00,26.10000,79.50000,15.70000,24.20000,2.81367,404.32574
2025-06-19 05:59:42+07:00,26.10000,79.60000,15.50000,22.50000,2.92623,404.28622
2025-06-19 06:00:31+07:00,26.10000,79.70000,15.40000,24.70000,2.87281,404.29410
2025-06-19 06:01:21+07:00,26.10000,79.50000,15.70000,25.70000,2.87945,403.95120
2025-06-19 06:02:13+07:00,26.20000,79.40000,15.30000,22.20000,2.90611,404.33368
2025-06-19 06:03:06+07:00,26.10000,79.50000,15.70000,23.50000,2.73635,404.24701
2025-06-19 06:03:58+07:00,26.10000,79.50000,15.00000,22.90000,2.85959,404.33368
2025-06-19 06:04:52+07:00,26.20000,79.40000,15.40000,22.70000,2.88609,404.30200
2025-06-19 06:05:42+07:00,26.20000,79.40000,15.40000,22.60000,2.83983,404.27051
2025-06-19 06:07:25+07:00,26.20000,79.40000,16.20000,23.10000,2.73635,404.22363
2025-06-19 06:08:14+07:00,26.10000,79.50000,15.80000,23.20000,2.84641,404.29410
2025-06-19 06:09:04+07:00,26.10000,79.60000,15.30000,21.50000,2.85299,404.25482
2025-06-19 06:09:53+07:00,26.10000,79.60000,16.40000,23.80000,2.85299,404.25482
2025-06-19 06:10:43+07:00,26.20000,79.50000,16.60000,24.50000,2.85299,404.30200
2025-06-19 06:11:35+07:00,26.20000,79.40000,15.70000,23.40000,2.84641,404.27838
2025-06-19 06:12:35+07:00,26.10000,79.50000,16.40000,22.60000,2.83983,404.27838
2025-06-19 06:13:28+07:00,26.20000,79.50000,14.40000,21.80000,2.84641,404.30200
2025-06-19 06:14:20+07:00,26.10000,79.50000,15.50000,23.30000,2.77479,404.26266
2025-06-19 06:15:09+07:00,26.20000,79.40000,15.50000,22.00000,2.85299,404.27838
2025-06-19 06:15:59+07:00,26.20000,79.50000,15.20000,21.10000,2.83983,404.18491
2025-06-19 06:16:51+07:00,26.20000,79.40000,16.20000,24.60000,2.87281,404.29410
2025-06-19 06:17:40+07:00,26.20000,79.30000,15.70000,24.00000,2.85959,404.31781
2025-06-19 06:18:30+07:00,26.20000,79.40000,15.70000,24.10000,2.83983,404.24701
2025-06-19 06:19:19+07:00,26.20000,79.40000,15.60000,22.40000,2.74912,404.25482
2025-06-19 06:20:09+07:00,26.20000,79.40000,15.90000,23.30000,2.64833,404.26266
2025-06-19 06:21:04+07:00,26.10000,79.40000,15.60000,21.90000,2.83327,404.25482
2025-06-19 06:21:54+07:00,26.20000,79.40000,15.10000,22.60000,2.84641,404.24701
2025-06-19 06:22:43+07:00,26.10000,79.50000,16.00000,25.20000,2.79418,404.19263
2025-06-19 06:23:37+07:00,26.10000,79.60000,15.80000,23.70000,2.78770,404.22363
2025-06-19 06:24:27+07:00,26.20000,79.40000,16.20000,24.00000,2.83983,404.21585
2025-06-19 06:25:16+07:00,26.20000,79.40000,15.10000,22.40000,2.70465,404.23141
2025-06-19 06:26:12+07:00,26.10000,79.40000,15.00000,21.70000,2.93971,404.20810
2025-06-19 06:27:05+07:00,26.20000,79.30000,15.40000,21.70000,2.83327,404.20035
2025-06-19 06:28:55+07:00,26.10000,79.40000,15.70000,21.70000,2.83327,404.19263
2025-06-19 06:29:48+07:00,26.10000,79.50000,15.20000,21.10000,2.71096,404.17719
2025-06-19 06:30:37+07:00,26.10000,79.50000,15.00000,21.40000,2.84641,404.20035
2025-06-19 06:31:31+07:00,26.00000,79.50000,14.40000,21.90000,2.77479,404.16946
2025-06-19 06:32:24+07:00,26.10000,79.40000,15.20000,22.60000,2.83327,404.18491
2025-06-19 06:33:16+07:00,26.10000,79.40000,15.00000,21.00000,2.70465,404.19263
2025-06-19 06:34:05+07:00,26.10000,79.40000,14.70000,23.00000,2.83983,404.18491
2025-06-19 06:34:58+07:00,26.10000,79.30000,15.10000,22.20000,2.81367,404.17719
2025-06-19 06:35:47+07:00,26.10000,79.30000,15.00000,22.80000,2.65454,404.18491
2025-06-19 06:36:40+07:00,26.10000,79.30000,15.10000,23.80000,2.82019,404.04785
2025-06-19 06:37:29+07:00,26.00000,79.40000,15.00000,21.70000,2.80066,404.18491
2025-06-19 06:38:19+07:00,26.10000,79.30000,14.90000,22.20000,2.83327,404.21585
2025-06-19 06:39:08+07:00,26.10000,79.20000,14.10000,19.10000,2.82673,404.20035
2025-06-19 06:39:57+07:00,26.10000,79.20000,15.30000,23.70000,2.80066,404.13113
2025-06-19 06:40:47+07:00,26.10000,79.20000,15.00000,22.10000,2.76836,404.18491
2025-06-19 06:41:42+07:00,26.10000,79.10000,14.10000,20.00000,2.77479,404.18491
2025-06-19 06:42:31+07:00,26.10000,79.20000,14.00000,21.10000,2.80716,404.15411
2025-06-19 06:43:21+07:00,26.10000,79.20000,14.10000,19.70000,2.62977,404.16946
2025-06-19 06:44:18+07:00,26.10000,79.20000,13.80000,20.70000,2.80716,404.16946
2025-06-19 06:45:11+07:00,26.00000,79.30000,14.30000,21.70000,2.78124,404.17719
2025-06-19 06:46:00+07:00,26.00000,79.30000,14.10000,20.30000,2.73635,404.13879
2025-06-19 06:46:49+07:00,26.00000,79.20000,14.70000,20.80000,2.77479,404.18491
2025-06-19 06:47:39+07:00,26.00000,79.30000,14.70000,22.40000,2.78770,404.18491
2025-06-19 06:48:28+07:00,26.10000,79.10000,14.70000,22.60000,2.81367,404.18491
2025-06-19 06:49:20+07:00,26.10000,79.00000,14.00000,20.80000,2.76193,404.21585
2025-06-19 06:50:09+07:00,26.10000,79.00000,14.40000,20.30000,2.80066,404.16180
2025-06-19 06:50:59+07:00,26.00000,79.10000,14.30000,20.20000,2.77479,404.13113
2025-06-19 06:51:48+07:00,26.00000,79.10000,15.60000,23.30000,2.74912,404.15411
2025-06-19 06:52:38+07:00,26.10000,79.00000,14.00000,19.70000,2.82673,404.16946
2025-06-19 06:53:27+07:00,26.10000,78.90000,14.30000,19.80000,2.62977,404.20035
2025-06-19 06:54:16+07:00,26.10000,78.80000,14.00000,19.30000,2.86619,404.19263
2025-06-19 06:55:06+07:00,26.20000,78.60000,14.20000,19.60000,2.75552,404.13879
2025-06-19 06:55:55+07:00,26.20000,78.50000,14.40000,23.10000,2.67950,404.18491
2025-06-19 06:56:44+07:00,26.20000,78.60000,13.80000,19.10000,2.79418,404.16180
2025-06-19 06:57:34+07:00,26.20000,78.50000,13.20000,18.00000,2.70465,404.18491
2025-06-19 06:58:23+07:00,26.20000,78.40000,14.20000,20.10000,2.85959,404.18491
2025-06-19 06:59:12+07:00,26.20000,78.50000,14.00000,17.90000,2.61132,404.18491
2025-06-19 07:00:02+07:00,26.20000,78.50000,13.70000,20.70000,2.66700,404.18491
2025-06-19 07:00:51+07:00,26.20000,78.50000,13.40000,20.10000,2.80716,404.11591
2025-06-19 07:01:41+07:00,26.10000,78.50000,13.90000,20.50000,2.66700,404.15411
2025-06-19 07:02:30+07:00,26.10000,78.60000,13.50000,21.60000,2.69834,404.11591
2025-06-19 07:03:24+07:00,26.10000,78.70000,13.90000,21.80000,2.73635,404.13879
2025-06-19 07:04:20+07:00,26.10000,78.70000,13.80000,22.30000,2.80716,403.93649
2025-06-19 07:05:12+07:00,26.00000,78.70000,13.60000,17.80000,2.77479,404.02539
2025-06-19 07:06:05+07:00,26.00000,78.80000,13.90000,21.10000,2.70465,404.12354
2025-06-19 07:06:58+07:00,26.10000,78.80000,13.70000,19.50000,2.72363,404.13879
2025-06-19 07:07:52+07:00,26.00000,78.70000,13.60000,20.50000,2.75552,404.14645
2025-06-19 07:08:44+07:00,26.00000,78.90000,13.60000,17.60000,2.66700,404.05536
2025-06-19 07:09:33+07:00,26.00000,79.00000,14.60000,19.80000,2.80066,404.13113
2025-06-19 07:10:26+07:00,26.00000,79.00000,13.90000,21.50000,2.78124,404.16946
2025-06-19 07:11:18+07:00,26.00000,79.00000,13.60000,20.30000,2.75552,404.04034
2025-06-19 07:12:11+07:00,26.00000,78.90000,14.00000,20.10000,2.82019,404.13113
2025-06-19 07:13:07+07:00,26.10000,78.80000,14.10000,18.80000,2.68577,404.14645
2025-06-19 07:14:00+07:00,26.10000,78.70000,13.10000,18.70000,2.71096,404.01791
2025-06-19 07:14:54+07:00,26.10000,78.80000,13.70000,19.70000,2.76193,404.13879
2025-06-19 07:15:44+07:00,26.10000,78.80000,13.10000,18.80000,2.76836,404.13879
2025-06-19 07:16:34+07:00,26.00000,78.80000,13.10000,21.50000,2.74912,404.13879
2025-06-19 07:17:27+07:00,26.00000,79.00000,12.90000,19.90000,2.80066,404.12354
2025-06-19 07:18:23+07:00,26.00000,79.00000,13.50000,20.10000,2.76193,404.13113
2025-06-19 07:19:16+07:00,26.00000,79.10000,13.60000,17.60000,2.76836,404.00299
2025-06-19 07:20:12+07:00,26.00000,79.10000,13.50000,20.10000,2.72999,404.14645
2025-06-19 07:21:04+07:00,26.00000,79.00000,12.80000,19.40000,2.70465,404.11591
2025-06-19 07:21:56+07:00,26.00000,79.10000,13.30000,19.10000,2.75552,404.18491
2025-06-19 07:22:45+07:00,26.00000,79.00000,13.00000,17.90000,2.75552,404.11591
2025-06-19 07:23:35+07:00,26.00000,79.10000,13.20000,18.00000,2.76836,404.10831
2025-06-19 07:24:27+07:00,26.00000,79.00000,14.00000,18.50000,2.76193,404.18491
2025-06-19 07:25:16+07:00,26.00000,79.10000,13.00000,17.40000,2.75552,404.16180
2025-06-19 07:26:11+07:00,26.00000,79.00000,13.80000,18.40000,2.76193,404.18491
2025-06-19 07:27:00+07:00,26.00000,79.00000,13.50000,18.50000,2.75552,404.13879
2025-06-19 07:27:50+07:00,26.00000,78.80000,13.20000,18.60000,2.72999,403.83487
2025-06-19 07:28:39+07:00,26.00000,79.00000,14.10000,21.10000,2.62361,404.16180
2025-06-19 07:29:29+07:00,26.00000,78.90000,13.50000,20.20000,2.70465,404.14645
2025-06-19 07:30:18+07:00,26.00000,79.00000,13.50000,20.50000,2.75552,404.03287
2025-06-19 07:31:08+07:00,26.10000,78.80000,13.40000,19.20000,2.72999,404.05536
2025-06-19 07:31:57+07:00,26.10000,78.80000,12.90000,16.90000,2.67950,404.16180
2025-06-19 07:32:46+07:00,26.00000,79.00000,13.80000,20.90000,2.76836,404.13113
2025-06-19 07:33:36+07:00,26.00000,79.00000,14.40000,21.20000,2.72363,404.13879
2025-06-19 07:34:25+07:00,26.10000,78.80000,13.60000,20.00000,2.58687,404.18491
2025-06-19 07:35:15+07:00,26.10000,78.70000,14.30000,21.70000,2.61746,404.16180
2025-06-19 07:36:04+07:00,26.10000,78.70000,13.20000,18.90000,2.76836,404.14645
2025-06-19 07:36:53+07:00,26.00000,78.80000,13.80000,21.00000,2.82673,404.13113
2025-06-19 07:37:46+07:00,26.00000,78.80000,12.60000,18.80000,2.77479,404.12354
2025-06-19 07:38:36+07:00,26.00000,78.80000,12.90000,18.20000,2.76193,404.17719
2025-06-19 07:39:28+07:00,26.10000,78.80000,13.10000,18.80000,2.73635,404.18491
2025-06-19 07:40:17+07:00,26.00000,78.90000,12.50000,17.90000,2.58079,404.13879
2025-06-19 07:41:07+07:00,26.00000,78.90000,13.10000,19.20000,2.73635,404.14645
2025-06-19 07:41:56+07:00,26.00000,78.90000,13.80000,19.30000,2.73635,404.14645
2025-06-19 07:42:45+07:00,26.00000,78.90000,14.00000,20.10000,2.58687,404.07797
2025-06-19 07:43:35+07:00,26.10000,78.70000,12.80000,19.00000,2.74273,404.16180
2025-06-19 07:44:24+07:00,26.00000,78.70000,13.10000,19.00000,2.76836,404.10831
2025-06-19 07:45:19+07:00,26.00000,78.70000,13.10000,18.50000,2.73635,404.14645
2025-06-19 07:46:08+07:00,26.00000,78.70000,13.00000,18.50000,2.74273,404.10831
2025-06-19 07:46:58+07:00,26.00000,78.80000,13.80000,21.00000,2.74912,404.13879
2025-06-19 07:47:47+07:00,26.00000,78.80000,13.20000,18.60000,2.66076,404.14645
2025-06-19 07:48:36+07:00,26.00000,78.70000,13.70000,20.50000,2.71729,404.14645
2025-06-19 07:49:26+07:00,26.00000,78.70000,13.30000,17.80000,2.74273,404.13879
2025-06-19 07:50:17+07:00,26.00000,78.70000,13.40000,18.90000,2.75552,404.03287
2025-06-19 07:51:06+07:00,26.00000,78.70000,13.30000,17.90000,2.86619,404.06290
2025-06-19 07:51:56+07:00,26.00000,78.70000,13.20000,17.40000,2.75552,404.13879
2025-06-19 07:52:45+07:00,26.00000,78.60000,13.60000,20.80000,2.73635,404.13113
2025-06-19 07:53:37+07:00,26.00000,78.70000,13.00000,18.40000,2.81367,404.16946
2025-06-19 07:54:27+07:00,26.00000,78.70000,13.30000,17.40000,2.74912,403.99557
2025-06-19 07:55:16+07:00,26.00000,78.70000,13.30000,17.90000,2.61132,404.16180
2025-06-19 07:56:05+07:00,26.00000,78.80000,13.40000,19.50000,2.71096,404.04034
2025-06-19 07:56:55+07:00,26.00000,78.70000,13.70000,19.50000,2.75552,404.14645
2025-06-19 07:57:44+07:00,26.00000,78.70000,13.20000,19.10000,2.59907,404.16946
2025-06-19 07:58:33+07:00,26.00000,78.70000,12.80000,18.20000,2.67950,404.18491
2025-06-19 07:59:23+07:00,26.00000,78.80000,14.00000,20.40000,2.80066,404.04785
2025-06-19 08:00:12+07:00,26.10000,78.60000,14.00000,19.60000,2.69834,404.14645
2025-06-19 08:01:02+07:00,26.10000,78.50000,13.10000,18.30000,2.74912,404.10071
2025-06-19 08:01:51+07:00,26.10000,78.50000,12.70000,17.90000,2.67950,404.17719
2025-06-19 08:02:40+07:00,26.10000,78.50000,13.90000,20.00000,2.66700,404.10071
2025-06-19 08:03:30+07:00,26.00000,78.60000,13.60000,19.90000,2.72999,404.01047
2025-06-19 08:04:19+07:00,26.00000,78.60000,13.30000,19.50000,2.66700,404.14645
2025-06-19 08:05:08+07:00,26.00000,78.60000,13.50000,18.50000,2.62361,404.12354
2025-06-19 08:06:02+07:00,26.00000,78.60000,13.30000,18.50000,2.68577,404.11591
2025-06-19 08:06:51+07:00,26.10000,78.50000,13.60000,20.40000,2.76836,404.13879
2025-06-19 08:07:41+07:00,26.00000,78.60000,13.30000,19.40000,2.78124,404.10831
2025-06-19 08:08:31+07:00,26.00000,78.60000,13.80000,20.40000,2.82673,404.15411
2025-06-19 08:09:23+07:00,26.00000,78.60000,13.40000,19.00000,2.74273,404.14645
2025-06-19 08:10:13+07:00,26.00000,78.60000,13.70000,19.10000,2.62977,404.12354
2025-06-19 08:11:03+07:00,26.20000,78.30000,14.20000,19.40000,2.74273,404.11591
2025-06-19 08:11:52+07:00,26.20000,78.00000,13.20000,18.60000,2.81367,404.25482
2025-06-19 08:12:41+07:00,26.20000,78.00000,13.30000,18.80000,2.70465,404.13879
2025-06-19 08:13:31+07:00,26.10000,78.10000,12.80000,18.80000,2.82673,404.22363
2025-06-19 08:14:20+07:00,26.10000,78.20000,12.60000,19.40000,2.82673,404.08554
2025-06-19 08:15:10+07:00,26.10000,78.20000,13.50000,19.10000,2.70465,404.17719
2025-06-19 08:15:59+07:00,26.10000,78.20000,13.30000,18.10000,2.71729,404.16180
2025-06-19 08:16:48+07:00,26.10000,78.20000,13.90000,21.00000,2.77479,404.16180
2025-06-19 08:17:38+07:00,26.10000,78.20000,13.40000,18.20000,2.80066,404.21585
2025-06-19 08:18:27+07:00,26.10000,78.10000,13.20000,18.20000,2.76836,404.14645
2025-06-19 08:19:19+07:00,26.10000,78.10000,13.70000,20.90000,2.63595,404.16180
2025-06-19 08:21:11+07:00,26.10000,78.20000,13.60000,19.60000,2.74273,404.11591
2025-06-19 08:22:08+07:00,26.00000,78.30000,13.70000,20.80000,2.65454,404.03287
2025-06-19 08:22:59+07:00,26.10000,78.10000,13.00000,20.70000,2.67324,404.11591
2025-06-19 08:23:48+07:00,26.10000,78.10000,13.50000,18.30000,2.73635,403.92917
2025-06-19 08:24:38+07:00,26.10000,78.10000,13.90000,21.20000,2.80716,404.16180
2025-06-19 08:25:27+07:00,26.10000,78.10000,13.20000,18.90000,2.53854,404.13879
2025-06-19 08:26:17+07:00,26.10000,78.00000,13.70000,19.60000,2.71729,404.11591
2025-06-19 08:27:06+07:00,26.10000,78.00000,13.80000,20.60000,2.71729,404.13113
2025-06-19 08:27:56+07:00,26.10000,78.00000,13.40000,20.20000,2.75552,404.05536
2025-06-19 08:28:51+07:00,26.10000,78.00000,13.50000,20.20000,2.61746,404.10831
2025-06-19 08:29:41+07:00,26.10000,77.90000,12.90000,18.70000,2.74273,404.04785
2025-06-19 08:30:31+07:00,26.10000,77.70000,13.80000,20.00000,2.70465,404.14645
2025-06-19 08:31:20+07:00,26.20000,77.60000,13.50000,18.90000,2.74273,404.23141
2025-06-19 08:32:10+07:00,26.20000,77.60000,13.40000,20.40000,2.74912,404.13113
2025-06-19 08:32:59+07:00,26.20000,77.40000,14.40000,20.40000,2.76193,404.00299
2025-06-19 08:33:49+07:00,26.20000,77.50000,13.90000,19.50000,2.74912,404.00299
2025-06-19 08:34:42+07:00,26.10000,77.60000,13.40000,19.40000,2.56866,404.12354
2025-06-19 08:35:32+07:00,26.20000,77.60000,13.60000,20.50000,2.71729,404.09311
2025-06-19 08:36:28+07:00,26.20000,77.40000,13.90000,19.00000,2.72363,404.13113
2025-06-19 08:37:18+07:00,26.10000,77.60000,14.10000,19.70000,2.49685,404.01047
2025-06-19 08:38:07+07:00,26.10000,77.70000,13.80000,20.30000,2.74273,404.08554
2025-06-19 08:38:56+07:00,26.20000,77.50000,13.90000,20.00000,2.72363,404.10831
2025-06-19 08:39:46+07:00,26.20000,77.50000,13.80000,19.70000,2.70465,404.12354
2025-06-19 08:40:35+07:00,26.20000,77.50000,14.60000,21.20000,2.59907,404.01791
2025-06-19 08:41:24+07:00,26.20000,77.40000,14.50000,21.30000,2.67324,404.16180
2025-06-19 08:42:14+07:00,26.20000,77.40000,14.40000,24.10000,2.68577,404.04785
2025-06-19 08:43:03+07:00,26.20000,77.40000,14.60000,21.10000,2.81367,403.80624
2025-06-19 08:43:54+07:00,26.30000,77.20000,14.50000,21.80000,2.71729,404.16946
2025-06-19 08:44:44+07:00,26.20000,77.30000,14.10000,20.30000,2.64213,404.15411
2025-06-19 08:45:35+07:00,26.20000,77.30000,14.30000,19.10000,2.73635,404.04034
2025-06-19 08:46:24+07:00,26.20000,77.30000,15.10000,21.50000,2.78124,404.13879
2025-06-19 08:48:07+07:00,26.30000,77.30000,14.90000,21.90000,2.83983,404.18491
2025-06-19 08:48:57+07:00,26.30000,77.30000,14.50000,20.20000,2.72363,404.16180
2025-06-19 08:49:52+07:00,26.30000,77.10000,14.70000,21.00000,2.77479,404.17719
2025-06-19 08:51:37+07:00,26.40000,77.00000,14.70000,21.70000,2.78770,404.13879
2025-06-19 08:52:29+07:00,26.40000,76.90000,15.20000,21.20000,2.79418,404.13113
2025-06-19 08:53:19+07:00,26.40000,76.80000,15.80000,25.00000,2.56262,404.13879
2025-06-19 08:54:09+07:00,26.40000,76.90000,15.10000,22.30000,2.62977,404.18491
2025-06-19 08:54:59+07:00,26.40000,76.80000,14.80000,20.70000,2.61132,404.13113
2025-06-19 08:55:48+07:00,26.40000,76.90000,14.90000,20.60000,2.77479,404.19263
2025-06-19 08:56:38+07:00,26.30000,77.00000,15.20000,23.50000,2.72999,404.13113
2025-06-19 08:57:28+07:00,26.40000,77.00000,16.10000,22.70000,2.81367,404.14645
2025-06-19 08:58:17+07:00,26.40000,76.80000,15.50000,24.40000,2.58687,404.21585
2025-06-19 08:59:11+07:00,26.40000,76.80000,16.00000,22.50000,2.76193,404.16946
2025-06-19 09:00:01+07:00,26.40000,76.70000,15.70000,24.60000,2.73635,404.16180
2025-06-19 09:00:56+07:00,26.50000,76.70000,15.30000,21.80000,2.78770,404.13879
2025-06-19 09:01:50+07:00,26.40000,76.60000,15.40000,21.00000,2.76836,404.16946
2025-06-19 09:03:33+07:00,26.40000,76.90000,14.80000,21.40000,2.83327,404.07797
2025-06-19 09:04:23+07:00,26.40000,76.80000,15.20000,23.60000,2.78770,404.05536
2025-06-19 09:05:15+07:00,26.40000,76.80000,15.30000,23.60000,2.75552,404.16180
2025-06-19 09:06:05+07:00,26.40000,76.80000,15.70000,23.40000,2.67324,404.16946
2025-06-19 09:06:55+07:00,26.40000,76.90000,15.70000,24.50000,2.69834,404.14645
2025-06-19 09:07:44+07:00,26.40000,76.80000,15.50000,22.10000,2.77479,404.13113
2025-06-19 09:08:35+07:00,26.40000,76.80000,15.30000,22.70000,2.84641,404.14645
2025-06-19 09:10:25+07:00,26.50000,76.50000,16.50000,25.00000,2.56262,404.12354
2025-06-19 09:11:25+07:00,26.50000,76.50000,15.30000,21.90000,2.70465,404.08554
2025-06-19 09:12:26+07:00,26.50000,76.70000,15.70000,22.80000,2.63595,404.07797
2025-06-19 09:13:20+07:00,26.50000,76.60000,16.00000,22.80000,2.80066,404.01047
2025-06-19 09:14:15+07:00,26.50000,76.60000,16.00000,24.40000,2.74273,404.11591
2025-06-19 09:17:10+07:00,26.50000,76.60000,15.40000,21.60000,2.71729,404.02539
2025-06-19 09:19:06+07:00,26.50000,76.60000,16.20000,25.50000,2.66700,404.16180
2025-06-19 09:21:03+07:00,26.50000,76.40000,15.60000,21.20000,2.00322,403.89996
2025-06-19 09:21:59+07:00,26.50000,76.50000,16.20000,23.80000,2.53854,403.80624
2025-06-19 09:22:56+07:00,26.50000,76.70000,15.60000,22.30000,2.40364,404.19263
2025-06-19 09:25:52+07:00,26.60000,76.50000,15.50000,22.50000,2.82019,403.80624
2025-06-19 09:28:37+07:00,26.70000,76.20000,15.60000,22.20000,2.76193,404.05536
2025-06-19 09:29:29+07:00,26.70000,76.30000,15.80000,22.60000,2.70465,403.99557
2025-06-19 09:30:25+07:00,26.70000,76.30000,16.30000,24.90000,2.62361,403.99557
2025-06-19 09:31:17+07:00,26.70000,76.30000,15.00000,21.20000,2.62977,403.95856
2025-06-19 09:32:09+07:00,26.70000,76.40000,15.20000,22.00000,2.62361,404.15411
2025-06-19 09:33:11+07:00,26.60000,76.50000,15.50000,22.20000,2.69834,403.75656
2025-06-19 09:34:06+07:00,26.70000,76.40000,15.80000,23.10000,2.76836,404.10831
2025-06-19 09:35:01+07:00,26.70000,76.40000,15.30000,21.40000,2.47328,403.46948
2025-06-19 09:35:51+07:00,26.60000,76.50000,15.80000,22.60000,2.13023,403.46948
2025-06-19 09:36:46+07:00,26.70000,76.40000,14.60000,22.20000,2.40364,403.92917
2025-06-19 09:37:39+07:00,26.70000,76.40000,15.20000,22.60000,2.70465,404.24701
2025-06-19 09:39:30+07:00,26.70000,76.40000,15.20000,22.60000,2.76836,403.79910
2025-06-19 09:40:25+07:00,26.70000,76.40000,15.70000,25.60000,2.53854,404.14645
2025-06-19 09:41:19+07:00,26.80000,76.20000,15.10000,22.40000,2.64833,403.81339
2025-06-19 09:42:15+07:00,26.80000,76.20000,14.80000,21.90000,2.15114,403.56308
2025-06-19 09:43:10+07:00,26.70000,76.40000,15.40000,22.30000,2.71729,404.20035
2025-06-19 09:44:03+07:00,26.80000,76.40000,15.30000,21.20000,2.46742,404.26266
2025-06-19 09:45:01+07:00,26.80000,76.20000,16.20000,23.30000,2.78124,404.34961
2025-06-19 09:45:57+07:00,26.80000,76.20000,15.80000,21.50000,2.58687,404.05536
2025-06-19 09:46:50+07:00,26.80000,76.10000,15.60000,22.30000,2.80066,404.30991
2025-06-19 09:47:41+07:00,26.80000,76.20000,15.20000,21.50000,2.56262,404.16946
2025-06-19 09:48:38+07:00,26.80000,76.10000,15.70000,22.50000,2.44407,404.20810
2025-06-19 09:50:25+07:00,26.80000,76.10000,16.50000,24.80000,2.62361,404.16180
2025-06-19 09:51:21+07:00,26.80000,76.10000,16.40000,23.40000,2.82673,404.26266
2025-06-19 09:52:15+07:00,26.80000,76.10000,15.80000,24.00000,2.71096,404.18491
2025-06-19 09:53:10+07:00,26.90000,76.10000,15.70000,23.30000,2.67324,404.08554
2025-06-19 09:54:00+07:00,26.90000,76.10000,15.70000,22.60000,2.76193,404.18491
2025-06-19 09:54:54+07:00,26.90000,76.20000,15.80000,23.80000,2.80716,404.13113
2025-06-19 09:55:44+07:00,26.80000,76.20000,15.70000,20.60000,2.78124,404.21585
2025-06-19 09:56:36+07:00,26.90000,76.40000,15.80000,22.70000,2.87281,404.22363
2025-06-19 09:57:29+07:00,26.80000,76.30000,15.50000,23.00000,2.73635,404.26266
2025-06-19 09:58:21+07:00,26.90000,76.30000,15.70000,23.50000,2.84641,404.21585
2025-06-19 09:59:11+07:00,26.80000,76.30000,15.90000,22.90000,2.83983,404.19263
2025-06-19 10:00:05+07:00,26.80000,76.40000,15.30000,22.50000,2.82019,404.12354
2025-06-19 10:01:00+07:00,26.80000,76.40000,16.00000,23.00000,2.51465,404.20810
2025-06-19 10:01:56+07:00,26.90000,76.40000,16.10000,22.80000,2.87945,404.25482
2025-06-19 10:04:53+07:00,26.90000,76.40000,16.20000,22.80000,2.83983,404.24701
2025-06-19 10:09:37+07:00,26.90000,76.50000,15.50000,21.10000,2.66700,404.16180
2025-06-19 10:10:32+07:00,26.90000,76.60000,15.90000,22.90000,2.77479,404.19263
2025-06-19 10:11:23+07:00,26.90000,76.60000,15.90000,25.00000,2.76193,404.13879
2025-06-19 10:12:18+07:00,26.90000,76.40000,15.80000,22.50000,2.75552,404.05536
2025-06-19 10:14:11+07:00,26.90000,76.50000,15.80000,24.70000,2.49094,403.32645
2025-06-19 10:15:08+07:00,26.90000,76.40000,16.40000,22.50000,2.78770,404.23141
2025-06-19 10:16:01+07:00,27.00000,76.50000,17.10000,23.30000,2.74273,404.22363
2025-06-19 10:17:01+07:00,26.90000,76.50000,15.90000,22.80000,2.69834,403.84207
2025-06-19 10:17:55+07:00,27.00000,76.30000,16.50000,22.80000,2.29661,404.17719
2025-06-19 10:18:52+07:00,27.00000,76.50000,17.10000,23.70000,2.64833,403.94385
2025-06-19 10:19:48+07:00,27.00000,76.10000,16.70000,23.80000,2.61132,403.74246
2025-06-19 10:20:39+07:00,27.00000,76.40000,16.20000,25.60000,2.45572,404.20035
2025-06-19 10:21:33+07:00,27.00000,76.30000,16.20000,22.10000,2.81367,404.13879
2025-06-19 10:22:30+07:00,26.90000,76.30000,17.00000,24.30000,2.81367,404.27838
2025-06-19 10:23:25+07:00,26.90000,76.40000,17.60000,23.40000,2.81367,404.33368
2025-06-19 10:24:17+07:00,26.90000,76.40000,16.60000,23.00000,2.82019,404.20810
2025-06-19 10:25:14+07:00,26.90000,76.50000,16.70000,22.60000,2.83983,404.29410
2025-06-19 10:26:09+07:00,26.90000,76.40000,18.10000,25.30000,2.74912,404.27051
2025-06-19 10:27:02+07:00,27.00000,76.10000,18.50000,25.80000,2.83983,404.20810
2025-06-19 10:27:58+07:00,27.00000,76.00000,17.50000,24.50000,2.74912,404.18491
2025-06-19 10:28:54+07:00,27.00000,76.00000,16.40000,23.90000,2.78770,404.18491
2025-06-19 10:29:53+07:00,27.00000,75.20000,16.70000,23.50000,2.73635,404.03287
2025-06-19 10:30:45+07:00,27.10000,75.50000,15.70000,23.70000,2.80066,403.82053
2025-06-19 10:31:41+07:00,27.10000,74.70000,16.10000,21.60000,2.69834,403.59702
2025-06-19 10:32:35+07:00,27.10000,75.40000,16.20000,24.10000,2.71096,403.92917
2025-06-19 10:33:33+07:00,27.10000,75.60000,15.20000,23.80000,2.72363,403.39084
2025-06-19 10:34:30+07:00,27.10000,74.90000,15.90000,23.30000,2.59297,403.33926
2025-06-19 10:35:24+07:00,27.10000,74.80000,14.90000,20.50000,2.72363,404.01791
2025-06-19 10:36:23+07:00,27.10000,74.70000,15.00000,21.00000,2.66700,404.01047
2025-06-19 10:37:17+07:00,27.10000,74.20000,15.40000,21.50000,2.73635,403.63123
2025-06-19 10:38:18+07:00,27.10000,74.30000,14.60000,20.60000,2.64213,403.98816
2025-06-19 10:39:19+07:00,27.10000,73.80000,15.40000,23.10000,2.71729,403.89267
2025-06-19 10:40:17+07:00,27.10000,74.80000,15.40000,22.80000,2.50871,403.84927
2025-06-19 10:43:08+07:00,27.10000,74.90000,15.70000,21.70000,2.57472,403.84927
2025-06-19 10:44:00+07:00,27.10000,75.30000,15.20000,25.00000,2.65454,403.91455
2025-06-19 10:45:00+07:00,27.10000,75.00000,14.50000,21.20000,2.66076,403.89996
2025-06-19 10:45:57+07:00,27.10000,74.80000,15.50000,21.20000,2.43826,404.01791
2025-06-19 10:47:54+07:00,27.10000,75.00000,14.50000,19.90000,2.58687,404.15411
2025-06-19 10:49:45+07:00,27.10000,74.40000,14.20000,20.70000,2.67950,403.98816
2025-06-19 10:50:38+07:00,27.10000,73.70000,14.80000,19.80000,2.65454,403.98816
2025-06-19 10:51:29+07:00,27.10000,73.70000,14.10000,20.40000,2.71729,403.92184
2025-06-19 10:52:21+07:00,27.10000,73.50000,14.70000,21.10000,2.75552,403.89267
2025-06-19 10:53:19+07:00,27.10000,74.30000,14.10000,20.10000,2.56262,403.88541
2025-06-19 10:54:14+07:00,27.10000,74.00000,14.50000,19.60000,2.59907,403.89267
2025-06-19 10:55:08+07:00,27.10000,74.00000,15.40000,20.60000,2.59907,403.91455
2025-06-19 10:56:02+07:00,27.00000,74.40000,14.80000,20.30000,2.64833,403.86368
2025-06-19 10:56:57+07:00,27.00000,74.70000,15.40000,20.60000,2.63595,403.92917
2025-06-19 10:57:48+07:00,27.00000,75.30000,14.80000,22.80000,2.67324,404.01047
2025-06-19 10:58:42+07:00,27.10000,75.40000,14.90000,22.10000,2.64833,403.92917
2025-06-19 10:59:36+07:00,27.10000,75.20000,14.40000,21.70000,2.67324,404.15411
2025-06-19 11:00:31+07:00,27.10000,75.10000,14.80000,20.20000,2.67324,404.11591
2025-06-19 11:02:26+07:00,27.10000,75.20000,14.30000,21.30000,2.72999,404.16946
2025-06-19 11:03:20+07:00,27.10000,75.00000,14.80000,20.40000,2.67324,404.07043
2025-06-19 11:05:13+07:00,27.20000,74.60000,14.20000,19.10000,2.66076,404.01791
2025-06-19 11:07:02+07:00,27.10000,74.90000,14.20000,21.30000,2.59907,403.92917
2025-06-19 11:07:59+07:00,27.10000,74.50000,13.50000,19.10000,2.45572,403.95120
2025-06-19 11:08:52+07:00,27.10000,74.60000,14.40000,21.70000,2.63595,403.88541
2025-06-19 11:09:46+07:00,27.10000,74.60000,14.20000,20.00000,2.61132,403.91455
2025-06-19 11:10:39+07:00,27.10000,74.80000,14.40000,20.30000,2.66076,403.98816
2025-06-19 11:11:30+07:00,27.10000,74.70000,14.40000,21.10000,2.58687,403.96594
2025-06-19 11:12:30+07:00,27.10000,75.00000,13.70000,19.30000,2.52658,404.06290
2025-06-19 11:13:22+07:00,27.10000,75.00000,13.50000,19.10000,2.53854,403.98816
2025-06-19 11:14:20+07:00,27.10000,75.00000,14.40000,21.20000,2.64213,404.01047
2025-06-19 11:17:12+07:00,27.10000,75.20000,14.60000,20.10000,2.58687,403.92917
2025-06-19 11:36:40+07:00,27.20000,74.70000,13.60000,17.70000,2.23101,403.59021
2025-06-19 11:40:22+07:00,27.30000,74.10000,13.00000,17.80000,2.50871,404.01047
2025-06-19 11:41:19+07:00,27.30000,74.20000,13.10000,20.90000,2.62361,404.01047
2025-06-19 11:42:12+07:00,27.30000,74.40000,12.70000,21.20000,2.36375,403.85648
2025-06-19 11:43:01+07:00,27.30000,74.20000,13.00000,17.50000,2.47328,403.59702
2025-06-19 11:43:51+07:00,27.20000,74.30000,13.60000,18.00000,2.40364,403.92917
2025-06-19 11:44:40+07:00,27.30000,74.10000,12.70000,16.30000,2.49685,403.63809
2025-06-19 11:45:30+07:00,27.30000,74.60000,12.30000,17.60000,2.43246,403.92917
2025-06-19 11:46:20+07:00,27.30000,74.40000,13.40000,20.20000,2.40364,403.71439
2025-06-19 11:47:10+07:00,27.30000,74.40000,12.70000,18.40000,1.96877,403.69345
2025-06-19 11:47:59+07:00,27.30000,74.10000,13.20000,18.40000,2.55056,403.67261
2025-06-19 11:48:49+07:00,27.30000,73.80000,12.50000,17.90000,2.43826,403.63123
2025-06-19 11:49:38+07:00,27.30000,74.20000,13.80000,19.90000,2.37509,403.54959
2025-06-19 11:50:27+07:00,27.30000,73.90000,13.00000,20.70000,2.52061,403.93649
2025-06-19 11:51:17+07:00,27.30000,73.90000,12.50000,17.60000,2.19344,403.87817
2025-06-19 11:52:06+07:00,27.30000,73.80000,12.50000,18.00000,2.41513,403.89996
2025-06-19 11:52:55+07:00,27.30000,74.10000,12.80000,18.50000,2.13544,403.74948
2025-06-19 11:53:45+07:00,27.40000,74.00000,13.00000,18.70000,2.31325,403.64499
2025-06-19 11:54:34+07:00,27.40000,74.50000,12.60000,18.60000,2.10433,403.86368
2025-06-19 11:55:24+07:00,27.40000,74.60000,12.10000,16.50000,2.32439,403.06677
2025-06-19 11:56:13+07:00,27.40000,74.50000,12.50000,19.40000,2.25815,403.79910
2025-06-19 11:57:02+07:00,27.40000,74.20000,12.60000,18.40000,2.35809,403.73541
2025-06-19 11:57:55+07:00,27.40000,74.20000,11.90000,17.10000,2.06849,403.92184
2025-06-19 11:58:44+07:00,27.40000,74.30000,12.50000,16.40000,2.30769,403.76361
2025-06-19 11:59:34+07:00,27.40000,74.30000,12.20000,17.20000,2.16692,403.81339
2025-06-19 12:00:26+07:00,27.40000,74.00000,12.90000,18.40000,2.33558,403.62436
2025-06-19 12:01:16+07:00,27.40000,74.10000,12.30000,17.40000,2.17221,403.96594
2025-06-19 12:02:06+07:00,27.40000,74.20000,11.80000,17.50000,1.97366,403.61066
2025-06-19 12:02:56+07:00,27.40000,73.70000,11.80000,17.70000,2.28557,403.51602
2025-06-19 12:03:46+07:00,27.40000,73.90000,12.40000,18.20000,2.01315,403.29462
2025-06-19 12:04:38+07:00,27.40000,73.80000,12.40000,19.30000,2.09918,403.78488
2025-06-19 12:05:28+07:00,27.40000,73.80000,12.20000,17.10000,2.55056,404.14645
2025-06-19 12:06:17+07:00,27.40000,73.70000,13.20000,19.60000,2.19344,403.77069
2025-06-19 12:07:08+07:00,27.50000,74.00000,12.60000,16.90000,2.38648,404.04785
2025-06-19 12:07:59+07:00,27.50000,73.50000,12.10000,16.30000,2.51465,403.99557
2025-06-19 12:08:48+07:00,27.50000,73.70000,12.70000,17.70000,2.61132,403.00745
2025-06-19 12:09:38+07:00,27.50000,73.80000,12.20000,17.00000,2.58079,404.26266
2025-06-19 12:10:28+07:00,27.50000,73.80000,12.50000,17.20000,2.54454,404.23141
2025-06-19 12:11:17+07:00,27.50000,73.90000,12.90000,16.50000,2.62361,404.18491
2025-06-19 12:12:09+07:00,27.50000,74.10000,11.70000,17.30000,2.62361,404.15411
2025-06-19 12:12:59+07:00,27.50000,73.90000,12.40000,16.70000,2.62977,404.05536
2025-06-19 12:13:48+07:00,27.50000,74.00000,12.30000,17.60000,2.42090,404.30200
2025-06-19 12:14:41+07:00,27.50000,74.00000,12.50000,17.10000,2.58079,404.20035
2025-06-19 12:15:31+07:00,27.50000,74.10000,12.90000,17.80000,2.49094,404.21585
2025-06-19 12:16:20+07:00,27.50000,73.90000,12.10000,17.80000,2.36941,404.17719
2025-06-19 12:17:10+07:00,27.50000,74.10000,11.90000,14.90000,2.51465,403.98816
2025-06-19 12:18:04+07:00,27.50000,74.10000,11.50000,15.20000,2.19344,403.98074
2025-06-19 12:19:53+07:00,27.50000,74.10000,12.10000,16.40000,2.48504,403.98816
2025-06-19 12:20:44+07:00,27.50000,74.00000,12.00000,18.20000,2.40364,403.77069
2025-06-19 12:21:34+07:00,27.50000,74.00000,12.00000,16.60000,2.49094,404.26266
2025-06-19 12:22:26+07:00,27.50000,73.80000,12.00000,17.30000,2.52061,404.18491
2025-06-19 12:23:16+07:00,27.50000,73.90000,11.50000,16.10000,2.56866,404.01791
2025-06-19 12:24:05+07:00,27.50000,73.90000,11.80000,15.20000,2.52061,404.20035
2025-06-19 12:24:54+07:00,27.60000,73.80000,11.90000,17.60000,2.56866,403.46286
2025-06-19 12:25:44+07:00,27.60000,73.50000,12.20000,16.10000,2.56866,404.20810
2025-06-19 12:26:34+07:00,27.60000,73.70000,11.90000,17.50000,2.52658,404.17719
2025-06-19 12:27:24+07:00,27.50000,73.50000,12.60000,17.70000,2.36941,404.16180
2025-06-19 12:28:14+07:00,27.60000,73.60000,12.00000,18.40000,2.56866,404.16946
2025-06-19 12:29:04+07:00,27.60000,73.40000,12.30000,17.20000,2.58079,404.01791
2025-06-19 12:29:54+07:00,27.60000,73.60000,12.40000,16.80000,2.50278,404.10071
2025-06-19 12:30:43+07:00,27.60000,73.70000,12.20000,15.90000,2.28006,404.13113
2025-06-19 12:31:45+07:00,27.60000,73.70000,12.30000,17.70000,2.28557,404.16180
2025-06-19 12:32:39+07:00,27.60000,73.40000,11.50000,15.40000,2.34119,404.01047
2025-06-19 12:33:35+07:00,27.60000,73.40000,11.90000,16.40000,2.33558,403.86368
2025-06-19 12:34:25+07:00,27.60000,73.30000,12.40000,16.70000,2.58687,404.05536
2025-06-19 12:35:18+07:00,27.60000,73.30000,12.10000,16.10000,2.58079,404.12354
2025-06-19 12:36:15+07:00,27.60000,73.60000,12.80000,19.10000,2.25815,403.65186
2025-06-19 12:37:04+07:00,27.60000,73.70000,12.00000,17.10000,2.55056,404.16180
2025-06-19 12:37:56+07:00,27.60000,73.80000,12.60000,17.90000,2.59907,404.13113
2025-06-19 12:39:43+07:00,27.60000,73.50000,12.90000,20.00000,2.50871,404.01047
2025-06-19 12:40:32+07:00,27.60000,73.90000,12.40000,17.20000,2.52658,403.73541
2025-06-19 12:41:22+07:00,27.60000,73.90000,12.60000,17.70000,2.48504,404.00299
2025-06-19 12:42:11+07:00,27.60000,73.90000,12.20000,17.50000,2.34119,404.15411
2025-06-19 12:43:01+07:00,27.60000,73.70000,11.70000,15.50000,2.40364,404.12354
2025-06-19 12:43:51+07:00,27.60000,73.70000,12.60000,16.70000,2.47328,404.02539
2025-06-19 12:44:40+07:00,27.60000,73.70000,12.90000,17.70000,2.25270,404.01791
2025-06-19 12:45:30+07:00,27.60000,73.70000,11.90000,16.20000,2.55658,404.20035
2025-06-19 12:46:24+07:00,27.60000,73.70000,12.50000,17.50000,2.54454,404.15411
2025-06-19 12:47:13+07:00,27.60000,73.90000,12.40000,17.90000,2.52061,404.18491
2025-06-19 12:48:03+07:00,27.60000,73.80000,12.10000,17.00000,2.52061,403.92184
2025-06-19 12:48:52+07:00,27.60000,73.60000,11.70000,15.80000,2.56262,403.86368
2025-06-19 12:49:42+07:00,27.60000,73.80000,11.80000,14.40000,2.42667,404.13113
2025-06-19 12:51:32+07:00,27.60000,73.90000,12.00000,16.60000,2.56866,404.11591
2025-06-19 12:52:24+07:00,27.60000,73.90000,12.40000,17.10000,2.51465,404.19263
2025-06-19 12:53:17+07:00,27.60000,73.90000,12.10000,17.10000,2.52061,404.20035
2025-06-19 12:54:07+07:00,27.60000,73.60000,11.60000,14.10000,2.61132,404.20035
2025-06-19 12:54:56+07:00,27.60000,73.70000,12.10000,16.90000,2.56866,404.19263
2025-06-19 12:55:46+07:00,27.60000,73.90000,11.80000,16.50000,2.55056,404.13879
2025-06-19 12:56:38+07:00,27.60000,73.90000,12.80000,17.10000,2.52658,404.22363
2025-06-19 12:57:32+07:00,27.60000,74.00000,11.70000,16.50000,2.55056,404.05536
2025-06-19 12:58:26+07:00,27.60000,74.10000,12.00000,16.40000,2.49094,404.04034
2025-06-19 12:59:23+07:00,27.60000,73.90000,11.80000,14.80000,2.51465,403.77777
2025-06-19 13:00:18+07:00,27.60000,73.90000,12.10000,16.70000,2.56262,404.27051
2025-06-19 13:01:14+07:00,27.60000,73.90000,11.60000,14.70000,2.24184,404.18491
2025-06-19 13:02:10+07:00,27.60000,74.00000,12.50000,17.60000,2.57472,404.19263
2025-06-19 13:03:05+07:00,27.60000,74.00000,12.20000,16.70000,2.64833,404.27051
2025-06-19 13:04:03+07:00,27.60000,73.90000,12.10000,16.00000,2.58079,404.30200
2025-06-19 13:04:57+07:00,27.60000,74.00000,12.60000,18.50000,2.59297,404.21585
2025-06-19 13:09:48+07:00,27.60000,74.00000,12.30000,17.30000,2.52061,404.16180
2025-06-19 13:10:48+07:00,27.60000,73.80000,12.30000,18.40000,2.42667,404.13879
2025-06-19 13:11:50+07:00,27.50000,74.10000,11.70000,15.20000,2.57472,404.15411
2025-06-19 13:12:48+07:00,27.60000,74.10000,11.70000,15.30000,2.47328,404.16180
2025-06-19 13:14:47+07:00,27.60000,74.20000,12.00000,15.80000,2.67950,404.20035
2025-06-19 13:15:37+07:00,27.50000,74.20000,12.80000,17.60000,2.55658,404.19263
2025-06-19 13:16:27+07:00,27.60000,73.90000,12.00000,15.70000,2.60519,404.19263
2025-06-19 13:17:18+07:00,27.60000,74.20000,11.60000,14.60000,2.58687,403.55634
2025-06-19 13:20:00+07:00,27.60000,74.20000,12.70000,16.10000,2.55056,404.24701
2025-06-19 13:20:49+07:00,27.60000,74.40000,11.90000,15.80000,2.59297,404.16946
2025-06-19 13:21:41+07:00,27.50000,74.10000,12.30000,18.00000,2.62977,404.06290
2025-06-19 13:22:32+07:00,27.50000,74.30000,12.10000,16.70000,2.14066,404.16946
2025-06-19 13:23:25+07:00,27.50000,74.40000,12.30000,15.90000,2.39219,404.04785
2025-06-19 13:25:10+07:00,27.50000,74.30000,12.30000,16.10000,2.61132,404.23920
2025-06-19 13:26:03+07:00,27.50000,74.20000,11.60000,15.40000,2.51465,404.19263
2025-06-19 13:26:52+07:00,27.50000,74.70000,12.40000,17.90000,2.55056,404.23920
2025-06-19 13:27:43+07:00,27.50000,74.60000,12.30000,17.00000,2.56262,404.20810
2025-06-19 13:28:37+07:00,27.50000,74.50000,11.70000,16.60000,2.52061,404.04785
2025-06-19 13:29:32+07:00,27.50000,74.00000,12.30000,16.80000,2.30214,404.20810
2025-06-19 13:30:30+07:00,27.50000,74.00000,12.00000,18.00000,2.36375,404.27051
2025-06-19 13:31:22+07:00,27.50000,74.60000,12.20000,17.20000,2.65454,404.24701
2025-06-19 13:32:12+07:00,27.50000,74.60000,12.60000,20.00000,2.58079,404.19263
2025-06-19 13:33:03+07:00,27.50000,74.40000,12.60000,20.90000,2.44989,404.27838
2025-06-19 13:33:59+07:00,27.60000,74.30000,12.80000,16.70000,2.63595,404.28622
2025-06-19 13:34:54+07:00,27.60000,74.30000,12.50000,16.90000,2.20948,404.17719
2025-06-19 13:36:41+07:00,27.70000,74.20000,11.80000,14.80000,2.27457,404.27051
2025-06-19 13:37:31+07:00,27.60000,74.40000,12.70000,16.80000,2.29108,404.25482
2025-06-19 13:38:21+07:00,27.60000,74.50000,12.60000,17.30000,2.64213,404.30200
2025-06-19 13:40:05+07:00,27.60000,74.30000,12.20000,17.50000,2.21485,404.33368
2025-06-19 13:40:58+07:00,27.50000,74.70000,11.90000,15.80000,2.56866,404.47052
2025-06-19 13:41:50+07:00,27.50000,74.80000,12.70000,17.90000,2.65454,404.43799
2025-06-19 13:42:39+07:00,27.50000,74.10000,11.70000,16.80000,2.64213,404.46237
2025-06-19 13:43:29+07:00,27.60000,74.50000,12.40000,16.00000,2.55056,404.47867
2025-06-19 13:44:20+07:00,27.50000,74.30000,12.50000,16.20000,2.58687,404.54440
2025-06-19 13:45:15+07:00,27.60000,74.60000,12.10000,16.50000,2.42667,404.47867
2025-06-19 13:46:05+07:00,27.50000,74.30000,11.90000,16.90000,2.62977,404.42990
2025-06-19 13:46:54+07:00,27.50000,74.20000,12.10000,17.70000,2.50871,404.41376
2025-06-19 13:47:45+07:00,27.50000,74.40000,12.50000,17.90000,2.52658,404.44611
2025-06-19 13:48:37+07:00,27.50000,74.30000,12.30000,16.20000,2.58079,404.27838
2025-06-19 13:49:29+07:00,27.50000,74.30000,12.10000,16.30000,2.56866,404.51965
2025-06-19 13:50:19+07:00,27.50000,74.40000,13.00000,19.30000,2.64833,404.47052
2025-06-19 13:51:08+07:00,27.50000,74.40000,12.70000,18.20000,2.49094,404.46237
2025-06-19 13:51:58+07:00,27.50000,74.40000,11.80000,15.20000,2.64833,404.46237
2025-06-19 13:52:52+07:00,27.50000,74.30000,12.20000,16.40000,2.52061,404.45422
2025-06-19 13:53:42+07:00,27.50000,74.30000,12.40000,15.50000,2.70465,404.43799
2025-06-19 13:54:31+07:00,27.50000,74.30000,12.20000,15.90000,2.55056,404.46237
2025-06-19 13:55:25+07:00,27.50000,73.90000,12.40000,16.20000,2.53255,404.49503
2025-06-19 13:56:17+07:00,27.50000,74.30000,12.00000,15.50000,2.54454,404.50323
2025-06-19 13:57:06+07:00,27.50000,73.80000,11.40000,15.20000,2.69834,404.42990
2025-06-19 13:59:58+07:00,27.50000,73.60000,12.30000,17.40000,2.63595,404.40570
2025-06-19 14:01:47+07:00,27.50000,74.10000,12.40000,16.40000,2.55658,404.36557
2025-06-19 14:02:38+07:00,27.50000,74.00000,12.00000,16.30000,2.53854,404.36557
2025-06-19 14:03:28+07:00,27.50000,74.20000,12.10000,16.00000,2.56262,404.28622
2025-06-19 14:04:26+07:00,27.50000,74.00000,12.20000,17.70000,2.61132,404.27838
2025-06-19 14:05:17+07:00,27.50000,74.10000,11.80000,16.50000,2.68577,404.23920
2025-06-19 14:06:09+07:00,27.50000,73.80000,11.20000,15.20000,2.65454,404.22363
2025-06-19 14:06:59+07:00,27.50000,73.70000,12.70000,17.60000,2.56262,404.22363
2025-06-19 14:07:49+07:00,27.50000,73.60000,10.90000,14.00000,2.64213,404.23141
2025-06-19 14:08:41+07:00,27.50000,73.70000,11.00000,14.00000,2.62977,404.14645
2025-06-19 14:09:31+07:00,27.50000,73.90000,12.10000,16.50000,2.48504,404.00299
2025-06-19 14:10:24+07:00,27.40000,73.60000,12.70000,18.20000,2.62361,404.26266
2025-06-19 14:11:18+07:00,27.40000,73.20000,11.90000,17.10000,2.56262,404.08554
2025-06-19 14:12:07+07:00,27.40000,73.20000,11.70000,16.80000,2.62977,404.16180
2025-06-19 14:13:00+07:00,27.40000,73.40000,11.50000,15.50000,2.56866,404.01791
2025-06-19 14:13:51+07:00,27.40000,72.90000,11.10000,14.00000,2.48504,404.05536
2025-06-19 14:14:44+07:00,27.40000,72.90000,11.30000,16.20000,2.61132,404.11591
2025-06-19 14:15:38+07:00,27.40000,72.70000,11.20000,14.90000,2.57472,404.01791
2025-06-19 14:17:32+07:00,27.40000,72.80000,11.00000,16.20000,2.44989,402.97229
2025-06-19 14:18:22+07:00,27.40000,72.50000,11.00000,16.20000,2.30214,404.01791
2025-06-19 14:19:18+07:00,27.40000,72.50000,11.50000,16.00000,1.86356,403.77069
2025-06-19 14:20:08+07:00,27.50000,72.30000,11.20000,16.00000,2.55056,404.16946
2025-06-19 14:21:00+07:00,27.50000,72.20000,11.40000,14.80000,2.56262,404.13879
2025-06-19 14:22:46+07:00,27.60000,72.60000,10.70000,15.10000,2.27457,402.55521
2025-06-19 14:23:40+07:00,27.50000,71.30000,10.10000,15.50000,2.09404,403.49603
2025-06-19 14:24:31+07:00,27.50000,70.40000,10.70000,13.90000,2.02813,404.23141
2025-06-19 14:25:29+07:00,27.50000,70.20000,9.60000,14.70000,2.50278,404.23920
2025-06-19 14:26:19+07:00,27.60000,70.40000,9.70000,13.60000,2.64833,404.25482
2025-06-19 14:27:08+07:00,27.50000,69.30000,9.80000,16.90000,2.45572,403.82053
2025-06-19 14:28:03+07:00,27.50000,69.20000,9.30000,14.00000,2.39219,403.41037
2025-06-19 14:28:55+07:00,27.50000,69.50000,9.40000,13.00000,2.30214,403.99557
2025-06-19 14:29:47+07:00,27.50000,69.10000,9.70000,13.90000,2.46156,403.38437
2025-06-19 14:30:40+07:00,27.50000,69.40000,9.80000,13.90000,2.38648,404.09311
2025-06-19 14:31:36+07:00,27.50000,69.10000,9.20000,13.10000,2.43246,403.96594
2025-06-19 14:32:30+07:00,27.50000,68.80000,9.60000,20.50000,2.54454,403.70740
2025-06-19 14:33:23+07:00,27.60000,69.00000,9.30000,13.50000,2.25815,404.01791
2025-06-19 14:34:17+07:00,27.60000,68.70000,9.00000,13.00000,2.48504,404.17719
2025-06-19 14:35:11+07:00,27.60000,69.10000,8.70000,12.90000,2.45572,403.56308
2025-06-19 14:36:04+07:00,27.50000,68.80000,9.00000,13.60000,2.30214,403.65186
2025-06-19 14:36:54+07:00,27.50000,68.20000,9.00000,13.90000,2.10949,403.57663
2025-06-19 14:37:44+07:00,27.50000,68.20000,9.40000,14.90000,2.52061,404.18491
2025-06-19 14:38:39+07:00,27.50000,68.50000,9.30000,13.60000,2.46742,404.17719
2025-06-19 14:39:35+07:00,27.50000,68.20000,9.60000,13.80000,2.42090,403.91455
2025-06-19 14:40:25+07:00,27.50000,68.40000,9.60000,14.90000,2.45572,404.16180
2025-06-19 14:41:16+07:00,27.50000,68.60000,8.90000,11.40000,2.45572,403.87091
2025-06-19 14:42:06+07:00,27.50000,68.00000,9.30000,13.00000,2.44407,404.01791
2025-06-19 14:42:59+07:00,27.50000,68.10000,9.20000,13.80000,2.47328,403.99557
2025-06-19 14:43:49+07:00,27.50000,68.00000,9.70000,13.80000,2.44989,403.91455
2025-06-19 14:44:44+07:00,27.50000,68.50000,9.80000,16.10000,2.50278,404.01791
2025-06-19 14:45:36+07:00,27.60000,67.90000,10.60000,14.00000,2.42090,403.89996
2025-06-19 14:46:32+07:00,27.60000,68.20000,10.30000,16.40000,2.45572,404.00299
2025-06-19 14:47:22+07:00,27.60000,68.10000,9.70000,14.10000,2.47328,403.91455
2025-06-19 14:48:14+07:00,27.50000,68.60000,10.30000,14.10000,2.47916,403.90726
2025-06-19 14:49:04+07:00,27.50000,69.00000,9.90000,14.20000,2.44989,404.00299
2025-06-19 14:49:55+07:00,27.60000,69.00000,10.60000,14.10000,2.46742,403.98816
2025-06-19 14:50:46+07:00,27.60000,70.70000,10.50000,14.60000,2.43826,403.84927
2025-06-19 14:51:38+07:00,27.60000,68.50000,11.20000,17.60000,2.43826,403.76361
2025-06-19 14:52:27+07:00,27.50000,69.70000,11.90000,17.20000,2.39219,404.01791
2025-06-19 14:53:19+07:00,27.50000,70.60000,11.30000,14.30000,2.44407,404.13879
2025-06-19 14:54:13+07:00,27.40000,69.80000,11.10000,15.30000,2.39791,403.98074
2025-06-19 14:55:04+07:00,27.40000,70.60000,11.70000,16.60000,2.38078,404.01791
2025-06-19 14:55:54+07:00,27.40000,70.90000,11.30000,15.10000,2.44989,404.11591
2025-06-19 14:56:44+07:00,27.40000,70.90000,10.90000,15.80000,2.44407,404.13113
2025-06-19 14:57:33+07:00,27.50000,71.00000,11.30000,16.40000,2.38648,403.95120
2025-06-19 14:58:23+07:00,27.50000,70.20000,10.80000,15.70000,2.30769,403.92917
2025-06-19 14:59:12+07:00,27.50000,70.10000,10.90000,16.10000,2.46156,403.91455
2025-06-19 15:00:05+07:00,27.50000,69.90000,11.30000,17.00000,2.42667,403.92917
2025-06-19 15:01:00+07:00,27.50000,70.90000,11.50000,14.90000,2.44989,404.00299
2025-06-19 15:01:49+07:00,27.50000,71.40000,10.20000,13.70000,2.45572,403.84207
2025-06-19 15:02:42+07:00,27.50000,70.70000,10.10000,16.00000,2.42667,403.89996
2025-06-19 15:03:39+07:00,27.50000,69.90000,10.90000,14.80000,2.39791,403.98816
2025-06-19 15:04:29+07:00,27.50000,69.10000,10.90000,17.40000,2.43826,403.84927
2025-06-19 15:05:19+07:00,27.40000,69.40000,11.00000,16.50000,2.40938,403.88541
2025-06-19 15:06:09+07:00,27.50000,69.90000,11.60000,14.80000,2.42090,403.92184
2025-06-19 15:06:58+07:00,27.50000,69.40000,11.10000,14.90000,2.38648,403.89267
2025-06-19 15:07:48+07:00,27.50000,69.00000,10.70000,15.80000,2.40938,403.83487
2025-06-19 15:08:37+07:00,27.50000,68.90000,11.60000,16.30000,2.41513,403.86368
2025-06-19 15:09:31+07:00,27.50000,69.30000,11.10000,16.10000,2.43246,403.81339
2025-06-19 15:10:28+07:00,27.50000,69.20000,10.10000,14.60000,2.43826,403.43655
2025-06-19 15:11:22+07:00,27.50000,70.40000,11.20000,14.90000,2.43246,403.92184
2025-06-19 15:12:13+07:00,27.40000,70.30000,10.60000,14.20000,2.42667,403.88541
2025-06-19 15:13:06+07:00,27.40000,69.70000,11.00000,15.60000,2.49685,403.91455
2025-06-19 15:14:00+07:00,27.40000,69.80000,11.30000,16.00000,2.36941,403.92184
2025-06-19 15:14:50+07:00,27.50000,69.50000,11.10000,17.40000,2.35245,403.84927
2025-06-19 15:15:44+07:00,27.40000,69.50000,11.20000,16.40000,2.41513,403.83487
2025-06-19 15:16:38+07:00,27.40000,69.70000,11.50000,14.30000,2.25815,403.74948
2025-06-19 15:17:39+07:00,27.40000,69.40000,11.80000,16.90000,2.29661,403.88541
2025-06-19 15:18:29+07:00,27.40000,69.60000,11.20000,15.00000,2.22022,403.74948
2025-06-19 15:19:22+07:00,27.40000,69.80000,11.40000,17.90000,2.42090,403.89267
2025-06-19 15:20:12+07:00,27.40000,69.70000,10.40000,14.30000,2.37509,403.86368
2025-06-19 15:21:03+07:00,27.40000,69.80000,11.50000,15.40000,2.42090,403.84207
2025-06-19 15:22:04+07:00,27.40000,69.70000,11.40000,16.30000,2.36375,403.88541
2025-06-19 15:23:02+07:00,27.40000,69.70000,11.30000,15.80000,2.39791,403.87817
2025-06-19 15:23:52+07:00,27.40000,69.70000,11.90000,16.70000,2.41513,403.84207
2025-06-19 15:24:41+07:00,27.40000,70.20000,11.50000,15.00000,2.36375,403.83487
2025-06-19 15:25:33+07:00,27.30000,70.10000,11.60000,17.80000,2.38078,403.87091
2025-06-19 15:26:22+07:00,27.30000,70.60000,11.40000,13.80000,2.38648,403.87817
2025-06-19 15:27:15+07:00,27.30000,70.40000,11.80000,16.00000,2.36941,403.89267
2025-06-19 15:28:08+07:00,27.30000,70.50000,11.70000,15.10000,2.28006,403.87091
2025-06-19 15:28:59+07:00,27.30000,71.00000,11.50000,16.70000,2.11984,403.79910
2025-06-19 15:29:53+07:00,27.40000,71.60000,11.20000,14.50000,2.34119,403.75656
2025-06-19 15:30:42+07:00,27.40000,71.60000,11.80000,15.80000,2.32998,403.90726
2025-06-19 15:31:34+07:00,27.40000,70.90000,12.60000,17.10000,2.40938,403.92184
2025-06-19 15:32:27+07:00,27.40000,70.50000,13.00000,18.00000,2.35245,403.98074
2025-06-19 15:33:20+07:00,27.40000,70.70000,11.70000,16.70000,2.30769,403.50269
2025-06-19 15:34:10+07:00,27.40000,70.90000,12.60000,17.20000,2.35809,403.80624
2025-06-19 15:35:03+07:00,27.40000,70.70000,13.80000,18.20000,2.38078,404.01791
2025-06-19 15:35:53+07:00,27.40000,70.70000,13.00000,17.00000,2.26362,403.87091
2025-06-19 15:36:42+07:00,27.40000,70.50000,13.70000,18.20000,2.34119,403.80624
2025-06-19 15:37:31+07:00,27.30000,70.90000,12.70000,16.70000,2.38648,403.80624
2025-06-19 15:38:23+07:00,27.30000,70.60000,12.10000,16.00000,2.25815,403.89267
2025-06-19 15:39:13+07:00,27.30000,71.20000,12.30000,15.60000,2.36375,403.89267
2025-06-19 15:40:03+07:00,27.30000,71.00000,12.80000,17.30000,2.36941,403.90726
2025-06-19 15:40:53+07:00,27.30000,70.80000,13.60000,19.50000,2.42090,403.78488
2025-06-19 15:41:48+07:00,27.30000,71.10000,12.70000,17.50000,2.34682,403.77069
2025-06-19 15:43:36+07:00,27.30000,70.70000,12.10000,17.00000,2.30214,403.76361
2025-06-19 15:44:31+07:00,27.30000,70.70000,12.60000,16.10000,1.86824,403.65878
2025-06-19 15:45:23+07:00,27.20000,70.90000,13.00000,18.50000,2.32439,403.81339
2025-06-19 15:46:17+07:00,27.20000,70.80000,12.80000,19.00000,2.28006,403.86368
2025-06-19 15:47:09+07:00,27.30000,71.00000,12.50000,18.40000,2.10949,403.73541
2025-06-19 15:47:58+07:00,27.20000,70.70000,12.20000,16.60000,2.19878,403.83487
2025-06-19 15:48:48+07:00,27.30000,71.00000,13.20000,18.80000,2.32439,403.85648
2025-06-19 15:49:37+07:00,27.30000,70.70000,13.00000,18.70000,2.30769,403.80624
2025-06-19 15:50:27+07:00,27.30000,70.50000,13.00000,18.00000,2.34119,403.77777
2025-06-19 15:51:17+07:00,27.30000,70.60000,13.40000,18.00000,2.32439,403.72137
2025-06-19 15:52:10+07:00,27.30000,70.80000,12.70000,17.30000,2.20412,403.67953
2025-06-19 15:52:59+07:00,27.30000,71.60000,13.80000,20.00000,2.26362,403.59702
2025-06-19 15:53:50+07:00,27.30000,71.20000,16.70000,23.00000,2.19344,403.80624
2025-06-19 15:54:40+07:00,27.40000,71.40000,17.80000,25.00000,2.35809,403.88541
2025-06-19 15:55:29+07:00,27.40000,70.80000,16.80000,24.30000,2.38078,403.82053
2025-06-19 15:56:20+07:00,27.40000,70.90000,16.60000,25.60000,2.17750,403.82053
2025-06-19 15:57:10+07:00,27.30000,70.80000,15.10000,21.90000,2.31325,403.82770
2025-06-19 15:58:02+07:00,27.30000,70.80000,14.60000,21.80000,2.35245,403.82770
2025-06-19 15:58:54+07:00,27.30000,71.00000,15.30000,21.60000,2.38078,403.53613
2025-06-19 15:59:43+07:00,27.30000,70.60000,14.10000,19.70000,2.31881,403.76361
2025-06-19 16:00:33+07:00,27.30000,70.90000,13.60000,18.20000,2.35245,403.77069
2025-06-19 16:01:22+07:00,27.40000,71.10000,13.50000,20.20000,2.19878,403.73541
2025-06-19 16:02:14+07:00,27.40000,70.70000,13.70000,20.30000,2.32998,403.79910
2025-06-19 16:03:04+07:00,27.30000,71.00000,15.00000,22.40000,2.27457,403.71439
2025-06-19 16:03:53+07:00,27.30000,70.70000,14.20000,20.10000,2.35809,403.83487
2025-06-19 16:04:43+07:00,27.40000,70.50000,14.70000,21.40000,2.31881,403.74246
2025-06-19 16:05:32+07:00,27.30000,70.80000,13.70000,18.80000,2.30769,403.81339
2025-06-19 16:06:22+07:00,27.30000,70.60000,13.70000,19.20000,2.29661,403.82053
2025-06-19 16:07:13+07:00,27.30000,70.90000,13.30000,18.40000,2.20948,403.86368
2025-06-19 16:08:06+07:00,27.30000,71.20000,13.70000,18.00000,2.35809,403.79910
2025-06-19 16:08:55+07:00,27.30000,71.20000,13.80000,18.60000,2.10949,403.79199
2025-06-19 16:10:42+07:00,27.20000,71.70000,13.30000,17.90000,2.29661,403.88541
2025-06-19 16:11:37+07:00,27.20000,71.30000,13.40000,17.50000,1.79444,404.09311
2025-06-19 16:12:26+07:00,27.20000,71.30000,12.30000,17.50000,2.29661,404.10071
2025-06-19 16:14:29+07:00,27.20000,71.30000,14.70000,20.40000,2.31325,404.24701
2025-06-19 16:15:26+07:00,27.20000,71.30000,15.80000,21.80000,2.40364,404.20810
2025-06-19 16:17:16+07:00,27.20000,71.00000,15.50000,19.60000,2.41513,404.20035
2025-06-19 16:19:10+07:00,27.30000,71.50000,14.60000,20.20000,2.44407,403.88541
2025-06-19 16:20:02+07:00,27.30000,71.30000,15.40000,21.80000,2.40938,404.13879
2025-06-19 16:20:58+07:00,27.30000,71.10000,14.60000,20.80000,2.27457,404.16946
2025-06-19 16:22:47+07:00,27.30000,71.20000,14.50000,20.60000,2.43826,404.05536
2025-06-19 16:23:43+07:00,27.30000,71.70000,13.50000,18.80000,2.33558,404.10071
2025-06-19 16:24:32+07:00,27.30000,71.90000,14.30000,20.80000,2.30214,404.10071
2025-06-19 16:25:22+07:00,27.30000,71.70000,15.40000,21.60000,2.35245,404.19263
2025-06-19 16:26:13+07:00,27.20000,71.80000,14.80000,20.30000,2.35245,404.08554
2025-06-19 16:27:03+07:00,27.20000,71.90000,14.60000,20.00000,2.36375,404.11591
2025-06-19 16:27:52+07:00,27.30000,72.00000,14.50000,19.40000,2.36941,404.10831
2025-06-19 16:28:42+07:00,27.20000,72.30000,14.20000,19.60000,2.42090,404.01047
2025-06-19 16:29:31+07:00,27.20000,72.40000,14.00000,21.20000,2.34682,404.13879
2025-06-19 16:30:22+07:00,27.30000,72.40000,14.50000,19.80000,2.40938,404.04785
2025-06-19 16:31:11+07:00,27.30000,72.10000,14.50000,19.50000,2.40938,404.13879
2025-06-19 16:32:01+07:00,27.20000,71.90000,14.70000,19.70000,2.39219,404.08554
2025-06-19 16:32:56+07:00,27.20000,71.80000,15.00000,22.20000,2.35809,404.08554
2025-06-19 16:33:46+07:00,27.30000,71.80000,15.40000,21.20000,2.35809,403.98816
2025-06-19 16:34:41+07:00,27.20000,71.80000,14.20000,19.50000,2.38648,404.13113
2025-06-19 17:03:32+07:00,27.30000,73.30000,15.50000,23.70000,2.05834,404.20035
2025-06-19 17:05:13+07:00,27.30000,73.30000,15.20000,21.40000,2.34119,403.92917
2025-06-19 17:06:02+07:00,27.30000,73.40000,15.50000,21.20000,2.37509,404.27051
2025-06-19 17:06:52+07:00,27.30000,73.30000,16.40000,23.50000,2.31881,404.22363
2025-06-19 17:07:48+07:00,27.20000,73.30000,16.50000,23.10000,2.46742,404.20810
2025-06-19 17:08:38+07:00,27.20000,73.00000,16.10000,24.00000,2.32439,404.17719
2025-06-19 17:09:27+07:00,27.20000,73.20000,15.70000,20.00000,2.42667,404.25482
2025-06-19 17:10:17+07:00,27.20000,73.10000,17.00000,22.90000,2.22561,404.00299
2025-06-19 17:11:10+07:00,27.20000,73.20000,17.10000,24.10000,2.26362,404.17719
2025-06-19 17:11:59+07:00,27.10000,73.20000,17.40000,24.30000,2.50278,404.34961
2025-06-19 17:12:49+07:00,27.20000,73.10000,17.40000,24.20000,2.53854,404.23920
2025-06-19 17:13:38+07:00,27.20000,73.00000,17.20000,25.60000,2.48504,404.38959
2025-06-19 17:14:27+07:00,27.20000,73.00000,17.10000,24.80000,2.55658,404.27838
2025-06-19 17:15:17+07:00,27.10000,73.20000,16.80000,24.60000,2.48504,404.38159
2025-06-19 17:16:07+07:00,27.10000,73.20000,17.00000,23.10000,2.55658,404.04785
2025-06-19 17:16:56+07:00,27.10000,73.30000,18.90000,27.30000,2.07358,404.22363
2025-06-19 17:17:46+07:00,27.10000,73.10000,18.20000,25.70000,2.43826,404.29410
2025-06-19 17:18:39+07:00,27.10000,73.10000,17.70000,26.20000,2.43826,404.27051
2025-06-19 17:19:29+07:00,27.10000,73.10000,16.50000,25.30000,2.46156,404.20810
2025-06-19 17:20:18+07:00,27.10000,73.30000,18.60000,27.70000,2.49685,404.13879
2025-06-19 17:21:10+07:00,27.10000,73.20000,17.70000,24.00000,2.49094,404.24701
2025-06-19 17:22:00+07:00,27.10000,73.10000,18.20000,25.70000,2.14066,403.98816
2025-06-19 17:22:49+07:00,27.10000,73.10000,18.90000,27.40000,1.77635,404.02539
2025-06-19 17:23:39+07:00,27.20000,73.00000,16.30000,23.30000,1.82644,403.73541
2025-06-19 17:24:28+07:00,27.20000,73.20000,16.30000,22.90000,1.59922,402.50403
2025-06-19 17:25:18+07:00,27.20000,73.20000,17.00000,24.50000,1.51013,404.18491
2025-06-19 17:26:10+07:00,27.20000,73.10000,16.70000,23.50000,1.65379,403.92917
2025-06-19 17:26:59+07:00,27.20000,73.40000,16.60000,22.60000,2.26362,404.27051
2025-06-19 17:27:48+07:00,27.20000,73.50000,16.20000,22.20000,2.51465,404.20810
2025-06-19 17:28:39+07:00,27.20000,73.50000,15.40000,21.60000,2.53255,403.18210
2025-06-19 17:30:21+07:00,27.10000,73.40000,17.10000,23.50000,1.39131,404.44611
2025-06-19 17:31:10+07:00,27.10000,73.50000,17.00000,24.60000,2.54454,404.42181
2025-06-19 17:32:03+07:00,27.10000,73.50000,16.90000,22.60000,2.41513,404.13113
2025-06-19 17:32:53+07:00,27.10000,73.40000,17.80000,25.10000,2.39791,403.96594
2025-06-19 17:33:42+07:00,27.10000,73.40000,16.40000,23.00000,2.28557,404.10831
2025-06-19 17:34:35+07:00,27.10000,73.40000,16.80000,23.50000,2.53255,404.33368
2025-06-19 17:35:24+07:00,27.10000,73.50000,16.90000,23.00000,2.12503,403.00745
2025-06-19 17:36:22+07:00,27.20000,73.40000,16.10000,23.10000,2.06341,403.37143
2025-06-19 17:37:17+07:00,27.20000,73.40000,17.00000,24.40000,1.73620,403.50934
2025-06-19 17:39:04+07:00,27.10000,73.70000,17.10000,23.90000,2.38648,404.33368
2025-06-19 17:41:54+07:00,27.20000,73.60000,17.00000,21.60000,2.35809,404.17719
2025-06-19 17:42:51+07:00,27.20000,73.60000,16.60000,23.60000,2.32998,403.61752
2025-06-19 17:43:47+07:00,27.10000,73.70000,16.60000,23.70000,2.19878,404.09311
2025-06-19 17:44:43+07:00,27.20000,73.70000,17.70000,27.50000,2.49094,404.18491
2025-06-19 17:45:35+07:00,27.10000,73.70000,16.80000,22.40000,2.38648,403.92917
2025-06-19 17:47:29+07:00,27.10000,73.80000,17.50000,25.00000,2.36941,404.01791
2025-06-19 17:48:23+07:00,27.10000,73.70000,17.80000,24.20000,2.01315,404.01791
2025-06-19 17:49:18+07:00,27.10000,73.80000,18.00000,24.00000,2.31881,403.82053
2025-06-19 17:50:18+07:00,27.10000,73.70000,17.60000,25.30000,2.42667,403.89267
2025-06-19 17:51:09+07:00,27.10000,73.80000,18.50000,26.60000,2.34682,403.80624
2025-06-19 17:51:59+07:00,27.10000,74.00000,18.30000,27.70000,2.32998,403.84927
2025-06-19 17:52:53+07:00,27.10000,74.10000,18.60000,27.60000,2.45572,403.90726
2025-06-19 17:53:47+07:00,27.10000,74.20000,17.30000,25.60000,2.26362,404.27051
2025-06-19 17:54:40+07:00,27.10000,74.10000,19.10000,28.10000,2.51465,404.16180
2025-06-19 17:55:34+07:00,27.00000,74.20000,18.50000,29.10000,2.52061,404.10831
2025-06-19 17:56:26+07:00,27.10000,74.10000,18.50000,26.70000,2.54454,404.01047
2025-06-19 17:57:20+07:00,27.10000,74.00000,17.60000,24.30000,2.25815,404.10071
2025-06-19 17:58:15+07:00,27.10000,74.10000,18.10000,25.60000,2.50278,404.24701
2025-06-19 17:59:06+07:00,27.10000,74.00000,18.50000,27.40000,2.57472,404.02539
2025-06-19 17:59:55+07:00,27.10000,74.10000,17.90000,25.80000,2.45572,404.14645
2025-06-19 18:00:45+07:00,27.10000,74.20000,18.00000,26.30000,2.57472,404.31781
2025-06-19 18:01:35+07:00,27.00000,74.30000,17.80000,27.80000,2.20948,403.72137
2025-06-19 18:02:24+07:00,27.00000,74.40000,19.50000,30.00000,2.42090,403.92184
2025-06-19 18:03:13+07:00,27.10000,74.30000,18.00000,25.20000,2.61746,403.88541
2025-06-19 18:04:03+07:00,27.10000,74.30000,18.10000,25.80000,2.52061,403.86368
2025-06-19 18:04:52+07:00,27.00000,74.30000,17.60000,25.80000,2.46156,404.18491
2025-06-19 18:05:42+07:00,27.00000,74.40000,18.40000,29.10000,2.35245,403.94385
2025-06-19 18:06:31+07:00,27.00000,74.50000,18.50000,25.60000,2.01813,404.07043
2025-06-19 18:07:20+07:00,27.00000,74.40000,18.50000,27.20000,2.15114,404.06290
2025-06-19 18:08:10+07:00,27.00000,74.40000,17.60000,25.50000,2.64213,404.06290
2025-06-19 18:08:59+07:00,27.00000,74.50000,18.30000,25.50000,2.38648,404.17719
2025-06-19 18:09:48+07:00,27.00000,74.50000,17.50000,24.40000,2.51465,403.84207
2025-06-19 18:10:38+07:00,27.00000,74.50000,17.30000,24.20000,2.56866,404.23920
2025-06-19 18:11:27+07:00,27.00000,74.40000,17.50000,26.60000,2.40364,404.23920
2025-06-19 18:12:17+07:00,27.00000,74.60000,17.00000,24.20000,2.49685,404.20035
2025-06-19 18:13:06+07:00,27.00000,74.60000,17.60000,24.30000,2.17221,404.14645
2025-06-19 18:13:56+07:00,27.00000,74.60000,17.90000,25.20000,2.44989,404.10071
2025-06-19 18:14:45+07:00,27.00000,74.60000,18.40000,27.50000,2.64833,404.30200
2025-06-19 18:15:34+07:00,27.00000,74.60000,17.90000,24.70000,2.50871,403.04886
2025-06-19 18:16:24+07:00,26.90000,74.70000,17.50000,24.90000,2.55056,404.33368
2025-06-19 18:17:13+07:00,27.00000,74.80000,18.30000,26.90000,2.26362,404.17719
2025-06-19 18:18:03+07:00,27.00000,74.80000,17.70000,26.10000,2.32439,404.18491
2025-06-19 18:18:53+07:00,27.00000,74.60000,16.90000,23.70000,2.29661,403.62436
2025-06-19 18:19:42+07:00,27.00000,74.70000,18.20000,25.40000,2.56262,404.28622
2025-06-19 18:20:31+07:00,27.00000,74.70000,18.50000,26.50000,2.58687,404.19263
2025-06-19 18:21:21+07:00,27.00000,74.60000,18.80000,27.40000,2.38078,404.21585
2025-06-19 18:22:10+07:00,27.00000,74.70000,17.90000,24.30000,2.28006,404.28622
2025-06-19 18:23:00+07:00,27.00000,74.70000,18.80000,27.60000,2.26909,404.30200
2025-06-19 18:23:49+07:00,27.00000,74.80000,18.30000,25.80000,2.75552,404.27051
2025-06-19 18:24:38+07:00,27.00000,74.80000,19.50000,27.90000,2.71729,404.20810
2025-06-19 18:25:28+07:00,27.00000,74.80000,18.10000,26.00000,2.49685,404.29410
2025-06-19 18:26:17+07:00,27.00000,74.70000,18.30000,26.20000,2.76836,404.20035
2025-06-19 18:27:07+07:00,26.90000,74.80000,18.20000,25.90000,2.30214,404.29410
2025-06-19 18:27:56+07:00,27.00000,74.90000,17.60000,25.00000,2.66700,404.07797
2025-06-19 18:28:46+07:00,27.00000,74.90000,19.00000,29.70000,2.47328,404.16946
2025-06-19 18:29:35+07:00,27.00000,74.70000,18.40000,24.50000,2.46742,404.26266
2025-06-19 18:30:24+07:00,27.00000,74.70000,18.50000,28.90000,2.52061,403.92917
2025-06-19 18:31:15+07:00,27.10000,74.60000,17.90000,27.70000,2.59907,403.81339
2025-06-19 18:32:04+07:00,27.00000,74.60000,18.40000,23.40000,2.55056,403.92184
2025-06-19 18:32:53+07:00,27.00000,74.60000,19.00000,26.80000,2.38648,404.20810
2025-06-19 18:33:44+07:00,27.00000,74.70000,19.00000,26.20000,2.61132,404.16180
2025-06-19 18:34:34+07:00,27.00000,74.70000,19.00000,27.00000,2.19878,404.16946
2025-06-19 18:35:23+07:00,27.00000,74.70000,17.40000,24.20000,2.62361,404.04034
2025-06-19 18:36:12+07:00,27.00000,74.80000,19.00000,26.30000,2.29108,404.01791
2025-06-19 18:37:06+07:00,27.00000,74.80000,18.70000,25.30000,2.65454,404.10831
2025-06-19 18:37:56+07:00,27.00000,74.70000,18.70000,25.80000,2.70465,404.02539
2025-06-19 18:38:46+07:00,27.00000,74.80000,18.80000,26.00000,2.52061,404.12354
2025-06-19 18:39:38+07:00,27.00000,74.80000,19.20000,27.40000,2.53255,404.17719
2025-06-19 18:40:27+07:00,26.90000,74.60000,19.40000,28.00000,2.64833,404.20035
2025-06-19 18:41:17+07:00,27.00000,74.80000,19.40000,28.90000,2.37509,404.27051
2025-06-19 18:42:06+07:00,27.00000,74.70000,17.70000,25.60000,2.28557,404.20810
2025-06-19 18:43:49+07:00,26.90000,74.80000,17.80000,24.50000,2.34119,403.82053
2025-06-19 18:44:39+07:00,26.90000,75.00000,18.60000,25.90000,2.58687,404.21585
2025-06-19 18:45:31+07:00,26.90000,74.90000,18.50000,25.50000,2.73635,404.31781
2025-06-19 18:46:21+07:00,26.90000,75.00000,18.60000,27.70000,2.66700,404.14645
2025-06-19 18:47:10+07:00,26.80000,75.00000,19.30000,28.40000,2.50278,404.16180
2025-06-19 18:47:59+07:00,26.80000,75.10000,19.20000,26.10000,2.65454,404.16180
2025-06-19 18:48:52+07:00,26.80000,75.10000,19.80000,27.10000,2.74912,404.43799
2025-06-19 18:49:47+07:00,26.80000,75.20000,18.50000,26.50000,2.80066,404.38959
2025-06-19 18:50:39+07:00,26.80000,75.20000,19.10000,27.80000,2.61746,404.35757
2025-06-19 18:51:30+07:00,26.80000,75.10000,20.10000,28.50000,2.80716,404.35757
2025-06-19 18:52:21+07:00,26.80000,75.30000,19.50000,26.30000,2.83327,404.40570
2025-06-19 18:53:10+07:00,26.70000,75.30000,19.20000,26.40000,2.86619,404.40570
2025-06-19 18:54:01+07:00,26.80000,75.30000,18.60000,27.20000,2.85299,404.30991
2025-06-19 18:54:59+07:00,26.80000,75.20000,19.40000,29.30000,2.80716,404.42181
2025-06-19 18:55:57+07:00,26.80000,75.20000,18.60000,26.20000,2.78124,404.36557
2025-06-19 18:57:44+07:00,26.80000,75.10000,17.60000,25.00000,2.76193,404.35757
2025-06-19 18:58:41+07:00,26.80000,75.10000,19.20000,26.20000,2.49685,404.34961
2025-06-19 18:59:30+07:00,26.80000,75.30000,19.20000,26.90000,2.84641,404.30200
2025-06-19 19:01:19+07:00,26.80000,75.10000,19.00000,26.10000,2.47916,404.31781
2025-06-19 19:02:13+07:00,26.80000,75.00000,18.30000,26.00000,2.80066,404.34961
2025-06-19 19:03:07+07:00,26.80000,75.00000,19.60000,28.50000,2.85299,404.38159
2025-06-19 19:04:01+07:00,26.80000,75.10000,19.60000,27.60000,2.74912,404.34961
2025-06-19 19:04:52+07:00,26.70000,75.20000,19.00000,26.30000,2.78124,404.44611
2025-06-19 19:05:52+07:00,26.70000,75.10000,19.30000,27.00000,2.70465,404.08554
2025-06-19 19:06:55+07:00,26.80000,75.10000,18.70000,27.90000,2.89275,404.34164
2025-06-19 19:08:40+07:00,26.80000,75.10000,19.40000,26.20000,2.82019,404.31781
2025-06-19 19:09:29+07:00,26.80000,75.10000,19.00000,28.20000,2.64213,404.04785
2025-06-19 19:10:19+07:00,26.80000,74.90000,19.40000,28.20000,2.74912,404.22363
2025-06-19 19:11:09+07:00,26.80000,74.90000,18.60000,25.70000,2.68577,404.01047
2025-06-19 19:12:01+07:00,26.70000,75.10000,19.10000,26.80000,2.72999,404.27838
2025-06-19 19:12:51+07:00,26.70000,75.10000,19.30000,27.80000,2.74273,404.27051
2025-06-19 19:13:40+07:00,26.70000,75.10000,20.20000,27.20000,2.67950,403.96594
2025-06-19 19:14:29+07:00,26.70000,75.20000,19.50000,26.90000,2.76836,404.01791
2025-06-19 19:15:19+07:00,26.70000,75.00000,18.90000,26.50000,2.88609,404.43799
2025-06-19 19:16:09+07:00,26.70000,75.00000,19.30000,28.10000,2.75552,404.39764
2025-06-19 19:16:58+07:00,26.70000,75.00000,20.10000,28.20000,2.77479,404.27051
2025-06-19 19:17:47+07:00,26.70000,75.10000,19.60000,27.90000,2.85299,404.34961
2025-06-19 19:18:37+07:00,26.70000,75.00000,19.10000,26.90000,2.58687,404.34961
2025-06-19 19:19:30+07:00,26.70000,74.80000,19.20000,28.30000,2.85959,404.32574
2025-06-19 19:20:19+07:00,26.70000,74.80000,19.30000,27.60000,2.76193,404.40570
2025-06-19 19:21:08+07:00,26.70000,74.90000,19.30000,25.80000,2.87281,404.36557
2025-06-19 19:22:01+07:00,26.60000,74.90000,19.20000,26.90000,2.83327,404.34961
2025-06-19 19:22:56+07:00,26.60000,75.10000,18.50000,25.40000,2.82673,404.23920
2025-06-19 19:23:45+07:00,26.70000,75.00000,19.40000,26.00000,2.87281,403.77069
2025-06-19 19:24:34+07:00,26.70000,74.90000,20.20000,27.80000,2.72363,404.22363
2025-06-19 19:25:24+07:00,26.70000,74.70000,19.30000,27.60000,2.81367,404.26266
2025-06-19 19:26:13+07:00,26.70000,74.80000,18.90000,24.80000,2.81367,404.13879
2025-06-19 19:27:05+07:00,26.70000,74.80000,21.00000,32.90000,2.82673,404.37357
2025-06-19 19:27:55+07:00,26.60000,74.40000,20.80000,30.00000,2.62361,404.26266
2025-06-19 19:28:44+07:00,26.70000,74.60000,19.90000,27.40000,2.89275,404.42181
2025-06-19 19:29:33+07:00,26.80000,74.60000,19.30000,28.00000,2.86619,404.44611
2025-06-19 19:30:23+07:00,26.80000,74.40000,20.10000,28.80000,2.87281,404.38959
2025-06-19 19:31:12+07:00,26.70000,74.40000,20.60000,30.90000,2.85959,404.42990
2025-06-19 19:32:01+07:00,26.70000,74.70000,20.30000,28.30000,2.79418,404.37357
2025-06-19 19:32:51+07:00,26.70000,74.60000,20.80000,30.00000,2.79418,404.29410
2025-06-19 19:33:40+07:00,26.60000,74.70000,19.40000,27.20000,2.89275,404.42181
2025-06-19 19:34:30+07:00,26.60000,74.80000,19.40000,28.40000,2.91951,404.40570
2025-06-19 19:35:19+07:00,26.60000,74.90000,19.80000,26.80000,2.84641,404.33368
2025-06-19 19:36:08+07:00,26.60000,74.80000,19.40000,26.10000,2.35245,404.31781
2025-06-19 19:36:58+07:00,26.60000,74.80000,19.80000,29.50000,2.46156,404.39764
2025-06-19 19:37:47+07:00,26.60000,74.90000,19.70000,27.70000,2.57472,404.33368
2025-06-19 19:38:37+07:00,26.60000,75.00000,19.70000,27.00000,2.77479,404.16180
2025-06-19 19:39:26+07:00,26.50000,75.10000,20.20000,27.50000,2.71729,404.34164
2025-06-19 19:40:15+07:00,26.50000,75.30000,20.60000,27.90000,2.82019,404.31781
2025-06-19 19:41:56+07:00,26.40000,75.60000,20.30000,29.40000,2.88609,404.26266
2025-06-19 19:42:49+07:00,26.40000,75.70000,20.30000,27.90000,2.79418,404.24701
2025-06-19 19:43:43+07:00,26.40000,75.70000,20.30000,28.20000,2.81367,404.17719
2025-06-19 19:44:32+07:00,26.40000,75.80000,20.30000,28.10000,2.82019,404.27838
2025-06-19 19:45:31+07:00,26.40000,75.80000,20.50000,29.30000,2.35245,404.34164
2025-06-19 19:46:26+07:00,26.40000,75.80000,21.50000,30.10000,2.44407,404.27838
2025-06-19 19:47:25+07:00,26.40000,75.80000,21.30000,30.50000,2.76836,404.12354
2025-06-19 19:48:22+07:00,26.40000,75.80000,22.30000,30.90000,2.83983,404.30991
2025-06-19 19:49:12+07:00,26.40000,75.80000,21.70000,30.70000,2.42667,404.05536
2025-06-19 19:50:10+07:00,26.40000,75.90000,21.30000,30.30000,2.80716,404.18491
2025-06-19 19:51:02+07:00,26.40000,76.00000,22.10000,29.80000,2.87945,404.20810
2025-06-19 19:51:55+07:00,26.40000,75.90000,21.90000,31.30000,2.78770,403.35208
2025-06-19 19:52:54+07:00,26.40000,75.90000,21.20000,28.80000,2.87281,404.35757
2025-06-19 19:53:54+07:00,26.40000,75.90000,22.40000,31.40000,2.89942,404.33368
2025-06-19 19:54:47+07:00,26.40000,75.90000,21.30000,29.10000,2.89942,404.43799
2025-06-19 19:55:39+07:00,26.40000,76.00000,21.20000,29.00000,2.44989,404.26266
2025-06-19 19:56:35+07:00,26.50000,75.90000,22.10000,31.30000,2.84641,404.23141
2025-06-19 19:57:25+07:00,26.50000,76.00000,22.60000,31.00000,2.83983,404.37357
2025-06-19 19:58:16+07:00,26.50000,76.00000,21.70000,30.60000,2.86619,404.38159
2025-06-19 19:59:08+07:00,26.50000,76.00000,22.50000,30.10000,2.93971,404.38159
2025-06-19 20:00:03+07:00,26.50000,76.00000,22.10000,29.90000,2.89275,404.36557
2025-06-19 20:00:57+07:00,26.50000,75.90000,23.10000,33.00000,2.85299,404.42990
2025-06-19 20:01:54+07:00,26.50000,75.90000,23.90000,33.90000,2.91951,404.34961
2025-06-19 20:02:44+07:00,26.60000,75.70000,22.90000,33.60000,2.85959,404.36557
2025-06-19 20:03:38+07:00,26.60000,75.70000,22.80000,31.60000,2.87281,404.38159
2025-06-19 20:05:23+07:00,26.60000,75.60000,23.10000,31.40000,2.44407,404.35757
2025-06-19 20:06:12+07:00,26.70000,75.60000,22.50000,32.90000,2.88609,404.39764
2025-06-19 20:07:09+07:00,26.60000,75.70000,23.30000,30.60000,2.93971,404.50323
2025-06-19 20:08:00+07:00,26.60000,75.70000,23.10000,31.40000,2.92623,404.32574
2025-06-19 20:08:50+07:00,26.70000,75.80000,22.60000,31.50000,2.92623,404.38159
2025-06-19 20:09:44+07:00,26.70000,75.70000,23.10000,30.40000,2.66700,404.46237
2025-06-19 20:10:33+07:00,26.70000,75.80000,23.20000,33.70000,2.98045,404.40570
2025-06-19 20:11:22+07:00,26.70000,75.80000,23.70000,36.60000,2.94647,404.32574
2025-06-19 20:12:16+07:00,26.70000,75.70000,23.70000,34.30000,2.94647,404.40570
2025-06-19 20:13:06+07:00,26.70000,75.70000,23.30000,31.30000,2.93971,404.39764
2025-06-19 20:13:55+07:00,26.70000,75.60000,22.90000,32.30000,2.55658,404.41376
2025-06-19 20:14:44+07:00,26.60000,75.80000,22.30000,33.20000,2.94647,404.38959
2025-06-19 20:15:34+07:00,26.60000,76.10000,24.00000,34.70000,2.49094,404.38159
2025-06-19 20:16:23+07:00,26.70000,76.10000,23.60000,34.40000,2.76836,404.43799
2025-06-19 20:17:12+07:00,26.70000,76.10000,22.80000,32.70000,2.99413,404.51144
2025-06-19 20:18:02+07:00,26.70000,76.10000,24.50000,36.20000,2.95324,404.52789
2025-06-19 20:18:51+07:00,26.70000,76.10000,23.60000,31.30000,2.61132,404.49503
2025-06-19 20:19:40+07:00,26.60000,76.20000,22.80000,31.40000,2.61746,404.43799
2025-06-19 20:20:30+07:00,26.60000,76.30000,22.40000,33.20000,2.61132,404.47867
2025-06-19 20:21:19+07:00,26.60000,76.30000,22.90000,33.40000,2.96682,404.47052
2025-06-19 20:22:08+07:00,26.60000,76.30000,22.40000,31.30000,2.49685,404.49503
2025-06-19 20:27:33+07:00,26.50000,76.70000,22.10000,30.90000,2.95324,404.26266
2025-06-19 20:28:22+07:00,26.40000,76.70000,23.40000,33.10000,2.90611,404.40570
2025-06-19 20:29:30+07:00,26.40000,76.80000,22.80000,34.40000,2.93971,404.37357
2025-06-19 20:30:19+07:00,26.40000,76.90000,22.80000,31.20000,2.61746,403.75656
2025-06-19 20:31:10+07:00,26.40000,76.90000,22.90000,32.00000,3.03549,404.50323
2025-06-19 20:31:59+07:00,26.50000,76.90000,23.00000,34.70000,2.96682,404.57755
2025-06-19 20:32:48+07:00,26.50000,77.00000,23.20000,33.00000,3.02165,404.44611
2025-06-19 20:33:41+07:00,26.50000,77.00000,22.70000,31.70000,3.03549,404.42181
2025-06-19 20:34:34+07:00,26.50000,76.90000,25.40000,36.00000,3.00099,404.46237
2025-06-19 20:35:23+07:00,26.50000,76.90000,22.80000,33.30000,2.50871,404.51144
2025-06-19 20:36:13+07:00,26.50000,76.80000,21.90000,30.20000,2.93971,404.56924
2025-06-19 20:37:05+07:00,26.50000,76.90000,24.00000,33.90000,3.07030,404.52789
2025-06-19 20:37:58+07:00,26.40000,76.90000,24.30000,35.40000,2.99413,404.44611
2025-06-19 20:38:47+07:00,26.50000,76.90000,22.40000,30.30000,2.71729,404.38159
2025-06-19 20:39:36+07:00,26.40000,77.00000,23.70000,33.90000,3.00099,404.41376
2025-06-19 20:40:26+07:00,26.40000,77.00000,24.20000,33.30000,2.93971,404.38959
2025-06-19 20:41:15+07:00,26.40000,77.00000,24.40000,33.50000,3.11959,404.51144
2025-06-19 20:42:05+07:00,26.40000,77.00000,24.20000,35.40000,3.04937,404.34164
2025-06-19 20:42:54+07:00,26.40000,77.00000,24.00000,31.20000,3.07030,404.38959
2025-06-19 20:43:48+07:00,26.40000,77.00000,24.70000,33.90000,3.05634,404.53613
2025-06-19 20:44:37+07:00,26.40000,77.00000,24.60000,35.20000,2.98045,404.51144
2025-06-19 20:45:27+07:00,26.40000,77.00000,24.60000,35.30000,3.05634,404.51144
2025-06-19 20:46:16+07:00,26.40000,77.00000,25.00000,36.30000,3.07030,404.53613
2025-06-19 20:47:06+07:00,26.40000,77.00000,24.00000,36.00000,3.03549,404.46237
2025-06-19 20:47:55+07:00,26.40000,77.00000,25.40000,36.70000,3.00787,404.52789
2025-06-19 20:48:44+07:00,26.40000,77.00000,25.10000,37.30000,3.14091,404.51965
2025-06-19 20:49:37+07:00,26.40000,77.00000,25.10000,38.60000,3.07030,404.70370
2025-06-19 20:50:26+07:00,26.40000,77.00000,24.20000,35.80000,3.12668,404.47867
2025-06-19 20:51:16+07:00,26.40000,77.00000,26.20000,37.20000,3.08432,404.51965
2025-06-19 20:52:05+07:00,26.40000,77.00000,26.50000,38.00000,2.65454,404.42181
2025-06-19 20:52:55+07:00,26.50000,76.90000,26.10000,37.60000,2.68577,404.61093
2025-06-19 20:53:44+07:00,26.40000,76.80000,26.20000,38.80000,3.21283,404.46237
2025-06-19 20:54:33+07:00,26.40000,76.90000,26.80000,36.30000,2.75552,404.56924
2025-06-19 20:55:23+07:00,26.40000,77.00000,26.40000,37.10000,3.08432,404.56924
2025-06-19 20:56:12+07:00,26.40000,77.00000,25.20000,35.70000,3.11959,404.49503
2025-06-19 20:57:02+07:00,26.40000,77.00000,27.20000,37.70000,3.12668,404.61093
2025-06-19 20:57:51+07:00,26.40000,77.00000,26.60000,37.30000,3.12668,404.64447
2025-06-19 20:58:41+07:00,26.40000,77.00000,27.00000,38.40000,3.14804,404.63608
2025-06-19 20:59:30+07:00,26.40000,77.00000,26.90000,37.90000,3.09839,404.65289
2025-06-19 21:00:19+07:00,26.40000,76.90000,26.40000,36.40000,3.14804,404.72073
2025-06-19 21:01:09+07:00,26.40000,77.00000,26.50000,37.20000,3.10544,404.61093
2025-06-19 21:01:58+07:00,26.40000,76.90000,26.50000,37.80000,3.16235,404.62769
2025-06-19 21:02:47+07:00,26.50000,76.80000,27.50000,38.10000,3.25662,404.79803
2025-06-19 21:03:37+07:00,26.50000,76.70000,26.70000,40.70000,3.21283,404.67825
2025-06-19 21:04:26+07:00,26.40000,76.80000,27.90000,42.30000,3.19111,404.68671
2025-06-19 21:05:16+07:00,26.40000,76.80000,26.90000,40.30000,3.24197,404.83273
2025-06-19 21:06:05+07:00,26.40000,76.80000,27.40000,40.20000,3.20558,404.78079
2025-06-19 21:06:54+07:00,26.40000,76.80000,28.90000,43.00000,3.24929,404.73782
2025-06-19 21:07:44+07:00,26.50000,76.70000,27.70000,39.60000,3.26397,404.69522
2025-06-19 21:08:33+07:00,26.50000,76.70000,28.80000,40.90000,3.05634,404.73782
2025-06-19 21:09:23+07:00,26.50000,76.60000,28.40000,40.60000,3.14804,404.84146
2025-06-19 21:10:12+07:00,26.50000,76.70000,28.00000,41.20000,3.09839,404.67825
2025-06-19 21:11:01+07:00,26.50000,76.70000,27.70000,39.00000,3.25662,404.77216
2025-06-19 21:11:51+07:00,26.50000,76.70000,29.40000,43.10000,3.26397,404.80670
2025-06-19 21:12:40+07:00,26.50000,76.60000,28.30000,41.40000,3.13379,404.87640
2025-06-19 21:13:29+07:00,26.50000,76.60000,28.60000,42.70000,3.28609,404.72928
2025-06-19 21:14:19+07:00,26.50000,76.60000,28.00000,41.60000,3.30091,404.77216
2025-06-19 21:15:08+07:00,26.50000,76.70000,29.10000,43.90000,3.24197,404.85889
2025-06-19 21:15:58+07:00,26.40000,76.70000,29.00000,42.70000,3.30833,404.87640
2025-06-19 21:16:47+07:00,26.40000,76.70000,29.80000,43.50000,3.31577,404.83273
2025-06-19 21:17:37+07:00,26.40000,76.70000,29.70000,42.30000,3.32323,404.90277
2025-06-19 21:18:28+07:00,26.40000,76.70000,29.00000,41.70000,3.29349,404.89395
2025-06-19 21:19:19+07:00,26.40000,76.80000,29.70000,40.70000,3.33818,404.86765
2025-06-19 21:20:09+07:00,26.40000,76.80000,28.20000,42.60000,3.30833,404.85889
2025-06-19 21:20:59+07:00,26.40000,76.80000,31.40000,45.60000,3.27870,404.78940
2025-06-19 21:21:48+07:00,26.40000,76.80000,30.30000,42.20000,3.45208,404.85016
2025-06-19 21:22:40+07:00,26.40000,76.70000,30.50000,44.90000,3.35319,404.89395
2025-06-19 21:23:30+07:00,26.50000,76.60000,29.60000,42.20000,3.35319,404.92923
2025-06-19 21:24:22+07:00,26.50000,76.50000,29.50000,42.80000,3.36071,404.90277
2025-06-19 21:25:11+07:00,26.50000,76.40000,30.10000,44.00000,3.41376,405.01834
2025-06-19 21:26:01+07:00,26.40000,76.50000,29.90000,40.90000,3.37580,404.90277
2025-06-19 21:26:50+07:00,26.40000,76.60000,30.80000,43.70000,2.93296,404.86765
2025-06-19 21:27:41+07:00,26.40000,76.50000,29.30000,43.00000,3.37580,404.92041
2025-06-19 21:28:30+07:00,26.40000,76.60000,30.60000,45.00000,3.41376,405.07245
2025-06-19 21:29:19+07:00,26.40000,76.70000,30.40000,42.90000,2.97363,405.03632
2025-06-19 21:30:09+07:00,26.40000,76.60000,30.50000,44.00000,3.52193,405.07245
2025-06-19 21:31:02+07:00,26.40000,76.70000,29.80000,45.20000,3.36071,405.09061
2025-06-19 21:31:58+07:00,26.40000,76.60000,30.80000,43.20000,2.91280,405.06342
2025-06-19 21:32:48+07:00,26.40000,76.60000,30.80000,43.90000,3.49074,405.06342
2025-06-19 21:33:42+07:00,26.40000,76.60000,30.10000,43.40000,3.61686,405.22842
2025-06-19 21:34:31+07:00,26.40000,76.60000,29.40000,43.20000,3.49852,405.07245
2025-06-19 21:35:21+07:00,26.40000,76.50000,30.20000,44.50000,3.52193,405.07245
2025-06-19 21:36:11+07:00,26.40000,76.50000,29.50000,46.10000,3.56123,405.13620
2025-06-19 21:37:00+07:00,26.40000,76.50000,30.80000,44.40000,3.46750,405.06342
2025-06-19 21:37:49+07:00,26.40000,76.40000,30.20000,43.40000,3.52976,405.03632
2025-06-19 21:38:39+07:00,26.40000,76.40000,30.30000,42.40000,3.47523,405.00937
2025-06-19 21:39:28+07:00,26.40000,76.20000,29.70000,41.30000,3.47523,405.04535
2025-06-19 21:40:18+07:00,26.40000,76.30000,29.80000,43.70000,3.56123,404.98254
2025-06-19 21:41:08+07:00,26.40000,76.40000,29.10000,42.30000,2.91951,405.02734
2025-06-19 21:41:57+07:00,26.30000,76.50000,29.00000,44.00000,3.54546,405.08151
2025-06-19 21:42:46+07:00,26.30000,76.60000,28.70000,43.80000,3.60887,405.11792
2025-06-19 21:43:36+07:00,26.30000,76.70000,28.20000,40.80000,3.56913,405.09061
2025-06-19 21:44:25+07:00,26.20000,76.70000,28.90000,40.30000,3.61686,404.98254
2025-06-19 21:45:14+07:00,26.20000,76.70000,29.70000,42.10000,3.53760,404.96472
2025-06-19 21:46:04+07:00,26.20000,76.80000,29.30000,41.70000,3.09135,404.95581
2025-06-19 21:46:53+07:00,26.20000,76.80000,29.40000,41.00000,3.60089,405.10880
2025-06-19 21:47:43+07:00,26.20000,76.80000,31.00000,44.40000,3.59293,405.20062
2025-06-19 21:48:32+07:00,26.20000,76.80000,30.10000,44.50000,3.63288,405.14536
2025-06-19 21:49:22+07:00,26.20000,76.80000,29.90000,41.40000,3.60089,405.04535
2025-06-19 21:50:11+07:00,26.20000,76.80000,29.10000,43.80000,3.03549,405.12704
2025-06-19 21:51:00+07:00,26.20000,76.80000,30.00000,44.20000,3.58498,405.00937
2025-06-19 21:51:55+07:00,26.20000,76.90000,29.50000,43.00000,3.59293,405.00043
2025-06-19 21:52:44+07:00,26.20000,77.00000,30.90000,44.30000,3.64091,405.09970
2025-06-19 21:53:34+07:00,26.20000,77.00000,31.40000,44.00000,3.64896,405.01834
2025-06-19 21:54:23+07:00,26.20000,76.90000,30.00000,43.90000,3.70571,405.00937
2025-06-19 21:55:13+07:00,26.20000,77.00000,31.00000,46.40000,3.14091,405.11792
2025-06-19 21:56:02+07:00,26.20000,76.90000,30.80000,44.80000,3.62486,405.04535
2025-06-19 21:56:51+07:00,26.20000,76.90000,31.60000,44.30000,3.63288,405.09061
2025-06-19 21:58:35+07:00,26.20000,76.90000,30.60000,45.40000,3.67319,405.06342
2025-06-19 21:59:25+07:00,26.20000,76.90000,30.20000,43.30000,3.67319,405.08151
2025-06-19 22:00:14+07:00,26.20000,77.00000,31.10000,44.20000,3.69756,405.11792
2025-06-19 22:01:06+07:00,26.20000,77.00000,30.20000,42.10000,3.67319,405.03632
2025-06-19 22:01:56+07:00,26.20000,76.90000,30.40000,45.60000,3.67319,405.05435
2025-06-19 22:02:45+07:00,26.20000,77.00000,31.00000,42.30000,3.09839,405.04535
2025-06-19 22:03:35+07:00,26.20000,77.00000,30.60000,41.90000,3.60887,404.94696
2025-06-19 22:04:24+07:00,26.20000,77.00000,31.20000,44.20000,3.22738,405.08151
2025-06-19 22:05:14+07:00,26.20000,77.00000,29.00000,40.20000,3.58498,405.01834
2025-06-19 22:06:07+07:00,26.20000,77.00000,30.00000,44.30000,3.71387,405.06342
2025-06-19 22:07:00+07:00,26.20000,77.00000,30.60000,43.00000,3.49852,405.03632
2025-06-19 22:07:50+07:00,26.20000,76.90000,30.60000,44.00000,3.68130,405.06342
2025-06-19 22:08:43+07:00,26.20000,77.00000,31.60000,46.50000,3.67319,404.95581
2025-06-19 22:09:32+07:00,26.20000,77.00000,31.60000,45.30000,3.70571,405.10880
2025-06-19 22:10:22+07:00,26.20000,76.90000,31.30000,44.40000,3.60887,405.01834
2025-06-19 22:11:15+07:00,26.20000,76.90000,30.10000,40.10000,3.68130,404.99149
2025-06-19 22:12:05+07:00,26.20000,76.90000,30.80000,41.90000,3.64896,405.03632
2025-06-19 22:12:58+07:00,26.20000,77.00000,30.70000,46.80000,3.64896,404.85889
2025-06-19 22:13:48+07:00,26.20000,76.80000,29.80000,42.30000,3.35319,405.10880
2025-06-19 22:14:37+07:00,26.20000,76.80000,30.50000,43.80000,3.19111,405.05435
2025-06-19 22:15:26+07:00,26.20000,76.80000,30.70000,45.10000,3.07730,404.98254
2025-06-19 22:16:16+07:00,26.20000,76.80000,30.10000,45.20000,3.59293,404.96472
2025-06-19 22:17:06+07:00,26.20000,76.80000,30.30000,43.80000,3.66510,405.02734
2025-06-19 22:17:55+07:00,26.20000,76.80000,30.20000,43.90000,3.18390,404.98254
2025-06-19 22:18:45+07:00,26.20000,76.80000,31.00000,45.80000,3.70571,404.16946
2025-06-19 22:19:35+07:00,26.20000,76.80000,30.90000,44.10000,3.08432,405.05435
2025-06-19 22:20:25+07:00,26.20000,76.80000,29.80000,44.10000,3.57705,405.16373
2025-06-19 22:21:16+07:00,26.20000,76.80000,30.40000,42.30000,3.22738,405.10880
2025-06-19 22:22:05+07:00,26.20000,76.80000,31.60000,44.60000,3.57705,405.10880
2025-06-19 22:22:55+07:00,26.20000,76.70000,30.00000,44.90000,3.68130,405.09061
2025-06-19 22:23:47+07:00,26.20000,76.90000,30.70000,43.10000,3.67319,405.09970
2025-06-19 22:24:36+07:00,26.20000,76.70000,31.20000,48.50000,3.62486,405.20987
2025-06-19 22:25:34+07:00,26.20000,76.80000,32.40000,44.50000,3.68942,405.09970
2025-06-19 22:26:26+07:00,26.20000,76.80000,31.10000,45.30000,3.71387,405.04535
2025-06-19 22:27:22+07:00,26.30000,76.70000,31.30000,43.80000,3.60887,405.22842
2025-06-19 22:29:10+07:00,26.30000,76.60000,30.70000,43.70000,3.73846,405.24704
2025-06-19 22:29:59+07:00,26.30000,76.60000,31.50000,46.20000,3.73025,405.28442
2025-06-19 22:30:49+07:00,26.30000,76.60000,30.70000,44.20000,3.99175,405.33148
2025-06-19 22:31:38+07:00,26.30000,76.50000,32.70000,48.00000,3.82138,405.19138
2025-06-19 22:32:30+07:00,26.30000,76.60000,32.30000,48.10000,3.81302,405.21915
2025-06-19 22:33:20+07:00,26.30000,76.60000,31.40000,45.20000,3.83814,405.27505
2025-06-19 22:34:09+07:00,26.20000,76.60000,30.80000,46.70000,3.63288,405.24704
2025-06-19 22:34:59+07:00,26.30000,76.70000,32.70000,46.70000,3.75492,405.32205
2025-06-19 22:35:48+07:00,26.20000,76.70000,32.40000,47.10000,3.77145,405.43625
2025-06-19 22:36:39+07:00,26.20000,76.80000,32.60000,48.40000,3.81302,405.25638
2025-06-19 22:37:29+07:00,26.20000,76.70000,31.90000,46.40000,3.68130,405.37888
2025-06-19 22:38:18+07:00,26.20000,76.80000,31.60000,44.70000,3.83814,405.45547
2025-06-19 22:39:08+07:00,26.20000,76.70000,31.70000,44.60000,3.73846,405.36938
2025-06-19 22:40:01+07:00,26.20000,76.80000,31.90000,47.00000,3.79634,405.35040
2025-06-19 22:40:51+07:00,26.20000,76.80000,32.50000,47.30000,3.32323,405.29382
2025-06-19 22:41:40+07:00,26.20000,76.80000,32.00000,49.60000,3.50630,405.56226
2025-06-19 22:42:30+07:00,26.20000,76.70000,31.90000,46.50000,3.82138,405.44583
2025-06-19 22:43:19+07:00,26.20000,76.80000,32.00000,48.50000,3.91433,405.34094
2025-06-19 22:44:09+07:00,26.20000,76.80000,32.40000,46.80000,3.87185,405.46509
2025-06-19 22:44:59+07:00,26.20000,76.80000,32.40000,48.30000,3.40614,405.54272
2025-06-19 22:45:51+07:00,26.20000,76.80000,33.00000,47.90000,3.82975,405.40750
2025-06-19 22:46:45+07:00,26.20000,76.70000,32.50000,50.50000,3.92287,405.55249
2025-06-19 22:47:38+07:00,26.20000,76.60000,32.50000,48.80000,3.88031,405.54272
2025-06-19 22:48:27+07:00,26.20000,76.70000,33.20000,50.30000,3.97444,405.51349
2025-06-19 22:49:16+07:00,26.20000,76.70000,33.70000,49.90000,3.43671,405.55249
2025-06-19 22:50:06+07:00,26.20000,76.70000,34.30000,52.10000,3.91433,405.56226
2025-06-19 22:50:56+07:00,26.20000,76.60000,33.10000,48.70000,4.00043,405.65094
2025-06-19 22:51:52+07:00,26.20000,76.60000,32.20000,47.50000,3.99175,405.62125
2025-06-19 22:52:41+07:00,26.30000,76.50000,32.20000,49.40000,3.97444,405.51349
2025-06-19 22:53:31+07:00,26.30000,76.40000,33.40000,48.60000,4.10581,405.58185
2025-06-19 22:54:21+07:00,26.20000,76.50000,32.30000,47.80000,3.95719,404.97363
2025-06-19 22:55:19+07:00,26.30000,76.50000,33.20000,48.70000,4.01784,405.74081
2025-06-19 22:56:09+07:00,26.20000,76.50000,33.80000,51.20000,3.94858,405.66086
2025-06-19 22:56:59+07:00,26.20000,76.60000,34.40000,51.00000,4.07926,405.69073
2025-06-19 22:57:49+07:00,26.10000,76.70000,32.40000,45.20000,3.77973,405.69073
2025-06-19 22:58:39+07:00,26.20000,76.70000,34.30000,51.40000,3.97444,405.73077
2025-06-19 22:59:35+07:00,26.20000,76.60000,34.50000,51.00000,3.62486,405.79126
2025-06-19 23:00:32+07:00,26.20000,76.70000,33.70000,50.70000,4.08809,405.64102
2025-06-19 23:02:20+07:00,26.20000,76.60000,35.40000,49.50000,4.11470,405.79126
2025-06-19 23:03:10+07:00,26.20000,76.40000,34.70000,50.60000,4.22255,405.73077
2025-06-19 23:04:00+07:00,26.20000,76.40000,33.60000,46.30000,3.84654,405.81152
2025-06-19 23:04:49+07:00,26.20000,76.50000,33.50000,50.80000,4.26817,405.85226
2025-06-19 23:05:39+07:00,26.20000,76.50000,33.40000,49.90000,4.28653,405.79126
2025-06-19 23:06:29+07:00,26.20000,76.60000,33.50000,48.40000,4.27734,405.80139
2025-06-19 23:07:18+07:00,26.10000,76.60000,35.50000,52.90000,4.16833,405.69073
2025-06-19 23:08:08+07:00,26.20000,76.70000,35.40000,51.90000,4.06163,405.87274
2025-06-19 23:09:03+07:00,26.20000,76.60000,34.30000,52.10000,4.30496,405.84207
2025-06-19 23:09:52+07:00,26.20000,76.60000,34.20000,53.30000,4.27734,405.78113
2025-06-19 23:10:41+07:00,26.20000,76.50000,33.20000,48.90000,4.36997,405.88300
2025-06-19 23:11:32+07:00,26.20000,76.40000,34.00000,49.70000,4.30496,405.97595
2025-06-19 23:13:19+07:00,26.20000,76.50000,35.40000,55.00000,4.36997,405.95520
2025-06-19 23:14:08+07:00,26.20000,76.50000,33.90000,49.20000,4.35132,405.85226
2025-06-19 23:14:59+07:00,26.30000,76.30000,33.30000,49.80000,4.30496,405.77103
2025-06-19 23:15:48+07:00,26.30000,76.40000,35.50000,50.70000,4.22255,405.85226
2025-06-19 23:16:38+07:00,26.20000,76.50000,33.60000,51.80000,4.41690,405.83188
2025-06-19 23:17:27+07:00,26.20000,76.50000,35.40000,53.70000,3.94000,405.84207
2025-06-19 23:18:16+07:00,26.20000,76.50000,32.90000,47.30000,3.67319,405.68076
2025-06-19 23:19:06+07:00,26.20000,76.60000,33.50000,51.10000,4.36063,405.56226
2025-06-19 23:19:55+07:00,26.20000,76.60000,34.60000,49.80000,3.68130,405.75085
2025-06-19 23:20:45+07:00,26.20000,76.70000,35.20000,54.10000,4.29574,405.85226
2025-06-19 23:21:34+07:00,26.20000,76.70000,34.00000,49.70000,4.35132,405.92416
2025-06-19 23:22:23+07:00,26.10000,76.80000,33.30000,49.20000,4.02657,405.88300
2025-06-19 23:23:13+07:00,26.10000,76.90000,34.50000,52.60000,4.29574,405.84207
2025-06-19 23:24:02+07:00,26.10000,77.00000,34.10000,47.20000,4.33272,405.89325
2025-06-19 23:24:52+07:00,26.20000,76.70000,35.30000,51.90000,4.48331,405.80139
2025-06-19 23:25:41+07:00,26.20000,76.60000,34.90000,50.50000,3.64091,405.91385
2025-06-19 23:26:30+07:00,26.20000,76.70000,34.70000,51.90000,4.36997,405.83188
2025-06-19 23:27:20+07:00,26.20000,76.70000,34.70000,50.30000,4.27734,405.49411
2025-06-19 23:28:09+07:00,26.20000,76.80000,36.50000,52.20000,4.34201,405.70071
2025-06-19 23:29:05+07:00,26.10000,76.80000,34.40000,51.60000,3.80467,405.58185
2025-06-19 23:29:54+07:00,26.10000,76.90000,35.30000,52.70000,4.44526,405.78113
2025-06-19 23:30:44+07:00,26.10000,77.00000,34.60000,50.50000,4.37932,405.81152
2025-06-19 23:31:33+07:00,26.10000,77.10000,35.10000,53.50000,4.36063,405.69073
2025-06-19 23:32:22+07:00,26.20000,76.80000,35.40000,56.70000,4.36063,405.82169
2025-06-19 23:33:12+07:00,26.20000,76.70000,33.90000,51.70000,3.86340,404.44611
2025-06-19 23:34:01+07:00,26.20000,76.50000,35.20000,54.40000,4.01784,405.87274
2025-06-19 23:34:51+07:00,26.10000,76.70000,34.70000,54.80000,4.04407,405.88300
2025-06-19 23:35:40+07:00,26.20000,76.80000,35.10000,55.00000,3.78803,406.07016
2025-06-19 23:36:30+07:00,26.20000,76.60000,35.00000,53.40000,3.87185,405.84207
2025-06-19 23:38:17+07:00,26.10000,76.90000,34.10000,52.90000,4.38870,405.97595
2025-06-19 23:40:01+07:00,26.10000,77.10000,34.40000,51.80000,4.46425,405.91385
2025-06-19 23:40:53+07:00,26.10000,77.10000,33.70000,52.80000,4.35132,406.02814
2025-06-19 23:41:46+07:00,26.00000,77.10000,34.50000,52.20000,4.30496,405.91385
2025-06-19 23:42:36+07:00,26.00000,77.20000,35.20000,51.00000,4.47377,405.89325
2025-06-19 23:43:25+07:00,26.00000,77.20000,34.90000,52.50000,3.98309,406.05963
2025-06-19 23:44:15+07:00,26.00000,77.30000,35.80000,55.40000,4.46425,406.05963
2025-06-19 23:45:04+07:00,26.10000,77.30000,34.40000,51.90000,4.53124,406.07016
2025-06-19 23:45:53+07:00,26.10000,77.20000,34.70000,52.20000,4.50243,406.12305
2025-06-19 23:46:43+07:00,26.10000,77.10000,34.20000,53.40000,4.54088,405.90353
2025-06-19 23:47:32+07:00,26.10000,77.10000,34.60000,51.70000,4.53124,406.05963
2025-06-19 23:48:29+07:00,26.10000,77.20000,34.20000,52.70000,4.48331,406.00723
2025-06-19 23:49:24+07:00,26.10000,77.30000,33.80000,49.90000,4.56990,405.05435
2025-06-19 23:50:14+07:00,26.10000,77.20000,34.30000,51.00000,4.24987,405.92416
2025-06-19 23:51:04+07:00,26.10000,77.20000,34.40000,51.30000,3.85497,406.13367
2025-06-19 23:51:53+07:00,26.10000,77.40000,33.60000,54.20000,4.51202,406.10184
2025-06-19 23:52:49+07:00,26.00000,77.40000,34.30000,51.30000,4.50243,406.01767
2025-06-19 23:53:40+07:00,26.00000,77.40000,33.10000,52.60000,4.56021,405.63113
2025-06-19 23:54:29+07:00,26.00000,77.50000,34.20000,52.40000,3.83814,406.25153
2025-06-19 23:55:22+07:00,26.00000,77.60000,35.50000,53.50000,4.51202,406.14429
2025-06-19 23:56:12+07:00,26.00000,77.60000,33.40000,51.20000,4.55054,406.05963
2025-06-19 23:57:02+07:00,26.00000,77.60000,34.50000,52.20000,4.44526,405.87274
2025-06-19 23:57:52+07:00,26.00000,77.60000,33.50000,51.00000,4.51202,406.07016
2025-06-19 23:58:41+07:00,26.00000,77.50000,33.00000,51.70000,4.53124,406.08072
2025-06-19 23:59:31+07:00,26.00000,77.50000,34.30000,53.00000,4.05284,405.46509
2025-06-20 00:00:23+07:00,26.00000,77.50000,34.50000,55.30000,4.38870,405.98636
2025-06-20 00:01:12+07:00,26.00000,77.60000,35.40000,52.50000,4.62839,406.28403
2025-06-20 00:02:02+07:00,26.00000,77.60000,34.40000,53.00000,4.71729,406.20844
2025-06-20 00:02:54+07:00,26.00000,77.60000,35.20000,50.40000,4.62839,406.33847
2025-06-20 00:03:43+07:00,26.00000,77.60000,34.90000,51.30000,4.77735,406.31662
2025-06-20 00:05:25+07:00,25.90000,77.50000,34.50000,52.60000,4.87884,406.31662
2025-06-20 00:06:14+07:00,26.00000,77.60000,34.60000,54.00000,4.71729,406.25153
2025-06-20 00:07:03+07:00,26.00000,77.50000,34.50000,52.40000,4.63820,406.21921
2025-06-20 00:07:53+07:00,25.90000,77.50000,33.50000,54.00000,4.73724,406.28403
2025-06-20 00:08:45+07:00,26.00000,77.50000,33.00000,49.80000,4.22255,406.13367
2025-06-20 00:09:35+07:00,26.00000,77.50000,33.40000,51.60000,4.66773,406.39331
2025-06-20 00:10:24+07:00,25.90000,77.50000,34.80000,54.20000,4.69742,406.05963
2025-06-20 00:11:14+07:00,25.90000,77.50000,34.80000,49.50000,4.62839,406.18701
2025-06-20 00:12:03+07:00,26.00000,77.50000,34.00000,53.60000,4.56990,406.14429
2025-06-20 00:12:57+07:00,26.00000,77.40000,32.60000,51.60000,4.47377,405.86249
2025-06-20 00:13:46+07:00,26.00000,77.40000,33.70000,50.40000,4.32345,405.99680
2025-06-20 00:14:44+07:00,26.00000,77.50000,33.10000,49.10000,4.58933,405.73077
2025-06-20 00:16:32+07:00,25.90000,77.50000,33.30000,50.50000,4.58933,405.90353
2025-06-20 00:17:24+07:00,26.00000,77.40000,32.80000,49.80000,4.55054,406.13367
2025-06-20 00:18:14+07:00,26.00000,77.40000,35.30000,51.10000,4.63820,405.99680
2025-06-20 00:19:08+07:00,25.90000,77.40000,34.60000,52.80000,4.13251,405.85226
2025-06-20 00:20:04+07:00,25.90000,77.50000,32.30000,46.50000,4.38870,405.81152
2025-06-20 00:21:26+07:00,25.90000,77.40000,33.50000,52.70000,4.67761,405.43625
2025-06-20 00:21:58+07:00,25.90000,77.40000,32.00000,47.90000,4.64803,405.99680
2025-06-20 00:22:50+07:00,25.90000,77.40000,33.70000,52.60000,4.61860,406.14429
2025-06-20 00:23:39+07:00,25.90000,77.40000,34.10000,49.00000,4.47377,406.20844
2025-06-20 00:24:34+07:00,25.90000,77.40000,34.10000,49.70000,4.64803,405.94482
2025-06-20 00:25:32+07:00,25.90000,77.30000,34.50000,52.70000,4.48331,406.09128
2025-06-20 00:26:22+07:00,26.00000,77.20000,33.00000,50.60000,4.61860,406.12305
2025-06-20 00:27:12+07:00,26.00000,77.00000,34.50000,51.90000,3.07030,405.42664
2025-06-20 00:28:02+07:00,26.00000,77.00000,33.80000,53.80000,4.52162,406.00723
2025-06-20 00:28:51+07:00,26.10000,76.80000,33.60000,49.80000,4.48331,405.60153
2025-06-20 00:29:41+07:00,26.00000,76.90000,33.20000,50.30000,4.13251,405.97595
2025-06-20 00:30:30+07:00,26.00000,76.80000,35.10000,52.80000,4.62839,405.72073
2025-06-20 00:31:20+07:00,26.00000,76.90000,33.90000,51.60000,4.59907,406.21921
2025-06-20 00:32:09+07:00,26.00000,76.90000,35.80000,53.30000,4.80761,406.16562
2025-06-20 00:32:58+07:00,26.10000,76.80000,34.50000,53.20000,4.56990,405.88300
2025-06-20 00:33:48+07:00,26.10000,76.70000,35.40000,58.30000,4.58933,406.10184
2025-06-20 00:34:37+07:00,26.10000,76.70000,36.10000,54.20000,4.24075,405.98636
2025-06-20 00:35:27+07:00,26.10000,76.60000,33.40000,50.60000,4.08809,406.09128
2025-06-20 00:36:16+07:00,26.10000,76.60000,34.40000,50.70000,4.72726,406.00723
2025-06-20 00:37:05+07:00,26.10000,76.70000,35.50000,55.70000,4.69742,406.12305
2025-06-20 00:37:55+07:00,26.10000,76.60000,34.90000,52.50000,4.69742,406.12305
2025-06-20 00:38:44+07:00,26.00000,76.70000,32.40000,49.90000,4.45475,406.07016
2025-06-20 00:39:34+07:00,26.00000,76.80000,33.60000,49.50000,4.50243,404.34164
2025-06-20 00:40:23+07:00,25.90000,76.90000,34.90000,52.80000,4.58933,406.00723
2025-06-20 00:41:13+07:00,25.90000,77.00000,34.10000,52.60000,4.61860,406.05963
2025-06-20 00:42:02+07:00,25.90000,76.90000,33.50000,53.60000,4.28653,405.88300
2025-06-20 00:42:54+07:00,25.90000,76.80000,34.00000,52.00000,4.53124,405.97595
2025-06-20 00:43:43+07:00,26.00000,76.50000,34.50000,54.10000,4.78741,405.32205
2025-06-20 00:44:32+07:00,26.00000,76.60000,33.80000,54.10000,4.63820,405.94482
2025-06-20 00:45:22+07:00,25.90000,76.60000,35.00000,52.70000,4.60883,406.05963
2025-06-20 00:47:03+07:00,26.00000,76.60000,35.90000,55.50000,4.78741,406.24075
2025-06-20 00:47:52+07:00,26.00000,76.30000,35.10000,53.00000,4.68750,406.17630
2025-06-20 00:48:42+07:00,26.00000,76.40000,35.90000,56.40000,4.80761,406.11243
2025-06-20 00:49:31+07:00,26.00000,76.40000,34.10000,55.40000,4.75726,406.22995
2025-06-20 00:50:20+07:00,26.00000,76.10000,34.50000,56.50000,4.69742,406.11243
2025-06-20 00:51:10+07:00,26.00000,76.10000,34.50000,53.60000,4.75726,406.13367
2025-06-20 00:51:59+07:00,25.90000,76.30000,34.90000,54.20000,4.73724,406.20844
2025-06-20 00:52:49+07:00,25.90000,76.30000,32.60000,50.70000,3.98309,406.08072
2025-06-20 00:53:38+07:00,25.90000,76.40000,34.80000,59.70000,4.69742,406.17630
2025-06-20 00:54:27+07:00,25.90000,76.30000,34.00000,50.50000,4.20441,406.14429
2025-06-20 00:55:17+07:00,25.90000,76.40000,35.40000,54.20000,4.77735,405.95520
2025-06-20 00:56:06+07:00,25.90000,76.40000,34.70000,54.40000,4.04407,406.12305
2025-06-20 00:56:56+07:00,25.90000,76.30000,34.40000,53.60000,4.72726,406.08072
2025-06-20 00:58:37+07:00,25.90000,76.40000,34.00000,52.30000,4.80761,406.04913
2025-06-20 00:59:26+07:00,25.90000,76.30000,35.20000,55.10000,4.70735,406.09128
2025-06-20 01:00:15+07:00,25.90000,76.40000,33.90000,55.60000,4.76729,406.03864
2025-06-20 01:01:08+07:00,25.90000,76.60000,34.00000,52.70000,4.72726,406.01767
2025-06-20 01:01:57+07:00,25.90000,76.40000,34.70000,52.20000,4.83803,406.05963
2025-06-20 01:02:47+07:00,25.90000,76.40000,33.30000,51.00000,4.08809,405.90353
2025-06-20 01:03:37+07:00,25.90000,76.60000,33.40000,51.20000,4.65787,405.97595
2025-06-20 01:04:26+07:00,25.90000,76.50000,33.90000,52.00000,4.03531,405.99680
2025-06-20 01:05:16+07:00,25.90000,76.50000,34.30000,52.80000,4.71729,405.97595
2025-06-20 01:06:05+07:00,25.90000,76.50000,35.00000,53.10000,4.77735,405.89325
2025-06-20 01:06:55+07:00,25.90000,76.40000,34.80000,53.30000,4.66773,406.05963
2025-06-20 01:07:48+07:00,25.90000,76.40000,33.60000,52.00000,4.20441,405.96558
2025-06-20 01:08:37+07:00,25.90000,76.50000,34.20000,54.60000,4.68750,405.94482
2025-06-20 01:09:27+07:00,25.90000,76.50000,34.30000,51.30000,4.75726,406.04913
2025-06-20 01:10:17+07:00,25.90000,76.40000,33.00000,49.60000,4.66773,405.95520
2025-06-20 01:11:06+07:00,25.90000,76.40000,34.30000,55.30000,4.19537,406.08072
2025-06-20 01:11:56+07:00,25.90000,76.30000,33.80000,50.30000,4.67761,405.97595
2025-06-20 01:12:45+07:00,25.90000,76.20000,33.80000,51.00000,4.80761,405.56226
2025-06-20 01:13:35+07:00,25.90000,76.30000,34.50000,53.00000,4.69742,405.94482
2025-06-20 01:14:25+07:00,25.90000,76.30000,35.30000,53.10000,4.59907,405.96558
2025-06-20 01:15:14+07:00,25.90000,76.30000,33.80000,51.60000,4.70735,405.88300
2025-06-20 01:16:04+07:00,25.90000,76.30000,34.00000,53.10000,4.72726,405.85226
2025-06-20 01:16:53+07:00,25.90000,76.40000,33.10000,51.70000,4.63820,405.92416
2025-06-20 01:17:43+07:00,25.90000,76.30000,35.10000,54.60000,4.71729,405.88300
2025-06-20 01:18:32+07:00,25.90000,76.30000,33.80000,52.10000,4.71729,405.93448
2025-06-20 01:19:22+07:00,25.90000,76.10000,35.40000,55.50000,4.67761,405.77103
2025-06-20 01:20:11+07:00,26.00000,76.10000,32.50000,51.70000,4.66773,405.86249
2025-06-20 01:21:01+07:00,25.90000,76.10000,35.00000,54.20000,4.75726,405.90353
2025-06-20 01:21:50+07:00,25.90000,76.30000,33.50000,50.10000,4.73724,405.85226
2025-06-20 01:22:39+07:00,25.90000,76.30000,32.20000,51.50000,4.56990,405.87274
2025-06-20 01:23:30+07:00,25.80000,76.40000,33.70000,53.40000,4.66773,405.90353
2025-06-20 01:24:19+07:00,25.80000,76.50000,33.30000,53.40000,4.07926,405.92416
2025-06-20 01:25:09+07:00,25.80000,76.50000,32.60000,50.40000,4.63820,405.84207
2025-06-20 01:26:02+07:00,25.80000,76.50000,33.20000,51.60000,4.67761,405.83188
2025-06-20 01:26:52+07:00,25.80000,76.50000,32.80000,51.70000,4.49286,405.82169
2025-06-20 01:27:42+07:00,25.80000,76.50000,32.70000,50.80000,4.58933,405.92416
2025-06-20 01:28:31+07:00,25.80000,76.50000,33.40000,52.20000,4.50243,405.87274
2025-06-20 01:29:20+07:00,25.80000,76.60000,31.60000,51.20000,4.62839,405.80139
2025-06-20 01:30:10+07:00,25.80000,76.60000,33.80000,54.10000,4.60883,405.89325
2025-06-20 01:30:59+07:00,25.80000,76.60000,33.50000,53.80000,4.62839,405.72073
2025-06-20 01:31:48+07:00,25.80000,76.50000,33.70000,51.40000,4.52162,405.84207
2025-06-20 01:32:41+07:00,25.90000,76.30000,33.00000,51.00000,4.56021,405.80139
2025-06-20 01:33:30+07:00,25.80000,76.40000,32.10000,50.10000,4.70735,405.88300
2025-06-20 01:34:20+07:00,25.80000,76.30000,33.10000,49.10000,4.01784,405.89325
2025-06-20 01:35:09+07:00,25.80000,76.20000,31.60000,48.80000,4.60883,405.86249
2025-06-20 01:36:01+07:00,25.80000,76.40000,32.50000,47.10000,4.62839,405.80139
2025-06-20 01:36:50+07:00,25.80000,76.40000,34.00000,54.30000,3.88879,404.98254
2025-06-20 01:37:40+07:00,25.80000,76.50000,31.50000,48.50000,4.59907,405.80139
2025-06-20 01:38:29+07:00,25.80000,76.50000,35.10000,54.20000,4.55054,405.88300
2025-06-20 01:39:19+07:00,25.80000,76.50000,33.90000,51.30000,4.51202,405.79126
2025-06-20 01:40:08+07:00,25.80000,76.50000,34.80000,56.30000,4.52162,405.69073
2025-06-20 01:40:58+07:00,25.80000,76.50000,33.70000,53.00000,4.60883,405.74081
2025-06-20 01:41:47+07:00,25.80000,76.30000,33.40000,51.30000,4.36063,405.42664
2025-06-20 01:42:37+07:00,25.90000,76.20000,34.00000,52.30000,4.39808,405.76093
2025-06-20 01:43:26+07:00,25.80000,76.20000,34.70000,52.30000,3.69756,405.80139
2025-06-20 01:44:15+07:00,25.80000,76.30000,35.50000,55.20000,4.54088,405.73077
2025-06-20 01:45:05+07:00,25.80000,76.30000,34.30000,50.80000,4.43579,405.66086
2025-06-20 01:45:57+07:00,25.80000,76.20000,34.10000,54.50000,4.38870,405.67081
2025-06-20 01:46:46+07:00,25.80000,76.20000,33.30000,53.10000,4.41690,405.68076
2025-06-20 01:47:35+07:00,25.80000,76.20000,32.90000,51.50000,4.49286,405.66086
2025-06-20 01:48:29+07:00,25.80000,76.30000,33.90000,52.40000,4.37932,405.46509
2025-06-20 01:49:19+07:00,25.70000,76.40000,33.50000,51.90000,4.35132,405.58185
2025-06-20 01:50:08+07:00,25.80000,76.40000,32.00000,53.30000,4.30496,405.44583
2025-06-20 01:50:57+07:00,25.70000,76.30000,33.80000,54.20000,4.30496,405.57205
2025-06-20 01:51:47+07:00,25.70000,76.30000,34.70000,53.20000,4.41690,405.57205
2025-06-20 01:52:36+07:00,25.70000,76.50000,33.80000,52.70000,4.41690,405.63113
2025-06-20 01:53:25+07:00,25.70000,76.40000,35.00000,55.60000,4.41690,405.76093
2025-06-20 01:54:15+07:00,25.70000,76.40000,34.60000,55.40000,4.36997,405.75085
2025-06-20 01:55:04+07:00,25.70000,76.30000,33.10000,52.60000,4.40748,405.65094
2025-06-20 01:55:54+07:00,25.70000,76.20000,33.30000,51.20000,4.44526,405.70071
2025-06-20 01:56:43+07:00,25.70000,76.20000,34.30000,54.10000,4.04407,405.68076
2025-06-20 01:57:32+07:00,25.70000,76.20000,33.10000,52.60000,3.79634,405.63113
2025-06-20 01:58:23+07:00,25.70000,76.20000,34.20000,52.90000,4.21347,405.80139
2025-06-20 01:59:12+07:00,25.70000,76.20000,34.70000,54.80000,4.47377,405.52322
2025-06-20 02:00:01+07:00,25.70000,76.00000,33.10000,52.50000,4.24075,405.69073
2025-06-20 02:00:54+07:00,25.80000,76.00000,34.20000,53.50000,4.45475,405.50378
2025-06-20 02:01:47+07:00,25.70000,76.10000,34.10000,55.00000,4.36997,405.73077
2025-06-20 02:02:37+07:00,25.70000,76.10000,33.60000,52.10000,4.48331,405.77103
2025-06-20 02:03:29+07:00,25.70000,76.00000,34.20000,54.90000,3.95719,405.46509
2025-06-20 02:04:19+07:00,25.70000,75.90000,35.40000,57.20000,3.76318,405.72073
2025-06-20 02:05:08+07:00,25.70000,76.00000,35.00000,55.00000,4.46425,405.61139
2025-06-20 02:05:57+07:00,25.70000,76.00000,35.20000,52.80000,4.55054,405.57205
2025-06-20 02:06:47+07:00,25.70000,76.00000,34.90000,55.00000,4.27734,405.82169
2025-06-20 02:07:36+07:00,25.70000,76.10000,35.10000,53.20000,4.02657,405.96558
2025-06-20 02:08:25+07:00,25.70000,76.10000,37.10000,58.30000,4.66773,405.84207
2025-06-20 02:09:15+07:00,25.70000,76.10000,35.40000,56.00000,4.72726,405.84207
2025-06-20 02:10:04+07:00,25.70000,76.10000,35.20000,56.60000,4.67761,405.94482
2025-06-20 02:10:54+07:00,25.70000,76.10000,37.40000,58.30000,4.76729,405.99680
2025-06-20 02:11:43+07:00,25.70000,76.00000,34.90000,53.80000,4.77735,405.81152
2025-06-20 02:12:32+07:00,25.70000,76.00000,34.80000,57.80000,4.73724,405.82169
2025-06-20 02:13:22+07:00,25.70000,76.10000,34.70000,53.20000,4.58933,405.88300
2025-06-20 02:14:11+07:00,25.70000,76.10000,34.20000,56.30000,4.70735,405.99680
2025-06-20 02:15:01+07:00,25.70000,76.10000,35.60000,54.00000,4.60883,405.71072
2025-06-20 02:15:50+07:00,25.70000,76.10000,36.30000,59.00000,4.49286,405.71072
2025-06-20 02:16:39+07:00,25.60000,76.00000,36.20000,53.90000,4.53124,405.16373
2025-06-20 02:17:29+07:00,25.70000,76.00000,36.50000,58.30000,4.17733,405.59167
2025-06-20 02:18:20+07:00,25.70000,76.00000,36.00000,57.00000,4.56021,405.90353
2025-06-20 02:19:09+07:00,25.70000,75.90000,35.00000,55.20000,4.11470,405.39795
2025-06-20 02:19:59+07:00,25.70000,76.00000,36.90000,57.20000,4.22255,405.90353
2025-06-20 02:20:48+07:00,25.70000,76.00000,36.00000,58.30000,4.00913,405.96558
2025-06-20 02:21:38+07:00,25.70000,75.90000,35.20000,58.10000,4.56990,405.84207
2025-06-20 02:22:27+07:00,25.70000,76.00000,35.70000,56.50000,4.67761,405.38840
2025-06-20 02:23:16+07:00,25.60000,76.00000,36.20000,57.00000,4.68750,405.87274
2025-06-20 02:24:06+07:00,25.60000,75.90000,36.00000,55.70000,4.75726,405.86249
2025-06-20 02:24:55+07:00,25.60000,75.90000,35.20000,55.10000,4.19537,405.16373
2025-06-20 02:25:45+07:00,25.60000,75.90000,36.50000,57.70000,4.84820,405.89325
2025-06-20 02:26:34+07:00,25.60000,75.90000,36.50000,58.70000,4.59907,405.83188
2025-06-20 02:27:24+07:00,25.70000,75.80000,38.00000,57.10000,4.69742,405.90353
2025-06-20 02:28:13+07:00,25.70000,75.70000,37.90000,62.50000,4.87884,405.82169
2025-06-20 02:29:02+07:00,25.70000,75.60000,37.20000,61.10000,4.76729,405.88300
2025-06-20 02:29:52+07:00,25.80000,75.60000,36.70000,55.90000,4.72726,405.97595
2025-06-20 02:30:41+07:00,25.80000,75.50000,36.90000,57.90000,4.72726,405.83188
2025-06-20 02:31:31+07:00,25.80000,75.40000,35.90000,57.80000,4.77735,405.86249
2025-06-20 02:32:20+07:00,25.90000,75.30000,37.30000,54.80000,4.72726,405.82169
2025-06-20 02:33:09+07:00,25.80000,75.30000,38.70000,62.20000,4.78741,405.94482
2025-06-20 02:33:59+07:00,25.80000,75.40000,36.80000,56.10000,4.04407,405.90353
2025-06-20 02:34:48+07:00,25.80000,75.40000,36.70000,59.20000,4.76729,405.86249
2025-06-20 02:35:38+07:00,25.80000,75.40000,37.70000,58.70000,4.75726,405.84207
2025-06-20 02:36:27+07:00,25.80000,75.40000,36.10000,56.00000,4.03531,405.89325
2025-06-20 02:37:17+07:00,25.80000,75.50000,37.00000,58.60000,4.00913,405.91385
2025-06-20 02:38:06+07:00,25.80000,75.30000,35.90000,55.70000,4.75726,405.93448
2025-06-20 02:38:55+07:00,25.80000,75.40000,36.30000,56.90000,4.70735,405.87274
2025-06-20 02:39:45+07:00,25.80000,75.50000,38.40000,57.10000,4.77735,405.88300
2025-06-20 02:40:34+07:00,25.80000,75.60000,35.70000,58.50000,4.11470,405.82169
2025-06-20 02:41:24+07:00,25.80000,75.50000,35.90000,55.60000,4.78741,405.88300
2025-06-20 02:42:13+07:00,25.70000,75.70000,36.30000,57.10000,4.73724,404.89395
2025-06-20 02:43:02+07:00,25.70000,75.50000,38.70000,61.10000,4.54088,405.77103
2025-06-20 02:43:52+07:00,25.70000,75.60000,37.10000,58.20000,4.49286,405.86249
2025-06-20 02:44:41+07:00,25.70000,75.70000,38.20000,57.40000,4.71729,405.76093
2025-06-20 02:45:30+07:00,25.80000,75.60000,37.10000,58.10000,4.76729,405.84207
2025-06-20 02:46:20+07:00,25.70000,75.60000,37.90000,57.80000,4.60883,405.76093
2025-06-20 02:47:09+07:00,25.80000,75.50000,37.40000,56.00000,4.76729,405.71072
2025-06-20 02:47:59+07:00,25.80000,75.40000,36.80000,56.10000,4.69742,405.79126
2025-06-20 02:48:48+07:00,25.80000,75.50000,37.90000,58.70000,4.76729,405.82169
2025-06-20 02:49:40+07:00,25.80000,75.50000,37.30000,56.80000,3.96581,405.72073
2025-06-20 02:50:30+07:00,25.80000,75.40000,36.80000,58.40000,4.59907,405.67081
2025-06-20 02:51:19+07:00,25.80000,75.40000,36.90000,61.60000,4.59907,405.74081
2025-06-20 02:52:09+07:00,25.80000,75.50000,37.20000,59.80000,4.62839,405.80139
2025-06-20 02:52:58+07:00,25.80000,75.40000,35.20000,55.60000,4.13251,405.70071
2025-06-20 02:53:51+07:00,25.80000,75.40000,37.00000,58.50000,4.74724,405.84207
2025-06-20 02:54:41+07:00,25.80000,75.20000,35.70000,55.80000,4.62839,405.75085
2025-06-20 02:55:31+07:00,25.80000,75.40000,35.80000,56.30000,4.64803,404.85889
2025-06-20 02:56:20+07:00,25.70000,75.50000,36.50000,57.80000,4.58933,405.78113
2025-06-20 02:57:13+07:00,25.70000,75.50000,36.40000,56.90000,4.70735,405.74081
2025-06-20 02:58:02+07:00,25.70000,75.40000,37.00000,55.30000,4.45475,405.72073
2025-06-20 02:58:51+07:00,25.70000,75.30000,36.60000,58.50000,4.61860,405.74081
2025-06-20 02:59:41+07:00,25.80000,75.30000,35.90000,56.80000,4.64803,405.72073
2025-06-20 03:00:30+07:00,25.80000,75.20000,34.50000,53.40000,4.51202,405.73077
2025-06-20 03:01:19+07:00,25.80000,75.10000,38.00000,59.00000,4.54088,405.61139
2025-06-20 03:02:09+07:00,25.70000,75.40000,36.10000,56.50000,4.30496,405.71072
2025-06-20 03:02:58+07:00,25.70000,75.40000,35.90000,54.40000,4.56990,405.55249
2025-06-20 03:03:48+07:00,25.80000,75.30000,36.90000,56.20000,4.63820,405.65094
2025-06-20 03:04:37+07:00,25.80000,75.30000,35.90000,55.10000,4.60883,405.75085
2025-06-20 03:05:26+07:00,25.80000,75.00000,35.80000,56.30000,4.56021,405.58185
2025-06-20 03:06:16+07:00,25.90000,74.60000,36.00000,55.90000,4.56021,405.64102
2025-06-20 03:07:05+07:00,25.90000,74.70000,35.70000,56.10000,4.24987,405.71072
2025-06-20 03:07:55+07:00,25.80000,74.70000,34.50000,55.20000,4.31420,405.66086
2025-06-20 03:08:44+07:00,25.80000,74.90000,34.80000,54.60000,4.49286,405.58185
2025-06-20 03:09:34+07:00,25.80000,75.00000,34.70000,53.30000,4.67761,405.65094
2025-06-20 03:10:23+07:00,25.80000,74.90000,35.00000,53.50000,4.49286,405.70071
2025-06-20 03:11:16+07:00,25.80000,74.90000,35.90000,56.30000,4.40748,405.63113
2025-06-20 03:12:06+07:00,25.80000,74.90000,35.10000,54.60000,4.55054,405.59167
2025-06-20 03:12:55+07:00,25.80000,75.00000,35.10000,53.60000,4.64803,405.70071
2025-06-20 03:13:45+07:00,25.70000,74.90000,35.10000,55.30000,4.53124,405.63113
2025-06-20 03:14:34+07:00,25.80000,74.90000,34.30000,51.60000,4.52162,405.68076
2025-06-20 03:15:23+07:00,25.80000,74.90000,34.10000,52.30000,4.00043,405.60153
2025-06-20 03:16:13+07:00,25.80000,74.80000,34.80000,53.70000,4.28653,405.59167
2025-06-20 03:17:03+07:00,25.80000,74.90000,35.20000,54.90000,3.98309,405.62125
2025-06-20 03:17:52+07:00,25.80000,74.70000,34.80000,53.20000,4.52162,405.69073
2025-06-20 03:18:42+07:00,25.90000,74.70000,33.70000,51.10000,4.47377,405.67081
2025-06-20 03:19:36+07:00,25.80000,74.60000,34.00000,53.20000,4.56021,405.59167
2025-06-20 03:20:29+07:00,25.80000,74.40000,34.30000,51.90000,4.53124,405.66086
2025-06-20 03:21:23+07:00,25.70000,74.80000,33.40000,54.50000,4.43579,405.70071
2025-06-20 03:22:13+07:00,25.70000,74.70000,33.30000,49.90000,4.52162,405.62125
2025-06-20 03:23:02+07:00,25.60000,74.70000,33.90000,51.50000,4.53124,405.53296
2025-06-20 03:23:53+07:00,25.70000,74.90000,35.80000,56.90000,4.50243,405.65094
2025-06-20 03:24:42+07:00,25.70000,74.90000,34.30000,55.30000,4.56021,405.61139
2025-06-20 03:25:32+07:00,25.70000,74.70000,32.90000,48.30000,4.50243,405.62125
2025-06-20 03:26:21+07:00,25.60000,74.70000,34.70000,52.10000,4.47377,405.72073
2025-06-20 03:27:11+07:00,25.70000,74.70000,33.50000,52.60000,4.49286,405.63113
2025-06-20 03:28:52+07:00,25.60000,74.90000,33.80000,50.40000,4.56990,405.60153
2025-06-20 03:29:41+07:00,25.60000,75.00000,32.80000,51.00000,4.41690,405.70071
2025-06-20 03:30:31+07:00,25.50000,75.00000,34.40000,56.80000,4.47377,405.54272
2025-06-20 03:31:20+07:00,25.50000,75.10000,33.10000,52.40000,4.02657,405.57205
2025-06-20 03:32:09+07:00,25.50000,75.10000,34.70000,52.60000,4.58933,405.66086
2025-06-20 03:32:59+07:00,25.60000,75.10000,33.40000,50.60000,4.51202,405.59167
2025-06-20 03:33:49+07:00,25.60000,75.00000,34.00000,52.30000,4.43579,405.62125
2025-06-20 03:34:38+07:00,25.60000,75.00000,33.10000,50.80000,4.39808,405.60153
2025-06-20 03:35:28+07:00,25.60000,75.10000,35.10000,56.70000,4.44526,405.55249
2025-06-20 03:36:17+07:00,25.60000,75.10000,34.10000,52.00000,4.49286,405.58185
2025-06-20 03:37:06+07:00,25.60000,74.90000,34.90000,53.80000,4.57961,405.55249
2025-06-20 03:37:56+07:00,25.60000,74.90000,33.80000,52.50000,4.42634,405.61139
2025-06-20 03:38:45+07:00,25.70000,74.70000,34.90000,53.00000,4.47377,405.59167
2025-06-20 03:39:35+07:00,25.70000,74.60000,34.10000,51.80000,4.47377,405.54272
2025-06-20 03:40:24+07:00,25.70000,74.60000,34.90000,53.10000,4.54088,405.62125
2025-06-20 03:41:13+07:00,25.60000,74.70000,33.80000,50.10000,4.42634,404.71222
2025-06-20 03:42:03+07:00,25.70000,74.80000,34.70000,53.70000,4.41690,405.53296
2025-06-20 03:42:52+07:00,25.70000,74.70000,32.00000,50.50000,4.39808,405.54272
2025-06-20 03:43:42+07:00,25.70000,74.30000,34.80000,52.20000,4.48331,405.44583
2025-06-20 03:44:31+07:00,25.60000,74.50000,34.40000,53.40000,3.82975,405.56226
2025-06-20 03:45:20+07:00,25.70000,74.40000,35.00000,54.50000,4.45475,405.60153
2025-06-20 03:46:10+07:00,25.70000,74.40000,31.30000,48.70000,4.45475,405.54272
2025-06-20 03:46:59+07:00,25.70000,74.70000,34.10000,51.10000,4.43579,405.51349
2025-06-20 03:47:48+07:00,25.60000,74.80000,32.60000,49.90000,4.37932,405.59167
2025-06-20 03:48:38+07:00,25.70000,74.70000,33.70000,48.70000,4.42634,405.56226
2025-06-20 03:49:27+07:00,25.70000,74.50000,33.80000,50.80000,4.50243,405.60153
2025-06-20 03:50:17+07:00,25.70000,74.50000,33.10000,50.00000,4.41690,405.61139
2025-06-20 03:51:06+07:00,25.60000,74.50000,31.40000,48.70000,4.35132,405.44583
2025-06-20 03:51:55+07:00,25.60000,74.60000,31.50000,48.90000,4.29574,405.35989
2025-06-20 03:52:45+07:00,25.50000,74.60000,32.10000,49.50000,4.36063,405.51349
2025-06-20 03:53:34+07:00,25.50000,74.60000,31.70000,48.10000,4.41690,405.47476
2025-06-20 03:54:24+07:00,25.50000,74.60000,32.50000,51.40000,4.44526,405.54272
2025-06-20 03:55:13+07:00,25.40000,74.60000,31.60000,46.80000,4.07926,405.42664
2025-06-20 03:56:05+07:00,25.50000,74.70000,31.40000,51.50000,3.82975,405.54272
2025-06-20 03:56:55+07:00,25.50000,74.60000,31.50000,50.60000,3.67319,405.54272
2025-06-20 03:57:44+07:00,25.50000,74.60000,32.90000,47.80000,4.47377,405.54272
2025-06-20 03:58:33+07:00,25.50000,74.70000,32.70000,48.00000,4.45475,405.50378
2025-06-20 03:59:23+07:00,25.50000,74.60000,31.70000,50.10000,4.51202,405.55249
2025-06-20 04:00:12+07:00,25.60000,74.40000,31.70000,50.70000,4.52162,405.48441
2025-06-20 04:01:02+07:00,25.50000,74.40000,32.00000,50.00000,4.63820,405.77103
2025-06-20 04:01:51+07:00,25.50000,74.40000,33.20000,50.20000,4.13251,405.83188
2025-06-20 04:02:41+07:00,25.50000,74.50000,31.30000,49.10000,4.82787,405.80139
2025-06-20 04:03:30+07:00,25.50000,74.50000,32.00000,49.70000,4.77735,405.83188
2025-06-20 04:04:19+07:00,25.50000,74.40000,30.30000,47.10000,4.77735,405.83188
2025-06-20 04:05:09+07:00,25.50000,74.50000,32.10000,47.30000,4.84820,405.97595
2025-06-20 04:05:58+07:00,25.50000,74.50000,32.70000,51.20000,4.87884,406.04913
2025-06-20 04:06:47+07:00,25.50000,74.50000,32.00000,50.00000,4.82787,405.94482
2025-06-20 04:07:37+07:00,25.50000,74.50000,32.10000,51.30000,4.87884,405.97595
2025-06-20 04:08:26+07:00,25.50000,74.60000,30.80000,44.70000,4.89935,405.93448
2025-06-20 04:09:16+07:00,25.50000,74.50000,32.20000,50.30000,4.97171,405.90353
2025-06-20 04:10:05+07:00,25.50000,74.50000,31.60000,48.30000,4.82787,406.00723
2025-06-20 04:10:55+07:00,25.40000,74.50000,31.00000,46.00000,4.84820,405.97595
2025-06-20 04:11:44+07:00,25.40000,74.50000,31.50000,48.50000,4.93026,405.88300
2025-06-20 04:12:33+07:00,25.40000,74.60000,31.10000,47.40000,4.88909,405.96558
2025-06-20 04:13:25+07:00,25.50000,74.50000,31.20000,46.70000,4.77735,405.99680
2025-06-20 04:14:15+07:00,25.50000,74.50000,31.50000,50.40000,4.23164,405.91385
2025-06-20 04:15:04+07:00,25.50000,74.40000,31.20000,47.70000,4.49286,405.92416
2025-06-20 04:15:54+07:00,25.50000,74.40000,31.70000,48.30000,4.76729,405.94482
2025-06-20 04:16:44+07:00,25.50000,74.50000,31.50000,46.40000,4.83803,405.95520
2025-06-20 04:17:33+07:00,25.50000,74.40000,30.60000,43.80000,4.75726,405.92416
2025-06-20 04:18:22+07:00,25.40000,74.40000,30.20000,45.40000,4.87884,405.97595
2025-06-20 04:19:12+07:00,25.40000,74.30000,32.30000,50.20000,4.73724,406.02814
2025-06-20 04:20:01+07:00,25.40000,74.40000,31.40000,49.90000,4.93026,405.91385
2025-06-20 04:20:51+07:00,25.50000,74.30000,30.50000,50.80000,4.72726,405.91385
2025-06-20 04:22:47+07:00,25.50000,74.20000,30.10000,48.40000,4.22255,406.00723
2025-06-20 04:23:36+07:00,25.40000,74.20000,29.80000,45.30000,4.83803,405.91385
2025-06-20 04:24:26+07:00,25.40000,74.30000,30.40000,48.40000,4.74724,405.96558
2025-06-20 04:25:15+07:00,25.40000,74.30000,30.30000,45.10000,4.75726,406.08072
2025-06-20 04:26:05+07:00,25.40000,74.30000,31.40000,47.10000,4.88909,406.01767
2025-06-20 04:26:54+07:00,25.40000,74.30000,30.60000,45.20000,4.82787,406.04913
2025-06-20 04:27:44+07:00,25.40000,74.40000,29.80000,47.60000,4.61860,405.93448
2025-06-20 04:28:33+07:00,25.40000,74.30000,31.00000,47.40000,4.06163,406.01767
2025-06-20 04:29:22+07:00,25.40000,74.40000,31.40000,47.30000,4.67761,405.96558
2025-06-20 04:30:12+07:00,25.40000,74.30000,30.00000,46.90000,4.81773,405.81152
2025-06-20 04:31:01+07:00,25.40000,74.30000,30.80000,47.30000,4.77735,405.92416
2025-06-20 04:31:50+07:00,25.40000,74.40000,32.40000,51.40000,4.78741,405.80139
2025-06-20 04:32:40+07:00,25.40000,74.30000,31.60000,46.60000,4.69742,405.84207
2025-06-20 04:33:29+07:00,25.50000,74.30000,30.50000,48.70000,4.63820,405.90353
2025-06-20 04:34:19+07:00,25.50000,74.10000,30.50000,45.20000,4.58933,405.86249
2025-06-20 04:35:08+07:00,25.60000,73.90000,30.10000,45.20000,3.93142,405.92416
2025-06-20 04:35:57+07:00,25.60000,74.00000,29.80000,43.50000,4.63820,405.95520
2025-06-20 04:36:47+07:00,25.50000,74.00000,29.20000,44.30000,4.66773,405.78113
2025-06-20 04:37:36+07:00,25.50000,74.20000,29.90000,45.70000,4.16833,405.77103
2025-06-20 04:38:25+07:00,25.50000,74.10000,31.30000,50.10000,4.54088,405.81152
2025-06-20 04:39:15+07:00,25.50000,74.10000,29.90000,42.40000,4.52162,405.79126
2025-06-20 04:40:04+07:00,25.50000,74.10000,30.40000,47.20000,4.13251,405.87274
2025-06-20 04:40:53+07:00,25.50000,74.10000,30.50000,45.70000,4.64803,405.79126
2025-06-20 04:41:43+07:00,25.40000,74.20000,30.50000,47.50000,3.88031,405.81152
2025-06-20 04:42:32+07:00,25.40000,74.20000,29.30000,45.00000,4.51202,405.75085
2025-06-20 04:43:21+07:00,25.50000,74.10000,29.30000,42.90000,4.14145,405.72073
2025-06-20 04:44:11+07:00,25.50000,74.20000,30.70000,45.90000,4.60883,405.81152
2025-06-20 04:45:00+07:00,25.40000,74.20000,30.60000,47.20000,4.49286,405.81152
2025-06-20 04:45:50+07:00,25.50000,74.20000,29.70000,44.00000,3.97444,405.84207
2025-06-20 04:46:39+07:00,25.50000,74.20000,29.70000,42.50000,4.61860,405.80139
2025-06-20 04:47:31+07:00,25.40000,74.30000,30.10000,44.50000,3.99175,405.73077
2025-06-20 04:48:20+07:00,25.50000,74.30000,31.30000,49.40000,4.60883,405.58185
2025-06-20 04:49:10+07:00,25.50000,74.30000,30.50000,47.50000,4.48331,405.70071
2025-06-20 04:49:59+07:00,25.50000,74.20000,30.30000,45.50000,4.43579,405.62125
2025-06-20 04:50:48+07:00,25.50000,74.10000,29.10000,43.80000,4.47377,405.65094
2025-06-20 04:51:38+07:00,25.50000,74.10000,29.00000,45.10000,4.44526,405.59167
2025-06-20 04:52:27+07:00,25.50000,74.20000,30.50000,44.80000,4.44526,405.67081
2025-06-20 04:53:16+07:00,25.60000,74.20000,30.10000,44.90000,4.25901,405.64102
2025-06-20 04:54:06+07:00,25.50000,74.00000,30.40000,44.80000,4.33272,405.64102
2025-06-20 04:54:55+07:00,25.50000,74.20000,29.80000,45.10000,3.88879,405.70071
2025-06-20 04:55:44+07:00,25.50000,74.10000,30.00000,46.20000,3.66510,405.66086
2025-06-20 04:56:34+07:00,25.50000,74.20000,30.10000,45.90000,3.96581,405.75085
2025-06-20 04:57:23+07:00,25.50000,74.10000,28.90000,47.30000,3.64896,405.61139
2025-06-20 04:58:13+07:00,25.50000,74.20000,30.80000,45.30000,4.23164,405.62125
2025-06-20 04:59:02+07:00,25.40000,74.40000,29.40000,43.40000,3.93142,405.57205
2025-06-20 04:59:51+07:00,25.50000,74.30000,29.60000,44.60000,4.27734,405.61139
2025-06-20 05:00:41+07:00,25.50000,74.20000,29.70000,41.50000,4.29574,405.49411
2025-06-20 05:01:30+07:00,25.40000,74.10000,30.10000,46.40000,4.26817,405.61139
2025-06-20 05:02:19+07:00,25.40000,74.20000,30.30000,47.50000,4.31420,405.56226
2025-06-20 05:04:10+07:00,25.40000,74.40000,29.80000,44.60000,4.34201,405.50378
2025-06-20 05:04:59+07:00,25.40000,74.30000,30.00000,45.20000,4.16833,405.48441
2025-06-20 05:05:48+07:00,25.40000,74.50000,30.10000,45.10000,4.17733,405.52322
2025-06-20 05:06:38+07:00,25.40000,74.40000,29.60000,45.20000,4.23164,405.54272
2025-06-20 05:07:27+07:00,25.50000,74.30000,28.90000,43.10000,4.30496,405.46509
2025-06-20 05:08:17+07:00,25.40000,74.00000,29.50000,46.90000,4.26817,405.52322
2025-06-20 05:09:06+07:00,25.40000,74.10000,30.40000,44.40000,4.30496,405.48441
2025-06-20 05:09:55+07:00,25.40000,74.10000,29.40000,47.70000,4.13251,405.33148
2025-06-20 05:10:45+07:00,25.50000,74.10000,30.10000,46.90000,4.14145,404.57755
2025-06-20 05:11:34+07:00,25.50000,74.00000,29.10000,44.40000,3.98309,405.33148
2025-06-20 05:12:23+07:00,25.50000,74.10000,29.30000,44.40000,4.14145,405.20987
2025-06-20 05:13:13+07:00,25.40000,74.10000,29.40000,46.20000,3.91433,405.36938
2025-06-20 05:14:02+07:00,25.40000,74.20000,30.10000,46.10000,3.64091,405.36938
2025-06-20 05:14:52+07:00,25.40000,74.20000,29.20000,43.60000,3.88031,405.32205
2025-06-20 05:15:41+07:00,25.40000,74.20000,27.30000,41.40000,3.97444,405.33148
2025-06-20 05:16:31+07:00,25.40000,74.10000,29.00000,44.00000,4.01784,405.20987
2025-06-20 05:17:20+07:00,25.30000,74.20000,29.00000,47.30000,3.76318,405.20987
2025-06-20 05:18:09+07:00,25.40000,74.10000,29.20000,47.20000,3.77145,405.26572
2025-06-20 05:18:59+07:00,25.40000,74.10000,28.50000,41.20000,3.98309,405.34094
2025-06-20 05:19:48+07:00,25.40000,74.10000,29.00000,44.10000,3.42140,405.09970
2025-06-20 05:20:38+07:00,25.40000,74.20000,27.80000,43.30000,3.81302,405.40750
2025-06-20 05:21:27+07:00,25.30000,74.40000,27.50000,41.80000,3.88879,405.20987
2025-06-20 05:22:17+07:00,25.40000,74.40000,28.40000,44.80000,3.63288,405.14536
2025-06-20 05:23:06+07:00,25.30000,74.30000,28.70000,44.20000,4.00043,405.00043
2025-06-20 05:23:55+07:00,25.30000,74.30000,28.70000,44.70000,3.28609,405.00937
2025-06-20 05:24:48+07:00,25.30000,74.40000,28.20000,43.00000,3.87185,404.20035
2025-06-20 05:25:37+07:00,25.30000,74.30000,28.90000,44.10000,3.26397,405.39795
2025-06-20 05:26:26+07:00,25.30000,74.30000,28.50000,44.30000,3.60089,404.90277
2025-06-20 05:27:16+07:00,25.30000,74.30000,29.20000,42.10000,3.72205,405.09061
2025-06-20 05:28:05+07:00,25.30000,74.40000,29.70000,43.30000,4.04407,405.25638
2025-06-20 05:28:55+07:00,25.30000,74.40000,29.00000,45.40000,3.91433,405.33148
2025-06-20 05:29:44+07:00,25.30000,74.40000,28.90000,43.10000,3.83814,405.32205
2025-06-20 05:30:33+07:00,25.30000,74.50000,27.80000,42.80000,3.82138,405.26572
2025-06-20 05:31:23+07:00,25.30000,74.50000,30.20000,44.60000,3.60887,405.32205
2025-06-20 05:32:12+07:00,25.30000,74.50000,28.70000,43.50000,3.75492,405.30322
2025-06-20 05:33:01+07:00,25.30000,74.50000,28.60000,43.40000,3.77973,405.22842
2025-06-20 05:33:51+07:00,25.30000,74.50000,29.50000,45.00000,3.30833,405.25638
2025-06-20 05:34:40+07:00,25.30000,74.50000,29.20000,41.80000,3.88879,405.30322
2025-06-20 05:35:29+07:00,25.30000,74.40000,30.20000,45.30000,3.45208,405.18216
2025-06-20 05:36:19+07:00,25.30000,74.50000,28.90000,42.50000,3.32323,405.26572
2025-06-20 05:37:09+07:00,25.40000,74.40000,28.70000,44.40000,3.91433,405.15454
2025-06-20 05:38:01+07:00,25.30000,74.40000,29.40000,44.50000,3.86340,405.01834
2025-06-20 05:38:50+07:00,25.30000,74.50000,28.60000,40.70000,3.92287,405.25638
2025-06-20 05:39:39+07:00,25.20000,74.60000,28.70000,44.40000,3.77973,405.18216
2025-06-20 05:40:29+07:00,25.20000,74.70000,29.50000,42.10000,3.85497,405.17294
2025-06-20 05:41:18+07:00,25.30000,74.80000,28.90000,44.30000,3.38336,405.15454
2025-06-20 05:42:08+07:00,25.30000,74.70000,29.00000,46.00000,3.90580,405.08151
2025-06-20 05:42:57+07:00,25.20000,74.70000,29.00000,44.20000,3.40614,404.98254
2025-06-20 05:43:46+07:00,25.20000,74.70000,28.40000,43.90000,3.88031,405.25638
2025-06-20 05:44:36+07:00,25.20000,74.80000,28.90000,45.50000,3.88879,405.00043
2025-06-20 05:45:25+07:00,25.20000,74.70000,29.20000,41.60000,3.17670,404.97363
2025-06-20 05:46:14+07:00,25.30000,74.70000,29.20000,44.80000,3.81302,404.78079
2025-06-20 05:47:04+07:00,25.30000,74.60000,29.90000,46.80000,3.68942,404.61929
2025-06-20 05:47:53+07:00,25.30000,74.50000,30.10000,45.30000,3.52193,405.08151
2025-06-20 05:48:43+07:00,25.30000,74.60000,30.10000,46.40000,3.33070,404.98254
2025-06-20 05:49:32+07:00,25.30000,74.60000,31.40000,48.40000,3.59293,405.16373
2025-06-20 05:50:21+07:00,25.30000,74.50000,30.40000,47.20000,3.81302,404.97363
2025-06-20 05:51:11+07:00,25.30000,74.60000,31.40000,46.80000,3.68130,404.75497
2025-06-20 05:52:00+07:00,25.30000,74.60000,31.50000,47.10000,3.58498,404.87640
2025-06-20 05:52:50+07:00,25.20000,74.70000,30.90000,45.40000,3.82975,404.72928
2025-06-20 05:53:39+07:00,25.30000,74.70000,29.10000,45.00000,3.76318,404.98254
2025-06-20 05:54:28+07:00,25.20000,74.60000,31.80000,51.60000,3.14091,405.02734
2025-06-20 05:55:18+07:00,25.20000,74.70000,30.90000,49.50000,3.66510,404.84146
2025-06-20 05:56:07+07:00,25.20000,74.70000,31.60000,50.50000,3.68130,404.99149
2025-06-20 05:56:57+07:00,25.20000,74.70000,32.70000,51.30000,3.20558,405.09061
2025-06-20 05:57:46+07:00,25.20000,74.80000,32.10000,51.20000,3.70571,404.99149
2025-06-20 05:58:35+07:00,25.30000,74.70000,33.10000,53.10000,3.36071,404.96472
2025-06-20 05:59:25+07:00,25.30000,74.60000,31.80000,49.80000,3.73025,404.84146
2025-06-20 06:00:14+07:00,25.30000,74.40000,31.60000,47.90000,3.74668,404.89395
2025-06-20 06:01:03+07:00,25.30000,74.30000,30.50000,45.90000,3.54546,404.84146
2025-06-20 06:01:53+07:00,25.20000,74.40000,31.60000,50.00000,3.85497,405.04535
2025-06-20 06:02:42+07:00,25.20000,74.40000,31.00000,51.00000,3.82975,405.00937
2025-06-20 06:03:32+07:00,25.30000,74.50000,31.40000,48.90000,3.24929,404.41376
2025-06-20 06:04:21+07:00,25.30000,74.30000,30.50000,48.70000,3.77973,405.20062
2025-06-20 06:05:11+07:00,25.20000,74.40000,31.80000,49.80000,3.49074,404.96472
2025-06-20 06:06:00+07:00,25.20000,74.50000,32.10000,49.50000,3.77973,405.00043
2025-06-20 06:06:49+07:00,25.30000,74.40000,31.70000,46.80000,3.88031,405.06342
2025-06-20 06:07:39+07:00,25.30000,74.30000,31.20000,47.40000,3.82975,405.05435
2025-06-20 06:08:28+07:00,25.30000,74.20000,31.10000,49.30000,3.83814,404.96472
2025-06-20 06:09:18+07:00,25.30000,74.30000,30.70000,45.50000,3.81302,404.92041
2025-06-20 06:10:07+07:00,25.30000,74.30000,31.00000,47.40000,3.82975,405.04535
2025-06-20 06:10:56+07:00,25.30000,74.30000,30.50000,45.10000,3.35319,405.07245
2025-06-20 06:11:46+07:00,25.20000,74.40000,30.20000,45.20000,3.75492,404.95581
2025-06-20 06:12:35+07:00,25.20000,74.30000,31.40000,48.20000,3.84654,405.00937
2025-06-20 06:13:25+07:00,25.20000,74.30000,30.70000,49.10000,3.73846,404.95581
2025-06-20 06:14:14+07:00,25.20000,74.40000,30.70000,48.60000,3.80467,404.93808
2025-06-20 06:15:04+07:00,25.20000,74.40000,31.90000,48.00000,3.27133,404.93808
2025-06-20 06:15:53+07:00,25.20000,74.40000,31.10000,48.70000,3.82138,404.75497
2025-06-20 06:16:43+07:00,25.20000,74.50000,30.40000,47.00000,3.77145,404.77216
2025-06-20 06:17:32+07:00,25.20000,74.50000,32.10000,49.70000,3.21283,404.78940
2025-06-20 06:18:21+07:00,25.20000,74.50000,30.50000,44.90000,3.81302,405.00043
2025-06-20 06:19:11+07:00,25.20000,74.50000,31.60000,46.40000,3.82975,404.87640
2025-06-20 06:20:00+07:00,25.20000,74.50000,30.80000,47.10000,3.83814,404.92923
2025-06-20 06:20:50+07:00,25.20000,74.50000,31.60000,46.60000,3.25662,404.77216
2025-06-20 06:21:40+07:00,25.20000,74.50000,31.50000,48.70000,3.77145,404.87640
2025-06-20 06:22:30+07:00,25.20000,74.60000,31.10000,47.30000,3.74668,404.77216
2025-06-20 06:23:19+07:00,25.20000,74.50000,30.80000,49.80000,3.74668,405.01834
2025-06-20 06:24:12+07:00,25.20000,74.40000,29.90000,46.80000,3.22738,405.00937
2025-06-20 06:25:02+07:00,25.20000,74.40000,31.30000,48.20000,3.77145,404.93808
2025-06-20 06:25:51+07:00,25.20000,74.50000,31.50000,46.60000,3.78803,404.94696
2025-06-20 06:26:44+07:00,25.20000,74.50000,31.20000,45.40000,3.31577,404.92923
2025-06-20 06:27:34+07:00,25.20000,74.50000,30.90000,46.20000,3.91433,404.99149
2025-06-20 06:28:23+07:00,25.20000,74.40000,30.00000,46.20000,3.79634,405.07245
2025-06-20 06:29:13+07:00,25.30000,74.40000,31.60000,49.50000,3.88031,404.87640
2025-06-20 06:30:02+07:00,25.20000,74.50000,32.00000,47.60000,3.78803,404.91156
2025-06-20 06:30:52+07:00,25.20000,74.50000,31.00000,47.10000,3.81302,405.00043
2025-06-20 06:31:41+07:00,25.20000,74.50000,30.50000,45.10000,3.77145,404.92923
2025-06-20 06:32:33+07:00,25.20000,74.40000,30.00000,44.20000,3.27133,404.90277
2025-06-20 06:33:23+07:00,25.20000,74.50000,30.90000,46.80000,3.77145,404.83273
2025-06-20 06:34:13+07:00,25.20000,74.60000,31.10000,48.60000,3.80467,404.83273
2025-06-20 06:35:02+07:00,25.20000,74.60000,30.70000,47.40000,3.67319,404.80670
2025-06-20 06:35:52+07:00,25.20000,74.60000,29.70000,47.70000,3.19111,404.38159
2025-06-20 06:36:41+07:00,25.20000,74.60000,29.00000,43.70000,2.81367,403.34567
2025-06-20 06:37:31+07:00,25.20000,74.60000,30.30000,46.70000,3.30091,403.81339
2025-06-20 06:38:20+07:00,25.20000,74.70000,31.10000,51.20000,2.92623,404.02539
2025-06-20 06:39:09+07:00,25.20000,74.60000,29.50000,46.40000,2.93296,404.51965
2025-06-20 06:39:59+07:00,25.20000,74.70000,29.20000,43.40000,3.49074,404.81537
2025-06-20 06:40:48+07:00,25.20000,74.70000,31.50000,48.70000,3.65702,404.89395
2025-06-20 06:41:38+07:00,25.30000,74.40000,31.40000,49.00000,3.57705,404.87640
2025-06-20 06:42:27+07:00,25.50000,74.00000,30.80000,47.90000,3.56123,404.83273
2025-06-20 06:43:17+07:00,25.60000,73.80000,30.50000,46.90000,3.61686,404.66135
2025-06-20 06:44:06+07:00,25.60000,73.70000,30.80000,46.90000,3.89729,404.65289
2025-06-20 06:44:55+07:00,25.60000,73.60000,31.00000,47.20000,3.69756,404.54440
2025-06-20 06:45:45+07:00,25.60000,73.60000,31.90000,48.60000,3.77145,404.60257
2025-06-20 06:46:34+07:00,25.60000,73.50000,31.80000,49.80000,3.77145,404.78079
2025-06-20 06:47:24+07:00,25.60000,73.60000,31.60000,49.90000,3.38336,404.72928
2025-06-20 06:48:13+07:00,25.60000,73.60000,30.70000,46.40000,3.88031,404.68671
2025-06-20 06:49:02+07:00,25.60000,73.60000,30.60000,47.40000,3.77145,404.44611
2025-06-20 06:49:52+07:00,25.60000,73.50000,31.70000,48.20000,3.68130,404.50323
2025-06-20 06:50:46+07:00,25.70000,73.40000,30.70000,49.60000,3.10544,404.65289
2025-06-20 06:51:35+07:00,25.70000,73.30000,30.20000,47.70000,3.80467,404.59421
2025-06-20 06:52:28+07:00,25.60000,73.40000,31.30000,48.40000,3.88031,404.41376
2025-06-20 06:53:20+07:00,25.60000,73.60000,31.70000,49.60000,3.69756,404.13113
2025-06-20 06:54:10+07:00,25.60000,73.70000,30.80000,48.80000,3.81302,404.63608
2025-06-20 06:54:59+07:00,25.60000,73.80000,31.40000,47.20000,3.49074,404.38959
2025-06-20 06:55:51+07:00,25.70000,73.50000,32.10000,49.90000,3.90580,404.70370
2025-06-20 06:56:41+07:00,25.70000,73.30000,31.00000,48.10000,3.78803,404.78940
2025-06-20 06:57:30+07:00,25.70000,73.40000,31.60000,48.90000,3.62486,404.59421
2025-06-20 06:58:19+07:00,25.70000,73.50000,31.60000,51.30000,3.68130,404.70370
2025-06-20 06:59:09+07:00,25.60000,73.60000,31.30000,46.00000,3.52976,404.51144
2025-06-20 06:59:59+07:00,25.50000,73.90000,31.00000,49.00000,3.64091,404.51144
2025-06-20 07:00:48+07:00,25.50000,74.00000,30.70000,47.50000,3.83814,404.72928
2025-06-20 07:01:38+07:00,25.50000,74.00000,30.20000,48.50000,3.86340,404.74640
2025-06-20 07:02:27+07:00,25.60000,73.80000,31.90000,50.70000,3.18390,404.53613
2025-06-20 07:03:20+07:00,25.70000,73.70000,30.60000,46.40000,3.73846,404.67825
2025-06-20 07:04:12+07:00,25.70000,73.50000,31.00000,44.20000,3.88031,404.54440
2025-06-20 07:05:01+07:00,25.70000,73.40000,31.80000,48.90000,3.87185,404.78940
2025-06-20 07:05:51+07:00,25.70000,73.40000,32.00000,47.80000,3.89729,404.78940
2025-06-20 07:06:41+07:00,25.60000,73.50000,32.00000,49.70000,3.70571,404.84146
2025-06-20 07:07:30+07:00,25.60000,73.70000,31.10000,46.00000,3.92287,404.69522
2025-06-20 07:08:19+07:00,25.50000,74.10000,32.30000,49.80000,3.81302,404.83273
2025-06-20 07:09:09+07:00,25.50000,73.90000,30.80000,49.50000,3.92287,404.73782
2025-06-20 07:09:59+07:00,25.50000,74.10000,32.10000,48.30000,3.46750,404.75497
2025-06-20 07:10:48+07:00,25.50000,74.10000,31.30000,47.10000,3.38336,404.44611
2025-06-20 07:11:38+07:00,25.60000,74.00000,32.30000,49.10000,3.85497,404.73782
2025-06-20 07:12:27+07:00,25.60000,73.80000,32.50000,48.10000,3.82975,404.72928
2025-06-20 07:13:16+07:00,25.60000,73.80000,32.30000,49.00000,3.88031,404.70370
2025-06-20 07:14:06+07:00,25.50000,74.10000,30.90000,49.90000,3.52976,404.78940
2025-06-20 07:14:55+07:00,25.50000,74.20000,31.00000,48.30000,3.88031,404.72928
2025-06-20 07:15:44+07:00,25.40000,74.30000,33.20000,52.50000,3.83814,404.72073
2025-06-20 07:16:34+07:00,25.50000,74.30000,32.10000,52.50000,3.81302,404.75497
2025-06-20 07:17:23+07:00,25.50000,74.20000,32.20000,47.20000,3.89729,404.71222
2025-06-20 07:18:13+07:00,25.50000,74.20000,29.90000,46.60000,3.85497,404.70370
2025-06-20 07:19:02+07:00,25.50000,74.10000,31.90000,48.00000,3.27870,404.77216
2025-06-20 07:19:51+07:00,25.50000,74.00000,29.70000,44.10000,3.37580,404.72928
2025-06-20 07:20:41+07:00,25.50000,74.30000,31.40000,45.50000,3.78803,404.66980
2025-06-20 07:21:30+07:00,25.50000,74.30000,30.90000,47.80000,3.79634,404.64447
2025-06-20 07:23:18+07:00,25.40000,74.30000,31.20000,48.70000,3.85497,404.70370
2025-06-20 07:24:10+07:00,25.50000,74.20000,31.00000,50.30000,3.78803,404.72073
2025-06-20 07:24:59+07:00,25.60000,74.00000,32.00000,50.00000,3.80467,404.69522
2025-06-20 07:25:49+07:00,25.60000,74.00000,31.60000,48.10000,3.60089,404.67825
2025-06-20 07:26:38+07:00,25.60000,73.80000,30.80000,47.30000,3.84654,404.74640
2025-06-20 07:27:27+07:00,25.60000,74.10000,31.70000,48.20000,3.78803,404.65289
2025-06-20 07:28:17+07:00,25.50000,74.20000,32.80000,51.60000,3.84654,404.67825
2025-06-20 07:29:06+07:00,25.50000,74.30000,31.30000,47.30000,3.78803,404.72073
2025-06-20 07:29:56+07:00,25.50000,74.20000,32.70000,48.60000,3.76318,404.60257
2025-06-20 07:30:45+07:00,25.60000,74.10000,32.20000,50.70000,3.80467,404.69522
2025-06-20 07:31:34+07:00,25.60000,74.00000,31.00000,49.00000,3.72205,404.56924
2025-06-20 07:32:24+07:00,25.60000,74.00000,31.60000,47.60000,3.78803,404.61929
2025-06-20 07:33:13+07:00,25.60000,73.90000,31.10000,46.10000,3.73025,404.65289
2025-06-20 07:34:03+07:00,25.60000,73.80000,33.10000,49.30000,3.77145,404.49503
2025-06-20 07:34:52+07:00,25.60000,73.90000,31.20000,46.20000,3.66510,404.50323
2025-06-20 07:35:42+07:00,25.60000,74.00000,32.40000,52.50000,3.54546,404.60257
2025-06-20 07:36:34+07:00,25.60000,73.90000,31.80000,49.80000,3.56913,404.61929
2025-06-20 07:37:24+07:00,25.70000,73.80000,31.90000,48.40000,3.56123,404.45422
2025-06-20 07:38:13+07:00,25.60000,73.90000,31.60000,48.80000,2.98045,404.58588
2025-06-20 07:39:02+07:00,25.60000,73.80000,32.80000,51.10000,3.69756,404.44611
2025-06-20 07:39:52+07:00,25.60000,73.80000,31.60000,47.50000,3.66510,404.56094
2025-06-20 07:40:42+07:00,25.60000,73.80000,32.70000,50.40000,3.56913,404.66980
2025-06-20 07:41:34+07:00,25.60000,73.80000,31.60000,47.00000,3.60089,404.42181
2025-06-20 07:42:24+07:00,25.60000,73.90000,32.70000,49.70000,3.60089,404.46237
2025-06-20 07:43:13+07:00,25.60000,74.00000,32.10000,51.30000,3.73025,404.24701
2025-06-20 07:44:03+07:00,25.60000,74.00000,33.10000,50.40000,3.49074,404.34961
2025-06-20 07:44:52+07:00,25.50000,74.20000,32.20000,51.10000,3.36071,404.44611
2025-06-20 07:45:42+07:00,25.50000,74.20000,32.30000,49.00000,3.63288,404.20810
2025-06-20 07:46:31+07:00,25.60000,74.10000,32.80000,49.60000,3.68130,404.57755
2025-06-20 07:47:21+07:00,25.60000,74.20000,33.40000,52.50000,3.58498,404.32574
2025-06-20 07:48:13+07:00,25.60000,74.10000,31.80000,48.50000,3.38336,404.51144
2025-06-20 07:49:03+07:00,25.60000,73.90000,31.20000,46.00000,2.91280,404.42990
2025-06-20 07:49:52+07:00,25.70000,73.90000,32.00000,46.20000,3.62486,404.52789
2025-06-20 07:50:42+07:00,25.70000,73.90000,32.90000,50.60000,3.65702,404.54440
2025-06-20 07:51:31+07:00,25.70000,73.80000,32.60000,53.20000,3.69756,404.57755
2025-06-20 07:52:26+07:00,25.70000,74.00000,33.10000,50.60000,3.56913,404.43799
2025-06-20 07:53:15+07:00,25.70000,73.90000,32.80000,49.70000,3.76318,404.63608
2025-06-20 07:54:12+07:00,25.70000,74.00000,32.60000,50.90000,3.60887,404.64447
2025-06-20 07:55:02+07:00,25.60000,73.70000,30.90000,46.20000,3.68942,404.61093
2025-06-20 07:55:51+07:00,25.60000,73.60000,30.70000,46.60000,3.77973,404.66135
2025-06-20 07:56:41+07:00,25.60000,73.70000,31.70000,48.10000,3.73025,404.63608
2025-06-20 07:57:30+07:00,25.70000,74.00000,33.20000,50.80000,3.68130,404.61929
2025-06-20 07:58:20+07:00,25.80000,73.90000,32.80000,49.80000,3.73846,404.59421
2025-06-20 07:59:09+07:00,25.80000,73.80000,33.50000,49.50000,3.65702,404.58588
2025-06-20 07:59:58+07:00,25.80000,73.70000,33.30000,48.50000,3.73846,404.51965
2025-06-20 08:00:48+07:00,25.80000,73.80000,32.70000,51.00000,3.77145,404.56924
2025-06-20 08:01:37+07:00,25.70000,73.90000,33.20000,51.90000,3.58498,404.63608
2025-06-20 08:02:27+07:00,25.60000,74.10000,32.50000,48.60000,3.60887,404.68671
2025-06-20 08:03:16+07:00,25.60000,74.20000,33.20000,50.40000,3.09839,404.51965
2025-06-20 08:04:05+07:00,25.60000,74.20000,31.90000,48.90000,3.73846,404.64447
2025-06-20 08:04:57+07:00,25.70000,74.00000,33.70000,49.10000,3.59293,404.52789
2025-06-20 08:05:46+07:00,25.80000,74.00000,32.70000,50.60000,3.60887,404.41376
2025-06-20 08:06:36+07:00,25.80000,73.80000,32.60000,50.50000,3.76318,404.27838
2025-06-20 08:07:25+07:00,25.70000,74.00000,32.20000,46.90000,3.65702,404.52789
2025-06-20 08:08:14+07:00,25.70000,74.10000,31.70000,49.60000,3.76318,404.57755
2025-06-20 08:09:04+07:00,25.70000,74.10000,33.50000,51.00000,3.68942,404.40570
2025-06-20 08:09:53+07:00,25.70000,74.10000,31.70000,49.00000,3.60887,404.48685
2025-06-20 08:10:46+07:00,25.70000,74.10000,32.30000,47.40000,3.53760,404.66980
2025-06-20 08:11:35+07:00,25.80000,74.10000,32.30000,50.80000,3.54546,404.42990
2025-06-20 08:13:20+07:00,25.90000,73.70000,32.50000,50.60000,3.46750,404.62769
2025-06-20 08:14:12+07:00,25.90000,73.60000,32.10000,49.60000,3.66510,404.43799
2025-06-20 08:15:02+07:00,25.90000,73.60000,32.50000,49.70000,3.64896,404.52789
2025-06-20 08:15:51+07:00,25.90000,73.70000,32.70000,49.70000,3.49074,404.34164
2025-06-20 08:16:41+07:00,25.90000,73.70000,32.50000,49.00000,3.39854,404.53613
2025-06-20 08:17:33+07:00,25.90000,73.70000,32.10000,49.10000,3.47523,404.56094
2025-06-20 08:18:23+07:00,25.80000,73.80000,32.30000,48.40000,3.71387,404.48685
2025-06-20 08:19:12+07:00,25.90000,74.00000,31.60000,46.20000,2.99413,404.29410
2025-06-20 08:20:01+07:00,25.90000,73.80000,32.10000,50.20000,3.64091,404.61093
2025-06-20 08:20:54+07:00,25.90000,73.80000,32.20000,48.80000,3.56123,404.67825
2025-06-20 08:21:43+07:00,26.00000,73.70000,33.50000,49.20000,3.52976,404.60257
2025-06-20 08:22:41+07:00,26.00000,73.70000,33.10000,49.50000,3.47523,404.63608
2025-06-20 08:23:31+07:00,26.00000,73.70000,33.70000,52.90000,3.22738,404.41376
2025-06-20 08:24:20+07:00,26.00000,73.80000,34.10000,50.80000,2.76193,404.60257
2025-06-20 08:25:13+07:00,26.00000,73.90000,33.20000,48.60000,3.70571,404.62769
2025-06-20 08:26:02+07:00,26.00000,73.80000,34.00000,52.20000,3.64091,404.60257
2025-06-20 08:26:51+07:00,26.00000,73.90000,34.40000,51.00000,3.33818,404.54440
2025-06-20 08:27:41+07:00,26.00000,73.90000,34.30000,52.50000,3.73025,404.57755
2025-06-20 08:28:30+07:00,26.00000,73.90000,33.80000,50.30000,3.68130,404.46237
2025-06-20 08:29:20+07:00,26.00000,73.90000,33.80000,53.70000,3.69756,404.57755
2025-06-20 08:30:09+07:00,26.00000,73.90000,34.50000,51.60000,3.62486,404.51965
2025-06-20 08:30:58+07:00,26.00000,73.90000,33.70000,48.00000,3.28609,404.61929
2025-06-20 08:31:48+07:00,26.00000,73.80000,34.30000,49.80000,3.10544,404.43799
2025-06-20 08:32:37+07:00,26.10000,73.70000,33.40000,49.90000,3.55334,404.46237
2025-06-20 08:33:27+07:00,26.10000,73.70000,32.40000,49.40000,3.22010,404.42990
2025-06-20 08:34:26+07:00,26.10000,73.70000,33.90000,52.30000,3.14091,404.31781
2025-06-20 08:35:16+07:00,26.10000,73.70000,32.80000,48.30000,3.50630,404.45422
2025-06-20 08:36:05+07:00,26.10000,73.60000,33.60000,50.70000,2.42667,404.41376
2025-06-20 08:36:55+07:00,26.10000,73.70000,31.40000,49.80000,2.98045,403.94385
2025-06-20 08:37:45+07:00,26.10000,73.70000,32.90000,49.50000,3.72205,404.57755
2025-06-20 08:38:34+07:00,26.20000,73.70000,33.90000,49.80000,3.52976,404.54440
2025-06-20 08:39:24+07:00,26.10000,73.60000,33.80000,49.70000,3.67319,404.55267
2025-06-20 08:40:13+07:00,26.20000,73.50000,33.00000,49.70000,3.11959,404.50323
2025-06-20 08:41:07+07:00,26.20000,73.50000,31.90000,50.20000,3.66510,404.56924
2025-06-20 08:41:57+07:00,26.20000,73.40000,32.00000,46.70000,3.21283,404.46237
2025-06-20 08:42:50+07:00,26.30000,73.40000,32.80000,48.60000,3.67319,404.57755
2025-06-20 08:43:39+07:00,26.30000,73.50000,31.90000,46.70000,3.73846,404.47052
2025-06-20 08:44:29+07:00,26.30000,73.40000,32.40000,49.00000,3.73025,404.50323
2025-06-20 08:45:18+07:00,26.30000,73.40000,33.10000,47.90000,3.52193,404.50323
2025-06-20 08:46:07+07:00,26.30000,73.50000,32.60000,51.40000,2.87945,404.38959
2025-06-20 08:46:57+07:00,26.30000,73.40000,31.90000,46.10000,3.64091,404.18491
2025-06-20 08:47:46+07:00,26.30000,73.50000,33.60000,50.90000,3.36071,404.16180
2025-06-20 08:48:36+07:00,26.30000,73.40000,32.80000,48.20000,3.39854,404.41376
2025-06-20 08:49:25+07:00,26.30000,73.50000,33.20000,47.90000,2.71729,403.71439
2025-06-20 08:50:17+07:00,26.30000,73.40000,32.90000,50.60000,3.68942,404.90277
2025-06-20 08:51:07+07:00,26.30000,73.40000,32.30000,48.30000,3.83814,403.34567
2025-06-20 08:51:56+07:00,26.30000,73.50000,33.30000,47.70000,2.41513,403.41690
2025-06-20 08:52:46+07:00,26.30000,73.50000,32.50000,49.70000,3.75492,404.88516
2025-06-20 08:53:35+07:00,26.30000,73.50000,32.00000,44.60000,2.31325,403.15753
2025-06-20 08:54:24+07:00,26.30000,73.50000,32.30000,47.70000,2.92623,403.42999
2025-06-20 08:55:14+07:00,26.30000,73.50000,32.10000,51.80000,3.11959,404.47867
2025-06-20 08:56:03+07:00,26.40000,73.50000,32.40000,52.30000,2.98045,403.55634
2025-06-20 08:56:53+07:00,26.40000,73.60000,32.90000,46.60000,2.67324,404.61093
2025-06-20 08:57:43+07:00,26.40000,73.50000,31.70000,46.40000,3.42905,404.19263
2025-06-20 08:58:33+07:00,26.40000,73.40000,31.70000,47.70000,3.41376,404.36557
2025-06-20 08:59:23+07:00,26.40000,73.30000,32.50000,47.80000,3.59293,404.23141
2025-06-20 09:00:13+07:00,26.50000,73.40000,31.40000,45.80000,3.28609,404.23141
2025-06-20 09:01:05+07:00,26.50000,73.30000,30.80000,46.30000,3.39854,404.53613
2025-06-20 09:02:59+07:00,26.50000,73.40000,33.50000,48.60000,3.31577,404.01047
2025-06-20 09:03:52+07:00,26.50000,73.50000,32.20000,49.80000,3.45208,404.69522
2025-06-20 09:04:49+07:00,26.50000,73.50000,33.50000,49.40000,3.02165,404.47052
2025-06-20 09:05:42+07:00,26.50000,73.50000,33.60000,50.90000,2.76193,404.56094
2025-06-20 09:06:31+07:00,26.50000,73.40000,31.80000,47.70000,3.08432,404.52789
2025-06-20 09:07:21+07:00,26.50000,73.40000,31.90000,46.00000,2.71729,403.96594
2025-06-20 09:08:10+07:00,26.50000,73.30000,32.60000,47.00000,3.40614,404.75497
2025-06-20 09:09:01+07:00,26.50000,73.40000,32.90000,47.40000,3.64091,404.23141
2025-06-20 09:09:50+07:00,26.60000,73.40000,31.80000,46.00000,3.62486,404.25482
2025-06-20 09:10:40+07:00,26.60000,73.40000,32.80000,46.50000,3.52193,403.95856
2025-06-20 09:11:36+07:00,26.60000,73.40000,32.40000,48.30000,3.58498,404.29410
2025-06-20 09:12:29+07:00,26.60000,73.40000,32.00000,46.60000,3.67319,404.20810
2025-06-20 09:13:18+07:00,26.60000,73.40000,32.50000,47.30000,3.38336,404.54440
2025-06-20 09:14:11+07:00,26.60000,73.40000,32.50000,48.80000,3.68130,404.64447
2025-06-20 09:15:01+07:00,26.60000,73.30000,31.20000,45.30000,3.30833,403.24423
2025-06-20 09:15:50+07:00,26.60000,73.30000,32.50000,47.40000,2.19344,403.25677
2025-06-20 09:16:40+07:00,26.60000,73.30000,32.90000,47.50000,2.97363,403.74948
2025-06-20 09:17:29+07:00,26.60000,73.40000,31.70000,47.00000,2.82019,403.48938
2025-06-20 09:18:18+07:00,26.60000,73.30000,32.30000,49.60000,3.03549,403.39084
2025-06-20 09:19:08+07:00,26.70000,73.40000,32.70000,48.30000,3.23467,403.33926
2025-06-20 09:19:57+07:00,26.70000,73.40000,32.40000,51.80000,2.87945,404.04034
2025-06-20 09:20:49+07:00,26.70000,73.30000,33.70000,48.20000,3.45208,404.48685
2025-06-20 09:21:38+07:00,26.70000,73.30000,33.90000,50.90000,3.27133,404.16946
2025-06-20 09:22:27+07:00,26.70000,73.40000,32.30000,45.70000,3.35319,404.30200
2025-06-20 09:23:17+07:00,26.70000,73.40000,32.40000,46.40000,3.02165,404.12354
2025-06-20 09:24:06+07:00,26.70000,73.40000,33.30000,48.60000,3.34568,404.19263
2025-06-20 09:24:55+07:00,26.70000,73.40000,33.60000,47.30000,3.37580,404.66980
2025-06-20 09:25:45+07:00,26.70000,73.40000,33.00000,49.10000,3.65702,404.20035
2025-06-20 09:26:34+07:00,26.70000,73.40000,33.90000,48.10000,3.49852,404.26266
2025-06-20 09:27:24+07:00,26.70000,73.30000,32.70000,49.10000,2.71729,404.01047
2025-06-20 09:28:13+07:00,26.80000,73.40000,34.10000,49.00000,3.00099,404.44611
2025-06-20 09:29:02+07:00,26.80000,73.40000,33.20000,47.90000,3.27133,404.45422
2025-06-20 09:29:52+07:00,26.80000,73.40000,34.40000,51.90000,3.22010,404.28622
2025-06-20 09:30:41+07:00,26.80000,73.40000,34.90000,48.50000,2.56866,404.28622
2025-06-20 09:31:31+07:00,26.80000,73.40000,33.80000,48.80000,2.95324,404.25482
2025-06-20 09:32:20+07:00,26.80000,73.40000,33.30000,46.30000,3.40614,404.20035
2025-06-20 09:33:09+07:00,26.80000,73.50000,34.70000,48.20000,3.14804,404.03287
2025-06-20 09:34:00+07:00,26.80000,73.50000,34.70000,50.00000,3.06331,404.08554
2025-06-20 09:34:50+07:00,26.80000,73.50000,34.60000,48.50000,3.84654,404.83273
2025-06-20 09:35:39+07:00,26.80000,73.60000,34.40000,48.90000,3.36071,404.17719
2025-06-20 09:36:29+07:00,26.80000,73.60000,33.70000,48.40000,3.02856,404.59421
2025-06-20 09:37:18+07:00,26.80000,73.50000,34.20000,49.50000,3.14091,404.18491
2025-06-20 09:38:07+07:00,26.90000,73.50000,32.30000,46.60000,3.82975,404.80670
2025-06-20 09:38:57+07:00,26.80000,73.60000,33.90000,49.20000,3.52976,404.01791
2025-06-20 09:39:46+07:00,26.80000,73.50000,32.80000,45.20000,3.09135,403.98074
2025-06-20 09:40:36+07:00,26.90000,73.50000,34.10000,47.70000,2.69205,404.20810
2025-06-20 09:41:25+07:00,26.90000,73.60000,33.30000,47.30000,3.14804,404.20035
2025-06-20 09:42:14+07:00,26.90000,73.60000,34.10000,50.40000,2.46156,403.99557
2025-06-20 09:43:04+07:00,26.90000,73.60000,34.50000,47.60000,3.02856,403.92184
2025-06-20 09:43:53+07:00,26.90000,73.60000,34.20000,47.60000,3.22010,404.13113
2025-06-20 09:44:42+07:00,26.90000,73.60000,34.70000,50.40000,3.00787,404.63608
2025-06-20 09:45:32+07:00,26.90000,73.60000,34.60000,49.00000,2.84641,404.50323
2025-06-20 09:46:21+07:00,26.90000,73.60000,34.60000,49.60000,3.68130,404.37357
2025-06-20 09:47:10+07:00,26.90000,73.60000,35.10000,51.30000,3.23467,404.51965
2025-06-20 09:48:00+07:00,26.90000,73.60000,34.20000,50.10000,3.44438,404.47052
2025-06-20 09:48:49+07:00,26.90000,73.70000,34.70000,48.70000,3.14804,404.50323
2025-06-20 09:49:39+07:00,26.90000,73.70000,35.80000,52.00000,3.45208,404.40570
2025-06-20 09:50:28+07:00,26.90000,73.70000,34.40000,48.20000,3.11959,404.59421
2025-06-20 09:51:17+07:00,27.00000,73.70000,34.40000,48.30000,3.57705,404.70370
2025-06-20 09:52:07+07:00,27.00000,73.60000,36.10000,55.10000,3.52976,404.49503
2025-06-20 09:52:56+07:00,27.00000,73.70000,34.20000,49.00000,3.26397,404.46237
2025-06-20 09:53:46+07:00,27.00000,73.70000,34.00000,49.00000,3.10544,404.01047
2025-06-20 09:54:35+07:00,27.00000,73.70000,35.30000,49.00000,2.67324,404.51144
2025-06-20 09:55:24+07:00,27.00000,73.70000,35.60000,51.30000,3.16952,403.88541
2025-06-20 09:56:14+07:00,27.00000,73.70000,34.90000,51.60000,3.53760,404.61093
2025-06-20 09:57:03+07:00,27.00000,73.80000,34.50000,46.00000,3.08432,404.62769
2025-06-20 09:57:53+07:00,27.00000,73.80000,33.90000,48.20000,3.05634,404.47052
2025-06-20 09:58:42+07:00,27.00000,73.80000,33.30000,47.80000,3.22010,404.23141
2025-06-20 09:59:31+07:00,27.00000,73.80000,36.00000,50.60000,2.16165,404.42990
2025-06-20 10:00:23+07:00,27.00000,73.80000,33.40000,48.20000,2.75552,404.34961
2025-06-20 10:01:12+07:00,27.00000,73.90000,34.30000,46.70000,2.73635,404.42181
2025-06-20 10:02:01+07:00,27.00000,73.90000,35.40000,52.20000,2.74273,403.63809
2025-06-20 10:02:51+07:00,27.00000,73.90000,34.40000,49.90000,3.42905,404.61929
2025-06-20 10:03:40+07:00,27.10000,73.90000,34.30000,51.70000,2.94647,403.48938
2025-06-20 10:04:32+07:00,27.10000,73.90000,34.70000,48.90000,2.49685,403.92917
2025-06-20 10:05:22+07:00,27.10000,74.00000,34.70000,52.00000,2.25815,405.21915
2025-06-20 10:06:11+07:00,27.10000,74.00000,34.60000,49.00000,3.38336,405.04535
2025-06-20 10:07:00+07:00,27.10000,74.00000,34.50000,47.40000,3.74668,405.15454
2025-06-20 10:07:50+07:00,27.10000,74.00000,34.30000,49.60000,3.92287,405.04535
2025-06-20 10:08:39+07:00,27.10000,73.90000,35.80000,48.80000,3.83814,404.99149
2025-06-20 10:09:29+07:00,27.10000,73.90000,34.90000,50.00000,3.89729,405.00937
2025-06-20 10:10:21+07:00,27.10000,73.90000,34.20000,48.40000,3.93142,404.92923
2025-06-20 10:11:10+07:00,27.10000,73.90000,35.00000,48.60000,3.58498,404.85889
2025-06-20 10:12:00+07:00,27.10000,74.00000,35.10000,50.10000,3.88031,404.89395
2025-06-20 10:12:50+07:00,27.10000,74.00000,34.80000,47.50000,3.88031,404.85016
2025-06-20 10:13:39+07:00,27.10000,74.00000,33.40000,45.50000,3.63288,404.90277
2025-06-20 10:14:29+07:00,27.10000,74.00000,35.90000,49.30000,3.83814,404.87640
2025-06-20 10:15:18+07:00,27.10000,74.00000,34.00000,49.60000,3.80467,404.69522
2025-06-20 10:16:07+07:00,27.10000,74.00000,33.90000,47.00000,3.60887,404.35757
2025-06-20 10:16:57+07:00,27.20000,74.00000,34.20000,47.90000,3.34568,403.63123
2025-06-20 10:17:46+07:00,27.20000,74.00000,33.70000,44.90000,3.13379,404.08554
2025-06-20 10:18:35+07:00,27.20000,74.00000,34.40000,49.80000,2.98729,403.72839
2025-06-20 10:19:25+07:00,27.20000,74.00000,34.10000,48.50000,2.88609,403.58344
2025-06-20 10:20:14+07:00,27.20000,74.00000,33.50000,48.10000,3.03549,404.49503
2025-06-20 10:21:04+07:00,27.20000,74.00000,35.30000,48.50000,3.16952,404.56924
2025-06-20 10:21:53+07:00,27.20000,74.10000,34.00000,45.80000,2.74912,404.27051
2025-06-20 10:22:43+07:00,27.20000,74.10000,33.10000,45.80000,3.50630,404.67825
2025-06-20 10:23:32+07:00,27.20000,74.10000,33.50000,46.80000,3.46750,404.38159
2025-06-20 10:24:21+07:00,27.20000,74.10000,33.60000,50.30000,2.94647,404.20035
2025-06-20 10:25:11+07:00,27.30000,74.00000,33.70000,47.80000,2.17221,403.77069
2025-06-20 10:26:00+07:00,27.30000,74.00000,33.50000,46.60000,3.37580,403.74246
2025-06-20 10:26:50+07:00,27.30000,74.00000,32.80000,47.50000,2.80066,403.76361
2025-06-20 10:27:39+07:00,27.30000,74.00000,33.00000,46.80000,2.89275,403.75656
2025-06-20 10:28:29+07:00,27.30000,74.00000,33.20000,47.90000,2.65454,404.63608
2025-06-20 10:29:18+07:00,27.30000,74.10000,32.40000,45.20000,2.89275,404.61929
2025-06-20 10:30:07+07:00,27.30000,74.10000,33.00000,46.00000,3.37580,404.58588
2025-06-20 10:30:57+07:00,27.30000,74.00000,33.20000,48.80000,2.68577,404.39764
2025-06-20 10:31:46+07:00,27.30000,74.00000,32.40000,43.50000,3.09839,404.27051
2025-06-20 10:32:36+07:00,27.30000,74.00000,34.50000,50.10000,3.16235,403.96594
2025-06-20 10:33:25+07:00,27.30000,73.90000,33.40000,46.50000,2.77479,404.20035
2025-06-20 10:34:18+07:00,27.30000,74.00000,32.50000,43.60000,3.49074,403.92184
2025-06-20 10:36:02+07:00,27.30000,74.00000,32.80000,46.40000,3.37580,404.47052
2025-06-20 10:36:51+07:00,27.30000,73.90000,33.60000,46.50000,2.59907,404.70370
2025-06-20 10:37:40+07:00,27.30000,73.80000,31.80000,43.90000,3.01475,404.08554
2025-06-20 10:38:30+07:00,27.30000,73.90000,32.40000,44.20000,3.04242,403.91455
2025-06-20 10:39:19+07:00,27.30000,73.80000,31.20000,43.20000,3.43671,404.72073
2025-06-20 10:40:09+07:00,27.30000,73.80000,31.90000,42.80000,3.02856,404.20810
2025-06-20 10:40:58+07:00,27.30000,73.90000,32.30000,45.30000,2.82673,404.25482
2025-06-20 10:41:47+07:00,27.30000,73.90000,32.80000,45.50000,3.42905,404.47052
2025-06-20 10:42:37+07:00,27.30000,73.90000,32.20000,46.20000,3.59293,404.86765
2025-06-20 10:43:26+07:00,27.30000,73.90000,31.50000,41.80000,3.06331,404.33368
2025-06-20 10:44:15+07:00,27.30000,73.90000,31.70000,43.70000,3.27133,404.31781
2025-06-20 10:45:05+07:00,27.30000,73.70000,31.40000,43.50000,3.51411,404.56094
2025-06-20 10:45:54+07:00,27.30000,73.80000,31.50000,42.50000,3.22010,404.56924
2025-06-20 10:46:43+07:00,27.30000,73.80000,30.60000,42.40000,3.28609,404.47867
2025-06-20 10:47:33+07:00,27.30000,73.80000,30.80000,44.10000,3.45208,404.29410
2025-06-20 10:48:22+07:00,27.30000,73.80000,30.80000,42.70000,3.09839,404.00299
2025-06-20 10:49:12+07:00,27.30000,73.80000,31.70000,47.80000,3.31577,404.38159
2025-06-20 10:50:01+07:00,27.30000,73.80000,31.60000,44.90000,3.49852,404.47867
2025-06-20 10:50:51+07:00,27.40000,73.70000,30.80000,43.10000,3.09135,404.10071
2025-06-20 10:51:41+07:00,27.40000,73.80000,31.40000,41.90000,3.30833,403.98816
2025-06-20 10:52:30+07:00,27.30000,73.70000,30.90000,43.40000,3.00787,404.36557
2025-06-20 10:53:27+07:00,27.30000,73.50000,29.50000,41.10000,2.80066,404.33368
2025-06-20 10:54:17+07:00,27.30000,73.50000,30.20000,41.70000,3.05634,404.12354
2025-06-20 10:55:06+07:00,27.30000,73.70000,29.80000,43.80000,3.51411,404.37357
2025-06-20 10:55:56+07:00,27.30000,73.60000,30.70000,42.10000,3.25662,404.16180
2025-06-20 10:56:45+07:00,27.30000,73.70000,30.90000,42.40000,2.49094,403.84927
2025-06-20 10:57:35+07:00,27.40000,73.60000,29.70000,41.50000,2.91280,404.15411
2025-06-20 10:58:24+07:00,27.40000,73.70000,29.20000,41.10000,2.51465,403.70740
2025-06-20 10:59:13+07:00,27.40000,73.60000,29.00000,40.10000,2.51465,403.67261
2025-06-20 11:00:03+07:00,27.40000,73.60000,29.80000,41.30000,2.23642,403.92917
2025-06-20 11:00:52+07:00,27.40000,73.60000,29.20000,39.40000,2.36375,403.55634
2025-06-20 11:01:42+07:00,27.40000,73.60000,30.70000,44.20000,2.58687,402.98984
2025-06-20 11:02:35+07:00,27.40000,73.60000,29.70000,39.40000,3.23467,404.34961
2025-06-20 11:03:27+07:00,27.40000,73.70000,29.00000,38.20000,2.55658,404.22363
2025-06-20 11:04:17+07:00,27.40000,73.60000,29.80000,43.00000,2.85299,404.54440
2025-06-20 11:05:06+07:00,27.50000,73.50000,29.50000,40.80000,3.14804,404.48685
2025-06-20 11:05:56+07:00,27.50000,73.60000,28.50000,40.60000,3.03549,404.16180
2025-06-20 11:06:45+07:00,27.50000,73.50000,29.60000,40.80000,2.92623,404.30991
2025-06-20 11:08:29+07:00,27.50000,73.30000,27.40000,36.80000,3.17670,404.47867
2025-06-20 11:09:18+07:00,27.50000,73.10000,28.50000,38.00000,3.36071,404.28622
2025-06-20 11:10:08+07:00,27.40000,73.30000,28.60000,40.80000,3.19111,404.08554
2025-06-20 11:10:57+07:00,27.40000,73.40000,28.40000,39.80000,3.07030,404.51144
2025-06-20 11:11:47+07:00,27.40000,73.50000,28.30000,41.40000,3.21283,404.09311
2025-06-20 11:12:36+07:00,27.50000,73.40000,28.50000,40.90000,3.20558,404.06290
2025-06-20 11:13:25+07:00,27.50000,73.30000,27.90000,37.60000,2.87281,404.06290
2025-06-20 11:14:18+07:00,27.50000,73.30000,28.50000,39.30000,2.87945,404.22363
2025-06-20 11:15:08+07:00,27.50000,73.30000,27.00000,36.80000,2.87945,404.52789
2025-06-20 11:16:04+07:00,27.50000,73.30000,27.30000,37.70000,2.89942,403.72137
2025-06-20 11:16:53+07:00,27.50000,73.20000,26.50000,35.70000,2.89275,404.14645
2025-06-20 11:17:43+07:00,27.50000,73.30000,26.90000,36.80000,2.92623,403.65186
2025-06-20 11:18:32+07:00,27.50000,73.30000,27.30000,35.20000,3.22738,404.13879
2025-06-20 11:19:22+07:00,27.50000,73.40000,26.60000,36.80000,2.67950,404.11591
2025-06-20 11:20:12+07:00,27.50000,73.50000,27.10000,37.90000,2.72999,404.69522
2025-06-20 11:21:57+07:00,27.60000,73.30000,27.00000,37.90000,3.19834,403.73541
2025-06-20 11:22:46+07:00,27.60000,73.40000,26.20000,37.00000,2.93296,404.13879
2025-06-20 11:23:36+07:00,27.60000,73.50000,26.30000,38.40000,2.96002,404.34961
2025-06-20 11:24:25+07:00,27.60000,73.50000,26.50000,37.00000,3.11251,403.67261
2025-06-20 11:25:14+07:00,27.60000,73.40000,25.60000,35.00000,2.93971,404.12354
2025-06-20 11:26:04+07:00,27.60000,73.20000,24.70000,33.90000,2.97363,404.36557
2025-06-20 11:26:54+07:00,27.50000,73.20000,25.90000,34.40000,3.03549,403.61752
2025-06-20 11:27:44+07:00,27.60000,73.30000,26.90000,38.20000,2.85959,405.11792
2025-06-20 11:28:33+07:00,27.60000,72.90000,25.10000,32.80000,3.00099,403.60385
2025-06-20 11:29:25+07:00,27.60000,73.10000,24.70000,34.30000,2.53255,403.81339
2025-06-20 11:30:18+07:00,27.60000,73.10000,24.90000,34.50000,2.50278,404.46237
2025-06-20 11:31:07+07:00,27.60000,73.00000,25.90000,35.40000,3.05634,402.82382
2025-06-20 11:31:56+07:00,27.60000,73.00000,25.40000,35.00000,3.77145,404.37357
2025-06-20 11:32:46+07:00,27.60000,73.20000,24.60000,34.80000,2.69834,403.97333
2025-06-20 11:33:35+07:00,27.60000,73.20000,25.40000,32.70000,1.91081,403.03107
2025-06-20 11:34:25+07:00,27.60000,73.20000,24.80000,32.50000,2.38078,404.48685
2025-06-20 11:35:14+07:00,27.60000,73.10000,25.10000,34.60000,3.33070,404.23141
2025-06-20 11:36:04+07:00,27.60000,73.20000,24.40000,33.30000,2.14066,402.81824
2025-06-20 11:36:54+07:00,27.60000,72.90000,24.00000,34.80000,2.25270,402.76285
2025-06-20 11:37:43+07:00,27.60000,73.00000,23.30000,34.50000,2.53255,402.98398
2025-06-20 11:38:32+07:00,27.60000,73.10000,24.10000,34.20000,2.49094,402.94327
2025-06-20 11:39:22+07:00,27.60000,73.40000,22.90000,30.80000,2.10433,403.24423
2025-06-20 11:40:11+07:00,27.70000,73.00000,24.20000,32.20000,2.08379,403.12704
2025-06-20 11:41:00+07:00,27.70000,73.00000,24.20000,34.20000,2.35809,403.04886
2025-06-20 11:41:53+07:00,27.80000,73.00000,24.80000,35.20000,2.31881,402.82944
2025-06-20 11:42:43+07:00,27.80000,72.90000,24.10000,34.00000,2.13544,403.89267
2025-06-20 11:43:32+07:00,27.90000,72.80000,24.20000,32.60000,1.80809,403.26935
2025-06-20 11:44:22+07:00,27.90000,72.70000,24.00000,32.90000,2.20412,403.22549
2025-06-20 11:45:11+07:00,27.80000,72.80000,24.20000,36.50000,2.20948,403.24423
2025-06-20 11:46:01+07:00,27.80000,72.80000,23.70000,30.70000,1.84492,403.13922
2025-06-20 11:46:50+07:00,27.80000,72.90000,23.70000,32.00000,2.05834,403.24423
2025-06-20 11:47:40+07:00,27.70000,72.90000,23.80000,34.10000,2.39791,404.07043
2025-06-20 11:48:30+07:00,27.70000,72.90000,23.60000,33.60000,2.28557,403.39734
2025-06-20 11:49:19+07:00,27.80000,73.20000,23.80000,34.90000,2.17750,403.26935
2025-06-20 11:50:12+07:00,27.80000,73.20000,24.40000,35.30000,2.19878,403.18210
2025-06-20 11:51:05+07:00,27.80000,73.20000,23.50000,33.40000,2.12503,403.71439
2025-06-20 11:51:58+07:00,27.80000,73.80000,22.80000,33.30000,2.13544,403.45627
2025-06-20 11:52:48+07:00,27.70000,73.70000,24.20000,34.80000,2.17750,403.81339
2025-06-20 11:53:37+07:00,27.80000,73.70000,23.80000,32.20000,1.83104,405.72073
2025-06-20 11:54:27+07:00,27.80000,73.60000,23.70000,32.70000,3.04242,405.75085
2025-06-20 11:55:16+07:00,27.80000,73.60000,22.40000,28.50000,2.05328,403.89996
2025-06-20 11:56:06+07:00,27.80000,73.40000,23.40000,33.30000,1.64107,404.06290
2025-06-20 11:56:59+07:00,27.80000,73.30000,22.10000,33.20000,1.94445,403.58344
2025-06-20 11:57:48+07:00,27.80000,73.30000,22.20000,31.20000,2.28006,404.13113
2025-06-20 11:58:38+07:00,27.80000,73.30000,23.30000,31.70000,2.13544,404.59421
2025-06-20 11:59:27+07:00,27.80000,73.30000,22.90000,31.50000,1.86356,403.87091
2025-06-20 12:00:20+07:00,27.80000,73.40000,22.70000,30.00000,2.45572,403.80624
2025-06-20 12:01:09+07:00,27.80000,73.30000,23.20000,33.60000,2.52658,404.05536
2025-06-20 12:01:59+07:00,27.80000,73.30000,22.20000,32.90000,2.68577,403.91455
2025-06-20 12:02:48+07:00,27.80000,73.30000,22.20000,34.60000,2.29661,403.98074
2025-06-20 12:03:38+07:00,27.70000,73.30000,23.00000,32.00000,2.13544,404.34961
2025-06-20 12:04:27+07:00,27.70000,73.20000,23.20000,32.10000,2.13544,404.51144
2025-06-20 12:05:17+07:00,27.80000,73.30000,22.30000,31.60000,2.35809,403.74246
2025-06-20 12:06:06+07:00,27.80000,73.30000,21.70000,32.10000,2.29108,404.53613
2025-06-20 12:06:59+07:00,27.80000,73.10000,22.00000,32.60000,2.20948,404.26266
2025-06-20 12:07:49+07:00,27.80000,73.10000,22.40000,32.20000,1.80809,404.51144
2025-06-20 12:08:38+07:00,27.90000,73.10000,22.20000,31.70000,2.20412,403.76361
2025-06-20 12:09:28+07:00,27.90000,73.00000,21.40000,29.80000,2.19344,403.82770
2025-06-20 12:10:17+07:00,27.90000,73.00000,22.90000,31.60000,2.64213,404.13879
2025-06-20 12:11:06+07:00,27.90000,73.00000,21.70000,27.80000,2.05328,403.71439
2025-06-20 12:11:56+07:00,27.90000,72.90000,22.10000,30.70000,2.51465,403.75656
2025-06-20 12:12:49+07:00,27.90000,72.80000,21.80000,31.60000,2.14589,404.62769
2025-06-20 12:13:38+07:00,27.90000,72.80000,22.10000,31.30000,2.02813,404.55267
2025-06-20 12:14:28+07:00,27.90000,72.70000,22.30000,31.10000,2.67950,404.87640
2025-06-20 12:15:17+07:00,28.00000,72.70000,21.40000,29.30000,2.07358,404.53613
2025-06-20 12:16:06+07:00,28.00000,72.80000,21.90000,32.30000,2.35809,404.28622
2025-06-20 12:16:56+07:00,28.00000,72.80000,21.70000,31.00000,2.26909,403.92184
2025-06-20 12:17:45+07:00,28.00000,72.70000,21.50000,29.50000,2.24184,403.75656
2025-06-20 12:18:38+07:00,28.00000,72.80000,22.70000,37.20000,2.26362,405.56226
2025-06-20 12:19:27+07:00,28.00000,72.80000,22.80000,29.80000,3.88031,405.75085
2025-06-20 12:20:17+07:00,28.00000,72.90000,23.90000,32.90000,4.09695,406.59412
2025-06-20 12:21:06+07:00,28.00000,72.90000,24.20000,33.10000,3.98309,406.13367
2025-06-20 12:21:55+07:00,28.00000,72.90000,24.10000,33.50000,4.16833,405.72073
2025-06-20 12:22:45+07:00,28.00000,72.90000,23.40000,30.80000,3.52976,405.68076
2025-06-20 12:23:34+07:00,28.00000,73.00000,23.40000,30.30000,3.27133,404.97363
2025-06-20 12:24:24+07:00,28.00000,73.00000,23.10000,32.40000,3.22010,405.11792
2025-06-20 12:25:16+07:00,28.00000,72.90000,23.00000,31.80000,3.64896,405.06342
2025-06-20 12:26:06+07:00,28.00000,73.00000,23.30000,30.10000,3.02856,404.61929
2025-06-20 12:26:55+07:00,28.00000,72.90000,22.90000,29.60000,3.78803,405.40750
2025-06-20 12:27:44+07:00,28.00000,73.00000,23.70000,30.60000,3.82138,405.49411
2025-06-20 12:28:43+07:00,28.00000,73.00000,21.60000,29.30000,3.34568,405.11792
2025-06-20 12:29:34+07:00,28.00000,73.00000,23.40000,31.60000,3.45208,405.09970
2025-06-20 12:30:23+07:00,28.00000,73.00000,23.30000,31.40000,3.55334,405.44583
2025-06-20 12:31:13+07:00,28.00000,73.00000,23.90000,31.60000,3.47523,404.58588
2025-06-20 12:32:02+07:00,28.00000,73.00000,23.50000,31.50000,3.64091,405.03632
2025-06-20 12:32:52+07:00,28.00000,72.80000,23.50000,32.10000,3.58498,405.23773
2025-06-20 12:33:41+07:00,28.00000,72.80000,23.50000,31.80000,3.69756,405.15454
2025-06-20 12:34:31+07:00,28.00000,73.00000,22.60000,30.50000,3.29349,405.18216
2025-06-20 12:35:21+07:00,28.00000,72.90000,23.50000,31.60000,3.40614,405.01834
2025-06-20 12:36:10+07:00,28.00000,72.80000,22.80000,28.90000,3.60887,404.76355
2025-06-20 12:36:59+07:00,28.00000,72.70000,23.90000,30.00000,3.73846,405.12704
2025-06-20 12:37:49+07:00,28.00000,72.60000,23.50000,33.00000,3.49074,405.03632
2025-06-20 12:38:38+07:00,28.00000,73.00000,22.70000,30.40000,3.58498,404.97363
2025-06-20 12:39:27+07:00,28.00000,72.80000,24.10000,31.10000,3.45208,404.81537
2025-06-20 12:40:17+07:00,28.10000,72.70000,22.50000,30.50000,2.76193,404.62769
2025-06-20 12:41:06+07:00,28.10000,72.70000,22.90000,29.00000,3.44438,404.66135
2025-06-20 12:41:56+07:00,28.10000,72.60000,23.50000,32.90000,3.14804,404.97363
2025-06-20 12:42:49+07:00,28.10000,72.50000,23.10000,31.00000,3.02856,405.13620
2025-06-20 12:43:41+07:00,28.10000,72.50000,22.70000,31.00000,3.02165,405.21915
2025-06-20 12:44:31+07:00,28.10000,72.80000,21.20000,29.90000,3.67319,405.25638
2025-06-20 12:45:20+07:00,28.20000,71.80000,24.00000,35.60000,3.49074,404.97363
2025-06-20 12:46:13+07:00,28.30000,72.40000,23.20000,31.40000,3.09839,404.98254
2025-06-20 12:47:07+07:00,28.30000,72.20000,23.10000,31.50000,3.33070,405.20987
2025-06-20 12:47:57+07:00,28.30000,72.40000,22.60000,29.80000,3.15519,405.08151
2025-06-20 12:48:52+07:00,28.30000,72.50000,22.30000,31.10000,3.64091,405.35040
2025-06-20 12:49:42+07:00,28.30000,72.70000,23.00000,31.10000,3.18390,404.95581
2025-06-20 12:50:31+07:00,28.30000,72.30000,22.20000,30.70000,3.52193,405.45547
2025-06-20 12:51:21+07:00,28.40000,72.60000,23.40000,32.70000,3.59293,405.57205
2025-06-20 12:52:10+07:00,28.40000,72.70000,23.90000,31.30000,3.76318,405.92416
2025-06-20 12:53:00+07:00,28.30000,72.80000,22.10000,29.10000,3.73846,405.71072
2025-06-20 12:53:49+07:00,28.30000,72.80000,23.10000,30.60000,3.60089,406.08072
2025-06-20 12:54:38+07:00,28.40000,72.40000,24.00000,32.20000,3.81302,406.02814
2025-06-20 12:55:28+07:00,28.40000,72.50000,23.70000,30.50000,3.82138,405.94482
2025-06-20 12:56:17+07:00,28.40000,72.50000,23.50000,33.70000,3.82138,405.79126
2025-06-20 12:57:07+07:00,28.30000,72.50000,23.20000,32.90000,3.86340,405.69073
2025-06-20 12:57:56+07:00,28.30000,72.80000,21.90000,30.60000,3.82138,405.85226
2025-06-20 12:58:45+07:00,28.30000,72.80000,22.40000,32.30000,3.89729,405.77103
2025-06-20 12:59:35+07:00,28.30000,72.80000,21.70000,28.30000,3.83814,405.82169
2025-06-20 13:00:24+07:00,28.30000,72.70000,22.00000,28.70000,3.77973,405.49411
2025-06-20 13:01:14+07:00,28.40000,72.50000,22.80000,30.60000,3.83814,405.53296
2025-06-20 13:02:03+07:00,28.50000,72.40000,22.60000,29.90000,3.84654,405.34094
2025-06-20 13:02:52+07:00,28.50000,72.50000,22.20000,30.60000,3.52976,405.84207
2025-06-20 13:03:42+07:00,28.60000,72.50000,22.40000,28.80000,3.88031,405.61139
2025-06-20 13:04:31+07:00,28.60000,72.40000,22.80000,30.40000,3.50630,405.70071
2025-06-20 13:05:20+07:00,28.60000,72.40000,21.80000,30.50000,3.85497,405.51349
2025-06-20 13:06:10+07:00,28.70000,72.20000,20.80000,28.20000,3.81302,405.35040
2025-06-20 13:06:59+07:00,28.80000,72.20000,21.60000,29.40000,3.79634,405.33148
2025-06-20 13:07:49+07:00,28.70000,72.30000,22.10000,29.80000,2.77479,405.50378
2025-06-20 13:08:38+07:00,28.80000,72.20000,21.90000,27.50000,3.88879,405.54272
2025-06-20 13:09:27+07:00,28.80000,72.30000,22.10000,30.70000,3.75492,405.49411
2025-06-20 13:10:17+07:00,28.80000,72.10000,21.80000,30.60000,3.83814,405.40750
2025-06-20 13:11:06+07:00,28.90000,72.00000,21.70000,29.40000,3.86340,405.29382
2025-06-20 13:11:56+07:00,28.90000,71.90000,21.40000,28.90000,3.63288,405.31262
2025-06-20 13:12:45+07:00,28.90000,72.10000,21.90000,29.40000,3.84654,405.35989
2025-06-20 13:13:35+07:00,28.90000,71.90000,22.40000,28.70000,3.67319,405.32205
2025-06-20 13:14:24+07:00,28.80000,71.70000,21.00000,31.20000,3.53760,405.16373
2025-06-20 13:17:03+07:00,29.00000,68.90000,18.40000,26.20000,1.50843,403.21170
2025-06-20 13:17:52+07:00,29.10000,67.90000,19.10000,25.00000,4.91890,406.20627
2025-06-20 13:18:41+07:00,29.10000,67.00000,19.10000,26.90000,6.11461,405.72784
2025-06-20 13:19:31+07:00,29.20000,66.80000,19.00000,24.60000,5.76426,405.76022
2025-06-20 13:20:20+07:00,29.30000,65.60000,20.30000,27.60000,5.52616,405.43298
2025-06-20 13:21:10+07:00,29.30000,64.40000,21.90000,29.10000,5.12464,405.02374
2025-06-20 13:21:59+07:00,29.30000,64.20000,21.70000,29.80000,4.95754,404.70383
2025-06-20 13:22:48+07:00,29.30000,64.30000,21.60000,36.00000,4.49256,404.80545
2025-06-20 13:23:38+07:00,29.30000,64.30000,22.50000,29.90000,4.39537,404.55914
2025-06-20 13:24:27+07:00,29.20000,64.30000,21.70000,31.60000,4.21475,404.48816
2025-06-20 13:25:17+07:00,29.30000,64.00000,20.70000,25.90000,3.86432,404.41809
2025-06-20 13:26:06+07:00,29.30000,64.70000,19.70000,29.50000,3.76331,404.28058
2025-06-20 13:26:55+07:00,29.20000,64.60000,19.20000,24.50000,3.61968,404.22992
2025-06-20 13:27:45+07:00,29.20000,65.00000,20.10000,26.90000,3.45196,404.15485
2025-06-20 13:28:34+07:00,29.20000,65.30000,18.80000,25.60000,3.36706,404.28058
2025-06-20 13:29:24+07:00,29.10000,64.40000,18.60000,25.60000,3.40929,403.85745
2025-06-20 13:30:13+07:00,29.10000,64.70000,17.80000,25.30000,3.31835,404.05646
2025-06-20 13:31:02+07:00,29.10000,64.80000,24.90000,31.10000,3.18238,403.95197
2025-06-20 13:31:52+07:00,29.10000,64.70000,17.50000,23.30000,3.07697,404.18808
2025-06-20 13:32:41+07:00,29.00000,64.80000,17.00000,22.10000,3.01896,403.86526
2025-06-20 13:33:30+07:00,29.00000,64.90000,17.20000,23.10000,2.96816,403.78778
2025-06-20 13:34:20+07:00,28.90000,64.90000,17.60000,22.20000,2.92429,404.01599
2025-06-20 13:35:09+07:00,28.90000,65.40000,17.80000,23.10000,2.97447,403.84189
2025-06-20 13:35:59+07:00,28.90000,66.80000,17.80000,23.00000,2.84425,403.62912
2025-06-20 13:36:51+07:00,28.90000,65.70000,17.90000,24.00000,2.62627,403.88873
2025-06-20 13:37:44+07:00,28.90000,66.20000,19.10000,23.80000,2.66065,403.72668
2025-06-20 13:38:38+07:00,28.90000,66.50000,19.20000,26.70000,2.71292,403.84189
2025-06-20 13:39:27+07:00,28.90000,66.20000,19.80000,26.30000,2.60922,403.67389
2025-06-20 13:40:16+07:00,28.80000,66.60000,19.30000,24.90000,2.64915,403.63657
2025-06-20 13:41:06+07:00,28.80000,65.90000,21.20000,27.30000,2.70707,403.67389
2025-06-20 13:41:55+07:00,28.80000,65.30000,30.50000,37.90000,2.53638,403.58478
2025-06-20 13:42:44+07:00,28.70000,65.70000,24.00000,30.90000,2.51981,403.67389
2025-06-20 13:43:34+07:00,28.80000,65.70000,21.00000,28.50000,2.41692,403.74951
2025-06-20 13:44:23+07:00,28.70000,66.10000,18.20000,24.00000,2.45442,403.64401
2025-06-20 13:45:14+07:00,28.70000,65.50000,17.70000,22.50000,2.48694,403.62170
2025-06-20 13:46:04+07:00,28.70000,65.20000,18.10000,24.20000,2.47063,403.64401
2025-06-20 13:46:58+07:00,28.70000,64.80000,18.70000,23.90000,2.43293,403.54089
2025-06-20 13:47:48+07:00,28.80000,64.30000,19.00000,24.10000,2.36940,403.55548
2025-06-20 13:48:37+07:00,28.80000,64.40000,18.20000,22.90000,2.41692,403.65146
2025-06-20 13:49:26+07:00,28.80000,64.90000,18.50000,24.30000,2.32781,403.54089
2025-06-20 13:50:16+07:00,28.80000,65.70000,17.40000,22.50000,2.34333,403.64401
2025-06-20 13:51:05+07:00,28.80000,65.80000,18.30000,22.10000,2.30212,403.59952
2025-06-20 13:51:54+07:00,28.80000,65.50000,16.90000,21.90000,2.23142,403.44012
2025-06-20 13:52:44+07:00,28.70000,65.60000,17.60000,23.10000,2.19674,403.51187
2025-06-20 13:53:34+07:00,28.70000,66.20000,22.70000,29.20000,2.17712,403.52637
2025-06-20 13:55:24+07:00,28.70000,66.70000,19.70000,27.80000,2.15280,403.61429
2025-06-20 13:56:25+07:00,28.70000,66.60000,20.00000,27.50000,2.05306,403.56277
2025-06-20 13:57:15+07:00,28.70000,66.20000,28.60000,37.00000,2.11912,403.62912
2025-06-20 13:58:04+07:00,28.70000,68.00000,18.20000,25.10000,2.16250,403.57745
2025-06-20 13:58:53+07:00,28.70000,66.00000,23.70000,28.50000,2.17224,403.52637
2025-06-20 13:59:43+07:00,28.60000,66.10000,18.10000,24.70000,2.10482,403.59213
2025-06-20 14:00:34+07:00,28.60000,65.90000,17.80000,23.60000,2.10008,403.61429
2025-06-20 14:01:23+07:00,28.60000,66.00000,18.50000,24.80000,2.07646,403.41885
2025-06-20 14:02:12+07:00,28.60000,66.30000,16.10000,21.60000,2.06240,403.50464
2025-06-20 14:03:02+07:00,28.60000,65.70000,15.70000,23.50000,2.07646,403.62170
2025-06-20 14:03:51+07:00,28.60000,65.40000,16.50000,20.90000,2.00234,403.57010
2025-06-20 14:04:45+07:00,28.60000,65.40000,16.10000,22.60000,2.00234,403.45438
2025-06-20 14:05:38+07:00,28.50000,65.50000,16.40000,19.70000,1.97511,403.44012
2025-06-20 14:06:27+07:00,28.60000,65.60000,16.00000,20.90000,1.97060,403.55548
2025-06-20 14:07:17+07:00,28.50000,66.70000,38.80000,49.30000,1.90835,403.32782
2025-06-20 14:08:06+07:00,28.60000,68.40000,19.40000,27.50000,1.96610,403.63657
2025-06-20 14:08:58+07:00,28.60000,66.70000,15.60000,20.60000,2.00691,403.68140
2025-06-20 14:09:48+07:00,28.60000,66.40000,16.90000,22.10000,1.92597,403.52637
2025-06-20 14:10:37+07:00,28.50000,66.70000,22.30000,27.30000,1.88650,403.57010
2025-06-20 14:11:27+07:00,28.40000,67.40000,21.90000,29.50000,1.78446,403.51187
2025-06-20 14:12:19+07:00,28.50000,67.60000,16.60000,20.00000,1.86056,403.53363
2025-06-20 14:13:09+07:00,28.40000,68.10000,17.40000,24.10000,1.90835,403.46869
2025-06-20 14:15:51+07:00,28.50000,68.30000,16.80000,21.70000,1.83491,403.34866
2025-06-20 14:17:43+07:00,28.50000,68.00000,15.10000,20.40000,1.78446,403.35562
2025-06-20 14:19:28+07:00,28.40000,69.60000,15.00000,21.00000,1.80954,403.27960
2025-06-20 14:20:25+07:00,28.40000,69.40000,20.70000,27.70000,1.79697,403.41885
2025-06-20 14:21:16+07:00,28.40000,69.20000,17.70000,22.80000,1.83916,403.44012
2025-06-20 14:22:06+07:00,28.30000,68.50000,18.80000,23.60000,1.70690,403.49023
2025-06-20 14:22:55+07:00,28.20000,68.80000,16.50000,21.70000,1.70690,403.37659
2025-06-20 14:23:44+07:00,28.20000,68.70000,17.20000,21.40000,1.70289,403.26593
2025-06-20 14:25:37+07:00,28.20000,69.10000,16.20000,22.20000,1.65541,403.34171
2025-06-20 14:26:27+07:00,28.10000,68.80000,16.30000,20.30000,1.70690,403.39767
2025-06-20 14:27:19+07:00,28.10000,69.40000,16.40000,22.50000,1.72704,403.23196
2025-06-20 14:28:08+07:00,28.10000,68.80000,16.20000,20.80000,1.61283,403.41177
2025-06-20 14:30:01+07:00,28.10000,68.80000,16.00000,23.20000,1.60901,403.33475
2025-06-20 14:31:01+07:00,28.10000,69.10000,16.40000,21.00000,1.69092,403.24551
2025-06-20 14:31:51+07:00,28.10000,68.80000,21.10000,28.00000,1.63595,403.41177
2025-06-20 14:32:40+07:00,28.20000,69.90000,18.30000,25.20000,1.72704,403.25232
2025-06-20 14:34:36+07:00,28.20000,70.60000,16.80000,25.30000,1.63982,403.32782
2025-06-20 14:35:28+07:00,28.10000,70.70000,17.30000,23.30000,1.61667,403.32782
2025-06-20 14:36:22+07:00,28.10000,71.00000,17.70000,23.30000,1.57114,403.31400
2025-06-20 14:37:17+07:00,28.10000,71.40000,17.10000,23.80000,1.62436,403.34171
2025-06-20 14:38:15+07:00,28.10000,70.80000,16.80000,23.20000,1.66325,403.31400
2025-06-20 14:39:04+07:00,28.10000,71.10000,17.20000,23.20000,1.60519,403.30710
2025-06-20 14:39:54+07:00,28.00000,71.10000,16.40000,22.50000,1.54877,403.39062
2025-06-20 14:40:43+07:00,28.00000,71.50000,16.00000,25.50000,1.55248,403.10541
2025-06-20 14:41:32+07:00,27.90000,71.30000,17.00000,24.70000,1.65541,403.38361
2025-06-20 14:42:22+07:00,27.90000,71.40000,17.20000,23.80000,1.51570,403.25912
2025-06-20 14:43:11+07:00,28.00000,71.90000,17.80000,25.20000,1.55993,403.27960
2025-06-20 14:44:01+07:00,28.00000,71.90000,18.70000,26.90000,1.53033,403.39767
2025-06-20 14:44:50+07:00,28.00000,72.20000,18.80000,24.80000,1.57490,403.43304
2025-06-20 14:45:40+07:00,28.00000,72.00000,17.80000,24.60000,1.55620,403.27960
2025-06-20 14:46:30+07:00,28.00000,71.60000,18.00000,24.50000,1.57866,403.16486
2025-06-20 14:47:19+07:00,28.00000,71.30000,17.80000,23.80000,1.42680,403.17151
2025-06-20 14:48:09+07:00,28.00000,71.90000,16.80000,23.50000,1.52300,403.21170
2025-06-20 14:49:00+07:00,28.00000,72.00000,17.90000,23.90000,1.51206,403.23874
2025-06-20 14:49:50+07:00,28.00000,71.90000,18.90000,26.00000,1.51206,403.35562
2025-06-20 14:50:39+07:00,28.10000,72.40000,19.50000,25.70000,1.51206,403.25232
2025-06-20 14:51:29+07:00,28.10000,71.60000,19.50000,28.40000,1.49397,403.17819
2025-06-20 14:52:18+07:00,28.10000,70.80000,18.50000,24.00000,1.45126,403.32089
2025-06-20 14:53:08+07:00,28.00000,70.80000,18.50000,24.00000,1.44423,403.33475
2025-06-20 14:53:57+07:00,28.00000,71.20000,17.60000,23.50000,1.47249,403.22519
2025-06-20 14:54:47+07:00,28.00000,70.90000,16.30000,21.10000,1.49397,403.27960
2025-06-20 14:55:39+07:00,28.00000,70.70000,16.40000,22.40000,1.45478,403.25912
2025-06-20 14:56:29+07:00,28.10000,70.50000,17.20000,24.70000,1.44774,403.28647
2025-06-20 14:57:18+07:00,28.00000,70.80000,17.20000,23.70000,1.41297,403.32089
2025-06-20 14:58:08+07:00,28.00000,71.10000,17.60000,23.80000,1.48678,403.17151
2025-06-20 14:58:57+07:00,28.00000,71.40000,16.90000,21.90000,1.49397,403.17819
2025-06-20 14:59:47+07:00,28.00000,71.10000,19.50000,26.00000,1.40267,403.11197
2025-06-20 15:00:37+07:00,28.10000,71.00000,16.90000,23.20000,1.44423,403.09232
2025-06-20 15:01:27+07:00,28.00000,71.00000,17.00000,24.70000,1.41642,403.31400
2025-06-20 15:02:16+07:00,28.00000,71.70000,18.20000,26.70000,1.43724,403.32782
2025-06-20 15:03:06+07:00,28.10000,72.10000,18.00000,26.00000,1.44774,403.18488
2025-06-20 15:03:57+07:00,28.10000,71.70000,17.70000,25.60000,1.41987,403.07278
2025-06-20 15:04:47+07:00,27.90000,71.20000,16.90000,23.00000,1.40610,403.28647
2025-06-20 15:05:36+07:00,27.90000,71.70000,17.30000,24.70000,1.41987,403.21844
2025-06-20 15:06:26+07:00,27.90000,71.90000,17.20000,23.20000,1.40267,403.33475
2025-06-20 15:07:15+07:00,27.90000,72.30000,17.10000,22.20000,1.34544,403.22519
2025-06-20 15:08:04+07:00,27.90000,72.60000,17.60000,24.00000,1.34875,403.30020
2025-06-20 15:08:54+07:00,27.90000,72.40000,16.90000,22.20000,1.38225,403.25232
2025-06-20 15:09:43+07:00,27.90000,72.10000,18.60000,24.40000,1.30295,403.22519
2025-06-20 15:10:33+07:00,28.00000,72.40000,17.80000,23.50000,1.37213,403.23874
2025-06-20 15:11:22+07:00,27.90000,72.20000,17.50000,25.30000,1.34544,403.16486
2025-06-20 15:12:12+07:00,27.90000,72.50000,18.20000,22.50000,1.40610,403.13834
2025-06-20 15:13:01+07:00,27.90000,72.70000,19.30000,25.90000,1.35873,403.18488
2025-06-20 15:13:54+07:00,28.00000,72.50000,18.90000,25.50000,1.35540,403.22519
2025-06-20 15:14:43+07:00,28.00000,72.60000,19.10000,26.70000,1.40267,403.26593
2025-06-20 15:15:32+07:00,28.00000,72.30000,19.90000,26.80000,1.35540,403.31400
2025-06-20 15:16:22+07:00,28.00000,72.00000,18.80000,26.90000,1.36877,403.28647
2025-06-20 15:17:11+07:00,28.00000,72.20000,20.10000,28.90000,1.33553,403.34171
2025-06-20 15:18:01+07:00,28.00000,72.30000,19.70000,25.50000,1.36207,403.31400
2025-06-20 15:18:50+07:00,28.00000,72.60000,26.50000,32.60000,1.38564,403.30020
2025-06-20 15:19:39+07:00,28.10000,72.60000,20.40000,26.90000,1.36542,403.40472
2025-06-20 15:20:29+07:00,28.10000,72.60000,19.10000,24.50000,1.36877,403.44727
2025-06-20 15:21:18+07:00,28.10000,72.40000,19.50000,27.40000,1.38903,403.30020
2025-06-20 15:22:08+07:00,28.10000,72.00000,17.90000,22.10000,1.39925,403.43304
2025-06-20 15:22:57+07:00,28.20000,71.90000,20.80000,26.90000,1.31266,403.17819
2025-06-20 15:23:47+07:00,28.10000,71.80000,19.40000,25.60000,1.34213,403.36960
2025-06-20 15:24:36+07:00,28.10000,71.60000,17.50000,23.50000,1.32897,403.27277
2025-06-20 15:25:26+07:00,28.10000,71.70000,24.30000,31.20000,1.31590,403.18488
2025-06-20 15:26:16+07:00,28.10000,71.70000,21.60000,31.90000,1.33553,403.57010
2025-06-20 15:27:05+07:00,28.20000,71.70000,22.10000,30.90000,1.27734,403.45438
2025-06-20 15:27:55+07:00,28.20000,71.50000,18.00000,22.30000,1.33225,403.52637
2025-06-20 15:28:44+07:00,28.10000,71.90000,18.20000,25.80000,1.36877,403.34866
2025-06-20 15:29:34+07:00,28.10000,72.30000,18.70000,24.60000,1.33553,403.21844
2025-06-20 15:30:24+07:00,28.10000,72.00000,17.70000,23.50000,1.36877,403.34866
2025-06-20 15:31:13+07:00,28.10000,72.00000,17.90000,23.80000,1.36877,403.34171
2025-06-20 15:32:03+07:00,28.00000,72.40000,18.00000,26.80000,1.29972,403.27960
2025-06-20 15:32:52+07:00,27.90000,72.60000,19.10000,26.40000,1.27734,403.32089
2025-06-20 15:33:42+07:00,27.90000,72.50000,19.10000,26.90000,1.28370,403.19156
2025-06-20 15:34:31+07:00,27.90000,72.80000,18.30000,24.40000,1.26468,403.30710
2025-06-20 15:35:21+07:00,27.80000,72.50000,18.90000,27.80000,1.27100,403.07278
2025-06-20 15:36:10+07:00,27.80000,73.40000,18.30000,26.70000,1.26784,403.06628
2025-06-20 15:37:00+07:00,27.90000,73.50000,18.10000,25.40000,1.24589,403.18488
2025-06-20 15:37:49+07:00,27.90000,73.50000,19.50000,28.70000,1.24901,403.28647
2025-06-20 15:38:38+07:00,27.90000,74.10000,18.20000,28.00000,1.22732,402.91367
2025-06-20 15:39:28+07:00,27.90000,73.60000,18.50000,27.30000,1.30618,403.28647
2025-06-20 15:40:17+07:00,27.80000,73.40000,21.40000,31.00000,1.26784,403.05978
2025-06-20 15:41:06+07:00,27.70000,72.90000,18.00000,25.10000,1.19385,403.16486
2025-06-20 15:41:55+07:00,27.60000,73.20000,18.20000,24.60000,1.20898,403.09232
2025-06-20 15:42:45+07:00,27.60000,73.30000,18.60000,27.90000,1.16702,403.19827
2025-06-20 15:43:34+07:00,27.50000,73.50000,18.80000,27.00000,1.13776,403.17151
2025-06-20 15:44:24+07:00,27.50000,74.00000,20.50000,31.60000,1.16406,403.07278
2025-06-20 15:45:13+07:00,27.60000,74.30000,21.00000,30.50000,1.18785,403.17819
2025-06-20 15:46:03+07:00,27.60000,74.50000,20.40000,27.10000,1.20291,403.10541
2025-06-20 15:46:52+07:00,27.50000,74.90000,20.20000,27.20000,1.23040,403.18488
2025-06-20 15:47:42+07:00,27.50000,74.90000,19.20000,26.80000,1.19085,403.17151
2025-06-20 15:48:31+07:00,27.50000,74.90000,18.80000,29.00000,1.15818,403.05978
2025-06-20 15:49:20+07:00,27.50000,74.90000,19.70000,30.00000,1.19687,403.14493
2025-06-20 15:50:10+07:00,27.50000,74.50000,19.10000,26.80000,1.29651,403.07278
2025-06-20 15:50:59+07:00,27.50000,74.20000,20.30000,28.10000,1.15818,403.23874
2025-06-20 15:51:51+07:00,27.50000,74.20000,21.20000,30.10000,1.22732,403.15820
2025-06-20 15:52:41+07:00,27.50000,74.60000,21.30000,31.90000,1.17591,403.29333
2025-06-20 15:53:30+07:00,27.50000,74.70000,23.70000,34.30000,1.20291,403.15155
2025-06-20 15:54:20+07:00,27.40000,74.60000,22.70000,32.10000,1.16112,403.07278
2025-06-20 15:55:09+07:00,27.40000,74.60000,22.90000,35.20000,1.16997,403.05331
2025-06-20 15:55:58+07:00,27.40000,74.50000,20.80000,28.60000,1.19687,403.10541
2025-06-20 15:56:48+07:00,27.30000,74.20000,21.40000,31.20000,1.12336,403.17151
2025-06-20 15:57:37+07:00,27.20000,74.60000,21.20000,30.90000,1.14066,403.20499
2025-06-20 15:58:26+07:00,27.20000,74.90000,21.80000,31.40000,1.17294,403.17819
2025-06-20 15:59:16+07:00,27.20000,74.80000,20.40000,29.00000,1.16406,403.13834
2025-06-20 16:00:06+07:00,27.10000,75.60000,22.60000,30.30000,1.10626,403.13171
2025-06-20 16:00:56+07:00,27.10000,75.80000,19.60000,27.80000,1.12623,403.17819
2025-06-20 16:01:45+07:00,27.10000,75.50000,19.60000,27.20000,1.12910,403.16486
2025-06-20 16:02:34+07:00,27.10000,75.40000,20.00000,28.20000,1.15524,403.17819
2025-06-20 16:03:24+07:00,27.10000,75.50000,18.60000,25.50000,1.13776,403.09885
2025-06-20 16:04:13+07:00,27.10000,75.60000,23.00000,30.20000,1.12049,403.21170
2025-06-20 16:05:03+07:00,27.10000,76.10000,20.60000,27.40000,1.08379,403.22519
2025-06-20 16:05:52+07:00,27.10000,76.60000,18.80000,25.10000,1.05894,403.32089
2025-06-20 16:06:42+07:00,27.10000,76.60000,20.00000,27.40000,1.17888,403.23874
2025-06-20 16:07:31+07:00,27.10000,76.70000,19.10000,27.70000,1.14648,403.20499
2025-06-20 16:08:20+07:00,27.10000,77.30000,18.70000,24.50000,1.09779,403.30710
2025-06-20 16:09:10+07:00,27.00000,76.80000,18.20000,23.70000,1.07269,403.17151
2025-06-20 16:09:59+07:00,27.00000,76.20000,16.70000,20.70000,1.12049,403.02753
2025-06-20 16:10:49+07:00,27.00000,76.30000,18.10000,24.90000,1.06717,403.08578
2025-06-20 16:11:42+07:00,26.90000,76.70000,17.50000,24.50000,0.99749,403.17151
2025-06-20 16:12:31+07:00,26.90000,76.40000,17.30000,23.30000,1.07269,403.19156
2025-06-20 16:13:21+07:00,26.90000,76.30000,18.40000,25.10000,1.06168,403.15155
2025-06-20 16:14:11+07:00,26.90000,76.30000,17.70000,23.80000,1.04804,403.12512
2025-06-20 16:16:04+07:00,26.80000,76.60000,19.30000,27.50000,1.06442,403.08578
2025-06-20 16:16:54+07:00,26.80000,77.00000,18.60000,26.50000,1.05621,403.10541
2025-06-20 16:18:35+07:00,26.80000,77.20000,28.40000,40.10000,1.06442,403.21844
2025-06-20 16:19:24+07:00,26.80000,77.40000,46.40000,61.00000,1.00797,403.04684
2025-06-20 16:20:14+07:00,26.90000,77.40000,51.20000,69.10000,1.10909,403.04041
2025-06-20 16:21:04+07:00,26.90000,77.40000,26.60000,39.90000,1.04263,403.02753
2025-06-20 16:21:53+07:00,26.90000,77.30000,35.70000,52.50000,1.06717,403.01471
2025-06-20 16:22:43+07:00,26.80000,76.80000,67.80000,88.30000,1.01589,403.17151
2025-06-20 16:23:33+07:00,26.80000,77.10000,33.90000,45.40000,1.16702,403.19156
2025-06-20 16:26:14+07:00,26.80000,77.20000,91.90000,116.30000,1.08379,403.10541
2025-06-20 16:27:04+07:00,26.80000,77.10000,97.40000,124.60000,1.11478,403.24551
2025-06-20 16:27:54+07:00,26.90000,77.00000,64.70000,86.00000,1.06168,403.18488
2025-06-20 16:28:44+07:00,26.90000,76.80000,50.90000,66.60000,1.05348,403.30020
2025-06-20 16:29:34+07:00,26.90000,77.10000,78.30000,101.40000,1.06993,403.10541
2025-06-20 16:30:24+07:00,26.90000,76.70000,24.10000,33.00000,1.06993,403.26593
2025-06-20 16:31:13+07:00,26.80000,77.10000,64.70000,83.10000,1.11763,403.11853
2025-06-20 16:32:03+07:00,26.80000,77.30000,58.10000,77.10000,1.11478,403.17151
2025-06-20 16:32:52+07:00,26.90000,77.40000,81.60000,104.70000,1.03724,403.35562
2025-06-20 16:33:42+07:00,26.90000,77.40000,127.00000,153.10001,1.01060,403.44012
2025-06-20 16:34:31+07:00,26.90000,77.30000,97.80000,120.50000,1.10061,403.34171
2025-06-20 16:35:25+07:00,26.90000,77.00000,26.40000,35.00000,1.07269,403.68890
2025-06-20 16:36:14+07:00,26.90000,77.20000,23.60000,33.00000,1.01854,403.28647
2025-06-20 16:37:04+07:00,26.90000,77.10000,26.20000,34.90000,1.01854,403.22519
2025-06-20 16:37:53+07:00,26.80000,77.40000,39.90000,52.80000,1.11763,403.36261
2025-06-20 16:38:43+07:00,26.70000,77.70000,23.60000,30.60000,1.08100,403.20499
2025-06-20 16:39:32+07:00,26.60000,77.70000,29.70000,40.50000,1.03187,403.19156
2025-06-20 16:40:26+07:00,26.70000,78.10000,29.70000,42.60000,1.06993,403.23196
2025-06-20 16:41:15+07:00,26.70000,78.10000,30.00000,41.10000,1.10909,403.21170
2025-06-20 16:42:06+07:00,26.70000,78.20000,103.40000,127.80000,1.01589,403.14493
2025-06-20 16:42:56+07:00,26.70000,78.30000,128.80000,152.50000,1.07269,403.32782
2025-06-20 16:43:51+07:00,26.80000,78.10000,83.90000,102.70000,1.08658,403.57745
2025-06-20 16:44:40+07:00,26.90000,78.10000,36.00000,47.90000,1.09498,403.46869
2025-06-20 16:45:30+07:00,26.80000,78.00000,51.40000,68.90000,1.07545,403.44012
2025-06-20 16:46:20+07:00,26.80000,77.90000,28.30000,38.60000,1.03993,403.58478
2025-06-20 16:47:09+07:00,26.70000,77.80000,33.60000,45.50000,1.03187,403.36960
2025-06-20 16:48:11+07:00,26.70000,77.90000,44.50000,58.40000,1.00010,403.42593
2025-06-20 16:49:00+07:00,26.70000,78.00000,24.70000,33.10000,1.11194,403.34171
2025-06-20 16:49:50+07:00,26.70000,78.00000,49.50000,63.40000,1.05348,403.38361
2025-06-20 16:50:39+07:00,26.80000,78.20000,51.10000,68.30000,1.03724,403.37659
2025-06-20 16:51:28+07:00,26.90000,78.10000,57.70000,76.90000,1.06993,403.36960
2025-06-20 16:52:18+07:00,26.90000,78.20000,26.60000,35.80000,1.06993,403.41885
2025-06-20 16:53:07+07:00,26.90000,78.00000,26.10000,34.60000,1.10909,403.47586
2025-06-20 16:53:57+07:00,26.90000,77.90000,34.60000,46.30000,1.08379,403.34171
2025-06-20 16:54:46+07:00,26.90000,78.00000,24.20000,32.30000,1.09498,403.32089
2025-06-20 16:55:36+07:00,26.90000,78.10000,89.10000,109.40000,1.08379,403.35562
2025-06-20 16:56:25+07:00,26.90000,78.30000,25.60000,33.40000,1.07545,403.62170
2025-06-20 16:57:15+07:00,27.00000,78.10000,67.80000,84.30000,1.13487,403.48303
2025-06-20 16:58:07+07:00,27.00000,78.20000,27.50000,36.10000,1.09498,403.57745
2025-06-20 16:58:56+07:00,26.90000,78.00000,29.30000,39.70000,1.05894,403.31400
2025-06-20 16:59:46+07:00,26.90000,78.30000,33.80000,45.00000,1.05076,403.41177
2025-06-20 17:00:35+07:00,26.90000,78.30000,58.80000,74.50000,1.07269,403.41885
2025-06-20 17:01:24+07:00,26.80000,78.90000,51.20000,63.40000,1.06993,403.46152
2025-06-20 17:02:14+07:00,26.90000,78.70000,56.80000,66.10000,1.01060,403.43304
2025-06-20 17:03:03+07:00,26.90000,78.70000,71.00000,79.60000,1.07269,403.41177
2025-06-20 17:03:52+07:00,26.90000,78.90000,78.40000,87.50000,1.04804,403.45438
2025-06-20 17:04:44+07:00,26.90000,78.80000,120.90000,135.39999,1.04804,403.49023
2025-06-20 17:05:33+07:00,26.80000,79.30000,107.10000,118.90000,1.03187,403.26593
2025-06-20 17:06:23+07:00,26.80000,79.40000,45.90000,51.90000,1.11763,403.42593
2025-06-20 17:07:12+07:00,26.80000,79.00000,39.60000,48.20000,1.06993,403.39062
2025-06-20 17:08:01+07:00,26.70000,79.30000,65.10000,75.10000,1.01589,403.26593
2025-06-20 17:08:51+07:00,26.70000,79.40000,105.60000,118.40000,1.04804,403.35562
2025-06-20 17:09:40+07:00,26.70000,79.30000,89.60000,100.50000,1.05076,403.19156
2025-06-20 17:10:29+07:00,26.70000,79.40000,82.70000,93.00000,1.08100,403.28647
2025-06-20 17:11:19+07:00,26.70000,79.20000,76.50000,87.70000,1.05894,403.41885
2025-06-20 17:12:08+07:00,26.60000,79.40000,116.80000,139.30000,1.03187,403.33475
2025-06-20 17:12:58+07:00,26.70000,79.30000,55.50000,69.10000,0.98969,403.23196
2025-06-20 17:13:47+07:00,26.70000,79.10000,39.30000,50.30000,0.99489,403.29333
2025-06-20 17:14:37+07:00,26.70000,79.20000,100.00000,127.10000,1.09217,403.29333
2025-06-20 17:15:26+07:00,26.70000,78.80000,63.40000,86.40000,1.00797,403.44727
2025-06-20 17:16:16+07:00,26.70000,78.60000,68.90000,86.20000,1.04533,403.43304
2025-06-20 17:17:05+07:00,26.60000,78.40000,62.10000,95.10000,1.02385,403.39767
2025-06-20 17:17:55+07:00,26.60000,78.70000,83.90000,127.20000,1.00797,403.25232
2025-06-20 17:18:44+07:00,26.50000,78.90000,70.20000,96.30000,0.99229,403.24551
2025-06-20 17:19:34+07:00,26.60000,79.00000,97.30000,126.80000,0.99489,403.36960
2025-06-20 17:20:24+07:00,26.60000,79.00000,70.40000,97.60000,1.00534,403.44727
2025-06-20 17:21:13+07:00,26.60000,78.80000,30.90000,43.40000,0.96657,403.28647
2025-06-20 17:22:02+07:00,26.50000,78.70000,54.90000,75.30000,0.94889,403.34866
2025-06-20 17:22:52+07:00,26.50000,79.00000,47.80000,67.10000,0.89737,403.36261
2025-06-20 17:23:42+07:00,26.40000,79.60000,51.10000,69.90000,0.93394,403.15155
2025-06-20 17:24:31+07:00,26.40000,79.80000,42.30000,58.30000,1.00797,403.13171
2025-06-20 17:25:20+07:00,26.50000,79.60000,38.20000,53.50000,0.99749,403.37659
2025-06-20 17:26:10+07:00,26.50000,79.50000,27.70000,38.40000,0.95644,403.27277
2025-06-20 17:27:00+07:00,26.50000,79.40000,30.30000,41.80000,0.96912,403.16486
2025-06-20 17:27:50+07:00,26.50000,79.10000,28.00000,38.80000,1.04804,403.04684
2025-06-20 17:28:39+07:00,26.50000,79.30000,47.70000,73.70000,1.01854,403.27960
2025-06-20 17:29:29+07:00,26.50000,79.10000,69.10000,106.90000,0.98969,403.18488
2025-06-20 17:30:18+07:00,26.60000,79.10000,98.20000,164.10001,1.01589,403.09232
2025-06-20 17:31:08+07:00,26.50000,79.00000,77.10000,110.90000,0.94139,403.30020
2025-06-20 17:31:57+07:00,26.50000,78.80000,107.30000,166.70000,0.92162,403.16486
2025-06-20 17:32:48+07:00,26.50000,78.70000,97.50000,158.20000,0.97679,403.21844
2025-06-20 17:33:37+07:00,26.50000,78.40000,106.00000,150.60001,0.92407,403.39062
2025-06-20 17:34:26+07:00,26.50000,78.40000,60.70000,85.00000,0.98710,403.54819
2025-06-20 17:35:16+07:00,26.50000,78.20000,53.60000,76.20000,0.92162,403.39062
2025-06-20 17:36:06+07:00,26.50000,78.70000,47.90000,73.00000,0.99229,403.13834
2025-06-20 17:36:55+07:00,26.50000,78.20000,52.20000,93.00000,0.91917,403.21170
2025-06-20 17:37:44+07:00,26.50000,77.80000,70.20000,109.90000,0.95896,403.27277
2025-06-20 17:38:34+07:00,26.40000,78.10000,72.80000,131.20000,0.93890,403.19156
2025-06-20 17:39:27+07:00,26.40000,78.30000,86.00000,148.89999,0.96149,403.17819
2025-06-20 17:40:17+07:00,26.50000,78.20000,122.70000,189.00000,0.94389,403.18488
2025-06-20 17:41:06+07:00,26.50000,77.70000,53.70000,82.00000,0.91673,403.24551
2025-06-20 17:41:56+07:00,26.50000,77.50000,70.70000,107.10000,0.96912,403.19156
2025-06-20 17:42:46+07:00,26.50000,77.80000,76.10000,104.40000,0.90943,403.18488
2025-06-20 17:43:35+07:00,26.40000,78.10000,41.30000,57.30000,0.89019,403.14493
2025-06-20 17:44:25+07:00,26.40000,77.90000,56.00000,85.40000,0.89497,403.10541
2025-06-20 17:45:14+07:00,26.30000,78.40000,67.70000,95.40000,0.94639,403.16486
2025-06-20 17:46:05+07:00,26.40000,78.40000,74.10000,116.60000,0.87598,403.20499
2025-06-20 17:46:54+07:00,26.30000,78.60000,70.70000,110.90000,0.93146,403.24551
2025-06-20 17:47:44+07:00,26.30000,78.80000,69.80000,100.30000,0.94389,403.11197
2025-06-20 17:48:34+07:00,26.30000,78.70000,83.50000,112.70000,0.85730,403.15155
2025-06-20 17:49:23+07:00,26.20000,79.20000,78.70000,99.90000,0.89019,403.31400
2025-06-20 17:50:13+07:00,26.30000,79.10000,73.40000,94.80000,0.93642,403.39062
2025-06-20 17:51:03+07:00,26.30000,79.10000,51.60000,68.60000,0.97167,403.30710
2025-06-20 17:51:52+07:00,26.40000,78.60000,60.30000,78.30000,0.96657,403.39767
2025-06-20 17:52:42+07:00,26.30000,78.80000,61.80000,80.40000,0.95896,403.46869
2025-06-20 17:53:36+07:00,26.30000,79.10000,46.70000,65.90000,0.95644,403.41177
2025-06-20 17:54:26+07:00,26.30000,78.90000,58.10000,73.60000,0.97167,403.34171
2025-06-20 17:55:15+07:00,26.30000,79.10000,30.50000,43.10000,0.91186,403.24551
2025-06-20 17:56:06+07:00,26.30000,79.30000,44.00000,56.50000,0.94639,403.32782
2025-06-20 17:56:56+07:00,26.30000,79.10000,66.50000,86.30000,0.93146,403.34866
2025-06-20 17:57:46+07:00,26.30000,79.20000,43.10000,57.90000,0.95140,403.34866
2025-06-20 17:58:36+07:00,26.30000,79.20000,30.70000,46.40000,0.90218,403.27277
2025-06-20 17:59:26+07:00,26.20000,79.30000,63.00000,82.10000,0.89977,403.37659
2025-06-20 18:00:16+07:00,26.30000,79.60000,47.10000,61.20000,0.91186,403.28647
2025-06-20 18:01:06+07:00,26.30000,79.60000,68.10000,84.50000,0.92900,403.34171
2025-06-20 18:01:56+07:00,26.30000,79.70000,43.00000,59.60000,0.93146,403.44727
2025-06-20 18:02:47+07:00,26.40000,79.60000,48.10000,63.20000,0.94889,403.38361
2025-06-20 18:03:36+07:00,26.40000,79.70000,39.50000,57.50000,0.93642,403.19156
2025-06-20 18:04:33+07:00,26.40000,79.70000,70.20000,91.50000,0.85962,403.32089
2025-06-20 18:05:23+07:00,26.30000,79.70000,68.50000,89.30000,0.94139,403.41177
2025-06-20 18:06:16+07:00,26.30000,79.90000,57.60000,73.80000,0.90701,403.41885
2025-06-20 18:07:05+07:00,26.30000,79.80000,31.30000,42.30000,0.92900,403.34171
2025-06-20 18:07:55+07:00,26.30000,79.70000,35.20000,49.20000,0.91917,403.36960
2025-06-20 18:08:49+07:00,26.30000,79.80000,50.90000,64.60000,0.91917,403.13171
2025-06-20 18:09:38+07:00,26.30000,79.90000,29.00000,37.80000,0.90459,403.43304
2025-06-20 18:10:27+07:00,26.30000,79.90000,55.60000,70.10000,0.90701,403.01471
2025-06-20 18:11:23+07:00,26.30000,80.30000,54.00000,69.70000,0.87128,403.32782
2025-06-20 18:12:16+07:00,26.40000,80.20000,48.40000,65.90000,0.87833,403.41177
2025-06-20 18:13:06+07:00,26.40000,80.00000,40.30000,55.60000,0.93642,403.39062
2025-06-20 18:13:55+07:00,26.40000,80.10000,60.80000,80.30000,0.94639,403.22519
2025-06-20 18:14:45+07:00,26.40000,79.90000,37.00000,47.70000,0.93890,403.37659
2025-06-20 18:15:37+07:00,26.40000,80.20000,33.10000,43.60000,0.91429,403.36261
2025-06-20 18:16:26+07:00,26.40000,80.30000,48.60000,63.20000,0.94889,403.30710
2025-06-20 18:17:16+07:00,26.40000,80.50000,43.80000,55.70000,0.87833,403.15155
2025-06-20 18:18:05+07:00,26.30000,80.60000,43.50000,54.00000,0.86194,403.19156
2025-06-20 18:18:55+07:00,26.30000,80.30000,31.40000,41.00000,0.92162,403.29333
2025-06-20 18:19:44+07:00,26.30000,80.20000,59.30000,76.40000,0.88306,403.18488
2025-06-20 18:20:36+07:00,26.20000,80.50000,42.90000,51.90000,0.88781,403.23196
2025-06-20 18:21:26+07:00,26.30000,80.50000,32.10000,42.60000,0.86660,403.28647
2025-06-20 18:22:15+07:00,26.30000,80.80000,44.70000,54.70000,0.82537,403.26593
2025-06-20 18:23:05+07:00,26.20000,80.80000,43.20000,54.90000,0.91186,403.20499
2025-06-20 18:23:54+07:00,26.20000,81.00000,50.10000,61.00000,0.89019,403.19156
2025-06-20 18:24:44+07:00,26.30000,80.70000,35.10000,41.40000,0.86194,403.44012
2025-06-20 18:25:33+07:00,26.10000,80.80000,30.80000,39.60000,0.88781,403.07928
2025-06-20 18:26:22+07:00,26.10000,80.60000,31.80000,40.80000,0.89977,403.14493
2025-06-20 18:27:12+07:00,26.10000,80.70000,34.90000,44.90000,0.86660,403.05331
2025-06-20 18:28:01+07:00,26.00000,81.00000,36.90000,45.70000,0.88070,403.17819
2025-06-20 18:28:51+07:00,26.00000,80.90000,33.90000,44.60000,0.82089,403.12512
2025-06-20 18:29:40+07:00,26.10000,80.80000,40.20000,52.60000,0.83440,403.09232
2025-06-20 18:30:30+07:00,26.00000,80.80000,40.60000,53.00000,0.80755,403.11197
2025-06-20 18:31:22+07:00,26.00000,80.70000,37.80000,48.90000,0.85499,403.13171
2025-06-20 18:32:15+07:00,26.10000,81.00000,33.80000,40.60000,0.84350,403.05978
2025-06-20 18:33:08+07:00,26.10000,81.20000,50.00000,61.10000,0.82313,402.98920
2025-06-20 18:34:01+07:00,26.10000,80.90000,35.70000,44.70000,0.85038,403.19156
2025-06-20 18:34:50+07:00,26.10000,80.50000,41.80000,52.20000,0.85038,403.03397
2025-06-20 18:35:42+07:00,26.10000,80.50000,48.20000,59.50000,0.85268,403.19827
2025-06-20 18:36:31+07:00,26.10000,80.40000,53.30000,69.80000,0.84122,403.25912
2025-06-20 18:37:26+07:00,26.20000,80.20000,44.80000,52.80000,0.84122,403.36960
2025-06-20 18:38:16+07:00,26.20000,80.20000,39.20000,48.20000,0.81642,403.33475
2025-06-20 18:39:05+07:00,26.20000,80.10000,50.50000,61.10000,0.86194,403.25232
2025-06-20 18:39:56+07:00,26.10000,80.00000,39.80000,49.70000,0.85038,403.28647
2025-06-20 18:40:46+07:00,26.20000,79.80000,37.30000,46.90000,0.78787,403.32089
2025-06-20 18:41:36+07:00,26.10000,80.10000,59.60000,68.40000,0.85268,403.23196
2025-06-20 18:43:17+07:00,26.10000,80.30000,77.70000,97.20000,0.83667,403.34866
2025-06-20 18:44:06+07:00,26.20000,80.40000,53.70000,64.30000,0.84808,403.44727
2025-06-20 18:44:56+07:00,26.20000,80.50000,101.00000,116.90000,0.84579,403.39767
2025-06-20 18:45:49+07:00,26.20000,80.50000,55.70000,68.10000,0.85038,403.30020
2025-06-20 18:46:39+07:00,26.20000,80.10000,79.80000,95.00000,0.86194,403.23874
2025-06-20 18:47:28+07:00,26.20000,80.40000,81.10000,97.40000,0.81420,403.32089
2025-06-20 18:48:17+07:00,26.10000,80.40000,56.60000,67.30000,0.88070,403.41177
2025-06-20 18:49:07+07:00,26.10000,80.20000,66.70000,77.30000,0.83667,403.31400
2025-06-20 18:50:48+07:00,26.00000,80.60000,71.10000,87.40000,0.83667,403.15155
2025-06-20 18:51:41+07:00,26.10000,80.40000,116.20000,136.70000,0.83667,403.38361
2025-06-20 18:52:33+07:00,26.10000,80.20000,72.20000,88.30000,0.81420,403.41177
2025-06-20 18:54:23+07:00,26.00000,80.40000,60.30000,73.70000,0.84808,403.28647
2025-06-20 18:55:12+07:00,26.00000,80.90000,71.90000,86.30000,0.83440,403.29333
2025-06-20 18:56:02+07:00,26.00000,81.20000,101.50000,120.00000,0.87128,403.17819
2025-06-20 18:56:51+07:00,26.10000,81.10000,59.70000,73.70000,0.83667,403.36960
2025-06-20 18:57:40+07:00,26.10000,81.00000,73.30000,88.40000,0.82762,403.51187
2025-06-20 18:58:30+07:00,26.10000,80.90000,88.00000,102.00000,0.88070,403.33475
2025-06-20 18:59:19+07:00,26.00000,81.00000,60.70000,77.60000,0.79439,403.35562
2025-06-20 19:00:08+07:00,26.00000,81.40000,42.20000,54.60000,0.79876,403.32782
2025-06-20 19:00:58+07:00,25.90000,81.60000,56.90000,69.70000,0.84122,403.02112
2025-06-20 19:01:47+07:00,25.90000,81.80000,92.10000,111.30000,0.87363,403.09885
2025-06-20 19:02:36+07:00,25.80000,81.70000,91.30000,112.20000,0.80976,403.17151
2025-06-20 19:03:27+07:00,25.80000,81.80000,81.90000,99.40000,0.82762,403.21170
2025-06-20 19:04:17+07:00,25.80000,81.70000,99.10000,121.70000,0.82313,403.29333
2025-06-20 19:05:09+07:00,25.90000,81.40000,66.00000,83.60000,0.74963,403.27277
2025-06-20 19:06:01+07:00,25.80000,81.80000,94.70000,114.90000,0.87363,403.24551
2025-06-20 19:06:50+07:00,25.80000,81.80000,47.00000,59.00000,0.81420,403.27277
2025-06-20 19:07:40+07:00,25.70000,82.00000,39.80000,51.80000,0.80976,403.27277
2025-06-20 19:08:32+07:00,25.70000,82.40000,132.20000,153.80000,0.91186,403.15820
2025-06-20 19:09:30+07:00,25.70000,82.50000,132.20000,154.10001,0.84350,403.36960
2025-06-20 19:10:21+07:00,25.70000,82.40000,79.80000,98.00000,0.86660,403.36261
2025-06-20 19:12:11+07:00,25.80000,82.20000,91.60000,107.80000,0.85499,403.52637
2025-06-20 19:13:01+07:00,25.80000,82.40000,100.70000,118.30000,0.85268,403.44727
2025-06-20 19:13:50+07:00,25.90000,82.30000,83.20000,100.70000,0.87128,403.65146
2025-06-20 19:14:40+07:00,25.90000,82.20000,112.20000,133.39999,0.85962,403.37659
2025-06-20 19:15:30+07:00,25.80000,82.50000,57.70000,73.20000,0.85499,403.44012
2025-06-20 19:16:19+07:00,25.90000,82.10000,90.20000,108.20000,0.83440,403.51187
2025-06-20 19:17:09+07:00,25.90000,82.50000,85.30000,101.70000,0.82988,403.38361
2025-06-20 19:17:58+07:00,25.90000,82.60000,63.80000,77.10000,0.87833,403.40472
2025-06-20 19:18:48+07:00,25.90000,82.40000,69.50000,83.40000,0.88306,403.35562
2025-06-20 19:19:37+07:00,25.90000,82.60000,139.20000,165.89999,0.89019,403.46869
2025-06-20 19:20:26+07:00,25.90000,82.60000,185.80000,208.39999,0.85038,403.58478
2025-06-20 19:21:16+07:00,26.00000,82.30000,108.20000,128.00000,0.89737,403.72668
2025-06-20 19:22:09+07:00,26.10000,81.90000,129.39999,150.10001,0.89019,403.51187
2025-06-20 19:22:59+07:00,26.00000,81.50000,97.00000,119.40000,0.92162,403.58478
2025-06-20 19:23:48+07:00,26.00000,81.10000,80.90000,97.30000,0.89977,403.57010
2025-06-20 19:24:38+07:00,25.90000,81.10000,80.20000,98.00000,0.83667,403.45438
2025-06-20 19:25:27+07:00,25.80000,81.40000,98.60000,114.90000,0.85962,403.44012
2025-06-20 19:26:16+07:00,25.80000,81.60000,70.30000,85.10000,0.89497,403.40472
2025-06-20 19:27:06+07:00,25.70000,81.60000,83.20000,98.10000,0.90218,403.40472
2025-06-20 19:27:55+07:00,25.80000,81.70000,92.50000,110.90000,0.88306,403.42593
2025-06-20 19:28:44+07:00,25.80000,81.90000,65.80000,80.40000,0.87128,403.56277
2025-06-20 19:29:34+07:00,25.90000,81.60000,100.80000,117.90000,0.85730,403.48303
2025-06-20 19:30:23+07:00,26.00000,81.60000,67.40000,82.20000,0.88543,403.44012
2025-06-20 19:31:13+07:00,26.00000,81.40000,81.90000,96.80000,0.85268,403.51910
2025-06-20 19:32:02+07:00,26.00000,81.10000,81.40000,95.10000,0.85038,403.61429
2025-06-20 19:32:52+07:00,26.00000,81.20000,50.50000,62.00000,0.86427,403.59213
2025-06-20 19:33:41+07:00,25.90000,81.30000,83.60000,101.30000,0.84122,403.42593
2025-06-20 19:34:30+07:00,25.80000,82.00000,153.20000,171.70000,0.84579,403.49023
2025-06-20 19:35:20+07:00,25.90000,82.00000,63.40000,71.30000,0.87833,403.67389
2025-06-20 19:36:09+07:00,26.00000,81.50000,82.20000,94.70000,0.83213,403.63657
2025-06-20 19:36:59+07:00,26.00000,81.50000,103.70000,119.90000,0.84350,403.43304
2025-06-20 19:37:49+07:00,26.10000,81.20000,76.90000,90.00000,0.87833,403.41177
2025-06-20 19:38:39+07:00,26.10000,81.20000,95.20000,111.20000,0.86660,403.58478
2025-06-20 19:39:28+07:00,26.00000,81.40000,75.00000,87.50000,0.86194,403.37659
2025-06-20 19:40:18+07:00,26.10000,81.30000,74.80000,85.80000,0.89258,403.43304
2025-06-20 19:41:08+07:00,26.00000,81.30000,63.00000,77.10000,0.85962,403.49744
2025-06-20 19:42:00+07:00,26.00000,81.30000,64.10000,75.80000,0.84579,403.32782
2025-06-20 19:42:49+07:00,26.00000,81.20000,54.80000,63.00000,0.88070,403.60690
2025-06-20 19:43:39+07:00,26.00000,81.20000,56.60000,66.60000,0.84579,403.27960
2025-06-20 19:44:28+07:00,25.90000,81.20000,48.00000,58.80000,0.79657,403.23874
2025-06-20 19:45:18+07:00,25.90000,81.30000,49.90000,60.70000,0.77709,403.11853
2025-06-20 19:46:07+07:00,25.90000,81.40000,57.30000,67.30000,0.78570,403.19827
2025-06-20 19:46:57+07:00,25.90000,81.60000,71.70000,83.10000,0.83440,403.28647
2025-06-20 19:47:46+07:00,25.90000,81.50000,49.50000,59.60000,0.84579,403.51187
2025-06-20 19:48:35+07:00,25.90000,81.20000,46.90000,57.50000,0.84122,403.26593
2025-06-20 19:49:25+07:00,25.90000,81.50000,50.10000,59.40000,0.79439,403.32782
2025-06-20 19:50:14+07:00,25.90000,81.40000,48.30000,58.70000,0.82313,403.14493
2025-06-20 19:51:04+07:00,25.90000,81.20000,40.80000,50.00000,0.79439,403.32782
2025-06-20 19:51:53+07:00,25.90000,81.10000,53.50000,64.70000,0.83440,403.36960
2025-06-20 19:52:43+07:00,25.80000,81.40000,50.70000,62.30000,0.80535,403.23196
2025-06-20 19:53:32+07:00,25.80000,81.20000,60.00000,70.50000,0.78787,403.15820
2025-06-20 19:54:22+07:00,25.80000,81.20000,50.70000,59.90000,0.81865,403.19156
2025-06-20 19:55:11+07:00,25.90000,81.10000,60.00000,71.90000,0.82537,403.39062
2025-06-20 19:56:00+07:00,26.00000,80.90000,53.10000,62.60000,0.81198,403.39767
2025-06-20 19:56:50+07:00,26.00000,80.80000,43.10000,53.10000,0.82089,403.36960
2025-06-20 19:57:39+07:00,25.90000,80.70000,52.60000,65.10000,0.83440,403.40472
2025-06-20 19:58:28+07:00,25.90000,80.90000,66.20000,77.80000,0.81865,403.21170
2025-06-20 19:59:18+07:00,26.00000,80.90000,44.50000,55.70000,0.81642,403.40472
2025-06-20 20:00:08+07:00,26.00000,80.70000,43.80000,55.10000,0.78787,403.40472
2025-06-20 20:00:58+07:00,26.10000,80.80000,52.50000,62.80000,0.76432,403.21844
2025-06-20 20:01:47+07:00,26.20000,80.70000,39.50000,46.30000,0.78787,403.38361
2025-06-20 20:02:37+07:00,26.10000,80.80000,47.80000,57.20000,0.78787,403.28647
2025-06-20 20:03:26+07:00,26.20000,80.90000,40.80000,50.50000,0.82988,403.40472
2025-06-20 20:04:19+07:00,26.20000,80.60000,39.10000,49.70000,0.78354,403.32782
2025-06-20 20:05:09+07:00,26.20000,80.70000,49.40000,63.80000,0.82313,403.46152
2025-06-20 20:05:59+07:00,26.20000,80.60000,40.30000,52.20000,0.77709,403.48303
2025-06-20 20:06:52+07:00,26.20000,81.00000,47.20000,59.40000,0.89497,403.43304
2025-06-20 20:08:46+07:00,26.20000,80.50000,44.60000,55.50000,0.81642,403.46152
2025-06-20 20:09:35+07:00,26.30000,80.30000,47.20000,60.10000,0.89737,403.46869
2025-06-20 20:10:25+07:00,26.30000,80.10000,38.10000,48.50000,0.81642,403.44727
2025-06-20 20:11:14+07:00,26.30000,80.20000,43.70000,56.00000,0.83667,403.39767
2025-06-20 20:12:05+07:00,26.30000,80.10000,52.40000,65.50000,0.83667,403.39767
2025-06-20 20:12:54+07:00,26.30000,80.00000,45.90000,59.40000,0.78570,403.51910
2025-06-20 20:13:44+07:00,26.30000,79.90000,55.10000,66.10000,0.83440,403.49023
2025-06-20 20:14:40+07:00,26.30000,79.90000,41.00000,53.50000,0.82089,403.50464
2025-06-20 20:15:40+07:00,26.40000,79.80000,42.20000,58.00000,0.82988,403.41885
2025-06-20 20:16:30+07:00,26.40000,80.10000,42.70000,52.40000,0.77924,403.41885
2025-06-20 20:17:19+07:00,26.40000,79.80000,44.70000,57.30000,0.81198,403.39062
2025-06-20 20:18:09+07:00,26.40000,79.80000,45.60000,57.20000,0.85962,403.54089
2025-06-20 20:18:58+07:00,26.40000,79.70000,42.60000,56.60000,0.83213,403.52637
2025-06-20 20:19:49+07:00,26.30000,79.80000,43.00000,58.50000,0.77495,403.51910
2025-06-20 20:20:38+07:00,26.30000,80.40000,46.30000,60.60000,0.78139,403.51910
2025-06-20 20:21:28+07:00,26.20000,80.40000,37.60000,50.10000,0.79876,403.42593
2025-06-20 20:22:18+07:00,26.10000,80.70000,41.80000,52.20000,0.81642,403.45438
2025-06-20 20:23:07+07:00,26.10000,81.00000,41.10000,52.20000,0.83440,403.35562
2025-06-20 20:23:57+07:00,26.00000,81.20000,48.60000,61.70000,0.80755,403.38361
2025-06-20 20:24:46+07:00,26.10000,80.80000,46.10000,62.80000,0.80535,403.41885
2025-06-20 20:25:36+07:00,26.10000,80.70000,47.40000,70.20000,0.77924,403.41885
2025-06-20 20:26:25+07:00,26.20000,80.60000,46.20000,63.60000,0.78787,403.42593
2025-06-20 20:27:15+07:00,26.20000,80.50000,45.60000,63.60000,0.81642,403.30710
2025-06-20 20:28:04+07:00,26.10000,81.00000,46.20000,66.90000,0.78139,403.41177
2025-06-20 20:28:54+07:00,26.20000,80.70000,48.70000,66.80000,0.82537,403.38361
2025-06-20 20:29:43+07:00,26.20000,80.80000,46.30000,65.10000,0.77282,403.39062
2025-06-20 20:30:32+07:00,26.20000,80.80000,44.00000,62.90000,0.83667,403.42593
2025-06-20 20:31:22+07:00,26.10000,80.90000,39.10000,58.40000,0.86427,403.42593
2025-06-20 20:32:11+07:00,26.20000,80.80000,41.10000,59.60000,0.80314,403.41885
2025-06-20 20:33:00+07:00,26.10000,80.90000,38.70000,55.90000,0.77495,403.38361
2025-06-20 20:33:50+07:00,26.10000,81.20000,38.40000,52.30000,0.77282,403.39767
2025-06-20 20:34:39+07:00,26.10000,81.20000,55.40000,68.70000,0.78354,403.26593
2025-06-20 20:35:28+07:00,26.10000,80.90000,54.50000,79.00000,0.81198,403.41177
2025-06-20 20:36:18+07:00,26.10000,81.20000,53.60000,75.80000,0.80314,403.36960
2025-06-20 20:37:07+07:00,26.10000,81.20000,56.90000,76.50000,0.84808,403.39062
2025-06-20 20:37:57+07:00,26.10000,81.20000,59.50000,75.20000,0.80095,403.37659
2025-06-20 20:38:46+07:00,26.10000,81.00000,57.20000,69.40000,0.79221,403.45438
2025-06-20 20:39:36+07:00,26.10000,81.00000,54.60000,66.50000,0.82762,403.36960
2025-06-20 20:40:25+07:00,26.10000,81.10000,52.30000,62.70000,0.82313,403.46152
2025-06-20 20:41:15+07:00,26.10000,81.00000,52.50000,62.40000,0.77069,403.32089
2025-06-20 20:42:04+07:00,26.10000,81.30000,45.50000,57.20000,0.78570,403.46869
2025-06-20 20:42:53+07:00,26.10000,81.00000,44.00000,56.50000,0.79657,403.38361
2025-06-20 20:43:43+07:00,26.10000,81.20000,47.50000,57.20000,0.81642,403.33475
2025-06-20 20:44:32+07:00,26.20000,80.90000,48.10000,56.90000,0.76221,403.30710
2025-06-20 20:45:22+07:00,26.20000,80.70000,43.00000,52.00000,0.81198,403.43304
2025-06-20 20:46:11+07:00,26.30000,80.40000,46.30000,56.40000,0.78787,403.41177
2025-06-20 20:47:08+07:00,26.30000,80.20000,46.50000,53.90000,0.81420,403.50464
2025-06-20 20:47:58+07:00,26.30000,80.40000,54.80000,63.40000,0.80095,403.42593
2025-06-20 20:48:50+07:00,26.30000,80.00000,70.20000,85.30000,0.78787,403.31400
2025-06-20 20:49:43+07:00,26.20000,80.20000,79.80000,92.60000,0.79221,403.41885
2025-06-20 20:50:32+07:00,26.20000,80.40000,61.90000,74.70000,0.80755,403.35562
2025-06-20 20:51:22+07:00,26.10000,80.40000,46.20000,53.40000,0.80755,403.40472
2025-06-20 20:52:11+07:00,26.10000,80.30000,41.90000,48.80000,0.80976,403.58478
2025-06-20 20:53:00+07:00,26.10000,80.50000,44.80000,52.40000,0.76221,403.43304
2025-06-20 20:53:55+07:00,26.10000,80.40000,44.90000,52.10000,0.74133,403.29333
2025-06-20 20:54:47+07:00,26.10000,80.30000,46.00000,56.00000,0.79876,403.42593
2025-06-20 20:55:36+07:00,26.10000,80.50000,46.10000,53.00000,0.80535,403.34866
2025-06-20 20:56:26+07:00,26.10000,80.20000,45.90000,53.60000,0.76010,403.46869
2025-06-20 20:57:15+07:00,26.20000,79.80000,45.10000,53.00000,0.77069,403.39062
2025-06-20 20:58:04+07:00,26.30000,79.60000,42.60000,52.30000,0.80314,403.49023
2025-06-20 20:58:54+07:00,26.20000,80.00000,41.20000,48.60000,0.85268,403.51910
2025-06-20 20:59:43+07:00,26.20000,80.30000,38.50000,46.70000,0.72090,403.41885
2025-06-20 21:00:33+07:00,26.10000,80.60000,33.60000,43.60000,0.83667,403.28647
2025-06-20 21:01:22+07:00,26.10000,80.60000,33.20000,41.10000,0.77069,403.21844
2025-06-20 21:02:11+07:00,26.00000,80.80000,36.40000,42.90000,0.74963,403.23874
2025-06-20 21:03:04+07:00,26.10000,80.50000,40.30000,46.70000,0.83213,403.37659
2025-06-20 21:03:53+07:00,26.10000,80.80000,47.20000,52.90000,0.72090,403.21844
2025-06-20 21:04:43+07:00,26.10000,80.80000,48.30000,54.10000,0.76856,403.23874
2025-06-20 21:05:32+07:00,26.10000,80.50000,42.70000,47.80000,0.76856,403.24551
2025-06-20 21:06:21+07:00,26.10000,80.60000,42.60000,48.30000,0.78787,403.25232
2025-06-20 21:07:11+07:00,26.10000,80.90000,45.10000,50.70000,0.76856,403.20499
2025-06-20 21:08:01+07:00,26.10000,80.80000,45.90000,53.00000,0.77924,403.30020
2025-06-20 21:08:50+07:00,26.10000,80.70000,41.50000,48.90000,0.77709,403.37659
2025-06-20 21:09:39+07:00,26.00000,80.70000,43.60000,51.10000,0.73310,403.41177
2025-06-20 21:10:29+07:00,26.00000,80.90000,43.30000,52.00000,0.74340,403.25232
2025-06-20 21:11:18+07:00,26.00000,80.90000,46.60000,58.20000,0.74963,403.19156
2025-06-20 21:12:07+07:00,26.10000,80.70000,70.70000,81.50000,0.74133,403.41177
2025-06-20 21:12:57+07:00,26.20000,80.10000,92.20000,103.40000,0.76856,403.41885
2025-06-20 21:13:46+07:00,26.30000,79.60000,81.20000,91.20000,0.77069,403.84967
2025-06-20 21:14:36+07:00,26.40000,79.30000,97.90000,110.00000,0.82762,403.88873
2025-06-20 21:15:25+07:00,26.50000,79.00000,66.60000,77.10000,0.85962,404.00793
2025-06-20 21:16:14+07:00,26.50000,79.10000,39.90000,47.70000,0.79221,404.72217
2025-06-20 21:17:04+07:00,26.40000,79.60000,47.10000,58.30000,0.84808,404.35748
2025-06-20 21:17:53+07:00,26.30000,79.80000,41.40000,50.80000,0.84122,404.07272
2025-06-20 21:18:42+07:00,26.20000,80.00000,35.30000,47.40000,0.79004,403.85745
2025-06-20 21:19:32+07:00,26.10000,80.30000,52.40000,65.10000,0.81420,403.58478
2025-06-20 21:20:21+07:00,26.10000,80.40000,34.50000,43.70000,0.86894,403.50464
2025-06-20 21:21:11+07:00,26.00000,80.40000,35.00000,43.70000,0.82313,403.46152
2025-06-20 21:22:00+07:00,26.00000,80.80000,38.40000,47.30000,0.80314,403.41177
2025-06-20 21:22:50+07:00,26.00000,80.90000,37.50000,45.20000,0.80976,403.55548
2025-06-20 21:23:39+07:00,25.90000,81.00000,37.00000,45.90000,0.82762,403.42593
2025-06-20 21:24:29+07:00,25.90000,81.20000,84.70000,103.80000,0.78354,403.21844
2025-06-20 21:25:18+07:00,26.10000,80.80000,37.20000,46.30000,0.79439,403.84189
2025-06-20 21:26:11+07:00,26.10000,80.60000,56.40000,67.30000,0.81642,403.48303
2025-06-20 21:27:00+07:00,26.00000,80.70000,173.60001,200.89999,0.79221,403.45438
2025-06-20 21:27:50+07:00,26.00000,80.90000,77.60000,92.20000,0.83894,403.84189
2025-06-20 21:30:37+07:00,26.00000,80.60000,35.30000,43.80000,0.76010,403.62170
2025-06-20 21:31:26+07:00,26.00000,80.60000,34.80000,43.30000,0.80976,403.50464
2025-06-20 21:32:18+07:00,25.90000,80.60000,154.89999,174.80000,0.71286,403.30710
2025-06-20 21:33:15+07:00,26.00000,80.40000,79.00000,95.50000,0.78787,403.53363
2025-06-20 21:34:05+07:00,26.10000,80.30000,56.50000,68.40000,0.82089,403.74188
2025-06-20 21:34:54+07:00,26.10000,80.30000,83.70000,100.20000,0.75171,403.59213
2025-06-20 21:35:43+07:00,26.00000,80.40000,108.40000,128.89999,0.80976,403.55548
2025-06-20 21:36:33+07:00,26.00000,80.40000,305.00000,343.60001,0.78787,403.49744
2025-06-20 21:37:22+07:00,26.00000,80.80000,137.60001,157.70000,0.79439,403.70398
2025-06-20 21:38:11+07:00,26.00000,80.70000,97.20000,118.40000,0.79657,403.89661
2025-06-20 21:39:01+07:00,26.10000,80.30000,164.00000,195.70000,0.81420,403.53363
2025-06-20 21:39:50+07:00,26.10000,80.20000,112.20000,135.60001,0.75800,403.90448
2025-06-20 21:40:40+07:00,26.10000,80.20000,183.70000,210.20000,0.82537,403.78778
2025-06-20 21:41:29+07:00,26.00000,80.70000,291.10001,326.79999,0.81420,403.84967
2025-06-20 21:42:18+07:00,26.10000,80.80000,370.89999,416.29999,0.79221,404.18808
2025-06-20 21:43:14+07:00,26.20000,80.80000,113.20000,128.30000,0.84808,404.88049
2025-06-20 21:44:08+07:00,26.20000,80.10000,158.00000,181.80000,0.84122,404.38336
2025-06-20 21:44:57+07:00,26.20000,80.40000,98.90000,117.80000,0.85268,404.46176
2025-06-20 21:45:47+07:00,26.20000,80.30000,38.20000,44.70000,0.82537,404.08087
2025-06-20 21:46:39+07:00,26.10000,80.10000,89.10000,115.10000,0.81198,403.81860
2025-06-20 21:47:35+07:00,26.10000,80.60000,119.60000,136.10001,0.81865,403.71155
2025-06-20 21:48:25+07:00,26.00000,81.10000,44.00000,55.60000,0.83440,403.81088
2025-06-20 21:49:14+07:00,26.00000,80.70000,96.20000,116.40000,0.85268,403.93607
2025-06-20 21:50:03+07:00,26.00000,80.90000,60.30000,71.90000,0.83667,404.16315
2025-06-20 21:50:53+07:00,26.00000,80.60000,37.00000,44.90000,0.91186,404.17978
2025-06-20 21:51:42+07:00,26.00000,80.80000,38.80000,49.00000,0.83440,403.71912
2025-06-20 21:52:32+07:00,26.00000,80.40000,36.80000,50.80000,0.88306,403.67389
2025-06-20 21:53:21+07:00,26.00000,80.50000,63.10000,78.30000,0.80314,403.44727
2025-06-20 21:54:11+07:00,25.90000,80.80000,39.10000,53.00000,0.83440,403.56277
2025-06-20 21:55:05+07:00,25.90000,80.80000,42.60000,51.40000,0.80314,403.44727
2025-06-20 21:55:57+07:00,26.00000,80.70000,39.80000,49.90000,0.80314,403.52637
2025-06-20 21:56:48+07:00,26.00000,80.70000,135.20000,162.10001,0.81420,403.43304
2025-06-20 21:57:38+07:00,26.10000,81.10000,57.90000,73.30000,0.81865,404.10541
2025-06-20 21:58:28+07:00,26.10000,80.30000,74.10000,98.60000,0.81865,403.88092
2025-06-20 21:59:25+07:00,26.00000,80.30000,39.00000,49.00000,0.83667,403.70398
2025-06-20 22:00:14+07:00,25.90000,80.50000,40.60000,51.90000,0.82537,403.76477
2025-06-20 22:01:03+07:00,25.90000,80.60000,83.30000,104.50000,0.74340,403.63657
2025-06-20 22:01:53+07:00,25.90000,80.90000,183.39999,206.10001,0.74133,404.36612
2025-06-20 22:02:42+07:00,26.00000,81.30000,121.40000,139.50000,0.85962,404.94693
2025-06-20 22:03:32+07:00,26.10000,80.70000,93.30000,111.30000,0.84579,404.58600
2025-06-20 22:05:22+07:00,26.10000,80.70000,152.70000,173.20000,0.88070,404.31464
2025-06-20 22:06:14+07:00,26.20000,80.80000,47.40000,57.00000,0.93394,405.01410
2025-06-20 22:07:03+07:00,26.20000,80.10000,83.60000,100.80000,0.91673,404.95648
2025-06-20 22:07:52+07:00,26.10000,80.40000,45.60000,59.00000,0.89258,404.12186
2025-06-20 22:08:42+07:00,26.20000,80.10000,47.00000,58.40000,0.90701,404.05646
2025-06-20 22:09:31+07:00,26.10000,80.50000,55.70000,67.20000,0.85499,404.05646
2025-06-20 22:10:21+07:00,26.10000,80.40000,203.89999,231.80000,0.83440,404.00793
2025-06-20 22:11:10+07:00,26.20000,80.90000,93.40000,113.50000,0.90459,404.52353
2025-06-20 22:12:00+07:00,26.30000,80.40000,197.00000,233.10001,0.87128,404.83350
2025-06-20 22:12:49+07:00,26.30000,80.30000,66.50000,80.80000,0.94639,404.87106
2025-06-20 22:13:42+07:00,26.20000,80.10000,48.70000,61.80000,0.91917,404.16315
2025-06-20 22:14:32+07:00,26.20000,80.20000,182.50000,205.20000,0.91186,404.02405
2025-06-20 22:15:21+07:00,26.20000,80.10000,112.90000,130.60001,0.86894,404.21317
2025-06-20 22:16:11+07:00,26.20000,80.20000,115.10000,138.30000,0.91186,404.23834
2025-06-20 22:17:00+07:00,26.20000,79.90000,96.00000,115.60000,0.88306,404.24677
2025-06-20 22:17:50+07:00,26.10000,80.40000,118.90000,137.89999,0.86660,404.15485
2025-06-20 22:18:40+07:00,26.20000,80.50000,56.20000,71.20000,0.82988,404.40070
2025-06-20 22:24:07+07:00,26.20000,80.30000,669.90002,741.00000,0.86427,404.77756
2025-06-20 22:24:58+07:00,26.40000,80.30000,778.09998,862.50000,0.93394,405.16055
2025-06-20 22:25:52+07:00,26.40000,80.10000,445.60001,496.29999,0.91673,405.56830
2025-06-20 22:26:42+07:00,26.40000,79.70000,83.80000,102.20000,0.98969,405.65292
2025-06-20 22:28:38+07:00,26.20000,79.10000,43.80000,51.50000,0.97167,404.67642
2025-06-20 22:29:28+07:00,26.10000,79.50000,44.40000,53.90000,0.93890,404.16315
2025-06-20 22:30:18+07:00,26.00000,79.80000,43.70000,54.90000,0.94139,403.88092
2025-06-20 22:31:08+07:00,25.90000,80.00000,43.00000,53.40000,0.90943,403.88873
2025-06-20 22:31:57+07:00,25.80000,80.30000,46.60000,56.20000,0.85268,403.70398
2025-06-20 22:32:46+07:00,25.80000,80.60000,44.70000,58.10000,0.82762,403.69644
2025-06-20 22:33:36+07:00,25.90000,80.50000,43.50000,53.40000,0.80095,403.48303
2025-06-20 22:34:29+07:00,25.90000,80.40000,46.40000,59.40000,0.82089,403.46152
2025-06-20 22:35:20+07:00,25.90000,80.40000,45.90000,54.50000,0.82762,403.39062
2025-06-20 22:36:10+07:00,25.90000,80.40000,189.10001,212.30000,0.81642,403.44727
2025-06-20 22:37:00+07:00,25.80000,80.60000,80.70000,94.20000,0.77495,403.54819
2025-06-20 22:37:49+07:00,25.90000,80.50000,40.60000,50.30000,0.76010,403.67389
2025-06-20 22:38:39+07:00,25.90000,80.40000,39.20000,48.90000,0.79439,403.50464
2025-06-20 22:39:31+07:00,25.90000,80.40000,190.39999,214.10001,0.79004,403.44012
2025-06-20 22:40:22+07:00,25.90000,80.60000,47.00000,57.80000,0.75800,403.57745
2025-06-20 22:41:12+07:00,26.00000,80.20000,50.40000,62.70000,0.75380,403.61429
2025-06-20 22:42:01+07:00,26.00000,80.20000,37.50000,48.60000,0.72090,403.56277
2025-06-20 22:42:51+07:00,26.00000,80.10000,41.40000,50.30000,0.72902,403.51187
2025-06-20 22:43:40+07:00,25.90000,80.40000,39.50000,49.30000,0.74133,403.38361
2025-06-20 22:44:30+07:00,25.90000,80.50000,39.10000,50.00000,0.71086,403.46869
2025-06-20 22:45:19+07:00,25.90000,80.40000,75.90000,90.20000,0.76010,403.44012
2025-06-20 22:46:10+07:00,25.90000,80.40000,55.00000,67.10000,0.69697,403.51910
2025-06-20 22:46:59+07:00,25.90000,80.40000,60.20000,71.60000,0.72090,403.40472
2025-06-20 22:47:57+07:00,25.90000,80.50000,60.70000,74.30000,0.70092,403.40472
2025-06-20 22:48:47+07:00,25.90000,80.40000,53.60000,64.10000,0.73927,403.44012
2025-06-20 22:49:37+07:00,26.00000,80.20000,61.90000,80.50000,0.76010,403.43304
2025-06-20 22:50:26+07:00,26.00000,80.20000,106.20000,127.90000,0.75171,403.44727
2025-06-20 22:51:15+07:00,26.00000,80.10000,109.80000,129.70000,0.70290,403.78009
2025-06-20 22:52:05+07:00,26.00000,80.20000,58.80000,72.80000,0.76644,403.64401
2025-06-20 22:52:54+07:00,25.90000,80.20000,47.20000,57.40000,0.75590,403.74188
2025-06-20 22:53:44+07:00,25.90000,80.30000,89.60000,107.20000,0.72902,403.64401
2025-06-20 22:54:33+07:00,26.00000,80.20000,64.40000,76.30000,0.72293,403.65894
2025-06-20 22:55:23+07:00,26.00000,80.10000,50.50000,60.70000,0.71286,403.61429
2025-06-20 22:56:12+07:00,26.00000,80.00000,47.00000,55.10000,0.69501,403.42593
2025-06-20 22:57:01+07:00,26.00000,80.20000,36.30000,45.40000,0.72495,403.49744
2025-06-20 22:57:51+07:00,26.00000,80.20000,38.70000,48.40000,0.72495,403.42593
2025-06-20 22:58:40+07:00,26.00000,80.10000,36.10000,42.80000,0.72902,403.56277
2025-06-20 22:59:30+07:00,25.90000,80.30000,34.50000,42.80000,0.73515,403.44012
2025-06-20 23:00:19+07:00,25.90000,80.50000,60.20000,72.30000,0.70488,403.31400
2025-06-20 23:01:08+07:00,25.90000,80.40000,36.50000,45.90000,0.71286,403.39062
2025-06-20 23:01:58+07:00,25.90000,80.60000,35.90000,43.70000,0.68914,403.32782
2025-06-20 23:02:47+07:00,25.80000,80.60000,35.30000,44.30000,0.67751,403.23196
2025-06-20 23:03:37+07:00,25.90000,80.60000,50.50000,62.40000,0.67944,403.25912
2025-06-20 23:04:26+07:00,25.80000,80.70000,35.30000,45.30000,0.65472,403.35562
2025-06-20 23:05:15+07:00,25.80000,80.60000,35.50000,44.20000,0.66414,403.34866
2025-06-20 23:06:05+07:00,25.80000,80.60000,36.00000,45.70000,0.68137,403.19827
2025-06-20 23:06:54+07:00,25.80000,80.70000,37.20000,46.90000,0.70488,403.16486
2025-06-20 23:07:44+07:00,25.80000,80.80000,35.70000,43.40000,0.69305,403.22519
2025-06-20 23:08:34+07:00,25.70000,81.00000,37.90000,46.60000,0.68330,403.22519
2025-06-20 23:09:26+07:00,25.70000,81.20000,37.40000,46.60000,0.68330,403.23874
2025-06-20 23:10:19+07:00,25.60000,81.40000,39.10000,49.20000,0.67751,403.17819
2025-06-20 23:11:11+07:00,25.60000,81.40000,41.90000,53.20000,0.67176,403.25912
2025-06-20 23:12:01+07:00,25.60000,81.50000,41.40000,53.20000,0.68330,403.20499
2025-06-20 23:12:51+07:00,25.60000,81.50000,45.70000,56.80000,0.69697,403.21844
2025-06-20 23:13:43+07:00,25.60000,81.40000,46.40000,57.10000,0.69894,403.15155
2025-06-20 23:14:33+07:00,25.60000,81.40000,47.20000,60.00000,0.63071,403.16486
2025-06-20 23:15:23+07:00,25.70000,81.20000,48.00000,61.70000,0.69697,403.35562
2025-06-20 23:16:12+07:00,25.60000,81.20000,47.20000,58.30000,0.65285,403.26593
2025-06-20 23:17:02+07:00,25.60000,81.30000,63.60000,78.20000,0.67559,403.17819
2025-06-20 23:17:53+07:00,25.60000,81.40000,70.40000,85.00000,0.65659,403.12512
2025-06-20 23:18:43+07:00,25.70000,81.30000,49.30000,62.40000,0.65847,403.32782
2025-06-20 23:19:32+07:00,25.70000,81.20000,61.70000,70.90000,0.65472,403.41177
2025-06-20 23:20:22+07:00,25.70000,81.10000,49.10000,60.00000,0.63619,403.26593
2025-06-20 23:21:12+07:00,25.70000,80.90000,47.00000,56.20000,0.66985,403.32782
2025-06-20 23:22:06+07:00,25.70000,80.70000,47.20000,59.10000,0.65098,403.34866
2025-06-20 23:22:56+07:00,25.60000,80.90000,52.00000,63.80000,0.65659,403.23874
2025-06-20 23:23:49+07:00,25.60000,80.90000,53.10000,65.70000,0.65285,403.36261
2025-06-20 23:24:48+07:00,25.60000,81.00000,70.60000,84.50000,0.68137,403.27277
2025-06-20 23:25:38+07:00,25.70000,80.90000,95.80000,109.40000,0.67944,403.32089
2025-06-20 23:26:29+07:00,25.70000,80.80000,92.30000,109.00000,0.68330,403.47586
2025-06-20 23:27:18+07:00,25.70000,80.80000,46.10000,56.10000,0.66794,403.78009
2025-06-20 23:28:08+07:00,25.70000,80.60000,41.60000,50.30000,0.67367,403.27277
2025-06-20 23:28:58+07:00,25.70000,80.60000,67.40000,79.30000,0.61806,403.36960
2025-06-20 23:29:47+07:00,25.70000,80.60000,40.40000,46.00000,0.65659,403.41885
2025-06-20 23:30:37+07:00,25.70000,80.40000,41.30000,49.10000,0.66036,403.30710
2025-06-20 23:31:26+07:00,25.70000,80.50000,42.30000,49.70000,0.65847,403.24551
2025-06-20 23:32:16+07:00,25.70000,80.60000,41.20000,50.90000,0.67751,403.28647
2025-06-20 23:33:05+07:00,25.70000,80.90000,38.30000,48.90000,0.65285,403.26593
2025-06-20 23:33:55+07:00,25.60000,80.80000,125.80000,147.20000,0.63986,403.27277
2025-06-20 23:34:44+07:00,25.70000,80.70000,37.30000,45.00000,0.68524,403.54819
2025-06-20 23:35:34+07:00,25.70000,80.50000,34.90000,43.70000,0.65285,403.17819
2025-06-20 23:36:23+07:00,25.70000,80.60000,39.30000,50.30000,0.66794,403.30710
2025-06-20 23:37:13+07:00,25.60000,80.90000,58.10000,69.00000,0.64540,403.24551
2025-06-20 23:38:02+07:00,25.70000,80.90000,37.50000,45.10000,0.66036,403.46152
2025-06-20 23:38:52+07:00,25.70000,80.90000,49.90000,58.70000,0.64355,403.36261
2025-06-20 23:39:45+07:00,25.70000,80.80000,48.90000,59.20000,0.66225,403.36261
2025-06-20 23:40:35+07:00,25.70000,80.70000,34.70000,41.20000,0.64355,403.32089
2025-06-20 23:41:29+07:00,25.70000,80.80000,34.40000,41.00000,0.68330,403.16486
2025-06-20 23:42:19+07:00,25.60000,80.70000,34.50000,44.00000,0.63986,403.26593
2025-06-20 23:43:09+07:00,25.60000,80.80000,32.40000,42.30000,0.66225,403.22519
2025-06-20 23:43:58+07:00,25.60000,80.90000,33.90000,42.90000,0.62166,403.07278
2025-06-20 23:44:48+07:00,25.60000,80.80000,33.90000,44.10000,0.64540,403.24551
2025-06-20 23:45:37+07:00,25.50000,80.90000,41.20000,51.60000,0.63435,403.19156
2025-06-20 23:46:27+07:00,25.60000,80.90000,38.50000,46.80000,0.66414,403.30710
2025-06-20 23:47:16+07:00,25.50000,80.90000,70.50000,88.90000,0.62707,403.20499
2025-06-20 23:48:06+07:00,25.60000,80.90000,39.70000,48.70000,0.60915,403.34866
2025-06-20 23:48:55+07:00,25.60000,80.90000,61.70000,75.20000,0.66985,403.19156
2025-06-20 23:49:46+07:00,25.60000,81.00000,155.10001,187.00000,0.65472,403.37659
2025-06-20 23:50:36+07:00,25.70000,80.90000,92.50000,114.60000,0.67559,403.46152
2025-06-20 23:51:31+07:00,25.70000,80.60000,88.80000,105.20000,0.69305,403.41177
2025-06-20 23:52:26+07:00,25.70000,80.50000,114.20000,148.70000,0.64726,403.41885
2025-06-20 23:53:16+07:00,25.70000,80.50000,81.00000,101.00000,0.68137,403.56277
2025-06-20 23:55:04+07:00,25.70000,80.20000,80.60000,107.60000,0.66985,403.45438
2025-06-20 23:55:54+07:00,25.70000,80.30000,45.60000,64.50000,0.69109,403.43304
2025-06-20 23:56:44+07:00,25.80000,80.30000,190.20000,230.39999,0.65098,403.48303
2025-06-20 23:57:35+07:00,25.80000,80.30000,116.40000,158.20000,0.66794,403.46152
2025-06-20 23:58:25+07:00,25.80000,80.10000,89.30000,117.90000,0.68914,403.54819
2025-06-20 23:59:15+07:00,25.80000,80.10000,117.80000,150.80000,0.69501,403.47586
2025-06-21 00:00:05+07:00,25.80000,79.90000,81.80000,102.50000,0.66225,403.42593
2025-06-21 00:00:55+07:00,25.80000,79.80000,71.60000,90.60000,0.64170,403.48303
2025-06-21 00:01:44+07:00,25.70000,80.00000,48.40000,63.30000,0.67559,403.36960
2025-06-21 00:02:34+07:00,25.60000,80.40000,93.80000,118.40000,0.64911,403.44012
2025-06-21 00:03:23+07:00,25.60000,80.60000,43.30000,58.10000,0.63619,403.36261
2025-06-21 00:04:16+07:00,25.60000,80.30000,37.00000,48.80000,0.68330,403.33475
2025-06-21 00:05:06+07:00,25.60000,80.50000,36.60000,49.10000,0.67176,403.20499
2025-06-21 00:05:55+07:00,25.60000,80.60000,35.70000,46.20000,0.66414,403.27277
2025-06-21 00:06:44+07:00,25.50000,80.60000,36.50000,45.80000,0.64355,403.20499
2025-06-21 00:07:34+07:00,25.50000,80.90000,60.50000,76.10000,0.64355,403.14493
2025-06-21 00:08:24+07:00,25.50000,80.90000,32.80000,41.10000,0.66794,403.26593
2025-06-21 00:09:13+07:00,25.50000,80.90000,46.90000,58.50000,0.62166,403.15155
2025-06-21 00:10:05+07:00,25.50000,80.90000,36.00000,46.70000,0.67751,403.13834
2025-06-21 00:10:55+07:00,25.50000,80.80000,30.80000,39.40000,0.61449,403.08578
2025-06-21 00:11:44+07:00,25.50000,80.80000,168.39999,200.89999,0.64170,403.16486
2025-06-21 00:12:33+07:00,25.50000,80.80000,31.70000,40.50000,0.63802,403.30710
2025-06-21 00:13:23+07:00,25.50000,80.90000,32.80000,41.90000,0.62889,403.21170
2025-06-21 00:14:12+07:00,25.40000,81.20000,37.10000,46.30000,0.61271,403.30710
2025-06-21 00:15:02+07:00,25.40000,81.40000,53.90000,67.20000,0.63435,403.12512
2025-06-21 00:15:55+07:00,25.40000,81.50000,35.70000,48.60000,0.59511,403.11853
2025-06-21 00:16:44+07:00,25.40000,81.40000,64.70000,79.80000,0.63802,403.21844
2025-06-21 00:17:34+07:00,25.30000,81.60000,33.50000,44.60000,0.62346,403.23874
2025-06-21 00:18:23+07:00,25.30000,81.70000,34.50000,46.90000,0.63802,403.20499
2025-06-21 00:19:13+07:00,25.20000,82.00000,35.60000,46.90000,0.60035,403.11853
2025-06-21 00:20:02+07:00,25.30000,82.10000,121.10000,145.30000,0.59164,403.17819
2025-06-21 00:20:52+07:00,25.30000,82.00000,35.70000,48.30000,0.61627,403.24551
2025-06-21 00:21:41+07:00,25.40000,81.90000,33.30000,46.60000,0.63253,403.17151
2025-06-21 00:22:30+07:00,25.40000,82.00000,34.70000,49.40000,0.61627,403.27960
2025-06-21 00:23:20+07:00,25.30000,82.10000,54.70000,72.00000,0.63435,402.81531
2025-06-21 00:24:09+07:00,25.30000,82.20000,72.30000,91.90000,0.64170,403.24551
2025-06-21 00:24:59+07:00,25.30000,82.20000,34.90000,45.50000,0.61627,403.27277
2025-06-21 00:25:51+07:00,25.30000,82.10000,38.30000,49.90000,0.60562,403.16486
2025-06-21 00:26:40+07:00,25.30000,82.00000,34.70000,44.60000,0.60738,403.06628
2025-06-21 00:27:29+07:00,25.20000,82.00000,34.10000,46.20000,0.60915,403.19827
2025-06-21 00:28:19+07:00,25.20000,81.90000,33.30000,43.50000,0.61986,403.27277
2025-06-21 00:29:08+07:00,25.20000,82.10000,34.10000,48.10000,0.61449,403.02753
2025-06-21 00:29:57+07:00,25.20000,82.20000,33.30000,46.50000,0.53980,403.10541
2025-06-21 00:30:47+07:00,25.20000,82.40000,88.50000,105.10000,0.60738,403.24551
2025-06-21 00:31:36+07:00,25.30000,82.20000,42.20000,56.20000,0.59685,403.07278
2025-06-21 00:32:26+07:00,25.30000,81.80000,37.50000,49.30000,0.61627,403.10541
2025-06-21 00:33:15+07:00,25.30000,82.00000,50.40000,66.80000,0.61806,403.10541
2025-06-21 00:34:04+07:00,25.20000,82.10000,39.30000,52.60000,0.61271,403.15820
2025-06-21 00:34:54+07:00,25.20000,82.10000,33.60000,47.10000,0.58646,403.06628
2025-06-21 00:35:43+07:00,25.20000,82.10000,43.80000,55.80000,0.58131,403.32782
2025-06-21 00:36:32+07:00,25.20000,82.10000,34.70000,45.80000,0.60210,403.20499
2025-06-21 00:37:22+07:00,25.20000,82.00000,33.10000,47.10000,0.64355,403.04041
2025-06-21 00:38:11+07:00,25.20000,82.10000,36.10000,50.20000,0.62889,403.04041
2025-06-21 00:40:18+07:00,25.20000,82.50000,39.90000,55.00000,0.60035,403.19827
2025-06-21 00:41:11+07:00,25.20000,82.40000,49.20000,68.10000,0.60210,403.17819
2025-06-21 00:42:00+07:00,25.20000,82.60000,112.90000,129.60001,0.60915,403.15820
2025-06-21 00:42:50+07:00,25.20000,82.40000,53.30000,67.00000,0.58131,403.25232
2025-06-21 00:43:39+07:00,25.30000,82.20000,33.00000,44.40000,0.58131,403.25232
2025-06-21 00:44:30+07:00,25.30000,82.40000,36.10000,46.10000,0.58474,403.32782
2025-06-21 00:45:20+07:00,25.20000,82.50000,36.30000,51.90000,0.59860,403.22519
2025-06-21 00:46:10+07:00,25.30000,82.20000,32.40000,46.20000,0.61093,403.16486
2025-06-21 00:47:02+07:00,25.20000,82.40000,100.10000,125.10000,0.61093,403.15155
2025-06-21 00:47:52+07:00,25.20000,82.50000,33.30000,44.70000,0.57961,403.17819
2025-06-21 00:48:41+07:00,25.30000,82.10000,41.90000,55.60000,0.61093,403.27277
2025-06-21 00:49:31+07:00,25.30000,82.00000,47.20000,61.70000,0.60035,403.21844
2025-06-21 00:50:20+07:00,25.30000,81.80000,40.30000,55.60000,0.58646,403.28647
2025-06-21 00:51:10+07:00,25.40000,81.50000,38.90000,50.10000,0.62707,403.07278
2025-06-21 00:52:00+07:00,25.30000,81.70000,40.90000,56.90000,0.63071,403.23196
2025-06-21 00:52:49+07:00,25.30000,81.40000,29.70000,41.40000,0.61449,403.21844
2025-06-21 00:53:39+07:00,25.30000,81.40000,28.30000,38.90000,0.58991,403.17151
2025-06-21 00:54:28+07:00,25.30000,81.40000,29.00000,42.50000,0.58131,403.06628
2025-06-21 00:55:18+07:00,25.20000,81.60000,28.80000,39.80000,0.57791,403.07928
2025-06-21 00:56:08+07:00,25.20000,81.90000,28.60000,41.50000,0.60035,403.11853
2025-06-21 00:56:57+07:00,25.10000,82.20000,27.30000,38.90000,0.61093,403.01471
2025-06-21 00:57:47+07:00,25.10000,82.50000,29.90000,38.60000,0.60562,403.11197
2025-06-21 00:58:36+07:00,25.10000,82.50000,30.00000,43.00000,0.58818,403.06628
2025-06-21 00:59:33+07:00,25.10000,82.60000,29.10000,40.70000,0.58131,403.03397
2025-06-21 01:00:26+07:00,25.00000,82.50000,29.10000,42.40000,0.60915,402.97650
2025-06-21 01:01:19+07:00,25.10000,82.30000,29.00000,42.00000,0.57113,403.13834
2025-06-21 01:02:09+07:00,25.10000,82.10000,27.80000,42.70000,0.59337,402.98920
2025-06-21 01:03:02+07:00,25.00000,82.10000,28.00000,40.90000,0.59511,402.82745
2025-06-21 01:03:52+07:00,25.10000,82.00000,30.50000,43.60000,0.57113,403.00833
2025-06-21 01:04:42+07:00,25.10000,81.90000,25.60000,32.60000,0.58474,403.01471
2025-06-21 01:05:32+07:00,25.10000,81.70000,27.60000,38.80000,0.58646,403.04684
2025-06-21 01:07:21+07:00,25.20000,81.30000,27.80000,39.40000,0.59685,402.91989
2025-06-21 01:08:15+07:00,25.10000,81.20000,27.40000,36.70000,0.59337,402.95752
2025-06-21 01:09:05+07:00,25.20000,81.10000,73.70000,90.00000,0.58474,402.98285
2025-06-21 01:09:55+07:00,25.20000,81.10000,28.50000,40.20000,0.59337,403.05331
2025-06-21 01:10:45+07:00,25.10000,81.10000,28.40000,43.40000,0.54792,403.02112
2025-06-21 01:11:34+07:00,25.10000,81.30000,31.60000,41.50000,0.61093,403.02112
2025-06-21 01:12:24+07:00,25.10000,81.30000,29.70000,40.40000,0.56609,403.04684
2025-06-21 01:13:13+07:00,25.10000,81.20000,28.80000,40.20000,0.55447,402.94495
2025-06-21 01:14:03+07:00,25.10000,81.30000,34.30000,47.10000,0.57282,402.95123
2025-06-21 01:14:52+07:00,25.10000,81.50000,28.90000,38.80000,0.55119,402.98285
2025-06-21 01:15:42+07:00,25.20000,81.30000,30.40000,42.70000,0.56777,403.03397
2025-06-21 01:16:31+07:00,25.20000,81.20000,31.50000,44.10000,0.56109,403.02112
2025-06-21 01:17:27+07:00,25.20000,81.20000,33.10000,47.50000,0.57113,402.99554
2025-06-21 01:18:16+07:00,25.20000,81.20000,35.70000,47.30000,0.57113,403.03397
2025-06-21 01:19:08+07:00,25.10000,81.30000,51.50000,66.00000,0.58131,403.03397
2025-06-21 01:19:58+07:00,25.10000,81.60000,34.00000,47.40000,0.58302,403.01471
2025-06-21 01:20:47+07:00,25.10000,81.40000,32.20000,41.90000,0.56609,403.06628
2025-06-21 01:21:37+07:00,25.20000,81.20000,85.40000,104.50000,0.58474,403.15155
2025-06-21 01:22:26+07:00,25.20000,81.00000,35.60000,48.70000,0.57791,403.32089
2025-06-21 01:23:16+07:00,25.20000,81.00000,45.70000,60.70000,0.58302,403.16486
2025-06-21 01:24:05+07:00,25.10000,81.30000,82.70000,102.30000,0.59337,403.09232
2025-06-21 01:24:55+07:00,25.10000,81.30000,35.50000,46.10000,0.59337,403.23196
2025-06-21 01:25:44+07:00,25.10000,81.30000,39.20000,53.10000,0.57961,403.21170
2025-06-21 01:26:33+07:00,25.10000,81.40000,36.70000,49.90000,0.57451,403.17151
2025-06-21 01:27:23+07:00,25.10000,81.30000,34.80000,48.50000,0.58302,403.17819
2025-06-21 01:28:13+07:00,25.10000,81.60000,34.80000,45.80000,0.55447,403.17819
2025-06-21 01:29:02+07:00,25.10000,81.70000,35.40000,49.60000,0.63802,403.21170
2025-06-21 01:29:52+07:00,25.00000,81.90000,33.50000,46.30000,0.58302,403.15820
2025-06-21 01:30:41+07:00,25.00000,82.00000,45.10000,60.30000,0.58302,403.12512
2025-06-21 01:31:35+07:00,25.10000,81.80000,38.30000,49.20000,0.58474,403.21170
2025-06-21 01:32:24+07:00,25.10000,81.90000,77.20000,100.10000,0.58474,403.07278
2025-06-21 01:33:14+07:00,25.10000,81.90000,51.40000,67.20000,0.58131,403.36960
2025-06-21 01:34:03+07:00,25.20000,81.50000,42.50000,53.20000,0.58302,403.27277
2025-06-21 01:34:53+07:00,25.30000,81.40000,36.40000,49.70000,0.53178,403.26593
2025-06-21 01:35:42+07:00,25.20000,81.30000,35.70000,48.40000,0.57282,403.33475
2025-06-21 01:36:31+07:00,25.20000,81.40000,89.00000,116.00000,0.61806,403.41177
2025-06-21 01:37:21+07:00,25.30000,81.30000,45.00000,66.30000,0.57961,403.41177
2025-06-21 01:38:12+07:00,25.30000,81.20000,44.20000,66.10000,0.58474,403.27960
2025-06-21 01:39:01+07:00,25.20000,81.40000,47.40000,65.60000,0.56609,403.27277
2025-06-21 01:39:51+07:00,25.30000,81.40000,38.60000,56.50000,0.58302,403.23196
2025-06-21 01:40:40+07:00,25.30000,81.30000,41.40000,61.40000,0.58302,403.23196
2025-06-21 01:41:30+07:00,25.30000,81.30000,37.50000,49.20000,0.62166,403.19827
2025-06-21 01:42:22+07:00,25.30000,81.40000,37.20000,49.40000,0.58131,403.19156
2025-06-21 01:43:11+07:00,25.20000,81.30000,36.20000,51.50000,0.59164,403.24551
2025-06-21 01:44:01+07:00,25.20000,81.50000,35.90000,47.70000,0.58474,403.17819
2025-06-21 01:44:51+07:00,25.20000,81.30000,33.60000,44.30000,0.58991,403.11197
2025-06-21 01:46:36+07:00,25.10000,81.60000,36.30000,47.30000,0.62707,403.19156
2025-06-21 01:47:26+07:00,25.10000,81.70000,36.00000,49.50000,0.60738,403.11197
2025-06-21 01:48:15+07:00,25.10000,81.70000,35.20000,47.20000,0.57451,403.19827
2025-06-21 01:49:05+07:00,25.10000,81.70000,37.60000,50.10000,0.57113,403.04684
2025-06-21 01:49:54+07:00,25.10000,81.80000,35.30000,47.60000,0.58131,403.17151
2025-06-21 01:50:46+07:00,25.10000,81.80000,33.90000,46.40000,0.59337,403.11197
2025-06-21 01:51:35+07:00,25.10000,81.80000,34.40000,44.70000,0.57451,403.21170
2025-06-21 01:52:24+07:00,25.20000,81.70000,33.80000,41.40000,0.58474,403.13834
2025-06-21 01:53:14+07:00,25.10000,81.80000,33.90000,45.30000,0.54304,403.19156
2025-06-21 01:54:08+07:00,25.10000,81.70000,34.30000,45.80000,0.61449,403.23874
2025-06-21 01:54:58+07:00,25.10000,81.80000,33.40000,45.80000,0.57113,403.17819
2025-06-21 01:55:48+07:00,25.10000,81.70000,33.60000,42.10000,0.58646,403.04041
2025-06-21 01:56:41+07:00,25.10000,81.70000,34.80000,45.60000,0.62166,403.13171
2025-06-21 01:57:31+07:00,25.10000,81.70000,32.20000,42.50000,0.57113,403.17151
2025-06-21 01:58:20+07:00,25.20000,81.70000,33.40000,43.20000,0.58991,403.08578
2025-06-21 01:59:10+07:00,25.20000,81.60000,34.70000,45.00000,0.56945,403.10541
2025-06-21 01:59:59+07:00,25.10000,81.60000,34.00000,44.60000,0.57113,403.04684
2025-06-21 02:00:49+07:00,25.10000,81.70000,33.50000,44.00000,0.58646,403.17151
2025-06-21 02:01:38+07:00,25.10000,81.70000,33.60000,42.70000,0.56442,403.11853
2025-06-21 02:02:27+07:00,25.10000,81.80000,35.00000,45.00000,0.58131,403.15820
2025-06-21 02:03:17+07:00,25.10000,81.90000,34.70000,46.00000,0.52228,403.04684
2025-06-21 02:04:08+07:00,25.00000,81.90000,34.90000,46.70000,0.58131,403.11197
2025-06-21 02:05:03+07:00,25.00000,82.20000,34.70000,45.30000,0.55612,403.07278
2025-06-21 02:05:54+07:00,25.00000,82.20000,34.90000,44.60000,0.58818,403.05331
2025-06-21 02:06:44+07:00,25.00000,82.10000,35.00000,49.70000,0.57791,403.02112
2025-06-21 02:07:34+07:00,25.10000,82.00000,34.60000,47.10000,0.57113,402.95752
2025-06-21 02:08:24+07:00,25.10000,82.00000,34.40000,46.00000,0.56609,403.01471
2025-06-21 02:09:13+07:00,25.10000,82.00000,36.70000,49.00000,0.53658,403.25912
2025-06-21 02:10:03+07:00,25.20000,81.70000,35.70000,43.20000,0.57113,403.07278
2025-06-21 02:10:52+07:00,25.20000,81.60000,35.40000,48.10000,0.58991,403.06628
2025-06-21 02:11:41+07:00,25.20000,81.70000,34.80000,47.70000,0.56276,403.19156
2025-06-21 02:12:32+07:00,25.20000,81.80000,36.50000,47.30000,0.55943,403.11853
2025-06-21 02:13:21+07:00,25.10000,81.90000,35.80000,48.00000,0.58302,403.08578
2025-06-21 02:14:11+07:00,25.10000,81.80000,36.90000,43.80000,0.55283,403.07928
2025-06-21 02:15:08+07:00,25.10000,81.60000,36.80000,47.80000,0.57621,403.04684
2025-06-21 02:15:59+07:00,25.10000,81.70000,35.80000,46.50000,0.53498,403.14493
2025-06-21 02:16:48+07:00,25.00000,81.90000,39.40000,49.10000,0.57282,403.12512
2025-06-21 02:17:38+07:00,25.00000,82.10000,38.30000,47.20000,0.57113,403.15155
2025-06-21 02:18:27+07:00,25.00000,82.20000,38.60000,47.90000,0.57621,403.15820
2025-06-21 02:19:17+07:00,25.10000,82.20000,39.10000,48.10000,0.58991,403.07928
2025-06-21 02:20:06+07:00,25.10000,82.30000,43.00000,56.60000,0.55777,403.07928
2025-06-21 02:20:56+07:00,25.10000,82.30000,62.20000,75.70000,0.56276,403.10541
2025-06-21 02:21:45+07:00,25.10000,82.40000,61.50000,76.20000,0.62346,403.21844
2025-06-21 02:22:35+07:00,25.10000,82.30000,52.20000,63.00000,0.56777,403.24551
2025-06-21 02:23:24+07:00,25.00000,82.60000,47.60000,60.00000,0.56609,403.24551
2025-06-21 02:24:14+07:00,25.00000,82.80000,45.20000,57.30000,0.58131,403.23196
2025-06-21 02:25:03+07:00,25.10000,82.80000,43.20000,58.90000,0.58131,402.96384
2025-06-21 02:25:52+07:00,25.10000,82.80000,44.50000,59.10000,0.59164,403.28647
2025-06-21 02:26:42+07:00,25.10000,82.80000,42.90000,61.40000,0.57961,403.21844
2025-06-21 02:27:34+07:00,25.10000,82.90000,45.30000,59.00000,0.56945,403.17151
2025-06-21 02:28:23+07:00,25.10000,83.00000,46.00000,61.90000,0.56442,403.24551
2025-06-21 02:29:13+07:00,25.00000,83.20000,42.70000,58.00000,0.58302,403.32089
2025-06-21 02:30:02+07:00,25.00000,83.30000,44.50000,58.20000,0.58302,403.09232
2025-06-21 02:30:52+07:00,25.00000,83.30000,42.60000,55.50000,0.57961,403.27277
2025-06-21 02:31:41+07:00,24.90000,83.80000,44.20000,55.50000,0.56945,403.22519
2025-06-21 02:32:31+07:00,24.90000,83.70000,43.60000,58.50000,0.60210,403.13834
2025-06-21 02:33:20+07:00,25.00000,83.70000,45.90000,57.30000,0.57451,403.39767
2025-06-21 02:34:10+07:00,25.00000,83.70000,43.50000,53.00000,0.56609,403.09885
2025-06-21 02:34:59+07:00,24.90000,83.80000,45.20000,58.70000,0.58818,403.19156
2025-06-21 02:36:42+07:00,24.90000,83.90000,48.20000,65.80000,0.57282,403.20499
2025-06-21 02:37:33+07:00,25.00000,83.70000,46.30000,57.40000,0.56777,403.13171
2025-06-21 02:38:23+07:00,25.00000,83.60000,44.50000,59.70000,0.65659,403.17151
2025-06-21 02:39:13+07:00,25.00000,83.40000,44.20000,58.50000,0.57113,403.19156
2025-06-21 02:40:02+07:00,25.00000,83.30000,55.50000,73.70000,0.56609,403.11853
2025-06-21 02:40:51+07:00,25.00000,83.40000,71.20000,89.30000,0.58474,403.17819
2025-06-21 02:41:42+07:00,25.10000,83.00000,42.20000,55.80000,0.58646,403.22519
2025-06-21 02:42:31+07:00,25.10000,82.50000,49.80000,65.20000,0.57961,403.16486
2025-06-21 02:43:20+07:00,25.10000,82.50000,41.70000,55.40000,0.59164,403.16486
2025-06-21 02:44:10+07:00,25.10000,82.40000,75.70000,94.70000,0.58131,403.16486
2025-06-21 02:45:00+07:00,25.20000,82.20000,43.70000,61.40000,0.57961,403.21844
2025-06-21 02:45:49+07:00,25.20000,82.00000,69.80000,90.60000,0.56276,403.18488
2025-06-21 02:46:39+07:00,25.20000,82.20000,44.60000,57.80000,0.56609,403.20499
2025-06-21 02:47:28+07:00,25.30000,81.60000,40.90000,54.20000,0.58302,403.13171
2025-06-21 02:48:18+07:00,25.20000,81.80000,65.60000,83.00000,0.57282,403.19827
2025-06-21 02:49:08+07:00,25.10000,82.20000,77.10000,94.90000,0.58646,403.25912
2025-06-21 02:49:57+07:00,25.30000,81.70000,52.80000,65.60000,0.57451,403.30020
2025-06-21 02:50:46+07:00,25.30000,81.60000,53.50000,70.70000,0.57791,403.13834
2025-06-21 02:51:36+07:00,25.20000,81.80000,57.80000,77.00000,0.58131,403.17819
2025-06-21 02:52:25+07:00,25.10000,81.80000,58.00000,78.40000,0.58131,403.06628
2025-06-21 02:53:15+07:00,25.20000,81.50000,56.10000,74.00000,0.56945,403.10541
2025-06-21 02:54:04+07:00,25.20000,81.80000,40.20000,54.40000,0.58818,403.07278
2025-06-21 02:54:53+07:00,25.20000,81.40000,42.10000,60.20000,0.59164,403.11197
2025-06-21 02:55:43+07:00,25.20000,81.60000,46.80000,65.50000,0.58646,403.13834
2025-06-21 02:56:32+07:00,25.10000,82.00000,43.00000,60.60000,0.57791,403.21844
2025-06-21 02:57:22+07:00,25.10000,82.00000,45.50000,64.70000,0.58991,403.14493
2025-06-21 02:58:11+07:00,25.00000,82.20000,56.30000,78.60000,0.55447,403.13834
2025-06-21 02:59:01+07:00,25.00000,82.40000,60.70000,79.30000,0.58474,403.12512
2025-06-21 02:59:51+07:00,25.10000,82.20000,45.70000,61.00000,0.58474,403.11853
2025-06-21 03:00:40+07:00,25.10000,81.90000,42.80000,57.20000,0.58646,403.25232
2025-06-21 03:01:29+07:00,25.00000,82.20000,39.70000,57.70000,0.58646,403.38361
2025-06-21 03:02:19+07:00,24.90000,82.40000,58.10000,75.80000,0.57791,403.13171
2025-06-21 03:03:08+07:00,25.00000,82.30000,45.20000,60.40000,0.56777,403.05978
2025-06-21 03:03:58+07:00,25.10000,82.00000,56.30000,75.70000,0.58474,403.13834
2025-06-21 03:04:49+07:00,25.10000,82.10000,46.10000,60.60000,0.55777,403.13834
2025-06-21 03:05:38+07:00,25.10000,81.70000,37.80000,53.10000,0.61449,403.08578
2025-06-21 03:06:28+07:00,25.10000,81.80000,57.00000,73.00000,0.57621,403.11197
2025-06-21 03:07:17+07:00,25.10000,81.60000,40.70000,51.80000,0.57961,403.10541
2025-06-21 03:08:07+07:00,25.10000,81.90000,56.00000,72.50000,0.56442,403.11197
2025-06-21 03:08:56+07:00,25.10000,82.00000,55.70000,69.10000,0.57113,403.10541
2025-06-21 03:09:45+07:00,25.20000,81.50000,35.90000,49.00000,0.57451,403.13834
2025-06-21 03:10:35+07:00,25.30000,81.40000,34.50000,44.60000,0.56777,403.08578
2025-06-21 03:11:24+07:00,25.20000,81.30000,34.30000,44.10000,0.56442,403.09885
2025-06-21 03:12:13+07:00,25.10000,81.70000,49.00000,61.00000,0.55943,402.98920
2025-06-21 03:15:48+07:00,25.00000,83.20000,41.50000,52.90000,0.54304,403.07928
2025-06-21 03:19:25+07:00,24.90000,83.40000,37.60000,48.80000,0.57961,403.17819
2025-06-21 03:20:15+07:00,24.90000,83.40000,50.20000,61.50000,0.55612,403.11853
2025-06-21 03:21:05+07:00,24.90000,83.40000,36.50000,51.40000,0.57621,403.06628
2025-06-21 03:21:54+07:00,24.90000,83.50000,43.80000,53.70000,0.56109,403.02112
2025-06-21 03:22:43+07:00,24.80000,83.70000,41.30000,50.90000,0.57621,403.07928
2025-06-21 03:23:33+07:00,24.80000,83.70000,41.90000,56.10000,0.55283,403.05978
2025-06-21 03:24:22+07:00,24.90000,83.40000,38.50000,53.00000,0.58302,403.10541
2025-06-21 03:25:11+07:00,24.90000,83.30000,38.20000,53.20000,0.53819,403.09232
2025-06-21 03:26:01+07:00,24.80000,83.50000,36.50000,46.50000,0.53980,403.04684
2025-06-21 03:26:50+07:00,24.70000,83.90000,45.30000,59.60000,0.54629,403.02753
2025-06-21 03:27:42+07:00,24.70000,84.10000,38.60000,49.80000,0.53819,403.12512
2025-06-21 03:28:34+07:00,24.70000,84.10000,39.70000,55.80000,0.55447,403.14493
2025-06-21 03:29:23+07:00,24.60000,84.20000,41.00000,58.40000,0.53498,403.02753
2025-06-21 03:30:13+07:00,24.60000,84.20000,38.60000,58.50000,0.54955,403.05978
2025-06-21 03:31:03+07:00,24.60000,84.20000,39.40000,55.60000,0.55119,403.05978
2025-06-21 03:31:53+07:00,24.70000,84.30000,40.10000,52.60000,0.55283,403.06628
2025-06-21 03:32:46+07:00,24.70000,84.10000,39.50000,57.80000,0.53980,403.14493
2025-06-21 03:33:36+07:00,24.70000,84.00000,38.80000,52.80000,0.53658,402.93240
2025-06-21 03:34:26+07:00,24.70000,83.90000,41.10000,60.00000,0.56777,403.00192
2025-06-21 03:35:15+07:00,24.70000,84.00000,40.70000,52.50000,0.57451,403.05331
2025-06-21 03:36:04+07:00,24.70000,84.00000,44.90000,59.90000,0.53980,402.98285
2025-06-21 03:36:54+07:00,24.70000,83.80000,44.20000,59.10000,0.56276,403.05331
2025-06-21 03:37:43+07:00,24.80000,83.70000,49.80000,63.90000,0.56945,403.04684
2025-06-21 03:38:33+07:00,24.80000,83.50000,46.60000,64.90000,0.57113,403.05331
2025-06-21 03:39:22+07:00,24.80000,83.30000,41.00000,56.40000,0.61986,403.05978
2025-06-21 03:40:12+07:00,24.80000,83.20000,39.00000,52.90000,0.54955,403.04041
2025-06-21 03:41:04+07:00,24.70000,83.30000,38.60000,51.00000,0.53338,403.13171
2025-06-21 03:41:54+07:00,24.70000,83.40000,39.50000,51.80000,0.54304,403.07928
2025-06-21 03:42:44+07:00,24.60000,83.50000,36.60000,49.40000,0.56109,403.06628
2025-06-21 03:43:36+07:00,24.60000,83.70000,38.10000,51.40000,0.57282,403.05331
2025-06-21 03:44:25+07:00,24.60000,83.80000,36.50000,49.70000,0.56609,403.02753
2025-06-21 03:45:15+07:00,24.60000,83.80000,39.00000,54.30000,0.54466,403.16486
2025-06-21 03:46:05+07:00,24.60000,83.70000,36.60000,49.80000,0.53658,403.08578
2025-06-21 03:46:54+07:00,24.70000,83.60000,41.30000,54.30000,0.58991,403.02112
2025-06-21 03:47:47+07:00,24.70000,83.40000,40.30000,51.10000,0.56609,403.11853
2025-06-21 03:48:37+07:00,24.70000,83.30000,40.60000,51.80000,0.56276,403.03397
2025-06-21 03:49:26+07:00,24.60000,83.60000,42.90000,59.80000,0.57791,403.04684
2025-06-21 03:50:16+07:00,24.60000,83.70000,40.20000,54.00000,0.55612,403.10541
2025-06-21 03:51:05+07:00,24.60000,83.80000,44.50000,56.80000,0.57113,403.09885
2025-06-21 03:51:55+07:00,24.50000,84.00000,44.60000,55.90000,0.52702,403.04041
2025-06-21 03:52:44+07:00,24.60000,84.00000,47.60000,58.50000,0.55119,403.05331
2025-06-21 03:53:34+07:00,24.60000,84.10000,53.50000,62.20000,0.57113,403.11197
2025-06-21 03:54:23+07:00,24.60000,84.20000,50.50000,65.50000,0.53019,403.17819
2025-06-21 03:55:15+07:00,24.60000,84.30000,49.80000,60.70000,0.55283,403.03397
2025-06-21 03:56:04+07:00,24.60000,84.40000,52.90000,64.60000,0.56609,403.11197
2025-06-21 03:56:54+07:00,24.60000,84.50000,49.80000,61.60000,0.56609,403.13171
2025-06-21 03:57:43+07:00,24.60000,84.60000,51.20000,65.20000,0.55447,403.06628
2025-06-21 03:58:33+07:00,24.50000,84.60000,47.30000,58.80000,0.52228,403.23196
2025-06-21 03:59:22+07:00,24.60000,84.60000,45.80000,54.70000,0.53338,403.14493
2025-06-21 04:00:12+07:00,24.60000,84.70000,43.70000,55.50000,0.55447,403.09232
2025-06-21 04:01:02+07:00,24.60000,84.50000,44.10000,55.60000,0.54142,403.15155
2025-06-21 04:01:51+07:00,24.60000,84.60000,43.90000,56.50000,0.56276,403.09232
2025-06-21 04:02:41+07:00,24.50000,84.60000,44.10000,55.40000,0.57451,403.01471
2025-06-21 04:03:32+07:00,24.60000,84.60000,42.20000,53.40000,0.55943,403.11197
2025-06-21 04:04:22+07:00,24.50000,84.80000,42.00000,53.00000,0.56276,402.98285
2025-06-21 04:05:15+07:00,24.60000,84.80000,41.10000,56.90000,0.54629,403.02753
2025-06-21 04:06:05+07:00,24.60000,85.00000,43.80000,53.10000,0.52702,403.01471
2025-06-21 04:06:55+07:00,24.60000,84.80000,43.50000,53.90000,0.54304,403.06628
2025-06-21 04:07:46+07:00,24.60000,84.70000,43.30000,51.80000,0.54955,403.04041
2025-06-21 04:08:36+07:00,24.60000,84.70000,43.80000,56.00000,0.51915,403.02112
2025-06-21 04:09:26+07:00,24.50000,84.90000,42.50000,54.10000,0.55943,402.93866
2025-06-21 04:10:16+07:00,24.60000,84.60000,46.80000,60.60000,0.55283,403.07278
2025-06-21 04:11:06+07:00,24.60000,84.40000,42.80000,54.30000,0.56442,403.07278
2025-06-21 04:11:55+07:00,24.60000,84.50000,45.30000,57.50000,0.55119,402.97015
2025-06-21 04:12:45+07:00,24.60000,84.60000,46.00000,58.50000,0.57113,403.05331
2025-06-21 04:13:35+07:00,24.60000,84.50000,44.90000,58.90000,0.56442,403.02753
2025-06-21 04:14:24+07:00,24.60000,84.40000,46.30000,55.90000,0.58991,403.00192
2025-06-21 04:15:14+07:00,24.70000,84.00000,45.60000,56.20000,0.53338,403.34171
2025-06-21 04:16:03+07:00,24.70000,84.00000,47.50000,59.10000,0.57961,403.21844
2025-06-21 04:16:53+07:00,24.60000,84.20000,46.60000,57.20000,0.52860,403.13834
2025-06-21 04:17:43+07:00,24.60000,84.30000,48.60000,58.70000,0.55777,403.19156
2025-06-21 04:18:35+07:00,24.70000,84.30000,48.50000,60.90000,0.56442,403.15820
2025-06-21 04:19:26+07:00,24.60000,84.30000,47.40000,57.00000,0.53178,403.05331
2025-06-21 04:20:16+07:00,24.70000,84.20000,48.80000,61.50000,0.58991,403.14493
2025-06-21 04:21:05+07:00,24.70000,83.90000,49.60000,59.70000,0.54142,403.13834
2025-06-21 04:21:54+07:00,24.80000,83.70000,47.80000,59.60000,0.53980,403.13834
2025-06-21 04:22:44+07:00,24.70000,83.70000,45.70000,55.70000,0.55777,403.14493
2025-06-21 04:23:33+07:00,24.70000,83.50000,43.80000,53.90000,0.54466,403.18488
2025-06-21 04:24:22+07:00,24.70000,83.70000,44.00000,54.80000,0.57961,403.18488
2025-06-21 04:25:12+07:00,24.80000,83.60000,45.20000,53.60000,0.56777,403.09885
2025-06-21 04:26:01+07:00,24.80000,83.50000,44.10000,53.20000,0.52702,403.19827
2025-06-21 04:26:51+07:00,24.80000,83.50000,44.20000,55.20000,0.56609,403.09885
2025-06-21 04:27:40+07:00,24.80000,83.40000,43.80000,57.20000,0.54955,403.13171
2025-06-21 04:28:30+07:00,24.80000,83.40000,42.90000,53.30000,0.57282,403.34171
2025-06-21 04:29:19+07:00,24.90000,83.40000,42.60000,59.30000,0.55777,403.13171
2025-06-21 04:30:09+07:00,24.80000,83.60000,43.30000,54.20000,0.53658,403.11197
2025-06-21 04:30:58+07:00,24.80000,83.60000,44.40000,56.40000,0.56442,403.08578
2025-06-21 04:31:47+07:00,24.80000,83.60000,43.60000,55.90000,0.52702,403.09232
2025-06-21 04:32:37+07:00,24.80000,83.60000,44.20000,58.70000,0.56609,403.15820
2025-06-21 04:33:26+07:00,24.80000,83.50000,45.70000,58.40000,0.61093,403.21170
2025-06-21 04:34:18+07:00,24.80000,83.40000,45.70000,57.70000,0.52544,403.29333
2025-06-21 04:35:08+07:00,24.80000,83.40000,46.60000,60.10000,0.60386,403.22519
2025-06-21 04:35:57+07:00,24.80000,83.40000,45.40000,58.50000,0.55777,403.13171
2025-06-21 04:36:47+07:00,24.80000,83.60000,45.80000,59.80000,0.54955,403.15820
2025-06-21 04:37:36+07:00,24.70000,83.70000,46.40000,62.20000,0.58302,403.17819
2025-06-21 04:38:25+07:00,24.70000,83.60000,47.80000,62.70000,0.56609,403.13171
2025-06-21 04:39:15+07:00,24.80000,83.50000,46.20000,60.10000,0.55447,403.17151
2025-06-21 04:40:05+07:00,24.70000,83.70000,46.90000,60.90000,0.59337,403.21170
2025-06-21 04:40:54+07:00,24.70000,83.90000,51.30000,64.80000,0.53498,403.13171
2025-06-21 04:41:44+07:00,24.70000,83.90000,49.00000,66.40000,0.53658,403.25912
2025-06-21 04:42:33+07:00,24.60000,84.00000,49.70000,69.30000,0.53178,403.25912
2025-06-21 04:43:23+07:00,24.70000,83.80000,47.90000,65.50000,0.56609,403.17819
2025-06-21 04:44:12+07:00,24.70000,83.80000,48.70000,68.40000,0.52544,403.19827
2025-06-21 04:45:02+07:00,24.70000,83.70000,49.00000,68.60000,0.53498,403.34171
2025-06-21 04:45:51+07:00,24.70000,83.70000,48.60000,66.10000,0.57791,403.32089
2025-06-21 04:46:40+07:00,24.70000,84.00000,49.10000,64.90000,0.58474,403.23196
2025-06-21 04:47:30+07:00,24.70000,83.80000,47.70000,67.10000,0.53019,403.17151
2025-06-21 04:48:19+07:00,24.70000,83.70000,48.60000,69.60000,0.57961,403.08578
2025-06-21 04:49:09+07:00,24.70000,83.70000,46.80000,63.50000,0.56109,403.24551
2025-06-21 04:49:58+07:00,24.60000,83.90000,49.50000,69.60000,0.57791,403.20499
2025-06-21 04:50:48+07:00,24.60000,84.10000,47.00000,65.00000,0.55283,403.28647
2025-06-21 04:51:37+07:00,24.60000,84.00000,48.10000,62.80000,0.54142,403.22519
2025-06-21 04:52:28+07:00,24.70000,83.80000,49.50000,71.80000,0.57791,403.27960
2025-06-21 04:53:18+07:00,24.60000,83.90000,48.80000,67.80000,0.56777,403.21844
2025-06-21 04:54:07+07:00,24.70000,83.70000,47.00000,66.20000,0.57961,403.30020
2025-06-21 04:54:56+07:00,24.60000,83.80000,47.40000,69.70000,0.56777,403.04684
2025-06-21 04:55:46+07:00,24.60000,83.90000,47.30000,65.30000,0.55777,403.43304
2025-06-21 04:56:35+07:00,24.60000,83.90000,46.00000,65.60000,0.55119,403.20499
2025-06-21 04:57:25+07:00,24.60000,83.80000,45.60000,65.00000,0.53019,403.22519
2025-06-21 04:58:14+07:00,24.50000,83.80000,46.40000,66.30000,0.57621,403.28647
2025-06-21 04:59:04+07:00,24.50000,84.00000,45.80000,63.70000,0.55119,403.21844
2025-06-21 04:59:53+07:00,24.40000,84.20000,44.50000,62.90000,0.57791,403.17151
2025-06-21 05:00:43+07:00,24.40000,84.40000,46.40000,68.50000,0.55612,403.18488
2025-06-21 05:01:33+07:00,24.30000,84.70000,46.10000,64.80000,0.52860,403.17151
2025-06-21 05:02:22+07:00,24.30000,84.80000,47.30000,66.10000,0.56276,403.22519
2025-06-21 05:03:11+07:00,24.30000,85.00000,45.40000,64.60000,0.58131,403.20499
2025-06-21 05:04:01+07:00,24.20000,85.20000,45.50000,66.90000,0.55447,403.19156
2025-06-21 05:04:50+07:00,24.20000,85.30000,46.80000,64.60000,0.57113,403.23874
2025-06-21 05:05:39+07:00,24.20000,85.30000,45.90000,62.60000,0.52860,403.45438
2025-06-21 05:06:29+07:00,24.20000,85.30000,46.80000,63.60000,0.54142,403.15155
2025-06-21 05:07:18+07:00,24.30000,85.20000,45.20000,66.70000,0.53819,403.14493
2025-06-21 05:08:08+07:00,24.30000,85.00000,45.60000,62.20000,0.57791,403.21844
2025-06-21 05:08:58+07:00,24.30000,84.90000,46.60000,68.30000,0.54629,403.05331
2025-06-21 05:09:47+07:00,24.30000,84.90000,47.30000,63.60000,0.53658,403.17819
2025-06-21 05:10:48+07:00,24.30000,85.10000,48.90000,67.10000,0.55612,403.14493
2025-06-21 05:11:37+07:00,24.30000,85.10000,52.50000,71.40000,0.56442,403.30020
2025-06-21 05:12:27+07:00,24.30000,85.20000,56.40000,84.80000,0.58131,403.23874
2025-06-21 05:13:16+07:00,24.20000,85.60000,53.90000,77.00000,0.53980,403.19156
2025-06-21 05:14:05+07:00,24.20000,85.90000,56.20000,77.30000,0.58131,403.32089
2025-06-21 05:14:55+07:00,24.20000,86.10000,59.20000,86.30000,0.56109,403.19827
2025-06-21 05:15:44+07:00,24.20000,86.30000,59.10000,85.60000,0.55283,403.29333
2025-06-21 05:16:34+07:00,24.20000,86.30000,63.40000,93.30000,0.61449,403.46869
2025-06-21 05:17:23+07:00,24.20000,86.40000,66.70000,94.70000,0.54792,403.33475
2025-06-21 05:18:13+07:00,24.20000,86.40000,67.70000,102.00000,0.58131,403.37659
2025-06-21 05:19:02+07:00,24.20000,86.50000,66.00000,97.50000,0.56609,403.33475
2025-06-21 05:19:52+07:00,24.20000,86.60000,67.00000,99.00000,0.56609,403.32089
2025-06-21 05:20:41+07:00,24.20000,86.80000,65.80000,97.80000,0.58991,403.44727
2025-06-21 05:21:31+07:00,24.20000,86.50000,71.20000,105.00000,0.58646,403.32089
2025-06-21 05:22:20+07:00,24.20000,86.60000,70.80000,105.00000,0.60035,403.36960
2025-06-21 05:23:10+07:00,24.20000,86.70000,71.90000,111.00000,0.58131,403.41885
2025-06-21 05:23:59+07:00,24.20000,86.90000,71.30000,108.30000,0.59164,403.39062
2025-06-21 05:24:48+07:00,24.20000,87.00000,73.20000,112.40000,0.58302,403.51187
2025-06-21 05:25:38+07:00,24.20000,87.10000,69.10000,104.50000,0.58991,403.44727
2025-06-21 05:26:27+07:00,24.20000,87.00000,70.60000,106.30000,0.58474,403.47586
2025-06-21 05:27:17+07:00,24.20000,87.10000,76.70000,109.40000,0.56442,403.50464
2025-06-21 05:28:06+07:00,24.20000,87.00000,71.10000,105.10000,0.60386,403.50464
2025-06-21 05:28:56+07:00,24.20000,87.30000,71.10000,106.30000,0.57621,403.46152
2025-06-21 05:29:45+07:00,24.30000,87.10000,71.30000,106.40000,0.60915,403.38361
2025-06-21 05:30:39+07:00,24.20000,87.10000,74.60000,107.50000,0.63071,403.44012
2025-06-21 05:31:30+07:00,24.20000,87.40000,73.20000,110.30000,0.61271,403.47586
2025-06-21 05:32:19+07:00,24.20000,87.50000,69.90000,102.00000,0.58474,403.65894
2025-06-21 05:33:08+07:00,24.10000,87.70000,68.40000,104.10000,0.58991,403.45438
2025-06-21 05:33:58+07:00,24.20000,87.80000,70.20000,101.10000,0.58131,403.48303
2025-06-21 05:34:47+07:00,24.20000,87.60000,72.20000,107.40000,0.66225,403.53363
2025-06-21 05:35:37+07:00,24.20000,87.50000,69.40000,97.00000,0.64726,403.52637
2025-06-21 05:36:26+07:00,24.30000,87.20000,70.90000,105.50000,0.59511,403.39767
2025-06-21 05:37:15+07:00,24.30000,86.90000,68.30000,99.40000,0.59685,403.39062
2025-06-21 05:38:05+07:00,24.40000,86.60000,67.50000,94.20000,0.62707,403.34171
2025-06-21 05:38:54+07:00,24.30000,86.60000,66.50000,98.40000,0.62889,403.46869
2025-06-21 05:39:44+07:00,24.40000,86.60000,68.20000,99.70000,0.60210,403.46152
2025-06-21 05:40:33+07:00,24.40000,86.60000,66.80000,96.80000,0.58474,403.40472
2025-06-21 05:41:22+07:00,24.30000,86.60000,68.00000,102.40000,0.59337,403.44012
2025-06-21 05:42:12+07:00,24.30000,86.50000,71.70000,105.00000,0.55777,403.49023
2025-06-21 05:43:02+07:00,24.40000,86.40000,81.00000,117.30000,0.58646,403.41177
2025-06-21 05:43:51+07:00,24.40000,86.30000,78.20000,114.70000,0.61806,403.39767
2025-06-21 05:44:40+07:00,24.40000,86.30000,79.20000,114.80000,0.60386,403.47586
2025-06-21 05:45:30+07:00,24.40000,86.40000,75.30000,112.60000,0.60210,403.39062
2025-06-21 05:46:19+07:00,24.40000,86.30000,73.80000,108.60000,0.56777,403.47586
2025-06-21 05:47:08+07:00,24.30000,86.60000,72.80000,106.10000,0.57282,403.47586
2025-06-21 05:47:58+07:00,24.30000,86.70000,70.20000,107.90000,0.58302,403.43304
2025-06-21 05:48:47+07:00,24.30000,86.70000,73.10000,106.90000,0.60210,403.40472
2025-06-21 05:49:36+07:00,24.30000,86.70000,65.30000,99.40000,0.56609,403.47586
2025-06-21 05:50:26+07:00,24.30000,86.80000,67.80000,102.00000,0.57282,403.50464
2025-06-21 05:51:15+07:00,24.30000,86.70000,71.00000,101.90000,0.57113,403.43304
2025-06-21 05:52:05+07:00,24.30000,86.70000,72.80000,109.80000,0.58818,403.49023
2025-06-21 05:52:54+07:00,24.40000,86.60000,71.60000,106.30000,0.60386,403.42593
2025-06-21 05:53:44+07:00,24.40000,86.60000,74.00000,107.90000,0.58991,403.44727
2025-06-21 05:54:33+07:00,24.40000,86.80000,74.60000,112.30000,0.58474,403.46152
2025-06-21 05:55:23+07:00,24.30000,86.90000,74.40000,103.00000,0.60915,403.51910
2025-06-21 05:56:13+07:00,24.30000,86.90000,83.00000,118.40000,0.55777,403.41177
2025-06-21 05:57:02+07:00,24.30000,87.00000,87.90000,123.10000,0.58991,403.46869
2025-06-21 05:57:51+07:00,24.30000,87.20000,106.50000,140.80000,0.60210,403.40472
2025-06-21 05:58:41+07:00,24.20000,87.30000,105.30000,137.70000,0.59685,403.51187
2025-06-21 05:59:30+07:00,24.20000,87.60000,112.50000,149.60001,0.60386,403.49744
2025-06-21 06:00:20+07:00,24.20000,87.60000,120.20000,155.89999,0.62346,403.41885
2025-06-21 06:01:09+07:00,24.20000,87.60000,122.90000,167.50000,0.57961,403.57010
2025-06-21 06:01:58+07:00,24.20000,87.80000,118.20000,152.30000,0.58131,403.47586
2025-06-21 06:02:48+07:00,24.10000,87.90000,114.60000,147.30000,0.58991,403.46152
2025-06-21 06:03:37+07:00,24.10000,88.20000,116.60000,150.20000,0.58991,403.60690
2025-06-21 06:04:26+07:00,24.10000,88.30000,123.20000,157.60001,0.59337,403.59952
2025-06-21 06:05:16+07:00,24.10000,88.40000,123.60000,157.80000,0.57113,403.39062
2025-06-21 06:06:05+07:00,24.10000,88.40000,117.30000,153.80000,0.59511,403.44012
2025-06-21 06:06:55+07:00,24.20000,88.30000,120.20000,157.89999,0.58474,403.44727
2025-06-21 06:07:44+07:00,24.10000,88.20000,121.50000,153.39999,0.60386,403.46869
2025-06-21 06:08:34+07:00,24.10000,88.20000,117.50000,155.80000,0.61093,403.46152
2025-06-21 06:09:23+07:00,24.10000,88.20000,116.00000,151.50000,0.60915,403.39062
2025-06-21 06:10:13+07:00,24.10000,88.30000,107.60000,136.20000,0.59337,403.48303
2025-06-21 06:11:02+07:00,24.10000,88.40000,94.70000,126.50000,0.59511,403.40472
2025-06-21 06:11:51+07:00,24.10000,88.50000,95.00000,131.10001,0.59511,403.43304
2025-06-21 06:12:41+07:00,24.10000,88.40000,90.40000,120.00000,0.60562,403.44727
2025-06-21 06:13:30+07:00,24.10000,88.30000,93.90000,126.70000,0.58474,403.66641
2025-06-21 06:14:20+07:00,24.10000,88.30000,92.80000,131.30000,0.58991,403.44727
2025-06-21 06:15:09+07:00,24.20000,88.00000,91.30000,124.00000,0.57621,403.48303
2025-06-21 06:15:58+07:00,24.20000,87.80000,87.10000,116.70000,0.57451,403.46152
2025-06-21 06:16:48+07:00,24.20000,87.90000,87.00000,116.40000,0.60210,403.53363
2025-06-21 06:17:37+07:00,24.20000,88.10000,89.10000,118.40000,0.59860,403.53363
2025-06-21 06:18:27+07:00,24.20000,88.20000,84.60000,116.20000,0.61986,403.41177
2025-06-21 06:19:16+07:00,24.20000,88.20000,84.00000,118.10000,0.59164,403.44012
2025-06-21 06:20:05+07:00,24.20000,88.00000,87.10000,121.70000,0.61271,403.28647
2025-06-21 06:20:55+07:00,24.20000,88.00000,86.10000,119.20000,0.62166,403.20499
2025-06-21 06:21:44+07:00,24.10000,88.10000,87.90000,117.00000,0.60386,403.38361
2025-06-21 06:22:33+07:00,24.10000,88.30000,87.10000,125.10000,0.58474,403.37659
2025-06-21 06:23:23+07:00,24.10000,88.40000,88.70000,124.20000,0.59337,403.40472
2025-06-21 06:24:17+07:00,24.10000,88.40000,85.00000,117.50000,0.60210,403.45438
2025-06-21 06:25:07+07:00,24.10000,88.30000,87.90000,117.10000,0.57961,403.39062
2025-06-21 06:25:57+07:00,24.20000,87.90000,86.90000,119.60000,0.56276,403.39062
2025-06-21 06:26:47+07:00,24.30000,87.60000,89.10000,126.10000,0.58646,403.31400
2025-06-21 06:27:37+07:00,24.30000,87.40000,86.40000,115.70000,0.60035,403.44727
2025-06-21 06:28:30+07:00,24.30000,87.20000,87.40000,120.90000,0.59511,403.33475
2025-06-21 06:29:20+07:00,24.40000,87.20000,88.20000,118.50000,0.61806,403.59213
2025-06-21 06:30:13+07:00,24.40000,87.30000,89.80000,116.50000,0.60210,403.41177
2025-06-21 06:31:06+07:00,24.40000,87.30000,83.40000,111.30000,0.55943,403.39767
2025-06-21 06:31:59+07:00,24.40000,87.00000,84.20000,106.70000,0.56109,403.34866
2025-06-21 06:32:48+07:00,24.40000,86.90000,81.70000,108.00000,0.57791,403.46152
2025-06-21 06:33:38+07:00,24.30000,87.00000,79.60000,103.90000,0.59337,403.35562
2025-06-21 06:34:28+07:00,24.30000,87.00000,77.00000,105.10000,0.56609,403.34866
2025-06-21 06:35:18+07:00,24.30000,87.00000,75.80000,101.20000,0.56442,403.29333
2025-06-21 06:36:08+07:00,24.30000,86.80000,76.40000,98.90000,0.56777,403.34171
2025-06-21 06:36:58+07:00,24.40000,86.70000,74.10000,100.60000,0.56609,403.39767
2025-06-21 06:37:49+07:00,24.40000,86.60000,74.90000,99.80000,0.57451,403.30710
2025-06-21 06:38:39+07:00,24.40000,86.50000,74.10000,97.70000,0.57282,403.23874
2025-06-21 06:39:29+07:00,24.40000,86.50000,78.70000,102.70000,0.58131,403.30020
2025-06-21 06:40:19+07:00,24.50000,86.30000,83.90000,110.90000,0.56109,403.35562
2025-06-21 06:41:08+07:00,24.40000,86.30000,86.70000,112.40000,0.55283,403.35562
2025-06-21 06:41:57+07:00,24.40000,86.50000,87.60000,110.30000,0.57621,403.40472
2025-06-21 06:42:47+07:00,24.40000,86.40000,89.20000,118.20000,0.57282,403.36960
2025-06-21 06:43:36+07:00,24.50000,86.20000,88.10000,112.00000,0.54142,403.30710
2025-06-21 06:44:26+07:00,24.40000,86.40000,88.30000,108.30000,0.57621,403.27277
2025-06-21 06:45:18+07:00,24.40000,86.30000,87.10000,113.40000,0.56276,403.39767
2025-06-21 06:46:08+07:00,24.40000,86.30000,87.40000,109.30000,0.61806,403.20499
2025-06-21 06:46:57+07:00,24.40000,86.50000,87.90000,112.80000,0.56276,403.40472
2025-06-21 06:47:46+07:00,24.40000,86.40000,83.00000,106.40000,0.53819,403.32782
2025-06-21 06:48:36+07:00,24.50000,85.80000,79.80000,101.60000,0.56442,403.41177
2025-06-21 06:49:25+07:00,24.60000,85.10000,71.20000,94.30000,0.57451,403.42593
2025-06-21 06:50:16+07:00,24.70000,85.50000,62.00000,85.30000,0.58474,403.41177
2025-06-21 06:51:06+07:00,24.70000,85.40000,61.70000,80.80000,0.55612,403.44012
2025-06-21 06:51:59+07:00,24.70000,85.10000,59.10000,76.10000,0.56609,403.39767
2025-06-21 06:52:49+07:00,24.60000,85.40000,56.90000,78.80000,0.56276,403.39062
2025-06-21 06:53:39+07:00,24.60000,85.40000,54.80000,79.00000,0.58131,403.45438
2025-06-21 06:54:28+07:00,24.60000,85.20000,56.50000,79.50000,0.57282,403.41177
2025-06-21 06:55:17+07:00,24.60000,85.20000,54.80000,79.00000,0.58131,403.42593
2025-06-21 06:56:07+07:00,24.50000,85.20000,52.70000,72.10000,0.56276,403.56277
2025-06-21 06:56:56+07:00,24.50000,85.30000,53.20000,73.80000,0.56276,403.47586
2025-06-21 06:57:46+07:00,24.60000,85.10000,53.80000,74.80000,0.56945,403.31400
2025-06-21 06:58:35+07:00,24.70000,84.90000,52.50000,70.40000,0.57113,403.34171
2025-06-21 06:59:25+07:00,24.70000,84.70000,55.60000,82.50000,0.57113,403.59952
2025-06-21 07:00:15+07:00,24.80000,84.30000,52.70000,72.50000,0.59860,403.34171
2025-06-21 07:01:04+07:00,24.80000,84.10000,50.40000,66.70000,0.56109,403.40472
2025-06-21 07:01:53+07:00,24.80000,84.00000,51.70000,74.00000,0.54466,403.36261
2025-06-21 07:02:43+07:00,24.90000,83.60000,49.70000,65.90000,0.55447,403.30020
2025-06-21 07:03:32+07:00,24.90000,83.30000,51.60000,72.70000,0.57113,403.29333
2025-06-21 07:04:22+07:00,24.90000,83.30000,48.30000,67.90000,0.56609,403.29333
2025-06-21 07:05:11+07:00,24.90000,83.00000,48.70000,65.80000,0.55612,403.29333
2025-06-21 07:06:03+07:00,24.90000,83.00000,50.20000,67.40000,0.55119,403.32782
2025-06-21 07:06:53+07:00,24.90000,82.90000,52.00000,69.80000,0.53338,403.21170
2025-06-21 07:07:42+07:00,24.90000,82.60000,50.20000,70.50000,0.56109,403.24551
2025-06-21 07:08:32+07:00,25.00000,82.50000,49.50000,67.80000,0.53658,403.19156
2025-06-21 07:09:21+07:00,25.00000,82.40000,54.50000,74.40000,0.58302,403.24551
2025-06-21 07:10:10+07:00,25.10000,82.00000,56.70000,78.20000,0.55119,403.22519
2025-06-21 07:11:00+07:00,25.10000,81.60000,55.20000,71.70000,0.55612,403.32089
2025-06-21 07:11:49+07:00,25.10000,81.60000,55.70000,75.30000,0.52228,403.28647
2025-06-21 07:12:39+07:00,25.10000,81.50000,55.00000,72.60000,0.53658,403.36960
2025-06-21 07:13:28+07:00,25.10000,81.80000,54.40000,71.40000,0.55777,403.34866
2025-06-21 07:14:20+07:00,25.00000,82.20000,52.50000,68.20000,0.55119,403.36261
2025-06-21 07:15:10+07:00,25.00000,82.40000,54.40000,71.40000,0.56109,403.36261
2025-06-21 07:15:59+07:00,25.10000,82.00000,54.60000,73.70000,0.58131,403.41177
2025-06-21 07:16:49+07:00,25.10000,81.50000,53.50000,68.40000,0.58131,403.39062
2025-06-21 07:17:39+07:00,25.20000,81.30000,53.30000,72.90000,0.54792,403.25232
2025-06-21 07:18:28+07:00,25.20000,81.40000,52.90000,70.40000,0.55943,403.15155
2025-06-21 07:19:18+07:00,25.10000,81.90000,53.60000,67.60000,0.51915,403.36261
2025-06-21 07:20:07+07:00,25.10000,82.00000,57.90000,77.30000,0.55447,403.24551
2025-06-21 07:20:57+07:00,25.20000,82.00000,58.20000,75.80000,0.57961,403.41177
2025-06-21 07:21:46+07:00,25.20000,82.00000,59.40000,78.60000,0.56609,403.42593
2025-06-21 07:22:35+07:00,25.20000,81.90000,58.30000,78.90000,0.56276,403.21170
2025-06-21 07:23:25+07:00,25.20000,81.90000,58.40000,76.50000,0.53658,403.39062
2025-06-21 07:24:14+07:00,25.20000,81.60000,60.30000,76.90000,0.56609,403.38361
2025-06-21 07:25:04+07:00,25.20000,81.50000,60.40000,78.00000,0.56945,403.43304
2025-06-21 07:25:53+07:00,25.20000,81.20000,61.50000,78.30000,0.55119,403.39767
2025-06-21 07:26:43+07:00,25.30000,81.00000,66.70000,84.90000,0.57113,403.42593
2025-06-21 07:27:32+07:00,25.40000,81.20000,67.50000,93.40000,0.54142,403.40472
2025-06-21 07:28:22+07:00,25.40000,81.40000,69.70000,94.10000,0.56777,403.42593
2025-06-21 07:29:11+07:00,25.30000,81.60000,67.60000,87.20000,0.57621,403.49744
2025-06-21 07:30:00+07:00,25.20000,81.80000,72.30000,96.00000,0.54955,403.46152
2025-06-21 07:30:53+07:00,25.20000,82.00000,71.70000,90.80000,0.58991,403.58478
2025-06-21 07:31:43+07:00,25.20000,82.20000,69.20000,91.30000,0.57961,403.54089
2025-06-21 07:33:24+07:00,25.20000,82.40000,75.00000,101.60000,0.58131,403.65146
2025-06-21 07:34:14+07:00,25.10000,82.30000,76.50000,103.60000,0.50215,403.54819
2025-06-21 07:35:03+07:00,25.20000,82.20000,79.00000,106.30000,0.57282,403.57745
2025-06-21 07:35:53+07:00,25.30000,82.00000,81.80000,109.90000,0.58131,403.62912
2025-06-21 07:36:43+07:00,25.20000,82.20000,76.00000,99.80000,0.58474,403.61429
2025-06-21 07:37:32+07:00,25.20000,82.20000,79.10000,109.60000,0.57791,403.63657
2025-06-21 07:38:21+07:00,25.40000,81.90000,80.50000,114.00000,0.58818,403.50464
2025-06-21 07:39:11+07:00,25.50000,81.80000,81.10000,107.70000,0.60210,403.59952
2025-06-21 07:40:00+07:00,25.50000,81.70000,84.50000,116.90000,0.58991,403.51187
2025-06-21 07:40:50+07:00,25.40000,81.80000,87.50000,114.90000,0.60562,403.62912
2025-06-21 07:41:39+07:00,25.50000,81.80000,87.90000,119.60000,0.61093,403.65894
2025-06-21 07:42:29+07:00,25.50000,81.90000,90.30000,122.60000,0.62707,403.58478
2025-06-21 07:43:18+07:00,25.40000,82.20000,89.50000,119.00000,0.63071,403.68890
2025-06-21 07:44:07+07:00,25.40000,82.10000,87.60000,114.00000,0.60210,403.83411
2025-06-21 07:44:59+07:00,25.40000,82.20000,85.40000,114.30000,0.61449,403.70398
2025-06-21 07:45:49+07:00,25.50000,81.60000,93.80000,121.60000,0.65472,403.69644
2025-06-21 07:46:41+07:00,25.40000,82.10000,88.60000,118.20000,0.63802,403.83411
2025-06-21 07:47:30+07:00,25.40000,82.40000,86.60000,111.60000,0.57791,404.00793
2025-06-21 07:48:20+07:00,25.40000,82.40000,90.00000,120.50000,0.58818,403.76477
2025-06-21 07:49:09+07:00,25.40000,82.30000,88.20000,117.70000,0.62526,403.72668
2025-06-21 07:49:59+07:00,25.30000,82.50000,90.50000,115.90000,0.61449,403.73428
2025-06-21 07:50:48+07:00,25.20000,82.80000,90.10000,114.40000,0.61986,403.69644
2025-06-21 07:51:37+07:00,25.20000,82.90000,86.60000,114.70000,0.59337,403.74951
2025-06-21 07:52:28+07:00,25.10000,83.10000,86.50000,112.30000,0.60210,403.65894
2025-06-21 07:53:17+07:00,25.00000,83.40000,87.50000,117.90000,0.61093,403.78009
2025-06-21 07:54:06+07:00,25.10000,82.90000,84.60000,106.20000,0.59685,403.78009
2025-06-21 07:55:01+07:00,25.20000,82.80000,87.10000,113.10000,0.60915,403.70398
2025-06-21 07:57:44+07:00,25.30000,82.70000,87.40000,113.90000,0.60210,403.68140
2025-06-21 07:58:34+07:00,25.30000,82.70000,87.50000,115.30000,0.54955,403.57745
2025-06-21 07:59:23+07:00,25.40000,82.50000,92.90000,120.50000,0.60386,403.68140
2025-06-21 08:00:12+07:00,25.40000,82.50000,90.60000,119.20000,0.65098,403.81088
2025-06-21 08:01:02+07:00,25.50000,82.00000,94.00000,117.90000,0.59685,403.67389
2025-06-21 08:01:51+07:00,25.50000,82.30000,94.00000,120.00000,0.64911,403.92816
2025-06-21 08:02:41+07:00,25.50000,82.30000,90.20000,124.40000,0.60210,403.68890
2025-06-21 08:03:30+07:00,25.60000,82.10000,95.40000,124.40000,0.66036,403.76477
2025-06-21 08:04:20+07:00,25.50000,82.00000,94.40000,122.30000,0.59337,403.73428
2025-06-21 08:05:09+07:00,25.60000,81.80000,95.20000,124.00000,0.55283,403.74951
2025-06-21 08:05:59+07:00,25.70000,81.70000,99.90000,129.60001,0.60562,403.74951
2025-06-21 08:06:48+07:00,25.60000,82.00000,97.60000,129.89999,0.61806,403.85745
2025-06-21 08:07:37+07:00,25.60000,82.00000,96.70000,129.00000,0.58818,403.74188
2025-06-21 08:08:28+07:00,25.50000,82.10000,97.50000,126.90000,0.60210,403.83411
2025-06-21 08:09:18+07:00,25.50000,82.30000,95.40000,123.30000,0.59685,403.84967
2025-06-21 08:10:07+07:00,25.40000,82.40000,97.90000,121.20000,0.59164,403.80316
2025-06-21 08:10:58+07:00,25.40000,82.40000,98.70000,125.50000,0.59685,403.87308
2025-06-21 08:11:47+07:00,25.40000,82.70000,93.80000,123.50000,0.60562,403.81088
2025-06-21 08:12:37+07:00,25.40000,82.80000,93.90000,122.60000,0.60386,403.74951
2025-06-21 08:13:29+07:00,25.50000,82.90000,95.10000,121.30000,0.65098,403.88092
2025-06-21 08:14:18+07:00,25.40000,82.90000,93.80000,122.50000,0.60915,403.55548
2025-06-21 08:15:08+07:00,25.50000,82.70000,91.80000,119.70000,0.61806,403.80316
2025-06-21 08:15:58+07:00,25.60000,82.50000,90.40000,117.40000,0.60562,403.66641
2025-06-21 08:16:47+07:00,25.50000,82.60000,88.50000,115.80000,0.62889,403.84967
2025-06-21 08:17:38+07:00,25.60000,82.50000,91.50000,118.10000,0.60210,403.70398
2025-06-21 08:19:19+07:00,25.60000,82.20000,85.00000,111.70000,0.62526,403.81860
2025-06-21 08:20:09+07:00,25.70000,82.00000,86.90000,114.00000,0.61986,403.79547
2025-06-21 08:21:00+07:00,25.70000,82.10000,87.50000,114.00000,0.58991,403.81860
2025-06-21 08:21:49+07:00,25.70000,82.00000,88.50000,116.60000,0.63619,403.84189
2025-06-21 08:22:39+07:00,25.70000,82.20000,86.70000,118.40000,0.60915,403.65146
2025-06-21 08:23:28+07:00,25.60000,82.30000,85.70000,118.70000,0.60386,403.64401
2025-06-21 08:24:18+07:00,25.60000,82.40000,84.90000,116.50000,0.61093,403.52637
2025-06-21 08:25:08+07:00,25.50000,82.30000,86.30000,113.80000,0.62166,403.78778
2025-06-21 08:25:57+07:00,25.60000,82.30000,88.90000,116.80000,0.55283,403.69644
2025-06-21 08:26:47+07:00,25.70000,82.20000,89.00000,117.10000,0.59511,403.74951
2025-06-21 08:27:36+07:00,25.70000,82.30000,82.30000,109.00000,0.60562,403.80316
2025-06-21 08:28:26+07:00,25.80000,81.90000,85.40000,111.30000,0.60386,403.70398
2025-06-21 08:29:16+07:00,25.90000,81.70000,85.30000,109.20000,0.60738,403.66641
2025-06-21 08:30:10+07:00,26.00000,81.40000,85.50000,107.20000,0.61627,403.74951
2025-06-21 08:31:01+07:00,26.00000,81.30000,88.70000,115.40000,0.58646,403.72668
2025-06-21 08:31:51+07:00,26.00000,81.40000,87.20000,117.70000,0.58646,403.69644
2025-06-21 08:32:41+07:00,26.00000,81.30000,87.00000,122.20000,0.60210,403.63657
2025-06-21 08:33:37+07:00,26.10000,81.20000,88.90000,118.50000,0.59860,403.70398
2025-06-21 08:34:27+07:00,26.00000,81.40000,87.00000,114.60000,0.60035,403.77243
2025-06-21 08:35:18+07:00,26.10000,81.40000,85.60000,110.30000,0.61806,403.83411
2025-06-21 08:36:08+07:00,26.20000,81.00000,90.80000,116.10000,0.61627,403.81860
2025-06-21 08:36:57+07:00,26.10000,80.90000,90.60000,115.80000,0.65659,403.62912
2025-06-21 08:37:54+07:00,26.20000,81.00000,97.10000,126.70000,0.63071,403.83411
2025-06-21 08:38:43+07:00,26.20000,80.60000,109.10000,138.89999,0.63435,403.74188
2025-06-21 08:39:34+07:00,26.20000,80.90000,111.10000,139.20000,0.61627,403.73428
2025-06-21 08:40:24+07:00,26.30000,80.80000,116.80000,152.80000,0.63435,403.70398
2025-06-21 08:41:13+07:00,26.30000,80.60000,128.60001,179.50000,0.67751,403.77243
2025-06-21 08:42:06+07:00,26.50000,80.30000,126.30000,183.30000,0.66036,403.76477
2025-06-21 08:42:57+07:00,26.40000,80.00000,133.80000,200.30000,0.60210,403.88873
2025-06-21 08:44:47+07:00,26.20000,80.60000,110.40000,152.10001,0.61627,403.78778
2025-06-21 08:45:37+07:00,26.30000,80.70000,102.10000,135.70000,0.62166,403.76477
2025-06-21 08:46:27+07:00,26.30000,80.60000,103.50000,129.39999,0.64170,403.84967
2025-06-21 08:48:10+07:00,26.40000,80.40000,97.50000,125.50000,0.63253,403.77243
2025-06-21 08:49:00+07:00,26.60000,79.70000,100.50000,128.30000,0.59164,403.71912
2025-06-21 08:49:50+07:00,26.60000,79.60000,101.20000,128.20000,0.58474,403.83411
2025-06-21 08:50:40+07:00,26.60000,79.80000,99.50000,127.50000,0.62526,403.71155
2025-06-21 08:51:29+07:00,26.60000,79.90000,106.80000,139.60001,0.61627,403.77243
2025-06-21 08:52:19+07:00,26.50000,80.00000,103.50000,138.00000,0.63986,403.74188
2025-06-21 08:53:09+07:00,26.50000,79.80000,100.40000,136.60001,0.62707,403.75714
2025-06-21 08:53:59+07:00,26.60000,79.90000,97.60000,130.89999,0.62346,403.74188
2025-06-21 08:54:49+07:00,26.50000,79.70000,95.10000,128.00000,0.61986,403.69644
2025-06-21 08:55:38+07:00,26.60000,79.60000,93.50000,125.60000,0.62707,403.77243
2025-06-21 08:56:28+07:00,26.60000,79.30000,96.00000,133.10001,0.60035,403.77243
2025-06-21 08:57:21+07:00,26.60000,79.20000,92.40000,122.30000,0.62166,403.66641
2025-06-21 08:58:11+07:00,26.70000,78.90000,96.50000,129.00000,0.58991,403.70398
2025-06-21 08:59:01+07:00,26.70000,78.80000,94.90000,125.10000,0.57113,403.67389
2025-06-21 08:59:50+07:00,26.80000,79.00000,94.50000,129.20000,0.60915,403.63657
2025-06-21 09:00:40+07:00,26.90000,78.80000,91.40000,121.80000,0.63435,403.57745
2025-06-21 09:01:32+07:00,26.80000,78.90000,93.20000,122.10000,0.58991,403.62170
2025-06-21 09:02:25+07:00,26.90000,78.50000,89.90000,118.00000,0.62526,403.57010
2025-06-21 09:03:17+07:00,26.90000,78.40000,91.10000,117.90000,0.57791,403.53363
2025-06-21 09:04:07+07:00,26.80000,78.50000,91.80000,115.70000,0.59164,403.57010
2025-06-21 09:04:58+07:00,26.80000,78.20000,86.30000,112.70000,0.60035,403.56277
2025-06-21 09:05:48+07:00,26.80000,77.80000,86.20000,115.10000,0.61093,403.46869
2025-06-21 09:06:39+07:00,26.80000,78.10000,80.70000,106.70000,0.59337,403.65146
2025-06-21 09:07:30+07:00,27.00000,77.40000,90.80000,118.20000,0.60915,403.54819
2025-06-21 09:08:19+07:00,27.10000,77.50000,87.40000,119.70000,0.60738,403.50464
2025-06-21 09:09:09+07:00,27.10000,77.60000,89.20000,117.80000,0.58646,403.63657
2025-06-21 09:09:59+07:00,27.10000,77.40000,89.80000,117.00000,0.58818,403.59213
2025-06-21 09:10:48+07:00,27.00000,77.30000,84.00000,107.90000,0.58302,403.51187
2025-06-21 09:11:38+07:00,27.10000,77.40000,81.20000,104.10000,0.60035,403.46152
2025-06-21 09:12:27+07:00,27.10000,77.00000,79.00000,102.70000,0.57621,403.52637
2025-06-21 09:14:10+07:00,27.20000,76.50000,84.40000,109.60000,0.56276,403.41885
2025-06-21 09:15:02+07:00,27.20000,76.30000,81.70000,109.00000,0.58991,403.49023
2025-06-21 09:15:52+07:00,27.20000,75.20000,83.40000,108.50000,0.58474,403.49744
2025-06-21 09:16:41+07:00,27.30000,75.90000,77.70000,99.30000,0.58646,403.36960
2025-06-21 09:18:25+07:00,27.40000,74.90000,86.80000,119.80000,0.55119,403.48303
2025-06-21 09:19:19+07:00,27.40000,75.80000,84.60000,110.70000,0.57791,403.49744
2025-06-21 09:20:13+07:00,27.30000,76.20000,87.10000,112.90000,0.54142,403.39062
2025-06-21 09:21:02+07:00,27.30000,76.40000,92.40000,118.70000,0.58302,403.29333
2025-06-21 09:21:53+07:00,27.30000,76.60000,86.80000,114.10000,0.57791,403.43304
2025-06-21 09:22:43+07:00,27.40000,76.20000,93.30000,122.70000,0.57621,403.50464
2025-06-21 09:23:33+07:00,27.30000,76.40000,91.40000,115.40000,0.58302,403.39767
2025-06-21 09:24:23+07:00,27.30000,76.40000,93.80000,123.40000,0.56109,403.32782
2025-06-21 09:25:14+07:00,27.40000,76.40000,88.20000,115.80000,0.58131,403.35562
2025-06-21 09:26:04+07:00,27.50000,76.00000,93.00000,123.80000,0.58131,403.46869
2025-06-21 09:26:55+07:00,27.60000,75.80000,87.60000,115.00000,0.54629,403.35562
2025-06-21 09:27:44+07:00,27.60000,75.20000,88.00000,117.30000,0.53819,403.35562
2025-06-21 09:28:33+07:00,27.50000,75.50000,90.20000,124.20000,0.52544,403.71155
2025-06-21 09:29:31+07:00,27.50000,75.50000,83.20000,113.00000,0.54792,403.44727
2025-06-21 09:30:20+07:00,27.70000,74.70000,87.50000,116.40000,0.57621,403.57010
2025-06-21 09:31:16+07:00,27.80000,74.80000,82.20000,113.00000,0.56109,403.49744
2025-06-21 09:32:05+07:00,27.70000,74.90000,92.40000,121.10000,0.58131,403.51187
2025-06-21 09:32:55+07:00,27.70000,75.30000,87.70000,115.50000,0.53019,403.41885
2025-06-21 09:33:44+07:00,27.70000,75.30000,84.90000,117.90000,0.55777,403.46152
2025-06-21 09:34:34+07:00,27.70000,75.00000,72.50000,95.30000,0.54142,403.34866
2025-06-21 09:35:23+07:00,27.80000,74.40000,76.00000,100.60000,0.53498,403.44727
2025-06-21 09:36:13+07:00,27.80000,74.10000,79.00000,105.50000,0.53178,403.27277
2025-06-21 09:37:03+07:00,27.90000,74.00000,82.00000,110.90000,0.53338,403.36261
2025-06-21 09:37:54+07:00,27.80000,74.10000,78.00000,103.20000,0.50982,403.41885
2025-06-21 09:38:44+07:00,27.80000,74.10000,84.80000,111.60000,0.54955,403.44727
2025-06-21 09:39:33+07:00,27.80000,74.50000,78.20000,100.20000,0.52228,403.36960
2025-06-21 09:40:23+07:00,27.90000,74.30000,74.30000,99.30000,0.56442,403.39062
2025-06-21 09:42:06+07:00,27.80000,74.20000,64.70000,84.40000,0.52228,403.30710
2025-06-21 09:42:59+07:00,28.00000,73.40000,63.90000,83.60000,0.56945,403.34171
2025-06-21 09:43:50+07:00,28.10000,73.60000,61.60000,85.10000,0.55283,403.17819
2025-06-21 09:44:39+07:00,28.10000,72.90000,59.30000,83.60000,0.55943,403.23196
2025-06-21 09:45:29+07:00,28.10000,72.90000,54.10000,71.10000,0.50062,403.47586
2025-06-21 09:47:14+07:00,28.00000,72.40000,56.40000,76.20000,0.55777,403.26593
2025-06-21 09:48:09+07:00,28.00000,72.10000,55.40000,73.20000,0.50215,403.21844
2025-06-21 09:49:04+07:00,28.00000,72.30000,54.70000,72.80000,0.52228,403.11197
2025-06-21 09:49:55+07:00,28.00000,72.30000,51.00000,66.90000,0.53658,403.26593
2025-06-21 09:50:55+07:00,27.90000,71.90000,49.30000,62.10000,0.59337,403.21170
2025-06-21 09:51:45+07:00,27.90000,71.80000,48.90000,63.70000,0.52386,403.07278
2025-06-21 09:52:35+07:00,27.90000,72.00000,48.20000,62.70000,0.50674,403.19156
2025-06-21 09:53:24+07:00,28.00000,71.90000,56.10000,74.20000,0.49910,403.07928
2025-06-21 09:54:14+07:00,28.00000,72.10000,56.00000,76.20000,0.47967,403.23196
2025-06-21 09:55:04+07:00,28.00000,72.00000,51.20000,67.50000,0.52860,403.15155
2025-06-21 09:55:53+07:00,28.00000,72.00000,49.70000,62.70000,0.51758,403.00192
2025-06-21 09:56:43+07:00,28.00000,71.70000,44.80000,57.50000,0.52544,403.05978
2025-06-21 09:57:32+07:00,27.90000,71.50000,42.80000,56.10000,0.52071,403.17819
2025-06-21 09:58:22+07:00,28.00000,71.90000,42.70000,54.20000,0.50674,403.11853
2025-06-21 09:59:13+07:00,28.00000,71.80000,42.50000,52.60000,0.50982,403.01471
2025-06-21 10:00:02+07:00,27.90000,71.40000,40.50000,50.20000,0.53178,403.09232
2025-06-21 10:00:53+07:00,27.90000,71.20000,39.50000,46.00000,0.50215,403.01471
2025-06-21 10:01:43+07:00,28.00000,71.40000,39.30000,49.20000,0.49156,403.13834
2025-06-21 10:02:37+07:00,28.00000,71.10000,38.80000,50.10000,0.47235,403.13171
2025-06-21 10:03:26+07:00,28.00000,71.00000,41.90000,51.20000,0.46800,403.03397
2025-06-21 10:04:19+07:00,28.00000,71.20000,41.50000,52.30000,0.49006,403.03397
2025-06-21 10:05:09+07:00,28.10000,71.00000,52.50000,65.70000,0.49156,403.07928
2025-06-21 10:05:58+07:00,28.00000,70.90000,51.80000,65.70000,0.50368,403.05978
2025-06-21 10:06:48+07:00,28.00000,71.10000,47.30000,59.20000,0.49608,403.04041
2025-06-21 10:07:38+07:00,28.10000,70.90000,43.30000,55.70000,0.51447,403.16486
2025-06-21 10:08:28+07:00,28.20000,70.80000,47.40000,59.90000,0.48707,402.95752
2025-06-21 10:09:24+07:00,28.20000,71.10000,47.20000,58.70000,0.43704,403.09885
2025-06-21 10:10:17+07:00,28.10000,71.40000,49.50000,60.40000,0.50982,403.17151
2025-06-21 10:11:06+07:00,28.00000,71.70000,48.80000,64.60000,0.47967,403.05331
2025-06-21 10:12:00+07:00,28.00000,71.70000,47.30000,64.20000,0.50521,403.00833
2025-06-21 10:12:49+07:00,28.10000,71.50000,54.30000,67.30000,0.48410,403.00833
2025-06-21 10:13:39+07:00,28.10000,71.90000,54.30000,66.80000,0.44951,403.04684
2025-06-21 10:14:30+07:00,28.00000,71.70000,50.10000,64.70000,0.46368,403.06628
2025-06-21 10:15:22+07:00,27.90000,71.70000,49.80000,60.80000,0.47527,402.91989
2025-06-21 10:16:13+07:00,28.00000,72.10000,49.60000,63.40000,0.47381,403.23196
2025-06-21 10:17:03+07:00,28.00000,72.00000,48.20000,62.30000,0.50982,403.04041
2025-06-21 10:17:52+07:00,28.00000,72.40000,49.90000,65.50000,0.48262,403.00833
2025-06-21 10:18:44+07:00,28.20000,72.40000,50.00000,65.50000,0.50062,403.19156
2025-06-21 10:19:33+07:00,28.20000,72.20000,50.60000,63.90000,0.47235,403.17151
2025-06-21 10:20:23+07:00,28.20000,71.50000,48.50000,66.40000,0.47527,403.13834
2025-06-21 10:21:13+07:00,28.20000,71.80000,51.20000,65.40000,0.48856,403.15155
2025-06-21 10:22:04+07:00,28.20000,72.00000,49.20000,64.90000,0.50982,403.19156
2025-06-21 10:23:48+07:00,28.30000,72.10000,49.80000,66.40000,0.46512,403.06628
2025-06-21 10:24:41+07:00,28.30000,71.70000,49.60000,66.50000,0.47673,403.21170
2025-06-21 10:25:30+07:00,28.30000,71.00000,51.70000,66.10000,0.47820,403.23874
2025-06-21 10:26:20+07:00,28.20000,71.80000,52.00000,67.40000,0.49910,403.15155
2025-06-21 10:27:09+07:00,28.20000,72.00000,54.70000,69.40000,0.47527,403.07928
2025-06-21 10:27:58+07:00,28.20000,71.80000,51.80000,66.50000,0.44671,403.23196
2025-06-21 10:28:48+07:00,28.30000,72.00000,49.40000,63.40000,0.50215,403.16486
2025-06-21 10:29:42+07:00,28.30000,71.70000,48.80000,62.40000,0.49608,403.15155
2025-06-21 10:30:31+07:00,28.30000,71.50000,47.70000,60.30000,0.49910,403.17151
2025-06-21 10:31:24+07:00,28.40000,72.00000,47.00000,57.80000,0.49006,403.24551
2025-06-21 10:32:19+07:00,28.40000,71.40000,45.70000,57.60000,0.51447,403.07278
2025-06-21 10:33:12+07:00,28.50000,71.00000,46.90000,61.40000,0.48856,403.34866
2025-06-21 10:34:05+07:00,28.50000,71.10000,49.70000,61.90000,0.53178,402.91367
2025-06-21 10:34:55+07:00,28.60000,70.70000,44.20000,54.40000,0.47673,403.36261
2025-06-21 10:35:44+07:00,28.60000,69.80000,36.10000,43.60000,0.51136,403.30020
2025-06-21 10:36:34+07:00,28.50000,68.80000,30.00000,36.30000,0.50828,403.19156
2025-06-21 10:37:24+07:00,28.50000,68.40000,31.70000,37.80000,0.45939,403.13834
2025-06-21 10:38:13+07:00,28.50000,68.60000,36.40000,45.60000,0.47527,403.19827
2025-06-21 10:39:04+07:00,28.50000,69.30000,33.10000,39.00000,0.50521,403.07278
2025-06-21 10:39:54+07:00,28.60000,69.20000,37.20000,45.90000,0.48856,403.17151
2025-06-21 10:40:46+07:00,28.70000,69.00000,39.20000,47.80000,0.47967,403.16486
2025-06-21 10:41:36+07:00,28.70000,68.90000,40.40000,48.90000,0.51136,403.27277
2025-06-21 10:42:29+07:00,28.70000,69.00000,36.00000,42.00000,0.48707,403.18488
2025-06-21 10:43:18+07:00,28.70000,68.10000,36.50000,44.70000,0.48856,403.09885
2025-06-21 10:44:08+07:00,28.80000,68.10000,30.70000,35.60000,0.47527,403.03397
2025-06-21 10:44:57+07:00,28.90000,68.00000,28.10000,33.40000,0.47527,403.19156
2025-06-21 10:45:51+07:00,28.80000,67.70000,27.80000,31.10000,0.49306,403.02112
2025-06-21 10:46:41+07:00,28.60000,67.10000,25.10000,28.20000,0.47673,403.12512
2025-06-21 10:47:30+07:00,28.60000,67.20000,35.30000,41.30000,0.47820,402.98920
2025-06-21 10:48:24+07:00,28.60000,68.90000,36.20000,43.30000,0.48558,403.03397
2025-06-21 10:49:17+07:00,28.60000,69.10000,36.50000,45.70000,0.48856,403.03397
2025-06-21 10:50:11+07:00,28.50000,69.50000,35.60000,42.80000,0.46800,403.07278
2025-06-21 10:51:00+07:00,28.60000,69.60000,37.30000,44.70000,0.48410,402.98285
2025-06-21 10:51:52+07:00,28.70000,69.60000,38.50000,45.10000,0.48410,402.90744
2025-06-21 10:52:47+07:00,28.70000,69.50000,37.50000,45.30000,0.48114,403.04041
2025-06-21 10:53:37+07:00,28.60000,69.80000,35.70000,41.90000,0.47967,403.04041
2025-06-21 10:54:27+07:00,28.60000,69.90000,33.50000,38.70000,0.45655,403.05978
2025-06-21 10:55:16+07:00,28.70000,69.40000,31.80000,36.50000,0.48707,402.98285
2025-06-21 10:56:07+07:00,28.60000,68.90000,32.90000,37.60000,0.48410,403.07278
2025-06-21 10:56:58+07:00,28.60000,69.60000,35.20000,40.20000,0.46368,402.96384
2025-06-21 10:57:48+07:00,28.70000,69.40000,32.80000,39.30000,0.47381,403.09885
2025-06-21 10:58:39+07:00,28.70000,69.30000,33.50000,39.20000,0.47673,403.04684
2025-06-21 10:59:34+07:00,28.70000,69.60000,33.90000,39.70000,0.44393,403.17151
2025-06-21 11:00:25+07:00,28.70000,69.70000,35.10000,41.00000,0.48558,403.11197
2025-06-21 11:01:20+07:00,28.80000,70.00000,35.10000,43.30000,0.47967,402.89502
2025-06-21 11:02:10+07:00,28.80000,69.60000,37.40000,47.30000,0.48114,403.17819
2025-06-21 11:02:59+07:00,28.70000,69.40000,38.00000,46.50000,0.48856,402.97015
2025-06-21 11:03:49+07:00,28.70000,69.60000,32.70000,38.00000,0.46225,402.98285
2025-06-21 11:04:43+07:00,28.70000,69.70000,34.00000,41.40000,0.46944,403.03397
2025-06-21 11:05:32+07:00,28.70000,69.70000,35.80000,41.20000,0.47673,403.14493
2025-06-21 11:06:22+07:00,28.70000,69.80000,34.20000,40.70000,0.45939,402.97015
2025-06-21 11:07:16+07:00,28.80000,70.00000,36.80000,48.80000,0.48410,403.02112
2025-06-21 11:08:06+07:00,28.90000,69.50000,35.20000,43.90000,0.42483,403.11853
2025-06-21 11:08:56+07:00,29.00000,69.00000,31.40000,38.00000,0.49306,402.98285
2025-06-21 11:09:48+07:00,29.10000,69.10000,30.20000,35.90000,0.47967,403.11853
2025-06-21 11:10:41+07:00,29.00000,69.30000,27.40000,31.10000,0.47967,403.13171
2025-06-21 11:11:31+07:00,29.00000,68.80000,27.10000,31.10000,0.49608,403.11197
2025-06-21 11:12:21+07:00,28.90000,68.30000,30.80000,35.20000,0.52386,403.36960
2025-06-21 11:13:10+07:00,28.90000,68.60000,27.30000,32.40000,0.56609,403.29333
2025-06-21 11:14:03+07:00,28.90000,68.60000,28.20000,31.60000,0.52071,403.37659
2025-06-21 11:14:53+07:00,28.90000,68.80000,27.90000,31.90000,0.52544,403.33475
2025-06-21 11:15:45+07:00,29.00000,68.80000,27.50000,31.80000,0.53019,403.26593
2025-06-21 11:16:35+07:00,29.00000,68.50000,27.70000,34.50000,0.55283,403.37659
2025-06-21 11:17:25+07:00,29.00000,68.70000,27.60000,31.00000,0.51602,403.30020
2025-06-21 11:19:08+07:00,29.20000,68.40000,30.80000,36.60000,0.53819,403.31400
2025-06-21 11:19:58+07:00,29.20000,68.20000,28.70000,32.20000,0.49306,403.19156
2025-06-21 11:20:47+07:00,29.30000,67.90000,27.00000,31.00000,0.49457,403.30020
2025-06-21 11:21:37+07:00,29.20000,67.50000,28.40000,35.30000,0.48114,403.14493
2025-06-21 11:22:26+07:00,29.20000,67.70000,31.40000,37.00000,0.52544,403.20499
2025-06-21 11:23:20+07:00,29.30000,67.70000,27.10000,30.40000,0.50521,403.35562
2025-06-21 11:24:10+07:00,29.30000,67.80000,28.50000,34.40000,0.48410,403.28647
2025-06-21 11:25:00+07:00,29.30000,68.30000,32.50000,38.70000,0.51758,403.10541
2025-06-21 11:25:50+07:00,29.30000,68.10000,31.30000,36.90000,0.49006,403.15820
2025-06-21 11:26:40+07:00,29.40000,67.90000,28.30000,33.10000,0.51291,403.19156
2025-06-21 11:27:30+07:00,29.40000,67.60000,26.60000,33.40000,0.52071,403.34866
2025-06-21 11:28:19+07:00,29.40000,67.10000,29.40000,36.10000,0.47820,403.17151
2025-06-21 11:29:09+07:00,29.30000,66.70000,30.20000,39.20000,0.46800,403.28647
2025-06-21 11:30:01+07:00,29.30000,67.00000,28.70000,34.80000,0.47967,403.22519
2025-06-21 11:30:55+07:00,29.20000,67.40000,29.50000,35.10000,0.50982,403.30020
2025-06-21 11:31:45+07:00,29.30000,67.40000,29.60000,34.50000,0.45513,403.14493
2025-06-21 11:32:42+07:00,29.30000,68.00000,28.20000,36.80000,0.49759,402.97650
2025-06-21 11:33:32+07:00,29.30000,67.70000,27.60000,31.10000,0.44811,402.97015
2025-06-21 11:34:21+07:00,29.30000,67.70000,28.00000,36.00000,0.49156,403.06628
2025-06-21 11:35:10+07:00,29.40000,67.50000,27.80000,33.70000,0.44116,403.10541
2025-06-21 11:36:00+07:00,29.40000,67.40000,27.70000,33.30000,0.45797,402.98920
2025-06-21 11:36:52+07:00,29.20000,67.40000,26.60000,31.40000,0.47967,403.05331
2025-06-21 11:37:42+07:00,29.10000,67.00000,24.00000,27.80000,0.47673,403.04684
2025-06-21 11:38:32+07:00,29.10000,67.00000,22.80000,27.10000,0.44116,402.99554
2025-06-21 11:39:26+07:00,29.00000,66.30000,22.50000,25.70000,0.45939,403.02753
2025-06-21 11:40:18+07:00,29.10000,65.70000,22.90000,27.10000,0.50215,402.98920
2025-06-21 11:41:07+07:00,29.10000,66.00000,22.60000,25.40000,0.47527,402.97650
2025-06-21 11:41:57+07:00,29.10000,66.50000,22.20000,25.20000,0.48707,403.04041
2025-06-21 11:42:47+07:00,29.10000,66.60000,24.00000,30.20000,0.46512,403.02112
2025-06-21 11:43:37+07:00,29.10000,66.20000,23.30000,26.20000,0.45231,403.11197
2025-06-21 11:44:31+07:00,29.10000,67.20000,25.50000,28.60000,0.47673,402.98285
2025-06-21 11:45:21+07:00,29.10000,66.80000,26.30000,30.90000,0.45655,402.88882
2025-06-21 11:46:11+07:00,29.00000,67.10000,23.40000,26.20000,0.46800,403.00833
2025-06-21 11:47:01+07:00,29.00000,67.40000,25.60000,29.50000,0.43430,403.00192
2025-06-21 11:47:52+07:00,29.00000,67.50000,27.50000,30.90000,0.46082,402.98285
2025-06-21 11:48:46+07:00,29.00000,67.70000,23.40000,29.20000,0.47235,403.13834
2025-06-21 11:49:42+07:00,29.00000,66.30000,24.60000,28.00000,0.47089,402.95123
2025-06-21 11:50:32+07:00,28.90000,65.70000,22.20000,27.20000,0.45655,402.98920
2025-06-21 11:51:22+07:00,28.90000,67.00000,22.30000,27.10000,0.47089,402.90121
2025-06-21 11:52:15+07:00,28.90000,67.10000,23.00000,26.40000,0.46368,402.94495
2025-06-21 11:53:05+07:00,29.00000,66.70000,22.20000,25.70000,0.43704,403.02112
2025-06-21 11:53:55+07:00,28.90000,66.40000,19.80000,24.70000,0.45372,402.97015
2025-06-21 11:54:47+07:00,28.90000,67.30000,22.10000,25.60000,0.44811,403.00833
2025-06-21 11:55:37+07:00,28.90000,66.70000,20.50000,23.00000,0.44951,402.98920
2025-06-21 11:56:27+07:00,28.90000,66.30000,18.90000,21.60000,0.44811,403.00192
2025-06-21 11:57:16+07:00,28.90000,66.00000,23.30000,27.00000,0.45372,402.97650
2025-06-21 11:58:06+07:00,29.00000,67.00000,24.40000,30.20000,0.46512,402.90121
2025-06-21 11:58:56+07:00,28.90000,66.70000,24.70000,28.70000,0.45797,402.87030
2025-06-21 11:59:46+07:00,28.90000,67.50000,26.20000,30.20000,0.47673,403.02753
2025-06-21 12:00:36+07:00,28.90000,68.40000,28.50000,33.00000,0.46368,403.16486
2025-06-21 12:01:26+07:00,28.90000,68.60000,27.80000,33.20000,0.42350,403.06628
2025-06-21 12:02:16+07:00,29.00000,68.10000,26.00000,30.70000,0.45513,403.06628
2025-06-21 12:03:05+07:00,28.90000,68.00000,26.90000,31.60000,0.47381,403.09232
2025-06-21 12:03:56+07:00,28.90000,68.00000,30.90000,35.90000,0.44811,403.11197
2025-06-21 12:04:46+07:00,29.00000,67.50000,45.60000,56.20000,0.43294,403.05331
2025-06-21 12:05:36+07:00,29.10000,67.10000,30.30000,36.10000,0.46082,403.13834
2025-06-21 12:06:25+07:00,29.10000,67.40000,24.60000,28.20000,0.47235,403.15155
2025-06-21 12:07:15+07:00,29.20000,68.20000,26.20000,33.90000,0.46225,403.05978
2025-06-21 12:08:04+07:00,29.20000,68.50000,26.60000,32.00000,0.46368,402.95123
2025-06-21 12:08:54+07:00,29.30000,68.90000,25.10000,29.70000,0.42350,403.09232
2025-06-21 12:09:43+07:00,29.30000,68.40000,25.00000,28.10000,0.46082,403.09232
2025-06-21 12:10:33+07:00,29.30000,67.20000,26.40000,30.00000,0.46368,402.95123
2025-06-21 12:11:23+07:00,29.40000,67.80000,28.10000,32.90000,0.44254,402.97650
2025-06-21 12:12:13+07:00,29.40000,67.90000,26.90000,31.70000,0.46082,403.05331
2025-06-21 12:13:02+07:00,29.40000,67.80000,25.40000,30.50000,0.46225,402.95752
2025-06-21 12:13:52+07:00,29.30000,67.30000,26.10000,30.70000,0.46512,402.99554
2025-06-21 12:14:42+07:00,29.30000,67.60000,26.90000,30.00000,0.44671,402.98285
2025-06-21 12:15:32+07:00,29.30000,67.50000,27.00000,31.60000,0.47820,402.99554
2025-06-21 12:16:21+07:00,29.30000,67.10000,28.00000,32.30000,0.46800,403.00192
2025-06-21 12:17:11+07:00,29.20000,67.50000,27.30000,31.70000,0.43567,402.95123
2025-06-21 12:18:00+07:00,29.20000,68.00000,27.60000,35.40000,0.46225,402.92615
2025-06-21 12:18:50+07:00,29.20000,68.80000,28.20000,32.40000,0.43430,403.04041
2025-06-21 12:19:39+07:00,29.20000,68.90000,27.90000,35.50000,0.46512,402.98285
2025-06-21 12:20:28+07:00,29.30000,69.50000,29.20000,33.90000,0.45091,403.04041
2025-06-21 12:21:19+07:00,29.20000,68.90000,28.40000,36.20000,0.47673,402.93240
2025-06-21 12:22:09+07:00,29.20000,68.60000,28.40000,34.60000,0.44671,403.05978
2025-06-21 12:23:50+07:00,29.10000,69.00000,26.40000,32.90000,0.44116,402.95123
2025-06-21 12:24:40+07:00,29.10000,68.20000,25.70000,33.30000,0.46082,403.06628
2025-06-21 12:25:30+07:00,29.20000,69.00000,26.00000,29.80000,0.44951,403.02753
2025-06-21 12:26:20+07:00,29.20000,69.40000,28.10000,31.70000,0.46800,403.11197
2025-06-21 12:27:10+07:00,29.30000,69.50000,26.70000,32.90000,0.45655,403.03397
2025-06-21 12:28:02+07:00,29.30000,69.40000,24.50000,29.90000,0.41817,403.00192
2025-06-21 12:28:51+07:00,29.20000,68.90000,23.80000,27.50000,0.43430,403.00833
2025-06-21 12:29:41+07:00,29.20000,67.90000,22.50000,25.50000,0.45231,403.05978
2025-06-21 12:30:30+07:00,29.10000,67.80000,23.00000,25.70000,0.43158,403.09232
2025-06-21 12:31:21+07:00,29.10000,67.50000,22.20000,25.20000,0.45513,403.05331
2025-06-21 12:32:11+07:00,29.10000,67.70000,21.70000,24.30000,0.44116,402.96384
2025-06-21 12:33:00+07:00,29.20000,68.20000,22.50000,27.00000,0.48262,402.91367
2025-06-21 12:33:51+07:00,29.20000,67.60000,22.20000,26.20000,0.46944,402.85187
2025-06-21 12:34:42+07:00,29.30000,67.00000,22.90000,26.80000,0.45797,402.95752
2025-06-21 12:35:31+07:00,29.30000,67.50000,21.70000,26.30000,0.45513,403.00833
2025-06-21 12:36:21+07:00,29.40000,67.00000,20.70000,24.60000,0.45231,403.17151
2025-06-21 12:37:16+07:00,29.40000,66.00000,21.20000,24.30000,0.45231,402.97650
2025-06-21 12:38:06+07:00,29.30000,66.90000,20.80000,25.80000,0.40122,402.91989
2025-06-21 12:38:58+07:00,29.30000,67.00000,19.90000,23.50000,0.42083,403.02112
2025-06-21 12:39:51+07:00,29.30000,67.70000,20.20000,23.10000,0.44951,402.98920
2025-06-21 12:40:42+07:00,29.30000,67.10000,20.50000,23.10000,0.46512,403.17151
2025-06-21 12:41:31+07:00,29.30000,66.60000,20.80000,24.20000,0.41685,403.00192
2025-06-21 12:42:21+07:00,29.30000,66.50000,20.70000,25.70000,0.43704,402.98285
2025-06-21 12:43:10+07:00,29.30000,67.10000,20.70000,25.30000,0.42752,402.95123
2025-06-21 12:44:00+07:00,29.20000,66.50000,19.00000,23.20000,0.46800,402.99554
2025-06-21 12:44:50+07:00,29.30000,66.70000,19.10000,21.40000,0.47381,402.87646
2025-06-21 12:45:40+07:00,29.20000,66.60000,19.40000,22.50000,0.43022,402.89502
2025-06-21 12:46:29+07:00,29.30000,67.50000,20.10000,22.60000,0.42083,403.03397
2025-06-21 12:47:20+07:00,29.40000,67.50000,19.00000,21.30000,0.42752,402.97015
2025-06-21 12:48:09+07:00,29.30000,66.10000,18.70000,21.70000,0.41553,402.97015
2025-06-21 12:48:59+07:00,29.30000,65.80000,19.60000,22.20000,0.45091,402.82745
2025-06-21 12:49:48+07:00,29.30000,66.10000,20.40000,22.90000,0.43567,402.93240
2025-06-21 12:50:38+07:00,29.40000,66.30000,19.10000,22.10000,0.39994,402.96384
2025-06-21 12:51:28+07:00,29.40000,66.70000,18.10000,21.50000,0.39738,402.88882
2025-06-21 12:52:17+07:00,29.50000,67.30000,19.80000,22.80000,0.43978,403.12512
2025-06-21 12:53:07+07:00,29.60000,66.60000,19.20000,22.60000,0.43841,402.87030
2025-06-21 12:53:57+07:00,29.60000,66.10000,20.40000,23.00000,0.44671,402.96384
2025-06-21 12:54:47+07:00,29.60000,66.00000,20.70000,25.00000,0.42350,402.83963
2025-06-21 12:55:36+07:00,29.50000,66.40000,22.30000,27.40000,0.41950,402.80927
2025-06-21 12:56:26+07:00,29.40000,67.00000,23.10000,29.30000,0.37010,402.75519
2025-06-21 12:57:15+07:00,29.40000,66.90000,19.60000,23.60000,0.38232,402.85800
2025-06-21 12:58:04+07:00,29.30000,67.10000,19.60000,23.70000,0.42618,402.91367
2025-06-21 12:58:54+07:00,29.30000,67.10000,19.80000,22.40000,0.42350,402.79718
2025-06-21 12:59:43+07:00,29.40000,66.60000,19.20000,22.90000,0.40379,402.95752
2025-06-21 13:00:33+07:00,29.30000,66.30000,18.50000,20.70000,0.41950,402.97650
2025-06-21 13:01:22+07:00,29.20000,66.30000,19.30000,21.70000,0.44393,402.83963
2025-06-21 13:02:12+07:00,29.20000,66.70000,21.10000,23.70000,0.43294,402.96384
2025-06-21 13:03:01+07:00,29.20000,67.30000,24.20000,27.00000,0.42752,402.90121
2025-06-21 13:03:51+07:00,29.20000,67.70000,22.80000,25.70000,0.40250,402.90121
2025-06-21 13:04:40+07:00,29.30000,67.60000,20.50000,23.00000,0.42618,402.98285
2025-06-21 13:05:30+07:00,29.40000,67.40000,21.10000,23.60000,0.40638,402.93866
2025-06-21 13:06:23+07:00,29.40000,67.00000,19.70000,22.60000,0.42216,402.97650
2025-06-21 13:07:12+07:00,29.40000,66.50000,19.00000,21.90000,0.45797,402.87646
2025-06-21 13:08:03+07:00,29.40000,66.20000,21.00000,25.70000,0.44951,402.92615
2025-06-21 13:08:53+07:00,29.20000,66.10000,21.70000,28.60000,0.43704,402.96384
2025-06-21 13:09:43+07:00,29.20000,66.30000,22.70000,26.90000,0.44116,402.98285
2025-06-21 13:10:33+07:00,29.20000,66.50000,22.10000,25.90000,0.41553,402.90121
2025-06-21 13:11:22+07:00,29.20000,67.90000,20.50000,24.70000,0.40638,402.85800
2025-06-21 13:12:12+07:00,29.30000,67.70000,18.40000,23.80000,0.42216,402.92615
2025-06-21 13:13:02+07:00,29.30000,67.50000,19.30000,21.70000,0.43022,402.83356
2025-06-21 13:13:56+07:00,29.30000,66.70000,19.70000,24.20000,0.41421,402.97650
2025-06-21 13:14:45+07:00,29.30000,67.40000,19.60000,22.20000,0.43430,402.94495
2025-06-21 13:15:35+07:00,29.30000,67.20000,19.40000,21.70000,0.43022,402.95752
2025-06-21 13:16:25+07:00,29.30000,67.10000,18.70000,20.80000,0.41950,402.96384
2025-06-21 13:17:14+07:00,29.40000,67.50000,20.70000,23.20000,0.43158,402.82745
2025-06-21 13:18:04+07:00,29.50000,67.80000,20.30000,22.70000,0.44671,403.02753
2025-06-21 13:18:54+07:00,29.50000,67.70000,20.10000,24.60000,0.42350,402.82138
2025-06-21 13:19:43+07:00,29.40000,67.60000,20.20000,22.90000,0.44532,402.99554
2025-06-21 13:20:33+07:00,29.40000,67.70000,19.50000,21.90000,0.43294,403.11197
2025-06-21 13:21:23+07:00,29.40000,67.70000,20.80000,24.20000,0.44671,403.19156
2025-06-21 13:22:13+07:00,29.50000,67.40000,51.40000,67.70000,0.42083,403.17151
2025-06-21 13:23:03+07:00,29.50000,69.40000,60.60000,75.10000,0.44671,403.29333
2025-06-21 13:23:52+07:00,29.40000,70.30000,66.00000,84.40000,0.43294,403.42593
2025-06-21 13:24:42+07:00,29.30000,71.30000,69.90000,93.30000,0.40379,403.26593
2025-06-21 13:25:31+07:00,29.30000,71.70000,71.10000,94.30000,0.44393,403.39767
2025-06-21 13:26:21+07:00,29.20000,72.40000,74.10000,98.70000,0.47967,403.48303
2025-06-21 13:27:12+07:00,29.10000,72.60000,72.20000,94.60000,0.49457,403.44727
2025-06-21 13:28:02+07:00,29.10000,73.10000,74.40000,93.10000,0.48262,403.51910
2025-06-21 13:28:51+07:00,29.10000,72.90000,70.10000,93.20000,0.48856,403.56277
2025-06-21 13:29:41+07:00,29.10000,73.00000,72.00000,96.80000,0.49457,403.46869
2025-06-21 13:30:30+07:00,29.00000,73.30000,74.60000,96.60000,0.48856,403.44012
2025-06-21 13:31:20+07:00,29.00000,73.80000,73.60000,97.00000,0.48707,403.81860
2025-06-21 13:32:09+07:00,29.00000,73.50000,73.80000,96.80000,0.47673,403.50464
2025-06-21 13:33:53+07:00,29.00000,73.80000,74.20000,94.90000,0.49759,403.62170
2025-06-21 13:34:42+07:00,29.00000,74.00000,66.80000,88.90000,0.51447,403.42593
2025-06-21 13:35:32+07:00,28.90000,73.70000,67.20000,88.70000,0.53338,403.44727
2025-06-21 13:36:21+07:00,28.90000,73.70000,65.10000,83.80000,0.46368,403.44727
2025-06-21 13:37:11+07:00,28.90000,73.70000,65.20000,83.00000,0.52386,403.62170
2025-06-21 13:38:00+07:00,28.90000,73.50000,63.00000,83.90000,0.52544,403.57745
2025-06-21 13:38:50+07:00,29.00000,73.50000,63.00000,83.90000,0.50982,403.63657
2025-06-21 13:39:40+07:00,29.00000,73.50000,62.10000,79.60000,0.52228,403.46869
2025-06-21 13:40:30+07:00,29.00000,73.60000,61.20000,79.90000,0.53658,403.46152
2025-06-21 13:42:22+07:00,29.00000,73.40000,62.70000,83.40000,0.54792,403.57745
2025-06-21 13:43:12+07:00,29.00000,73.50000,64.20000,84.80000,0.52860,403.54089
2025-06-21 13:44:02+07:00,29.00000,73.40000,59.90000,76.10000,0.54466,403.69644
2025-06-21 13:44:51+07:00,28.90000,73.30000,58.70000,76.90000,0.53338,403.56277
2025-06-21 13:45:42+07:00,28.90000,72.80000,56.50000,75.00000,0.53819,403.52637
2025-06-21 13:46:32+07:00,28.90000,73.20000,59.10000,77.20000,0.54142,403.41177
2025-06-21 13:47:23+07:00,28.90000,73.30000,56.20000,75.00000,0.53498,403.59213
2025-06-21 13:48:15+07:00,29.00000,73.30000,56.90000,72.10000,0.55612,403.49023
2025-06-21 13:49:05+07:00,29.00000,73.50000,54.40000,74.10000,0.55612,403.51187
2025-06-21 13:49:54+07:00,28.90000,73.40000,54.00000,70.20000,0.55612,403.54819
2025-06-21 13:50:44+07:00,28.80000,74.00000,55.30000,69.80000,0.53498,403.62170
2025-06-21 13:51:34+07:00,28.80000,73.80000,55.60000,68.10000,0.50368,403.57010
2025-06-21 13:52:23+07:00,28.80000,72.70000,57.40000,73.30000,0.55119,403.41177
2025-06-21 13:53:14+07:00,28.60000,73.00000,56.90000,72.90000,0.53819,403.51187
2025-06-21 13:54:04+07:00,28.60000,73.30000,55.30000,69.10000,0.60035,403.36261
2025-06-21 13:54:53+07:00,28.60000,73.80000,55.80000,70.60000,0.48856,403.49744
2025-06-21 13:55:43+07:00,28.70000,73.40000,53.10000,68.20000,0.54955,403.43304
2025-06-21 13:56:34+07:00,28.70000,73.30000,52.70000,67.10000,0.53819,403.41885
2025-06-21 13:57:24+07:00,28.60000,73.30000,51.50000,65.10000,0.55447,403.41885
2025-06-21 13:58:14+07:00,28.60000,73.60000,53.70000,65.40000,0.53980,403.35562
2025-06-21 13:59:03+07:00,28.60000,73.50000,50.60000,61.30000,0.48707,403.53363
2025-06-21 13:59:53+07:00,28.50000,74.10000,50.80000,64.90000,0.50828,403.57745
2025-06-21 14:00:42+07:00,28.50000,74.00000,50.90000,61.00000,0.55447,403.50464
2025-06-21 14:01:32+07:00,28.40000,74.00000,51.10000,62.30000,0.51915,403.51187
2025-06-21 14:02:21+07:00,28.50000,74.20000,51.00000,65.30000,0.48410,403.46152
2025-06-21 14:03:11+07:00,28.40000,74.30000,50.40000,61.00000,0.50828,403.34171
2025-06-21 14:04:53+07:00,28.40000,74.70000,52.10000,61.70000,0.54792,403.51187
2025-06-21 14:05:42+07:00,28.50000,74.60000,55.00000,68.50000,0.54955,403.49023
2025-06-21 14:06:32+07:00,28.40000,74.90000,54.60000,70.80000,0.56609,403.36960
2025-06-21 14:07:21+07:00,28.40000,75.00000,51.80000,67.70000,0.53980,403.52637
2025-06-21 14:08:11+07:00,28.40000,74.50000,49.70000,61.80000,0.53498,403.46152
2025-06-21 14:09:02+07:00,28.40000,74.50000,52.40000,66.00000,0.54629,403.39767
2025-06-21 14:09:56+07:00,28.50000,74.70000,51.80000,65.20000,0.52702,403.50464
2025-06-21 14:10:48+07:00,28.40000,74.90000,54.70000,69.00000,0.52386,403.66641
2025-06-21 14:11:37+07:00,28.40000,75.70000,54.40000,66.90000,0.55943,403.71155
2025-06-21 14:12:27+07:00,28.40000,75.50000,55.00000,68.30000,0.55777,403.67389
2025-06-21 14:13:18+07:00,28.40000,75.90000,51.40000,64.30000,0.53819,403.61429
2025-06-21 14:14:11+07:00,28.30000,75.70000,52.60000,65.50000,0.54466,403.56277
2025-06-21 14:15:05+07:00,28.30000,75.80000,52.50000,66.60000,0.54629,403.54089
2025-06-21 14:15:55+07:00,28.20000,75.80000,52.70000,67.70000,0.56945,403.54089
2025-06-21 14:16:44+07:00,28.20000,75.40000,53.00000,68.30000,0.56442,403.50464
2025-06-21 14:17:34+07:00,28.10000,75.90000,52.90000,66.90000,0.55447,403.44012
2025-06-21 14:18:24+07:00,28.00000,76.20000,54.90000,66.20000,0.51136,403.35562
2025-06-21 14:19:14+07:00,27.90000,76.30000,54.30000,66.30000,0.54955,403.52637
2025-06-21 14:20:03+07:00,27.90000,76.70000,51.30000,64.50000,0.50062,403.41177
2025-06-21 14:20:53+07:00,27.90000,76.40000,53.40000,63.50000,0.52544,403.46869
2025-06-21 14:21:42+07:00,27.90000,76.50000,53.10000,66.40000,0.49156,403.46152
2025-06-21 14:22:34+07:00,27.90000,76.70000,53.50000,66.30000,0.55777,403.40472
2025-06-21 14:23:23+07:00,27.90000,76.90000,52.80000,65.10000,0.50368,403.63657
2025-06-21 14:24:12+07:00,27.90000,77.00000,52.60000,66.70000,0.50215,403.49744
2025-06-21 14:25:02+07:00,27.90000,76.70000,52.00000,66.30000,0.57113,403.57010
2025-06-21 14:25:51+07:00,27.90000,76.70000,53.10000,65.20000,0.53019,403.53363
2025-06-21 14:26:41+07:00,27.90000,76.70000,53.30000,65.50000,0.55119,403.57010
2025-06-21 14:27:30+07:00,27.90000,76.80000,54.90000,71.50000,0.54792,403.57745
2025-06-21 14:28:20+07:00,28.00000,77.20000,57.80000,74.30000,0.54142,403.49023
2025-06-21 14:29:10+07:00,28.10000,77.00000,59.50000,71.00000,0.52544,403.41177
2025-06-21 14:29:59+07:00,28.10000,76.70000,58.00000,74.20000,0.52228,403.62170
2025-06-21 14:30:49+07:00,28.20000,76.60000,56.80000,70.80000,0.55283,403.46152
2025-06-21 14:31:38+07:00,28.20000,76.30000,55.50000,68.20000,0.56609,403.65894
2025-06-21 14:32:28+07:00,28.20000,76.40000,54.70000,66.70000,0.56777,403.67389
2025-06-21 14:33:17+07:00,28.10000,76.70000,54.60000,67.90000,0.55119,403.52637
2025-06-21 14:34:06+07:00,28.10000,76.70000,53.90000,67.30000,0.52860,403.41885
2025-06-21 14:34:56+07:00,28.10000,76.70000,53.80000,64.60000,0.50521,403.55548
2025-06-21 14:35:45+07:00,28.10000,76.80000,54.30000,67.10000,0.48856,403.51187
2025-06-21 14:36:35+07:00,28.10000,76.90000,52.60000,63.20000,0.55943,403.49744
2025-06-21 14:37:24+07:00,28.10000,76.80000,54.20000,67.00000,0.56276,403.46869
2025-06-21 14:38:14+07:00,28.10000,77.10000,53.40000,64.90000,0.53498,403.47586
2025-06-21 14:39:03+07:00,28.10000,77.10000,52.80000,67.90000,0.53658,403.33475
2025-06-21 14:39:52+07:00,28.10000,77.20000,56.60000,70.10000,0.57113,403.41885
2025-06-21 14:40:42+07:00,28.20000,77.20000,57.00000,79.00000,0.56276,403.54819
2025-06-21 14:41:31+07:00,28.20000,77.20000,56.50000,72.00000,0.56777,403.52637
2025-06-21 14:42:21+07:00,28.20000,77.10000,58.70000,74.10000,0.53819,403.63657
2025-06-21 14:43:10+07:00,28.20000,76.70000,61.40000,78.50000,0.54955,403.90448
2025-06-21 14:44:00+07:00,28.20000,76.60000,57.30000,75.20000,0.54142,403.85745
2025-06-21 14:44:49+07:00,28.20000,76.60000,55.20000,77.00000,0.58474,403.70398
2025-06-21 14:45:39+07:00,28.10000,76.60000,56.10000,72.50000,0.56609,403.75714
2025-06-21 14:46:28+07:00,28.10000,76.90000,56.50000,71.00000,0.52386,403.68890
2025-06-21 14:47:18+07:00,28.10000,77.00000,59.60000,76.10000,0.55777,403.72668
2025-06-21 14:48:07+07:00,28.20000,77.30000,59.90000,78.50000,0.57791,403.62170
2025-06-21 14:48:57+07:00,28.20000,77.40000,55.90000,75.10000,0.57451,403.65146
2025-06-21 14:49:46+07:00,28.10000,77.30000,56.90000,74.50000,0.57113,403.51910
2025-06-21 14:50:35+07:00,28.20000,77.30000,58.60000,76.10000,0.56609,403.68890
2025-06-21 14:51:25+07:00,28.20000,77.20000,61.10000,82.70000,0.54792,403.65146
2025-06-21 14:52:14+07:00,28.20000,77.30000,57.30000,72.80000,0.57113,403.41885
2025-06-21 14:53:04+07:00,28.10000,77.20000,58.90000,75.60000,0.57961,403.60690
2025-06-21 14:53:53+07:00,28.20000,77.20000,57.00000,77.20000,0.57961,403.54819
2025-06-21 14:54:43+07:00,28.20000,77.10000,58.90000,74.30000,0.55283,403.53363
2025-06-21 14:55:32+07:00,28.20000,77.30000,58.00000,73.80000,0.57791,403.53363
2025-06-21 14:56:21+07:00,28.10000,77.40000,57.00000,72.80000,0.55119,403.59952
2025-06-21 14:57:11+07:00,28.20000,77.30000,58.40000,77.40000,0.55777,403.47586
2025-06-21 14:58:00+07:00,28.20000,77.30000,59.90000,75.50000,0.56276,403.43304
2025-06-21 14:58:51+07:00,28.20000,77.30000,58.00000,76.60000,0.56276,403.51910
2025-06-21 14:59:40+07:00,28.20000,77.30000,59.70000,73.20000,0.55447,403.39062
2025-06-21 15:00:30+07:00,28.20000,77.30000,58.10000,78.50000,0.55612,403.62170
2025-06-21 15:01:19+07:00,28.30000,77.30000,58.60000,79.70000,0.54792,403.42593
2025-06-21 15:02:13+07:00,28.40000,77.10000,61.00000,78.70000,0.57621,403.63657
2025-06-21 15:03:03+07:00,28.30000,77.20000,57.60000,73.30000,0.53019,403.41177
2025-06-21 15:03:52+07:00,28.20000,77.00000,56.50000,70.80000,0.53019,403.53363
2025-06-21 15:04:42+07:00,28.20000,77.10000,55.90000,70.90000,0.53658,403.48303
2025-06-21 15:05:31+07:00,28.20000,77.10000,57.00000,72.60000,0.52228,403.62170
2025-06-21 15:06:21+07:00,28.20000,77.00000,54.50000,70.50000,0.55612,403.42593
2025-06-21 15:07:11+07:00,28.20000,76.80000,53.90000,72.20000,0.56276,403.44012
2025-06-21 15:08:01+07:00,28.20000,76.70000,53.70000,72.60000,0.56109,403.39767
2025-06-21 15:08:50+07:00,28.20000,76.90000,52.60000,68.50000,0.54466,403.37659
2025-06-21 15:09:40+07:00,28.10000,76.60000,52.40000,66.00000,0.56109,403.37659
2025-06-21 15:10:30+07:00,28.10000,76.50000,51.50000,64.60000,0.49156,403.50464
2025-06-21 15:11:20+07:00,28.20000,76.60000,54.20000,69.00000,0.54792,403.36261
2025-06-21 15:12:09+07:00,28.20000,76.60000,53.70000,81.10000,0.54304,403.44727
2025-06-21 15:12:59+07:00,28.30000,76.30000,52.40000,68.50000,0.54304,403.64401
2025-06-21 15:13:48+07:00,28.20000,76.50000,51.80000,67.00000,0.54955,403.43304
2025-06-21 15:14:37+07:00,28.20000,76.70000,51.60000,63.60000,0.56442,403.51910
2025-06-21 15:15:27+07:00,28.00000,77.00000,50.90000,63.70000,0.55283,403.44727
2025-06-21 15:16:16+07:00,28.00000,77.10000,52.00000,65.70000,0.57282,403.49023
2025-06-21 15:17:06+07:00,28.00000,77.30000,52.00000,68.40000,0.55612,403.41177
2025-06-21 15:17:56+07:00,28.10000,77.20000,55.50000,75.90000,0.55283,403.40472
2025-06-21 15:18:45+07:00,28.20000,77.30000,54.20000,70.80000,0.56609,403.35562
2025-06-21 15:19:34+07:00,28.10000,77.30000,54.10000,69.00000,0.55447,403.33475
2025-06-21 15:20:24+07:00,28.10000,77.40000,56.30000,73.20000,0.52702,403.44012
2025-06-21 15:21:14+07:00,28.00000,77.50000,51.30000,68.60000,0.53658,403.51187
2025-06-21 15:22:03+07:00,28.00000,77.70000,53.50000,70.50000,0.48707,403.36261
2025-06-21 15:22:55+07:00,28.10000,77.50000,50.90000,63.40000,0.57113,403.42593
2025-06-21 15:23:45+07:00,28.10000,77.30000,52.30000,68.20000,0.55283,403.28647
2025-06-21 15:24:38+07:00,28.10000,77.20000,52.50000,68.30000,0.53658,403.48303
2025-06-21 15:25:27+07:00,28.10000,77.30000,52.10000,67.70000,0.54142,403.66641
2025-06-21 15:26:19+07:00,28.20000,77.20000,52.80000,69.30000,0.56945,403.38361
2025-06-21 15:27:08+07:00,28.10000,77.30000,49.70000,62.10000,0.52228,403.55548
2025-06-21 15:28:01+07:00,28.10000,77.10000,47.20000,63.80000,0.53819,403.34866
2025-06-21 15:28:51+07:00,28.10000,76.80000,49.50000,62.90000,0.54466,403.41177
2025-06-21 15:29:40+07:00,28.10000,76.60000,49.60000,67.40000,0.55119,403.41177
2025-06-21 15:30:29+07:00,28.00000,76.80000,48.70000,62.70000,0.54142,403.41177
2025-06-21 15:31:19+07:00,28.00000,76.80000,49.20000,65.30000,0.56609,403.36960
2025-06-21 15:33:00+07:00,28.00000,76.80000,45.70000,60.20000,0.53338,403.43304
2025-06-21 15:33:50+07:00,28.00000,76.30000,47.80000,64.40000,0.53178,403.40472
2025-06-21 15:34:39+07:00,27.90000,76.40000,45.90000,63.00000,0.54142,403.44727
2025-06-21 15:35:29+07:00,28.00000,76.60000,46.30000,60.40000,0.52386,403.26593
2025-06-21 15:36:18+07:00,28.00000,76.80000,47.10000,57.90000,0.51915,403.34866
2025-06-21 15:37:08+07:00,28.00000,76.80000,46.60000,59.30000,0.51136,403.62912
2025-06-21 15:38:01+07:00,28.10000,76.70000,46.70000,62.70000,0.51291,403.41885
2025-06-21 15:38:54+07:00,28.10000,76.40000,44.50000,58.20000,0.53980,403.43304
2025-06-21 15:39:43+07:00,28.20000,76.20000,43.90000,57.80000,0.54792,403.32782
2025-06-21 15:40:33+07:00,28.20000,76.00000,44.60000,57.30000,0.54629,403.43304
2025-06-21 15:41:22+07:00,28.10000,76.00000,46.40000,62.70000,0.50215,403.43304
2025-06-21 15:42:12+07:00,28.10000,76.10000,49.00000,66.70000,0.53980,403.33475
2025-06-21 15:43:01+07:00,28.10000,76.30000,50.40000,64.70000,0.54466,403.30710
2025-06-21 15:43:50+07:00,28.10000,76.30000,50.70000,67.10000,0.50521,403.44012
2025-06-21 15:44:43+07:00,28.20000,76.30000,48.50000,63.00000,0.54304,403.51187
2025-06-21 15:45:33+07:00,28.10000,76.20000,47.90000,57.20000,0.48707,403.29333
2025-06-21 15:46:23+07:00,28.00000,76.40000,47.80000,57.20000,0.50215,403.27277
2025-06-21 15:47:12+07:00,27.90000,76.60000,47.60000,59.60000,0.50368,403.43304
2025-06-21 15:48:02+07:00,27.80000,76.80000,47.30000,57.40000,0.53658,403.37659
2025-06-21 15:48:51+07:00,27.80000,77.00000,49.30000,58.20000,0.50982,403.36261
2025-06-21 15:49:42+07:00,27.80000,77.10000,50.10000,62.00000,0.51136,403.48303
2025-06-21 15:50:31+07:00,27.70000,77.30000,53.20000,66.70000,0.56609,403.51910
2025-06-21 15:51:20+07:00,27.70000,77.60000,53.60000,68.80000,0.55119,403.57745
2025-06-21 15:52:10+07:00,27.80000,77.80000,54.90000,68.70000,0.52702,403.36960
2025-06-21 15:53:00+07:00,27.70000,78.00000,54.10000,67.00000,0.54466,403.43304
2025-06-21 15:53:52+07:00,27.70000,78.20000,54.20000,66.40000,0.55612,403.35562
2025-06-21 15:54:42+07:00,27.80000,78.20000,55.20000,69.00000,0.54466,403.32089
2025-06-21 15:55:36+07:00,27.80000,77.90000,57.30000,70.70000,0.54142,403.41885
2025-06-21 15:56:25+07:00,27.80000,78.00000,60.30000,78.90000,0.51291,403.30020
2025-06-21 15:57:15+07:00,27.80000,78.10000,60.30000,76.00000,0.52860,403.31400
2025-06-21 15:58:04+07:00,27.80000,78.20000,57.40000,73.40000,0.53658,403.36261
2025-06-21 15:58:58+07:00,27.80000,78.10000,57.30000,69.50000,0.53338,403.44727
2025-06-21 15:59:49+07:00,27.90000,77.90000,55.20000,66.90000,0.54304,403.35562
2025-06-21 16:00:39+07:00,27.90000,77.70000,54.90000,68.00000,0.52544,403.38361
2025-06-21 16:01:29+07:00,28.00000,77.60000,56.50000,68.30000,0.53819,403.50464
2025-06-21 16:02:20+07:00,28.00000,77.60000,57.60000,67.80000,0.52702,403.47586
2025-06-21 16:03:13+07:00,28.00000,77.40000,58.30000,72.30000,0.54142,403.41885
2025-06-21 16:04:04+07:00,28.00000,77.30000,59.50000,71.70000,0.51758,403.36261
2025-06-21 16:04:54+07:00,28.00000,77.40000,63.60000,76.00000,0.53980,403.59952
2025-06-21 16:05:43+07:00,28.00000,77.40000,63.20000,74.90000,0.46512,403.48303
2025-06-21 16:06:33+07:00,27.90000,77.70000,61.20000,72.20000,0.52860,403.47586
2025-06-21 16:07:22+07:00,27.80000,77.80000,65.30000,75.50000,0.46512,403.46869
2025-06-21 16:08:15+07:00,27.70000,78.00000,68.20000,79.40000,0.54142,403.45438
2025-06-21 16:09:05+07:00,27.70000,78.30000,64.20000,74.10000,0.50828,403.48303
2025-06-21 16:09:54+07:00,27.70000,78.20000,70.80000,79.80000,0.49156,403.40472
2025-06-21 16:10:48+07:00,27.80000,78.10000,77.70000,90.40000,0.50521,403.46152
2025-06-21 16:11:37+07:00,27.80000,78.10000,73.40000,83.00000,0.53658,403.39062
2025-06-21 16:12:28+07:00,27.80000,78.20000,79.80000,89.60000,0.51915,403.44727
2025-06-21 16:13:18+07:00,27.70000,78.20000,82.80000,93.10000,0.47381,403.49023
2025-06-21 16:14:07+07:00,27.70000,78.30000,68.50000,78.00000,0.46944,403.44727
2025-06-21 16:14:57+07:00,27.70000,78.20000,65.40000,77.80000,0.51602,403.49023
2025-06-21 16:15:47+07:00,27.80000,78.00000,59.80000,71.80000,0.52228,403.46152
2025-06-21 16:16:36+07:00,27.90000,77.80000,58.60000,72.50000,0.52544,403.40472
2025-06-21 16:17:26+07:00,28.00000,77.60000,59.00000,72.60000,0.50982,403.51910
2025-06-21 16:18:15+07:00,27.90000,77.30000,58.50000,68.00000,0.51602,403.62912
2025-06-21 16:19:04+07:00,27.80000,77.80000,60.10000,76.40000,0.47381,403.51910
2025-06-21 16:19:54+07:00,27.70000,77.90000,62.50000,74.40000,0.52228,403.45438
2025-06-21 16:20:45+07:00,27.70000,78.00000,60.80000,74.10000,0.53338,403.49023
2025-06-21 16:21:34+07:00,27.70000,78.00000,58.70000,74.00000,0.55447,403.53363
2025-06-21 16:22:26+07:00,27.70000,78.00000,57.90000,74.50000,0.50828,403.55548
2025-06-21 16:23:25+07:00,27.70000,78.90000,54.80000,78.90000,0.52228,403.33475
2025-06-21 16:24:17+07:00,27.50000,81.00000,47.10000,63.00000,0.53338,403.48303
2025-06-21 16:25:06+07:00,27.30000,80.90000,42.50000,57.50000,0.51291,403.36261
2025-06-21 16:25:56+07:00,27.10000,82.40000,41.20000,57.90000,0.49457,403.22519
2025-06-21 16:26:46+07:00,27.10000,82.70000,42.70000,58.00000,0.51291,403.34171
2025-06-21 16:27:36+07:00,27.20000,82.90000,43.50000,58.20000,0.50674,403.32089
2025-06-21 16:28:26+07:00,27.10000,83.00000,51.70000,71.10000,0.49759,403.20499
2025-06-21 16:29:15+07:00,27.10000,83.40000,52.60000,67.90000,0.49910,403.74188
2025-06-21 16:30:05+07:00,27.20000,82.90000,53.10000,68.10000,0.56777,403.88092
2025-06-21 16:30:54+07:00,27.30000,83.50000,59.40000,76.20000,0.53658,403.74188
2025-06-21 16:31:44+07:00,27.30000,83.80000,61.00000,75.20000,0.52860,403.86526
2025-06-21 16:32:34+07:00,27.40000,83.30000,56.40000,69.90000,0.63802,403.64401
2025-06-21 16:33:23+07:00,27.50000,82.40000,59.10000,75.00000,0.56777,403.78778
2025-06-21 16:34:13+07:00,27.60000,82.10000,64.50000,84.10000,0.56276,403.81860
2025-06-21 16:35:02+07:00,27.50000,81.70000,67.60000,85.70000,0.57961,403.54819
2025-06-21 16:35:52+07:00,27.50000,83.80000,69.20000,93.10000,0.57451,403.67389
2025-06-21 16:36:41+07:00,27.50000,84.10000,68.90000,89.80000,0.56276,403.43304
2025-06-21 16:37:31+07:00,27.40000,85.30000,71.70000,92.10000,0.54142,403.46869
2025-06-21 16:38:20+07:00,27.30000,85.50000,65.40000,86.60000,0.53178,403.48303
2025-06-21 16:39:12+07:00,27.30000,85.20000,68.30000,84.30000,0.55612,403.48303
2025-06-21 16:40:03+07:00,27.30000,85.20000,67.20000,85.00000,0.56945,403.51910
2025-06-21 16:40:52+07:00,27.30000,84.60000,68.70000,88.90000,0.52228,403.48303
2025-06-21 16:41:42+07:00,27.20000,85.70000,65.30000,83.80000,0.55612,403.34866
2025-06-21 16:42:32+07:00,27.20000,84.90000,69.60000,92.60000,0.57113,403.48303
2025-06-21 16:43:22+07:00,27.20000,85.50000,68.90000,91.40000,0.56276,403.49023
2025-06-21 16:44:12+07:00,27.20000,84.80000,67.10000,87.20000,0.55119,403.31400
2025-06-21 16:45:01+07:00,27.20000,85.10000,69.40000,88.20000,0.53819,403.48303
2025-06-21 16:45:50+07:00,27.20000,85.00000,67.70000,85.40000,0.50982,403.41177
2025-06-21 16:46:40+07:00,27.20000,84.40000,68.40000,86.50000,0.52860,403.49023
2025-06-21 16:47:29+07:00,27.20000,84.30000,67.60000,85.30000,0.55283,403.39767
2025-06-21 16:48:19+07:00,27.10000,84.60000,68.20000,86.30000,0.52386,403.41885
2025-06-21 16:49:12+07:00,27.20000,84.40000,69.20000,84.00000,0.55447,403.32089
2025-06-21 16:50:03+07:00,27.20000,84.60000,74.80000,94.50000,0.54466,403.37659
2025-06-21 16:51:49+07:00,27.20000,85.70000,74.50000,93.30000,0.55612,403.42593
2025-06-21 16:52:38+07:00,27.20000,85.20000,70.40000,89.80000,0.54629,403.42593
2025-06-21 16:53:29+07:00,27.20000,85.20000,65.80000,85.80000,0.55283,403.41885
2025-06-21 16:54:19+07:00,27.20000,85.50000,71.30000,93.10000,0.55447,403.41177
2025-06-21 16:55:09+07:00,27.20000,85.90000,72.40000,90.70000,0.59164,403.54819
2025-06-21 16:55:58+07:00,27.10000,85.60000,70.10000,90.00000,0.55447,403.53363
2025-06-21 16:56:48+07:00,27.10000,85.10000,69.30000,89.30000,0.50982,403.50464
2025-06-21 16:57:38+07:00,27.10000,85.80000,69.10000,86.90000,0.51602,403.48303
2025-06-21 16:58:28+07:00,27.00000,86.40000,65.90000,84.10000,0.55283,403.57745
2025-06-21 16:59:19+07:00,27.00000,85.90000,67.90000,87.60000,0.56945,403.59952
2025-06-21 17:00:08+07:00,27.00000,87.10000,68.60000,88.80000,0.55943,403.45438
2025-06-21 17:00:58+07:00,27.00000,86.90000,70.00000,89.90000,0.56109,403.57010
2025-06-21 17:01:48+07:00,26.90000,87.90000,68.10000,84.00000,0.51915,403.52637
2025-06-21 17:02:37+07:00,27.00000,87.20000,67.00000,82.70000,0.56777,403.51187
2025-06-21 17:03:27+07:00,27.10000,86.90000,60.30000,74.50000,0.53658,403.45438
2025-06-21 17:04:17+07:00,27.10000,86.60000,84.80000,107.40000,0.54466,403.56277
2025-06-21 17:05:07+07:00,26.90000,86.50000,94.60000,110.50000,0.53819,403.44012
2025-06-21 17:05:56+07:00,26.90000,86.90000,111.80000,133.70000,0.52228,403.41177
2025-06-21 17:06:46+07:00,26.80000,87.00000,113.30000,140.00000,0.53980,403.49023
2025-06-21 17:07:36+07:00,26.80000,87.20000,103.60000,124.00000,0.55612,403.52637
2025-06-21 17:08:25+07:00,26.70000,87.00000,87.00000,108.50000,0.57961,403.43304
2025-06-21 17:09:15+07:00,26.70000,87.40000,77.30000,93.30000,0.54466,403.42593
2025-06-21 17:10:04+07:00,26.80000,87.30000,71.50000,87.20000,0.54955,403.59213
2025-06-21 17:10:59+07:00,26.80000,87.10000,70.90000,87.90000,0.53980,403.38361
2025-06-21 17:11:48+07:00,26.80000,87.50000,75.30000,91.00000,0.55943,403.46152
2025-06-21 17:12:38+07:00,26.80000,87.70000,75.50000,90.80000,0.54955,403.38361
2025-06-21 17:13:27+07:00,26.80000,87.30000,77.50000,95.70000,0.56109,403.51187
2025-06-21 17:14:17+07:00,26.70000,87.30000,77.50000,93.60000,0.55119,403.34866
2025-06-21 17:15:07+07:00,26.70000,88.10000,74.50000,91.90000,0.57791,403.47586
2025-06-21 17:15:57+07:00,26.90000,86.80000,72.50000,90.50000,0.57451,403.55548
2025-06-21 17:16:46+07:00,27.00000,86.90000,75.50000,91.50000,0.54466,403.53363
2025-06-21 17:17:35+07:00,26.90000,86.90000,72.50000,87.60000,0.56109,403.43304
2025-06-21 17:18:25+07:00,26.80000,86.60000,69.00000,83.30000,0.52386,403.51187
2025-06-21 17:19:14+07:00,26.80000,86.50000,67.80000,84.40000,0.56276,403.41885
2025-06-21 17:20:03+07:00,26.80000,86.80000,68.60000,82.10000,0.54792,403.43304
2025-06-21 17:20:53+07:00,26.80000,86.70000,68.10000,83.20000,0.53980,403.46152
2025-06-21 17:21:42+07:00,26.80000,86.70000,69.40000,80.50000,0.52702,403.46869
2025-06-21 17:22:32+07:00,26.90000,86.30000,68.50000,82.00000,0.53658,403.33475
2025-06-21 17:23:21+07:00,27.00000,85.70000,70.70000,84.40000,0.55119,403.44012
2025-06-21 17:24:11+07:00,27.10000,85.70000,71.20000,82.40000,0.53178,403.46152
2025-06-21 17:25:00+07:00,27.10000,85.10000,69.10000,83.00000,0.54142,403.60690
2025-06-21 17:25:50+07:00,27.10000,84.70000,71.00000,87.40000,0.51136,403.48303
2025-06-21 17:26:40+07:00,27.10000,85.30000,72.20000,86.00000,0.53658,403.63657
2025-06-21 17:27:29+07:00,27.00000,86.20000,71.00000,87.40000,0.57791,403.68890
2025-06-21 17:28:20+07:00,27.00000,87.00000,73.80000,87.60000,0.56609,403.61429
2025-06-21 17:29:10+07:00,27.00000,86.10000,69.30000,82.30000,0.56276,403.81860
2025-06-21 17:29:59+07:00,27.10000,86.40000,71.60000,86.50000,0.60386,403.87308
2025-06-21 17:30:48+07:00,27.10000,86.00000,70.70000,82.90000,0.58991,403.81860
2025-06-21 17:31:38+07:00,27.10000,86.30000,72.10000,86.10000,0.57621,403.80316
2025-06-21 17:32:28+07:00,27.10000,86.40000,71.20000,88.40000,0.58991,403.76477
2025-06-21 17:33:18+07:00,27.00000,86.40000,72.40000,87.50000,0.58991,403.59213
2025-06-21 17:34:07+07:00,27.00000,86.10000,74.40000,88.30000,0.57621,403.74188
2025-06-21 17:34:57+07:00,27.00000,86.10000,71.10000,83.30000,0.58131,403.71912
2025-06-21 17:35:46+07:00,27.00000,86.30000,69.90000,86.30000,0.55943,403.71912
2025-06-21 17:36:36+07:00,26.90000,86.00000,69.60000,84.30000,0.57451,403.62170
2025-06-21 17:37:25+07:00,26.80000,86.70000,71.20000,84.10000,0.56442,403.63657
2025-06-21 17:38:15+07:00,26.80000,86.60000,76.60000,89.80000,0.58474,403.61429
2025-06-21 17:39:05+07:00,26.80000,86.40000,78.10000,91.30000,0.57621,403.49023
2025-06-21 17:39:54+07:00,26.80000,86.50000,83.40000,95.90000,0.53338,403.57745
2025-06-21 17:40:44+07:00,26.80000,87.00000,82.80000,98.30000,0.59337,403.64401
2025-06-21 17:41:33+07:00,26.80000,86.60000,93.30000,114.00000,0.56442,403.81860
2025-06-21 17:42:23+07:00,26.80000,86.30000,102.20000,123.90000,0.56777,403.76477
2025-06-21 17:43:12+07:00,26.70000,86.30000,102.30000,121.10000,0.56609,403.97589
2025-06-21 17:44:01+07:00,26.70000,86.60000,87.70000,102.30000,0.53498,403.79547
2025-06-21 17:44:51+07:00,26.80000,86.20000,88.90000,105.40000,0.58302,403.78778
2025-06-21 17:45:42+07:00,26.80000,86.30000,89.40000,105.80000,0.53819,403.81088
2025-06-21 17:46:33+07:00,26.80000,87.00000,77.80000,95.80000,0.58302,403.79547
2025-06-21 17:47:22+07:00,26.70000,85.40000,73.20000,94.60000,0.59164,403.73428
2025-06-21 17:48:11+07:00,26.80000,84.40000,76.80000,94.30000,0.63986,403.66641
2025-06-21 17:49:01+07:00,26.70000,85.10000,77.10000,92.80000,0.59164,403.59952
2025-06-21 17:49:50+07:00,26.70000,85.50000,83.70000,97.90000,0.54304,403.74951
2025-06-21 17:50:41+07:00,26.70000,85.50000,87.30000,103.40000,0.59860,403.49023
2025-06-21 17:51:32+07:00,26.80000,85.20000,86.10000,101.00000,0.54142,403.44012
2025-06-21 17:52:25+07:00,26.80000,85.20000,82.50000,98.30000,0.58646,403.65146
2025-06-21 17:53:14+07:00,26.80000,85.60000,81.10000,98.50000,0.54792,403.65894
2025-06-21 17:54:08+07:00,26.70000,85.60000,79.60000,97.60000,0.58302,403.54819
2025-06-21 17:54:57+07:00,26.80000,85.60000,75.50000,94.70000,0.60035,403.59213
2025-06-21 17:55:47+07:00,26.90000,85.10000,74.40000,95.90000,0.57961,403.81860
2025-06-21 17:56:40+07:00,26.90000,84.70000,70.10000,88.50000,0.55612,403.67389
2025-06-21 17:57:29+07:00,27.00000,84.20000,70.60000,84.20000,0.58646,403.68890
2025-06-21 17:58:19+07:00,27.00000,84.10000,68.70000,88.90000,0.57791,403.66641
2025-06-21 17:59:12+07:00,26.90000,83.60000,70.10000,89.20000,0.56609,403.68140
2025-06-21 18:00:02+07:00,26.90000,83.30000,70.30000,88.60000,0.57961,403.63657
2025-06-21 18:00:55+07:00,26.80000,83.70000,69.30000,87.40000,0.54629,403.34171
2025-06-21 18:01:49+07:00,26.80000,84.70000,72.80000,90.70000,0.56945,403.44012
2025-06-21 18:02:38+07:00,26.80000,85.00000,73.40000,91.30000,0.57791,403.46869
2025-06-21 18:03:27+07:00,26.80000,85.00000,78.40000,97.10000,0.59164,403.39767
2025-06-21 18:04:17+07:00,26.90000,85.00000,75.40000,93.90000,0.55612,403.65146
2025-06-21 18:05:07+07:00,26.90000,85.10000,74.20000,93.40000,0.57961,403.59952
2025-06-21 18:05:57+07:00,26.90000,85.10000,72.00000,92.20000,0.57961,403.61429
2025-06-21 18:06:47+07:00,26.90000,84.70000,74.60000,96.40000,0.55612,403.73428
2025-06-21 18:07:36+07:00,26.90000,84.50000,70.50000,89.50000,0.57961,403.70398
2025-06-21 18:08:27+07:00,26.90000,84.60000,72.50000,90.80000,0.54629,403.67389
2025-06-21 18:09:16+07:00,26.90000,84.60000,76.00000,95.40000,0.59511,403.59952
2025-06-21 18:10:09+07:00,26.90000,84.90000,78.20000,98.20000,0.59337,403.63657
2025-06-21 18:10:58+07:00,26.90000,85.10000,75.50000,94.80000,0.56945,403.81860
2025-06-21 18:11:48+07:00,26.80000,85.30000,77.20000,100.60000,0.57113,403.66641
2025-06-21 18:12:40+07:00,26.80000,85.70000,78.80000,97.20000,0.58474,403.76477
2025-06-21 18:13:30+07:00,26.70000,85.50000,73.60000,95.30000,0.58474,403.82635
2025-06-21 18:14:20+07:00,26.80000,85.50000,77.20000,99.60000,0.60386,403.64401
2025-06-21 18:15:09+07:00,26.80000,84.90000,77.10000,94.30000,0.58131,403.74188
2025-06-21 18:15:58+07:00,26.90000,85.00000,78.70000,98.20000,0.53658,403.67389
2025-06-21 18:16:48+07:00,26.80000,85.50000,79.80000,102.40000,0.58991,403.74188
2025-06-21 18:17:39+07:00,26.80000,85.40000,81.60000,102.20000,0.57961,403.76477
2025-06-21 18:18:29+07:00,26.90000,86.10000,80.60000,106.60000,0.56109,403.87308
2025-06-21 18:19:19+07:00,26.80000,85.90000,82.80000,104.40000,0.58991,403.84967
2025-06-21 18:20:09+07:00,26.70000,86.30000,80.40000,100.30000,0.59860,403.66641
2025-06-21 18:20:58+07:00,26.70000,85.70000,80.10000,102.70000,0.55612,403.74951
2025-06-21 18:21:48+07:00,26.80000,85.70000,82.00000,103.80000,0.60386,403.76477
2025-06-21 18:22:37+07:00,26.70000,85.80000,79.00000,99.40000,0.55612,403.84189
2025-06-21 18:23:27+07:00,26.70000,85.80000,82.90000,100.90000,0.63253,403.71912
2025-06-21 18:24:16+07:00,26.70000,86.00000,82.00000,101.00000,0.58302,404.04022
2025-06-21 18:25:06+07:00,26.60000,86.20000,79.30000,102.20000,0.63802,403.84189
2025-06-21 18:25:55+07:00,26.70000,85.60000,77.60000,96.10000,0.58991,403.81088
2025-06-21 18:26:44+07:00,26.70000,85.20000,77.20000,92.00000,0.59511,403.75714
2025-06-21 18:27:34+07:00,26.70000,85.20000,76.00000,95.20000,0.58646,403.57010
2025-06-21 18:28:23+07:00,26.70000,85.20000,76.60000,96.20000,0.58991,403.65146
2025-06-21 18:29:12+07:00,26.70000,85.20000,76.50000,96.50000,0.56442,403.70398
2025-06-21 18:30:02+07:00,26.70000,85.40000,78.70000,101.20000,0.58818,403.62170
2025-06-21 18:30:51+07:00,26.60000,86.00000,77.60000,95.70000,0.55119,403.62170
2025-06-21 18:31:41+07:00,26.60000,86.20000,79.30000,100.50000,0.56945,403.68140
2025-06-21 18:32:31+07:00,26.60000,86.60000,78.50000,96.60000,0.57961,403.64401
2025-06-21 18:33:21+07:00,26.60000,86.90000,81.30000,101.20000,0.58474,403.70398
2025-06-21 18:34:10+07:00,26.50000,87.00000,80.00000,98.90000,0.58131,403.50464
2025-06-21 18:35:00+07:00,26.50000,86.90000,79.60000,95.40000,0.58131,403.65894
2025-06-21 18:35:50+07:00,26.50000,86.50000,77.10000,93.90000,0.57961,403.68890
2025-06-21 18:36:40+07:00,26.50000,86.70000,76.70000,95.30000,0.58646,403.59213
2025-06-21 18:37:29+07:00,26.50000,87.00000,81.50000,102.30000,0.53498,403.73428
2025-06-21 18:38:19+07:00,26.50000,87.30000,79.60000,95.40000,0.54466,403.59952
2025-06-21 18:39:08+07:00,26.50000,87.30000,81.30000,98.10000,0.59164,403.62912
2025-06-21 18:39:58+07:00,26.40000,87.20000,79.80000,98.00000,0.55119,403.54819
2025-06-21 18:40:47+07:00,26.50000,87.30000,80.30000,97.10000,0.57451,403.62912
2025-06-21 18:41:37+07:00,26.50000,87.10000,80.90000,100.70000,0.58131,403.58478
2025-06-21 18:42:26+07:00,26.50000,86.60000,76.10000,93.60000,0.54629,403.58478
2025-06-21 18:43:18+07:00,26.50000,86.60000,81.10000,95.70000,0.55447,403.34866
2025-06-21 18:44:10+07:00,26.50000,87.30000,79.90000,95.90000,0.57621,403.54089
2025-06-21 18:45:00+07:00,26.50000,87.00000,76.00000,94.20000,0.56609,403.60690
2025-06-21 18:45:51+07:00,26.50000,87.30000,77.60000,97.30000,0.55447,403.71912
2025-06-21 18:46:44+07:00,26.50000,87.20000,78.90000,96.30000,0.56777,403.69644
2025-06-21 18:47:34+07:00,26.50000,86.70000,76.60000,93.90000,0.56945,403.71912
2025-06-21 18:48:24+07:00,26.60000,86.50000,77.20000,98.20000,0.55447,403.57745
2025-06-21 18:49:13+07:00,26.70000,85.80000,78.40000,94.10000,0.53019,403.62912
2025-06-21 18:50:03+07:00,26.70000,85.70000,77.60000,96.50000,0.58302,403.55548
2025-06-21 18:50:52+07:00,26.70000,86.00000,80.80000,96.80000,0.56609,403.49023
2025-06-21 18:51:43+07:00,26.60000,86.40000,78.10000,97.60000,0.54792,403.59952
2025-06-21 18:52:32+07:00,26.50000,86.60000,77.90000,95.60000,0.56109,403.65894
2025-06-21 18:53:22+07:00,26.50000,86.70000,80.60000,100.80000,0.57621,403.67389
2025-06-21 18:54:13+07:00,26.50000,86.30000,76.00000,97.20000,0.51915,403.62912
2025-06-21 18:55:03+07:00,26.50000,86.00000,79.00000,98.90000,0.57451,403.89661
2025-06-21 18:55:59+07:00,26.60000,85.60000,74.90000,96.50000,0.58302,403.81088
2025-06-21 18:56:49+07:00,26.60000,85.50000,73.30000,91.50000,0.59685,403.91235
2025-06-21 18:57:38+07:00,26.60000,85.10000,77.30000,94.00000,0.59337,403.73428
2025-06-21 18:58:28+07:00,26.70000,85.90000,83.50000,107.50000,0.58646,403.62912
2025-06-21 18:59:17+07:00,26.60000,86.00000,96.20000,139.30000,0.57961,403.78778
2025-06-21 19:00:07+07:00,26.70000,85.80000,97.10000,137.70000,0.58646,403.68890
2025-06-21 19:00:56+07:00,26.80000,86.00000,100.30000,143.39999,0.57113,404.03214
2025-06-21 19:01:46+07:00,26.90000,86.40000,101.60000,144.70000,0.57113,404.14658
2025-06-21 19:02:37+07:00,26.90000,86.10000,97.10000,136.30000,0.57621,404.08087
2025-06-21 19:03:26+07:00,26.80000,86.60000,98.30000,146.89999,0.63253,403.88092
2025-06-21 19:04:16+07:00,26.80000,86.40000,84.40000,117.20000,0.63253,403.91235
2025-06-21 19:05:05+07:00,26.80000,86.40000,83.20000,114.60000,0.57621,403.99188
2025-06-21 19:05:55+07:00,26.90000,86.20000,75.10000,99.90000,0.65847,403.92026
2025-06-21 19:06:44+07:00,26.90000,86.00000,73.00000,96.20000,0.61093,403.91235
2025-06-21 19:07:34+07:00,26.90000,85.50000,75.20000,99.50000,0.62346,403.75714
2025-06-21 19:08:23+07:00,26.90000,85.90000,74.50000,95.60000,0.66604,403.88873
2025-06-21 19:09:13+07:00,26.90000,85.40000,74.10000,96.90000,0.58131,403.77243
2025-06-21 19:10:03+07:00,26.70000,85.60000,73.20000,96.20000,0.59860,403.84189
2025-06-21 19:10:52+07:00,26.70000,85.90000,71.80000,92.70000,0.61093,403.68890
2025-06-21 19:11:42+07:00,26.70000,86.10000,70.40000,87.60000,0.56276,403.78009
2025-06-21 19:12:31+07:00,26.70000,86.20000,72.20000,92.10000,0.60915,403.87308
2025-06-21 19:13:20+07:00,26.70000,86.00000,71.80000,93.00000,0.60210,403.72668
2025-06-21 19:14:10+07:00,26.70000,86.00000,68.60000,85.20000,0.56945,403.84189
2025-06-21 19:14:59+07:00,26.80000,85.70000,69.50000,88.20000,0.62346,403.86526
2025-06-21 19:15:49+07:00,26.80000,85.90000,70.40000,86.20000,0.60386,403.88873
2025-06-21 19:16:40+07:00,26.80000,85.70000,69.70000,86.90000,0.57621,403.88092
2025-06-21 19:17:30+07:00,26.70000,85.40000,68.20000,86.10000,0.61271,403.98389
2025-06-21 19:18:19+07:00,26.70000,85.70000,71.20000,94.20000,0.60562,403.89661
2025-06-21 19:19:19+07:00,26.70000,85.60000,70.40000,88.30000,0.58131,403.83411
2025-06-21 19:20:08+07:00,26.70000,85.60000,68.20000,86.90000,0.56442,403.90448
2025-06-21 19:20:58+07:00,26.80000,85.70000,70.70000,91.70000,0.57621,403.84967
2025-06-21 19:21:47+07:00,26.80000,85.60000,70.70000,88.60000,0.58646,403.92816
2025-06-21 19:22:36+07:00,26.80000,85.60000,72.80000,88.50000,0.60210,403.92816
2025-06-21 19:23:27+07:00,26.80000,85.70000,73.20000,93.30000,0.63071,403.95197
2025-06-21 19:24:18+07:00,26.80000,85.70000,72.70000,89.80000,0.59860,403.95197
2025-06-21 19:25:07+07:00,26.80000,85.30000,75.10000,94.20000,0.61806,403.77243
2025-06-21 19:26:50+07:00,26.80000,85.10000,76.40000,95.10000,0.61627,403.81860
2025-06-21 19:27:40+07:00,26.80000,85.10000,79.80000,98.20000,0.62346,403.92026
2025-06-21 19:28:31+07:00,26.80000,85.10000,79.20000,95.60000,0.58646,403.91235
2025-06-21 19:29:23+07:00,26.80000,85.00000,83.10000,102.80000,0.61449,404.06458
2025-06-21 19:30:12+07:00,26.70000,85.20000,81.90000,101.60000,0.61986,403.95993
2025-06-21 19:31:03+07:00,26.70000,85.60000,81.00000,100.70000,0.59164,404.08087
2025-06-21 19:31:55+07:00,26.70000,85.60000,80.00000,104.90000,0.62707,403.94400
2025-06-21 19:32:45+07:00,26.70000,85.70000,82.70000,106.70000,0.63253,404.02405
2025-06-21 19:33:35+07:00,26.80000,85.40000,84.90000,103.60000,0.61986,404.08905
2025-06-21 19:34:24+07:00,26.80000,85.60000,90.80000,114.80000,0.65098,403.87308
2025-06-21 19:35:14+07:00,26.80000,85.80000,102.20000,131.30000,0.61093,403.95993
2025-06-21 19:36:03+07:00,26.80000,85.80000,107.40000,137.80000,0.61449,403.82635
2025-06-21 19:36:53+07:00,26.80000,86.10000,104.90000,133.89999,0.62166,403.95993
2025-06-21 19:37:42+07:00,26.80000,86.10000,104.90000,134.39999,0.64170,404.01599
2025-06-21 19:38:32+07:00,26.80000,86.10000,108.70000,138.89999,0.62346,404.02405
2025-06-21 19:39:21+07:00,26.80000,86.00000,108.30000,138.89999,0.65659,404.17145
2025-06-21 19:40:10+07:00,26.80000,86.00000,106.90000,139.10001,0.58818,404.24677
2025-06-21 19:41:00+07:00,26.80000,86.00000,106.60000,139.10001,0.64911,404.05646
2025-06-21 19:41:49+07:00,26.70000,86.00000,104.60000,140.39999,0.64355,404.17978
2025-06-21 19:42:39+07:00,26.70000,86.10000,107.70000,143.39999,0.63435,404.16315
2025-06-21 19:43:29+07:00,26.60000,86.50000,103.50000,135.00000,0.63253,404.02405
2025-06-21 19:44:19+07:00,26.60000,86.40000,111.20000,141.50000,0.63071,404.17978
2025-06-21 19:45:08+07:00,26.70000,86.10000,104.10000,134.70000,0.61806,404.11362
2025-06-21 19:45:58+07:00,26.70000,85.80000,102.50000,135.10001,0.65285,404.06458
2025-06-21 19:46:47+07:00,26.70000,85.90000,99.70000,131.89999,0.65098,404.20480
2025-06-21 19:47:36+07:00,26.60000,86.30000,101.40000,135.70000,0.61806,404.17145
2025-06-21 19:48:26+07:00,26.60000,86.30000,100.90000,130.39999,0.60915,404.22153
2025-06-21 19:49:15+07:00,26.70000,85.80000,101.30000,132.10001,0.64540,404.15485
2025-06-21 19:50:05+07:00,26.60000,86.00000,101.50000,132.50000,0.67176,404.16315
2025-06-21 19:50:54+07:00,26.70000,85.80000,103.20000,133.70000,0.65659,404.09723
2025-06-21 19:51:44+07:00,26.60000,85.60000,106.00000,139.20000,0.66036,404.24677
2025-06-21 19:52:33+07:00,26.70000,85.60000,104.70000,134.89999,0.71486,404.40939
2025-06-21 19:53:23+07:00,26.70000,85.40000,103.10000,134.50000,0.65285,404.32318
2025-06-21 19:54:13+07:00,26.70000,85.50000,103.30000,136.30000,0.70092,404.23834
2025-06-21 19:55:03+07:00,26.70000,85.80000,104.80000,132.10001,0.67367,404.22153
2025-06-21 19:55:53+07:00,26.60000,85.90000,102.40000,137.00000,0.63986,404.22992
2025-06-21 19:56:42+07:00,26.60000,85.90000,100.40000,133.89999,0.66414,404.35748
2025-06-21 19:57:32+07:00,26.50000,86.10000,104.50000,142.50000,0.63802,404.17978
2025-06-21 19:58:21+07:00,26.50000,86.10000,99.90000,136.00000,0.67944,404.24677
2025-06-21 19:59:11+07:00,26.50000,86.00000,99.10000,132.70000,0.65847,404.30609
2025-06-21 20:00:00+07:00,26.50000,86.10000,99.20000,130.10001,0.66985,404.13007
2025-06-21 20:00:50+07:00,26.50000,86.30000,102.30000,131.10001,0.63435,404.18808
2025-06-21 20:01:39+07:00,26.40000,86.50000,101.30000,133.20000,0.64726,404.21317
2025-06-21 20:02:28+07:00,26.40000,86.80000,103.90000,138.00000,0.65472,404.19644
2025-06-21 20:03:18+07:00,26.30000,87.00000,103.60000,137.10001,0.61986,404.07272
2025-06-21 20:04:08+07:00,26.30000,87.30000,104.30000,134.00000,0.63253,404.20480
2025-06-21 20:04:58+07:00,26.30000,87.50000,102.20000,134.80000,0.66036,404.08087
2025-06-21 20:05:47+07:00,26.30000,87.40000,102.30000,136.20000,0.61986,404.09723
2025-06-21 20:06:37+07:00,26.30000,87.10000,100.90000,136.10001,0.64355,403.90448
2025-06-21 20:07:26+07:00,26.30000,87.30000,105.10000,137.50000,0.60386,404.06458
2025-06-21 20:08:15+07:00,26.30000,87.50000,104.20000,135.30000,0.60210,404.07272
2025-06-21 20:09:05+07:00,26.30000,87.50000,102.60000,139.70000,0.64540,404.21317
2025-06-21 20:09:55+07:00,26.40000,87.10000,100.90000,131.30000,0.63986,404.26364
2025-06-21 20:10:44+07:00,26.40000,86.80000,103.90000,132.60001,0.63253,404.02405
2025-06-21 20:11:34+07:00,26.40000,86.60000,101.00000,131.20000,0.65098,404.16315
2025-06-21 20:12:23+07:00,26.50000,86.20000,104.60000,135.39999,0.64911,404.10541
2025-06-21 20:13:12+07:00,26.50000,86.10000,100.80000,132.39999,0.65098,403.96790
2025-06-21 20:14:02+07:00,26.50000,85.70000,102.90000,133.39999,0.63435,404.17145
2025-06-21 20:14:52+07:00,26.60000,85.70000,104.00000,129.70000,0.62889,404.13834
2025-06-21 20:15:41+07:00,26.60000,85.70000,102.30000,135.89999,0.64726,404.13007
2025-06-21 20:16:33+07:00,26.60000,85.80000,101.10000,133.10001,0.59164,404.26364
2025-06-21 20:17:22+07:00,26.60000,85.70000,97.10000,126.90000,0.64726,404.08087
2025-06-21 20:18:11+07:00,26.60000,85.70000,102.70000,130.30000,0.61986,403.94400
2025-06-21 20:19:04+07:00,26.60000,85.70000,98.90000,125.00000,0.61806,404.17145
2025-06-21 20:19:53+07:00,26.60000,85.70000,96.90000,124.50000,0.61806,404.08905
2025-06-21 20:20:45+07:00,26.60000,85.40000,94.90000,123.30000,0.63619,403.89661
2025-06-21 20:21:35+07:00,26.60000,85.70000,99.70000,130.89999,0.61093,404.00793
2025-06-21 20:22:25+07:00,26.50000,85.90000,96.10000,125.10000,0.60562,404.02405
2025-06-21 20:23:14+07:00,26.50000,86.10000,94.40000,122.40000,0.60562,403.88873
2025-06-21 20:24:04+07:00,26.50000,86.20000,94.60000,120.20000,0.63802,404.09723
2025-06-21 20:24:56+07:00,26.40000,86.40000,94.60000,119.80000,0.62889,404.04022
2025-06-21 20:25:45+07:00,26.40000,86.50000,96.20000,123.60000,0.60386,404.28058
2025-06-21 20:27:39+07:00,26.30000,87.00000,100.00000,126.10000,0.63802,404.33173
2025-06-21 20:28:33+07:00,26.30000,86.90000,98.40000,129.00000,0.67559,404.29758
2025-06-21 20:29:33+07:00,26.30000,87.00000,97.90000,126.50000,0.68330,404.40070
2025-06-21 20:30:26+07:00,26.30000,87.40000,97.50000,124.40000,0.65472,404.25519
2025-06-21 20:31:26+07:00,26.30000,87.70000,97.30000,123.50000,0.66036,404.31464
2025-06-21 20:32:18+07:00,26.30000,87.50000,99.40000,123.90000,0.68137,404.34891
2025-06-21 20:33:10+07:00,26.40000,86.80000,101.70000,126.50000,0.63986,404.08905
2025-06-21 20:34:00+07:00,26.50000,86.20000,98.90000,129.60001,0.60738,404.10541
2025-06-21 20:34:53+07:00,26.40000,86.40000,99.60000,131.50000,0.67751,404.01599
2025-06-21 20:35:47+07:00,26.40000,86.60000,99.80000,128.10001,0.69697,404.13007
2025-06-21 20:36:36+07:00,26.50000,86.40000,104.50000,130.70000,0.63435,404.02405
2025-06-21 20:37:26+07:00,26.40000,86.40000,98.60000,127.90000,0.62526,404.17978
2025-06-21 20:38:16+07:00,26.40000,86.30000,99.30000,129.20000,0.63253,404.10541
2025-06-21 20:39:06+07:00,26.40000,86.40000,101.40000,132.30000,0.60035,404.15485
2025-06-21 20:39:55+07:00,26.30000,86.70000,102.60000,133.80000,0.64726,404.10541
2025-06-21 20:40:44+07:00,26.30000,86.70000,92.70000,122.40000,0.62889,403.95197
2025-06-21 20:41:34+07:00,26.30000,86.80000,99.70000,129.89999,0.60915,404.04022
2025-06-21 20:42:23+07:00,26.20000,87.00000,99.40000,128.30000,0.63071,403.99991
2025-06-21 20:43:13+07:00,26.20000,87.20000,100.70000,125.80000,0.59511,403.99188
2025-06-21 20:44:04+07:00,26.10000,87.30000,102.50000,130.30000,0.61806,404.03214
2025-06-21 20:44:56+07:00,26.20000,86.90000,100.10000,125.20000,0.63986,404.00793
2025-06-21 20:45:46+07:00,26.20000,87.30000,108.90000,137.50000,0.59337,404.06458
2025-06-21 20:46:35+07:00,26.20000,87.60000,108.30000,140.39999,0.61806,403.92816
2025-06-21 20:47:25+07:00,26.20000,87.80000,103.40000,132.30000,0.60210,404.07272
2025-06-21 20:48:14+07:00,26.20000,87.90000,106.10000,139.30000,0.56109,404.06458
2025-06-21 20:49:04+07:00,26.20000,87.80000,110.80000,137.70000,0.63802,404.12186
2025-06-21 20:49:53+07:00,26.20000,87.70000,118.70000,151.50000,0.63071,404.06458
2025-06-21 20:50:43+07:00,26.30000,87.70000,108.90000,140.10001,0.63071,404.14658
2025-06-21 20:51:33+07:00,26.30000,87.60000,123.30000,155.20000,0.62889,404.17978
2025-06-21 20:52:22+07:00,26.30000,87.60000,112.70000,142.60001,0.61271,403.94400
2025-06-21 20:53:11+07:00,26.20000,87.70000,145.20000,183.60001,0.60738,404.15485
2025-06-21 20:54:01+07:00,26.30000,87.60000,137.50000,174.10001,0.64726,404.21317
2025-06-21 20:54:50+07:00,26.40000,87.20000,129.70000,171.89999,0.64911,404.09723
2025-06-21 20:55:40+07:00,26.40000,87.00000,123.40000,164.39999,0.60738,404.09723
2025-06-21 20:56:30+07:00,26.40000,86.90000,121.00000,158.30000,0.62166,404.28909
2025-06-21 20:57:19+07:00,26.40000,87.10000,114.90000,150.50000,0.63435,404.22153
2025-06-21 20:58:08+07:00,26.40000,87.10000,114.10000,150.89999,0.65659,404.10541
2025-06-21 20:58:58+07:00,26.40000,87.10000,113.40000,150.39999,0.63986,404.19644
2025-06-21 20:59:47+07:00,26.50000,87.00000,113.00000,147.00000,0.67559,404.17978
2025-06-21 21:00:37+07:00,26.50000,87.00000,120.40000,159.30000,0.65472,404.05646
2025-06-21 21:01:26+07:00,26.50000,86.80000,122.50000,156.20000,0.70488,404.13007
2025-06-21 21:02:15+07:00,26.50000,86.80000,119.50000,158.60001,0.59860,404.15485
2025-06-21 21:03:05+07:00,26.50000,86.70000,123.40000,161.20000,0.62889,404.19644
2025-06-21 21:03:54+07:00,26.50000,86.60000,123.90000,162.60001,0.62166,404.01599
2025-06-21 21:04:44+07:00,26.40000,86.80000,120.80000,163.50000,0.62889,404.34030
2025-06-21 21:05:33+07:00,26.40000,87.00000,122.80000,160.30000,0.62707,404.16315
2025-06-21 21:06:23+07:00,26.40000,87.00000,124.30000,166.00000,0.64726,404.08905
2025-06-21 21:07:12+07:00,26.40000,87.10000,122.10000,156.10001,0.59511,403.87308
2025-06-21 21:08:01+07:00,26.40000,87.30000,126.60000,167.50000,0.63253,404.34030
2025-06-21 21:08:51+07:00,26.40000,87.30000,126.50000,164.70000,0.64911,404.40070
2025-06-21 21:09:40+07:00,26.30000,87.40000,129.20000,168.30000,0.64726,404.17145
2025-06-21 21:10:30+07:00,26.30000,87.40000,133.10001,172.30000,0.61627,404.39203
2025-06-21 21:11:19+07:00,26.30000,87.60000,130.60001,170.70000,0.64540,404.35748
2025-06-21 21:12:09+07:00,26.30000,87.50000,127.30000,162.89999,0.63071,404.28058
2025-06-21 21:12:59+07:00,26.30000,87.50000,131.20000,168.20000,0.64726,403.86526
2025-06-21 21:13:48+07:00,26.40000,87.40000,128.00000,163.80000,0.65659,404.24677
2025-06-21 21:14:37+07:00,26.40000,87.60000,130.20000,166.60001,0.68330,404.28909
2025-06-21 21:15:27+07:00,26.30000,87.50000,129.70000,170.30000,0.63986,404.32318
2025-06-21 21:16:16+07:00,26.30000,87.60000,122.80000,159.50000,0.64540,404.23834
2025-06-21 21:17:06+07:00,26.40000,87.30000,125.20000,161.00000,0.63071,404.28909
2025-06-21 21:17:55+07:00,26.40000,87.30000,121.90000,162.70000,0.66794,404.19644
2025-06-21 21:18:45+07:00,26.40000,87.10000,121.50000,166.70000,0.63435,404.31464
2025-06-21 21:19:34+07:00,26.40000,87.20000,118.00000,154.39999,0.68137,404.32318
2025-06-21 21:20:23+07:00,26.40000,86.90000,118.60000,157.80000,0.64726,404.16315
2025-06-21 21:21:13+07:00,26.40000,87.00000,118.40000,150.70000,0.61806,404.25519
2025-06-21 21:22:02+07:00,26.40000,87.20000,119.40000,157.60001,0.61271,404.07272
2025-06-21 21:22:52+07:00,26.40000,87.00000,115.60000,151.30000,0.64540,404.17145
2025-06-21 21:23:41+07:00,26.30000,86.90000,112.50000,147.10001,0.64540,404.04834
2025-06-21 21:24:31+07:00,26.30000,87.00000,115.50000,148.50000,0.65098,404.22153
2025-06-21 21:25:20+07:00,26.40000,86.90000,113.10000,148.30000,0.59685,404.11362
2025-06-21 21:26:09+07:00,26.30000,87.10000,111.40000,142.80000,0.60915,404.08905
2025-06-21 21:26:59+07:00,26.30000,87.40000,110.40000,141.00000,0.64355,404.00793
2025-06-21 21:27:48+07:00,26.20000,87.40000,105.90000,137.20000,0.63802,404.02405
2025-06-21 21:28:37+07:00,26.30000,87.40000,107.60000,140.39999,0.58991,404.08905
2025-06-21 21:29:27+07:00,26.20000,87.40000,109.50000,141.60001,0.61271,404.12186
2025-06-21 21:30:16+07:00,26.20000,87.30000,104.30000,131.89999,0.63253,403.94400
2025-06-21 21:31:06+07:00,26.10000,87.60000,101.40000,127.60000,0.61986,404.05646
2025-06-21 21:31:55+07:00,26.10000,87.60000,107.50000,137.89999,0.59511,404.08087
2025-06-21 21:32:45+07:00,26.10000,87.70000,101.80000,128.80000,0.59685,404.00793
2025-06-21 21:33:34+07:00,26.10000,87.50000,99.90000,128.39999,0.60386,404.03214
2025-06-21 21:34:23+07:00,26.10000,87.50000,102.70000,129.70000,0.63071,403.88092
2025-06-21 21:35:13+07:00,26.10000,87.60000,103.30000,134.39999,0.59860,403.96790
2025-06-21 21:36:02+07:00,26.10000,87.40000,98.20000,122.50000,0.60738,403.90448
2025-06-21 21:36:52+07:00,26.20000,87.00000,97.90000,125.10000,0.60915,403.95197
2025-06-21 21:37:44+07:00,26.20000,87.00000,99.40000,126.70000,0.66225,403.92026
2025-06-21 21:38:34+07:00,26.20000,86.80000,103.80000,131.50000,0.60915,403.91235
2025-06-21 21:39:23+07:00,26.30000,86.70000,102.80000,126.60000,0.60210,403.94400
2025-06-21 21:40:12+07:00,26.30000,86.30000,101.90000,129.20000,0.65659,403.77243
2025-06-21 21:41:02+07:00,26.30000,86.50000,100.40000,131.70000,0.58131,403.86526
2025-06-21 21:41:51+07:00,26.20000,86.70000,101.50000,130.10001,0.59860,403.71912
2025-06-21 21:42:40+07:00,26.20000,86.80000,98.60000,128.10001,0.57113,403.92816
2025-06-21 21:43:30+07:00,26.20000,87.00000,98.90000,128.39999,0.61627,403.90448
2025-06-21 21:44:19+07:00,26.10000,87.00000,105.10000,131.70000,0.58474,403.89661
2025-06-21 21:45:09+07:00,26.10000,87.10000,101.50000,131.80000,0.61093,403.83411
2025-06-21 21:45:58+07:00,26.20000,87.00000,102.80000,133.10001,0.61449,403.93607
2025-06-21 21:46:47+07:00,26.20000,86.90000,101.80000,130.60001,0.58131,403.95993
2025-06-21 21:47:37+07:00,26.20000,86.60000,105.20000,134.10001,0.58991,403.77243
2025-06-21 21:48:26+07:00,26.20000,86.60000,106.40000,134.10001,0.60738,403.80316
2025-06-21 21:49:16+07:00,26.20000,86.60000,109.70000,138.80000,0.58991,404.04834
2025-06-21 21:50:05+07:00,26.30000,86.10000,113.10000,145.50000,0.57961,403.78778
2025-06-21 21:50:55+07:00,26.30000,86.00000,109.30000,140.89999,0.58646,403.84189
2025-06-21 21:51:44+07:00,26.20000,86.20000,108.40000,137.70000,0.57621,403.81860
2025-06-21 21:52:33+07:00,26.30000,86.30000,106.40000,142.70000,0.61271,403.84967
2025-06-21 21:53:28+07:00,26.30000,86.30000,111.50000,141.89999,0.57961,404.04834
2025-06-21 21:54:18+07:00,26.30000,86.30000,113.50000,143.50000,0.58474,403.93607
2025-06-21 21:55:07+07:00,26.20000,86.50000,108.20000,141.70000,0.58131,403.73428
2025-06-21 21:55:57+07:00,26.30000,86.50000,108.60000,135.80000,0.56945,403.84189
2025-06-21 21:56:46+07:00,26.30000,86.60000,112.10000,143.30000,0.58474,404.02405
2025-06-21 21:57:35+07:00,26.30000,86.60000,108.80000,140.20000,0.59511,403.89661
2025-06-21 21:58:25+07:00,26.30000,86.60000,114.70000,145.20000,0.59164,403.93607
2025-06-21 21:59:14+07:00,26.30000,86.60000,112.20000,144.39999,0.61986,404.07272
2025-06-21 22:00:05+07:00,26.40000,86.10000,113.40000,147.00000,0.59685,404.08905
2025-06-21 22:00:54+07:00,26.40000,86.20000,116.00000,153.10001,0.57282,404.01599
2025-06-21 22:01:43+07:00,26.40000,86.20000,113.00000,146.00000,0.59860,404.04022
2025-06-21 22:02:33+07:00,26.40000,86.30000,114.20000,148.10001,0.59860,403.86526
2025-06-21 22:03:25+07:00,26.40000,86.40000,117.70000,151.39999,0.58818,404.13007
2025-06-21 22:04:14+07:00,26.40000,86.30000,118.50000,152.00000,0.58131,403.90448
2025-06-21 22:05:04+07:00,26.40000,86.20000,117.30000,152.30000,0.60035,404.10541
2025-06-21 22:05:53+07:00,26.40000,86.20000,116.60000,155.00000,0.57961,403.84189
2025-06-21 22:06:43+07:00,26.40000,86.40000,119.50000,155.80000,0.60915,403.94400
2025-06-21 22:07:32+07:00,26.40000,86.60000,120.50000,156.50000,0.59337,403.88092
2025-06-21 22:08:22+07:00,26.40000,86.50000,117.60000,155.39999,0.59860,404.04022
2025-06-21 22:09:12+07:00,26.30000,86.50000,123.00000,162.10001,0.60210,404.12186
2025-06-21 22:10:55+07:00,26.40000,86.70000,122.40000,153.60001,0.62526,403.98389
2025-06-21 22:11:49+07:00,26.40000,86.80000,121.90000,153.80000,0.60035,404.04022
2025-06-21 22:12:39+07:00,26.30000,87.00000,115.80000,149.20000,0.58991,404.09723
2025-06-21 22:13:28+07:00,26.30000,87.00000,119.40000,152.60001,0.62526,403.94400
2025-06-21 22:14:17+07:00,26.30000,87.10000,117.90000,152.80000,0.60738,404.01599
2025-06-21 22:15:09+07:00,26.30000,87.00000,124.00000,161.20000,0.59164,404.06458
2025-06-21 22:16:01+07:00,26.30000,87.20000,131.30000,170.60001,0.59685,404.01599
2025-06-21 22:16:51+07:00,26.30000,87.30000,131.70000,173.30000,0.62346,404.01599
2025-06-21 22:17:40+07:00,26.20000,87.40000,131.70000,179.50000,0.60386,404.09723
2025-06-21 22:18:30+07:00,26.30000,87.40000,135.10001,179.80000,0.61449,404.00793
2025-06-21 22:19:19+07:00,26.30000,87.50000,134.80000,184.00000,0.62526,403.97589
2025-06-21 22:20:08+07:00,26.30000,87.20000,131.70000,180.10001,0.61986,404.08905
2025-06-21 22:20:58+07:00,26.30000,86.90000,136.39999,188.30000,0.59164,404.04834
2025-06-21 22:21:48+07:00,26.30000,87.30000,138.89999,187.20000,0.58302,404.24677
2025-06-21 22:22:38+07:00,26.30000,87.40000,144.39999,199.20000,0.60386,403.99188
2025-06-21 22:23:28+07:00,26.20000,87.40000,140.30000,193.30000,0.59337,404.08905
2025-06-21 22:24:17+07:00,26.30000,87.20000,140.80000,198.20000,0.60562,404.10541
2025-06-21 22:25:06+07:00,26.30000,87.20000,138.80000,193.00000,0.60386,404.25519
2025-06-21 22:25:56+07:00,26.30000,87.20000,137.10001,184.00000,0.61449,404.06458
2025-06-21 22:26:47+07:00,26.30000,87.20000,137.39999,184.30000,0.66036,404.15485
2025-06-21 22:27:41+07:00,26.30000,87.30000,137.00000,185.60001,0.61449,404.02405
2025-06-21 22:28:31+07:00,26.20000,87.20000,144.70000,190.10001,0.62889,404.04834
2025-06-21 22:29:20+07:00,26.30000,87.30000,140.50000,189.89999,0.61449,404.36612
2025-06-21 22:30:10+07:00,26.30000,87.30000,137.39999,185.20000,0.62707,404.08087
2025-06-21 22:30:59+07:00,26.30000,87.50000,137.10001,188.60001,0.61806,404.06458
2025-06-21 22:31:49+07:00,26.30000,87.30000,136.00000,189.20000,0.63253,404.13834
2025-06-21 22:32:38+07:00,26.30000,87.30000,140.10001,194.10001,0.60562,404.21317
2025-06-21 22:33:30+07:00,26.30000,87.60000,140.39999,196.70000,0.61093,403.92026
2025-06-21 22:34:19+07:00,26.20000,87.70000,138.50000,188.60001,0.62707,404.08087
2025-06-21 22:35:09+07:00,26.20000,87.70000,141.50000,193.89999,0.60562,404.13007
2025-06-21 22:35:58+07:00,26.20000,87.70000,141.50000,194.50000,0.61627,404.39203
2025-06-21 22:36:48+07:00,26.20000,87.80000,139.89999,195.60001,0.60562,404.07272
2025-06-21 22:37:37+07:00,26.10000,88.10000,136.10001,190.39999,0.64355,404.10541
2025-06-21 22:38:26+07:00,26.20000,87.80000,142.00000,195.70000,0.63071,404.13007
2025-06-21 22:39:16+07:00,26.20000,87.90000,138.60001,192.10001,0.66036,404.16315
2025-06-21 22:40:05+07:00,26.10000,88.00000,137.60001,198.20000,0.61806,404.27213
2025-06-21 22:40:55+07:00,26.10000,88.10000,128.00000,182.20000,0.60915,404.24677
2025-06-21 22:41:44+07:00,26.20000,88.00000,132.00000,185.10001,0.60915,404.28058
2025-06-21 22:42:34+07:00,26.20000,87.80000,132.89999,180.00000,0.60386,404.14658
2025-06-21 22:43:23+07:00,26.20000,87.80000,128.10001,181.60001,0.61271,404.17145
2025-06-21 22:44:12+07:00,26.10000,87.70000,123.60000,167.50000,0.64540,403.99991
2025-06-21 22:45:02+07:00,26.10000,87.90000,122.70000,167.89999,0.60386,404.00793
2025-06-21 22:45:51+07:00,26.10000,87.90000,122.20000,168.00000,0.65285,404.10541
2025-06-21 22:46:41+07:00,26.10000,87.70000,116.10000,154.10001,0.62889,404.10541
2025-06-21 22:47:30+07:00,26.10000,87.90000,114.60000,153.50000,0.60386,403.98389
2025-06-21 22:48:22+07:00,26.00000,88.10000,115.00000,154.10001,0.63802,403.92816
2025-06-21 22:49:11+07:00,26.00000,88.20000,116.30000,150.89999,0.60035,403.84967
2025-06-21 22:50:00+07:00,26.00000,88.30000,111.80000,149.10001,0.56945,403.88092
2025-06-21 22:50:50+07:00,26.00000,87.90000,120.00000,158.70000,0.62166,403.88873
2025-06-21 22:51:39+07:00,26.10000,88.00000,116.70000,152.00000,0.58818,403.93607
2025-06-21 22:52:29+07:00,26.00000,88.00000,109.70000,141.20000,0.60035,403.94400
2025-06-21 22:53:18+07:00,26.00000,87.80000,115.10000,153.50000,0.59337,404.05646
2025-06-21 22:54:11+07:00,26.00000,88.40000,115.70000,148.00000,0.59337,403.82635
2025-06-21 22:55:01+07:00,26.00000,88.20000,112.50000,145.60001,0.59511,403.92026
2025-06-21 22:55:53+07:00,26.00000,88.30000,114.90000,154.39999,0.60562,403.78778
2025-06-21 22:56:42+07:00,26.00000,88.00000,114.20000,150.39999,0.58646,403.82635
2025-06-21 22:57:32+07:00,26.00000,88.10000,115.10000,155.50000,0.55777,403.93607
2025-06-21 22:58:21+07:00,26.00000,88.10000,115.40000,149.80000,0.58991,403.78009
2025-06-21 22:59:14+07:00,26.00000,88.00000,113.30000,152.70000,0.56945,403.86526
2025-06-21 23:00:07+07:00,26.00000,88.00000,116.00000,152.30000,0.54955,403.88092
2025-06-21 23:01:01+07:00,26.00000,87.70000,114.20000,152.30000,0.57961,403.86526
2025-06-21 23:01:54+07:00,26.00000,88.00000,117.40000,157.89999,0.55119,403.74188
2025-06-21 23:02:50+07:00,26.10000,87.80000,121.90000,162.80000,0.58646,403.82635
2025-06-21 23:03:39+07:00,26.10000,87.60000,122.80000,159.70000,0.57961,403.87308
2025-06-21 23:04:29+07:00,26.10000,87.60000,124.70000,164.20000,0.56276,403.76477
2025-06-21 23:05:18+07:00,26.10000,87.70000,120.60000,158.20000,0.58131,403.78778
2025-06-21 23:06:08+07:00,26.00000,88.00000,120.80000,158.39999,0.57282,403.87308
2025-06-21 23:06:58+07:00,26.00000,88.30000,119.80000,159.80000,0.56945,403.82635
2025-06-21 23:07:47+07:00,25.90000,88.60000,116.10000,151.10001,0.58302,403.88092
2025-06-21 23:08:39+07:00,25.90000,88.70000,125.40000,162.80000,0.57113,403.70398
2025-06-21 23:09:29+07:00,25.90000,89.10000,120.20000,155.20000,0.57621,403.96790
2025-06-21 23:10:21+07:00,25.90000,89.00000,117.70000,154.10001,0.56609,403.78009
2025-06-21 23:11:11+07:00,25.90000,89.10000,120.90000,156.70000,0.56442,403.75714
2025-06-21 23:12:00+07:00,25.90000,88.80000,124.20000,162.89999,0.57282,403.89661
2025-06-21 23:12:53+07:00,26.00000,88.30000,122.00000,158.80000,0.59337,403.84189
2025-06-21 23:13:42+07:00,26.10000,88.40000,122.50000,162.50000,0.54304,403.82635
2025-06-21 23:14:32+07:00,26.10000,88.10000,120.10000,158.20000,0.55612,403.74951
2025-06-21 23:15:21+07:00,26.10000,87.80000,118.50000,157.39999,0.57113,403.88873
2025-06-21 23:16:11+07:00,26.10000,87.70000,120.20000,159.80000,0.58302,403.81860
2025-06-21 23:17:04+07:00,26.00000,87.90000,121.50000,156.80000,0.59860,403.87308
2025-06-21 23:17:53+07:00,26.10000,87.70000,119.50000,161.20000,0.56777,403.78009
2025-06-21 23:18:45+07:00,26.10000,87.80000,121.50000,159.50000,0.57791,403.93607
2025-06-21 23:19:46+07:00,26.10000,87.60000,119.90000,159.20000,0.56109,403.84189
2025-06-21 23:20:38+07:00,26.10000,87.30000,121.40000,160.39999,0.55612,403.92026
2025-06-21 23:21:31+07:00,26.10000,87.40000,124.20000,165.20000,0.58131,403.84189
2025-06-21 23:22:20+07:00,26.00000,87.80000,124.30000,162.50000,0.55612,403.98389
2025-06-21 23:23:09+07:00,26.00000,88.10000,122.00000,162.30000,0.59337,403.90448
2025-06-21 23:23:59+07:00,26.00000,88.30000,124.30000,169.20000,0.60386,403.79547
2025-06-21 23:24:48+07:00,26.00000,88.60000,130.20000,172.00000,0.57621,403.95993
2025-06-21 23:25:38+07:00,25.90000,88.70000,121.90000,165.20000,0.56276,403.88092
2025-06-21 23:26:27+07:00,25.90000,88.70000,124.90000,167.70000,0.55612,403.77243
2025-06-21 23:27:17+07:00,25.90000,88.70000,124.00000,168.20000,0.61271,403.88092
2025-06-21 23:28:06+07:00,25.90000,88.70000,122.10000,162.60001,0.55119,403.84189
2025-06-21 23:28:56+07:00,25.80000,88.60000,119.70000,155.89999,0.57621,403.84189
2025-06-21 23:29:45+07:00,25.80000,88.40000,112.50000,148.30000,0.58474,403.80316
2025-06-21 23:30:35+07:00,25.90000,87.90000,108.90000,146.89999,0.58131,403.86526
2025-06-21 23:32:20+07:00,26.00000,87.30000,119.00000,148.70000,0.54955,403.80316
2025-06-21 23:33:09+07:00,26.00000,87.20000,109.30000,142.70000,0.58991,403.67389
2025-06-21 23:33:59+07:00,25.90000,87.20000,106.10000,137.60001,0.57961,403.85745
2025-06-21 23:34:48+07:00,25.90000,87.10000,107.40000,134.39999,0.54955,403.78009
2025-06-21 23:35:38+07:00,25.90000,86.90000,104.20000,136.00000,0.50982,403.76477
2025-06-21 23:36:27+07:00,25.90000,86.80000,109.00000,138.10001,0.55612,403.68890
2025-06-21 23:37:17+07:00,25.90000,86.90000,109.80000,138.60001,0.57961,403.72668
2025-06-21 23:38:06+07:00,25.80000,87.20000,101.70000,129.10001,0.53980,403.74951
2025-06-21 23:38:55+07:00,25.90000,87.00000,102.80000,133.39999,0.55943,403.92026
2025-06-21 23:39:45+07:00,25.80000,87.20000,106.70000,132.30000,0.54629,403.66641
2025-06-21 23:40:34+07:00,25.70000,87.20000,99.50000,125.50000,0.49910,403.62170
2025-06-21 23:41:24+07:00,25.70000,87.30000,99.80000,124.20000,0.52386,403.70398
2025-06-21 23:42:13+07:00,25.80000,87.40000,100.00000,124.60000,0.54955,403.64401
2025-06-21 23:43:02+07:00,25.80000,87.30000,105.40000,131.30000,0.53338,403.65894
2025-06-21 23:43:52+07:00,25.80000,87.50000,102.80000,128.00000,0.54955,403.62912
2025-06-21 23:44:41+07:00,25.80000,87.60000,96.80000,124.80000,0.54142,403.67389
2025-06-21 23:45:31+07:00,25.80000,87.40000,94.90000,119.00000,0.54142,403.61429
2025-06-21 23:46:20+07:00,25.80000,87.20000,98.90000,128.50000,0.54629,403.74951
2025-06-21 23:47:10+07:00,25.80000,87.60000,98.20000,127.90000,0.55943,403.57010
2025-06-21 23:47:59+07:00,25.80000,87.50000,100.20000,126.60000,0.56276,403.57745
2025-06-21 23:48:49+07:00,25.80000,87.30000,93.40000,121.00000,0.55943,403.71912
2025-06-21 23:49:38+07:00,25.80000,87.20000,97.70000,126.00000,0.56609,403.60690
2025-06-21 23:50:27+07:00,25.80000,86.80000,94.20000,117.60000,0.55777,403.66641
2025-06-21 23:51:20+07:00,25.80000,86.80000,92.40000,123.90000,0.56276,403.64401
2025-06-21 23:52:09+07:00,25.80000,86.70000,92.80000,116.30000,0.51136,403.70398
2025-06-21 23:52:59+07:00,25.80000,86.90000,93.00000,118.50000,0.51136,403.68890
2025-06-21 23:53:48+07:00,25.80000,86.90000,95.50000,118.70000,0.58131,403.65894
2025-06-21 23:54:38+07:00,25.80000,86.80000,106.90000,142.30000,0.50521,403.57010
2025-06-21 23:55:27+07:00,25.90000,86.70000,99.10000,131.60001,0.55943,403.70398
2025-06-21 23:56:17+07:00,26.00000,86.60000,103.10000,135.70000,0.52228,403.68140
2025-06-21 23:57:11+07:00,26.00000,86.50000,103.60000,135.60001,0.51291,403.65894
2025-06-21 23:58:03+07:00,26.00000,86.30000,94.10000,124.90000,0.51136,403.71155
2025-06-21 23:58:53+07:00,26.00000,86.20000,94.80000,122.20000,0.54142,403.68140
2025-06-21 23:59:42+07:00,26.00000,86.00000,99.00000,129.60001,0.54466,403.50464
2025-06-22 00:00:32+07:00,26.00000,86.10000,98.10000,122.00000,0.54629,403.57745
2025-06-22 00:01:22+07:00,26.00000,86.00000,94.00000,116.80000,0.54304,403.45438
2025-06-22 00:02:11+07:00,26.00000,86.00000,94.30000,123.00000,0.53178,403.54089
2025-06-22 00:03:01+07:00,26.00000,85.90000,95.40000,118.60000,0.54792,403.58478
2025-06-22 00:03:50+07:00,26.00000,85.60000,96.50000,122.50000,0.52860,403.57745
2025-06-22 00:04:40+07:00,25.90000,85.70000,93.20000,120.20000,0.54792,403.46869
2025-06-22 00:05:29+07:00,25.90000,85.80000,93.00000,119.80000,0.55612,403.52637
2025-06-22 00:06:19+07:00,25.90000,86.00000,95.20000,120.00000,0.52544,403.71155
2025-06-22 00:07:09+07:00,25.90000,86.10000,96.60000,119.90000,0.51447,403.51187
2025-06-22 00:07:58+07:00,25.90000,86.60000,92.40000,116.30000,0.55447,403.61429
2025-06-22 00:08:47+07:00,25.90000,86.50000,97.80000,128.10001,0.51136,403.64401
2025-06-22 00:09:37+07:00,25.80000,86.80000,96.50000,124.10000,0.53338,403.64401
2025-06-22 00:10:26+07:00,25.90000,86.80000,100.30000,134.30000,0.50674,403.51910
2025-06-22 00:11:16+07:00,25.80000,86.90000,99.40000,126.50000,0.52702,403.56277
2025-06-22 00:12:05+07:00,25.80000,86.80000,101.40000,129.00000,0.51602,403.57010
2025-06-22 00:12:54+07:00,25.80000,86.80000,100.50000,127.60000,0.50521,403.47586
2025-06-22 00:13:44+07:00,25.80000,86.70000,95.90000,124.50000,0.54629,403.54089
2025-06-22 00:14:33+07:00,25.80000,87.20000,100.00000,127.10000,0.55447,403.65894
2025-06-22 00:15:23+07:00,25.80000,86.90000,101.20000,125.90000,0.54466,403.67389
2025-06-22 00:16:12+07:00,25.80000,87.00000,96.80000,125.70000,0.53980,403.70398
2025-06-22 00:17:02+07:00,25.80000,86.70000,98.30000,121.80000,0.53498,403.61429
2025-06-22 00:17:54+07:00,25.80000,87.00000,100.90000,130.30000,0.51447,403.57745
2025-06-22 00:18:43+07:00,25.80000,87.20000,102.40000,131.20000,0.52860,403.56277
2025-06-22 00:19:33+07:00,25.80000,86.90000,97.50000,123.60000,0.50674,403.68140
2025-06-22 00:20:23+07:00,25.70000,87.20000,99.30000,126.10000,0.52071,403.65894
2025-06-22 00:21:12+07:00,25.80000,87.50000,102.40000,128.00000,0.54142,403.65894
2025-06-22 00:22:02+07:00,25.80000,87.40000,102.90000,131.00000,0.49910,403.68890
2025-06-22 00:22:52+07:00,25.80000,87.40000,101.90000,130.00000,0.51291,403.67389
2025-06-22 00:23:46+07:00,25.90000,87.30000,100.50000,128.60001,0.54466,403.63657
2025-06-22 00:24:37+07:00,25.90000,87.30000,101.40000,127.50000,0.50062,403.64401
2025-06-22 00:25:29+07:00,25.90000,87.30000,105.40000,135.39999,0.51758,403.58478
2025-06-22 00:26:19+07:00,25.90000,87.60000,107.30000,139.50000,0.53498,403.60690
2025-06-22 00:27:08+07:00,25.90000,87.60000,103.80000,133.00000,0.55119,403.64401
2025-06-22 00:27:58+07:00,26.00000,87.60000,103.60000,131.50000,0.52386,403.68890
2025-06-22 00:28:47+07:00,25.90000,87.50000,104.10000,135.50000,0.52071,403.59952
2025-06-22 00:29:37+07:00,25.90000,87.70000,104.90000,129.39999,0.49910,403.64401
2025-06-22 00:30:26+07:00,25.90000,87.60000,103.00000,130.00000,0.54304,403.63657
2025-06-22 00:31:16+07:00,25.90000,87.50000,100.60000,127.80000,0.53019,403.57745
2025-06-22 00:32:08+07:00,25.90000,87.40000,102.80000,130.00000,0.51602,403.68140
2025-06-22 00:32:58+07:00,25.90000,87.50000,99.80000,127.70000,0.52702,403.64401
2025-06-22 00:33:48+07:00,25.90000,87.60000,97.70000,125.00000,0.48856,403.70398
2025-06-22 00:34:37+07:00,25.80000,87.80000,101.70000,132.00000,0.54629,403.60690
2025-06-22 00:35:27+07:00,25.90000,87.80000,103.20000,132.30000,0.53980,403.57010
2025-06-22 00:39:02+07:00,25.80000,88.00000,101.30000,128.30000,0.53980,403.59213
2025-06-22 00:39:52+07:00,25.90000,88.20000,104.30000,131.39999,0.51291,403.59213
2025-06-22 00:40:41+07:00,25.80000,88.20000,115.60000,149.89999,0.52860,403.62912
2025-06-22 00:41:31+07:00,25.80000,88.00000,115.10000,148.10001,0.53498,403.63657
2025-06-22 00:42:20+07:00,25.80000,88.50000,112.70000,145.50000,0.53338,403.62170
2025-06-22 00:43:10+07:00,25.90000,88.40000,115.30000,151.60001,0.54955,403.68140
2025-06-22 00:43:59+07:00,25.90000,88.30000,111.30000,142.70000,0.51447,403.69644
2025-06-22 00:44:48+07:00,25.80000,88.40000,112.10000,148.50000,0.54955,403.69644
2025-06-22 00:45:38+07:00,25.80000,88.40000,113.20000,145.20000,0.55943,403.63657
2025-06-22 00:46:27+07:00,25.80000,88.50000,115.60000,152.30000,0.51291,403.70398
2025-06-22 00:47:18+07:00,25.80000,88.60000,113.80000,150.39999,0.54304,403.70398
2025-06-22 00:48:07+07:00,25.80000,88.50000,113.10000,145.60001,0.55777,403.74951
2025-06-22 00:48:56+07:00,25.80000,88.80000,110.80000,142.80000,0.51758,403.70398
2025-06-22 00:49:46+07:00,25.70000,88.90000,114.00000,147.30000,0.53980,403.74951
2025-06-22 00:50:35+07:00,25.70000,88.90000,113.40000,145.10001,0.52386,403.71155
2025-06-22 00:51:25+07:00,25.80000,88.80000,114.30000,147.39999,0.52386,403.68890
2025-06-22 00:52:15+07:00,25.80000,88.60000,110.70000,146.10001,0.55612,403.69644
2025-06-22 00:53:04+07:00,25.80000,88.50000,116.90000,153.10001,0.53819,403.76477
2025-06-22 00:53:54+07:00,25.90000,88.40000,114.00000,148.60001,0.55447,403.78009
2025-06-22 00:54:43+07:00,25.90000,88.60000,115.20000,152.00000,0.55612,403.65894
2025-06-22 00:55:33+07:00,25.90000,88.30000,117.20000,151.30000,0.53980,403.74188
2025-06-22 00:56:23+07:00,25.80000,88.40000,116.20000,151.00000,0.53019,403.68140
2025-06-22 00:57:13+07:00,25.80000,88.40000,116.70000,150.10001,0.55447,403.67389
2025-06-22 00:58:02+07:00,25.80000,88.20000,120.80000,157.39999,0.54304,403.71155
2025-06-22 00:58:52+07:00,25.80000,88.20000,117.00000,150.60001,0.54304,403.72668
2025-06-22 00:59:41+07:00,25.70000,88.50000,122.50000,155.50000,0.55612,403.78009
2025-06-22 01:00:30+07:00,25.70000,88.80000,119.60000,155.70000,0.53498,403.62912
2025-06-22 01:01:20+07:00,25.70000,88.90000,119.30000,159.10001,0.56777,403.62170
2025-06-22 01:02:09+07:00,25.70000,88.60000,121.90000,161.39999,0.53658,403.69644
2025-06-22 01:02:59+07:00,25.70000,88.50000,117.50000,154.20000,0.55119,403.69644
2025-06-22 01:03:48+07:00,25.70000,88.80000,117.90000,155.00000,0.53178,403.56277
2025-06-22 01:04:38+07:00,25.70000,89.20000,119.90000,154.60001,0.56609,403.71155
2025-06-22 01:05:27+07:00,25.60000,89.30000,123.60000,159.70000,0.54142,403.71912
2025-06-22 01:06:17+07:00,25.70000,89.20000,118.50000,153.20000,0.54304,403.72668
2025-06-22 01:07:06+07:00,25.60000,89.30000,115.10000,150.80000,0.51915,403.69644
2025-06-22 01:07:56+07:00,25.60000,89.40000,116.80000,153.00000,0.50521,403.75714
2025-06-22 01:08:45+07:00,25.60000,89.60000,119.80000,155.39999,0.53980,403.75714
2025-06-22 01:09:35+07:00,25.50000,89.90000,118.50000,151.30000,0.56945,403.54089
2025-06-22 01:10:24+07:00,25.60000,89.70000,121.00000,159.39999,0.54955,403.68140
2025-06-22 01:11:14+07:00,25.60000,89.60000,115.70000,151.70000,0.53019,403.70398
2025-06-22 01:12:03+07:00,25.70000,89.40000,120.40000,153.10001,0.53819,403.65894
2025-06-22 01:12:53+07:00,25.80000,88.90000,116.30000,146.80000,0.55447,403.62912
2025-06-22 01:13:42+07:00,25.80000,89.20000,116.60000,155.80000,0.52860,403.70398
2025-06-22 01:14:31+07:00,25.80000,89.10000,117.10000,150.50000,0.53498,403.59952
2025-06-22 01:15:21+07:00,25.80000,89.00000,119.20000,155.70000,0.54466,403.74188
2025-06-22 01:16:10+07:00,25.80000,89.00000,117.70000,158.10001,0.51447,403.60690
2025-06-22 01:17:00+07:00,25.80000,88.80000,121.80000,160.80000,0.54792,403.89661
2025-06-22 01:17:49+07:00,25.90000,88.50000,125.40000,163.89999,0.52386,403.59952
2025-06-22 01:18:38+07:00,25.80000,88.70000,127.90000,170.89999,0.54304,403.92816
2025-06-22 01:19:28+07:00,25.80000,88.80000,126.30000,165.80000,0.52702,403.75714
2025-06-22 01:20:17+07:00,25.70000,89.10000,130.50000,175.10001,0.52860,403.77243
2025-06-22 01:21:09+07:00,25.70000,89.20000,129.80000,173.60001,0.53980,403.77243
2025-06-22 01:21:59+07:00,25.70000,89.40000,133.60001,181.30000,0.55447,403.67389
2025-06-22 01:22:48+07:00,25.60000,89.60000,130.39999,174.10001,0.54629,403.77243
2025-06-22 01:23:40+07:00,25.60000,89.80000,130.10001,171.80000,0.56609,403.68140
2025-06-22 01:24:30+07:00,25.60000,90.20000,134.20000,179.70000,0.52544,403.69644
2025-06-22 01:25:19+07:00,25.50000,90.20000,129.70000,173.80000,0.56442,403.74188
2025-06-22 01:26:08+07:00,25.60000,89.90000,133.00000,179.10001,0.51136,403.58478
2025-06-22 01:26:58+07:00,25.70000,89.70000,128.60001,173.20000,0.55283,403.76477
2025-06-22 01:27:47+07:00,25.70000,89.40000,129.00000,170.70000,0.53658,403.68140
2025-06-22 01:28:36+07:00,25.80000,89.10000,127.50000,171.30000,0.53498,403.78778
2025-06-22 01:29:26+07:00,25.70000,89.20000,129.60001,174.89999,0.52544,403.65894
2025-06-22 01:30:15+07:00,25.70000,89.30000,128.00000,174.80000,0.54304,403.67389
2025-06-22 01:31:05+07:00,25.70000,89.60000,128.30000,174.39999,0.54142,403.78778
2025-06-22 01:31:54+07:00,25.70000,89.50000,128.10001,170.80000,0.53338,403.76477
2025-06-22 01:32:43+07:00,25.70000,89.70000,129.50000,173.10001,0.54629,403.80316
2025-06-22 01:33:33+07:00,25.70000,89.70000,129.89999,172.80000,0.52544,403.71912
2025-06-22 01:34:22+07:00,25.70000,89.70000,135.30000,181.00000,0.53658,403.71155
2025-06-22 01:35:11+07:00,25.80000,89.70000,130.30000,177.70000,0.54955,403.72668
2025-06-22 01:36:01+07:00,25.80000,89.70000,135.00000,176.50000,0.55283,403.70398
2025-06-22 01:36:50+07:00,25.80000,89.80000,133.00000,176.60001,0.59685,403.84189
2025-06-22 01:37:40+07:00,25.80000,89.60000,131.30000,177.50000,0.54792,403.90448
2025-06-22 01:38:29+07:00,25.70000,89.80000,134.00000,177.80000,0.54955,403.78778
2025-06-22 01:39:18+07:00,25.70000,89.90000,132.39999,175.89999,0.57451,403.73428
2025-06-22 01:40:08+07:00,25.70000,89.70000,129.80000,176.70000,0.55612,403.75714
2025-06-22 01:40:57+07:00,25.70000,89.70000,129.70000,171.89999,0.55119,403.81088
2025-06-22 01:41:46+07:00,25.70000,89.60000,128.30000,172.80000,0.55283,403.79547
2025-06-22 01:42:36+07:00,25.70000,89.80000,128.00000,173.20000,0.56609,403.89661
2025-06-22 01:43:25+07:00,25.60000,89.90000,125.60000,168.00000,0.57282,403.66641
2025-06-22 01:44:15+07:00,25.60000,90.10000,127.20000,175.30000,0.54629,403.62912
2025-06-22 01:45:05+07:00,25.60000,89.90000,124.20000,171.70000,0.54629,403.74188
2025-06-22 01:45:55+07:00,25.60000,89.80000,121.90000,166.70000,0.57113,403.72668
2025-06-22 01:46:45+07:00,25.60000,89.40000,122.00000,164.80000,0.53019,403.78778
2025-06-22 01:47:35+07:00,25.60000,89.50000,121.00000,165.39999,0.57282,403.64401
2025-06-22 01:48:27+07:00,25.60000,89.70000,124.90000,168.89999,0.56109,403.92026
2025-06-22 01:49:16+07:00,25.60000,89.70000,126.90000,170.39999,0.56109,403.74188
2025-06-22 01:50:06+07:00,25.70000,89.40000,124.30000,168.10001,0.56442,403.79547
2025-06-22 01:50:58+07:00,25.70000,89.20000,128.39999,171.89999,0.52386,403.67389
2025-06-22 01:51:48+07:00,25.80000,89.10000,127.80000,174.39999,0.57451,403.81860
2025-06-22 01:52:39+07:00,25.80000,89.00000,126.50000,175.70000,0.54142,403.67389
2025-06-22 01:53:29+07:00,25.70000,88.90000,127.80000,176.60001,0.53498,403.81088
2025-06-22 01:54:19+07:00,25.70000,89.10000,133.60001,183.70000,0.53980,403.68890
2025-06-22 01:55:08+07:00,25.60000,89.10000,130.60001,182.70000,0.56777,403.74951
2025-06-22 01:55:59+07:00,25.70000,89.20000,135.20000,188.10001,0.54792,403.74951
2025-06-22 01:56:49+07:00,25.70000,89.10000,134.10001,190.20000,0.55447,403.73428
2025-06-22 01:57:38+07:00,25.60000,89.20000,138.39999,192.30000,0.55777,403.51187
2025-06-22 01:58:32+07:00,25.60000,89.20000,138.10001,193.30000,0.53819,403.62912
2025-06-22 01:59:22+07:00,25.70000,89.20000,138.89999,190.20000,0.56609,403.78778
2025-06-22 02:00:11+07:00,25.70000,89.30000,135.60001,188.20000,0.54304,403.88873
2025-06-22 02:01:01+07:00,25.70000,89.10000,139.30000,196.10001,0.55943,403.59213
2025-06-22 02:01:50+07:00,25.70000,89.20000,138.00000,195.10001,0.58131,404.14658
2025-06-22 02:02:40+07:00,25.70000,89.20000,139.60001,200.20000,0.53819,403.75714
2025-06-22 02:03:29+07:00,25.70000,89.20000,140.10001,199.10001,0.56609,403.77243
2025-06-22 02:04:19+07:00,25.70000,89.30000,136.50000,191.70000,0.52702,403.79547
2025-06-22 02:05:08+07:00,25.70000,89.10000,139.20000,199.80000,0.56109,403.95197
2025-06-22 02:05:58+07:00,25.70000,89.20000,139.80000,199.30000,0.52228,403.74951
2025-06-22 02:06:47+07:00,25.70000,89.10000,138.70000,194.50000,0.54629,403.67389
2025-06-22 02:07:36+07:00,25.60000,89.40000,134.10001,189.00000,0.56945,403.78009
2025-06-22 02:08:26+07:00,25.60000,89.70000,140.60001,195.70000,0.56442,403.70398
2025-06-22 02:09:15+07:00,25.50000,89.80000,132.80000,187.89999,0.55447,403.60690
2025-06-22 02:10:04+07:00,25.60000,89.60000,134.80000,189.00000,0.53498,403.81088
2025-06-22 02:10:54+07:00,25.50000,90.10000,134.89999,190.20000,0.57961,403.78778
2025-06-22 02:11:43+07:00,25.50000,90.40000,140.70000,194.00000,0.53658,403.74951
2025-06-22 02:12:33+07:00,25.40000,90.60000,141.89999,200.60001,0.55283,403.88873
2025-06-22 02:13:22+07:00,25.40000,90.80000,141.80000,203.39999,0.55943,403.74951
2025-06-22 02:14:11+07:00,25.40000,90.70000,137.00000,196.80000,0.56442,403.73428
2025-06-22 02:15:01+07:00,25.40000,90.70000,137.30000,191.20000,0.54955,403.71155
2025-06-22 02:15:51+07:00,25.50000,90.50000,140.30000,204.10001,0.54304,403.71155
2025-06-22 02:16:40+07:00,25.50000,90.20000,142.20000,201.39999,0.51291,403.89661
2025-06-22 02:17:29+07:00,25.60000,90.20000,139.60001,195.39999,0.55447,403.80316
2025-06-22 02:18:19+07:00,25.60000,90.00000,144.20000,207.80000,0.54466,403.51910
2025-06-22 02:19:08+07:00,25.60000,89.80000,142.30000,205.10001,0.57282,403.78009
2025-06-22 02:19:57+07:00,25.60000,89.80000,144.00000,209.39999,0.57621,403.69644
2025-06-22 02:20:47+07:00,25.60000,89.90000,149.89999,216.70000,0.56442,403.75714
2025-06-22 02:21:36+07:00,25.60000,89.90000,146.60001,209.10001,0.55612,403.69644
2025-06-22 02:22:26+07:00,25.60000,90.00000,149.60001,213.30000,0.57621,403.83411
2025-06-22 02:23:15+07:00,25.60000,90.10000,149.10001,214.50000,0.55612,403.78009
2025-06-22 02:24:04+07:00,25.50000,90.20000,147.70000,213.80000,0.54466,403.88873
2025-06-22 02:24:54+07:00,25.60000,90.00000,143.10001,204.89999,0.57451,403.59213
2025-06-22 02:25:43+07:00,25.60000,89.70000,141.30000,200.89999,0.56109,403.65146
2025-06-22 02:26:33+07:00,25.60000,89.50000,140.50000,202.50000,0.58131,403.67389
2025-06-22 02:27:22+07:00,25.60000,89.40000,140.80000,203.39999,0.56609,403.70398
2025-06-22 02:28:12+07:00,25.60000,89.60000,137.80000,200.70000,0.55283,403.79547
2025-06-22 02:29:01+07:00,25.50000,89.60000,134.80000,192.80000,0.52702,403.66641
2025-06-22 02:29:50+07:00,25.50000,89.60000,142.60001,204.60001,0.55283,403.71912
2025-06-22 02:30:40+07:00,25.60000,89.50000,141.00000,204.70000,0.53338,403.67389
2025-06-22 02:31:29+07:00,25.50000,89.50000,137.50000,202.50000,0.54304,403.66641
2025-06-22 02:32:19+07:00,25.60000,89.40000,143.50000,213.10001,0.54466,403.71155
2025-06-22 02:33:08+07:00,25.50000,89.70000,142.20000,208.39999,0.51602,403.64401
2025-06-22 02:33:57+07:00,25.40000,89.90000,139.30000,202.00000,0.55612,403.71912
2025-06-22 02:34:47+07:00,25.40000,90.00000,139.70000,204.00000,0.52860,403.77243
2025-06-22 02:35:36+07:00,25.40000,90.10000,138.70000,202.20000,0.55119,403.66641
2025-06-22 02:36:25+07:00,25.50000,89.90000,145.00000,206.50000,0.55943,403.59213
2025-06-22 02:37:15+07:00,25.50000,89.70000,144.30000,207.50000,0.53019,403.74188
2025-06-22 02:38:04+07:00,25.60000,89.50000,142.50000,203.10001,0.52702,403.83411
2025-06-22 02:38:54+07:00,25.60000,89.70000,142.50000,208.00000,0.54629,403.64401
2025-06-22 02:39:43+07:00,25.60000,89.50000,141.50000,202.39999,0.50674,403.63657
2025-06-22 02:40:32+07:00,25.60000,89.40000,139.89999,201.89999,0.52860,403.65146
2025-06-22 02:41:22+07:00,25.60000,89.40000,139.30000,203.50000,0.54792,403.62912
2025-06-22 02:42:11+07:00,25.60000,89.50000,142.10001,201.70000,0.55283,403.67389
2025-06-22 02:43:01+07:00,25.50000,89.60000,137.70000,193.20000,0.57791,403.71912
2025-06-22 02:43:50+07:00,25.60000,89.80000,137.89999,195.60001,0.56109,403.71155
2025-06-22 02:44:39+07:00,25.60000,89.70000,137.89999,195.20000,0.51915,403.62912
2025-06-22 02:45:29+07:00,25.60000,89.70000,133.20000,190.20000,0.55283,403.78009
2025-06-22 02:46:18+07:00,25.60000,89.70000,136.30000,193.50000,0.54304,403.70398
2025-06-22 02:47:08+07:00,25.60000,89.50000,134.30000,193.70000,0.54304,403.68140
2025-06-22 02:47:57+07:00,25.60000,89.50000,136.89999,193.00000,0.53498,403.71155
2025-06-22 02:48:46+07:00,25.60000,89.30000,133.60001,191.00000,0.56777,403.89661
2025-06-22 02:49:36+07:00,25.60000,89.20000,135.39999,189.50000,0.52702,403.71155
2025-06-22 02:50:26+07:00,25.50000,89.30000,132.70000,185.20000,0.55447,403.66641
2025-06-22 02:51:15+07:00,25.60000,89.20000,135.39999,189.30000,0.56609,403.76477
2025-06-22 02:52:08+07:00,25.60000,89.30000,135.70000,189.70000,0.53498,403.70398
2025-06-22 02:52:57+07:00,25.50000,89.50000,136.89999,194.89999,0.51447,403.71912
2025-06-22 02:53:46+07:00,25.40000,89.80000,137.20000,192.00000,0.51915,403.70398
2025-06-22 02:54:36+07:00,25.40000,90.10000,135.60001,187.20000,0.54629,403.74951
2025-06-22 02:55:25+07:00,25.30000,90.50000,132.60001,185.00000,0.53980,403.68890
2025-06-22 02:56:14+07:00,25.30000,90.90000,130.39999,184.50000,0.54142,403.82635
2025-06-22 02:57:04+07:00,25.30000,91.10000,128.80000,180.50000,0.49910,403.69644
2025-06-22 02:57:53+07:00,25.30000,90.70000,132.20000,187.80000,0.52071,403.74951
2025-06-22 02:58:43+07:00,25.40000,90.50000,138.89999,199.80000,0.50368,403.69644
2025-06-22 02:59:32+07:00,25.30000,90.50000,135.80000,195.80000,0.53980,403.70398
2025-06-22 03:00:21+07:00,25.30000,90.70000,135.39999,196.89999,0.53980,403.81860
2025-06-22 03:01:11+07:00,25.30000,90.70000,137.30000,201.70000,0.57451,403.75714
2025-06-22 03:02:00+07:00,25.20000,90.80000,142.39999,203.70000,0.53178,403.68140
2025-06-22 03:02:52+07:00,25.30000,90.90000,138.80000,198.10001,0.55119,403.79547
2025-06-22 03:03:42+07:00,25.20000,91.00000,134.39999,197.30000,0.52860,403.68890
2025-06-22 03:04:31+07:00,25.20000,90.90000,137.10001,199.39999,0.52544,403.65894
2025-06-22 03:05:21+07:00,25.20000,90.90000,136.50000,194.10001,0.52860,403.57010
2025-06-22 03:06:10+07:00,25.30000,91.10000,140.00000,206.10001,0.51136,403.71912
2025-06-22 03:07:00+07:00,25.20000,91.20000,139.20000,204.70000,0.54304,403.80316
2025-06-22 03:07:49+07:00,25.20000,91.30000,143.89999,213.30000,0.53658,403.72668
2025-06-22 03:08:41+07:00,25.20000,91.40000,138.10001,203.00000,0.54792,403.62170
2025-06-22 03:09:31+07:00,25.30000,91.50000,140.70000,208.89999,0.53178,403.65146
2025-06-22 03:10:25+07:00,25.30000,91.40000,140.80000,205.60001,0.50982,403.66641
2025-06-22 03:11:15+07:00,25.30000,91.30000,142.39999,207.80000,0.53980,403.71912
2025-06-22 03:12:04+07:00,25.30000,91.20000,136.89999,202.80000,0.53498,403.75714
2025-06-22 03:12:54+07:00,25.30000,91.10000,139.00000,202.70000,0.52702,403.81860
2025-06-22 03:13:45+07:00,25.30000,90.70000,133.00000,196.80000,0.54629,403.68140
2025-06-22 03:14:34+07:00,25.30000,90.60000,138.70000,200.70000,0.54955,403.57745
2025-06-22 03:15:24+07:00,25.30000,90.60000,135.70000,198.39999,0.52071,403.57010
2025-06-22 03:16:13+07:00,25.30000,90.50000,136.00000,201.60001,0.52386,403.68140
2025-06-22 03:17:02+07:00,25.30000,90.50000,137.60001,205.30000,0.54304,403.63657
2025-06-22 03:17:52+07:00,25.30000,90.40000,143.10001,208.50000,0.52228,403.63657
2025-06-22 03:18:44+07:00,25.40000,90.30000,137.20000,205.39999,0.51758,403.71912
2025-06-22 03:19:34+07:00,25.40000,90.00000,139.89999,209.30000,0.53658,403.54819
2025-06-22 03:20:23+07:00,25.30000,90.20000,135.10001,199.10001,0.51758,403.69644
2025-06-22 03:21:13+07:00,25.30000,90.40000,137.20000,200.60001,0.55612,403.62912
2025-06-22 03:22:02+07:00,25.30000,90.70000,137.50000,200.60001,0.54142,403.64401
2025-06-22 03:22:52+07:00,25.30000,90.90000,139.39999,203.50000,0.51291,403.57745
2025-06-22 03:23:41+07:00,25.20000,90.90000,140.00000,205.70000,0.53980,403.59952
2025-06-22 03:24:30+07:00,25.20000,91.10000,138.20000,197.70000,0.53658,403.63657
2025-06-22 03:25:20+07:00,25.20000,91.20000,134.30000,200.20000,0.53178,403.62912
2025-06-22 03:26:16+07:00,25.30000,91.30000,134.39999,200.50000,0.49608,403.58478
2025-06-22 03:27:08+07:00,25.20000,91.20000,136.50000,200.00000,0.52544,403.59213
2025-06-22 03:27:58+07:00,25.20000,91.10000,134.39999,193.30000,0.52071,403.54089
2025-06-22 03:28:47+07:00,25.30000,90.70000,134.80000,197.30000,0.54142,403.61429
2025-06-22 03:29:37+07:00,25.30000,90.70000,131.10001,193.39999,0.52386,403.59213
2025-06-22 03:30:28+07:00,25.40000,90.40000,135.50000,195.50000,0.49759,403.71912
2025-06-22 03:31:18+07:00,25.30000,90.60000,137.89999,200.20000,0.53819,403.54089
2025-06-22 03:32:07+07:00,25.40000,90.50000,135.00000,197.60001,0.48707,403.60690
2025-06-22 03:32:56+07:00,25.40000,90.40000,133.89999,191.50000,0.54142,403.68140
2025-06-22 03:33:46+07:00,25.40000,90.20000,133.80000,191.39999,0.54304,403.63657
2025-06-22 03:34:35+07:00,25.50000,90.00000,131.89999,195.30000,0.50674,403.59952
2025-06-22 03:35:25+07:00,25.40000,89.90000,132.60001,200.39999,0.51602,403.63657
2025-06-22 03:36:14+07:00,25.50000,90.10000,134.80000,196.80000,0.54629,403.63657
2025-06-22 03:37:03+07:00,25.40000,89.90000,134.50000,191.20000,0.51136,403.65894
2025-06-22 03:37:53+07:00,25.40000,90.00000,129.80000,188.30000,0.49306,403.51187
2025-06-22 03:38:42+07:00,25.40000,89.80000,130.39999,184.50000,0.55777,403.62170
2025-06-22 03:39:31+07:00,25.50000,89.60000,127.20000,185.60001,0.52228,403.60690
2025-06-22 03:40:21+07:00,25.50000,89.50000,130.89999,187.20000,0.55447,403.54089
2025-06-22 03:41:10+07:00,25.50000,89.40000,128.10001,186.20000,0.49608,403.56277
2025-06-22 03:41:59+07:00,25.50000,89.40000,128.10001,182.80000,0.49759,403.65894
2025-06-22 03:42:49+07:00,25.50000,89.40000,129.39999,180.89999,0.50521,403.62170
2025-06-22 03:43:42+07:00,25.60000,89.20000,129.00000,186.80000,0.50982,403.64401
2025-06-22 03:44:31+07:00,25.60000,89.10000,128.60001,184.39999,0.53819,403.62912
2025-06-22 03:45:21+07:00,25.50000,89.20000,128.39999,185.30000,0.57791,403.65146
2025-06-22 03:46:10+07:00,25.50000,89.30000,128.70000,186.00000,0.54304,403.59952
2025-06-22 03:46:59+07:00,25.40000,89.60000,125.00000,177.30000,0.50215,403.51910
2025-06-22 03:47:52+07:00,25.40000,89.60000,130.80000,187.60001,0.52386,403.52637
2025-06-22 03:48:41+07:00,25.50000,89.50000,128.60001,185.70000,0.51447,403.62170
2025-06-22 03:49:31+07:00,25.50000,89.50000,124.10000,180.89999,0.50215,403.58478
2025-06-22 03:50:20+07:00,25.50000,89.60000,123.20000,173.20000,0.52228,403.54089
2025-06-22 03:51:09+07:00,25.50000,89.60000,122.80000,169.50000,0.50521,403.56277
2025-06-22 03:51:59+07:00,25.50000,89.40000,119.60000,172.80000,0.49608,403.62170
2025-06-22 03:52:48+07:00,25.50000,89.30000,119.30000,166.30000,0.48558,403.64401
2025-06-22 03:53:38+07:00,25.50000,89.40000,122.30000,171.30000,0.51136,403.64401
2025-06-22 03:54:27+07:00,25.50000,89.60000,121.30000,170.00000,0.50674,403.53363
2025-06-22 03:55:21+07:00,25.50000,89.40000,123.80000,167.50000,0.53819,403.57010
2025-06-22 03:56:14+07:00,25.40000,89.70000,127.10000,175.89999,0.50982,403.52637
2025-06-22 03:57:09+07:00,25.40000,90.00000,123.20000,176.39999,0.49910,403.41177
2025-06-22 03:57:59+07:00,25.40000,90.00000,123.00000,173.39999,0.51291,403.65146
2025-06-22 03:58:49+07:00,25.40000,89.70000,123.90000,173.70000,0.52071,403.70398
2025-06-22 03:59:38+07:00,25.40000,90.00000,122.40000,174.10001,0.55612,403.57745
2025-06-22 04:00:28+07:00,25.40000,90.00000,124.50000,181.80000,0.52071,403.63657
2025-06-22 04:01:18+07:00,25.50000,89.90000,127.90000,179.20000,0.53178,403.63657
2025-06-22 04:02:07+07:00,25.50000,89.70000,125.00000,178.80000,0.58302,403.61429
2025-06-22 04:02:57+07:00,25.40000,89.90000,126.00000,176.80000,0.51447,403.54089
2025-06-22 04:03:47+07:00,25.40000,89.90000,123.80000,179.10001,0.49306,404.05646
2025-06-22 04:04:37+07:00,25.30000,90.00000,124.60000,176.10001,0.53338,403.54819
2025-06-22 04:06:23+07:00,25.30000,89.90000,130.80000,184.70000,0.52544,403.66641
2025-06-22 04:07:12+07:00,25.30000,89.80000,122.10000,177.20000,0.54466,403.61429
2025-06-22 04:08:02+07:00,25.30000,90.00000,123.30000,174.60001,0.49608,403.74188
2025-06-22 04:08:54+07:00,25.30000,90.10000,119.40000,170.70000,0.54466,403.56277
2025-06-22 04:09:44+07:00,25.30000,90.20000,116.80000,165.30000,0.53980,403.67389
2025-06-22 04:10:33+07:00,25.20000,90.50000,118.80000,164.80000,0.51915,403.57745
2025-06-22 04:11:23+07:00,25.20000,90.30000,120.40000,170.60001,0.54792,403.57010
2025-06-22 04:12:13+07:00,25.20000,90.40000,116.90000,170.10001,0.49457,403.64401
2025-06-22 04:13:03+07:00,25.20000,90.40000,124.00000,177.50000,0.53338,403.62912
2025-06-22 04:13:53+07:00,25.20000,90.70000,117.30000,162.10001,0.50828,403.63657
2025-06-22 04:14:42+07:00,25.10000,90.80000,119.50000,165.00000,0.53178,403.68890
2025-06-22 04:15:32+07:00,25.20000,90.80000,121.20000,168.39999,0.53498,403.62170
2025-06-22 04:16:26+07:00,25.10000,90.90000,123.10000,169.30000,0.50828,403.70398
2025-06-22 04:17:20+07:00,25.10000,91.10000,121.20000,167.80000,0.51447,403.74951
2025-06-22 04:18:10+07:00,25.10000,91.20000,121.20000,172.39999,0.49910,403.71155
2025-06-22 04:19:00+07:00,25.10000,91.20000,124.40000,175.89999,0.53819,403.52637
2025-06-22 04:19:50+07:00,25.10000,91.30000,117.00000,163.80000,0.51602,403.57745
2025-06-22 04:20:44+07:00,25.10000,91.30000,122.80000,175.50000,0.51915,403.62912
2025-06-22 04:21:34+07:00,25.10000,91.00000,124.40000,178.00000,0.52860,403.57010
2025-06-22 04:23:30+07:00,25.20000,90.70000,124.60000,177.50000,0.53338,403.55548
2025-06-22 04:25:28+07:00,25.20000,91.10000,127.10000,174.60001,0.52860,403.47586
2025-06-22 04:26:20+07:00,25.20000,91.00000,119.00000,169.70000,0.49608,403.62170
2025-06-22 04:27:13+07:00,25.20000,91.00000,117.80000,167.30000,0.53498,403.65146
2025-06-22 04:28:05+07:00,25.20000,90.80000,113.10000,154.39999,0.54304,403.65146
2025-06-22 04:28:54+07:00,25.20000,91.00000,111.20000,156.39999,0.54792,403.59213
2025-06-22 04:29:44+07:00,25.30000,90.00000,103.00000,139.20000,0.50368,403.61429
2025-06-22 04:30:34+07:00,25.30000,89.40000,102.80000,142.30000,0.55612,403.71912
2025-06-22 04:31:23+07:00,25.30000,89.90000,99.60000,132.70000,0.51602,403.67389
2025-06-22 04:32:22+07:00,25.30000,90.20000,90.10000,121.90000,0.53338,403.49023
2025-06-22 04:33:15+07:00,25.20000,89.90000,86.80000,115.30000,0.51291,403.59952
2025-06-22 04:34:05+07:00,25.20000,89.50000,88.50000,116.00000,0.51602,403.49744
2025-06-22 04:34:54+07:00,25.30000,89.20000,84.80000,112.70000,0.52071,403.49744
2025-06-22 04:35:44+07:00,25.30000,88.60000,87.10000,115.20000,0.49457,403.57010
2025-06-22 04:36:33+07:00,25.30000,89.10000,82.50000,108.60000,0.50828,403.51910
2025-06-22 04:37:23+07:00,25.30000,89.10000,84.70000,111.60000,0.51915,403.59213
2025-06-22 04:38:12+07:00,25.30000,89.20000,85.90000,114.50000,0.52544,403.43304
2025-06-22 04:39:02+07:00,25.20000,89.60000,87.90000,116.10000,0.50368,403.58478
2025-06-22 04:39:51+07:00,25.20000,89.80000,85.30000,110.30000,0.47527,403.56277
2025-06-22 04:40:40+07:00,25.20000,89.20000,86.80000,116.90000,0.50521,403.53363
2025-06-22 04:41:30+07:00,25.20000,89.80000,87.10000,116.60000,0.51136,403.56277
2025-06-22 04:42:19+07:00,25.20000,89.30000,86.80000,111.20000,0.48262,403.44012
2025-06-22 04:43:08+07:00,25.20000,89.00000,83.40000,108.60000,0.50982,403.51187
2025-06-22 04:43:58+07:00,25.30000,89.10000,78.90000,104.00000,0.49457,403.59213
2025-06-22 04:44:47+07:00,25.30000,88.00000,83.10000,107.80000,0.49759,403.68140
2025-06-22 04:45:36+07:00,25.30000,89.00000,83.80000,108.60000,0.50674,403.55548
2025-06-22 04:46:26+07:00,25.30000,89.30000,81.70000,102.30000,0.48707,403.46869
2025-06-22 04:47:15+07:00,25.30000,88.30000,81.00000,109.40000,0.54304,403.68140
2025-06-22 04:48:05+07:00,25.40000,88.60000,83.80000,111.40000,0.50215,403.62912
2025-06-22 04:48:54+07:00,25.30000,89.30000,83.70000,110.30000,0.51602,403.53363
2025-06-22 04:49:43+07:00,25.30000,88.40000,85.10000,119.00000,0.49306,403.62912
2025-06-22 04:50:33+07:00,25.30000,88.60000,86.80000,116.10000,0.51291,403.65894
2025-06-22 04:51:22+07:00,25.30000,89.00000,86.60000,119.70000,0.50062,403.54819
2025-06-22 04:52:12+07:00,25.30000,89.30000,87.50000,120.20000,0.50062,403.53363
2025-06-22 04:53:01+07:00,25.20000,89.50000,91.10000,137.10001,0.50062,403.59213
2025-06-22 04:53:50+07:00,25.30000,89.40000,88.20000,125.90000,0.50215,403.51910
2025-06-22 04:54:40+07:00,25.30000,89.30000,86.30000,122.20000,0.49457,403.54089
2025-06-22 04:55:32+07:00,25.30000,89.20000,85.90000,120.20000,0.55612,403.55548
2025-06-22 04:56:22+07:00,25.30000,89.60000,85.60000,115.20000,0.49457,403.43304
2025-06-22 04:57:11+07:00,25.30000,89.40000,86.10000,116.60000,0.53498,403.43304
2025-06-22 04:58:01+07:00,25.20000,89.60000,82.90000,115.60000,0.51447,403.51187
2025-06-22 04:58:50+07:00,25.20000,89.50000,81.80000,118.40000,0.49910,403.58478
2025-06-22 04:59:43+07:00,25.30000,89.40000,86.00000,118.30000,0.50368,403.53363
2025-06-22 05:00:34+07:00,25.20000,89.70000,83.90000,115.00000,0.49910,403.41885
2025-06-22 05:01:24+07:00,25.20000,90.00000,83.80000,114.40000,0.52860,403.40472
2025-06-22 05:02:13+07:00,25.20000,90.00000,83.30000,117.60000,0.49457,403.51910
2025-06-22 05:03:02+07:00,25.10000,90.20000,85.00000,117.80000,0.50062,403.55548
2025-06-22 05:03:52+07:00,25.10000,90.10000,84.10000,110.30000,0.49006,403.49744
2025-06-22 05:04:41+07:00,25.20000,89.50000,83.00000,116.90000,0.49759,403.50464
2025-06-22 05:05:30+07:00,25.20000,89.90000,85.00000,115.60000,0.49910,403.53363
2025-06-22 05:06:20+07:00,25.20000,89.90000,83.90000,112.40000,0.49759,403.49023
2025-06-22 05:07:10+07:00,25.20000,89.80000,87.30000,118.40000,0.48114,403.51187
2025-06-22 05:07:59+07:00,25.20000,89.80000,84.20000,115.30000,0.50368,403.54819
2025-06-22 05:08:48+07:00,25.20000,90.00000,84.40000,114.50000,0.52386,403.57745
2025-06-22 05:09:38+07:00,25.20000,89.90000,86.90000,116.50000,0.50521,403.57010
2025-06-22 05:10:27+07:00,25.10000,90.10000,87.00000,121.90000,0.52860,403.45438
2025-06-22 05:11:16+07:00,25.10000,90.30000,87.00000,119.00000,0.51291,403.44727
2025-06-22 05:12:06+07:00,25.00000,90.50000,80.10000,105.90000,0.50215,403.43304
2025-06-22 05:12:56+07:00,25.00000,90.50000,83.10000,117.90000,0.51758,403.50464
2025-06-22 05:13:45+07:00,25.00000,90.70000,86.80000,115.50000,0.47967,403.59213
2025-06-22 05:14:35+07:00,25.00000,90.90000,86.50000,112.00000,0.49006,403.49744
2025-06-22 05:15:24+07:00,25.00000,90.90000,85.10000,113.10000,0.49156,403.41177
2025-06-22 05:16:14+07:00,25.00000,90.90000,87.40000,113.10000,0.49759,403.74951
2025-06-22 05:17:03+07:00,25.00000,91.20000,87.90000,113.60000,0.49006,403.46869
2025-06-22 05:17:52+07:00,24.90000,91.50000,84.60000,119.30000,0.48262,403.55548
2025-06-22 05:18:42+07:00,24.90000,91.60000,89.40000,115.40000,0.50982,403.59213
2025-06-22 05:19:33+07:00,24.90000,91.60000,88.30000,116.10000,0.49006,403.44727
2025-06-22 05:20:22+07:00,25.00000,91.20000,86.70000,115.00000,0.51758,403.47586
2025-06-22 05:21:12+07:00,25.00000,91.00000,89.50000,116.10000,0.50828,403.45438
2025-06-22 05:22:01+07:00,25.00000,91.00000,86.20000,109.00000,0.49306,403.68890
2025-06-22 05:22:51+07:00,24.90000,91.10000,87.80000,113.40000,0.48707,403.62170
2025-06-22 05:23:40+07:00,24.90000,91.10000,86.90000,114.30000,0.48262,403.51187
2025-06-22 05:24:30+07:00,24.90000,91.20000,84.20000,112.60000,0.50062,403.62170
2025-06-22 05:25:22+07:00,25.00000,91.10000,87.50000,114.50000,0.48856,403.49023
2025-06-22 05:26:12+07:00,25.00000,91.10000,82.80000,109.30000,0.51291,403.54089
2025-06-22 05:27:01+07:00,25.00000,91.20000,86.00000,115.40000,0.49910,403.58478
2025-06-22 05:27:54+07:00,25.00000,91.20000,87.90000,113.60000,0.49759,403.51187
2025-06-22 05:28:43+07:00,25.00000,91.00000,86.20000,112.90000,0.47967,403.45438
2025-06-22 05:29:33+07:00,25.10000,91.00000,88.40000,118.30000,0.48856,403.70398
2025-06-22 05:30:22+07:00,25.10000,90.90000,86.70000,118.80000,0.51291,403.49744
2025-06-22 05:31:12+07:00,25.20000,90.40000,89.20000,117.60000,0.49759,403.57010
2025-06-22 05:32:01+07:00,25.10000,90.40000,87.00000,116.60000,0.49608,403.59952
2025-06-22 05:32:51+07:00,25.10000,90.30000,87.20000,114.30000,0.51915,403.57745
2025-06-22 05:33:43+07:00,25.10000,90.40000,90.30000,120.30000,0.49306,403.51910
2025-06-22 05:34:33+07:00,25.20000,90.30000,87.40000,113.20000,0.48856,403.55548
2025-06-22 05:35:22+07:00,25.20000,90.00000,87.10000,118.40000,0.54792,403.65146
2025-06-22 05:36:11+07:00,25.30000,90.00000,95.00000,126.00000,0.51136,403.70398
2025-06-22 05:37:01+07:00,25.30000,89.50000,93.80000,120.80000,0.50062,403.52637
2025-06-22 05:37:50+07:00,25.20000,89.40000,89.40000,115.70000,0.49156,403.56277
2025-06-22 05:38:40+07:00,25.20000,89.70000,93.60000,123.30000,0.50982,403.59952
2025-06-22 05:39:32+07:00,25.10000,89.60000,95.00000,121.20000,0.53178,403.51910
2025-06-22 05:40:22+07:00,25.10000,89.80000,90.80000,119.40000,0.49006,403.54089
2025-06-22 05:41:16+07:00,25.10000,89.70000,90.90000,116.90000,0.50982,403.61429
2025-06-22 05:42:05+07:00,25.10000,89.90000,95.10000,121.30000,0.50368,403.52637
2025-06-22 05:42:55+07:00,25.00000,90.10000,93.60000,117.20000,0.51758,403.59213
2025-06-22 05:43:44+07:00,24.90000,90.30000,94.30000,122.10000,0.50521,403.44727
2025-06-22 05:44:33+07:00,25.00000,90.30000,89.80000,118.80000,0.46800,403.49744
2025-06-22 05:45:23+07:00,25.00000,90.20000,92.40000,119.20000,0.53338,403.52637
2025-06-22 05:46:12+07:00,25.00000,90.10000,93.50000,119.70000,0.50521,403.60690
2025-06-22 05:47:02+07:00,25.10000,90.00000,92.90000,120.10000,0.51602,403.59213
2025-06-22 05:47:51+07:00,25.10000,89.80000,93.50000,122.20000,0.49306,403.57010
2025-06-22 05:48:41+07:00,25.10000,90.00000,95.00000,123.10000,0.51602,403.43304
2025-06-22 05:49:30+07:00,25.10000,90.00000,94.30000,128.30000,0.49457,403.59952
2025-06-22 05:50:20+07:00,25.10000,89.90000,89.70000,117.70000,0.51291,403.57745
2025-06-22 05:51:09+07:00,25.10000,90.00000,87.20000,116.40000,0.49910,403.53363
2025-06-22 05:51:58+07:00,25.10000,90.20000,88.90000,118.90000,0.50828,403.51187
2025-06-22 05:52:48+07:00,25.10000,90.30000,86.20000,118.80000,0.47381,403.62912
2025-06-22 05:53:37+07:00,25.10000,90.30000,89.70000,119.90000,0.49306,403.63657
2025-06-22 05:54:27+07:00,25.10000,90.10000,90.00000,114.00000,0.49608,403.56277
2025-06-22 05:55:16+07:00,25.10000,90.10000,85.90000,113.40000,0.51915,403.63657
2025-06-22 05:56:05+07:00,25.20000,90.10000,87.70000,118.30000,0.50521,403.59952
2025-06-22 05:56:55+07:00,25.20000,89.70000,90.10000,118.90000,0.50215,403.54819
2025-06-22 05:57:44+07:00,25.20000,89.80000,87.00000,119.70000,0.52544,403.61429
2025-06-22 05:58:34+07:00,25.30000,89.70000,88.50000,119.70000,0.52071,403.69644
2025-06-22 05:59:23+07:00,25.20000,90.00000,89.40000,120.40000,0.51447,403.71155
2025-06-22 06:00:12+07:00,25.20000,89.90000,87.40000,114.90000,0.52071,403.62170
2025-06-22 06:01:02+07:00,25.20000,89.90000,90.30000,117.80000,0.49608,403.63657
2025-06-22 06:01:51+07:00,25.20000,89.70000,89.20000,117.30000,0.51136,403.66641
2025-06-22 06:02:40+07:00,25.20000,89.70000,87.30000,114.50000,0.54629,403.65894
2025-06-22 06:03:30+07:00,25.20000,89.70000,90.10000,118.50000,0.52386,403.43304
2025-06-22 06:04:19+07:00,25.20000,89.70000,91.50000,116.40000,0.54955,403.68140
2025-06-22 06:05:09+07:00,25.20000,89.60000,90.10000,117.10000,0.50062,403.56277
2025-06-22 06:05:58+07:00,25.10000,89.80000,90.90000,120.80000,0.48707,403.60690
2025-06-22 06:06:47+07:00,25.10000,89.80000,88.30000,116.80000,0.52386,403.63657
2025-06-22 06:07:37+07:00,25.10000,90.00000,86.20000,118.10000,0.51291,403.66641
2025-06-22 06:08:26+07:00,25.10000,89.80000,87.60000,114.50000,0.51291,403.42593
2025-06-22 06:09:15+07:00,25.00000,90.20000,88.20000,118.90000,0.52544,403.74188
2025-06-22 06:10:05+07:00,25.00000,90.10000,86.90000,112.50000,0.51136,403.61429
2025-06-22 06:10:54+07:00,25.00000,90.20000,85.30000,116.60000,0.51291,403.66641
2025-06-22 06:11:43+07:00,25.10000,89.90000,83.50000,111.20000,0.53019,403.63657
2025-06-22 06:12:33+07:00,25.10000,89.70000,85.40000,112.80000,0.52544,403.69644
2025-06-22 06:13:22+07:00,25.10000,89.60000,85.10000,110.80000,0.52071,403.69644
2025-06-22 06:14:12+07:00,25.10000,89.70000,82.90000,111.30000,0.53178,403.67389
2025-06-22 06:15:01+07:00,25.10000,89.70000,82.90000,110.60000,0.53498,403.67389
2025-06-22 06:15:51+07:00,25.10000,89.40000,79.40000,104.80000,0.53338,403.72668
2025-06-22 06:16:40+07:00,25.10000,89.40000,83.30000,108.70000,0.51136,403.72668
2025-06-22 06:17:29+07:00,25.10000,89.30000,83.40000,113.20000,0.52544,403.73428
2025-06-22 06:18:19+07:00,25.10000,89.30000,83.30000,110.50000,0.52544,403.98389
2025-06-22 06:19:08+07:00,25.10000,89.10000,80.60000,108.60000,0.53658,403.66641
2025-06-22 06:19:58+07:00,25.10000,89.20000,80.80000,107.70000,0.53338,403.78009
2025-06-22 06:20:47+07:00,25.10000,89.00000,83.70000,114.70000,0.50062,403.66641
2025-06-22 06:21:36+07:00,25.10000,89.20000,80.70000,109.20000,0.51915,403.73428
2025-06-22 06:22:26+07:00,25.10000,89.10000,83.20000,113.90000,0.53980,403.74951
2025-06-22 06:23:15+07:00,25.10000,89.10000,82.70000,112.50000,0.53819,403.81088
2025-06-22 06:24:05+07:00,25.10000,89.00000,82.40000,113.90000,0.51758,403.84967
2025-06-22 06:24:54+07:00,25.20000,88.90000,84.20000,118.30000,0.52071,403.87308
2025-06-22 06:25:45+07:00,25.20000,88.80000,86.10000,125.20000,0.52860,403.83411
2025-06-22 06:26:35+07:00,25.10000,88.90000,87.50000,122.10000,0.50982,403.76477
2025-06-22 06:27:24+07:00,25.10000,89.00000,85.30000,121.10000,0.53980,403.81088
2025-06-22 06:28:13+07:00,25.00000,89.30000,86.60000,124.00000,0.52228,403.88873
2025-06-22 06:29:03+07:00,25.00000,89.20000,84.70000,119.20000,0.55283,403.60690
2025-06-22 06:29:52+07:00,25.00000,89.50000,84.40000,116.20000,0.52228,403.86526
2025-06-22 06:30:41+07:00,25.00000,89.60000,84.20000,116.00000,0.56777,403.70398
2025-06-22 06:31:31+07:00,25.10000,89.30000,84.70000,115.80000,0.56777,403.88873
2025-06-22 06:32:20+07:00,25.00000,89.60000,85.70000,118.60000,0.57621,403.88092
2025-06-22 06:33:10+07:00,25.00000,89.80000,86.90000,118.60000,0.55447,403.86526
2025-06-22 06:33:59+07:00,25.00000,90.00000,85.30000,118.20000,0.55777,403.78009
2025-06-22 06:34:49+07:00,25.00000,89.70000,85.50000,117.30000,0.56442,403.78778
2025-06-22 06:35:38+07:00,25.00000,89.50000,87.70000,117.90000,0.55612,403.84967
2025-06-22 06:36:27+07:00,25.00000,89.70000,84.60000,114.20000,0.49910,403.88873
2025-06-22 06:37:17+07:00,25.00000,90.00000,86.10000,121.40000,0.55612,403.75714
2025-06-22 06:38:06+07:00,25.00000,90.00000,83.90000,114.90000,0.55119,403.88873
2025-06-22 06:38:55+07:00,25.00000,89.70000,84.60000,113.30000,0.56945,403.95197
2025-06-22 06:39:45+07:00,25.10000,89.40000,88.20000,119.80000,0.53338,403.81860
2025-06-22 06:40:34+07:00,25.10000,89.20000,86.60000,121.40000,0.57451,403.78778
2025-06-22 06:41:24+07:00,25.10000,89.20000,87.20000,116.70000,0.52860,403.89661
2025-06-22 06:42:13+07:00,25.10000,89.10000,89.40000,124.40000,0.55612,403.85745
2025-06-22 06:43:03+07:00,25.20000,89.00000,79.00000,112.40000,0.54629,403.88092
2025-06-22 06:43:52+07:00,25.10000,89.10000,83.90000,115.60000,0.53980,403.81088
2025-06-22 06:44:41+07:00,25.10000,89.30000,84.20000,114.50000,0.53658,403.87308
2025-06-22 06:45:31+07:00,25.00000,89.40000,82.70000,114.50000,0.56109,404.03214
2025-06-22 06:46:20+07:00,25.00000,89.70000,83.80000,111.10000,0.53178,403.78009
2025-06-22 06:47:10+07:00,24.90000,89.80000,83.20000,107.30000,0.58131,403.78009
2025-06-22 06:47:59+07:00,24.90000,90.10000,81.50000,107.00000,0.57113,403.88092
2025-06-22 06:48:49+07:00,24.90000,90.00000,82.30000,114.30000,0.54629,403.84967
2025-06-22 06:49:38+07:00,24.90000,90.20000,81.80000,109.50000,0.53819,403.82635
2025-06-22 06:50:28+07:00,24.90000,90.40000,80.90000,108.80000,0.57961,403.77243
2025-06-22 06:51:17+07:00,24.90000,90.30000,82.90000,110.30000,0.52386,403.94400
2025-06-22 06:52:07+07:00,25.00000,89.90000,83.10000,111.70000,0.52071,403.98389
2025-06-22 06:52:56+07:00,25.10000,89.90000,83.60000,109.70000,0.54792,403.89661
2025-06-22 06:53:46+07:00,25.10000,90.00000,84.80000,114.40000,0.57791,404.14658
2025-06-22 06:54:35+07:00,25.00000,90.20000,85.80000,117.00000,0.55777,404.31464
2025-06-22 06:55:25+07:00,25.00000,90.30000,80.20000,105.70000,0.58818,404.24677
2025-06-22 06:56:14+07:00,25.10000,90.00000,73.40000,100.30000,0.53338,404.14658
2025-06-22 06:57:03+07:00,25.20000,88.90000,79.70000,111.20000,0.55777,404.04834
2025-06-22 06:57:53+07:00,25.20000,88.50000,84.10000,115.30000,0.55777,403.86526
2025-06-22 06:58:42+07:00,25.20000,88.50000,82.10000,111.20000,0.58302,403.80316
2025-06-22 06:59:32+07:00,25.20000,88.70000,79.10000,111.50000,0.55612,403.77243
